step,t_start,t_end,h,t_start_exact,t_end_exact,safety_check_passed,queue_size,queue_reset_count,published_endpoint_x_lo,published_endpoint_x_hi,published_endpoint_y_lo,published_endpoint_y_hi,common_endpoint_x_lo,common_endpoint_x_hi,common_endpoint_y_lo,common_endpoint_y_hi,published_tube_x_lo,published_tube_x_hi,published_tube_y_lo,published_tube_y_hi,common_tube_x_lo,common_tube_x_hi,common_tube_y_lo,common_tube_y_hi
1,0.0,0.02,0.02,0,5764607523034235/288230376151711744,True,1,0,1.5127036632418787,1.5587985840817924,2.9323283041647143,2.975459354504746,1.5127036632418815,1.5587985840817895,2.9323283041647192,2.9754593545047405,1.4769643301053195,1.5587997814190342,2.93041534373559,3.0234653712337343,1.4769643301053283,1.5587997814190253,2.9304153437356084,3.023465371233715
2,0.02,0.04,0.02,5764607523034235/288230376151711744,5764607523034235/144115188075855872,True,2,0,1.5463761512597176,1.5995568289904463,2.882151718027856,2.929036268761628,1.5463761512597205,1.5995568289904432,2.8821517180278615,2.9290362687616223,1.5091610849669643,1.599560475664733,2.879988090442659,2.9794957467883094,1.5091610849669732,1.5995604756647237,2.8799880904426773,2.9794957467882908
3,0.04,0.06,0.02,5764607523034235/144115188075855872,17293822569102705/288230376151711744,True,3,0,1.5812330143145414,1.6420417716863276,2.8296820619328633,2.880477517200108,1.5812330143145443,1.6420417716863247,2.829682061932869,2.8804775172001023,1.542558504555239,1.642050100228244,2.82723976496597,2.933429250009568,1.5425585045552481,1.6420501002282346,2.827239764965989,2.9334292500095502
4,0.06,0.08,0.02,17293822569102705/288230376151711744,5764607523034235/72057594037927936,True,4,0,1.6172348433671606,1.6862124799735374,2.7749418026833594,2.8297835083504186,1.6172348433671637,1.6862124799735343,2.7749418026833657,2.829783508350413,1.5771400487046197,1.6862265640478284,2.7721880313653253,2.8852488009853534,1.5771400487046283,1.6862265640478198,2.7721880313653426,2.885248800985335
5,0.08,0.1,0.02,5764607523034235/72057594037927936,28823037615171175/288230376151711744,True,5,0,1.654323576054368,1.7319953954935234,2.717984429542491,2.776977016553929,1.654323576054371,1.7319953954935206,2.7179844295424975,2.7769770165539223,1.612873183600804,1.7320163996256255,2.7148885952469546,2.8349482840988482,1.6128731836008134,1.7320163996256164,2.714888595246973,2.834948284098829
6,0.1,0.12,0.02,28823037615171175/288230376151711744,17293822569102705/144115188075855872,True,6,0,1.6924201921285364,1.7792786458552614,2.6588996222700265,2.72210711110098,1.6924201921285393,1.7792786458552583,2.6588996222700327,2.722107111100974,1.6497084277421035,1.7793078016632742,2.655431148554631,2.7825455441356635,1.6497084277421128,1.7793078016632646,2.6554311485546487,2.7825455441356457
7,0.12,0.14,0.02,17293822569102705/144115188075855872,40352252661239645/288230376151711744,True,7,0,1.7314225405126513,1.827906483953842,2.5978182301679418,2.6652531734046794,1.731422540512654,1.8279064839538393,2.597818230167947,2.6652531734046736,1.6875771061125615,1.8279450093106397,2.593947553205131,2.728083249990641,1.6875771061125706,1.8279450093106304,2.59394755320515,2.728083249990622
8,0.14,0.16,0.02,40352252661239645/288230376151711744,5764607523034235/36028797018963968,True,8,0,1.7712034662823395,1.8776742320575164,2.5349167301435727,2.606528776792372,1.7712034662823424,1.8776742320575135,2.5349167301435784,2.606528776792366,1.7263887420449675,1.877723581961918,2.5306167297875257,2.671632673626508,1.7263887420449764,1.877723581961909,2.5306167297875435,2.6716326736264904
9,0.16,0.18,0.02,5764607523034235/36028797018963968,51881467707308115/288230376151711744,True,9,0,1.8116093808123521,1.928324270576033,2.4704206980014884,2.5460851920110756,1.8116093808123552,1.92832427057603,2.470420698001494,2.54608519201107,1.766028884493343,1.9283863901391307,2.46566822587049,2.6132977770585266,1.7660288844933523,1.9283863901391212,2.465668225870507,2.6132977770585084
10,0.18,0.2,0.02,51881467707308115/288230376151711744,28823037615171175/144115188075855872,True,10,0,1.8524594000763894,1.9795437211459983,2.404606745304977,2.484114247911486,1.8524594000763923,1.9795437211459952,2.404606745304983,2.48411424791148,1.8063588329886926,1.9796195831350432,2.399383589261432,2.5532197217920163,1.8063588329887017,1.9796195831350343,2.3993835892614506,2.5532197217919976
11,0.2,0.22,0.02,28823037615171175/144115188075855872,63410682753376585/288230376151711744,True,11,0,1.8935452559153152,2.030964446495234,2.3378024228308516,2.420850174338819,1.8935452559153183,2.030964446495229,2.337802422830858,2.420850174338813,1.8472120316113918,2.0310545655199586,2.3320997966901773,2.491576710187341,1.8472120316114005,2.0310545655199452,2.332099796690195,2.4915767101873225
12,0.22,0.24,0.02,63410682753376585/288230376151711744,17293822569102705/72057594037927936,True,12,0,1.9346316371377177,2.0821665111580105,2.270383501561498,2.356570137567086,1.934631637137722,2.0821665111580048,2.270383501561504,2.35657013756708,1.888340216037718,2.08232371751359,2.2642033334431493,2.4285896745225357,1.8883402160377267,2.082323717513572,2.264203333443168,2.4285896745225166
13,0.24,0.26,0.02,17293822569102705/72057594037927936,74939897799445055/288230376151711744,True,13,0,1.9754535547226004,2.1326891596555995,2.2027632941750888,2.2915980744790168,1.9754535547226042,2.132689159655593,2.202763294175094,2.291598074479011,1.9294373209580002,2.1330425766722443,2.196119506899518,2.3645284333402583,1.9294373209580127,2.1330425766722265,2.1961195068995356,2.3645284333402405
14,0.26,0.28,0.02,74939897799445055/288230376151711744,40352252661239645/144115188075855872,True,14,0,2.015368368654769,2.1823930755970893,2.1318137788465834,2.2298705610756375,2.0153683686547756,2.182393075597083,2.1318137788465896,2.229870561075631,1.969935763721596,2.1830254040260724,2.124048289276196,2.303965384291314,1.9699357637216086,2.183025404026055,2.124048289276214,2.303965384291296
15,0.28,0.3,0.02,40352252661239645/144115188075855872,86469112845513525/288230376151711744,True,15,0,2.0543436497737635,2.2304877472056006,2.0609930126384364,2.168795162031814,2.0543436497737693,2.2304877472055944,2.0609930126384417,2.168795162031808,2.009888377837654,2.231416060566029,2.051774483450986,2.243953674685375,2.009888377837671,2.2314160605660116,2.0517744834510037,2.2439536746853572
16,0.3,0.32,0.02,86469112845513525/288230376151711744,5764607523034235/18014398509481984,True,16,0,2.0921324618485437,2.276380717090723,1.9914571630264635,2.1081144219288905,2.092132461848549,2.2763807170907175,1.9914571630264675,2.1081144219288843,2.049065944129263,2.277612857513329,1.9806930734877168,2.183980226306,2.04906594412928,2.2776128575133128,1.9806930734877277,2.183980226305982
17,0.32,0.34,0.02,5764607523034235/18014398509481984,97998327891581995/288230376151711744,True,17,0,2.1283361807053782,2.319640566947612,1.9237025925891773,2.048238061297917,2.128336180705384,2.3196405669476063,1.92370259258918,2.048238061297911,2.0870752144240723,2.3211747189721983,1.9114074345984253,2.124343663939195,2.08707521442409,2.321174718972181,1.9114074345984347,2.124343663939178
18,0.34,0.36,0.02,97998327891581995/288230376151711744,51881467707308115/144115188075855872,True,18,0,2.1626572075595054,2.359770246322751,1.8581975293579662,1.98958483314381,2.162657207559511,2.3597702463227455,1.8581975293579693,1.9895848331438066,2.1236122871731347,2.361593006117755,1.844430048309788,2.065428234604078,2.1236122871731538,2.361593006117736,1.8444300483097975,2.0654282346040618
19,0.36,0.38,0.02,51881467707308115/144115188075855872,109527542937650465/288230376151711744,True,19,0,2.1947339806674115,2.3964000804543413,1.7953832640437637,1.9325523081722493,2.1947339806674173,2.396400080454335,1.7953832640437666,1.9325523081722462,2.1582951105502097,2.398487139284575,1.7802398750515025,2.007617584528193,2.158295110550229,2.398487139284556,1.780239875051511,2.007617584528178
20,0.38,0.4,0.02,109527542937650465/288230376151711744,28823037615171175/72057594037927936,True,20,0,2.2244038227136733,2.429048268617819,1.7357247157569304,1.8774414689266072,2.2244038227136795,2.429048268617813,1.735724715756933,1.8774414689266046,2.1909278215402637,2.4313647224214368,1.7193499765932643,1.9512014393282036,2.1909278215402828,2.4313647224214177,1.7193499765932727,1.9512014393281951
21,0.4,0.42,0.02,28823037615171175/72057594037927936,121056757983718935/288230376151711744,True,21,0,2.2514317993983153,2.457414253111513,1.6796088044300699,1.8245341276760993,2.251431799398322,2.457414253111507,1.6796088044300728,1.8245341276760965,2.221229417288996,2.4599171630873804,1.6621907804221,1.89646629470574,2.2212294172890137,2.4599171630873626,1.6621907804221079,1.8964662947057318
22,0.42,0.44,0.02,121056757983718935/288230376151711744,63410682753376585/144115188075855872,True,22,0,2.2756133116889767,2.481290576290121,1.6273071894473352,1.7741134196299173,2.2756133116889825,2.4812905762901147,1.6273071894473377,1.7741134196299146,2.248908584866193,2.483962108743519,1.6090601406839817,1.8437259498936551,2.2489085848662116,2.483962108743501,1.609060140683991,1.843725949893646
23,0.44,0.46,0.02,63410682753376585/144115188075855872,132585973029787405/288230376151711744,True,23,0,2.296672575923119,2.5006732984557893,1.578997900902493,1.7264307090832733,2.2966725759231252,2.500673298455783,1.5789979009024964,1.7264307090832702,2.2736129605411595,2.5035063649158276,1.5601518421559786,1.7932783794536735,2.2736129605411763,2.5035063649158102,1.560151842155988,1.7932783794536642
24,0.46,0.48,0.02,132585973029787405/288230376151711744,17293822569102705/36028797018963968,True,24,0,2.3143503855799974,2.5156753768137556,1.5346747198224409,1.6817924124726142,2.314350385580004,2.515675376813749,1.5346747198224433,1.6817924124726116,2.2950581209365133,2.5186214480783202,1.515427504374603,1.7455266795250999,2.295058120936531,2.5186214480783025,1.5154275043746115,1.7455266795250914
25,0.48,0.5,0.02,17293822569102705/36028797018963968,144115188075855875/288230376151711744,True,25,0,2.328785622423778,2.526138612483592,1.4943018898150333,1.6404092187583248,2.3287856224237844,2.526138612483586,1.4943018898150364,1.6404092187583215,2.3133166101779694,2.5291512127773785,1.4747750312506243,1.7008213380173733,2.3133166101779876,2.5291512127773594,1.4747750312506334,1.7008213380173642
26,0.5,0.52,0.02,144115188075855875/288230376151711744,74939897799445055/144115188075855872,True,26,0,2.339967930626518,2.5321733640959825,1.4580335769218544,1.6021817361922592,2.339967930626525,2.532173364095976,1.4580335769218573,1.6021817361922563,2.328308964192274,2.535215930843905,1.4384471374002787,1.6590240235001603,2.3283089641922916,2.5352159308438873,1.4384471374002876,1.6590240235001512
27,0.52,0.54,0.02,74939897799445055/144115188075855872,155644403121924345/288230376151711744,True,27,0,2.3478864833934203,2.533994778002369,1.4257700892365714,1.5671570539793724,2.347886483393427,2.5339947780023624,1.4257700892365741,1.5671570539793698,2.3399820427809837,2.5370210098881945,1.4063171640877667,1.620262373286159,2.339982042781003,2.5370210098881754,1.4063171640877756,1.6202623732861499
28,0.54,0.56,0.02,155644403121924345/288230376151711744,40352252661239645/72057594037927936,True,28,0,2.3526273281612347,2.5318080294637175,1.3973423549648722,1.5353597668396781,2.352627328161241,2.5318080294637113,1.3973423549648754,1.5353597668396752,2.3483738339380356,2.5347760887514847,1.3781920846737565,1.5846310199845521,2.348373833938053,2.534776088751468,1.3781920846737654,1.5846310199845433
29,0.56,0.58,0.02,40352252661239645/72057594037927936,167173618167992815/288230376151711744,True,29,0,2.354291779446105,2.5258721201164502,1.3726150617951236,1.5067050784550733,2.354291779446111,2.5258721201164436,1.372615061795127,1.5067050784550702,2.3530886135610487,2.5292026582040115,1.3539271605791983,1.5520924120840098,2.3530886135610674,2.529202658203993,1.353927160579207,1.552092412084001
30,0.58,0.6,0.02,167173618167992815/288230376151711744,86469112845513525/144115188075855872,True,30,0,2.352998822157912,2.5164794511103237,1.3513869333205646,1.481115348115949,2.3529988221579177,2.5164794511103175,1.3513869333205677,1.481115348115946,2.3518098855114036,2.5230030543396595,1.3332924530143908,1.522626986840337,2.351809885511422,2.523003054339642,1.3332924530144001,1.5226269868403282
31,0.6,0.62,0.02,86469112845513525/144115188075855872,178702833214061285/288230376151711744,True,31,0,2.3488866918289446,2.5039372717131605,1.3334390424440756,1.458487898721096,2.348886691828951,2.5039372717131543,1.3334390424440785,1.4584878987210932,2.347727537130087,2.5134157904912167,1.3160424221739062,1.496180058529124,2.3477275371301056,2.5134157904911985,1.3160424221739146,1.4961800585291154
32,0.62,0.64,0.02,178702833214061285/288230376151711744,5764607523034235/9007199254740992,True,32,0,2.3420992584636586,2.4885661737159355,1.3185418528802992,1.438702568215604,2.3420992584636644,2.4885661737159297,1.3185418528803023,1.438702568215601,2.3409822428743072,2.500755143257045,1.3019214430603103,1.4726716233469905,2.340982242874325,2.5007551432570274,1.301921443060319,1.4726716233469817
33,0.64,0.66,0.02,5764607523034235/9007199254740992,190232048260129755/288230376151711744,True,33,0,2.332824350864571,2.4706486844548405,1.3064546291071835,1.4216351400498284,2.3328243508645765,2.4706486844548348,1.3064546291071863,1.4216351400498255,2.3317587458950046,2.485303697740514,1.2906605382076781,1.4520134168422434,2.331758745895022,2.4853036977404956,1.2906605382076868,1.4520134168422345
34,0.66,0.68,0.02,190232048260129755/288230376151711744,97998327891581995/144115188075855872,True,34,0,2.3212426422198855,2.4504698828592733,1.2969705686802473,1.4071226863469581,2.3212426422198917,2.450469882859267,1.2969705686802508,1.4071226863469546,2.320235114210267,2.467351424948892,1.2820354166024608,1.4340624005228004,2.320235114210284,2.4673514249488746,1.2820354166024703,1.434062400522791
35,0.68,0.7000000000000001,0.02,97998327891581995/144115188075855872,201761263306198225/288230376151711744,True,35,0,2.307528243300857,2.428308491336686,1.2898742270940164,1.395014642565145,2.3075282433008626,2.42830849133668,1.289874227094019,1.3950146425651424,2.306581888314359,2.447187069893045,1.275811886636487,1.4186849030936952,2.306581888314378,2.447187069893026,1.275811886636496,1.4186849030936866
36,0.7000000000000001,0.72,0.02,201761263306198225/288230376151711744,51881467707308115/72057594037927936,True,36,0,2.29186789623019,2.4044114262941787,1.284958527117132,1.3851623876638899,2.291867896230196,2.4044114262941725,1.2849585271171349,1.3851623876638872,2.2909842509216416,2.4250686622183597,1.271766450101446,1.4057436073933751,2.290984250921659,2.425068662218342,1.2717664501014552,1.4057436073933658
37,0.72,0.74,0.02,51881467707308115/72057594037927936,213290478352266695/288230376151711744,True,37,0,2.2744412034675734,2.37900929282795,1.2820339902395061,1.3774147047123355,2.2744412034675796,2.3790092928279436,1.282033990239509,1.3774147047123324,2.2736212125001796,2.40123911601184,1.2696960801973152,1.3950933503586982,2.2736212125001978,2.4012391160118214,1.2696960801973247,1.3950933503586889
38,0.74,0.76,0.02,213290478352266695/288230376151711744,109527542937650465/144115188075855872,True,38,0,2.2554186990555682,2.3523155789303702,1.2809278185415889,1.3716219336631292,2.255418699055574,2.352315578930364,1.280927818541592,1.3716219336631261,2.2546619061081006,2.3759264061092744,1.269420824838705,1.3865825135969634,2.2546619061081183,2.3759264061092567,1.2694208248387144,1.3865825135969543
39,0.76,0.78,0.02,109527542937650465/144115188075855872,224819693398335165/288230376151711744,True,39,0,2.2349656566445866,2.324521404002643,1.2814774024074966,1.3676444485737083,2.2349656566445923,2.3245214040026374,1.2814774024074997,1.3676444485737052,2.2342704778191886,2.34933658631188,1.2707708631108865,1.3800685791010379,2.2342704778192073,2.3493365863118614,1.2707708631108958,1.3800685791010283
40,0.78,0.8,0.02,224819693398335165/288230376151711744,28823037615171175/36028797018963968,True,40,0,2.2132381753013153,2.2957990211746924,1.2835339613949988,1.3653499860738159,2.213238175301321,2.2957990211746866,1.2835339613950023,1.3653499860738125,2.2126022401074312,2.321656714273954,1.2735921044242546,1.3754140001869406,2.212602240107449,2.321656714273936,1.2735921044242633,1.3754140001869322
41,0.8,0.8200000000000001,0.02,28823037615171175/36028797018963968,236348908444403635/288230376151711744,True,41,0,2.1903823221595053,2.26630302900484,1.286964614192202,1.364611779610739,2.1903823221595116,2.2663030290048334,1.2869646141922049,1.3646117796107362,2.189802710569833,2.29305578060376,1.2771173268904432,1.373115653680829,2.1898027105698508,2.2930557806037424,1.277117326890452,1.37311565368082
42,0.8200000000000001,0.84,0.02,236348908444403635/288230376151711744,121056757983718935/144115188075855872,True,42,0,2.166533868263233,2.236171551680445,1.2916477619290994,1.3653128055844612,2.166533868263239,2.2361715516804392,1.2916477619291022,1.3653128055844583,2.1660072896712728,2.263685666304802,1.2810816502913336,1.3731892837322062,2.166007289671292,2.263685666304784,1.281081650291343,1.373189283732197
43,0.84,0.86,0.02,121056757983718935/144115188075855872,247878123490472105/288230376151711744,True,43,0,2.1418188813839585,2.2055269461866325,1.297473797387309,1.3673442967963454,2.1418188813839643,2.2055269461866267,1.297473797387312,1.3673442967963423,2.141341840227006,2.2336816698572033,1.2862617244092447,1.3746297407546844,2.141341840227025,2.233681669857184,1.286261724409254,1.3746297407546753
44,0.86,0.88,0.02,247878123490472105/288230376151711744,63410682753376585/72057594037927936,True,44,0,2.1163534888820013,2.174477587404559,1.3043439205991734,1.3706058733199256,2.116353488882007,2.174477587404554,1.3043439205991763,1.3706058733199227,2.115922408285871,2.2031642110240357,1.2925489822726859,1.3773368122503606,2.1159224082858885,2.203164211024018,1.2925489822726948,1.3773368122503513
45,0.88,0.9,0.02,63410682753376585/72057594037927936,259407338536540575/288230376151711744,True,45,0,2.090244083853617,2.1431193458223436,1.3121698509485689,1.3750046083489484,2.090244083853622,2.143119345822338,1.3121698509485717,1.3750046083489453,2.089855391345106,2.172240277899307,1.2998467241608367,1.3812170015740772,2.0898553913451234,2.172240277899289,1.2998467241608456,1.3812170015740683
46,0.9,0.92,0.02,259407338536540575/288230376151711744,132585973029787405/144115188075855872,True,46,0,2.0635878957064984,2.1115367547754755,1.320872149812091,1.380455395311191,2.0635878957065037,2.11153675477547,1.3208721498120937,1.3804553953111882,2.0632381339333765,2.1410045419325088,1.3080681500258224,1.386184229636942,2.0632381339333943,2.141004541932491,1.308068150025831,1.3861842296369327
47,0.92,0.9400000000000001,0.02,132585973029787405/144115188075855872,270936553582609045/288230376151711744,True,47,0,2.036473675828708,2.0798040558679802,1.3303795676836274,1.3868802623322045,2.0364736758287143,2.0798040558679736,1.3303795676836305,1.3868802623322014,2.0361595268808212,2.1095404928917385,1.3171356693021068,1.3921592009287227,2.0361595268808403,2.1095404928917194,1.3171356693021161,1.3921592009287131
48,0.9400000000000001,0.96,0.02,270936553582609045/288230376151711744,17293822569102705/18014398509481984,True,48,0,2.0089818967232977,2.0479866821448858,1.3406281611739963,1.39420793155877,2.0089818967233035,2.04798668214488,1.3406281611739992,1.3942079315587674,2.0087002144530364,2.0779219386192036,1.326979873954551,1.3990690993065833,2.008700214453055,2.0779219386191854,1.32697987395456,1.3990690993065744
49,0.96,0.98,0.02,17293822569102705/18014398509481984,282465768628677515/288230376151711744,True,49,0,1.9811854833902618,2.0161421302848237,1.3515607664182983,1.4023730678728152,1.9811854833902645,2.0161421302848184,1.351560766418301,1.4023730678728126,1.9809333156772784,2.046213926280563,1.3375389480299784,1.4068468780137975,1.9809333156772884,2.0462139262805454,1.337538948029987,1.4068468780137886
50,0.98,1.0,0.02,282465768628677515/288230376151711744,144115188075855875/144115188075855872,True,50,0,1.9516486938531752,1.985823638739917,1.363051299943135,1.4113897030814815,1.9516486938531779,1.9858236387399142,1.3630512999431375,1.4113897030814788,1.9514172727742023,2.0159825006160554,1.3486777358928028,1.4155098840570608,1.9514172727742105,2.015982500616039,1.3486777358928115,1.4155098840570521
51,1.0,1.02,0.02,144115188075855875/144115188075855872,293994983674745985/288230376151711744,True,51,0,1.9217241324132053,1.9557814769537405,1.3751204749792045,1.4211375144377305,1.9217241324132077,1.955781476953738,1.375120474979207,1.421137514437728,1.921510619183113,1.9859782913566737,1.360418379919419,1.4249311769322306,1.921510619183122,1.985978291356665,1.3604183799194272,1.424931176932222
52,1.02,1.04,0.02,293994983674745985/288230376151711744,74939897799445055/72057594037927936,True,52,0,1.891811152202481,1.9257086457460746,1.387743617904455,1.4315501147899483,1.8918111522024836,1.9257086457460721,1.3877436179044575,1.4315501147899456,1.8916142428689295,1.9558984077991466,1.3727344232337984,1.435041491010739,1.891614242868939,1.9558984077991368,1.372734423233808,1.4350414910107296
53,1.04,1.06,0.02,74939897799445055/72057594037927936,305524198720814455/288230376151711744,True,53,0,1.8619480882376345,1.8956493207231593,1.4008821980874961,1.4425830651217693,1.8619480882376371,1.8956493207231566,1.4008821980874988,1.4425830651217666,1.861750494157904,1.9258080622301736,1.3855847475839285,1.4457947976228922,1.8617504941579124,1.925808062230165,1.3855847475839378,1.4457947976228829
54,1.06,1.08,0.02,305524198720814455/288230376151711744,155644403121924345/144115188075855872,True,54,0,1.832169161963996,1.8656427638157733,1.4145013521864789,1.4541957281367817,1.8321691619639981,1.8656427638157709,1.4145013521864815,1.4541957281367792,1.831967388319639,1.8957372366176573,1.398932292469579,1.4571489219136313,1.831967388319648,1.8957372366176484,1.398932292469588,1.4571489219136227
55,1.08,1.1,0.02,155644403121924345/144115188075855872,317053413766882925/288230376151711744,True,55,0,1.8024716581527291,1.8357571477501637,1.4285679276222945,1.4663523937350482,1.8024716581527318,1.8357571477501613,1.4285679276222971,1.4663523937350456,1.8022664924587746,1.8657538477204423,1.4127419539399138,1.4690667726126745,1.8022664924587843,1.8657538477204325,1.412741953939923,1.4690667726126647
56,1.1,1.12,0.02,317053413766882925/288230376151711744,40352252661239645/36028797018963968,True,56,0,1.772910417690192,1.8059958690670284,1.4430544862322483,1.4790176224080624,1.7729104176901949,1.8059958690670255,1.443054486232251,1.4790176224080598,1.772702597808776,1.8358649281037396,1.4269848102579201,1.481511425187201,1.772702597808785,1.8358649281037303,1.4269848102579292,1.4815114251871921
57,1.12,1.1400000000000001,0.02,40352252661239645/36028797018963968,328582628812951395/288230376151711744,True,57,0,1.743518039802305,1.7763781999366972,1.4579351694738891,1.4921596607568348,1.7435180398023074,1.7763781999366952,1.457935169473892,1.4921596607568322,1.7433082030661102,1.806093040914062,1.4416337084930975,1.4944497802548586,1.743308203066119,1.806093040914053,1.441633708493107,1.4944497802548493
58,1.1400000000000001,1.16,0.02,328582628812951395/288230376151711744,167173618167992815/144115188075855872,True,58,0,1.7143160635406445,1.7469288094975386,1.4731859243375673,1.5057496332169362,1.7143160635406471,1.7469288094975362,1.4731859243375698,1.5057496332169336,1.7141047373904277,1.7764658002403582,1.4566634905313174,1.507851722181922,1.714104737390437,1.776465800240349,1.4566634905313274,1.5078517221819123
59,1.16,1.18,0.02,167173618167992815/144115188075855872,340111843859019865/288230376151711744,True,59,0,1.685314990942741,1.7176783779942078,1.488784266005121,1.519761249012932,1.6853149909427438,1.717678377994205,1.4887842660051234,1.5197612490129293,1.6851025855356196,1.7470165203212653,1.4720507313851663,1.5216898200779374,1.6851025855356285,1.7470165203212564,1.4720507313851752,1.5216898200779285
60,1.18,1.2,0.02,340111843859019865/288230376151711744,86469112845513525/72057594037927936,True,60,0,1.6565113027272471,1.6886671535200475,1.5047089310965105,1.5341706713111753,1.6565113027272496,1.688667153520045,1.5047089310965132,1.534170671311173,1.65629809589016,1.7177878136123703,1.4877733626067213,1.5359391991371178,1.6562980958901696,1.7177878136123608,1.4877733626067304,1.5359391991371092
61,1.2,1.22,0.02,86469112845513525/72057594037927936,351641058905088335/288230376151711744,True,61,0,1.627952101447028,1.6598807627877887,1.5209423803217479,1.5489536452965333,1.6279521014470302,1.6598807627877867,1.5209423803217506,1.548953645296531,1.627738394627268,1.6887672610454012,1.50381329464058,1.5505745239119884,1.6277383946272772,1.6887672610453925,1.503813294640589,1.5505745239119793
62,1.22,1.24,0.02,351641058905088335/288230376151711744,178702833214061285/144115188075855872,True,62,0,1.599650986029416,1.6313348602719913,1.5374669869069146,1.5640888598435336,1.5996509860294181,1.631334860271989,1.5374669869069169,1.5640888598435312,1.5994370221980556,1.6599723267373454,1.5201523907879058,1.565573551730847,1.599437022198064,1.659972326737337,1.5201523907879144,1.5655735517308382
63,1.24,1.26,0.02,178702833214061285/144115188075855872,363170273951156805/288230376151711744,True,63,0,1.5716201273514827,1.6030434300630958,1.5542662681491675,1.5795564047298207,1.571620127351485,1.603043430063094,1.55426626814917,1.5795564047298185,1.5714061000030128,1.6314185935358607,1.536773759219626,1.5809155089466842,1.5714061000030215,1.6314185935358523,1.5367737592196349,1.5809155089466753
64,1.26,1.28,0.02,363170273951156805/288230376151711744,5764607523034235/4503599627370496,True,64,0,1.5438704352282153,1.5750189780414994,1.5713247290452097,1.5953376261545738,1.5438704352282173,1.5750189780414976,1.5713247290452117,1.5953376261545718,1.543656496071762,1.603119978794551,1.5536615809230372,1.5965809436555058,1.5436564960717714,1.603119978794542,1.5536615809230465,1.5965809436554965
65,1.28,1.3,0.02,5764607523034235/4503599627370496,374699488997225275/288230376151711744,True,65,0,1.5164117031055622,1.5472727062941285,1.588627746455511,1.611414974997775,1.5164117031055642,1.5472727062941265,1.5886277464555132,1.611414974997773,1.5161979687175802,1.5750889298579198,1.5708009827763418,1.612551568403413,1.516197968717589,1.5750889298579105,1.5708009827763505,1.6125515684034044
66,1.3,1.32,0.02,374699488997225275/288230376151711744,190232048260129755/144115188075855872,True,66,0,1.4892527393391766,1.519814664969725,1.6061614532592747,1.6277718850480378,1.4892527393391788,1.519814664969723,1.606161453259277,1.6277718850480356,1.4890392968885127,1.5473365948322977,1.5881779104510603,1.6288101346871142,1.4890392968885218,1.5473365948322881,1.588177910451069,1.6288101346871058
67,1.32,1.34,0.02,190232048260129755/144115188075855872,386228704043293745/288230376151711744,True,67,0,1.4624014837041228,1.4926538866005499,1.623912630622336,1.6443926700859877,1.4624014837041248,1.4926538866005479,1.6239126306223381,1.6443926700859854,1.4621883958751107,1.5198729738626342,1.6057790103775167,1.6453403268536808,1.4621883958751194,1.5198729738626253,1.6057790103775258,1.6453403268536717
68,1.34,1.36,0.02,386228704043293745/288230376151711744,97998327891581995/72057594037927936,True,68,0,1.435863289120851,1.4658003278256688,1.6418685737109018,1.6612624701661278,1.4358632891208531,1.4658003278256664,1.6418685737109042,1.6612624701661256,1.4356505946861238,1.492708879715197,1.6235914859628788,1.6621267057297338,1.4356505946861333,1.4927088797151877,1.6235914859628873,1.6621267057297253
69,1.36,1.3800000000000001,0.02,97998327891581995/72057594037927936,397757919089362215/288230376151711744,True,69,0,1.4096462386618476,1.439259743439059,1.660017192552512,1.6783669910372996,1.4096462386618498,1.439259743439057,1.660017192552514,1.6783669910372976,1.409433963443183,1.4658508144769749,1.6416031985843076,1.6791544369559326,1.4094339634431918,1.4658508144769662,1.6416031985843165,1.6791544369559241
70,1.3800000000000001,1.4000000000000001,0.02,397757919089362215/288230376151711744,201761263306198225/144115188075855872,True,70,0,1.3837159295563772,1.4130791116561403,1.6781217347055255,1.6959175994587024,1.3837159295563792,1.4130791116561383,1.6781217347055277,1.6959175994587001,1.383503432458607,1.43934707147609,1.6595584064227864,1.6966533602498404,1.3835034324586162,1.4393470714760812,1.6595584064227957,1.696653360249831
71,1.4000000000000001,1.42,0.02,201761263306198225/144115188075855872,409287134135430685/288230376151711744,True,71,0,1.3580988491979866,1.3872433213688145,1.6960344961990075,1.7140375742416813,1.3580988491979888,1.3872433213688125,1.6960344961990097,1.7140375742416794,1.3578852662538996,1.4131833350815761,1.677300431788571,1.7147552751219441,1.357885266253908,1.4131833350815677,1.67730043178858,1.714755275121935
72,1.42,1.44,0.02,409287134135430685/288230376151711744,51881467707308115/36028797018963968,True,72,0,1.3328242894011348,1.3617334503713265,1.7141310341255116,1.7323277220974358,1.332824289401137,1.361733450371324,1.7141310341255136,1.7323277220974338,1.3326098164742668,1.3873401297815877,1.695238350358984,1.7330270719831826,1.3326098164742761,1.3873401297815786,1.6952383503589936,1.733027071983173
73,1.44,1.46,0.02,51881467707308115/36028797018963968,420816349181499155/288230376151711744,True,73,0,1.3078964095374623,1.3365548262764084,1.7323996490339382,1.7507767902421632,1.3078964095374643,1.3365548262764062,1.7323996490339406,1.750776790242161,1.3076812147954189,1.3618232599050493,1.713360022561466,1.751457588418234,1.3076812147954278,1.36182325990504,1.7133600225614753,1.7514575884182249
74,1.46,1.48,0.02,420816349181499155/288230376151711744,213290478352266695/144115188075855872,True,74,0,1.2833190206925444,1.3117123264562631,1.7508289669463795,1.7693738173520788,1.2833190206925462,1.3117123264562613,1.7508289669463815,1.769373817352077,1.2831032489204184,1.3366380254623678,1.7316536944652312,1.7700359345972758,1.2831032489204273,1.3366380254623589,1.7316536944652405,1.7700359345972665
75,1.48,1.5,0.02,213290478352266695/144115188075855872,432345564227567625/288230376151711744,True,75,0,1.259095623196208,1.2872104260644712,1.769407916293896,1.788108086167994,1.2590956231962098,1.2872104260644694,1.769407916293898,1.788108086167992,1.2588793996429037,1.3117892776238431,1.7501079528462309,1.7887514616861722,1.2588793996429128,1.3117892776238342,1.7501079528462395,1.7887514616861633
76,1.5,1.52,0.02,432345564227567625/288230376151711744,109527542937650465/72057594037927936,True,76,0,1.235229010724322,1.2630536670541375,1.7881128325364584,1.806981959264088,1.235229010724324,1.2630536670541352,1.7881128325364604,1.806981959264086,1.2350124187206537,1.2872819202798602,1.768697968195761,1.807607453704064,1.235012418720663,1.2872819202798509,1.76869796819577,1.807607453704055
77,1.52,1.54,0.02,109527542937650465/72057594037927936,443874779273636095/288230376151711744,True,77,0,1.211722548139223,1.2392454412799392,1.8069440552775293,1.8259742331622966,1.211722548139225,1.239245441279937,1.8069440552775313,1.8259742331622946,1.211505682364301,1.2631196231977562,1.7874246085928587,1.8265819598480568,1.2115056823643102,1.2631196231977466,1.787424608592867,1.8265819598480486
78,1.54,1.56,0.02,443874779273636095/288230376151711744,224819693398335165/144115188075855872,True,78,0,1.1885790532115743,1.2157891605260696,1.8258937354703806,1.845072290414535,1.1885790532115763,1.2157891605260676,1.8258937354703826,1.8450722904145327,1.1883620029800366,1.2393060671774327,1.8062799440621253,1.845662244838223,1.188362002980046,1.2393060671774236,1.8062799440621344,1.8456622448382136
79,1.56,1.58,0.02,224819693398335165/144115188075855872,455403994319704565/288230376151711744,True,79,0,1.1658010411907376,1.1926880537654625,1.8449516835848856,1.864266219719038,1.1658010411907396,1.1926880537654603,1.8449516835848876,1.8642662197190363,1.1655838875475304,1.2158447321452304,1.8252535495956843,1.8648384500015476,1.1655838875475393,1.2158447321452213,1.825253549595693,1.864838450001539
80,1.58,1.6,0.02,455403994319704565/288230376151711744,28823037615171175/18014398509481984,True,80,0,1.1433907939070407,1.1699451316289646,1.8641078843120804,1.883546277002675,1.1433907939070427,1.1699451316289624,1.8641078843120826,1.883546277002673,1.1431736117214337,1.192738860801213,1.8443351916099524,1.8841008788015114,1.1431736117214433,1.192738860801203,1.844335191609962,1.8841008788015021
81,1.6,1.62,0.02,28823037615171175/18014398509481984,466933209365773035/288230376151711744,True,81,0,1.1213504652980562,1.1475631068751708,1.8833524986325165,1.902902866120456,1.1213504652980584,1.1475631068751686,1.8833524986325187,1.9029028661204537,1.1211333252585558,1.1699913829361386,1.863514826719194,1.9034399773820014,1.121133325258564,1.1699913829361304,1.8635148267192034,1.9034399773819919
82,1.62,1.6400000000000001,0.02,466933209365773035/288230376151711744,236348908444403635/144115188075855872,True,82,0,1.0996819911292703,1.1255445041479721,1.902675842679333,1.9223265488229782,1.0996819911292726,1.1255445041479701,1.902675842679335,1.9223265488229762,1.0994649613284717,1.1476050289482094,1.8827825764347252,1.922846345576198,1.09946496132848,1.1476050289482012,1.8827825764347335,1.9228463455761897
83,1.6400000000000001,1.6600000000000001,0.02,236348908444403635/144115188075855872,478462424411841505/288230376151711744,True,83,0,1.078385648141716,1.1038931156140093,1.922068357733179,1.9418080679459893,1.078385648141718,1.1038931156140073,1.9220683577331812,1.941808067945987,1.0781687934355109,1.1255837906825386,1.9021286926594214,1.9423107617836668,1.0781687934355202,1.1255837906825297,1.90212869265943,1.942310761783658
84,1.6600000000000001,1.68,0.02,478462424411841505/288230376151711744,121056757983718935/72057594037927936,True,84,0,1.0574643116588835,1.082609747552832,1.9415207090456839,1.9613382521961418,1.0574643116588855,1.0826097475528298,1.9415207090456859,1.9613382521961398,1.0572476988740593,1.1039286647990496,1.9215436584740517,1.9618240832746368,1.0572476988740678,1.1039286647990412,1.9215436584740608,1.9618240832746277
85,1.68,1.7,0.02,121056757983718935/72057594037927936,489991639457909975/288230376151711744,True,85,0,1.0369196399987564,1.0616960431133458,1.96102369328368,1.9809081091542273,1.0369196399987584,1.0616960431133438,1.961023693283682,1.9809081091542253,1.0367033373989312,1.0826414835660605,1.9410180886039134,1.981377343933657,1.0367033373989403,1.0826414835660516,1.941018088603922,1.9813773439336482
86,1.7,1.72,0.02,489991639457909975/288230376151711744,247878123490472105/144115188075855872,True,86,0,1.016752844652805,1.0411537110360682,1.9805682568765164,2.0005088156548942,1.0167528446528071,1.041153711036066,1.9805682568765186,2.00050881565489,1.0165369223453806,1.0617241446236159,1.9605427462022604,2.000961744236689,1.0165369223453897,1.061724144623607,1.960542746202269,2.000961744236672
87,1.72,1.74,0.02,247878123490472105/144115188075855872,501520854503978445/288230376151711744,True,87,0,0.9969649518097952,1.0209842601381558,2.000145509276515,2.0201317161802987,0.9969649518097966,1.020984260138154,2.00014550927652,2.0201317161802943,0.9967494825664306,1.0411783467392197,1.9801085546040014,2.020568649446201,0.9967494825664371,1.0411783467392113,1.9801085546040103,2.020568649446184
88,1.74,1.76,0.02,501520854503978445/288230376151711744,63410682753376585/36028797018963968,True,88,0,0.977555787481379,1.001190008470587,2.019737322846582,2.03977773644756,0.9775557874813802,1.001190008470585,2.019737322846586,2.0397777364475562,0.977340834721765,1.021006613202272,1.9996968045711252,2.0401993943883756,0.9773408347217698,1.0210066132022628,1.999696804571136,2.040199394388357
89,1.76,1.78,0.02,63410682753376585/36028797018963968,513050069550046915/288230376151711744,True,89,0,0.9585251555558394,0.9817728956502201,2.039342709707264,2.0594310241046268,0.9585251555558405,0.981772895650219,2.039342709707268,2.0594310241046223,0.9583107952930265,1.0012110713248925,2.0193066587420345,2.0598377953392015,0.958310795293031,1.0012110713248852,2.0193066587420523,2.0598377953391838
90,1.78,1.8,0.02,513050069550046915/288230376151711744,259407338536540575/144115188075855872,True,90,0,0.9398755122453805,0.9627317951657458,2.058955700636602,2.0790810912192224,0.9398755122453814,0.9627317951657449,2.058955700636607,2.0790810912192175,0.9396512169852024,0.9818014036667856,2.038932043308033,2.0794732787665975,0.9396512169852067,0.981801403666781,2.0389320433080527,2.079473278766577
91,1.8,1.82,0.02,259407338536540575/144115188075855872,524579284596115385/288230376151711744,True,91,0,0.9216070815960359,0.9440673915817567,2.0785681268692526,2.0987200480577823,0.921607081596037,0.9440673915817556,2.078568126869256,2.098720048057779,0.9213660655830954,0.9627747645212749,2.0585616449613613,2.099100899219689,0.9213660655830994,0.9627747645212709,2.058561644961379,2.099100899219672
92,1.82,1.84,0.02,524579284596115385/288230376151711744,132585973029787405/72057594037927936,True,92,0,0.9037198656463463,0.9257801559399838,2.0981717245690583,2.118340521656003,0.9037198656463473,0.9257801559399828,2.0981717245690628,2.1183405216559987,0.9034628543967645,0.944124331426807,2.0781889116982337,2.1187113610494683,0.9034628543967689,0.9441243314268026,2.078188911698253,2.1187113610494483
93,1.84,1.86,0.02,132585973029787405/72057594037927936,536108499642183855/288230376151711744,True,93,0,0.8862136459185134,0.9078703313041487,2.1177584737444315,2.1379353387078863,0.8862136459185144,0.9078703313041478,2.1177584737444355,2.1379353387078828,0.8859413738344549,0.9258505628089431,2.0978066735738614,2.138296419151111,0.8859413738344596,0.9258505628089383,2.0978066735738805,2.1382964191510916
94,1.86,1.8800000000000001,0.02,536108499642183855/288230376151711744,270936553582609045/144115188075855872,True,94,0,0.8690879353745747,0.8903379679377238,2.1373214603512367,2.157496685427617,0.8690879353745758,0.8903379679377227,2.137321460351241,2.1574966854276125,0.8688011557136888,0.9079537207778766,2.1174078006429045,2.1578482428839574,0.8688011557136934,0.9079537207778718,2.1174078006429227,2.1578482428839396
95,1.8800000000000001,1.9000000000000001,0.02,270936553582609045/144115188075855872,547637714688252325/288230376151711744,True,95,0,0.8523420900261177,0.8731827990957342,2.1568534036521423,2.1770176021438274,0.8523420900261187,0.8731827990957332,2.1568534036521467,2.177017602143823,0.8520415984464162,0.8904337331297746,2.1369847678497242,2.177359873222652,0.852041598446421,0.8904337331297698,2.1369847678497407,2.1773598732226342
96,1.9000000000000001,1.92,0.02,547637714688252325/288230376151711744,17293822569102705/9007199254740992,True,96,0,0.8359752112475052,0.8564043270992601,2.1763472708302323,2.19649138989359,0.8359752112475063,0.856404327099259,2.176347270830237,2.196491389893585,0.8356618222646545,0.8732903261193851,2.1565302871910133,2.1968246120704293,0.8356618222646592,0.8732903261193803,2.156530287191031,2.196824612070411
97,1.92,1.94,0.02,17293822569102705/9007199254740992,559166929734320795/288230376151711744,True,97,0,0.8199861298819001,0.8400018286332573,2.1957962902331007,2.2159116175941627,0.8199861298819012,0.8400018286332562,2.1957962902331047,2.2159116175941587,0.8196606739123636,0.8565230086240095,2.1760373230325567,2.216236027794432,0.8196606739123681,0.8565230086240052,2.176037323032574,2.2162360277944146
98,1.94,1.96,0.02,559166929734320795/288230376151711744,282465768628677515/144115188075855872,True,98,0,0.8043734258336046,0.8239743259076048,2.2151939580283715,2.2352721346528037,0.8043734258336057,0.8239743259076037,2.2151939580283755,2.2352721346527997,0.8040367462753955,0.8401310425770325,2.19549909910315,2.2355879680876587,0.8040367462753999,0.8401310425770282,2.1954990991031678,2.2355879680876414
99,1.96,1.98,0.02,282465768628677515/144115188075855872,570696144780389265/288230376151711744,True,99,0,0.7891354224741358,0.8083205846567862,2.234534049549221,2.2545670774025326,0.7891354224741368,0.8083205846567852,2.2345340495492256,2.2545670774025277,0.7887883726581637,0.8241134402823944,2.2149091104567225,2.254874566518471,0.7887883726581681,0.8241134402823899,2.2149091104567398,2.254874566518453
100,1.98,2.0,0.02,570696144780389265/288230376151711744,144115188075855875/72057594037927936,True,100,0,0.7742701876857123,0.7930391073406445,2.253810626085196,2.273790878387953,0.7742701876857134,0.7930391073406434,2.2538106260852,2.2737908783879486,0.7739136278034658,0.8084689567173449,2.234261130905939,2.274090252028396,0.7739136278034704,0.8084689567173402,2.2342611309059577,2.274090252028378
101,2.0,2.02,0.02,144115188075855875/72057594037927936,582225359826457735/288230376151711744,True,101,0,0.759775528941482,0.7781281343358742,2.2730180454904825,2.292938269901172,0.7597755289414833,0.7781281343358731,2.273018045490486,2.292938269901168,0.7594103228773406,0.7931960898085763,2.253549224522203,2.2932297525395025,0.7594103228773451,0.7931960898085719,2.253549224522221,2.2932297525394842
102,2.02,2.04,0.02,582225359826457735/288230376151711744,293994983674745985/144115188075855872,True,102,0,0.7456488813126577,0.7635857544511354,2.292150964835437,2.312004293276204,0.7456488813126587,0.7635857544511344,2.2921509648354417,2.3120042932761993,0.7452758911487729,0.7782931921931162,2.272767749015225,2.312288104575838,0.7452758911487771,0.778293192193112,2.272767749015243,2.31228810457582
103,2.04,2.06,0.02,293994983674745985/144115188075855872,593754574872526205/288230376151711744,True,103,0,0.731887294108618,0.7494099189931067,2.3112043462689624,2.330984302798279,0.7318872941086191,0.7494099189931055,2.311204346268967,2.3309843027982744,0.7315073735241534,0.7637584852555409,2.29191136259963,2.3312606572985892,0.731507373524158,0.7637584852555361,2.2919113625996483,2.331260657298572
104,2.06,2.08,0.02,593754574872526205/288230376151711744,74939897799445055/36028797018963968,True,104,0,0.7184881752380277,0.735597699854542,2.3301734700010526,2.3498739607186034,0.7184881752380288,0.7355976998545408,2.3301734700010575,2.3498739607185986,0.7181021794422467,0.7495892995127301,2.310975038777784,2.350143066908697,0.7181021794422511,0.7495892995127259,2.310975038777803,2.3501430669086782
105,2.08,2.1,0.02,74939897799445055/36028797018963968,605283789918594675/288230376151711744,True,105,0,0.7054482998361125,0.7221462871064634,2.349053920065945,2.368669255619627,0.7054482998361135,0.7221462871064624,2.349053920065949,2.3686692556196225,0.7050570752515903,0.7357830912689353,2.329954052130174,2.368931316214159,0.7050570752515947,0.7357830912689309,2.3299540521301925,2.368931316214141
106,2.1,2.12,0.02,605283789918594675/288230376151711744,305524198720814455/144115188075855872,True,106,0,0.6927641981864266,0.7090526085523945,2.3678415996277304,2.3873664898604985,0.6927641981864278,0.7090526085523935,2.367841599627735,2.3873664898604945,0.6923685795753832,0.722337053539101,2.348843995365162,2.3876217015851786,0.692368579575388,0.7223370535390964,2.34884399536518,2.38762170158516
107,2.12,2.14,0.02,305524198720814455/144115188075855872,616813004964663145/288230376151711744,True,107,0,0.6804321560828298,0.6963133395058434,2.386532740663418,2.405962269799061,0.6804321560828308,0.6963133395058424,2.386532740663422,2.4059622697990566,0.680032963676588,0.7092481246505937,2.367640790290129,2.4062108231503774,0.6800329636765925,0.7092481246505891,2.3676407902901464,2.4062108231503605
108,2.14,2.16,0.02,616813004964663145/288230376151711744,155644403121924345/72057594037927936,True,108,0,0.6684482214361688,0.6839249086038282,2.405123882571102,2.4244535245821837,0.6684482214361698,0.683924908603827,2.405123882571106,2.424453524582179,0.668046258184141,0.6965129927946364,2.3863406672954253,2.42469560396677,0.6680462581841458,0.6965129927946316,2.3863406672954444,2.4246956039667515
109,2.16,2.18,0.02,155644403121924345/72057594037927936,628342220010731615/288230376151711744,True,109,0,0.6568082126368332,0.6718835040625802,2.423611878705059,2.442837494541171,0.6568082126368341,0.6718835040625794,2.423611878705063,2.442837494541167,0.6564042616261709,0.6841281010125975,2.404940173136625,2.4430732784020415,0.6564042616261752,0.6841281010125932,2.404940173136644,2.4430732784020237
110,2.18,2.2,0.02,628342220010731615/288230376151711744,317053413766882925/144115188075855872,True,110,0,0.6454523160660941,0.660240532367461,2.4419935981173775,2.461111982085045,0.6454523160660951,0.6602405323674599,2.4419935981173815,2.4611119820850407,0.6450453846735531,0.672146858111182,2.423435830275433,2.4613416866277777,0.6450453846735577,0.6721468581111777,2.423435830275452,2.4613416866277587
111,2.2,2.22,0.02,317053413766882925/144115188075855872,639871435056800085/288230376151711744,True,111,0,0.6344129556095093,0.648954660767424,2.460266793926724,2.4792745812801145,0.6344129556095104,0.6489546607674229,2.460266793926728,2.479274581280111,0.6340030331357025,0.6605271666992336,2.44182512614121,2.4794983844584646,0.6340030331357067,0.6605271666992292,2.4418251261412274,2.4794983844584473
112,2.22,2.24,0.02,639871435056800085/288230376151711744,40352252661239645/18014398509481984,True,112,0,0.6237081945657186,0.6379985141521887,2.478429364652858,2.4973233254295546,0.6237081945657196,0.6379985141521877,2.4784293646528615,2.4973233254295506,0.6232959610547482,0.6492411679809839,2.4601056850639282,2.497541381426832,0.6232959610547525,0.6492411679809794,2.460105685063947,2.497541381426814
113,2.24,2.2600000000000002,0.02,40352252661239645/18014398509481984,651400650102868555/288230376151711744,True,113,0,0.6133328519143428,0.6273675863351549,2.4964793673339507,2.5152566544143613,0.6133328519143441,0.6273675863351535,2.496479367333955,2.515256654414357,0.6129189754801645,0.6382845637183481,2.47827527792345,2.515469112619547,0.612918975480169,0.6382845637183437,2.478275277923467,2.515469112619529
114,2.2600000000000002,2.2800000000000002,0.02,651400650102868555/288230376151711744,328582628812951395/144115188075855872,True,114,0,0.6032815852802635,0.6170571639524965,2.5144151470257388,2.5330732861061893,0.6032815852802645,0.6170571639524954,2.5144151470257428,2.5330732861061853,0.6028667196703686,0.6276528391698017,2.4963319713121455,2.5332802913776473,0.6028667196703731,0.6276528391697973,2.496331971312164,2.533280291377629
115,2.2800000000000002,2.3000000000000003,0.02,328582628812951395/144115188075855872,662929865148937025/288230376151711744,True,115,0,0.5935488826592468,0.6070623595307009,2.5322353294221585,2.550772206078641,0.5935488826592477,0.6070623595307,2.532235329422163,2.5507722060786366,0.593133664337868,0.6173412960112399,2.514274121017403,2.5509738990148128,0.5931336643378724,0.6173412960112354,2.5142741210174218,2.5509738990147928
116,2.3000000000000003,2.32,0.02,662929865148937025/288230376151711744,167173618167992815/72057594037927936,True,116,0,0.5841290852719779,0.5973781144599684,2.5499388107788206,2.568352658473354,0.584129085271979,0.5973781144599672,2.549938810778825,2.5683526584733496,0.5837141310714531,0.6073450542129911,2.5321003627160827,2.568549175693925,0.5837141310714574,0.6073450542129867,2.532100362716101,2.568549175693907
117,2.32,2.34,0.02,167173618167992815/72057594037927936,674459080195005495/288230376151711744,True,117,0,0.5750164015622139,0.5879992116859669,2.5675247488031228,2.5858141345125967,0.5750164015622149,0.5879992116859659,2.5675247488031268,2.585814134512593,0.5746023066053229,0.5976590640329991,2.5498096035702127,2.5860056089245065,0.5746023066053277,0.5976590640329943,2.5498096035702313,2.586005608924488
118,2.34,2.36,0.02,674459080195005495/288230376151711744,340111843859019865/144115188075855872,True,118,0,0.5662049207881702,0.5789202894623335,2.584988389317433,2.603160524043829,0.5662049207881712,0.5789202894623324,2.584988389317437,2.6031605240438247,0.565792256657094,0.5882781191959935,2.5674001644322773,2.6033437701622035,0.5657922566570984,0.588278119195989,2.5674001644322946,2.6033437701621858
119,2.36,2.38,0.02,340111843859019865/144115188075855872,685988295241073965/288230376151711744,True,119,0,0.5576886265936158,0.5701358555775342,2.6023313885254624,2.6203897704751626,0.557688626593617,0.5701358555775332,2.602331388525466,2.620389770475159,0.5572779397340044,0.5791968706583712,2.584866588368679,2.620568483989931,0.5572779397340087,0.579196870658367,2.5848665883686963,2.6205684839899117
120,2.38,2.4,0.02,685988295241073965/288230376151711744,86469112845513525/36028797018963968,True,120,0,0.5494614135244108,0.5616402988932145,2.6195562366135534,2.6374994235600875,0.5494614135244119,0.5616402988932135,2.6195562366135574,2.637499423560083,0.5490532240019624,0.57040983766473,2.602214704136003,2.637673741436336,0.549053224001967,0.5704098376647255,2.6022147041360193,2.637673741436319
121,2.4,2.42,0.02,86469112845513525/36028797018963968,697517510287142435/288230376151711744,True,121,0,0.5415170984205565,0.5534279060807287,2.636663014174033,2.654489858724495,0.5415170984205577,0.5534279060807274,2.6366630141740375,2.654489858724491,0.5411118988125556,0.5619114243143479,2.6194443962695364,2.6546599059538463,0.5411118988125598,0.5619114243143436,2.619444396269553,2.6546599059538294
122,2.42,2.44,0.02,697517510287142435/288230376151711744,351641058905088335/144115188075855872,True,122,0,0.5338494343614667,0.5454928756932088,2.653652003939397,2.6713616406321687,0.5338494343614678,0.5454928756932076,2.653652003939401,2.6713616406321643,0.5334475050111135,0.5536961173252695,2.636555769306874,2.671527524720777,0.5334475050111179,0.5536961173252651,2.6365557693068933,2.6715275247207586
123,2.44,2.46,0.02,351641058905088335/144115188075855872,709046725333210905/288230376151711744,True,123,0,0.5264521276053378,0.5378293289625764,2.6705236786537263,2.688115510336254,0.5264521276053388,0.5378293289625754,2.67052367865373,2.68811551033625,0.5260538680869327,0.5457579807600462,2.653549115500567,2.68827733609091,0.5260538680869371,0.5457579807600416,2.653549115500585,2.6882773360908923
124,2.46,2.48,0.02,709046725333210905/288230376151711744,178702833214061285/72057594037927936,True,124,0,0.5193188490086187,0.530431325682772,2.6872786885607267,2.704752372697106,0.5193188490086198,0.5304313256827707,2.687278688560731,2.7047523726971017,0.5189246784374161,0.5380911032828682,2.6704249168973897,2.7049102424768607,0.5189246784374207,0.5380911032828636,2.6704249168974084,2.7049102424768416
125,2.48,2.5,0.02,178702833214061285/72057594037927936,720575940379279375/288230376151711744,True,125,0,0.5124432468124132,0.5232928781426045,2.703917849532625,2.7212732832023128,0.5124432468124142,0.5232928781426035,2.703917849532629,2.721273283202309,0.512053554840365,0.5306895616977487,2.687183833475364,2.7214272971409654,0.5120535548403695,0.5306895616977442,2.6871838334753813,2.7214272971409477
126,2.5,2.52,0.02,720575940379279375/288230376151711744,363170273951156805/144115188075855872,True,126,0,0.5058189601084014,0.5164079636642195,2.7204421301805017,2.7376794359927157,0.5058189601084024,0.5164079636642185,2.7204421301805057,2.7376794359927117,0.5054341068728001,0.5235473848912484,2.7038266901774253,2.737829692204527,0.5054341068728047,0.523547384891244,2.7038266901774435,2.737829692204509
127,2.52,2.54,0.02,363170273951156805/144115188075855872,732105155425347845/288230376151711744,True,127,0,0.4994396311734592,0.5097705374411722,2.736852639783725,2.7539721513890645,0.49943963117345985,0.5097705374411711,2.7368526397837294,2.7539721513890605,0.49905994730845926,0.5166585670237802,2.720354464703751,2.7541187461514482,0.4990599473084624,0.5166585670237758,2.7203544647037683,2.7541187461514305
128,2.54,2.56,0.02,732105155425347845/288230376151711744,5764607523034235/2251799813685248,True,128,0,0.49329889416177336,0.5033745680960993,2.7531506161102137,2.7701528639563797,0.49329889416177386,0.5033745680960984,2.7531506161102177,2.7701528639563753,0.4929246798150178,0.510017104550092,2.7367682751383993,2.7702958918654144,0.4929246798150201,0.5100171045500871,2.736768275138417,2.7702958918653957
129,2.56,2.58,0.02,5764607523034235/2251799813685248,743634370471416315/288230376151711744,True,129,0,0.48739043420768247,0.497214001762401,2.769337413888382,2.78622311050769,0.487390434207683,0.4972140017624004,2.769337413888387,2.786223110507685,0.4870219613128828,0.5036169575575822,2.753069368170367,2.7863626646092383,0.4870219613128851,0.5036169575575785,2.753069368170385,2.7863626646092206
130,2.58,2.6,0.02,743634370471416315/288230376151711744,374699488997225275/144115188075855872,True,130,0,0.4817079959801766,0.49128277564375217,2.785414493259426,2.8021845187443155,0.4817079959801771,0.49128277564375167,2.78541449325943,2.802184518744312,0.48134550962776573,0.4974520647778935,2.7692591072376915,2.802320690649844,0.481345509627768,0.4974520647778911,2.76925910723771,2.8023206906498253
131,2.6,2.62,0.02,374699488997225275/144115188075855872,755163585517484785/288230376151711744,True,131,0,0.476245347535597,0.4855748751368312,2.801383408121658,2.818038796711749,0.4762453475355975,0.4855748751368307,2.801383408121662,2.818038796711745,0.47588906549886356,0.49151640313495953,2.7853389605258174,2.818171676694657,0.4758890654988658,0.4915164031349573,2.785338960525835,2.8181716766946394
132,2.62,2.64,0.02,755163585517484785/288230376151711744,190232048260129755/72057594037927936,True,132,0,0.4709963134085073,0.48008432046755345,2.8172457957705226,2.833787721801617,0.4709963134085078,0.4800843204675529,2.817245795770526,2.8337877218016136,0.4706464269460095,0.48580397370971773,2.8013104902290644,2.833917398870832,0.47064642694601183,0.48580397370971545,2.801310490229083,2.8339173988708137
133,2.64,2.66,0.02,190232048260129755/72057594037927936,766692800563553255/288230376151711744,True,133,0,0.4659547837212109,0.4748051760772267,2.833003366157852,2.8494331309833187,0.46595478372121135,0.47480517607722633,2.8330033661578558,2.849433130983315,0.46561145848351965,0.4803088116442834,2.8171753413927836,2.849559692942841,0.4656114584835221,0.4803088116442812,2.8171753413928022,2.849559692942823
134,2.66,2.68,0.02,766692800563553255/288230376151711744,386228704043293745/144115188075855872,True,134,0,0.4611147221428199,0.4697315598915996,2.8486578918949945,2.8649769112020835,0.46111472214282034,0.4697315598915992,2.8486578918949985,2.8649769112020795,0.4607780991436793,0.47502499598048836,2.832935231476815,2.8651004446949204,0.46077809914368145,0.4750249959804862,2.832935231476832,2.8651004446949027
135,2.68,2.7,0.02,386228704043293745/144115188075855872,778222015609621725/288230376151711744,True,135,0,0.4564701715177025,0.46485765364162046,2.8642111989843237,2.8804209899957898,0.456470171517703,0.46485765364161996,2.8642111989843277,2.8804209899957858,0.45614036806290126,0.46994666066277835,2.848591940629469,2.880541580531445,0.4561403680629035,0.4699466606627761,2.848591940629487,2.880541580531427
136,2.7,2.72,0.02,778222015609621725/288230376151711744,97998327891581995/36028797018963968,True,136,0,0.45201526264424197,0.46017770875074093,2.8796651571553498,2.895767327484225,0.45201526264424247,0.4601777087507405,2.8796651571553533,2.8957673274842213,0.45169237340912677,0.4650680009174843,2.864147301543078,2.8958850594592076,0.45169237340912893,0.4650680009174821,2.8641473015430967,2.89588505945919
137,2.72,2.74,0.02,97998327891581995/36028797018963968,789751230655690195/288230376151711744,True,137,0,0.4477442276459416,0.4556860463542831,2.895021672373802,2.91101790718042,0.4477442276459421,0.45568604635428267,2.895021672373806,2.9110179071804163,0.4474283261917152,0.4603832734700409,2.8796031914865936,2.911132863878878,0.44742832619171746,0.4603832734700385,2.8796031914866114,2.9111328638788603
138,2.74,2.7600000000000002,0.02,789751230655690195/288230376151711744,397757919089362215/144115188075855872,True,138,0,0.44365139432209705,0.4513770750911558,2.910282677489165,2.9261747296562515,0.44365139432209755,0.4513770750911553,2.9102826774891684,2.9261747296562475,0.443342534018171,0.4558868155590446,2.894961458854354,2.9262870568486155,0.4433425340181732,0.4558868155590424,2.8949614588543713,2.9262870568485977
139,2.7600000000000002,2.7800000000000002,0.02,397757919089362215/144115188075855872,801280445701758665/288230376151711744,True,139,0,0.4397311950677145,0.44724529308618194,2.9254501253795824,2.941239804720558,0.4397311950677151,0.4472452930861814,2.925450125379586,2.941239804720554,0.43942941024312515,0.45157304730587844,2.910224088463041,2.941349601608944,0.43942941024312737,0.45157304730587616,2.91022408846306,2.941349601608926
140,2.7800000000000002,2.8000000000000003,0.02,801280445701758665/288230376151711744,201761263306198225/72057594037927936,True,140,0,0.4359781715602542,0.44328529296538716,2.9405259813456204,2.956215145342599,0.4359781715602547,0.44328529296538666,2.940525981345624,2.9562151453425956,0.43568347867749097,0.4474364773085796,2.9253930642508084,2.9563224847028513,0.43568347867749324,0.4474364773085773,2.9253930642508266,2.9563224847028335
141,2.8000000000000003,2.82,0.02,201761263306198225/72057594037927936,812809660747827135/288230376151711744,True,141,0,0.4323869785933768,0.4394917665588902,2.9555122169649906,2.9711027610976397,0.43238697859337727,0.4394917665588897,2.9555122169649946,2.9711027610976357,0.43209937742091886,0.44347170792876883,2.94047035699757,2.9712077150642076,0.4320993774209211,0.44347170792876667,2.940470356997589,2.9712077150641885
142,2.82,2.84,0.02,812809660747827135/288230376151711744,409287134135430685/144115188075855872,True,142,0,0.4289523873313243,0.4358595090590032,2.970410803256223,2.9859046532683293,0.4289523873313248,0.4358595090590027,2.9704108032562266,2.985904653268326,0.428671862105866,0.43967344002212355,2.9554579431468486,2.9860072929786226,0.42867186210586816,0.43967344002212144,2.9554579431468664,2.9860072929786052
143,2.84,2.86,0.02,409287134135430685/144115188075855872,824338875793895605/288230376151711744,True,143,0,0.4256692869871196,0.43238342367617266,2.985223706060986,3.0006228086684086,0.42566928698712003,0.43238342367617216,2.9852237060609896,3.0006228086684055,0.4253958074972961,0.43603647821217956,2.9703577992975654,3.000723204326997,0.42539580749729855,0.43603647821217717,2.9703577992975836,3.000723204326979
144,2.86,2.88,0.02,824338875793895605/288230376151711744,51881467707308115/18014398509481984,True,144,0,0.42253269012586525,0.4290585216380214,2.9999528798915622,3.015259195916794,0.4225326901258657,0.42905852163802083,2.9999528798915662,3.01525919591679,0.4222662117366457,0.4325557324637412,2.9851718956293674,3.015357416824864,0.4222662117366478,0.43255573246373913,2.9851718956293856,3.0153574168248456
145,2.88,2.9,0.02,51881467707308115/18014398509481984,835868090839964075/288230376151711744,True,145,0,0.4195377314426204,0.4258799277373538,3.014600263544392,3.029815760825848,0.4195377314426208,0.42587992773735334,3.0146002635443954,3.0298157608258443,0.41927819805631644,0.42922622118372794,2.999902191136929,3.0299118753485317,0.41927819805631866,0.4292262211837257,2.999902191136946,3.029911875348515
146,2.9,2.92,0.02,835868090839964075/288230376151711744,420816349181499155/144115188075855872,True,146,0,0.41667966948294793,0.4228428820100694,3.0291677757048547,3.0442944226487056,0.4166796694829483,0.42284288201006903,3.0291677757048583,3.0442944226487025,0.4164270145191732,0.4260430753431071,3.014550628811514,3.0443884981812386,0.41642701451917535,0.4260430753431049,3.014550628811532,3.0443884981812204
147,2.92,2.94,0.02,420816349181499155/144115188075855872,847397305886032545/288230376151711744,True,147,0,0.4139538886384281,0.41994274026606965,3.043657310799451,3.058697070892108,0.41395388863842847,0.41994274026606926,3.0436573107994547,3.058697070892105,0.41370803543790025,0.42300154001984136,3.029119131086128,3.0587891738266877,0.4137080354379023,0.42300154001983925,3.0291191310861456,3.05878917382667
148,2.94,2.96,0.02,847397305886032545/288230376151711744,213290478352266695/72057594037927936,True,148,0,0.4113558980810686,0.41717497686526755,3.0580707359934025,3.0730255617575155,0.41135589808106904,0.4171749768652671,3.058070735993406,3.0730255617575124,0.41111676083622817,0.4200969770565698,3.0436095964492877,3.0731157574466605,0.41111676083623044,0.4200969770565674,3.0436095964493064,3.073115757446642
149,2.96,2.98,0.02,213290478352266695/72057594037927936,858926520932101015/288230376151711744,True,149,0,0.4088813336118647,0.41453518381611903,3.072409887351241,3.0872817161561183,0.40888133361186507,0.4145351838161186,3.072409887351244,3.0872817161561152,0.40864881835915623,0.4173248644785077,3.0580238952324144,3.0873700688814134,0.40864881835915845,0.4173248644785054,3.0580238952324335,3.0873700688813948
150,2.98,3.0,0.02,858926520932101015/288230376151711744,432345564227567625/144115188075855872,True,150,0,0.40652595690010396,0.41201907177678504,3.0866765675837495,3.101467316832316,0.40652595690010446,0.4120190717767846,3.0866765675837526,3.101467316832313,0.4062999624366985,0.4146807979239116,3.0723638670113917,3.1015538897706976,0.40629996243670063,0.4146807979239094,3.072363867011409,3.1015538897706803
151,3.0,3.02,0.02,432345564227567625/144115188075855872,870455735978169485/288230376151711744,True,151,0,0.40428565399891647,0.40962247112628325,3.1008725437025495,3.1155841062351515,0.4042856539989169,0.4096224711262828,3.1008725437025526,3.1155841062351484,0.40406607270324135,0.4121604921382486,3.0866313179320612,3.1156689614265396,0.4040660727032434,0.4121604921382465,3.0866313179320795,3.115668961426522
152,3.02,3.04,0.02,870455735978169485/288230376151711744,109527542937650465/36028797018963968,True,152,0,0.4021564349429609,0.40734133135248135,3.114999544335376,3.1296337853444496,0.4021564349429613,0.4073413313524809,3.1149995443353795,3.1296337853444465,0.40194315356828775,0.40975978068957275,3.100828017711943,3.1297169836653085,0.40194315356828997,0.40975978068957053,3.1008280177119603,3.1297169836652916
153,3.04,3.06,0.02,109527542937650465/36028797018963968,881984951024237955/288230376151711744,True,153,0,0.4001344322083425,0.40517172102824883,3.129059258005313,3.1436180121084782,0.40013443220834294,0.40517172102824844,3.129059258005316,3.1436180121084747,0.39992733260512214,0.4074746162906727,3.11495569762998,3.1436996132471924,0.3999273326051241,0.40747461629067067,3.1149556976299957,3.143699613247176
154,3.06,3.08,0.02,881984951024237955/288230376151711744,443874779273636095/144115188075855872,True,154,0,0.39821590217769587,0.4031098242818916,3.143053332026727,3.157538399801829,0.3982159021776963,0.4031098242818912,3.14305333202673,3.1575383998018256,0.39801486213893256,0.40530106739631816,3.1290160491552683,3.15761846223325,0.39801486213893467,0.4053010673963161,3.1290160491552856,3.1576184622332324
155,3.08,3.1,0.02,443874779273636095/144115188075855872,893514166070306425/288230376151711744,True,155,0,0.3963972201016775,0.40115194332140697,3.1569833707278874,3.171396516552249,0.3963972201016779,0.40115194332140663,3.1569833707278905,3.171396516552246,0.3962021139500277,0.40323532121165323,3.143010721913954,3.17147509751916,0.3962021139500299,0.40323532121165107,3.143010721913972,3.1714750975191426
156,3.1,3.12,0.02,893514166070306425/288230376151711744,224819693398335165/72057594037927936,True,156,0,0.3946748790115643,0.3992944966004667,3.1708509344914657,3.1851938845112,0.39467487901156467,0.3992944966004663,3.1708509344914693,3.1851938845111967,0.39448557817928687,0.4012736820681906,3.156941322497304,3.185271040008135,0.3944855781792891,0.40127368206818836,3.1569413224973206,3.1852710400081183
157,3.12,3.14,0.02,224819693398335165/72057594037927936,905043381116374895/288230376151711744,True,157,0,0.39304548978421255,0.39753401547004796,3.184657538831171,3.198931979412395,0.393045489784213,0.3975340154700476,3.184657538831175,3.1989319794123916,0.39286186346751606,0.399412568181952,3.170809412743482,3.199007764752347,0.39286186346751817,0.39941256818194987,3.170809412743499,3.1990077647523303
158,3.14,3.16,0.02,905043381116374895/288230376151711744,455403994319704565/144115188075855872,True,158,0,0.3915057784064022,0.3958671433110072,3.1984046544262794,3.2126122295610484,0.3915057784064026,0.39586714331100675,3.198404654426283,3.212612229561045,0.3913276941338512,0.39764851103202514,3.1846165112924134,3.2126866982273348,0.39132769413385327,0.39764851103202303,3.184616511292431,3.212686698227317
159,3.16,3.18,0.02,455403994319704565/144115188075855872,916572596162443365/288230376151711744,True,159,0,0.39005258214851557,0.3942906354773415,3.212093705865174,3.2262360164690103,0.39005258214851596,0.3942906354773411,3.212093705865178,3.2262360164690063,0.38987990620588664,0.39597815558767163,3.1983640905389787,3.2263092205797212,0.38987990620588886,0.3959781555876694,3.198364090538996,3.2263092205797035
160,3.18,3.2,0.02,916572596162443365/288230376151711744,28823037615171175/9007199254740992,True,160,0,0.3886828486124868,0.39280135612072536,3.2257260716573555,3.2398046745460642,0.38868284861248725,0.3928013561207249,3.2257260716573586,3.239804674546061,0.38851544650700975,0.3943982572151623,3.212053576862213,3.239876664939561,0.38851544650701186,0.3943982572151602,3.21205357686223,3.2398766649395436
161,3.2,3.22,0.02,28823037615171175/9007199254740992,928101811208511835/288230376151711744,True,161,0,0.38739363484181927,0.39139627474459454,3.239303084080932,3.2533194912488246,0.3873936348418197,0.3913962747445941,3.239303084080935,3.2533194912488215,0.387231371816483,0.3929056782860089,3.2256863504137248,3.2533903174817427,0.38723137181648526,0.39290567828600664,3.225686350413743,3.2533903174817245
162,3.22,3.24,0.02,928101811208511835/288230376151711744,466933209365773035/144115188075855872,True,162,0,0.3861821009533375,0.39007246806216817,3.2528260292004716,3.2667817073220973,0.3861821009533379,0.39007246806216783,3.2528260292004743,3.266781707322094,0.386024842224469,0.3914973903995833,3.239263744999098,3.266851417671676,0.3860248422244711,0.3914973903995812,3.239263744999117,3.266851417671658
163,3.24,3.2600000000000002,0.02,466933209365773035/144115188075855872,939631026254580305/288230376151711744,True,163,0,0.38504551221991573,0.3888271132559332,3.2662961474842036,3.2801925166802004,0.3850455122199162,0.3888271132559328,3.2662961474842063,3.2801925166801973,0.384893123454047,0.390170467475959,3.252787048576901,3.2802611581463013,0.38489312345404914,0.3901704674759569,3.2527870485769186,3.2802611581462844
164,3.2600000000000002,3.2800000000000002,0.02,939631026254580305/288230376151711744,236348908444403635/72057594037927936,True,164,0,0.383981233533202,0.3876574887420932,3.279714633416721,3.293553067502161,0.38398123353320246,0.3876574887420928,3.2797146334167238,3.293553067502158,0.3838335811088866,0.3889220867939255,3.266257502758721,3.2936206858162524,0.3838335811088889,0.3889220867939233,3.2662575027587386,3.293620685816235
165,3.2800000000000002,3.3000000000000003,0.02,236348908444403635/72057594037927936,951160241300648775/288230376151711744,True,165,0,0.3829867272339214,0.3865609714756211,3.2930826361214875,3.3068644625053487,0.3829867272339219,0.3865609714756206,3.293082636121491,3.306864462505345,0.38284367851037765,0.38774952633466125,3.279676303337193,3.3069311021403194,0.38284367851037976,0.38774952633465914,3.2796763033372116,3.3069311021403016
166,3.3000000000000003,3.3200000000000003,0.02,951160241300648775/288230376151711744,478462424411841505/144115188075855872,True,166,0,0.3820595524135619,0.3855350327167677,3.3064012595178793,3.3201277598497443,0.3820595524135623,0.3855350327167673,3.306401259517883,3.3201277598497403,0.3819209760620642,0.38665016051890644,3.2930446003571134,3.3201934640332302,0.3819209760620662,0.38665016051890433,3.2930446003571303,3.320193464033213
167,3.3200000000000003,3.34,0.02,478462424411841505/144115188075855872,962689456346717245/288230376151711744,True,167,0,0.3811973593212367,0.38457723864881344,3.3196715636528147,3.3333439730102903,0.38119735932123716,0.38457723864881305,3.319671563652818,3.333343973010287,0.3810631254557653,0.385621461047823,3.306363499376739,3.333408783736412,0.3810631254557675,0.3856214610478209,3.306363499376756,3.3334087837363935
168,3.34,3.36,0.02,962689456346717245/288230376151711744,121056757983718935/36028797018963968,True,168,0,0.3803978897538685,0.3836852449865277,3.3328945648229986,3.346514071984414,0.3803978897538689,0.3836852449865273,3.3328945648230013,3.3465140719844104,0.38026787021542113,0.38466099137006843,3.3196340615239293,3.3465780300294408,0.3802678702154233,0.3846609913700663,3.3196340615239475,3.3465780300294226
169,3.36,3.38,0.02,121056757983718935/36028797018963968,974218671392785715/288230376151711744,True,169,0,0.37965897263087417,0.3828567963950737,3.346071236074226,3.359638984227644,0.37965897263087456,0.3828567963950733,3.3460712360742297,3.3596389842276406,0.3795330411365258,0.3837664062390407,3.332857303938888,3.3597021291690794,0.37953304113652797,0.3837664062390385,3.332857303938906,3.3597021291690616
170,3.38,3.4,0.02,974218671392785715/288230376151711744,489991639457909975/144115188075855872,True,170,0,0.37897852108813657,0.3820897243997148,3.3592025080818173,3.3727195952980606,0.37897852108813695,0.38208972439971445,3.3592025080818213,3.372719595298057,0.37885655333786405,0.3829354496595872,3.346034200609029,3.372781965534498,0.37885655333786633,0.3829354496595849,3.346034200609047,3.37278196553448
171,3.4,3.42,0.02,489991639457909975/144115188075855872,985747886438854185/288230376151711744,True,171,0,0.37835453271623454,0.3813819421760943,3.372289269937235,3.3857567496694334,0.3783545327162349,0.381381942176094,3.3722892699372387,3.38575674966943,0.37823640664463204,0.3821659495206526,3.359165683118116,3.385818382440789,0.37823640664463437,0.3821659495206502,3.3591656831181345,3.385818382440771
172,3.42,3.44,0.02,985747886438854185/288230376151711744,247878123490472105/72057594037927936,True,172,0,0.3777850830454914,0.3807314461340862,3.3853323696887556,3.3987512518489615,0.3777850830454919,0.38073144613408577,3.385332369688759,3.398751251848958,0.3776706788162591,0.3814558194168767,3.3722526411527016,3.398812183260883,0.37767067881626126,0.3814558194168747,3.37225264115272,3.398812183260865
173,3.44,3.46,0.02,247878123490472105/72057594037927936,997277101484922655/288230376151711744,True,173,0,0.3772683259670516,0.38013631061515607,3.3983326156497173,3.411703866776047,0.377268325967052,0.3801363106151557,3.398332615649721,3.4117038667760435,0.37715752612269604,0.38080305316525165,3.3852959237894704,3.411764131821662,0.3771575261226981,0.38080305316524965,3.3852959237894873,3.4117641318216445
174,3.46,3.48,0.02,997277101484922655/288230376151711744,501520854503978445/144115188075855872,True,174,0,0.3768024910459068,0.37959468576004407,3.4112907771988104,3.424615320763776,0.3768024910459073,0.3795946857600436,3.4112907771988135,3.4246153207637726,0.3766951806260319,0.3802057226733812,3.3982963402750785,3.424674953348198,0.3766951806260342,0.380205722673379,3.398296340275095,3.4246749533481813
175,3.48,3.5,0.02,501520854503978445/144115188075855872,1008806316530991125/288230376151711744,True,175,0,0.3763858793980038,0.379104796883817,3.424207585079355,3.4374863029656373,0.3763858793980041,0.3791047968838166,3.4242075850793583,3.437486302965634,0.3762819459417527,0.3796619773948441,3.4112546603102705,3.437545335933343,0.3762819459417548,0.37966197739484187,3.4112546603102865,3.437545335933327
176,3.5,3.52,0.02,1008806316530991125/288230376151711744,63410682753376585/18014398509481984,True,176,0,0.3760168626600388,0.3786649408369877,3.437083732919725,3.4503174656365445,0.37601686266003925,0.37866494083698726,3.4370837329197284,3.450317465636541,0.37591619627322487,0.37917004058596754,3.424171615569559,3.450375930792042,0.375916196273227,0.37917004058596554,3.424171615569576,3.450375930792025
177,3.52,3.54,0.02,63410682753376585/18014398509481984,1020335531577059595/288230376151711744,True,177,0,0.37569388080312555,0.3782734836091702,3.4499198776890476,3.4631094254646846,0.375693880803126,0.3782734836091698,3.449919877689051,3.4631094254646815,0.3755963742197542,0.37872820687185976,3.4370479001444765,3.463167353602615,0.37559637421975645,0.3787282068718576,3.4370479001444916,3.463167353602599
178,3.54,3.56,0.02,1020335531577059595/288230376151711744,513050069550046915/144115188075855872,True,178,0,0.37541543943894934,0.3779288585333186,3.4627166407198806,3.4758627643340487,0.3754154394389498,0.37792885853331815,3.4627166407198837,3.475862764334045,0.37532098804589514,0.37833484044119137,3.4498841715701207,3.4759201852663466,0.37532098804589714,0.37833484044118926,3.4498841715701376,3.4759201852663306
179,3.56,3.58,0.02,513050069550046915/144115188075855872,1031864746623128065/288230376151711744,True,179,0,0.37518010773919286,0.37762956397421205,3.475474608512404,3.4885780302967646,0.3751801077391933,0.3776295639742116,3.4754746085124077,3.488578030296761,0.37508860959782475,0.37798837268882435,3.4626810516331026,3.488634972880564,0.3750886095978269,0.3779883726888222,3.46268105163312,3.488634972880546
180,3.58,3.6,0.02,1031864746623128065/288230376151711744,259407338536540575/72057594037927936,True,180,0,0.3749865155309989,0.37737416194327483,3.4881943338417236,3.501255738226763,0.3749865155309993,0.3773741619432744,3.4881943338417267,3.5012557382267593,0.3748978713466408,0.37768730083170504,3.475439127487307,3.501312230391516,0.3748978713466429,0.3776873008317031,3.475439127487325,3.501312230391499
181,3.6,3.62,0.02,259407338536540575/72057594037927936,1043393961669196535/288230376151711744,True,181,0,0.37483335287886765,0.37716127433231006,3.50087633639521,3.5138963709228057,0.37483335287886804,0.37716127433230967,3.500876336395214,3.5138963709228017,0.374747466057528,0.37743018400244965,3.4881589523008834,3.5139524396982713,0.3747474660575301,0.3774301840024476,3.4881589523009007,3.5139524396982544
182,3.62,3.64,0.02,1043393961669196535/288230376151711744,524579284596115385/144115188075855872,True,182,0,0.37471936662895483,0.376989582293997,3.5135211034883596,3.5265003801064307,0.3747193666289553,0.3769895822939966,3.5135211034883627,3.526500380106427,0.3746361432453796,0.37721564266420043,3.500841045983736,3.526556051652037,0.3746361432453815,0.3772156426641985,3.5008410459837522,3.5265560516520216
183,3.64,3.66,0.02,524579284596115385/144115188075855872,1054923176715265005/288230376151711744,True,183,0,0.37464335878090155,0.37685782390544853,3.5261290915334413,3.5390681866369125,0.374643358780902,0.37685782390544814,3.526129091533445,3.5390681866369094,0.3745627075602338,0.3770423562051468,3.5134858966750926,3.5391234862674357,0.3745627075602359,0.37704235620514476,3.5134858966751086,3.5391234862674197
184,3.66,3.68,0.02,1054923176715265005/288230376151711744,132585973029787405/36028797018963968,True,184,0,0.3746041846400043,0.3767647921637812,3.538700726284648,3.551600181915544,0.3746041846400047,0.37676479216378084,3.538700726284651,3.551600181915541,0.3745260169374956,0.37690906087979753,3.526093961002612,3.5516551341299905,0.37452601693749765,0.3769090608797954,3.5260939610026294,3.5516551341299736
185,3.68,3.7,0.02,132585973029787405/36028797018963968,1066452391761333475/288230376151711744,True,185,0,0.3746007504790056,0.3767093335861503,3.551236403789079,3.5640967285458998,0.37460075047900593,0.3767093335861499,3.551236403789082,3.5640967285458967,0.37452498022827985,0.3768145483836569,3.5386656650530033,3.5641513570556027,0.3745249802282819,0.37681454838365486,3.5386656650530206,3.564151357055586
186,3.7,3.72,0.02,1066452391761333475/288230376151711744,536108499642183855/144115188075855872,True,186,0,0.37463201293094417,0.37669034519231936,3.5637364911420444,3.5765581611498156,0.37463201293094456,0.376690345192319,3.5637364911420484,3.5765581611498116,0.3745585566536765,0.37675766271725997,3.5512014051480603,3.576612488906112,0.3745585566536786,0.37675766271725786,3.551201405148077,3.5766124889060955
187,3.72,3.74,0.02,536108499642183855/144115188075855872,1077981606807401945/288230376151711744,True,187,0,0.3746969763592003,0.3767067736250125,3.5762013275008604,3.5889847868812366,0.37469697635920074,0.37670677362501204,3.5762013275008635,3.5889847868812335,0.3746021681870481,0.3767608842370433,3.563701548881328,3.5890388361018277,0.3746021681870501,0.3767608842370411,3.5637015488813435,3.5890388361018117
188,3.74,3.7600000000000002,0.02,1077981606807401945/288230376151711744,270936553582609045/72057594037927936,True,188,0,0.3747946909394857,0.376757613672461,3.588631224576762,3.6013768864168627,0.3747946909394861,0.37675761367246063,3.588631224576765,3.6013768864168596,0.37466797499699817,0.3768100507597704,3.576166435631404,3.601430678613402,0.37466797499700016,0.37681005075976837,3.576166435631421,3.6014306786133843
189,3.7600000000000002,3.7800000000000002,0.02,270936553582609045/72057594037927936,1089510821853470415/288230376151711744,True,189,0,0.3749242511952813,0.37684190645123394,3.6010264673337127,3.613734714692927,0.3749242511952817,0.37684190645123355,3.601026467333716,3.6137347146929235,0.3747665060396362,0.3768927236316412,3.588596377284508,3.6137882706983655,0.37476650603963846,0.37689272363163906,3.5885963772845244,3.6137882706983495
190,3.7800000000000002,3.8000000000000003,0.02,1089510821853470415/288230376151711744,547637714688252325/144115188075855872,True,190,0,0.37508479490907415,0.37695873732622165,3.613387314971658,3.626058501309098,0.3750847949090746,0.37695873732622115,3.6133873149716615,3.626058501309094,0.3748968569627982,0.37700798659879675,3.6009916592440954,3.6261118413029028,0.37489685696280045,0.37700798659879453,3.6009916592441122,3.626111841302886
191,3.8000000000000003,3.8200000000000003,0.02,547637714688252325/144115188075855872,1101040036899538885/288230376151711744,True,191,0,0.37527550144452027,0.3771072345317243,3.6257140013130984,3.638348451479262,0.37527550144452065,0.3771072345317239,3.625714001313101,3.6383484514792594,0.37505816651042273,0.37715496629022577,3.613352540840984,3.6384015950139332,0.3750581665104248,0.37715496629022366,3.6133525408409994,3.6384015950139172
192,3.8200000000000003,3.84,0.02,1101040036899538885/288230376151711744,17293822569102705/4503599627370496,True,192,0,0.37549558986700465,0.3772865681048383,3.638006735619365,3.6506047465019518,0.37549558986700504,0.37728656810483785,3.6380067356193684,3.6506047465019487,0.37524961456339045,0.37733283117554056,3.625679256176124,3.650657712528355,0.37524961456339245,0.3773328311755384,3.625679256176141,3.650657712528337
193,3.84,3.86,0.02,17293822569102705/4503599627370496,1112569251945607355/288230376151711744,True,193,0,0.37574431746388,0.3774959485283079,3.6502657031781234,3.662827544408213,0.3757443174638803,0.3774959485283076,3.650265703178127,3.6628275444082097,0.375470420599962,0.3775407902130324,3.6379720147340313,3.6628803513006734,0.37547042059996416,0.3775407902130303,3.637972014734048,3.662880351300657
194,3.86,3.88,0.02,1112569251945607355/288230376151711744,559166929734320795/144115188075855872,True,194,0,0.3760209792788491,0.37773462446667777,3.6624910657916017,3.675016980656986,0.3760209792788495,0.37773462446667744,3.6624910657916048,3.675016980656983,0.3757198432207409,0.37777809054146305,3.650231001897031,3.6750696462383075,0.37571984322074303,0.37777809054146105,3.6502310018970476,3.675069646238292
195,3.88,3.9,0.02,559166929734320795/144115188075855872,1124098466991675825/288230376151711744,True,195,0,0.3763249062395705,0.37800188201521195,3.6746829627110467,3.687173168331767,0.3763249062395709,0.3780018820152116,3.6746829627110493,3.687173168331764,0.37599717819160783,0.37804401676075516,3.662456379908184,3.687225709895935,0.37599717819161,0.378044016760753,3.662456379908199,3.68722570989592
196,3.9,3.92,0.02,1124098466991675825/288230376151711744,282465768628677515/72057594037927936,True,196,0,0.37665546346887,0.37829704386910123,3.68684151082883,3.6992961990271698,0.3766554634688704,0.37829704386910085,3.6868415108288324,3.6992961990271667,0.3763017566796443,0.3783378901245294,3.674648288087919,3.6993486333637535,0.37630175667964644,0.3783378901245273,3.674648288087935,3.6993486333637366
197,3.92,3.94,0.02,282465768628677515/72057594037927936,1135627682037744295/288230376151711744,True,197,0,0.37701204988443343,0.3786194673059929,3.698966805187123,3.71138614336648,0.3770120498844338,0.3786194673059925,3.698966805187126,3.711386143366477,0.3766329448414521,0.3786590664830309,3.6868068433696832,3.711438486784364,0.3766329448414542,0.3786590664830287,3.6868068433696997,3.7114384867843477
198,3.94,3.96,0.02,1135627682037744295/288230376151711744,570696144780389265/144115188075855872,True,198,0,0.37739409691715087,0.3789685431498996,3.711058919894611,3.723443051058497,0.37739409691715126,0.3789685431498992,3.7110589198946142,3.7234430510584944,0.3769901424832252,0.37900693525535434,3.698932141245745,3.723495319406797,0.37699014248322726,0.3790069352553523,3.698932141245762,3.7234953194067804
199,3.96,3.98,0.02,570696144780389265/144115188075855872,1147156897083812765/288230376151711744,True,199,0,0.3778010665580349,0.3793436955044424,3.7231179081771737,3.735466951767861,0.3778010665580353,0.379343695504442,3.7231179081771772,3.7354669517678576,0.37737278101597377,0.3793809192054683,3.7110242558419198,3.7355191604590265,0.3773727810159758,0.3793809192054662,3.7110242558419357,3.7355191604590106
200,3.98,4.0,0.02,1147156897083812765/288230376151711744,144115188075855875/36028797018963968,True,200,0,0.3782324517387402,0.37974437924793064,3.735143802832251,3.7474578555297042,0.37823245173874054,0.37974437924793025,3.7351438028322534,3.747457855529701,0.3777803238582503,0.37978047186723624,3.7230832403990504,3.7475100195616355,0.37778032385825244,0.3797804718672341,3.7230832403990686,3.7475100195616178
201,4.0,4.0200000000000005,0.02,144115188075855875/36028797018963968,1158686112129881235/288230376151711744,True,201,0,0.37868777415003146,0.38017008018435794,3.7471366170678757,3.759415752727312,0.37868777415003185,0.38017008018435755,3.7471366170678784,3.759415752727309,0.37821226414934855,0.3802050777539025,3.735109126820879,3.7594678880226513,0.3782122641493507,0.38020507775390033,3.7351091268208956,3.759467888022635
202,4.0200000000000005,4.04,0.02,1158686112129881235/288230376151711744,582225359826457735/144115188075855872,True,202,0,0.37916658377020807,0.380620313575663,3.759096344476059,3.7713406148839104,0.37916658377020845,0.38062031357566267,3.7590963444760614,3.7713406148839077,0.37866812425579244,0.38065425086658145,3.747101927774739,3.7713927375278744,0.37866812425579466,0.38065425086657934,3.7471019277747564,3.7713927375278575
203,4.04,4.0600000000000005,0.02,582225359826457735/144115188075855872,1170215327175949705/288230376151711744,True,203,0,0.37966845819754885,0.3810946229592736,3.7710229595459377,3.783232394863268,0.3796684581975492,0.3810946229592732,3.771022959545941,3.7832323948632647,0.379147455070309,0.38112753350063744,3.759061638897512,3.7832845186743755,0.3791474550703111,0.3811275335006353,3.759061638897529,3.783284518674359
204,4.0600000000000005,4.08,0.02,1170215327175949705/288230376151711744,293994983674745985/72057594037927936,True,204,0,0.380193000932323,0.3815925801033494,3.7829164180059096,3.795091027190174,0.3801930009323234,0.38159258010334896,3.7829164180059127,3.795091027190171,0.3796498342103511,0.3816244962408423,3.770988234796747,3.795143165657494,0.37964983421035314,0.38162449624084027,3.7709882347967634,3.795143165657478
205,4.08,4.1,0.02,293994983674745985/72057594037927936,1181744542222018175/288230376151711744,True,205,0,0.3807398417899215,0.3821137829157348,3.7947766569647117,3.806916428521555,0.3807398417899219,0.3821137829157344,3.794776656964715,3.8069164285215518,0.38017486644677334,0.38214473581225744,3.78288167113431,3.806968594824702,0.38017486644677545,0.38214473581225533,3.7828816711343256,3.806968594824686
206,4.1,4.12,0.02,1181744542222018175/288230376151711744,593754574872526205/144115188075855872,True,206,0,0.3813086347770664,0.38265785597309815,3.806603595762279,3.818708497357242,0.3813086347770668,0.3826578559730978,3.806603595762282,3.8187084973572394,0.3807221814766263,0.3826878756712929,3.7947418854692723,3.8187607044194953,0.38072218147662834,0.38268787567129087,3.7947418854692905,3.818760704419477
207,4.12,4.14,0.02,593754574872526205/144115188075855872,1193273757268086645/288230376151711744,True,207,0,0.38189905877089414,0.38322444832788893,3.818397135670584,3.830467114851184,0.38189905877089453,0.38322444832788854,3.818397135670587,3.830467114851181,0.3812914346271681,0.383253563747246,3.806568797084634,3.830519375291649,0.38129143462717024,0.38325356374724384,3.806568797084651,3.8305193752916322
208,4.14,4.16,0.02,1193273757268086645/288230376151711744,74939897799445055/18014398509481984,True,208,0,0.3825108152524157,0.38381323434023534,3.830157160326912,3.8421921448403573,0.3825108152524161,0.38381323434023495,3.830157160326915,3.842192144840354,0.3818823044795425,0.38384147334447644,3.818362307355437,3.8422444710160706,0.3818823044795446,0.3838414733444743,3.8183623073554545,3.8422444710160533
209,4.16,4.18,0.02,74939897799445055/18014398509481984,1204802972314155115/288230376151711744,True,209,0,0.38314362919759576,0.3844239114290183,3.841883535954675,3.853883434037281,0.3831436291975961,0.3844239114290179,3.841883535954678,3.853883434037278,0.38249449379148176,0.3844513008233016,3.83012230001237,3.853935838067111,0.382494493791484,0.3844513008232994,3.8301223000123863,3.853935838067095
210,4.18,4.2,0.02,1204802972314155115/288230376151711744,605283789918594675/144115188075855872,True,210,0,0.38379724722507963,0.3850562006418441,3.853576111497342,3.8655408122602717,0.38379724722508,0.3850562006418437,3.8535761114973446,3.865540812260269,0.38312772755349483,0.3850827662238735,3.841848641306211,3.8655933060427357,0.3831277275534969,0.38508276622387133,3.841848641306228,3.865593306042719
211,4.2,4.22,0.02,605283789918594675/144115188075855872,1216332187360223585/288230376151711744,True,211,0,0.3844714377054962,0.3857098453367436,3.865234718977982,3.8771640923896684,0.3844714377054966,0.38570984533674313,3.865234718977985,3.8771640923896658,0.3837817530929202,0.3857356119163822,3.853541180393497,3.877216687618931,0.3837817530929222,0.3857356119163802,3.853541180393514,3.877216687618915
212,4.22,4.24,0.02,1216332187360223585/288230376151711744,305524198720814455/72057594037927936,True,212,0,0.38516599002166985,0.3863846107848491,3.876859173445096,3.8887530706893747,0.38516599002167023,0.38638461078484876,3.8768591734450992,3.8887530706893716,0.384456339290602,0.38640960221136916,3.8651997463555414,3.8888057818222124,0.3844563392906039,0.3864096022113673,3.865199746355558,3.888805781822196
213,4.24,4.26,0.02,305524198720814455/72057594037927936,1227861402406292055/288230376151711744,True,213,0,0.3858807138307844,0.387080283841299,3.8884492037424154,3.900307596256258,0.38588071383078476,0.3870802838412986,3.8884492037424185,3.900307596256255,0.3851512757995523,0.3871045230390445,3.8768241536128776,3.900360368858464,0.38515127579955444,0.38710452303904236,3.876824153612895,3.9003603688584465
214,4.26,4.28,0.02,1227861402406292055/288230376151711744,616813004964663145/144115188075855872,True,214,0,0.38661543904818585,0.3877966719630772,3.900004396284406,3.9118276274159456,0.3866154390481862,0.3877966719630769,3.9000043962844093,3.911827627415943,0.3858663730148573,0.3878201809467045,3.88841396568219,3.9118804465512897,0.3858663730148595,0.3878201809467024,3.8884139656822065,3.9118804465512733
215,4.28,4.3,0.02,616813004964663145/144115188075855872,1239390617452360525/288230376151711744,True,215,0,0.3873700148442293,0.3885336032810923,3.911524787356501,3.9233126395458884,0.38737001484422967,0.3885336032810919,3.9115247873565036,3.9233126395458853,0.3866014610150067,0.3885564031927349,3.899969109361344,3.9233656163042356,0.38660146101500875,0.3885564031927327,3.899969109361362,3.9233656163042174
216,4.3,4.32,0.02,1239390617452360525/288230376151711744,155644403121924345/36028797018963968,True,216,0,0.388144309721622,0.38929092565748796,3.9230101249920613,3.9347623632739293,0.38814430972162234,0.3892909256574876,3.9230101249920635,3.9347623632739266,0.38735638962715196,0.3893130367830923,3.9114894495232604,3.9348155084063703,0.3873563896271541,0.3893130367830902,3.9114894495232773,3.9348155084063534
217,4.32,4.34,0.02,155644403121924345/36028797018963968,1250919832498428995/288230376151711744,True,217,0,0.3889382109152955,0.3900685064850411,3.9344601407058697,3.946176512772385,0.3889382109152959,0.3900685064850407,3.934460140705872,3.9461765127723827,0.3881310277867558,0.3900899482786523,3.922974734271983,3.9462298369277446,0.3881310277867577,0.3900899482786504,3.922974734272001,3.9462298369277278
218,4.34,4.36,0.02,1250919832498428995/288230376151711744,628342220010731615/144115188075855872,True,218,0,0.389751623692622,0.39086623264960246,3.9458745494960077,3.95755478573574,0.3897516236926224,0.3908662326496021,3.9458745494960104,3.957554785735737,0.3889252627938687,0.39088702376989887,3.9344246951907365,3.957608299474898,0.3889252627938707,0.3908870237698968,3.934424695190754,3.957608299474881
219,4.36,4.38,0.02,628342220010731615/144115188075855872,1262449047544497465/288230376151711744,True,219,0,0.3905844718103827,0.3916840093979829,3.9572530498232683,3.9688968633327195,0.3905844718103831,0.39168400939798254,3.9572530498232714,3.9688968633327164,0.38973900077000534,0.391704167713757,3.9458390473450997,3.968950577143259,0.3897390007700076,0.3917041677137547,3.9458390473451157,3.9689505771432425
220,4.38,4.4,0.02,1262449047544497465/288230376151711744,317053413766882925/72057594037927936,True,220,0,0.39143669664172875,0.39252176059728416,3.9685953235645646,3.980202410135821,0.3914366966417291,0.39252176059728383,3.9685953235645677,3.980202410135818,0.3905721657326851,0.3925413032146842,3.957217489260923,3.9802563344463886,0.39057216573268716,0.39254130321468217,3.95721748926094,3.9802563344463717
221,4.4,4.42,0.02,317053413766882925/72057594037927936,1273978262590565935/288230376151711744,True,221,0,0.392308256672539,0.3933794286852421,3.9799010359419347,3.991471074026519,0.3923082566725394,0.3933794286852417,3.9799010359419373,3.991471074026516,0.3914246990542326,0.39339837198235095,3.968559702877873,3.9915252192210176,0.39142469905423477,0.39339837198234884,3.96855970287789,3.991525219221001
222,4.42,4.44,0.02,1273978262590565935/288230376151711744,639871435056800085/144115188075855872,True,222,0,0.3931991282192072,0.39425697345871324,3.9911698354277774,4.002702486075121,0.3931991282192076,0.3942569734587128,3.991169835427781,4.0027024860751155,0.3922965601854799,0.3942753330843761,3.9798653534793598,4.00275686250684,0.39229656018548203,0.39427533308437407,3.979865353479378,4.00275686250681
223,4.44,4.46,0.02,639871435056800085/144115188075855872,1285507477636634405/288230376151711744,True,223,0,0.3941093042773713,0.3951543727903846,4.0024013536234335,4.013896260397392,0.3941093042773716,0.3951543727903843,4.002401353623439,4.013896260397386,0.3931877254411591,0.3951721636968714,3.991134089596069,4.013950878403,0.39318772544116126,0.3951721636968693,3.9911340895960863,4.013950878402967
224,4.46,4.48,0.02,1285507477636634405/288230376151711744,40352252661239645/9007199254740992,True,224,0,0.39503879473536174,0.39607162203911206,4.013595205128063,4.025051993970666,0.3950387947353621,0.3960716220391117,4.013595205128068,4.025051993970661,0.39409818633687327,0.39608886036202634,4.0023655429001135,4.025106863884136,0.3940981863368754,0.3960888603620242,4.002365542900147,4.025106863884103
225,4.48,4.5,0.02,40352252661239645/9007199254740992,1297036692682702875/288230376151711744,True,225,0,0.3959876261962562,0.39700873390970487,4.0247509873521805,4.036169266454162,0.3959876261962566,0.3970087339097045,4.024750987352187,4.036169266454156,0.3950279540059248,0.397025434224111,4.0135593280441215,4.036224398620731,0.39502795400592683,0.397025434224109,4.013559328044154,4.036224398620699
226,4.5,4.5200000000000005,0.02,1297036692682702875/288230376151711744,651400650102868555/144115188075855872,True,226,0,0.39695584202267126,0.3979657381476582,4.035868280328574,4.047247639960032,0.39695584202267153,0.3979657381476579,4.035868280328581,4.047247639960026,0.3959770565443073,0.39798191339515904,4.024715042498027,4.047303044750145,0.39597705654430954,0.3979819133951569,4.02471504249806,4.047303044750112
227,4.5200000000000005,4.54,0.02,651400650102868555/144115188075855872,1308565907728771345/288230376151711744,True,227,0,0.3979435019019948,0.3989426817709848,4.04694664648911,4.058286658805615,0.3979435019019952,0.3989426817709844,4.046946646489115,4.05828665880561,0.39694553746443495,0.39895834426955185,4.03583226635236,4.058342346628881,0.396945537464437,0.39895834426954985,4.035832266352391,4.058342346628851
228,4.54,4.5600000000000005,0.02,1308565907728771345/288230376151711744,328582628812951395/72057594037927936,True,228,0,0.3989491089461202,0.39994120194747396,4.057985622268453,4.069285857261092,0.39894910894612057,0.39994120194747357,4.0579856222684585,4.069285857261087,0.39793183452652614,0.39995641264091764,4.046910553942048,4.069341838587112,0.3979318345265283,0.3999564126409154,4.046910553942081,4.06934183858708
229,4.5600000000000005,4.58,0.02,328582628812951395/72057594037927936,1320095122774839815/288230376151711744,True,229,0,0.3999610899114541,0.4009730463602452,4.068984671134875,4.08024480525828,0.3999610899114545,0.40097304636024483,4.068984671134881,4.080244805258275,0.39892400470356626,0.4009882192939925,4.057949386889397,4.080301090652878,0.39892400470356826,0.4009882192939905,4.05794938688943,4.080301090652842
230,4.58,4.6000000000000005,0.02,1320095122774839815/288230376151711744,662929865148937025/144115188075855872,True,230,0,0.4009929709666929,0.40202489465787977,4.079943363110499,4.091162931013324,0.40099297096669323,0.40202489465787944,4.079943363110504,4.0911629310133195,0.39993598722969204,0.40204001414531404,4.068948353744003,4.091219531083333,0.39993598722969415,0.4020400141453118,4.068948353744035,4.091219531083301
231,4.6000000000000005,4.62,0.02,662929865148937025/144115188075855872,1331624337820908285/288230376151711744,True,231,0,0.4020448638513741,0.4030968753175556,4.090861187405583,4.102039704673724,0.4020448638513745,0.4030968753175552,4.090861187405588,4.102039704673719,0.40096787724471444,0.40311192559139736,4.079906962534785,4.10209663012301,0.40096787724471655,0.40311192559139536,4.079906962534817,4.10209663012298
232,4.62,4.64,0.02,1331624337820908285/288230376151711744,167173618167992815/36028797018963968,True,232,0,0.4031167485408911,0.40418928204013366,4.1017376131033485,4.112874577915763,0.4031167485408914,0.4041892820401334,4.101737613103354,4.112874577915758,0.4020196338718501,0.40420425146188405,4.090824701527388,4.1129318395584615,0.4020196338718521,0.40420425146188194,4.0908247015274215,4.112931839558427
233,4.64,4.66,0.02,167173618167992815/36028797018963968,1343153552866976755/288230376151711744,True,233,0,0.40420863594459716,0.40530241118434074,4.112572089687181,4.1236669826148455,0.4042086359445975,0.40530241118434035,4.112572089687187,4.12366698261484,0.4030912480022243,0.4053172913378011,4.101701039780048,4.123724591390611,0.40309124800222634,0.40531729133779915,4.101701039780081,4.1237245913905785
234,4.66,4.68,0.02,1343153552866976755/288230376151711744,674459080195005495/144115188075855872,True,234,0,0.4053209754833432,0.4064361543576246,4.12336404936339,4.134416327680952,0.4053209754833436,0.40643615435762426,4.1233640493633965,4.134416327680945,0.4041831607254383,0.40645092825948337,4.112535429497987,4.134474294670215,0.4041831607254405,0.40645092825948115,4.112535429498019,4.1344742946701825
235,4.68,4.7,0.02,674459080195005495/144115188075855872,1354682767913045225/288230376151711744,True,235,0,0.406453945692419,0.407590708139439,4.134112902392845,4.145122002721663,0.4064539456924194,0.4075907081394386,4.13411290239285,4.145122002721657,0.4052955337445843,0.4076053586074185,4.123327301399098,4.145180339159567,0.4052955337445863,0.40760535860741653,4.12332730139913,4.145180339159535
236,4.7,4.72,0.02,1354682767913045225/288230376151711744,340111843859019865/72057594037927936,True,236,0,0.4076077423711616,0.40876628623500616,4.144818038052085,4.155783376093499,0.40760774237116193,0.4087662862350058,4.144818038052091,4.155783376093494,0.40642854590068056,0.4087807958502752,4.1340760657062505,4.15584209338652,0.40642854590068267,0.4087807958502731,4.134076065706285,4.155842093386486
237,4.72,4.74,0.02,340111843859019865/72057594037927936,1366211982959113695/288230376151711744,True,237,0,0.40878257841725885,0.409963120031546,4.155478824189958,4.166399794263172,0.4087825784172592,0.40996312003154567,4.155478824189964,4.1663997942631665,0.4075823929670628,0.4099774711095047,4.144781111739623,4.166458904005151,0.40758239296706483,0.4099774711095027,4.144781111739658,4.166458904005116
238,4.74,4.76,0.02,1366211982959113695/288230376151711744,685988295241073965/144115188075855872,True,238,0,0.4099786845566868,0.4111814583233146,4.1660946066498505,4.17697058123032,0.40997868455668723,0.4111814583233142,4.166094606649858,4.1769705812303135,0.4087572883616053,0.41119563286983385,4.155441807374864,4.17703009521907,0.40875728836160746,0.4111956328698317,4.155441807374896,4.177030095219036
239,4.76,4.78,0.02,685988295241073965/144115188075855872,1377741198005182165/288230376151711744,True,239,0,0.41119630923165995,0.4124215679448686,4.176664708735917,4.1874950378302565,0.4111963092316603,0.41242156794486823,4.176664708735923,4.187495037830251,0.4099534629930389,0.4124355476210835,4.166057498547266,4.18755496808418,0.409953462993041,0.4124355476210815,4.166057498547296,4.18755496808415
240,4.78,4.8,0.02,1377741198005182165/288230376151711744,86469112845513525/18014398509481984,True,240,0,0.4124357185194336,0.413683734441482,4.187188430506577,4.197972441130359,0.41243571851943395,0.4136837344414816,4.187188430506583,4.197972441130353,0.41117116513889035,0.4136975005354484,4.176627508583856,4.198032799906018,0.41117116513889235,0.4136975005354465,4.176627508583889,4.1980327999059845
241,4.8,4.82,0.02,86469112845513525/18014398509481984,1389270413051250635/288230376151711744,True,241,0,0.41369719704337765,0.41496826181724844,4.1976650481247715,4.208402043687245,0.41369719704337804,0.41496826181724805,4.197665048124778,4.20840204368724,0.412410661337466,0.4149817951996637,4.1871511375945225,4.208462843497325,0.41241066133746807,0.4149817951996617,4.1871511375945545,4.208462843497292
242,4.82,4.84,0.02,1389270413051250635/288230376151711744,697517510287142435/144115188075855872,True,242,0,0.4149810481710027,0.4162754730686325,4.208093813136041,4.218783072789824,0.414981048171003,0.4162754730686322,4.208093813136047,4.218783072789818,0.41367223654724955,0.4162887541510205,4.197627661792575,4.218844326421738,0.4136722365472517,0.41628875415101835,4.197627661792606,4.218844326421708
243,4.84,4.86,0.02,697517510287142435/144115188075855872,1400799628097319105/288230376151711744,True,243,0,0.41628759417798683,0.41760571082687936,4.218473951708329,4.229114729650399,0.4162875941779872,0.41760571082687903,4.218473951708335,4.2291147296503935,0.4149561942704556,0.41761871952282364,4.208056332779039,4.229176450185514,0.4149561942704578,0.4176187195228214,4.208056332779071,4.229176450185481
244,4.86,4.88,0.02,1400799628097319105/288230376151711744,351641058905088335/72057594037927936,True,244,0,0.4176171770071796,0.41895933748301145,4.228804663821109,4.239396188551963,0.41761717700718,0.41895933748301106,4.2288046638211165,4.239396188551956,0.41626285728210394,0.4189720531605076,4.218436376778299,4.239458389385565,0.41626285728210594,0.4189720531605057,4.218436376778329,4.239458389385533
245,4.88,4.9,0.02,351641058905088335/72057594037927936,1412328843143387575/288230376151711744,True,245,0,0.4189701585470528,0.4203367358740981,4.239085122405644,4.249626595945183,0.4189701585470531,0.4203367358740977,4.23908512240565,4.249626595945178,0.4175925678659515,0.42034913731009227,4.228766993749954,4.249689290884419,0.41759256786595367,0.42034913731009005,4.228766993749987,4.249689290884385
246,4.9,4.92,0.02,1412328843143387575/288230376151711744,709046725333210905/144115188075855872,True,246,0,0.420346921082507,0.4217383098811547,4.249314472437144,4.259805069489367,0.4203469210825073,0.42173830988115435,4.24931447243715,4.259805069489361,0.41894568822448,0.4217503752149019,4.239047356747847,4.259868272636377,0.4189456882244821,0.42175037521489983,4.23904735674788,4.259868272636342
247,4.92,4.94,0.02,709046725333210905/144115188075855872,1423858058189456045/288230376151711744,True,247,0,0.42174786785304147,0.4231644850073092,4.259491829973176,4.269930697037675,0.4217478678530418,0.4231644850073089,4.2594918299731805,4.269930697037671,0.42032260099594715,0.42317619169103293,4.249276610822597,4.269994422863361,0.42032260099594926,0.4231761916910309,4.249276610822631,4.269994422863326
248,4.94,4.96,0.02,1423858058189456045/288230376151711744,178702833214061285/36028797018963968,True,248,0,0.4231734237551697,0.42461570890331707,4.269616281131714,4.280002535567512,0.42317342375517003,0.42461570890331674,4.269616281131721,4.280002535567506,0.4217237099154315,0.4246270336484362,4.259453872097135,4.2800667989454135,0.42172370991543373,0.4246270336484339,4.259453872097166,4.2800667989453824
249,4.96,4.98,0.02,178702833214061285/36028797018963968,1435387273235524515/288230376151711744,True,249,0,0.42462403593732706,0.4260924520965272,4.2796868812034345,4.290019609855183,0.42462403593732745,0.4260924520965268,4.27968688120344,4.290019609855178,0.4231494403635062,0.42610337081815375,4.269578226950365,4.290084426084716,0.4231494403635083,0.4261033708181517,4.269578226950398,4.290084426084683
250,4.98,5.0,0.02,1435387273235524515/288230376151711744,720575940379279375/144115188075855872,True,250,0,0.4261001742928707,0.4275952089223992,4.289702652947384,4.299980911839057,0.4261001742928711,0.4275952089223988,4.289702652947389,4.299980911839053,0.424600239808198,0.4276056966845674,4.279648730371721,4.300046296673928,0.4246002398082001,0.42760569668456533,4.279648730371755,4.300046296673894
251,5.0,5.0200000000000005,0.02,720575940379279375/144115188075855872,1446916488281592985/288230376151711744,True,251,0,0.4276023325061435,0.4291244980086236,4.299662585940568,4.3098853987936385,0.4276023325061438,0.4291244980086233,4.299662585940573,4.309885398793634,0.42607657880734257,0.42913452896036186,4.2896644053810835,4.309951368467536,0.42607657880734473,0.4291345289603597,4.2896644053811155,4.3099513684675035
252,5.0200000000000005,5.04,0.02,1446916488281592985/288230376151711744,363170273951156805/72057594037927936,True,252,0,0.42913102872683423,0.43068086324226024,4.309565635115354,4.319731992172762,0.4291310287268346,0.43068086324225985,4.3095656351153595,4.319731992172756,0.4275789516295541,0.43069041055142365,4.299624241635014,4.319798563427721,0.427578951629556,0.43069041055142177,4.299624241635048,4.319798563427687
253,5.04,5.0600000000000005,0.02,363170273951156805/72057594037927936,1458445703327661455/288230376151711744,True,253,0,0.43068680634642237,0.4322648747520616,4.31941071941358,4.329519576184849,0.4306868063464227,0.4322648747520612,4.319410719413584,4.329519576184843,0.4291078769723438,0.43227391053885444,4.309527194155109,4.329586766300992,0.42910787697234604,0.4322739105388524,4.309527194155144,4.329586766300959
254,5.0600000000000005,5.08,0.02,1458445703327661455/288230376151711744,732105155425347845/144115188075855872,True,254,0,0.4322702349495594,0.43387712983963184,4.3291967203245925,4.33924699632405,0.43227023494955974,0.43387712983963145,4.329196720324598,4.339246996324045,0.4306638988572754,0.43388562510446316,4.319372181944316,4.339314823151155,0.43066389885727757,0.4338856251044611,4.319372181944351,4.33931482315112
255,5.08,5.1000000000000005,0.02,732105155425347845/144115188075855872,1469974918373729925/288230376151711744,True,255,0,0.4338819112984187,0.43551825400846295,4.338922480461689,4.348913057693188,0.4338819112984191,0.43551825400846256,4.3389224804616955,4.348913057693182,0.4322475875533501,0.4355261785553466,4.329158086627033,4.348981539703479,0.43224758755335213,0.4355261785553445,4.329158086627067,4.348981539703446
256,5.1000000000000005,5.12,0.02,1469974918373729925/288230376151711744,5764607523034235/1125899906842624,True,256,0,0.4355224603430241,0.4371889021054908,4.348586801972436,4.3585165233126935,0.4355224603430245,0.43718890210549044,4.348586801972441,4.358516523312687,0.4338595405224419,0.43719622446109263,4.338883750992754,4.3585856796103775,0.433859540522444,0.4371962244610906,4.338883750992787,4.358585679610344
257,5.12,5.14,0.02,5764607523034235/1125899906842624,1481504133419798395/288230376151711744,True,257,0,0.43719253638379507,0.4388897594572014,4.3581884445835275,4.368056112603735,0.43719253638379546,0.43888975945720093,4.358188444583532,4.368056112603731,0.43550038351401293,0.43889644678432976,4.348547977115857,4.368125962955242,0.4355003835140152,0.43889644678432754,4.34854797711589,4.368125962955209
258,5.14,5.16,0.02,1481504133419798395/288230376151711744,743634370471416315/144115188075855872,True,258,0,0.4388928241855692,0.4406215432100268,4.367726124096991,4.377530499216739,0.4388928241855695,0.44062154321002645,4.367726124096997,4.377530499216734,0.43717076452205744,0.44062756830032634,4.358149524932821,4.3776010641015795,0.43717076452205944,0.4406275683003243,4.358149524932852,4.377601064101547
259,5.16,5.18,0.02,743634370471416315/144115188075855872,1493033348465866865/288230376151711744,True,259,0,0.4406240402938051,0.4423850036340235,4.37719851039411,4.386938309135976,0.4406240402938055,0.44238500363402317,4.377198510394116,4.386938309135971,0.43887137304249735,0.44239033387673626,4.367687110363964,4.387009609787882,0.43887137304249946,0.44239033387673427,4.367687110363996,4.38700960978785
260,5.18,5.2,0.02,1493033348465866865/288230376151711744,374699488997225275/72057594037927936,True,260,0,0.44238691306462313,0.4441809468920121,4.386604225057027,4.396278118933015,0.4423869130646235,0.44418094689201176,4.386604225057033,4.39627811893301,0.44060290821042325,0.4441855450475353,4.377159403047814,4.396350177383407,0.44060290821042547,0.44418554504753316,4.377159403047847,4.396350177383374
261,5.2,5.22,0.02,374699488997225275/72057594037927936,1504562563511935335/288230376151711744,True,261,0,0.44418224629524067,0.4460101743830667,4.3959418403169135,4.405548452461228,0.444182246295241,0.44601017438306645,4.395941840316918,4.405548452461224,0.44236614028711707,0.446014001406205,4.386565025409148,4.40562129158538,0.4423661402871192,0.44601400140620284,4.386565025409181,4.405621291585347
262,5.22,5.24,0.02,1504562563511935335/288230376151711744,755163585517484785/144115188075855872,True,262,0,0.4460108622491956,0.44787354290915765,4.405209875987363,4.4147477792852765,0.44601086224919595,0.4478735429091573,4.405209875987369,4.41474777928527,0.4441618565051999,0.4478765578525453,4.395902549721862,4.41482142284977,0.444161856505202,0.4478765578525431,4.395902549721896,4.414821422849735
263,5.24,5.26,0.02,755163585517484785/144115188075855872,1516091778558003805/288230376151711744,True,263,0,0.44787361908563156,0.44977195063996,4.414406796772318,4.423874512468204,0.44787361908563195,0.4497719506399597,4.414406796772323,4.423874512468198,0.445990878492066,0.44977411045671634,4.405170495548864,4.423948985185895,0.44599087849206803,0.4497741104567144,4.405170495548899,4.423948985185861
264,5.26,5.28,0.02,1516091778558003805/288230376151711744,190232048260129755/36028797018963968,True,264,0,0.4497714143641237,0.45170633723196724,4.4235310103296985,4.432927005302778,0.44977141436412404,0.45170633723196685,4.423531010329704,4.432927005302772,0.4478540655109493,0.45170759672820865,4.4143673279559525,4.433002332886509,0.4478540655109516,0.45170759672820643,4.414367327955983,4.433002332886478
265,5.28,5.3,0.02,190232048260129755/36028797018963968,1527620993604072275/288230376151711744,True,265,0,0.4517051870276913,0.45367768571327477,4.432580864380411,4.441903548678669,0.45170518702769163,0.45367768571327444,4.432580864380418,4.441903548678662,0.4497523164202699,0.45367799740248804,4.4234914547749815,4.4419797579000955,0.44975231642027197,0.453677997402486,4.423491454775015,4.441979757900061
266,5.3,5.32,0.02,1527620993604072275/288230376151711744,766692800563553255/144115188075855872,True,266,0,0.4536759194731772,0.4556870245417838,4.441554643853265,4.450802368073059,0.45367591947317754,0.45568702454178345,4.441554643853272,4.4508023680730515,0.451685885347427,0.45568702476539724,4.432541223915312,4.450879486825259,0.4516858853474291,0.4556870247653951,4.432541223915343,4.450879486825227
267,5.32,5.34,0.02,766692800563553255/144115188075855872,1539150208650140745/288230376151711744,True,267,0,0.4556846395561013,0.45773543000839684,4.450450567840695,4.45962162036558,0.4556846395561017,0.45773543000839634,4.450450567840702,4.4596216203655725,0.45365607843071537,0.45773543017957447,4.441514920497728,4.459699677729891,0.4536560784307175,0.4577354301795724,4.441514920497761,4.459699677729856
268,5.34,5.36,0.02,1539150208650140745/288230376151711744,386228704043293745/72057594037927936,True,268,0,0.45773242291103117,0.4598240286243736,4.459266786402587,4.468359390414396,0.45773242291103156,0.4598240286243732,4.459266786402593,4.468359390414389,0.4556642337240595,0.4598240287375963,4.450410763849491,4.468438416731412,0.4556642337240617,0.45982402873759415,4.450410763849523,4.468438416731378
269,5.36,5.38,0.02,386228704043293745/72057594037927936,1550679423696209215/288230376151711744,True,269,0,0.45982039537877195,0.46195399972363577,4.46800137715615,4.477013687427132,0.45982039537877245,0.4619539997236353,4.468001377156155,4.477013687427125,0.45771142555470495,0.46195399977290286,4.459226904299077,4.47709371437237,0.4577114255547069,0.46195399977290075,4.459226904299109,4.477093714372338
270,5.38,5.4,0.02,1550679423696209215/288230376151711744,778222015609621725/144115188075855872,True,270,0,0.4619497355427277,0.46412657830167275,4.476652341569668,4.4855824411781215,0.46194973554272817,0.46412657830167237,4.476652341569675,4.485582441178114,0.45979877828372206,0.4641265783016839,4.4679614196891535,4.485663501843375,0.45979877828372423,0.46412657830168186,4.467961419689186,4.485663501843341
271,5.4,5.42,0.02,778222015609621725/144115188075855872,1562208638742277685/288230376151711744,True,271,0,0.4641216776436129,0.46634305784797014,4.485217601113245,4.494063497885642,0.4641216776436133,0.46634305784796976,4.485217601113252,4.4940634978856355,0.4619274690421022,0.466343057847972,4.476612311763464,4.494145626865698,0.4619274690421044,0.46634305784796976,4.476612311763497,4.494145626865665
272,5.42,5.44,0.02,1562208638742277685/288230376151711744,97998327891581995/18014398509481984,True,272,0,0.4663375145040561,0.46860479356897905,4.493694993127181,4.502454615852165,0.4663375145040564,0.46860479356897866,4.493694993127188,4.502454615852158,0.4640987305527949,0.46860479356898077,4.485177502288792,4.502537849337602,0.464098730552797,0.4686047935689788,4.485177502288825,4.502537849337569
273,5.44,5.46,0.02,97998327891581995/18014398509481984,1573737853788346155/288230376151711744,True,273,0,0.46859860062590847,0.47091320586987767,4.502082266411689,4.510753460824574,0.46859860062590897,0.47091320586987717,4.502082266411695,4.510753460824568,0.4663138538792649,0.4709132058698791,4.493654828917382,4.510837836701195,0.466313853879267,0.47091320586987717,4.493654828917415,4.51083783670116
274,5.46,5.48,0.02,1573737853788346155/288230376151711744,789751230655690195/144115188075855872,True,274,0,0.47090635563722294,0.47326978395205116,4.510377076533288,4.518957601036138,0.4709063556372233,0.4732697839520508,4.510377076533296,4.51895760103613,0.4685741916889875,0.47326978395205305,4.502042040786994,4.519043158991524,0.46857419168898967,0.4732697839520508,4.502042040787026,4.51904315899149
275,5.48,5.5,0.02,789751230655690195/144115188075855872,1585267068834414625/288230376151711744,True,275,0,0.4732622679336968,0.4756760897186007,4.518576980719365,4.527064502011971,0.4732622679336972,0.4756760897186003,4.518576980719371,4.527064502011965,0.47088116164366595,0.4756760897186025,4.510336793730965,4.527151283650703,0.47088116164366806,0.47567608971860026,4.510336793730997,4.52715128365067
276,5.5,5.5200000000000005,0.02,1585267068834414625/288230376151711744,397757919089362215/72057594037927936,True,276,0,0.4756678985822469,0.4781337619607303,4.526679432742746,4.53507152068518,0.4756678985822473,0.47813376196072993,4.526679432742752,4.5350715206851735,0.473236250031305,0.478133761960732,4.518536645506142,4.535159569650347,0.473236250031307,0.47813376196072993,4.518536645506177,4.535159569650314
277,5.5200000000000005,5.54,0.02,397757919089362215/72057594037927936,1596796283880483095/288230376151711744,True,277,0,0.4781248854858945,0.48064452087019227,4.534681777089891,4.542975899474438,0.4781248854858949,0.4806445208701919,4.534681777089897,4.542975899474433,0.4756410156374222,0.4806445208701938,4.526639050328345,4.54306526157934,0.4756410156374243,0.4806445208701919,4.526639050328377,4.543065261579308
278,5.54,5.5600000000000005,0.02,1596796283880483095/288230376151711744,801280445701758665/144115188075855872,True,278,0,0.4806349479062362,0.4832101728300732,4.5425812427740855,4.550774759900798,0.4806349479062366,0.4832101728300728,4.542581242774091,4.550774759900792,0.4780970939495572,0.4832101728300749,4.534641353082753,4.550865483271329,0.4780970939495593,0.4832101728300728,4.534641353082787,4.550865483271295
279,5.5600000000000005,5.58,0.02,801280445701758665/144115188075855872,1608325498926551565/288230376151711744,True,279,0,0.4831998913628702,0.48583261551781076,4.550374936925862,4.558465095545028,0.48319989136287067,0.4858326155178103,4.550374936925868,4.558465095545021,0.4806062017121088,0.48583261551781237,4.542540783345787,4.558557230771725,0.4806062017121109,0.48583261551781026,4.54254078334582,4.558557230771694
280,5.58,5.6000000000000005,0.02,1608325498926551565/288230376151711744,201761263306198225/36028797018963968,True,280,0,0.4858216125731338,0.48851384371559725,4.5580598375902905,4.566043764842988,0.4858216125731342,0.48851384371559675,4.558059837590297,4.5660437648429815,0.48317014149226734,0.4885138437155989,4.55033444864623,4.566137365146756,0.4831701414922694,0.4885138437155968,4.550334448646263,4.566137365146723
281,5.6000000000000005,5.62,0.02,201761263306198225/36028797018963968,1619854713972620035/288230376151711744,True,281,0,0.4885021051995015,0.4912559551248447,4.565632786397452,4.573507482973068,0.4885021051995018,0.4912559551248444,4.565632786397458,4.573507482973061,0.4857908070215169,0.4912559551248464,4.558019327641792,4.573602604382206,0.48579080702151894,0.4912559551248443,4.558019327641823,4.573602604382175
282,5.62,5.64,0.02,1619854713972620035/288230376151711744,812809660747827135/144115188075855872,True,282,0,0.4912434656117789,0.49406115704832954,4.573090480481214,4.580852813372916,0.4912434656117794,0.49406115704832904,4.573090480481221,4.580852813372909,0.4884701885166527,0.4940611570483311,4.565592262584689,4.580949514914505,0.48847018851665475,0.494061157048329,4.5655922625847225,4.580949514914472
283,5.64,5.66,0.02,812809660747827135/144115188075855872,1631383929018688505/288230376151711744,True,283,0,0.49404790000340953,0.4969317726780413,4.5804294639230845,4.588076158512952,0.4940479000034099,0.49693177267804095,4.580429463923092,4.588076158512944,0.4912103793160799,0.4969317726780429,4.573049951359917,4.588174502418975,0.49121037931608186,0.4969317726780409,4.573049951359954,4.5881745024189415
284,5.66,5.68,0.02,1631383929018688505/288230376151711744,409287134135430685/72057594037927936,True,284,0,0.49691773061696337,0.4998702493197928,4.587646118350566,4.595173750191017,0.49691773061696387,0.49987024931979235,4.587646118350573,4.59517375019101,0.49401358158251957,0.49987024931979457,4.580388938727785,4.595273802122308,0.49401358158252173,0.4998702493197924,4.58038893872782,4.595273802122274
285,5.68,5.7,0.02,409287134135430685/72057594037927936,1642913144064756975/288230376151711744,True,285,0,0.4998554034696513,0.5028791662575308,4.594736652992009,4.602141638930597,0.49985540346965196,0.50287916625753,4.594736652992015,4.602141638930592,0.4968821134585611,0.5028791662575339,4.58760560708064,4.602243468218957,0.49688211345856315,0.50287916625753,4.5876056070806746,4.602243468218924
286,5.7,5.72,0.02,1642913144064756975/288230376151711744,824338875793895605/144115188075855872,True,286,0,0.5028634964907297,0.5059612434499361,4.601697093968889,4.608975682573375,0.5028634964907307,0.5059612434499352,4.601697093968896,4.608975682573367,0.49981841658201587,0.5059612434499396,4.594696166499351,4.609079362483587,0.49981841658201887,0.5059612434499351,4.594696166499387,4.609079362483552
287,5.72,5.74,0.02,824338875793895605/144115188075855872,1654442359110825445/288230376151711744,True,287,0,0.5059447281975414,0.5091193510477039,4.608523272833084,4.615671533917408,0.5059447281975423,0.509119351047703,4.6085232728330885,4.615671533917403,0.5028250640823413,0.5091193510477071,4.601656644124177,4.6157771419303,0.5028250640823454,0.509119351047703,4.601656644124213,4.615777141930266
288,5.74,5.76,0.02,1654442359110825445/288230376151711744,51881467707308115/9007199254740992,True,288,0,0.5091019672446586,0.5123565195243801,4.6152108139475585,4.622224627646746,0.5091019672446594,0.5123565195243793,4.615210813947566,4.62222462764674,0.5059047693864568,0.5123565195243834,4.608482872442203,4.622332245768083,0.5059047693864608,0.5123565195243793,4.608482872442234,4.62233224576805
289,5.76,5.78,0.02,51881467707308115/9007199254740992,1665971574156893915/288230376151711744,True,289,0,0.5123382426515568,0.5156759507565553,4.621755121224523,4.628630165866054,0.5123382426515576,0.5156759507565546,4.621755121224529,4.6286301658660465,0.509060395632511,0.5156759507565589,4.615170477019522,4.628739880960105,0.5090603956325154,0.5156759507565546,4.6151704770195545,4.628739880960072
290,5.78,5.8,0.02,1665971574156893915/288230376151711744,835868090839964075/144115188075855872,True,290,0,0.5156567546222061,0.5190810302966532,4.628151363394762,4.63488310287584,0.5156567546222068,0.5190810302966524,4.628151363394768,4.6348831028758335,0.512294965597295,0.5190810302966568,4.621714862853349,4.634995007030223,0.5122949655972994,0.5190810302966523,4.621714862853382,4.63499500703019
291,5.8,5.82,0.02,835868090839964075/144115188075855872,1677500789202962385/288230376151711744,True,291,0,0.5190608869876382,0.5225753399808458,4.634394458352996,4.640978128432444,0.5190608869876391,0.522575339980845,4.634394458353001,4.640978128432437,0.51561167315969,0.5225753399808495,4.628111199905184,4.641092319354833,0.5156116731596945,0.522575339980845,4.628111199905215,4.6410923193548
292,5.82,5.84,0.02,1677500789202962385/288230376151711744,420816349181499155/72057594037927936,True,292,0,0.5225542197719796,0.526162672565417,4.640479056417089,4.646909649420073,0.5225542197719804,0.5261626725654163,4.640479056417097,4.646909649420066,0.5190138947909244,0.5261626725654205,4.6343544076644285,4.6470262308673504,0.5190138947909286,0.5261626725654164,4.634354407664462,4.647026230867314
293,5.84,5.86,0.02,420816349181499155/72057594037927936,1689030004249030855/288230376151711744,True,293,0,0.5261405435415836,0.5298470469467181,4.646399521694594,4.652671770481504,0.5261405435415843,0.5298470469467172,4.646399521694601,4.652671770481498,0.5225052027203104,0.5298470469467214,4.640439137940546,4.65279085273037,0.5225052027203146,0.5298470469467171,4.6404391379405805,4.6527908527303365
294,5.86,5.88,0.02,1689030004249030855/288230376151711744,847397305886032545/144115188075855872,True,294,0,0.5298238749238917,0.5336327248182469,4.652149912244589,4.658258272629625,0.5298238749238925,0.533632724818246,4.652149912244594,4.6582582726296184,0.5260893791507445,0.5336327248182501,4.6463597565951,4.658379972988859,0.5260893791507485,0.533632724818246,4.646359756595134,4.6583799729888264
295,5.88,5.9,0.02,847397305886032545/144115188075855872,1700559219295099325/288230376151711744,True,295,0,0.5336084732457799,0.5375242290830263,4.657723958321859,4.663662590230067,0.5336084732457806,0.5375242290830254,4.657723958321866,4.66366259023006,0.5297704314597655,0.5375242290830299,4.652110323510796,4.663787033601109,0.52977043145977,0.5375242290830254,4.652110323510831,4.663787033601074
296,5.9,5.92,0.02,1700559219295099325/288230376151711744,213290478352266695/36028797018963968,True,296,0,0.5374988589114743,0.5415263637004386,4.663115038836211,4.6688777858624775,0.537498858911475,0.5415263637004378,4.663115038836218,4.668877785862471,0.5335526089904974,0.5415263637004422,4.65768457095155,4.669005105352335,0.5335526089905017,0.5415263637004379,4.657684570951585,4.6690051053523005
297,5.92,5.94,0.02,213290478352266695/36028797018963968,1712088434341167795/288230376151711744,True,297,0,0.5414998332370052,0.5456442355858601,4.668316155825847,4.673896522859424,0.5414998332370059,0.5456442355858593,4.668316155825854,4.673896522859417,0.5374404211315529,0.5456442355858638,4.663075880133175,4.674026860450286,0.5374404211315572,0.5456442355858593,4.66307588013321,4.674026860450253
298,5.94,5.96,0.02,1712088434341167795/288230376151711744,858926520932101015/144115188075855872,True,298,0,0.5456165002603313,0.5498832784195334,4.6733199061542985,4.678711035863989,0.5456165002603321,0.5498832784195324,4.673319906154304,4.678711035863984,0.5414386571847833,0.5498832784195369,4.668277255230333,4.678844543151636,0.5414386571847878,0.5498832784195324,4.668277255230366,4.678844543151603
299,5.96,5.98,0.02,858926520932101015/144115188075855872,1723617649387236265/288230376151711744,True,299,0,0.5498542907338777,0.5542492785796888,4.678118451786043,4.68331309754734,0.5498542907338786,0.554249278579688,4.678118451786051,4.683313097547333,0.545552408204573,0.5542492785796922,4.673281296220275,4.683449936541991,0.5455524082045771,0.554249278579688,4.673281296220307,4.683449936541959
300,5.98,6.0,0.02,1723617649387236265/288230376151711744,432345564227567625/72057594037927936,True,300,0,0.5542189877186895,0.5587484042552446,4.682703485647131,4.68769398391467,0.5542189877186904,0.5587484042552437,4.682703485647137,4.687693983914664,0.5497870902016796,0.5587484042552482,4.678080167567162,4.687834327931181,0.5497870902016838,0.5587484042552437,4.678080167567198,4.687834327931145
301,6.0,6.0200000000000005,0.02,432345564227567625/72057594037927936,1735146864433304735/288230376151711744,True,301,0,0.558716755653973,0.5633872363973442,4.687066195452675,4.6918444351837225,0.5587167556539739,0.5633872363973434,4.687066195452681,4.691844435183716,0.5541484705555285,0.5633872363973478,4.682665565194201,4.691988469817534,0.554148470555533,0.5633872363973432,4.682665565194237,4.691988469817498
302,6.0200000000000005,6.04,0.02,1735146864433304735/288230376151711744,870455735978169485/144115188075855872,True,302,0,0.5633541714480255,0.5681728035671848,4.691197225998555,4.695754611022968,0.5633541714480265,0.5681728035671838,4.691197225998562,4.695754611022962,0.5586426961468504,0.5681728035671881,4.6870286822928975,4.695902535196032,0.5586426961468546,0.5681728035671839,4.687028682292932,4.695902535195997
303,6.04,6.0600000000000005,0.02,870455735978169485/144115188075855872,1746676079479373205/288230376151711744,True,303,0,0.5681382594841574,0.5731126194651746,4.695086633032767,4.699414046230331,0.5681382594841584,0.5731126194651736,4.695086633032775,4.699414046230323,0.5632763250652733,0.573112619465178,4.691160167045255,4.699566073376236,0.5632763250652777,0.5731126194651737,4.6911601670452905,4.699566073376201
304,6.0600000000000005,6.08,0.02,1746676079479373205/288230376151711744,109527542937650465/18014398509481984,True,304,0,0.573076528528161,0.5782147259257826,4.698723750645685,4.702811684002804,0.5730765285281619,0.5782147259257817,4.698723750645693,4.702811684002797,0.5680563598337551,0.578214725925786,4.695049993194553,4.702968044515929,0.5680563598337594,0.5782147259257817,4.69504999319459,4.7029680445158935
305,6.08,6.1000000000000005,0.02,109527542937650465/18014398509481984,1758205294525441675/288230376151711744,True,305,0,0.5781770145037227,0.5834877382826372,4.70209725320689,4.70593570474251,0.5781770145037238,0.5834877382826361,4.702097253206898,4.705935704742503,0.5729902860649739,0.5834877382826403,4.69868752827626,4.706096647091492,0.5729902860649781,0.583487738282636,4.698687528276297,4.706096647091455
306,6.1000000000000005,6.12,0.02,1758205294525441675/288230376151711744,881984951024237955/144115188075855872,True,306,0,0.583448325499919,0.5889408977304551,4.705194921217689,4.708773639864893,0.5834483254999198,0.5889408977304543,4.705194921217697,4.708773639864886,0.5780861128548896,0.5889408977304587,4.702061302422963,4.708939434294243,0.5780861128548938,0.5889408977304542,4.702061302423,4.708939434294206
307,6.12,6.140000000000001,0.02,881984951024237955/144115188075855872,1769734509571510145/288230376151711744,True,307,0,0.588899679460547,0.5945841413595309,4.708001746465313,4.7113141339020235,0.588899679460548,0.5945841413595297,4.70800174646532,4.7113141339020155,0.5833524052953524,0.5945841413595341,4.705157093197406,4.711485102656039,0.5833524052953566,0.5945841413595299,4.705157093197442,4.711485102656004
308,6.140000000000001,6.16,0.02,1769734509571510145/288230376151711744,443874779273636095/72057594037927936,True,308,0,0.5945410075821326,0.6004281181158262,4.7105063844072745,4.713540345473024,0.5945410075821336,0.6004281181158253,4.710506384407282,4.7135403454730165,0.5887983820542801,0.6004281181158295,4.707964476924294,4.713716801024307,0.5887983820542845,0.6004281181158254,4.707964476924328,4.7137168010242725
309,6.16,6.18,0.02,443874779273636095/72057594037927936,1781263724617578615/288230376151711744,True,309,0,0.6003829680915935,0.6064843074856985,4.7126941534445,4.715436785745953,0.6003829680915945,0.6064843074856977,4.712694153444509,4.715436785745945,0.5944339226038735,0.6064843074857021,4.710469739135094,4.715619065659417,0.594433922603878,0.6064843074856976,4.710469739135131,4.7156190656593795
310,6.18,6.2,0.02,1781263724617578615/288230376151711744,893514166070306425/144115188075855872,True,310,0,0.6064370284244106,0.612765084550305,4.714548789642621,4.716987383887555,0.6064370284244115,0.6127650845503041,4.714548789642628,4.716987383887547,0.6002696420128731,0.6127650845503083,4.712657662390436,4.717175861366139,0.6002696420128774,0.6127650845503042,4.712657662390469,4.717175861366106
311,6.2,6.22,0.02,893514166070306425/144115188075855872,1792792939663647085/288230376151711744,True,311,0,0.6127155299420226,0.619283819191342,4.716050768446963,4.718176965720797,0.6127155299420234,0.6192838191913412,4.716050768446969,4.71817696572079,0.6063169473199405,0.6192838191913453,4.714509832226273,4.718372085817991,0.6063169473199447,0.6192838191913411,4.714509832226308,4.718372085817958
312,6.22,6.24,0.02,1792792939663647085/288230376151711744,224819693398335165/36028797018963968,True,312,0,0.6192318303215465,0.6260549165115933,4.717184456929312,4.718983879500295,0.6192318303215474,0.6260549165115924,4.717184456929318,4.718983879500288,0.6125881704798599,0.626054916511597,4.716011911584439,4.719186084323995,0.6125881704798645,0.6260549165115925,4.7160119115844745,4.719186084323961
313,6.24,6.26,0.02,224819693398335165/36028797018963968,1804322154709715555/288230376151711744,True,313,0,0.6259995464079925,0.6330947782261159,4.71783236367114,4.71948549875239,0.6259995464079934,0.6330947782261152,4.717832363671147,4.719485498752383,0.6190958005080069,0.6330947782261197,4.71704619997011,4.7196968560350605,0.6190958005080115,0.6330947782261153,4.717046199970145,4.719696856035026
314,6.26,6.28,0.02,1804322154709715555/288230376151711744,905043381116374895/144115188075855872,True,314,0,0.6330338459809458,0.6404207394331853,4.717929025112895,4.719704060032826,0.6330338459809466,0.6404207394331846,4.717929025112901,4.71970406003282,0.6258537630828362,0.6404207394331889,4.717547898060455,4.719927527767682,0.6258537630828406,0.6404207394331847,4.717547898060488,4.719927527767649
315,6.28,6.3,0.02,905043381116374895/144115188075855872,1815851369755784025/288230376151711744,True,315,0,0.6403526350819879,0.6480501375327278,4.717581137118051,4.719486222919529,0.6403526350819888,0.6480501375327268,4.717581137118058,4.719486222919522,0.6328785940278818,0.6480501375327312,4.717568847616199,4.719781321915514,0.632878594027886,0.6480501375327268,4.717568847616232,4.71978132191548
316,6.3,6.32,0.02,1815851369755784025/288230376151711744,455403994319704565/72057594037927936,True,316,0,0.6479742206172214,0.6560029374984294,4.716763197317674,4.7188070821622965,0.6479742206172221,0.6560029374984288,4.71676319731768,4.718807082162289,0.6401870861242802,0.656002937498433,4.716749660370659,4.719569100561337,0.6401870861242843,0.6560029374984289,4.716749660370693,4.719569100561304
317,6.32,6.34,0.02,455403994319704565/72057594037927936,1827380584801852495/288230376151711744,True,317,0,0.6559184974537458,0.6643008686957567,4.715447887822459,4.717639397316249,0.6559184974537466,0.6643008686957558,4.715447887822465,4.717639397316244,0.6477974581635257,0.6643008686957602,4.715432982973363,4.71889573397718,0.6477974581635302,0.6643008686957557,4.715432982973401,4.718895733977145
318,6.34,6.36,0.02,1827380584801852495/288230376151711744,916572596162443365/144115188075855872,True,318,0,0.6642071158880384,0.6729676226715006,4.713605309336434,4.715953922748357,0.6642071158880392,0.6729676226714997,4.71360530933644,4.71595392274835,0.6557295017548266,0.6729676226715043,4.713588902848457,4.717734282988096,0.6557295017548312,0.6729676226714998,4.713588902848493,4.71773428298806
319,6.36,6.38,0.02,916572596162443365/144115188075855872,1838909799847920965/288230376151711744,True,319,0,0.6728633551923927,0.6820293922961078,4.7111690878364545,4.7137528098793915,0.6728633551923937,0.6820293922961068,4.7111690878364625,4.7137528098793835,0.6640044311647922,0.6820293922961115,4.711150392898164,4.716090090780743,0.6640044311647968,0.682029392296107,4.711150392898203,4.716090090780705
320,6.38,6.4,0.02,1838909799847920965/288230376151711744,28823037615171175/4503599627370496,True,320,0,0.6819115551801423,0.6915159074363914,4.70795984247821,4.711145584864898,0.6819115551801432,0.6915159074363906,4.7079598424782185,4.711145584864889,0.6726442876244557,0.6915159074363952,4.707935214261024,4.714078357382861,0.6726442876244603,0.6915159074363906,4.707935214261063,4.7140783573828235
321,6.4,6.42,0.02,28823037615171175/4503599627370496,1850439014893989435/288230376151711744,True,321,0,0.6913813719535113,0.7014567091188122,4.704101986972302,4.7079317201776405,0.6913813719535122,0.7014567091188114,4.704101986972309,4.707931720177633,0.6816761636694505,0.701456709118816,4.704070701501144,4.711498763818381,0.6816761636694552,0.7014567091188113,4.704070701501178,4.711498763818346
322,6.42,6.44,0.02,1850439014893989435/288230376151711744,928101811208511835/144115188075855872,True,322,0,0.701303605373436,0.7118859247480601,4.6995485849693805,4.704075068094611,0.7013036053734372,0.711885924748059,4.6995485849693885,4.704075068094604,0.6911279943443581,0.7118859247480637,4.6995097454762575,4.708318820030573,0.6911279943443628,0.7118859247480589,4.699509745476294,4.708318820030537
323,6.44,6.46,0.02,928101811208511835/144115188075855872,1861968229940057905/288230376151711744,True,323,0,0.7117121429800181,0.7228410106651567,4.694256621501453,4.699527781470094,0.711712142980019,0.7228410106651558,4.694256621501459,4.699527781470087,0.7010304591596914,0.7228410106651602,4.694209302544241,4.704494596287695,0.7010304591596956,0.7228410106651558,4.694209302544276,4.70449459628766
324,6.46,6.48,0.02,1861968229940057905/288230376151711744,466933209365773035/72057594037927936,True,324,0,0.7226441986469876,0.7343632973538436,4.688173997322516,4.694242399548946,0.7226441986469886,0.7343632973538426,4.688173997322525,4.694242399548938,0.7114171720869451,0.7343632973538474,4.688117138327089,4.699983115571176,0.7114171720869498,0.7343632973538425,4.688117138327125,4.699983115571142
325,6.48,6.5,0.02,466933209365773035/72057594037927936,1873497444986126375/288230376151711744,True,325,0,0.7341407685436067,0.7464984304432508,4.6812434553469195,4.68816687180107,0.7341407685436075,0.7464984304432499,4.6812434553469275,4.688166871801063,0.7223250809785812,0.7464984304432546,4.681175837057992,4.694737359431858,0.7223250809785858,0.7464984304432499,4.681175837058029,4.694737359431823
326,6.5,6.5200000000000005,0.02,1873497444986126375/288230376151711744,939631026254580305/144115188075855872,True,326,0,0.7462471060110168,0.7592969244987721,4.673401940396183,4.681243997524699,0.746247106011018,0.7592969244987711,4.67340194039619,4.681243997524691,0.7337948766080501,0.7592969244987757,4.673322156567207,4.688705787800461,0.7337948766080548,0.7592969244987712,4.673322156567241,4.688705787800427
327,6.5200000000000005,6.54,0.02,939631026254580305/144115188075855872,1885026660032194845/288230376151711744,True,327,0,0.7590132646120159,0.7728148023018889,4.664579863069736,4.673410785596502,0.7590132646120169,0.772814802301888,4.664579863069744,4.673410785596494,0.7458714589082344,0.7728148023018926,4.664486286256752,4.6818317924783095,0.7458714589082389,0.7728148023018883,4.664486286256785,4.681831792478277
328,6.54,6.5600000000000005,0.02,1885026660032194845/288230376151711744,236348908444403635/36028797018963968,True,328,0,0.7724947224254526,0.7871143325064762,4.654700252241393,4.664597720583135,0.7724947224254538,0.787114332506475,4.6547002522414,4.664597720583128,0.7586044714793968,0.7871143325064794,4.654590992275397,4.67405307305246,0.7586044714794015,0.7871143325064749,4.654590992275432,4.6740530730524235
329,6.5600000000000005,6.58,0.02,236348908444403635/36028797018963968,1896555875078263315/288230376151711744,True,329,0,0.786753101836899,0.8022648821357244,4.643677779668566,4.65472791712148,0.7867531018369001,0.8022648821357232,4.643677779668575,4.6547279171214715,0.7720489162400209,0.8022648821357279,4.643550633056292,4.665300920127924,0.7720489162400255,0.8022648821357233,4.643550633056331,4.665300920127887
330,6.58,6.6000000000000005,0.02,1896555875078263315/288230376151711744,951160241300648775/144115188075855872,True,330,0,0.8018569999795754,0.8183439051474906,4.631417632837257,4.643716145503463,0.8018569999795766,0.8183439051474893,4.631417632837264,4.643716145503456,0.7862658605516166,0.8183439051474941,4.631270020817332,4.655499392493271,0.7862658605516214,0.8183439051474894,4.63127002081737,4.655499392493232
331,6.6000000000000005,6.62,0.02,951160241300648775/144115188075855872,1908085090124331785/288230376151711744,True,331,0,0.8178829498454901,0.8354380900776679,4.617814208713309,4.631467707414789,0.8178829498454911,0.835438090077667,4.617814208713318,4.63146770741478,0.8013232534968757,0.8354380900776713,4.617643101024787,4.6445643715754255,0.8013232534968802,0.835438090077667,4.617643101024823,4.64456437157539
332,6.62,6.640000000000001,0.02,1908085090124331785/288230376151711744,478462424411841505/72057594037927936,True,332,0,0.8349165331705654,0.853644696610642,4.60274960022604,4.617877132759787,0.8349165331705664,0.8536446966106409,4.602749600226049,4.617877132759777,0.8172968684802276,0.8536446966106455,4.602551420888989,4.632402469276596,0.8172968684802321,0.853644696610641,4.602551420889023,4.632402469276561
333,6.640000000000001,6.66,0.02,478462424411841505/72057594037927936,1919614305170400255/288230376151711744,True,333,0,0.8530536729262795,0.8730731133783428,4.586091834696199,4.602826670830167,0.8530536729262806,0.8730731133783417,4.586091834696207,4.602826670830159,0.8342713953812775,0.8730731133783459,4.585862344886641,4.618909768824407,0.8342713953812817,0.8730731133783417,4.585862344886676,4.618909768824371
334,6.66,6.68,0.02,1919614305170400255/288230376151711744,962689456346717245/144115188075855872,True,334,0,0.8724021344666069,0.8938466787135132,4.567692827374139,4.586184533177206,0.8724021344666079,0.8938466787135122,4.567692827374147,4.586184533177199,0.8523417059830035,0.8938466787135169,4.567426979202925,4.603970363247487,0.8523417059830082,0.8938466787135121,4.567426979202962,4.603970363247452
335,6.68,6.7,0.02,962689456346717245/144115188075855872,1931143520216468725/288230376151711744,True,335,0,0.8930832752200062,0.9161048074788253,4.547385993870546,4.567802851148133,0.8930832752200072,0.9161048074788243,4.547385993870554,4.567802851148125,0.8716143264930856,0.9161048074788287,4.547077746775164,4.587454663376338,0.8716143264930901,0.9161048074788244,4.5470777467752,4.587454663376302
336,6.7,6.72,0.02,1931143520216468725/288230376151711744,121056757983718935/18014398509481984,True,336,0,0.9152340802531378,0.9400054830922948,4.524983463442827,4.547515297661478,0.9152340802531388,0.9400054830922938,4.524983463442835,4.5475152976614694,0.8922091477254004,0.940005483092298,4.524625552327445,4.569217435173208,0.8922091477254045,0.9400054830922938,4.5246255523274845,4.569217435173169
337,6.72,6.74,0.02,121056757983718935/18014398509481984,1942672735262537195/288230376151711744,True,337,0,0.939009533504903,0.9657281759792167,4.500272691443248,4.5251344497798955,0.9390095335049041,0.9657281759792156,4.500272691443257,4.5251344497798875,0.9142614154885181,0.9657281759792202,4.499856327142506,4.549095659797182,0.9142614154885227,0.9657281759792157,4.499856327142544,4.549095659797145
338,6.74,6.76,0.02,1942672735262537195/288230376151711744,974218671392785715/144115188075855872,True,338,0,0.9645853861295647,0.9934772526259761,4.473012980838154,4.500448240083183,0.9645853861295657,0.9934772526259751,4.473012980838162,4.500448240083174,0.9379240553175903,0.9934772526259795,4.472527480096784,4.526905556275825,0.9379240553175947,0.9934772526259752,4.472527480096822,4.526905556275787
339,6.76,6.78,0.02,974218671392785715/144115188075855872,1954201950308605665/288230376151711744,True,339,0,0.9921613680696013,1.023485967786602,4.44293097725471,4.473216274613091,0.9921613680696028,1.0234859677865997,4.442930977254719,4.473216274613082,0.9633703711770426,1.0234859677866086,4.442363284025598,4.502439587760302,0.9633703711770473,1.0234859677865997,4.442363284025637,4.5024395877602625
340,6.78,6.8,0.02,1954201950308605665/288230376151711744,489991639457909975/72057594037927936,True,340,0,1.0219649155375283,1.0560211141360867,4.409715362578601,4.443165623409479,1.0219649155375308,1.0560211141360847,4.40971536257861,4.44316562340947,0.9907971866860725,1.0560211141360931,4.409049422028893,4.475463063355886,0.9907971866860785,1.0560211141360847,4.40904942202893,4.475463063355849
341,6.8,6.82,0.02,489991639457909975/72057594037927936,1965731165354674135/288230376151711744,True,341,0,1.054255480291678,1.0913884083578982,4.373011047809557,4.409985613146976,1.05425548029168,1.0913884083578962,4.373011047809566,4.409985613146966,1.0204284956916796,1.091388408357905,4.3722269991994125,4.4457098607923,1.020428495691689,1.0913884083578962,4.372226999199448,4.445709860792264
342,6.82,6.84,0.02,1965731165354674135/288230376151711744,985747886438854185/144115188075855872,True,342,0,1.0893294611615216,1.1299386973811225,4.332412394426686,4.373321940799452,1.0893294611615243,1.1299386973811198,4.332412394426695,4.373321940799443,1.0525196732048805,1.1299386973811287,4.331485518801961,4.412877609888834,1.0525196732048896,1.1299386973811198,4.331485518801994,4.4128776098888
343,6.84,6.86,0.02,985747886438854185/144115188075855872,1977260380400742605/288230376151711744,True,343,0,1.1275258069825815,1.172075003768394,4.287455543696725,4.332769931086613,1.1275258069825846,1.1720750037683905,4.287455543696738,4.332769931086601,1.0873623235544647,1.1720750037684,4.286354885809578,4.376622149399276,1.087362323554474,1.1720750037683905,4.286354885809615,4.376622149399238
344,6.86,6.88,0.02,1977260380400742605/288230376151711744,247878123490472105/36028797018963968,True,344,0,1.1692322694566482,1.21826038639838,4.237609897052348,4.287866910070696,1.1692322694566508,1.2182603863983772,4.2376098970523595,4.287866910070685,1.1252898012827133,1.2182603863983865,4.236296453975408,4.336551199720464,1.1252898012827224,1.2182603863983772,4.236296453975444,4.336551199720429
345,6.88,6.9,0.02,247878123490472105/36028797018963968,1988789595446811075/288230376151711744,True,345,0,1.214892213296752,1.2690264528692812,4.182268933612814,4.238083737397322,1.2148922132967552,1.269026452869278,4.182268933612825,4.238083737397312,1.1666834175765353,1.2690264531645634,4.180693267739175,4.292217221591336,1.1666834175765435,1.269026453164555,4.180693267739212,4.292217221591299
346,6.9,6.92,0.02,1988789595446811075/288230376151711744,997277101484922655/144115188075855872,True,346,0,1.2650117372250347,1.3249821394630936,4.120740784440283,4.182815690280072,1.2650117372250376,1.324982139463091,4.1207407844402955,4.1828156902800595,1.2119792708931103,1.3249821412258669,4.118839873827861,4.24310950957489,1.2119792708931194,1.3249821412258578,4.1188398738278975,4.243109509574854
347,6.92,6.94,0.02,997277101484922655/144115188075855872,2000318810492879545/288230376151711744,True,347,0,1.3201666343852225,1.386821984806294,4.0522393914943144,4.121373115514349,1.3201666343852252,1.386821984806291,4.052239391494327,4.121373115514336,1.2616755339614476,1.3868219974711102,4.049932479737504,4.188645668128279,1.2616755339614563,1.3868219974711016,4.049932479737539,4.188645668128243
348,6.94,6.96,0.02,2000318810492879545/288230376151711744,501520854503978445/72057594037927936,True,348,0,1.3810083158927213,1.4553325138598674,3.9758777203867584,4.052972674152788,1.3810083158927242,1.4553325138598645,3.975877720386765,4.052972674152776,1.3163398448055972,1.455332555770093,3.9730608713578968,4.12816283075663,1.3163398448056058,1.4553325557700838,3.9730608713579167,4.128162830756594
349,6.96,6.98,0.02,501520854503978445/72057594037927936,2011848025538948015/288230376151711744,True,349,0,1.4482672341504657,1.5313943484457062,3.8906655112055812,3.9767306355239556,1.4482672341504688,1.5313943484457033,3.8906655112055866,3.97673063552395,1.3766160419459914,1.5313945172122607,3.8872045157676394,4.060909313747431,1.3766160419460012,1.531394517212251,3.8872045157676594,4.060909313747396
350,6.98,7.0,0.02,2011848025538948015/288230376151711744,1008806316530991125/144115188075855872,True,350,0,1.5227514146673877,1.6159761911617734,3.795515532563034,3.8916606917666146,1.5227514146673906,1.6159761911617705,3.79551553256304,3.8916606917666092,1.4432293354023886,1.615976604109852,3.791236932168542,3.986037801350257,1.4432293354023973,1.6159766041098433,3.7912369321685615,3.9860378013502378
351,7.0,7.0200000000000005,0.02,1008806316530991125/144115188075855872,2023377240585016485/288230376151711744,True,351,0,1.6053363757818795,1.7101145388686956,3.6892645838472453,3.7966802646120206,1.6053363757818828,1.7101145388686922,3.6892645838472515,3.7966802646120152,1.516986861427951,1.7101160296714295,3.683944134628837,3.902602642110818,1.5169868614279605,1.7101160296714202,3.6839441346288555,3.9026026421108004
352,7.0200000000000005,7.04,0.02,2023377240585016485/288230376151711744,63410682753376585/9007199254740992,True,352,0,1.6969409522947778,1.8148701510481156,3.570718174073095,3.690631429035787,1.6969409522947807,1.8148701510481127,3.5707181740731,3.690631429035782,1.5987723956159594,1.8148747368579303,3.5640675916323885,3.8095633570785767,1.598772395615968,1.8148747368579214,3.5640675916324067,3.809563357078559
353,7.04,7.0600000000000005,0.02,63410682753376585/9007199254740992,2034906455631084955/288230376151711744,True,353,0,1.7984813756810873,1.9312485777743902,3.4387312865542294,3.5723253303538915,1.7984813756810905,1.931248577774387,3.4387312865542357,3.5723253303538853,1.6895280152949697,1.9312611805543858,3.4303810197918687,3.7058032468108966,1.6895280152949785,1.931261180554377,3.4303810197918883,3.7058032468108775
354,7.0600000000000005,7.08,0.02,2034906455631084955/288230376151711744,1020335531577059595/144115188075855872,True,354,0,1.910793555089953,2.0600686086689137,3.2923404207473825,3.4406224755957444,1.9107935550899562,2.060068608668909,3.2923404207473888,3.4406224755957378,1.7902224008591527,2.0600945836497493,3.2818325394789385,3.590156094161264,1.7902224008591614,2.060094583649736,3.281832539478958,3.5901560941612445
355,7.08,7.1000000000000005,0.02,1020335531577059595/144115188075855872,2046435670677153425/288230376151711744,True,355,0,2.0345128476874548,2.2017613991904628,3.1309623696393047,3.294563402023411,2.03451284768746,2.201761399190457,3.13096236963931,3.294563402023406,1.9017648910663025,2.20182568167952,3.1177368400605596,3.4614849159134353,1.9017648910663114,2.2018256816795017,3.1177368400605783,3.4614849159134176
356,7.1000000000000005,7.12,0.02,2046435670677153425/288230376151711744,513050069550046915/72057594037927936,True,356,0,2.1699011813921576,2.3560904126932494,2.9546665995733337,3.1335652746584475,2.169901181392164,2.356090412693244,2.95466659957334,3.1335652746584413,2.0248684289477406,2.356286855701495,2.938037109230314,3.3188191385643497,2.0248684289477583,2.356286855701478,2.9380371092303323,3.318819138564331
357,7.12,7.140000000000001,0.02,513050069550046915/72057594037927936,2057964885723221895/288230376151711744,True,357,0,2.3166200532075436,2.5218013338996856,2.7645085760576826,2.9576920312274617,2.316620053207549,2.52180133389968,2.764508576057689,2.9576920312274555,2.1599589634183207,2.522267472390322,2.7436403107361547,3.161555789063306,2.159958963418337,2.5222674723903054,2.743640310736172,3.161555789063289
358,7.140000000000001,7.16,0.02,2057964885723221895/288230376151711744,1031864746623128065/144115188075855872,True,358,0,2.4734664578769796,2.6962555794916847,2.5628693541372365,2.7679840304129457,2.473466457876986,2.6962555794916785,2.5628693541372423,2.76798403041294,2.3070148127530254,2.6970712621881683,2.537094094996354,2.989418390902679,2.307014812753043,2.69707126218815,2.5370940949963723,2.9894183909026615
359,7.16,7.18,0.02,1031864746623128065/144115188075855872,2069494100769290365/288230376151711744,True,359,0,2.6379154270070218,2.8753681551779424,2.353632941059755,2.566850783667713,2.6379154270070275,2.8753681551779366,2.3536329410597605,2.5668507836677072,2.4648506870054505,2.8766584672559246,2.3224737412957253,2.803188394154567,2.4648506870054683,2.8766584672559077,2.322473741295743,2.803188394154549
360,7.18,7.2,0.02,2069494100769290365/288230376151711744,259407338536540575/36028797018963968,True,360,0,2.80632712995208,3.0532454631240937,2.1420449925163214,2.358425186414808,2.8063271299520847,3.0532454631240884,2.1420449925163267,2.3584251864148023,2.6312811923561634,3.0551425816768933,2.105433629661474,2.605047669142052,2.6312811923561816,3.0551425816768756,2.1054336296614933,2.6050476691420332
361,7.2,7.22,0.02,259407338536540575/36028797018963968,2081023315815358835/288230376151711744,True,361,0,2.973996424711863,3.2226428949548276,1.9349301493496722,2.1478938225145034,2.973996424711868,3.222642894954822,1.9349301493496753,2.1478938225144977,2.8001441086633325,3.227946320802096,1.8924779029653398,2.399184918273437,2.8001441086633485,3.2279463208020793,1.8924779029653505,2.39918491827342
362,7.22,7.24,0.02,2081023315815358835/288230376151711744,1043393961669196535/144115188075855872,True,362,0,3.135192335821519,3.3762271152128274,1.7391799824893817,1.94174331902247,3.135192335821525,3.3762271152128216,1.7391799824893848,1.9417433190224669,2.9683451840273096,3.3856589637847687,1.6894713250779247,2.1924277589599104,2.968345184027328,3.3856589637847496,1.6894713250779343,2.192427758959892
363,7.24,7.26,0.02,1043393961669196535/144115188075855872,2092552530861427305/288230376151711744,True,363,0,3.2839953776660367,3.5076511544573545,1.5608855449797998,1.7467204702681023,3.283995377666043,3.5076511544573488,1.5608855449798031,1.7467204702680992,3.1310248641297145,3.5204769066863015,1.5064730403139635,1.9878231685643337,3.131024864129732,3.520476906686284,1.5064730403139726,1.9878231685643248
364,7.26,7.28,0.02,2092552530861427305/288230376151711744,524579284596115385/72057594037927936,True,364,0,3.4150597215713856,3.612755683893035,1.4043902682946936,1.568778722733123,3.415059721571392,3.612755683893029,1.404390268294697,1.56877872273312,3.2818304462528536,3.6278675274516963,1.34872070041356,1.791700128008272,3.2818304462528727,3.627867527451677,1.3487207004135684,1.7917001280082636
365,7.28,7.3,0.02,524579284596115385/72057594037927936,2104081745907495775/288230376151711744,True,365,0,3.5240582355171215,3.6904639692719714,1.2717259287520581,1.4122327251110032,3.5240582355171277,3.690463969271965,1.2717259287520613,1.412232725111,3.414004306693765,3.7071335071936113,1.2174850450816097,1.6111100606828974,3.414004306693783,3.7071335071935936,1.2174850450816181,1.6111100606828885
366,7.3,7.32,0.02,2104081745907495775/288230376151711744,1054923176715265005/144115188075855872,True,366,0,3.6092737234571537,3.741488420852574,1.162829843184093,1.2791562986098657,3.609273723457159,3.741488420852568,1.1628298431840962,1.2791562986098624,3.524447018923,3.758168837255373,1.1128734611456823,1.4501254643965984,3.524447018923017,3.758168837255355,1.1128734611456916,1.4501254643965886
367,7.32,7.34,0.02,1054923176715265005/144115188075855872,2115610960953564245/288230376151711744,True,367,0,3.670477460191922,3.768771407085209,1.0758926181093602,1.169632998563557,3.6704774601919277,3.7687714070852034,1.0758926181093635,1.1696329985635536,3.6105811069587412,3.7844042880587314,1.0319297630102402,1.3118464156593093,3.6105811069587594,3.7844042880587137,1.03192976301025,1.3118464156592997
368,7.34,7.36,0.02,2115610960953564245/288230376151711744,132585973029787405/18014398509481984,True,368,0,3.709084592795499,3.7760959868410495,1.008344210303732,1.0819409499823018,3.7090845927955045,3.776095986841044,1.0083442103037343,1.0819409499822994,3.6723971509954163,3.7898034802345117,0.971416905310854,1.1965027125222905,3.672397150995434,3.7898034802344935,0.9714169053108594,1.1965027125222818
369,7.36,7.38,0.02,132585973029787405/18014398509481984,2127140175999632715/288230376151711744,True,369,0,3.7276131800016885,3.767335898590794,0.9571310068963037,1.0135303943324443,3.7276131800016943,3.7673358985907885,0.9571310068963049,1.0135303943324416,3.71131439831041,3.7787415665918944,0.9273165536892308,1.1031656744497653,3.7113143983104275,3.778741566591877,0.9273165536892358,1.1031656744497569
370,7.38,7.4,0.02,2127140175999632715/288230376151711744,1066452391761333475/144115188075855872,True,370,0,3.7261514963596736,3.7489603141786025,0.9190676437206308,0.9616867601405813,3.7261514963596785,3.748960314178597,0.919067643720632,0.9616867601405801,3.7237907126631278,3.7612348109556875,0.8956649726748145,1.0300478902406376,3.723790712663145,3.7612348109556706,0.8956649726748193,1.0300478902406291
371,7.4,7.42,0.02,1066452391761333475/144115188075855872,2138669391045701185/288230376151711744,True,371,0,3.70009471561687,3.7316433777125244,0.8910346180722473,0.9239906559150616,3.7000947156168755,3.7316433777125186,0.8910346180722485,0.9239906559150604,3.6980113956942713,3.7554113124757156,0.8729165850520989,0.9749755129078521,3.6980113956942877,3.755411312475699,0.8729165850521037,0.9749755129078473
372,7.42,7.44,0.02,2138669391045701185/288230376151711744,536108499642183855/72057594037927936,True,372,0,3.6658717539554306,3.704215096873943,0.871805000147745,0.8968268565743062,3.6658717539554355,3.7042150968739382,0.8718050001477464,0.8968268565743047,3.6641210231835983,3.7367905476787526,0.8581215907819684,0.93370788103964,3.6641210231836157,3.7367905476787353,0.8581215907819728,0.9337078810396355
373,7.44,7.46,0.02,536108499642183855/72057594037927936,2150198606091769655/288230376151711744,True,373,0,3.625513444142553,3.6690061149949926,0.8594703425050801,0.8780628310631265,3.6255134441425585,3.6690061149949873,0.8594703425050816,0.8780628310631251,3.6240898405821795,3.708213199990802,0.8493845117275242,0.9036981669434196,3.6240898405821973,3.7082131999907837,0.8493845117275286,0.9036981669434151
374,7.46,7.48,0.02,2150198606091769655/288230376151711744,1077981606807401945/144115188075855872,True,374,0,3.5805726318997864,3.627973436042956,0.8525148340978242,0.8659464529355264,3.580572631899792,3.62797343604295,0.8525148340978256,0.8659464529355251,3.579440319045625,3.672092705070883,0.8452770966937418,0.8827199194609252,3.5794403190456414,3.672092705070866,0.8452770966937463,0.8827199194609209
375,7.48,7.5,0.02,1077981606807401945/144115188075855872,2161727821137838125/288230376151711744,True,375,0,3.532194029931661,3.582740122570603,0.8497551819630154,0.8590725683811186,3.532194029931666,3.582740122570598,0.8497551819630166,0.8590725683811173,3.5313045407348462,3.6304359697938775,0.844732655643639,0.8689114577974373,3.5313045407348653,3.6304359697938584,0.844732655643643,0.8689114577974332
376,7.5,7.5200000000000005,0.02,2161727821137838125/288230376151711744,270936553582609045/36028797018963968,True,376,0,3.481520060825313,3.5343168171578476,0.8502935567512906,0.8563162678754487,3.4815200608253174,3.5343168171578436,0.8502935567512916,0.8563162678754476,3.4808278517519304,3.5845580948433886,0.8469759385504988,0.8607424127981322,3.480827851751948,3.584558094843371,0.846975938550503,0.860742412798128
377,7.5200000000000005,7.54,0.02,270936553582609045/36028797018963968,2173257036183906595/288230376151711744,True,377,0,3.429185727102098,3.483728883160844,0.8530889733217422,0.8571505471569169,3.4291857271021025,3.48372888316084,0.853088973321743,0.857150547156916,3.428623736611253,3.5357524116919294,0.8503869161308809,0.8580373478770186,3.4286237366112715,3.5357524116919117,0.8503869161308852,0.8580373478770144
378,7.54,7.5600000000000005,0.02,2173257036183906595/288230376151711744,1089510821853470415/144115188075855872,True,378,0,3.3753758886069343,3.432064830765327,0.8563129124039247,0.8621937540888297,3.375375888606938,3.432064830765323,0.8563129124039257,0.8621937540888286,3.374794266669451,3.4853837699669454,0.8507984781170564,0.8635742398781097,3.374794266669469,3.485383769966928,0.8507984781170611,0.8635742398781048
379,7.5600000000000005,7.58,0.02,1089510821853470415/144115188075855872,2184786251229975065/288230376151711744,True,379,0,3.3211293430861915,3.379259109955051,0.8615378610289444,0.8689410151240079,3.3211293430861963,3.3792591099550466,0.8615378610289455,0.8689410151240068,3.3205404843197237,3.433374405576498,0.853795751784216,0.8706967131193634,3.3205404843197415,3.43337440557648,0.8537957517842205,0.8706967131193588
380,7.58,7.6000000000000005,0.02,2184786251229975065/288230376151711744,547637714688252325/72057594037927936,True,380,0,3.2667388025239315,3.325761577578429,0.8683896799888657,0.8770477033754648,3.2667388025239372,3.3257615775784233,0.8683896799888671,0.8770477033754634,3.2661527926521496,3.380291865762022,0.8588808892331797,0.8790769963209527,3.266152792652168,3.380291865762003,0.8588808892331845,0.879076996320948
381,7.6000000000000005,7.62,0.02,547637714688252325/72057594037927936,2196315466276043535/288230376151711744,True,381,0,3.212423973140832,3.2719183887983467,0.8765698353917906,0.8862572901324061,3.212423973140837,3.271918388798342,0.8765698353917918,0.886257290132405,3.2118483837559464,3.32657317554374,0.8656538290110496,0.8884782351735645,3.2118483837559646,3.326573175543722,0.8656538290110541,0.88847823517356
382,7.62,7.640000000000001,0.02,2196315466276043535/288230376151711744,1101040036899538885/144115188075855872,True,382,0,3.1583424754386717,3.21800270346733,0.8858083045510912,0.8964099110338657,3.1583424754386766,3.218002703467325,0.8858083045510923,0.8964099110338646,3.157738393386538,3.272605522438063,0.873746010845902,0.8987765127749449,3.157738393386556,3.272605522438045,0.8737460108459061,0.8987765127749405
383,7.640000000000001,7.66,0.02,1101040036899538885/144115188075855872,2207844681322112005/288230376151711744,True,383,0,3.10462748845646,3.164208842875777,0.8959496381849428,0.9073268718905182,3.1046274884564657,3.1642088428757713,0.8959496381849441,0.9073268718905169,3.103959523409501,3.2186313403770734,0.882956269186553,0.9097909839294105,3.1039595234095194,3.218631340377056,0.8829562691865575,0.9097909839294062
384,7.66,7.68,0.02,2207844681322112005/288230376151711744,17293822569102705/2251799813685248,True,384,0,3.0513745970775874,3.110689671551198,0.906851829100931,0.9188893629998278,3.051374597077593,3.110689671551192,0.9068518291009323,0.9188893629998266,3.050664863979251,3.164785514248296,0.8930958949278844,0.9214128773189044,3.0506648639792684,3.164785514248279,0.8930958949278887,0.9214128773189003
385,7.68,7.7,0.02,17293822569102705/2251799813685248,2219373896368180475/288230376151711744,True,385,0,2.99865518857742,3.0575616091088125,0.9184010510538756,0.9310067002722443,2.998655188577427,3.0575616091088063,0.9184010510538771,0.9310067002722429,2.9979202446080464,3.1112203418126434,0.90401390416114,0.9335605139814032,2.997920244608066,3.111220341812624,0.9040139041611444,0.9335605139813986
386,7.7,7.72,0.02,2219373896368180475/288230376151711744,1112569251945607355/144115188075855872,True,386,0,2.9465224565908716,3.0049126253907414,0.9305070806482276,0.9436079711187408,2.946522456590878,3.0049126253907357,0.9305070806482292,0.9436079711187394,2.945774638423508,3.0580513342317994,0.9155912384373249,0.9461701301879297,2.9457746384235266,3.0580513342317808,0.9155912384373296,0.9461701301879252
387,7.72,7.74,0.02,1112569251945607355/144115188075855872,2230903111414248945/288230376151711744,True,387,0,2.895014879058944,2.952809425106876,0.9430947923750852,0.9566406981225091,2.8950148790589503,2.9528094251068695,0.9430947923750868,0.9566406981225075,2.8942631943898744,3.005366515031669,0.9277289756879461,0.9591962791606388,2.894263194389893,3.00536651503165,0.9277289756879508,0.9591962791606341
388,7.74,7.76,0.02,2230903111414248945/288230376151711744,559166929734320795/72057594037927936,True,388,0,2.8441616753352412,2.9013001303907715,0.956111266557817,0.9700562259351676,2.8441616753352466,2.9013001303907657,0.9561112665578185,0.9700562259351662,2.843412901675992,2.9532301558947855,0.9403588004183672,0.972592688649048,2.8434129016760092,2.9532301558947687,0.9403588004183715,0.9725926886490437
389,7.76,7.78,0.02,559166929734320795/72057594037927936,2242432326460317415/288230376151711744,True,389,0,2.7939829112635604,2.8504204134630347,0.9695119850715388,0.9838177794670141,2.7939829112635652,2.8504204134630293,0.96951198507154,0.9838177794670129,2.793242037516002,2.9016905190033024,0.9534232118000117,0.9863254257264302,2.7932420375160194,2.9016905190032856,0.953423211800016,0.9863254257264259
390,7.78,7.8,0.02,2242432326460317415/288230376151711744,1124098466991675825/144115188075855872,True,390,0,2.744491874992211,2.80019591519691,0.9832605369153625,0.9978963459618763,2.744491874992217,2.800195915196904,0.983260536915364,0.9978963459618748,2.7437625097892235,2.8507830296107155,0.9668754130465754,1.0003679291084062,2.7437625097892417,2.850783029610698,0.96687541304658,1.0003679291083993
391,7.8,7.82,0.02,1124098466991675825/144115188075855872,2253961541506385885/288230376151711744,True,391,0,2.6956966760600936,2.7506443471230972,0.9973275170627293,1.0122683726269726,2.695696676060099,2.7506443471230915,0.9973275170627307,1.0122683726269697,2.694981381605452,2.8005329992791967,0.9806778871987217,1.0146985253439977,2.6949813816054706,2.800532999279178,0.9806778871987266,1.0146985253439889
392,7.82,7.84,0.02,2253961541506385885/288230376151711744,282465768628677515/36028797018963968,True,392,0,2.647601368023603,2.7017772380511476,1.0116890612267624,1.0269145948648297,2.647601368023609,2.7017772380511413,1.011689061226765,1.026914594864827,2.646901912912681,2.750957869483069,0.9948004190814101,1.0292993865551352,2.646901912912699,2.7509578694830505,0.9948004190814156,1.029299386555126
393,7.84,7.86,0.02,282465768628677515/36028797018963968,2265490756552454355/288230376151711744,True,393,0,2.6002068202218163,2.653601296375061,1.0263256560893173,1.0418191734799727,2.600206820221822,2.6536012963750553,1.0263256560893204,1.0418191734799698,2.5995243700688273,2.7020689536766547,1.00921849752435,1.0441557834566841,2.599524370068847,2.7020689536766356,1.0092184975243585,1.0441557834566755
394,7.86,7.88,0.02,2265490756552454355/288230376151711744,1135627682037744295/144115188075855872,True,394,0,2.553511414051669,2.606119461043777,1.0412212675280963,1.0569689611110828,2.5535114140516746,2.6061194610437717,1.041221267528099,1.0569689611110804,2.5528465582429067,2.653872895507783,1.0239121529694133,1.0592554188381655,2.552846558242926,2.6538728955077646,1.0239121529694215,1.0592554188381573
395,7.88,7.9,0.02,1135627682037744295/144115188075855872,2277019971598522825/288230376151711744,True,395,0,2.507511586422098,2.5593317309818224,1.0563626148482923,1.0723529659325368,2.5075115864221043,2.559331730981816,1.0563626148482952,1.0723529659325342,2.5068644485785616,2.6063726017848245,1.038864994637774,1.074587956592564,2.50686444857858,2.606372601784807,1.0388649946377828,1.0745879565925553
396,7.9,7.92,0.02,2277019971598522825/288230376151711744,570696144780389265/72057594037927936,True,396,0,2.462202262341479,2.513235815874889,1.07173860036062,1.0879619252051107,2.4622022623414845,2.5132358158748835,1.0717386003606229,1.0879619252051078,2.461573020968082,2.559567627757408,1.0540634594944658,1.0901446434174165,2.461573020968099,2.5595676277573913,1.0540634594944749,1.0901446434174071
397,7.92,7.94,0.02,570696144780389265/72057594037927936,2288549186644591295/288230376151711744,True,397,0,2.417577202190092,2.467827647749835,1.0873398679118362,1.1037879549674272,2.417577202190098,2.4678276477498287,1.0873398679118387,1.1037879549674248,2.4169658213674845,2.5134555909184773,1.0694962351683641,1.1059179915158852,2.4169658213675023,2.5134555909184604,1.0694962351683732,1.1059179915158763
398,7.94,7.96,0.02,2288549186644591295/288230376151711744,1147156897083812765/144115188075855872,True,398,0,2.373629278407366,2.4231017881617993,1.1031584418334794,1.1198242789571022,2.3736292784073707,2.423101788161794,1.1031584418334823,1.1198242789570994,2.3730355608535003,2.4680323433098748,1.0851537913305709,1.1219015352772965,2.3730355608535185,2.468032343309857,1.0851537913305798,1.1219015352772883
399,7.96,7.98,0.02,1147156897083812765/144115188075855872,2300078401690659765/288230376151711744,True,399,0,2.3303507065100124,2.3790517440816203,1.119187498371277,1.1360649497700495,2.3303507065100177,2.379051744081614,1.11918749837128,1.1360649497700466,2.329774335354651,2.423292367174276,1.1010280836289263,1.1380895575797763,2.3297743353546707,2.4232923671742563,1.1010280836289348,1.138089557579768
400,7.98,8.0,0.02,2300078401690659765/288230376151711744,144115188075855875/18014398509481984,True,400,0,2.287733216534122,2.3356702356965915,1.135421073148184,1.1525047318276485,2.287733216534127,2.335670235696586,1.1354210731481864,1.1525047318276458,2.287173786470158,2.379229107211946,1.1171121786494425,1.1544770063353187,2.2871737864701767,2.379229107211928,1.1171121786494516,1.1544770063353098
401,8.0,8.02,0.02,144115188075855875/18014398509481984,2311607616736728235/288230376151711744,True,401,0,2.245768202327003,2.2929494013306586,1.151853894396248,1.1691389357012079,2.245768202327007,2.2929494013306537,1.15185389439625,1.1691389357012059,2.2452252439658333,2.3358352248035303,1.1334000422875568,1.1710593351187522,2.2452252439658515,2.3358352248035112,1.1334000422875652,1.1710593351187435
402,8.02,8.040000000000001,0.02,2311607616736728235/288230376151711744,1158686112129881235/144115188075855872,True,402,0,2.204446840511601,2.250880965317136,1.1684812284386548,1.1859633012264368,2.2044468405116056,2.2508809653171316,1.1684812284386574,1.1859633012264341,2.2039198391707973,2.293102805162869,1.1498863448627266,1.187832396129261,2.203919839170814,2.2931028051628517,1.1498863448627359,1.1878323961292516
403,8.040000000000001,8.06,0.02,1158686112129881235/144115188075855872,2323136831782796705/288230376151711744,True,403,0,2.1637601929115036,2.2094563685881727,1.185298802634111,1.2029738517040596,2.1637601929115076,2.2094563685881683,1.1852988026341131,1.2029738517040574,2.163248603741642,2.251023518445112,1.1665663632250716,1.2047922909600717,2.1632486037416596,2.2510235184450944,1.166566363225081,1.2047922909600621
404,8.06,8.08,0.02,2323136831782796705/288230376151711744,582225359826457735/72057594037927936,True,404,0,2.123699279838869,2.1686668854948037,1.202302647997804,1.2201668671890702,2.123699279838874,2.1686668854947992,1.202302647997806,1.2201668671890682,2.1232025388278384,2.2095887621843118,1.183435785010519,1.2219353628662684,2.1232025388278557,2.2095887621842945,1.183435785010528,1.2219353628662595
405,8.08,8.1,0.02,582225359826457735/72057594037927936,2334666046828865175/288230376151711744,True,405,0,2.0842551474294138,2.128503711981245,1.2194890229279214,1.237538807809034,2.0842551474294186,2.1285037119812404,1.2194890229279238,1.2375388078090315,2.083772678373348,2.1687897707855917,1.2004906149557175,1.2392581219318808,2.0837726783733648,2.1687897707855734,1.2004906149557262,1.239258121931872
406,8.1,8.120000000000001,0.02,2334666046828865175/288230376151711744,1170215327175949705/144115188075855872,True,406,0,2.045418923633814,2.0889580371663587,1.236854368366507,1.2550862307635733,2.045418923633819,2.0889580371663534,1.2368543683665096,1.255086230763571,2.044950147802306,2.1286176983798257,1.2177271194974715,1.2567571600737324,2.044950147802324,2.1286176983798075,1.2177271194974795,1.2567571600737237
407,8.120000000000001,8.14,0.02,1170215327175949705/144115188075855872,2346195261874933645/288230376151711744,True,407,0,2.0071818630283613,2.0500211034073024,1.2543952516357115,1.2728057390304806,2.007181863028366,2.0500211034072975,1.254395251635714,1.2728057390304781,2.006726204297732,2.0890636947656653,1.2351417576816215,1.274429102486837,2.006726204297749,2.089063694765648,1.23514175768163,1.2744291024868284
408,8.14,8.16,0.02,2346195261874933645/288230376151711744,293994983674745985/36028797018963968,True,408,0,1.969535380532432,2.01168425893673,1.2721082871000071,1.2906939698591753,1.9695353805324345,2.011684258936726,1.2721082871000096,1.290693969859173,1.9690922682125154,2.050118969622721,1.2527310854951783,1.292270604151416,1.9690922682125247,2.050118969622702,1.252731085495188,1.2922706041514067
409,8.16,8.18,0.02,293994983674745985/36028797018963968,2357724476921002115/288230376151711744,True,409,0,1.932471081993395,1.9739389983771962,1.2899900869449537,1.308747566833815,1.932471081993397,1.9739389983771942,1.289990086944956,1.3087475668338127,1.9320399536937425,2.0117748406063622,1.2704916961464807,1.3102783255594905,1.9320399536937511,2.0117748406063467,1.2704916961464896,1.3102783255594819
410,8.18,8.2,0.02,2357724476921002115/288230376151711744,1181744542222018175/144115188075855872,True,410,0,1.895980794670912,1.9367769907235133,1.3080372988997309,1.3269630763337557,1.895980794670914,1.936776990723511,1.308037298899733,1.3269630763337534,1.8955610990537626,1.9740227677503528,1.28842026736786,1.3284488139341406,1.8955610990537715,1.9740227677503435,1.2884202673678693,1.3284488139341317
411,8.2,8.22,0.02,1181744542222018175/144115188075855872,2369253691967070585/288230376151711744,True,411,0,1.860056581580317,1.9001901129750705,1.3262464995606507,1.3453369978221283,1.8600565815803194,1.900190112975068,1.3262464995606527,1.3453369978221261,1.8596477798503805,1.936854393623091,1.3065134314347815,1.3467785720923784,1.8596477798503896,1.9368543936230824,1.3065134314347904,1.3467785720923695
412,8.22,8.24,0.02,2369253691967070585/288230376151711744,593754574872526205/72057594037927936,True,412,0,1.8246907581459835,1.8641704725928905,1.3446141689825548,1.363865760863832,1.8246907581459852,1.8641704725928887,1.3446141689825568,1.36386576086383,1.824292325164932,1.9002615705861303,1.324767748431487,1.3652640327967869,1.8242923251649412,1.900261570586121,1.3247677484314968,1.3652640327967773
413,8.24,8.26,0.02,593754574872526205/72057594037927936,2380782907013139055/288230376151711744,True,413,0,1.7898759108988602,1.8287104203877065,1.3631367387016533,1.3825456355319317,1.7898759108988622,1.8287104203877045,1.3631367387016555,1.3825456355319294,1.7894873364581068,1.8642363772844148,1.3431797591143486,1.383901460913476,1.7894873364581156,1.864236377284406,1.3431797591143573,1.3839014609134674
414,8.26,8.28,0.02,2380782907013139055/288230376151711744,1193273757268086645/144115188075855872,True,414,0,1.7556049035698853,1.7938025695593067,1.3818105105900218,1.401372777869642,1.7556049035698875,1.7938025695593043,1.381810510590024,1.40137277786964,1.7552256929200447,1.8287711416584926,1.361745891189349,1.4026870085043135,1.7552256929200534,1.828771141658484,1.361745891189358,1.4026870085043046
415,8.28,8.3,0.02,1193273757268086645/144115188075855872,2392312122059207525/288230376151711744,True,415,0,1.7218708833961827,1.759439808907818,1.4006316261735356,1.4203432300589913,1.7218708833961844,1.7594398089078163,1.4006316261735379,1.420343230058989,1.721500557561184,1.7938584571779175,1.3804624242366201,1.4216167168047968,1.7215005575611932,1.793858457177908,1.3804624242366301,1.4216167168047873
416,8.3,8.32,0.02,2392312122059207525/288230376151711744,74939897799445055/9007199254740992,True,416,0,1.6886672929275273,1.725615305597533,1.4195961323906465,1.4394528287559936,1.6886672929275295,1.7256153055975307,1.4195961323906483,1.4394528287559916,1.6883053893122477,1.759491187782334,1.399325563604143,1.4406864141234643,1.6883053893122568,1.759491187782325,1.3993255636041517,1.4406864141234552
417,8.32,8.34,0.02,74939897799445055/9007199254740992,2403841337105275995/288230376151711744,True,417,0,1.6559878688475962,1.6923225165043323,1.4386998974255278,1.4586972675064334,1.6559878688475986,1.69232251650433,1.4386998974255298,1.4586972675064314,1.6556339408543708,1.7256624824244666,1.4183313444006644,1.4598917880167612,1.6556339408543792,1.7256624824244582,1.4183313444006733,1.4598917880167521
418,8.34,8.36,0.02,2403841337105275995/288230376151711744,1204802972314155115/144115188075855872,True,418,0,1.6238266437138644,1.6595551926533445,1.4579386005215256,1.478072089009718,1.6238266437138664,1.6595551926533427,1.4579386005215278,1.478072089009716,1.6234802612815562,1.6923657805792023,1.4374756195926495,1.4792283773567856,1.6234802612815653,1.692365780579193,1.4374756195926586,1.4792283773567763
419,8.36,8.38,0.02,1204802972314155115/144115188075855872,2415370552151344465/288230376151711744,True,419,0,1.592177950646239,1.6273073770482414,1.47730779719601,1.497572605554497,1.5921779506462412,1.6273073770482391,1.477307797196012,1.4975726055544947,1.5918387007420647,1.659594811948368,1.4567541316058972,1.498691484595149,1.5918387007420733,1.6595948119483592,1.456754131605906,1.49869148459514
420,8.38,8.4,0.02,2415370552151344465/288230376151711744,605283789918594675/72057594037927936,True,420,0,1.561036416565347,1.5955734105611659,1.4968028213955127,1.517193985887621,1.5610364165653492,1.5955734105611639,1.4968028213955151,1.5171939858876187,1.5607039029839611,1.6273436047413667,1.4761624018104105,1.518276273612261,1.5607039029839695,1.6273436047413583,1.4761624018104194,1.5182762736122526
421,8.4,8.42,0.02,605283789918594675/72057594037927936,2426899767197412935/288230376151711744,True,421,0,1.5303969623554856,1.564347927701412,1.5164188368759004,1.5369311961044407,1.5303969623554876,1.56434792770141,1.5164188368759024,1.5369311961044385,1.5300708055525853,1.5956064830049692,1.4956957870324168,1.5379777038552693,1.5300708055525951,1.5956064830049597,1.4956957870324261,1.53797770385526
422,8.42,8.44,0.02,2426899767197412935/288230376151711744,1216332187360223585/144115188075855872,True,422,0,1.5002547983238732,1.533625854059986,1.5361508344524641,1.5567789978088635,1.5002547983238752,1.5336258540599843,1.5361508344524661,1.5567789978088613,1.499934635459251,1.5643780653733288,1.5153494748690293,1.5577905288627079,1.49993463545926,1.56437806537332,1.5153494748690377,1.5577905288626992
423,8.44,8.46,0.02,1216332187360223585/144115188075855872,2438428982243481405/288230376151711744,True,423,0,1.4706054154782877,1.5034024050365289,1.5559935716554834,1.5767320069383455,1.47060541547829,1.5034024050365267,1.5559935716554854,1.5767320069383435,1.4702909002336992,1.5336532654705177,1.5351184157842541,1.5777093611130322,1.4702909002337083,1.5336532654705088,1.535118415784263,1.5777093611130233
424,8.46,8.48,0.02,2438428982243481405/288230376151711744,305524198720814455/36028797018963968,True,424,0,1.4414445826755624,1.4736730758957994,1.575941675920784,1.5967845920815669,1.4414445826755646,1.4736730758957972,1.5759416759207856,1.596784592081565,1.4411353854552653,1.5034272829820687,1.5549974352285874,1.5977285599014948,1.4411353854552742,1.5034272829820592,1.554997435228597,1.5977285599014857
425,8.48,8.5,0.02,305524198720814455/36028797018963968,2449958197289549875/288230376151711744,True,425,0,1.4127683356596763,1.4444336372315918,1.595989534878135,1.6169309886843075,1.4127683356596785,1.4444336372315896,1.5959895348781368,1.6169309886843057,1.4124641433920189,1.4736956008707314,1.5749811113612766,1.6178423566177245,1.4124641433920282,1.4736956008707225,1.5749811113612857,1.6178423566177151
426,8.5,8.52,0.02,2449958197289549875/288230376151711744,1227861402406292055/144115188075855872,True,426,0,1.3845729680232732,1.4156801258821752,1.6161313855678328,1.637165217288541,1.3845729680232757,1.4156801258821727,1.616131385567835,1.637165217288539,1.3842734842609632,1.4444539773058367,1.595063871127451,1.6380447646434853,1.3842734842609725,1.4444539773058274,1.5950638711274596,1.638044764643477
427,8.52,8.540000000000001,0.02,1227861402406292055/144115188075855872,2461487412335618345/288230376151711744,True,427,0,1.3568550194810418,1.387408835985014,1.6363612658167142,1.6574811425490814,1.356855019481044,1.3874088359850119,1.6363612658167166,1.6574811425490792,1.3565599643278734,1.4156984381655282,1.615239935220818,1.6583296433146164,1.3565599643278825,1.415698438165519,1.6152399352208264,1.6583296433146075
428,8.540000000000001,8.56,0.02,2461487412335618345/288230376151711744,616813004964663145/72057594037927936,True,428,0,1.3296112642020945,1.3596163075035101,1.6566730444972608,1.6778724562743812,1.3296112642020967,1.359616307503508,1.656673044497263,1.677872456274379,1.329320374318824,1.3874252667188427,1.6355033491471702,1.6786906787038085,1.329320374318833,1.3874252667188334,1.6355033491471793,1.6786906787037994
429,8.56,8.58,0.02,616813004964663145/72057594037927936,2473016627381686815/288230376151711744,True,429,0,1.302838697419089,1.3322993140930695,1.677060427104359,1.698332688020445,1.302838697419091,1.3322993140930675,1.677060427104361,1.698332688020443,1.3025517260182184,1.3596309926948587,1.6558479871624556,1.6991213944177965,1.302551726018228,1.3596309926948493,1.655847987162465,1.6991213944177872
430,8.58,8.6,0.02,2473016627381686815/288230376151711744,1239390617452360525/144115188075855872,True,430,0,1.2765345204797667,1.3054548502356431,1.6975169500383451,1.7188552298011304,1.276534520479769,1.305454850235641,1.6975169500383473,1.7188552298011281,1.2762512372773063,1.3323123806049042,1.6762675440766523,1.7196151773754047,1.2762512372773152,1.3323123806048958,1.6762675440766617,1.7196151773753954
431,8.6,8.620000000000001,0.02,1239390617452360525/144115188075855872,2484545842427755285/288230376151711744,True,431,0,1.2506961265349472,1.2790801155549614,1.71803601552788,1.7394333229197845,1.250696126534949,1.2790801155549594,1.718036015527882,1.7394333229197825,1.250416317747953,1.3054664151028952,1.6967555706936222,1.7401652627421715,1.2504163177479615,1.305466415102887,1.6967555706936308,1.7401652627421629
432,8.620000000000001,8.64,0.02,2484545842427755285/288230376151711744,155644403121924345/18014398509481984,True,432,0,1.2253210821371892,1.253172501164116,1.7386108742842263,1.7600600997471971,1.2253210821371912,1.2531725011641137,1.7386108742842286,1.760060099747195,1.225044550429807,1.2790902884138386,1.7173054530974101,1.7607647777364777,1.2250445504298162,1.2790902884138293,1.717305453097419,1.760764777736469
433,8.64,8.66,0.02,155644403121924345/18014398509481984,2496075057473823755/288230376151711744,True,433,0,1.200407112005417,1.2277295709262372,1.7592346650910509,1.780728571145522,1.200407112005419,1.2277295709262352,1.759234665091053,1.7807285711455199,1.2001336764233594,1.2531813825653653,1.7379104527955525,1.7814067272104086,1.2001336764233683,1.2531813825653564,1.7379104527955622,1.7814067272103988
434,8.66,8.68,0.02,2496075057473823755/288230376151711744,1250919832498428995/144115188075855872,True,434,0,1.1759520789888835,1.2027490457581416,1.7799004108679737,1.8014316598735047,1.1759520789888853,1.2027490457581396,1.779900410867976,1.8014316598735025,1.1756815748677492,1.2277372545972776,1.7585637004245684,1.802084028184605,1.1756815748677585,1.2277372545972682,1.758563700424578,1.8020840281845956
435,8.68,8.700000000000001,0.02,1250919832498428995/144115188075855872,2507604272519892225/288230376151711744,True,435,0,1.1519539659254174,1.1782287844575559,1.8006010372243306,1.8221622138144251,1.1519539659254197,1.1782287844575536,1.8006010372243328,1.8221622138144227,1.1516862447683724,1.2027556182097643,1.7792582134331087,1.8227895227910824,1.151686244768382,1.2027556182097552,1.7792582134331176,1.8227895227910738
436,8.700000000000001,8.72,0.02,2507604272519892225/288230376151711744,628342220010731615/72057594037927936,True,436,0,1.1284108558447592,1.1541667648041576,1.8213294057423801,1.8429130066163883,1.1284108558447614,1.1541667648041554,1.8213294057423821,1.8429130066163864,1.128145785196149,1.1782343255594412,1.7999869293101565,1.8435159778973647,1.1281457851961585,1.178234325559432,1.799986929310165,1.8435159778973562
437,8.72,8.74,0.02,628342220010731615/72057594037927936,2519133487565960695/288230376151711744,True,437,0,1.1053209109501683,1.1305610647180397,1.8420782889232608,1.8636767986189358,1.1053209109501705,1.1305610647180373,1.842078288923263,1.8636767986189335,1.1050583741512743,1.1541713491172834,1.8207426771538588,1.8642561484356386,1.105058374151283,1.1541713491172743,1.8207426771538675,1.86425614843563
438,8.74,8.76,0.02,2519133487565960695/288230376151711744,1262449047544497465/144115188075855872,True,438,0,1.082682353801479,1.1074098402935497,1.8628404552080542,1.884446289436876,1.0826823538014811,1.1074098402935475,1.8628404552080564,1.8844462894368739,1.0824222498229328,1.130564760088587,1.8415182656056346,1.8850027262073417,1.0824222498229414,1.1305647600885782,1.8415182656056437,1.8850027262073323
439,8.76,8.78,0.02,1262449047544497465/144115188075855872,2530662702612029165/288230376151711744,True,439,0,1.0604934444396308,1.0847113072176466,1.8836086127963243,1.9052142132412362,1.0604934444396332,1.0847113072176442,1.8836086127963265,1.905214213241234,1.0602356875329884,1.107412710347239,1.8623064214540135,1.9057484396323063,1.060235687532998,1.1074127103472298,1.8623064214540224,1.9057484396322975
440,8.78,8.8,0.02,2530662702612029165/288230376151711744,317053413766882925/36028797018963968,True,440,0,1.0387524607436407,1.0624637185590868,1.9043754916625717,1.9259732970737014,1.038752460743643,1.0624637185590848,1.9043754916625735,1.9259732970736994,1.0384969801477322,1.0847134103695804,1.8830973441047778,1.926488538993293,1.038496980147741,1.0847134103695715,1.8830973441047865,1.9264885389932842
441,8.8,8.82,0.02,317053413766882925/36028797018963968,2542191917658097635/288230376151711744,True,441,0,1.0174576775777218,1.040665343652382,1.9251338359950143,1.9467163096919264,1.0174576775777238,1.0406653436523803,1.9251338359950165,1.9467163096919242,1.017204416526908,1.0624651088734933,1.9038851973890398,1.947214345435615,1.017204416526917,1.0624651088734849,1.9038851973890485,1.9472143454356057
442,8.82,8.84,0.02,2542191917658097635/288230376151711744,1273978262590565935/144115188075855872,True,442,0,0.9966073445365137,1.0193144485666141,1.945876403125988,1.9674361045794482,0.9966073445365152,1.0193144485666117,1.94587640312599,1.9674361045794462,0.9963492979624932,1.0406730345029243,1.9246638132204281,1.967917588921976,0.9963492979624993,1.0406730345029152,1.9246638132204372,1.9679175889219669
443,8.84,8.86,0.02,1273978262590565935/144115188075855872,2553721132704166105/288230376151711744,True,443,0,0.9761996675192335,0.9984092732276215,1.9665960474548196,1.9881255783119751,0.9761996675192346,0.9984092732276205,1.9665960474548219,1.988125578311973,0.9759265085934277,1.0193387838671797,1.9454259959064342,1.9885911460369061,0.9759265085934326,1.019338783867171,1.9454259959064433,1.9885911460368975
444,8.86,8.88,0.02,2553721132704166105/288230376151711744,639871435056800085/72057594037927936,True,444,0,0.9562327867524812,0.9779480128838284,1.9872856832526586,2.0087777500648896,0.9562327867524821,0.9779480128838276,1.9872856832526609,2.008777750064885,0.9559452145754429,0.9984495814638319,1.966164587971451,2.0092280164626404,0.9559452145754477,0.9984495814638273,1.9661645879714598,2.0092280164626235
445,8.88,8.9,0.02,639871435056800085/72057594037927936,2565250347750234575/288230376151711744,True,445,0,0.9367047585260166,0.957928796959563,2.0079383119952197,2.0293857762971506,0.9367047585260176,0.957928796959562,2.0079383119952237,2.0293857762971466,0.9364034971689653,0.9780036066303297,1.9868724979857086,2.029821337316547,0.9364034971689701,0.9780036066303249,1.9868724979857173,2.0298213373165295
446,8.9,8.92,0.02,2565250347750234575/288230376151711744,1285507477636634405/144115188075855872,True,446,0,0.9176135364753422,0.9383496697630697,2.028547088621758,2.0499429258790682,0.9176135364753434,0.9383496697630686,2.028547088621762,2.0499429258790647,0.9172993329312585,0.9579989746409883,2.007542768828545,2.0503643565887075,0.917299332931263,0.9579989746409838,2.007542768828564,2.0503643565886893
447,8.92,8.94,0.02,1285507477636634405/144115188075855872,2576779562796303045/288230376151711744,True,447,0,0.8989569519447227,0.919208573814081,2.0491052928837985,2.0704426491746393,0.8989569519447238,0.9192085738140799,2.0491052928838025,2.0704426491746344,0.8986305737577522,0.9384337195069358,2.0281685474657665,2.0708505042731615,0.8986305737577568,0.9384337195069313,2.0281685474657847,2.0708505042731433
448,8.94,8.96,0.02,2576779562796303045/288230376151711744,40352252661239645/4503599627370496,True,448,0,0.8807326999296499,0.9005033295712159,2.069606361091779,2.090878585453587,0.8807326999296511,0.9005033295712147,2.069606361091783,2.0908785854535825,0.8803949327105348,0.919305772826211,2.048743117785577,2.091273399328448,0.8803949327105391,0.9193057728262067,2.048743117785596,2.0912733993284287
449,8.96,8.98,0.02,40352252661239645/4503599627370496,2588308777842371515/288230376151711744,True,449,0,0.8629383235265612,0.8822316189047151,2.090043921277001,2.1112445652999368,0.8629383235265622,0.8822316189047141,2.0900439212770054,2.1112445652999323,0.8625899683254116,0.9006129462739629,2.0692599370246434,2.111626851615076,0.8625899683254163,0.9006129462739582,2.069259937024661,2.1116268516150583
450,8.98,9.0,0.02,2588308777842371515/288230376151711744,1297036692682702875/144115188075855872,True,450,0,0.8455711993810676,0.8643909700691276,2.1104118059131673,2.1315346335794843,0.8455711993810687,0.8643909700691266,2.1104118059131713,2.1315346335794803,0.8452130699107725,0.88235291547528,2.089712649095019,2.1319048851983395,0.8452130699107767,0.8823529154752754,2.089712649095037,2.131904885198322
451,9.0,9.02,0.02,1297036692682702875/144115188075855872,2599837992888439985/288230376151711744,True,451,0,0.8286285243607385,0.8469787441745399,2.1307040589902533,2.1517430758965146,0.8286285243607396,0.8469787441745388,2.1307040589902573,2.1517430758965106,0.8282614440870013,0.8645232052482849,2.110095092287719,2.1521017652545043,0.8282614440870061,0.8645232052482801,2.110095092287738,2.1521017652544856
452,9.02,9.040000000000001,0.02,2599837992888439985/288230376151711744,651400650102868555/72057594037927936,True,452,0,0.8121073045658568,0.8299921222402054,2.1509149558708396,2.171864429855892,0.8121073045658579,0.8299921222402041,2.150914955870844,2.1718644298558876,0.8117321037139993,0.847121175280525,2.1304013204954186,2.1722120091729034,0.811732103714004,0.8471211752805204,2.130401320495436,2.1722120091728856
453,9.040000000000001,9.06,0.02,651400650102868555/72057594037927936,2611367207934508455/288230376151711744,True,453,0,0.7960043456462895,0.8134280940316138,2.1710390192819093,2.191893497548175,0.7960043456462905,0.8134280940316128,2.171039019281914,2.191893497548171,0.7956218581385675,0.8301440074908586,2.1506256203967684,2.1922303991691807,0.7956218581385721,0.8301440074908539,2.1506256203967866,2.1922303991691616
454,9.06,9.08,0.02,2611367207934508455/288230376151711744,1308565907728771345/144115188075855872,True,454,0,0.7803162449495189,0.7972834482922695,2.191071045453219,2.211825345047123,0.7803162449495198,0.7972834482922685,2.191071045453223,2.211825345047119,0.7799273053163125,0.8135886946743962,2.1707625392766396,2.2121519815214667,0.7799273053163174,0.8135886946743917,2.170762539276658,2.2121519815214485
455,9.08,9.1,0.02,1308565907728771345/144115188075855872,2622896422980576925/288230376151711744,True,455,0,0.7650393849630382,0.7815547650101148,2.2110060978246175,2.231655331328473,0.7650393849630392,0.7815547650101138,2.2110060978246215,2.2316553313284695,0.7646448252283591,0.7974520311301904,2.1908068796549687,2.2319720960724396,0.7646448252283635,0.7974520311301859,2.190806879654986,2.231972096072422
456,9.1,9.120000000000001,0.02,2622896422980576925/288230376151711744,328582628812951395/36028797018963968,True,456,0,0.7501699287745104,0.7662384090631136,2.2308395248614494,2.2513791099356304,0.7501699287745115,0.7662384090631125,2.2308395248614534,2.2513791099356264,0.749770575365233,0.7817306045846314,2.2107537188285793,2.251686377741088,0.7497705753652376,0.781730604584627,2.210753718828597,2.2516863777410703
457,9.120000000000001,9.14,0.02,328582628812951395/36028797018963968,2634425638026645395/288230376151711744,True,457,0,0.7357038171839616,0.7513305256423688,2.2505669690251344,2.2709926362441935,0.7357038171839627,0.7513305256423677,2.2505669690251384,2.2709926362441895,0.7353004878912988,0.7664207898475695,2.2305984193969652,2.271290763855007,0.7353004878913033,0.7664207898475649,2.2305984193969826,2.2712907638549895
458,9.14,9.16,0.02,2634425638026645395/288230376151711744,1320095122774839815/144115188075855872,True,458,0,0.7216367675137492,0.7368270374041324,2.27018437386169,2.290492173296858,0.7216367675137499,0.7368270374041315,2.270184373861695,2.2904921732968533,0.7212302685211818,0.7515187441845503,2.25033663794101,2.290781500050919,0.7212302685211864,0.7515187441845457,2.2503366379410283,2.2907815000509006
459,9.16,9.18,0.02,1320095122774839815/144115188075855872,2645954853072713865/288230376151711744,True,459,0,0.7079642740607693,0.7227236433687516,2.2896879857201626,2.309874299665975,0.7079642740607703,0.7227236433687505,2.2896879857201666,2.3098742996659705,0.7075553970750199,0.7370204044182987,2.269964328276801,2.3101551482729032,0.7075553970750246,0.7370204044182943,2.269964328276819,2.310155148272886
460,9.18,9.200000000000001,0.02,2645954853072713865/288230376151711744,662929865148937025/72057594037927936,True,460,0,0.6946816103771728,0.7090158193081793,2.3090743715995816,2.3291358978500103,0.6946816103771739,0.7090158193081781,2.3090743715995856,2.329135897850006,0.6942711299108684,0.7229214855058671,2.289477761302128,2.32940857483816,0.6942711299108727,0.7229214855058629,2.2894777613021473,2.3294085748381406
461,9.200000000000001,9.22,0.02,662929865148937025/72057594037927936,2657484068118782335/288230376151711744,True,461,0,0.6817838328162376,0.69569882008292,2.3283404064979623,2.348274169868348,0.6817838328162388,0.695698820082919,2.3283404064979663,2.3482741698683434,0.6813725035843696,0.7092174811548838,2.308873513543348,2.3485389664837055,0.681372503584374,0.7092174811548795,2.3088735135433662,2.3485389664836878
462,9.22,9.24,0.02,2657484068118782335/288230376151711744,1331624337820908285/144115188075855872,True,462,0,0.6692657856119973,0.6827676835253148,2.3474832792971787,2.367286631090196,0.6692657856119985,0.6827676835253137,2.347483279297183,2.3672866310901917,0.6688543400916237,0.6959036660033736,2.3281484747990286,2.3675438240510895,0.6688543400916278,0.6959036660033693,2.3281484747990477,2.36754382405107
463,9.24,9.26,0.02,1331624337820908285/144115188075855872,2669013283164850805/288230376151711744,True,463,0,0.6571221080330831,0.6702172351684532,2.36650049217136,2.386171107412488,0.6571221080330841,0.6702172351684522,2.3665004921713644,2.3861711074124834,0.6567112542456333,0.6829750986661396,2.3472998490973223,2.3864209596796275,0.656711254245638,0.6829750986661351,2.3472998490973405,2.3864209596796093
464,9.26,9.28,0.02,2669013283164850805/288230376151711744,167173618167992815/18014398509481984,True,464,0,0.6453472419736911,0.6580420952729787,2.3853898576350345,2.404925731796662,0.6453472419736921,0.6580420952729777,2.3853898576350385,2.404925731796658,0.6449376614829675,0.6704266271783452,2.3663251532202696,2.405168493367216,0.6449376614829723,0.6704266271783405,2.3663251532202882,2.4051684933671975
465,9.28,9.3,0.02,167173618167992815/18014398509481984,2680542498210919275/288230376151711744,True,465,0,0.6339354408679121,0.6462366870611006,2.40414949510746,2.423548938441767,0.6339354408679132,0.6462366870610995,2.4041494951074642,2.423548938441763,0.6335277869321347,0.6582528958108588,2.385222214707561,2.423784847127642,0.6335277869321391,0.6582528958108546,2.3852222147075786,2.423784847127624
466,9.3,9.32,0.02,2680542498210919275/288230376151711744,1343153552866976755/144115188075855872,True,466,0,0.6228807806369204,0.6347952452223932,2.4227778256619845,2.442039456100615,0.6228807806369213,0.6347952452223923,2.422777825661988,2.442039456100611,0.6224756766297759,0.6464483521540659,2.403989167950961,2.4422687382978476,0.6224756766297804,0.6464483521540614,2.40398916795098,2.4422687382978294
467,9.32,9.34,0.02,1343153552866976755/144115188075855872,2692071713256987745/288230376151711744,True,467,0,0.6121771701527985,0.6237118269730257,2.4412735649595,2.4603963007325684,0.6121771701527995,0.6237118269730247,2.4412735649595043,2.4603963007325644,0.6117752081868911,0.6350072569403247,2.422624448372721,2.4606191721852264,0.6117752081868958,0.6350072569403201,2.42262444837274,2.4606191721852073
468,9.34,9.36,0.02,2692071713256987745/288230376151711744,674459080195005495/72057594037927936,True,468,0,0.6018183639654708,0.6129803226721733,2.459635715811356,2.4786187662560777,0.6018183639654721,0.6129803226721722,2.459635715811361,2.4786187662560732,0.6014201037721597,0.6239236934933633,2.4411267861510684,2.478835432792734,0.6014201037721643,0.6239236934933587,2.4411267861510866,2.478835432792716
469,9.36,9.38,0.02,674459080195005495/72057594037927936,2703600928303056215/288230376151711744,True,469,0,0.5917979747146414,0.6025944683216881,2.47786036402534,2.49670960996824,0.5917979747146423,0.6025944683216872,2.477860364025344,2.496709609968236,0.591403942742703,0.6131915792255681,2.4594950873197403,2.496917184009953,0.5914039427427077,0.6131915792255633,2.4594950873197567,2.496917184009936
470,9.38,9.4,0.02,2703600928303056215/288230376151711744,1354682767913045225/144115188075855872,True,470,0,0.5821094868474131,0.5925478580690361,2.495947679298446,2.514668031096075,0.5821094868474141,0.5925478580690351,2.4959476792984505,2.5146680310960705,0.5817201756055286,0.6028046772421849,2.477722833654762,2.5148700500811305,0.5817201756055331,0.6028046772421803,2.4777228336547794,2.5148700500811123
471,9.4,9.42,0.02,1354682767913045225/144115188075855872,2715130143349124685/288230376151711744,True,471,0,0.5727462700763881,0.5828339580233405,2.5139005887935797,2.532490975075288,0.5727462700763892,0.5828339580233394,2.5139005887935837,2.532490975075284,0.5723621376850406,0.5927566094215693,2.4958160598608172,2.532687617068344,0.5723621376850453,0.5927566094215646,2.495816059860834,2.5326876170683263
472,9.42,9.44,0.02,2715130143349124685/288230376151711744,340111843859019865/36028797018963968,True,472,0,0.5637015936485871,0.5734461200594189,2.5317191197563513,2.550178767436139,0.5637015936485882,0.5734461200594178,2.5317191197563558,2.5501787674361345,0.5633230636136929,0.5830408695979583,2.5137745411953545,2.5503702224065274,0.5633230636136978,0.5830408695979534,2.5137745411953727,2.550370222406509
473,9.44,9.46,0.02,340111843859019865/36028797018963968,2726659358395193155/288230376151711744,True,473,0,0.554968641285567,0.5643775955021183,2.5494035339808776,2.5677319547213644,0.554968641285568,0.5643775955021174,2.549403533980882,2.56773195472136,0.5545961025041466,0.5736508367379354,2.5315983496194674,2.56791837469583,0.5545961025041513,0.5736508367379307,2.5315983496194856,2.5679183746958114
474,9.46,9.48,0.02,2726659358395193155/288230376151711744,1366211982959113695/144115188075855872,True,474,0,0.5465405253458638,0.5556215499019114,2.566954315045021,2.585151291745319,0.546540525345865,0.5556215499019103,2.5669543150450256,2.5851512917453148,0.546174188979665,0.5645799326915273,2.5492877598822923,2.585332822556143,0.5461741889796699,0.5645799326915226,2.54928775988231,2.5853328225561256
475,9.48,9.5,0.02,1366211982959113695/144115188075855872,2738188573441261625/288230376151711744,True,475,0,0.5384103009292979,0.5471710779543769,2.5843721550962546,2.6024377286365517,0.538410300929299,0.5471710779543759,2.584372155096259,2.6024377286365477,0.5380504517763334,0.5558212425709111,2.5668432678066435,2.6026145105027556,0.5380504517763378,0.5558212425709066,2.56684326780666,2.6026145105027383
476,9.5,9.52,0.02,2738188573441261625/288230376151711744,685988295241073965/72057594037927936,True,476,0,0.5305709810514554,0.5390192172204028,2.601657942559396,2.6195923965081693,0.5305709810514565,0.5390192172204017,2.6016579425594,2.619592396508165,0.5302179208752892,0.5473678365771554,2.584265578283641,2.619764564555286,0.5302179208752937,0.5473678365771507,2.5842655782836585,2.6197645645552687
477,9.52,9.540000000000001,0.02,685988295241073965/72057594037927936,2749717788487330095/288230376151711744,True,477,0,0.5230155501973964,0.5311589631396885,2.6188127482288,2.636616594496287,0.5230155501973975,0.5311589631396874,2.618812748228804,2.636616594496283,0.5226695475431784,0.5392127786910474,2.6015555915244226,2.636784279240013,0.522669547543183,0.5392127786910428,2.6015555915244404,2.636784279239996
478,9.540000000000001,9.56,0.02,2749717788487330095/288230376151711744,1377741198005182165/144115188075855872,True,478,0,0.5157369781332066,0.5235832832743873,2.6358378116130354,2.653511776491516,0.5157369781332078,0.5235832832743861,2.63583781161304,2.6535117764915124,0.515398269118791,0.5313490901975213,2.618714389473489,2.653675104280064,0.5153982691187958,0.5313490901975169,2.6187143894735065,2.653675104280047
479,9.56,9.58,0.02,1377741198005182165/144115188075855872,2761247003533398565/288230376151711744,True,479,0,0.5087282342054492,0.5162851303860606,2.652734528890745,2.6702795363834944,0.5087282342054502,0.5162851303860597,2.652734528890749,2.670279536383491,0.5083970232472143,0.5237697631671275,2.6357432237605907,2.6704386297819895,0.5083970232472188,0.5237697631671228,2.635743223760609,2.6704386297819718
480,9.58,9.6,0.02,2761247003533398565/288230376151711744,86469112845513525/9007199254740992,True,480,0,0.5019822997303477,0.5092574565959015,2.6695044386874134,2.686921595772018,0.5019822997303486,0.5092574565959005,2.6695044386874174,2.6869215957720143,0.501658760776444,0.5164677745226277,2.652643501363311,2.6870765739170204,0.5016587607764481,0.5164677745226235,2.6526435013633276,2.6870765739170035
481,9.6,9.620000000000001,0.02,86469112845513525/9007199254740992,2772776218579467035/288230376151711744,True,481,0,0.4954921804643987,0.5024932265042665,2.6861492087728576,2.703439791195145,0.49549218046439913,0.5024932265042656,2.6861492087728607,2.7034397911951413,0.4951764585093466,0.5094360993566682,2.6694167711257593,2.7035907701092667,0.4951764585093488,0.5094360993566637,2.6694167711257766,2.703590770109249
482,9.620000000000001,9.64,0.02,2772776218579467035/288230376151711744,1389270413051250635/144115188075855872,True,482,0,0.4892509188473811,0.4959854294651829,2.702670623345699,2.719836061341701,0.4892509188473814,0.4959854294651826,2.7026706233457025,2.719836061341697,0.4889431308583688,0.50266772433081,2.686064710795966,2.719983154209689,0.488943130858371,0.5026677243308062,2.6860647107959856,2.7199831542096704
483,9.64,9.66,0.02,1389270413051250635/144115188075855872,2784305433625535505/288230376151711744,True,483,0,0.48325160530003647,0.4897270916379348,2.71907057056805,2.736112434703034,0.48325160530003686,0.48972709163793443,2.7190705705680536,2.7361124347030303,0.48295184152205356,0.4961556599324705,2.7025891142531266,2.7362557521105173,0.4829518415220558,0.4961556599324683,2.7025891142531453,2.736255752110498
484,9.66,9.68,0.02,2784305433625535505/288230376151711744,697517510287142435/72057594037927936,True,484,0,0.47748738895446824,0.48371128735880187,2.735351029618395,2.752271018499063,0.4774873889544687,0.4837112873588014,2.7353510296183976,2.7522710184990604,0.47719571426914886,0.4898929524164752,2.718991878190704,2.752410668644857,0.4771957142691511,0.48989295241647296,2.7189918781907223,2.7524106686448397
485,9.68,9.700000000000001,0.02,697517510287142435/72057594037927936,2795834648671603975/288230376151711744,True,485,0,0.4719514877138697,0.4779311498742394,2.751514062826697,2.7683139834023254,0.47195148771387013,0.47793114987423896,2.7515140628266996,2.7683139834023227,0.4716679430378294,0.4838726951533349,2.735274993879688,2.7684500722425054,0.4716679430378315,0.4838726951533329,2.735274993879706,2.768450072242487
486,9.700000000000001,9.72,0.02,2795834648671603975/288230376151711744,1400799628097319105/144115188075855872,True,486,0,0.4666371976268261,0.4723798814038797,2.7675618001847906,2.7842435568399737,0.4666371976268265,0.4723798814038793,2.7675618001847946,2.78424355683997,0.4663618013364537,0.4780880393435932,2.7514405311894854,2.78437618824483,0.4663618013364559,0.47808803934359095,2.7514405311895027,2.7843761882448135
487,9.72,9.74,0.02,1400799628097319105/144115188075855872,2807363863717672445/288230376151711744,True,487,0,0.46153790119552673,0.4670507628823511,2.783496427870865,2.8000620132940637,0.46153790119552723,0.46705076288235065,2.783496427870868,2.8000620132940606,0.4612706505451772,0.4725322044598131,2.767490626627719,2.800191289183624,0.4612706505451793,0.47253220445981087,2.767490626627737,2.8001912891836063
488,9.74,9.76,0.02,2807363863717672445/288230376151711744,351641058905088335/36028797018963968,True,488,0,0.45664707590521464,0.4619371620750319,2.799320181527278,2.8157716609063637,0.456647075905215,0.46193716207503144,2.799320181527281,2.81577166090636,0.4563879484789347,0.4671984870312458,2.7834274761451527,2.8158976813298358,0.4563879484789368,0.4671984870312436,2.783427476145169,2.8158976813298193
489,9.76,9.78,0.02,351641058905088335/36028797018963968,2818893078763740915/288230376151711744,True,489,0,0.45195830177179025,0.45703254126535714,2.8150353336957203,2.831374835017329,0.4519583017717906,0.45703254126535675,2.815035333695723,2.831374835017326,0.45170725694481717,0.4620802690263309,2.7992532874652656,2.8314977327925663,0.45170725694481934,0.4620802690263287,2.7992532874652833,2.831497732792549
490,9.78,9.8,0.02,2818893078763740915/288230376151711744,1412328843143387575/144115188075855872,True,490,0,0.4474652670903339,0.45233046533828797,2.8306441862178016,2.846873887851926,0.44746526709033435,0.4523304653382875,2.830644186217805,2.846873887851923,0.4472222474266371,0.4571710267018283,2.8149703509466804,2.8469937841866635,0.44722224742663913,0.45717102670182624,2.814970350946697,2.846993784186647
491,9.8,9.82,0.02,1412328843143387575/144115188075855872,2830422293809809385/288230376151711744,True,491,0,0.4431617746384528,0.44782460802199736,2.8461490599718635,2.8622711819934636,0.4431617746384532,0.44782460802199703,2.846149059971867,2.86227118199346,0.44292670728135264,0.4524643375446743,2.8305810058619625,2.862388165002681,0.44292670728135486,0.4524643375446721,2.8305810058619802,2.8623881650026637
492,9.82,9.84,0.02,2830422293809809385/288230376151711744,709046725333210905/72057594037927936,True,492,0,0.43904174695110776,0.4435087576979031,2.861552288437558,2.8775690811545886,0.43904174695110815,0.44350875769790266,2.8615522884375606,2.877569081154586,0.43881454498534833,0.4479538867907403,2.8460875800451313,2.877683237732385,0.4388145449853505,0.4479538867907381,2.8460875800451486,2.8776832377323673
493,9.84,9.86,0.02,709046725333210905/72057594037927936,2841951508855877855/288230376151711744,True,493,0,0.43509923078899876,0.4393768226906444,2.8768562082948437,2.8927699450320117,0.4350992307889992,0.4393768226906439,2.876856208294847,2.892769945032009,0.4348797945589899,0.44363347342172293,2.8614924115684937,2.892881361086745,0.43487979455899206,0.44363347342172077,2.8614924115685123,2.892881361086726
494,9.86,9.88,0.02,2841951508855877855/288230376151711744,1423858058189456045/144115188075855872,True,494,0,0.4313284010195013,0.43542283586075636,2.892063154613236,2.907876120673451,0.43132840101950165,0.4354228358607561,2.892063154613239,2.9078761206734476,0.43111661940073154,0.4394970154471671,2.876797844147082,2.907984880596282,0.43111661940073376,0.4394970154471648,2.8767978441470987,2.9079848805962656
495,9.88,9.9,0.02,1423858058189456045/144115188075855872,2853480723901946325/288230376151711744,True,495,0,0.4277235641902436,0.43164095826634485,2.907175449850577,2.922889941116439,0.427723564190244,0.4316409582663444,2.90717544985058,2.9228899411164355,0.4275193157877781,0.43553855425808824,2.892006214768147,2.9229961280786316,0.4275193157877804,0.435538554258086,2.892006214768166,2.922996128078613
496,9.9,9.92,0.02,2853480723901946325/288230376151711744,178702833214061285/18014398509481984,True,496,0,0.42427916058175225,0.4280254831596743,2.9221954046688907,2.937813713263358,0.42427916058175263,0.428025483159674,2.922195404668894,2.9378137132633544,0.4240823138224791,0.4317522603229558,2.9071198543209547,2.9379174091728664,0.4240823138224811,0.4317522603229536,2.90711985432097,2.93791740917285
497,9.92,9.94,0.02,178702833214061285/18014398509481984,2865009938948014795/288230376151711744,True,497,0,0.42098976764386853,0.42457083746880037,2.9371253089098444,2.9526497166183843,0.4209897676438689,0.4245708374688,2.9371253089098484,2.9526497166183807,0.4208001842955948,0.42813243180780475,2.922141078043508,2.9527510020946317,0.42080018429559696,0.4281324318078025,2.9221410780435257,2.952751002094614
498,9.94,9.96,0.02,2865009938948014795/288230376151711744,1435387273235524515/144115188075855872,True,498,0,0.4178501001555348,0.4212715854843418,2.951967426198528,2.967400199380121,0.41785010015553525,0.42127158548434135,2.9519674261985314,2.967400199380118,0.4176676350765872,0.4246735025685529,2.9370721796287516,2.967499153734085,0.4176676350765892,0.42467350256855096,2.9370721796287684,2.9674991537340687
499,9.96,9.98,0.02,1435387273235524515/144115188075855872,2876539153994083265/288230376151711744,True,499,0,0.4148550123346315,0.41812242958419427,2.9667239897981386,2.9820673742286123,0.4148550123346319,0.4181224295841939,2.9667239897981417,2.9820673742286092,0.414679514489857,0.4213700421150316,2.9519154266141694,2.982164075435632,0.4146795144898592,0.4213700421150294,2.951915426614188,2.9821640754356133
500,9.98,10.0,0.02,2876539153994083265/288230376151711744,720575940379279375/72057594037927936,True,500,0,0.41199949815307835,0.4151182118038344,2.981397197600063,2.996653415879012,0.41199949815307874,0.415118211803834,2.981397197600066,2.996653415879009,0.41183081154619805,0.418216757739643,2.966673054915007,2.996747940557291,0.41183081154620016,0.418216757739641,2.966673054915026,2.9967479405572726
501,10.0,10.02,0.02,720575940379279375/72057594037927936,2888068369040151735/288230376151711744,True,501,0,0.409278692059786,0.41225391411184525,2.995989211585107,3.0111604550222966,0.4092786920597864,0.4122539141118448,2.9959892115851106,3.0111604550222935,0.40911665663280494,0.4152084952692012,2.9813472678781086,3.011252878389801,0.4091166566328072,0.4152084952691989,2.981347267878126,3.011252878389784
502,10.02,10.040000000000001,0.02,2888068369040151735/288230376151711744,1446916488281592985/144115188075855872,True,502,0,0.40668786864961554,0.40952465891553574,3.0105021522647624,3.0255905780982184,0.406687868649616,0.4095246589155353,3.0105021522647655,3.0255905780982153,0.4065323211106438,0.41234024005414494,2.9959402302990235,3.0256809739475363,0.406532321110646,0.4123402400541427,2.9959402302990403,3.0256809739475186
503,10.040000000000001,10.06,0.02,1446916488281592985/144115188075855872,2899597584086220205/288230376151711744,True,503,0,0.40422244199906426,0.4069257091380433,3.0249380956521246,3.0399458253046108,0.40422244199906465,0.40692570913804293,3.0249380956521272,3.0399458253046077,0.40407321658378825,0.4096071174928699,3.0104540650069005,3.0400342659808524,0.40407321658379036,0.4096071174928679,3.0104540650069183,3.0400342659808346
504,10.06,10.08,0.02,2899597584086220205/288230376151711744,363170273951156805/36028797018963968,True,504,0,0.4018779649990372,0.4044524675978231,3.039299073725956,3.0542281858329514,0.40187796499903766,0.40445246759782266,3.03929907372596,3.054228185832948,0.4017348941781713,0.4070043928154723,3.0248908529859864,3.054314742194539,0.4017348941781733,0.40700439281547035,3.0248908529860046,3.0543147421945216
505,10.08,10.1,0.02,363170273951156805/36028797018963968,2911126799132288675/288230376151711744,True,505,0,0.399650128124565,0.4021004763106215,3.05358706928976,3.068439599381724,0.39965012812456546,0.4021004763106211,3.053587069289763,3.068439599381721,0.3995130432510339,0.40452747076625384,3.0392526278746335,3.068524340784871,0.3995130432510361,0.40452747076625156,3.0392526278746503,3.0685243407848537
506,10.1,10.120000000000001,0.02,2911126799132288675/288230376151711744,1458445703327661455/144115188075855872,True,506,0,0.39753475835745117,0.3998654150562908,3.0678040144830545,3.082581954644288,0.39753475835745167,0.39986541505629036,3.0678040144830576,3.082581954644285,0.39740349027979094,0.40217189449545565,3.0535413741622066,3.0826649489284588,0.39740349027979305,0.40217189449545354,3.053541374162224,3.082664948928441
507,10.120000000000001,10.14,0.02,1458445703327661455/144115188075855872,2922656014178357145/288230376151711744,True,507,0,0.39552781722675245,0.3977431003018822,3.081951792746772,3.096657084924087,0.39552781722675284,0.39774310030188176,3.081951792746775,3.0966570849240838,0.39540219683025263,0.39993334481761006,3.0677590288722816,3.0967383983888794,0.3954021968302546,0.399933344817608,3.0677590288722985,3.0967383983888626
508,10.14,10.16,0.02,2922656014178357145/288230376151711744,732105155425347845/72057594037927936,True,508,0,0.39362539903928306,0.39572948346243064,3.0960322319205247,3.110666773155809,0.39362539903928345,0.3957294834624303,3.0960322319205282,3.1106667731558053,0.39350525774365314,0.39780763875176345,3.0819074740304733,3.110746470898541,0.39350525774365525,0.3978076387517613,3.0819074740304906,3.110746470898523
509,10.16,10.18,0.02,732105155425347845/72057594037927936,2934185229224425615/288230376151711744,True,509,0,0.39182372855388387,0.3938206492981619,3.1100471108103807,3.12461274395029,0.3918237285538843,0.39382064929816146,3.1100471108103838,3.1246127439502867,0.3917088987460164,0.3957907281936952,3.0959885440983554,3.124690889090113,0.39170889874601866,0.395790728193693,3.095988544098372,3.1246908890900964
510,10.18,10.200000000000001,0.02,2934185229224425615/288230376151711744,1469974918373729925/144115188075855872,True,510,0,0.39011915982836715,0.392012812767664,3.1239981529101684,3.138496668939631,0.39011915982836753,0.3920128127676636,3.123998152910172,3.138496668939628,0.390009475319399,0.3938786969303065,3.1100040182849074,3.1385733230247954,0.390009475319401,0.3938786969303044,3.1100040182849242,3.1385733230247794
511,10.200000000000001,10.22,0.02,1469974918373729925/144115188075855872,2945714444270494085/288230376151711744,True,511,0,0.3885081722889353,0.3903023183343335,3.137887028465553,3.1523201641930942,0.3885081722889357,0.3903023183343331,3.137887028465557,3.1523201641930902,0.3884034686294741,0.392067760250118,3.1239556228191843,3.1523953871927564,0.38840346862947617,0.392067760250116,3.1239556228192016,3.1523953871927395
512,10.22,10.24,0.02,2945714444270494085/288230376151711744,5764607523034235/562949953421312,True,512,0,0.38698736908178183,0.38868563671022016,3.1517153527930817,3.1660847917538075,0.38698736908178233,0.3886856367102197,3.151715352793085,3.1660847917538044,0.38688748389218935,0.39035426181230665,3.1378450290682074,3.16615864206306,0.3868874838921914,0.39035426181230454,3.1378450290682247,3.1661586420630434
513,10.24,10.26,0.02,5764607523034235/562949953421312,2957243659316562555/288230376151711744,True,513,0,0.3855534743246611,0.3871593624603851,3.1654846870148363,3.1797920590999347,0.3855534743246614,0.3871593624603848,3.1654846870148394,3.179792059099932,0.3854582475793589,0.38873467141666307,3.1516738541062024,3.1798645935403558,0.38545824757936104,0.388734671416661,3.1516738541062197,3.1798645935403393
514,10.26,10.28,0.02,2957243659316562555/288230376151711744,1481504133419798395/144115188075855872,True,514,0,0.3842033302762155,0.3857202114890426,3.179196536986347,3.1934434207179896,0.38420333027621584,0.38572021148904234,3.1791965369863497,3.1934434207179865,0.3841126045448967,0.3872055826331587,3.1654436594753483,3.193514694552549,0.3841126045448988,0.3872055826331565,3.165443659475364,3.1935146945525332
515,10.28,10.3,0.02,1481504133419798395/144115188075855872,2968772874362631025/288230376151711744,True,515,0,0.3829338951713708,0.3843650176947842,3.192852357141038,3.2070402750330547,0.38293389517137116,0.3843650176947838,3.192852357141041,3.2070402750330516,0.3828475158627967,0.3857637095369538,3.179155954913299,3.207110341961282,0.3828475158627988,0.3857637095369517,3.1791559549133166,3.207110341961264
516,10.3,10.32,0.02,2968772874362631025/288230376151711744,743634370471416315/72057594037927936,True,516,0,0.3817422395103448,0.3830907310409223,3.2064535476726648,3.2205839682438304,0.3817422395103452,0.3830907310409219,3.206453547672668,3.2205839682438278,0.38166005504355216,0.3844058849170382,3.192812195391197,3.2206528804199275,0.3816600550435542,0.3844058849170361,3.1928121953912134,3.2206528804199106
517,10.32,10.34,0.02,743634370471416315/72057594037927936,2980302089408699495/288230376151711744,True,517,0,0.38062554351406613,0.38189441435866883,3.2200014558206713,3.2340757942693967,0.38062554351406647,0.3818944143586685,3.220001455820674,3.234075794269394,0.38054740546834087,0.3831290571509601,3.2064137822936134,3.234143602318503,0.3805474054683428,0.3831290571509581,3.2064137822936294,3.2341436023184866
518,10.34,10.36,0.02,2980302089408699495/288230376151711744,1493033348465866865/144115188075855872,True,518,0,0.37958109420552283,0.38077324045210814,3.2334973766953454,3.2475169953440286,0.37958109420552316,0.3807732404521078,3.2334973766953485,3.2475169953440255,0.3795068574490882,0.38193028736724166,3.2199620641482385,3.247583748380012,0.3795068574490902,0.38193028736723955,3.2199620641482554,3.247583748379995
519,10.36,10.38,0.02,1493033348465866865/144115188075855872,2991831304454767965/288230376151711744,True,519,0,0.37860628246916106,0.37972448917874846,3.246942553577404,3.260908763300748,0.37860628246916145,0.37972448917874807,3.2469425535774077,3.260908763300745,0.3785358052632041,0.3808067465737801,3.2334583368389334,3.260974508948943,0.3785358052632063,0.38080674657377794,3.2334583368389507,3.2609745089489257
520,10.38,10.4,0.02,2991831304454767965/288230376151711744,374699488997225275/36028797018963968,True,520,0,0.3776986001208729,0.3787455444967788,3.260338179572889,3.274252239639722,0.37769860012087325,0.37874554449677844,3.2603381795728916,3.274252239639719,0.37763174420185625,0.379755712738173,3.2469038451933203,3.2743170240568933,0.3776317442018583,0.37975571273817094,3.246903845193335,3.2743170240568777
521,10.4,10.42,0.02,374699488997225275/36028797018963968,3003360519500836435/288230376151711744,True,521,0,0.37685563696198576,0.3778338915271101,3.2736853986037953,3.287548516379842,0.3768556369619861,0.3778338915271098,3.2736853986037984,3.287548516379839,0.37679226760296,0.37877456787136793,3.2602997839124668,3.287612384275631,0.3767922676029622,0.37877456787136576,3.260299783912483,3.2876123842756138
522,10.42,10.44,0.02,3003360519500836435/288230376151711744,1504562563511935335/144115188075855872,True,522,0,0.37607507785702143,0.3769871136098565,3.286985305325346,3.3007986380829855,0.37607507785702177,0.3769871136098562,3.286985305325349,3.3007986380829824,0.37601506391040096,0.3778607950935771,3.2736472974308675,3.300861632748988,0.37601506391040296,0.3778607950935751,3.2736472974308843,3.300861632748971
523,10.44,10.46,0.02,1504562563511935335/144115188075855872,3014889734546904905/288230376151711744,True,523,0,0.37535469983309955,0.37620288937484847,3.3002389466003614,3.314003602402471,0.3753546998330999,0.3762028893748481,3.300238946600364,3.314003602402468,0.37529791375655586,0.37701197570383715,3.2869474813514423,3.314065765740039,0.37529791375655785,0.37701197570383516,3.286947481351458,3.314065765740023
524,10.46,10.48,0.02,3014889734546904905/288230376151711744,755163585517484785/72057594037927936,True,524,0,0.37469236912130927,0.37547898992148876,3.3134473224338334,3.32716436123613,0.37469236912130965,0.3754789899214884,3.313447322433836,3.3271643612361275,0.3746386869829802,0.37622578635489673,3.3002013833458013,3.3272257337860647,0.3746386869829821,0.37622578635489473,3.300201383345818,3.327225733786048
525,10.48,10.5,0.02,755163585517484785/72057594037927936,3026418949592973375/288230376151711744,True,525,0,0.3740860385956423,0.37481327566622813,3.3266113872845944,3.3402818215520362,0.3740860385956427,0.37481327566622774,3.326611387284597,3.3402818215520336,0.37403534008278566,0.3754999958646503,3.313410004440531,3.3403424425247987,0.37403534008278777,0.3754999958646482,3.3134100044405477,3.3403424425247814
526,10.5,10.52,0.02,3026418949592973375/288230376151711744,1516091778558003805/144115188075855872,True,526,0,0.3735337446885592,0.3742036937909167,3.339732050094301,3.3533568475329183,0.3735337446885596,0.3742036937909163,3.3397320500943035,3.3533568475329156,0.3734859130857769,0.374832462656182,3.326574299023874,3.3534167548431277,0.37348591308577905,0.37483246265617987,3.3265742990238896,3.3534167548431113
527,10.52,10.540000000000001,0.02,1516091778558003805/144115188075855872,3037948164639041845/288230376151711744,True,527,0,0.37303360474164715,0.3736482753442888,3.352810176562873,3.366390260497763,0.37303360474164754,0.37364827534428835,3.3528101765628757,3.3663902604977602,0.37298852690424517,0.37422113181999234,3.3396951771129135,3.3664494907951314,0.3729885269042474,0.3742211318199901,3.339695177112931,3.366449490795115
528,10.540000000000001,10.56,0.02,3037948164639041845/288230376151711744,190232048260129755/18014398509481984,True,528,0,0.3725838143173987,0.373145132479946,3.3658465915938773,3.3793828386658378,0.37258381431739906,0.3731451324799457,3.36584659159388,3.379382838665835,0.3725413806354523,0.37366403231247136,3.352773506799862,3.3794414273590236,0.3725413806354545,0.373664032312469,3.3527735067998785,3.3794414273590063
529,10.56,10.58,0.02,190232048260129755/18014398509481984,3049477379685110315/288230376151711744,True,529,0,0.3721826444383215,0.37269245587269845,3.37884207744393,3.3923353212189644,0.3721826444383219,0.372692455872698,3.3788420774439336,3.392335321218961,0.3721427487851039,0.37315927433503515,3.365810112383483,3.3923933025162536,0.372142748785106,0.373159274335033,3.3658101123835,3.392393302516237
530,10.58,10.6,0.02,3049477379685110315/288230376151711744,1527620993604072275/144115188075855872,True,530,0,0.3718284389047524,0.3722885121687516,3.3917973759440345,3.4052484082850913,0.37182843890475276,0.37228851216875125,3.391797375944037,3.4052484082850887,0.37179097857177634,0.37270504674142635,3.3788057765997177,3.4053058152291835,0.37179097857177856,0.3727050467414242,3.378805776599734,3.405305815229167
531,10.6,10.620000000000001,0.02,1527620993604072275/144115188075855872,3061006594731178785/288230376151711744,True,531,0,0.37151960103080384,0.3719316521363631,3.4047131899288416,3.418122761698793,0.3715196010308042,0.3719316521363627,3.4047131899288443,3.41812276169879,0.37148447600571477,0.37229962578635584,3.391761242055587,3.418179626204375,0.37148447600571677,0.3722996257863538,3.3917612420556034,3.418179626204359
532,10.620000000000001,10.64,0.02,3061006594731178785/288230376151711744,766692800563553255/72057594037927936,True,532,0,0.3712546174882197,0.37162028183063023,3.4175901841212832,3.4309590062854207,0.3712546174882201,0.37162028183062984,3.4175901841212863,3.4309590062854176,0.37122173133025044,0.37194134463118733,3.4046772121343545,3.4310153591672288,0.3712217313302524,0.37194134463118533,3.4046772121343714,3.4310153591672115
533,10.64,10.66,0.02,766692800563553255/72057594037927936,3072535809777247255/288230376151711744,True,533,0,0.37103204470700724,0.3713528713296632,3.430428986248953,3.443757730883871,0.3710320447070075,0.37135287132966294,3.430428986248956,3.4437577308838683,0.3710013047223328,0.371628602716749,3.4175543521217455,3.4438136018891066,0.37100130472233467,0.3716286027167471,3.41755435212176,3.4438136018890915
534,10.66,10.68,0.02,3072535809777247255/288230376151711744,1539150208650140745/144115188075855872,True,534,0,0.3708503766985009,0.3711280821800368,3.4432301869134188,3.4565194905806855,0.3708503766985013,0.3711280821800364,3.443230186913422,3.4565194905806824,0.3708216863599361,0.37136000089947935,3.430393289032597,3.4565749084810546,0.37082168635993806,0.37136000089947735,3.430393289032614,3.456574908481038
535,10.68,10.700000000000001,0.02,1539150208650140745/144115188075855872,3084065024823315725/288230376151711744,True,535,0,0.37070826677426305,0.3709445410713911,3.455994342741217,3.4692448056308995,0.3707082667742634,0.3709445410713907,3.4559943427412203,3.4692448056308964,0.37068153163428413,0.37113410156662163,3.4431946148850687,3.469299798210857,0.37068153163428613,0.3711341015666197,3.443194614885083,3.4692997982108422
536,10.700000000000001,10.72,0.02,3084065024823315725/288230376151711744,386228704043293745/36028797018963968,True,536,0,0.37060458977184896,0.3708007731435503,3.4687219777802776,3.4819341620847153,0.3706045897718493,0.37080077314355,3.4687219777802807,3.481934162084712,0.3705797270088872,0.3709493582432107,3.4559588881466876,3.481988756101589,0.37057972700888897,0.3709493582432089,3.4559588881467027,3.481988756101574
537,10.72,10.74,0.02,386228704043293745/36028797018963968,3095594239869384195/288230376151711744,True,537,0,0.3705381331887424,0.3706955065242294,3.4814135817016783,3.494588015558063,0.37053813318874274,0.37069550652422906,3.4814135817016814,3.4945880155580604,0.3705150628881654,0.37080443832776666,3.4686866318190224,3.4946422368425862,0.37051506288816705,0.3708044383277649,3.4686866318190357,3.494642236842572
538,10.74,10.76,0.02,3095594239869384195/288230376151711744,1550679423696209215/144115188075855872,True,538,0,0.3705077363457162,0.3706275289646924,3.494069612568674,3.5072067903939006,0.3705077363457166,0.3706275289646921,3.4940696125686763,3.507206790393898,0.3704863812540884,0.370698071187156,3.4813783362995907,3.5072606638827195,0.3704863812540903,0.370698071187154,3.4813783362996045,3.507260663882705
539,10.76,10.78,0.02,1550679423696209215/144115188075855872,3107123454915452665/288230376151711744,True,539,0,0.37051221277935326,0.37059576138422895,3.506690496753291,3.5197908816205405,0.37051221277935353,0.3705957613842286,3.5066904967532935,3.519790881620538,0.37049249369044474,0.37062912600185827,3.494034459289076,3.5198444314242643,0.3704924936904465,0.37062912600185643,3.4940344592890913,3.519844431424249
540,10.78,10.8,0.02,3107123454915452665/288230376151711744,778222015609621725/72057594037927936,True,540,0,0.3705466050766717,0.37060299911030603,3.519276600053333,3.532340685651687,0.370546605076672,0.37060299911030575,3.5192766000533355,3.5323406856516844,0.37052446065634487,0.37060432850005565,3.5066553952767094,3.5323939367817796,0.3705244606563467,0.37060432850005387,3.506655395276723,3.5323939367817654
541,10.8,10.82,0.02,778222015609621725/72057594037927936,3118652669961521135/288230376151711744,True,541,0,0.3705850984963885,0.37067299448096425,3.5318280979606875,3.5448567317633564,0.37058509849638877,0.3706729944809639,3.5318280979606897,3.544856731763354,0.37052864433250265,0.3706752042682918,3.5192413383672063,3.5449097193285004,0.3705286443325045,0.37067520426829,3.519241338367221,3.5449097193284858
542,10.82,10.84,0.02,3118652669961521135/288230376151711744,1562208638742277685/144115188075855872,True,542,0,0.37065630047741965,0.3707751735862055,3.5443455729831235,3.557339086566749,0.37065630047742004,0.3707751735862051,3.5443455729831266,3.5573390865667465,0.3705665473820314,0.37077823617448463,3.531792912915568,3.557391831684992,0.3705665473820332,0.3707782361744827,3.5317929129155834,3.557391831684977
543,10.84,10.86,0.02,1562208638742277685/144115188075855872,3130181885007589605/288230376151711744,True,543,0,0.3707592632250813,0.3709086102516306,3.5568293368784145,3.5697880333188747,0.3707592632250816,0.37090861025163024,3.5568293368784176,3.5697880333188716,0.37063717525858747,0.3709124985643245,3.544310458442267,3.56984055637803,0.3706371752585892,0.3709124985643227,3.5443104584422813,3.569840556378016
544,10.86,10.88,0.02,3130181885007589605/288230376151711744,97998327891581995/9007199254740992,True,544,0,0.3708932596218982,0.3710722466831747,3.5692796756406984,3.5822038285660454,0.37089325962189856,0.3710722466831743,3.5692796756407015,3.5822038285660422,0.37073976561507893,0.37107692434372525,3.556794287952161,3.58225614918125,0.3707397656150806,0.3710769243437235,3.5567942879521754,3.582256149181235
545,10.88,10.9,0.02,97998327891581995/9007199254740992,3141711100053658075/288230376151711744,True,545,0,0.3710574207071433,0.37126525271306854,3.5816968484189893,3.5945867047516353,0.37105742070714365,0.37126525271306815,3.581696848418992,3.5945867047516327,0.3708734053639625,0.3712706845806631,3.5692446867312366,3.594638841874629,0.3708734053639644,0.37127068458066126,3.5692446867312517,3.594638841874613
546,10.9,10.92,0.02,3141711100053658075/288230376151711744,1573737853788346155/144115188075855872,True,546,0,0.3712509193764009,0.3714868389469436,3.5940810888359946,3.606936870366689,0.37125091937640137,0.37148683894694323,3.5940810888359978,3.606936870366686,0.3710372248841335,0.37149299108269956,3.5816619137731593,3.606988842317472,0.3710372248841355,0.3714929910826976,3.5816619137731753,3.6069888423174565
547,10.92,10.94,0.02,1573737853788346155/144115188075855872,3153240315099726545/288230376151711744,True,547,0,0.3714726915367189,0.3717365325828056,3.6064326044758688,3.6192545118659147,0.3714726915367193,0.37173653258280526,3.606432604475872,3.6192545118659116,0.3712301040134005,0.37174338731756656,3.594046201185194,3.6193063364763938,0.37123010401340245,0.3717433873175648,3.5940462011852095,3.619306336476378
548,10.94,10.96,0.02,3153240315099726545/288230376151711744,789751230655690195/72057594037927936,True,548,0,0.37172202488761724,0.3720135857109461,3.618751581448209,3.6315397904601743,0.3717220248876177,0.3720135857109457,3.6187515814482123,3.631539790460171,0.3714512932796303,0.37202112420311967,3.6063977590324408,3.63159148496768,0.3714512932796322,0.3720211242031178,3.606397759032457,3.631591484967664
549,10.96,10.98,0.02,789751230655690195/72057594037927936,3164769530145795015/288230376151711744,True,549,0,0.3719984368073212,0.3723170946331462,3.631038183974881,3.643792843818595,0.37199843680732153,0.3723170946331459,3.631038183974884,3.643792843818592,0.3717002845597017,0.372325286595301,3.6187167748996414,3.6438444248144255,0.3717002845597036,0.37232528659529907,3.6187167748996583,3.64384442481441
550,10.98,11.0,0.02,3164769530145795015/288230376151711744,1585267068834414625/144115188075855872,True,550,0,0.372301281382498,0.3726463901605162,3.643292552478439,3.6560137892016007,0.3723012813824984,0.3726463901605159,3.6432925524784423,3.656013789201598,0.37197639681445366,0.37265520482357783,3.631003411847026,3.656065272741958,0.3719763968144556,0.3726552048235759,3.6310034118470425,3.6560652727419414
551,11.0,11.02,0.02,1585267068834414625/144115188075855872,3176298745191863485/288230376151711744,True,551,0,0.3726299175337089,0.3730008669181023,3.6555148053669675,3.6682027228475946,0.3726299175337093,0.3730008669181019,3.65551480536697,3.6682027228475915,0.3722789535291748,0.3730102746246837,3.6432578102977256,3.668254124491543,0.372278953529177,0.37301027462468145,3.643257810297742,3.668254124491527
552,11.02,11.040000000000001,0.02,3176298745191863485/288230376151711744,397757919089362215/36028797018963968,True,552,0,0.3729837398570666,0.37337995004378577,3.667705039813927,3.680359720304381,0.372983739857067,0.3733799500437854,3.6677050398139293,3.680359720304379,0.3726073152434201,0.3733899220989107,3.655480088861081,3.680411055137673,0.37260731524342217,0.3733899220989087,3.655480088861097,3.680411055137657
553,11.040000000000001,11.06,0.02,397757919089362215/36028797018963968,3187827960237931955/288230376151711744,True,553,0,0.3733621747768795,0.37378309668293624,3.6798633322835124,3.6924848369564574,0.3733621747768799,0.37378309668293586,3.679863332283516,3.6924848369564542,0.3729608755084718,0.37379360534688266,3.667670344886655,3.692536119615691,0.3729608755084738,0.37379360534688066,3.667670344886672,3.692536119615674
554,11.06,11.08,0.02,3187827960237931955/288230376151711744,1596796283880483095/144115188075855872,True,554,0,0.3737646797001127,0.37420979458453735,3.691989739041513,3.7045781085095113,0.373764679700113,0.37420979458453696,3.6919897390415155,3.704578108509508,0.37333906000643036,0.37422081304937627,3.6798286550045867,3.704629353205478,0.37333906000643236,0.37422081304937416,3.679828655004602,3.7046293532054624
555,11.08,11.1,0.02,1596796283880483095/144115188075855872,3199357175284000425/288230376151711744,True,555,0,0.3741907421965217,0.374659560772221,3.7040842966321157,3.7166395514523805,0.37419074219652204,0.3746595607722207,3.704084296632119,3.7166395514523773,0.37374132569421165,0.3746710631242008,3.691955075631459,3.716690771992644,0.37374132569421353,0.37467106312419884,3.691955075631477,3.716690771992626
556,11.1,11.120000000000001,0.02,3199357175284000425/288230376151711744,801280445701758665/72057594037927936,True,556,0,0.37463987822578676,0.37513194126617805,3.7161470223607034,3.7286691634571407,0.37463987822578715,0.37513194126617766,3.7161470223607065,3.7286691634571376,0.37416715894484753,0.37514390248501966,3.704049643161825,3.7287203735878127,0.3741671589448496,0.37514390248501756,3.7040496431618415,3.7287203735877963
557,11.120000000000001,11.14,0.02,801280445701758665/72057594037927936,3210886390330068895/288230376151711744,True,557,0,0.37511163363459366,0.3756265076301471,3.7281779147163214,3.7406669237845502,0.37511163363459404,0.37562650763014677,3.728177914716324,3.740666923784547,0.3746160771220142,0.37563890346332535,3.7161123726298153,3.740718139320462,0.37461607712201656,0.3756389034633231,3.7161123726298317,3.7407181393204456
558,11.14,11.16,0.02,3210886390330068895/288230376151711744,1608325498926551565/144115188075855872,True,558,0,0.37560558025098023,0.3761428590137943,3.7401769537588114,3.752632793670368,0.3756055802509806,0.37614285901379396,3.740176953758815,3.7526327936703647,0.3750876244781529,0.3761556660008072,3.7281432654734052,3.7526840272752513,0.37508762447815513,0.3761556660008051,3.728143265473421,3.7526840272752358
559,11.16,11.18,0.02,1608325498926551565/144115188075855872,3222415605376137365/288230376151711744,True,559,0,0.3761212482243935,0.37668068804181215,3.7521441012460426,3.7645667169154784,0.37612124822439386,0.3766806880418118,3.7521441012460452,3.7645667169154757,0.37558130121574923,0.3766938867722983,3.7401423016080404,3.7646179809625018,0.37558130121575134,0.3766938867722961,3.740142301608058,3.764617980962485
560,11.18,11.200000000000001,0.02,3222415605376137365/288230376151711744,201761263306198225/18014398509481984,True,560,0,0.3766583183597763,0.3772395867862094,3.764079301637766,3.7764686195568693,0.37665831835977664,0.37723958678620906,3.764079301637769,3.776468619556866,0.37609676522338925,0.3772531557124389,3.7521094433438718,3.7765199261021527,0.3760967652233913,0.37725315571243684,3.7521094433438873,3.7765199261021363
561,11.200000000000001,11.22,0.02,201761263306198225/18014398509481984,3233944820422205835/288230376151711744,True,561,0,0.377216452779233,0.37781921450946104,3.7759824821255994,3.788338410446768,0.37721645277923327,0.3778192145094607,3.7759824821256025,3.7883384104467654,0.3766336543686684,0.3778331320851723,3.764044635381795,3.7883897712628163,0.3766336543686705,0.37783313208517016,3.7640446353818118,3.7883897712627994
562,11.22,11.24,0.02,3233944820422205835/288230376151711744,1619854713972620035/144115188075855872,True,562,0,0.3777953249480699,0.3784192661185072,3.787853552447164,3.800175982003688,0.37779532494807033,0.37841926611850674,3.7878535524471673,3.8001759820036853,0.3771916180416861,0.37843351137908204,3.775947804661999,3.800227408604023,0.37719161804168816,0.37843351137908,3.7759478046620156,3.8002274086040058
563,11.24,11.26,0.02,1619854713972620035/144115188075855872,3245474035468274305/288230376151711744,True,563,0,0.3783946288026039,0.37903946159771057,3.799692405635604,3.8119812099769153,0.3783946288026042,0.37903946159771024,3.7996924056356067,3.8119812099769126,0.37777032673285915,0.37905401425030705,3.787818861145408,3.812032713634036,0.3777703267328614,0.3790540142503048,3.7878188611454244,3.8120327136340197
564,11.26,11.28,0.02,3245474035468274305/288230376151711744,812809660747827135/72057594037927936,True,564,0,0.37901408373620726,0.37967953966149653,3.811498918149383,3.823753953780808,0.37901408373620765,0.37967953966149615,3.811498918149386,3.8237539537808054,0.3783694772466186,0.37969437990861904,3.7996576979691317,3.823805545543409,0.37836947724662073,0.37969437990861704,3.7996576979691485,3.823805545543392
565,11.28,11.3,0.02,812809660747827135/72057594037927936,3257003250514342775/288230376151711744,True,565,0,0.37965342823560566,0.3803392628329053,3.823272950089084,3.8354940566923794,0.37965342823560605,0.3803392628329049,3.823272950089087,3.8354940566923763,0.37898878603316216,0.38035437146269513,3.8114641916681222,3.835545747422304,0.3789887860331642,0.38035437146269313,3.8114641916681395,3.8355457474222865
566,11.3,11.32,0.02,3257003250514342775/288230376151711744,1631383929018688505/144115188075855872,True,566,0,0.3803124241037943,0.38101841200860465,3.8350143454051526,3.8472013460098275,0.3803124241037947,0.38101841200860426,3.8350143454051557,3.847201346009825,0.3796279935974572,0.38103377026225926,3.82323820246835,3.8472531463578945,0.37962799359745936,0.38103377026225727,3.8232382024683664,3.8472531463578776
567,11.32,11.34,0.02,1631383929018688505/144115188075855872,3268532465560411245/288230376151711744,True,567,0,0.38099085163687596,0.38171679014199644,3.846722932309457,3.858875632958754,0.38099085163687635,0.381716790141996,3.8467229323094596,3.8588756329587515,0.3802868594470678,0.3817323797744115,3.834979574663732,3.858927553399238,0.38028685944706997,0.38173237977440927,3.834979574663749,3.8589275533992207
568,11.34,11.36,0.02,3268532465560411245/288230376151711744,409287134135430685/36028797018963968,True,568,0,0.3816885132863129,0.3824342175101645,3.8583985227007287,3.8705167135373486,0.3816885132863133,0.38243421751016415,3.8583985227007314,3.8705167135373455,0.38096516590779744,0.38245002066234446,3.8466881360819976,3.8705687643858306,0.3809651659077995,0.38245002066234246,3.846688136082013,3.8705687643858155
569,11.36,11.38,0.02,409287134135430685/36028797018963968,3280061680606479715/288230376151711744,True,569,0,0.38240522912925184,0.38317053524105377,3.8700409129935025,3.8821243679105035,0.3824052291292522,0.3831705352410534,3.870040912993505,3.8821243679105004,0.3816627133814374,0.3831865344911617,3.8583636989405363,3.8821765593383817,0.3816627133814394,0.38318653449115964,3.8583636989405528,3.8821765593383657
570,11.38,11.4,0.02,3280061680606479715/288230376151711744,1642913144064756975/144115188075855872,True,570,0,0.3831408389938597,0.38392560225146255,3.8816498839915963,3.8936983607129507,0.38314083899386003,0.3839256022514623,3.881649883991599,3.893698360712948,0.38237932255305335,0.3839417805508314,3.8700060550798465,3.893750707425375,0.3823793225530554,0.38394178055082945,3.8700060550798634,3.8937507074253586
571,11.4,11.42,0.02,1642913144064756975/144115188075855872,3291590895652548185/288230376151711744,True,571,0,0.38389520202312755,0.38469929481126613,3.8932252009642045,3.905238441103172,0.3838952020231279,0.3846992948112658,3.893225200964207,3.9052384411031693,0.3831148339203634,0.3847156354225532,3.8816149881137543,3.905290954966096,0.38311483392036555,0.384715635422551,3.881614988113771,3.905290954966079
572,11.42,11.44,0.02,3291590895652548185/288230376151711744,824338875793895605/72057594037927936,True,572,0,0.3846681935531581,0.38549150885638445,3.9047665440268156,3.916744412466059,0.3846681935531585,0.38549150885638406,3.904766544026818,3.9167444124660564,0.38386910452702555,0.38550799540519515,3.893190265290185,3.9167970336765627,0.38386910452702766,0.3855079954051931,3.8931902652902024,3.916797033676546
573,11.44,11.46,0.02,824338875793895605/72057594037927936,3303120110698616655/288230376151711744,True,573,0,0.38545970880197034,0.38630215555249037,3.916273540112155,3.9282161004798515,0.38545970880197067,0.38630215555249003,3.9162735401121576,3.928216100479849,0.38464201179052254,0.3863187719090911,3.9047314404638387,3.928268857757792,0.38464201179052454,0.3863187719090891,3.9047314404638565,3.9282688577577747
574,11.46,11.48,0.02,3303120110698616655/288230376151711744,1654442359110825445/144115188075855872,True,574,0,0.38626965897032184,0.3871311645075139,3.9277460711533436,3.9396530449243894,0.3862696589703222,0.3871311645075135,3.9277460711533463,3.9396530449243863,0.3854334494251183,0.3871478948162328,3.916238380592433,3.9397059974139603,0.38543344942512037,0.3871478948162307,3.916238380592449,3.939705997413944
575,11.48,11.5,0.02,1654442359110825445/144115188075855872,3314649325744685125/288230376151711744,True,575,0,0.38709797276521735,0.3879784816202993,3.939183840456881,3.9510549332538343,0.3870979727652177,0.3879784816202989,3.939183840456884,3.951054933253831,0.38624332901233793,0.38799531025237294,3.927710853916025,3.9511080906418123,0.3862433290123401,0.3879953102523708,3.9277108539160412,3.951108090641796
576,11.5,11.52,0.02,3314649325744685125/288230376151711744,51881467707308115/4503599627370496,True,576,0,0.3879445952347795,0.3888440696761418,3.950586535811026,3.962421437387737,0.38794459523477987,0.38884406967614144,3.9505865358110293,3.962421437387734,0.3870715787716612,0.38886098121770263,3.9391485638012838,3.962474809308878,0.3870715787716633,0.3888609812177005,3.939148563801301,3.9624748093088606
577,11.52,11.540000000000001,0.02,51881467707308115/4503599627370496,3326178540790753595/288230376151711744,True,577,0,0.38880948935635073,0.3897279062460029,3.9619538294269465,3.973752213623242,0.38880948935635107,0.38972790624600256,3.9619538294269496,3.9737522136232393,0.3879181451912703,0.38974488541487395,3.9505511980979473,3.9738058096735065,0.38791814519127255,0.3897448854148718,3.9505511980979637,3.9738058096734896
578,11.540000000000001,11.56,0.02,3326178540790753595/288230376151711744,1665971574156893915/144115188075855872,True,578,0,0.3896926320852773,0.390629987181642,3.9732853778483572,3.9850469025318835,0.38969263208527766,0.39062998718164166,3.9732853778483603,3.9850469025318804,0.38878298890621915,0.3906470188866395,3.9619184290718343,3.985100732281556,0.38878298890622126,0.3906470188866375,3.9619184290718508,3.9851007322815395
579,11.56,11.58,0.02,1665971574156893915/144115188075855872,3337707755836822065/288230376151711744,True,579,0,0.39059401807343236,0.39155032249593713,3.984580821848702,3.9963051288224953,0.3905940180734327,0.39155032249593685,3.9845808218487053,3.9963051288224927,0.3896660868314897,0.3915673934539119,3.973249913325585,3.9963592018291845,0.38966608683149173,0.3915673934539099,3.9732499133256027,3.996359201829167
580,11.58,11.6,0.02,3337707755836822065/288230376151711744,835868090839964075/72057594037927936,True,580,0,0.39151365719836895,0.39248893848780514,3.9958397862958077,4.007526501188885,0.3915136571983693,0.3924889384878048,3.9958397862958113,4.00752650118888,0.39056743379694403,0.39250603470748513,3.984545291687051,4.007580827010463,0.3905674337969462,0.39250603470748296,3.9845452916870694,4.007580827010432
581,11.6,11.620000000000001,0.02,835868090839964075/72057594037927936,3349236970882890535/288230376151711744,True,581,0,0.3924515757299036,0.3934458762836959,4.007061879999646,4.01871061212675,0.39245157572990397,0.3934458762836955,4.00706187999965,4.018710612126744,0.39148704134560913,0.3934629828906978,3.9958041890810474,4.018765200334204,0.3914870413456113,0.3934629828906957,3.995804189081069,4.018765200334172
582,11.620000000000001,11.64,0.02,3349236970882890535/288230376151711744,1677500789202962385/144115188075855872,True,582,0,0.3934078139224956,0.39442119400739784,4.0182466955243425,4.0298570377375835,0.39340781392249596,0.3944211940073975,4.018246695524349,4.029857037737577,0.3924249341649482,0.3944382962034291,4.0070262143656326,4.029911897927914,0.39242493416495045,0.39443829620342696,4.007026214365664,4.029911897927882
583,11.64,11.66,0.02,1677500789202962385/144115188075855872,3360766185928959005/288230376151711744,True,583,0,0.3943824287448458,0.3954149638657642,4.029393808995114,4.040965337488695,0.39438242874484614,0.39541496386576386,4.0293938089951205,4.0409653374886885,0.39338115382168254,0.3954320468558363,4.018210960163749,4.04102047929776,0.39338115382168454,0.39543204685583433,4.018210960163782,4.041020479297727
584,11.66,11.68,0.02,3360766185928959005/288230376151711744,420816349181499155/36028797018963968,True,584,0,0.39537549268309014,0.39642727321448024,4.04050277986405,4.052035053963919,0.39537549268309047,0.39642727321447985,4.040502779864055,4.052035053963913,0.394355757497138,0.3964443221753006,4.029358002654006,4.052090487079332,0.3943557574971403,0.3964443221752984,4.029358002654041,4.052090487079299
585,11.68,11.700000000000001,0.02,420816349181499155/36028797018963968,3372295400975027475/288230376151711744,True,585,0,0.3963870926177187,0.39745822560339,4.051573150651272,4.0630657125877585,0.39638709261771904,0.39745822560338967,4.051573150651279,4.063065712587752,0.39534881680248724,0.39747522568679217,4.040466901337398,4.063121446761847,0.3953488168024893,0.39747522568679017,4.040466901337429,4.063121446761815
586,11.700000000000001,11.72,0.02,3372295400975027475/288230376151711744,1689030004249030855/144115188075855872,True,586,0,0.3974173314624521,0.39850793911297655,4.062604446635248,4.074056821348283,0.3974173314624524,0.3985079391129762,4.0626044466352536,4.074056821348279,0.39636041944688943,0.39852487539341863,4.051537198753431,4.074112866411374,0.39636041944689154,0.3985248753934165,4.051537198753465,4.074112866411341
587,11.72,11.74,0.02,1689030004249030855/144115188075855872,3383824616021095945/288230376151711744,True,587,0,0.39846632624982087,0.3995765482979604,4.073596175599542,4.085007870409715,0.39846632624982126,0.39957654829796,4.073596175599548,4.085007870409709,0.39739066723532845,0.3995934057810038,4.0625684202539745,4.085064236283129,0.3973906672353306,0.3995934057810016,4.062568420254009,4.085064236283095
588,11.74,11.76,0.02,3383824616021095945/288230376151711744,847397305886032545/72057594037927936,True,588,0,0.39953421091717684,0.40066420148391496,4.0845478275313125,4.095918331718711,0.39953421091717717,0.40066420148391463,4.084547827531319,4.095918331718705,0.398439678914772,0.4006809650276312,4.0735600737291895,4.095975028427789,0.39843967891477416,0.40068096502762907,4.0735600737292215,4.095975028427756
589,11.76,11.78,0.02,847397305886032545/72057594037927936,3395353831067164415/288230376151711744,True,589,0,0.4006211342295242,0.40177106298178417,4.0954588741662254,4.106787658707306,0.40062113422952456,0.40177106298178383,4.095458874166231,4.106787658707301,0.39950758800247166,0.40178771728554086,4.08451164917953,4.106844696395604,0.3995075880024737,0.4017877172855387,4.084511649179562,4.10684469639557
590,11.78,11.8,0.02,3395353831067164415/288230376151711744,1700559219295099325/144115188075855872,True,590,0,0.4017272596538862,0.40289731340561297,4.106328768632625,4.117615285838553,0.40172725965388656,0.4028973134056126,4.106328768632631,4.117615285838546,0.4005945425842813,0.40291384304745576,4.095422618389686,4.117672674781356,0.4005945425842835,0.40291384304745353,4.095422618389719,4.117672674781325
591,11.8,11.82,0.02,1700559219295099325/144115188075855872,3406883046113232885/288230376151711744,True,591,0,0.4028527669970783,0.4040431482823612,4.117156945037946,4.12840062815005,0.4028527669970786,0.4040431482823609,4.1171569450379515,4.128400628150045,0.40170070710094513,0.40405953758005453,4.106292434545361,4.128458378767568,0.4017007071009472,0.4040595375800525,4.106292434545396,4.128458378767532
592,11.82,11.84,0.02,3406883046113232885/288230376151711744,213290478352266695/18014398509481984,True,592,0,0.40399785108883046,0.4052087796731924,4.127942818010117,4.139143080780121,0.4039978510888308,0.4052087796731921,4.1279428180101245,4.139143080780115,0.40282626083658307,0.4052250127116218,4.1171205318039,4.139201203652456,0.4028262608365851,0.4052250127116197,4.117120531803934,4.139201203652423
593,11.84,11.86,0.02,213290478352266695/18014398509481984,3418412261159301355/288230376151711744,True,593,0,0.4051627231521284,0.4063944351649062,4.138685782218772,4.1498420184501645,0.40516272315212876,0.4063944351649058,4.138685782218779,4.149842018450157,0.4039713993327138,0.4064104957509938,4.127906324848534,4.149900524331422,0.4039713993327159,0.40641049575099164,4.127906324848569,4.149900524331388
594,11.86,11.88,0.02,3418412261159301355/288230376151711744,1712088434341167795/144115188075855872,True,594,0,0.40634761069035974,0.4076003584035397,4.149385211868675,4.160496794907997,0.4063476106903601,0.4076003584035393,4.1493852118686805,4.160496794907991,0.40513633423865125,0.40761623002849257,4.138649208414043,4.160555694741457,0.4051363342386533,0.4076162300284905,4.138649208414075,4.160555694741426
595,11.88,11.9,0.02,1712088434341167795/144115188075855872,3429941476205369825/288230376151711744,True,595,0,0.4075527571982087,0.40882680986447795,4.16004046033908,4.1711067421559935,0.40755275719820905,0.40882680986447756,4.160040460339085,4.171106742155988,0.40632129297973846,0.4088424756785811,4.149348556961912,4.171166047088124,0.4063212929797404,0.40884247567857906,4.1493485569619475,4.171166047088089
596,11.9,11.92,0.02,3429941476205369825/288230376151711744,858926520932101015/72057594037927936,True,596,0,0.4087784223193715,0.41007406723752066,4.170650858997741,4.181671170432556,0.4087784223193719,0.41007406723752027,4.170650858997745,4.181671170432551,0.4075265188840397,0.41008951002504546,4.1600037235259695,4.1817308918314176,0.4075265188840418,0.41008951002504335,4.160003723526001,4.181730891831385
597,11.92,11.94,0.02,858926520932101015/72057594037927936,3441470691251438295/288230376151711744,True,597,0,0.4100248830481095,0.4113424248315895,4.181215717179964,4.192189366953575,0.41002488304810986,0.41134242483158917,4.18121571717997,4.19218936695357,0.40875227237600925,0.4113576269617945,4.170614039732389,4.192249516423817,0.40875227237601136,0.41135762696179246,4.170614039732423,4.192249516423785
598,11.94,11.96,0.02,3441470691251438295/288230376151711744,1723617649387236265/144115188075855872,True,598,0,0.41129243276385696,0.41263219521217126,4.191734321331053,4.202660595411955,0.41129243276385735,0.4126321952121709,4.191734321331059,4.202660595411949,0.4099988299485564,0.4126471386200658,4.181178814979574,4.202721184811529,0.4099988299485586,0.41264713862006364,4.181178814979602,4.202721184811498
599,11.96,11.98,0.02,1723617649387236265/144115188075855872,3452999906297506765/288230376151711744,True,599,0,0.41258138343342693,0.4139437077385797,4.202205934311439,4.213084095232871,0.41258138343342726,0.41394370773857936,4.202205934311445,4.2130840952328645,0.4112664863763311,0.41395837386073164,4.1916973357835445,4.213145136690431,0.41126648637633306,0.4139583738607297,4.191697335783578,4.2131451366903985
600,11.98,12.0,0.02,3452999906297506765/288230376151711744,432345564227567625/36028797018963968,True,600,0,0.4138920638872867,0.4152773110977391,4.212629794637514,4.223459080807295,0.41389206388728705,0.41527731109773874,4.212629794637519,4.223459080807289,0.41255555290961216,0.4152916808553888,4.202168865061021,4.223520586740183,0.4125555529096143,0.4152916808553867,4.202168865061058,4.223520586740149
601,12.0,12.02,0.02,432345564227567625/36028797018963968,3464529121343575235/288230376151711744,True,601,0,0.4152248221440869,0.41663337186209476,4.223005115713767,4.233784740644896,0.41522482214408724,0.4166333718620944,4.223005115713772,4.23378474064489,0.4138663596068426,0.41664742559985385,4.21259264140572,4.233846723777809,0.4138663596068448,0.41664742559985174,4.212592641405752,4.233846723777776
602,12.02,12.040000000000001,0.02,3464529121343575235/288230376151711744,1735146864433304735/144115188075855872,True,602,0,0.4165800245291182,0.41801227632968146,4.233331085142201,4.244060236355158,0.4165800245291185,0.41801227632968113,4.233331085142207,4.2440602363551525,0.41519925438736854,0.4180259937820853,4.2229678784451785,4.244122709738499,0.41519925438737065,0.41802599378208327,4.222967878445212,4.244122709738464
603,12.040000000000001,12.06,0.02,1735146864433304735/144115188075855872,3476058336389643705/288230376151711744,True,603,0,0.4179580565732822,0.4194144306623939,4.243606863390152,4.2542847021714545,0.41795805657328255,0.4194144306623936,4.243606863390157,4.254284702171448,0.4165546039023392,0.4194277909090722,4.233293763519795,4.254347679237872,0.4165546039023413,0.4194277909090702,4.233293763519827,4.25434767923784
604,12.06,12.08,0.02,3476058336389643705/288230376151711744,870455735978169485/72057594037927936,True,604,0,0.4193593233294948,0.42084026168927324,4.253831583303147,4.264457243526037,0.4193593233294952,0.4208402616892729,4.253831583303152,4.2644572435260315,0.4179327938083791,0.4208532431116627,4.243569457285571,4.264520738109078,0.4179327938083811,0.4208532431116607,4.2435694572856075,4.2645207381090415
605,12.08,12.1,0.02,870455735978169485/72057594037927936,3487587551435712175/288230376151711744,True,605,0,0.42078425063575425,0.4222902168491743,4.264004348985125,4.2745769361484145,0.42078425063575464,0.4222902168491739,4.264004348985132,4.274576936148408,0.4193342300027481,0.42230279707206236,4.253794092739496,4.274640962410677,0.41933423000275016,0.42230279707206014,4.253794092739531,4.274640962410643
606,12.1,12.120000000000001,0.02,3487587551435712175/288230376151711744,1746676079479373205/144115188075855872,True,606,0,0.4222332852697908,0.42376476533225094,4.274124234745376,4.2846428249815585,0.42223328526979115,0.42376476533225066,4.274124234745382,4.284642824981551,0.42075933872617505,0.4237769211720045,4.263966774067846,4.2847073974991545,0.42075933872617705,0.42377692117200255,4.263966774067878,4.284707397499124
607,12.120000000000001,12.14,0.02,1746676079479373205/144115188075855872,3499116766481780645/288230376151711744,True,607,0,0.4237068959127958,0.42526439850699915,4.284190284001151,4.294653923020965,0.42370689591279614,0.4252643985069989,4.284190284001158,4.294653923020959,0.4222085674867812,0.4252761059122353,4.274086575669882,4.294719056807671,0.4222085674867833,0.4252761059122331,4.274086575669917,4.2947190568076365
608,12.14,12.16,0.02,3499116766481780645/288230376151711744,109527542937650465/9007199254740992,True,608,0,0.42520557317499996,0.42678963138514225,4.2942015081088165,4.304609210096666,0.42520557317500035,0.4267896313851419,4.294201508108822,4.304609210096661,0.4236823850273494,0.4268008653859248,4.284152541052053,4.304674920629217,0.42368238502735145,0.42680086538592277,4.284152541052088,4.304674920629183
609,12.16,12.18,0.02,109527542937650465/9007199254740992,3510645981527849115/288230376151711744,True,609,0,0.426729831130004,0.42834100268239816,4.304156885145498,4.314507631569282,0.42672983113000434,0.4283410026823979,4.304156885145503,4.314507631569277,0.4251812828232473,0.4283517373234333,4.294163681676205,4.314573934813926,0.42518128282324946,0.42835173732343124,4.294163681676237,4.314573934813892
610,12.18,12.200000000000001,0.02,3510645981527849115/288230376151711744,1758205294525441675/144115188075855872,True,610,0,0.42828020781301884,0.4299190760259842,4.314055358599272,4.324348096973864,0.42828020781301923,0.42991907602598384,4.314055358599278,4.324348096973857,0.4267057755257991,0.42992928429942967,4.304118975720131,4.32441500941432,0.4267057755258012,0.4299292842994276,4.304118975720163,4.324415009414288
611,12.200000000000001,12.22,0.02,1758205294525441675/144115188075855872,3522175196573917585/288230376151711744,True,611,0,0.42985726603125085,0.431524440966615,4.323895835997649,4.334129478573558,0.4298572660312512,0.4315244409666147,4.3238958359976545,4.334129478573552,0.42825640171412327,0.4315340947451037,4.314017366780583,4.334197017240405,0.42825640171412527,0.4315340947451017,4.314017366780617,4.33419701724037
612,12.22,12.24,0.02,3522175196573917585/288230376151711744,881984951024237955/72057594037927936,True,612,0,0.4314615943936077,0.43315771389450314,4.333677187459019,4.343850609829286,0.4314615943936081,0.43315771389450275,4.333677187459025,4.343850609829281,0.4298337248699961,0.43316678385733637,4.3238577625037005,4.3439187923308875,0.4298337248699982,0.43316678385733437,4.323857762503735,4.343918792330855
613,12.24,12.26,0.02,881984951024237955/72057594037927936,3533704411619986055/288230376151711744,True,613,0,0.43309380800537983,0.4348195394210061,4.343398244146669,4.3535102837960675,0.4330938080053802,0.4348195394210057,4.343398244146673,4.353510283796062,0.43143833400867465,0.43482799497892516,4.333639033104218,4.353579128369672,0.43143833400867665,0.4348279949789232,4.333639033104251,4.353579128369639
614,12.26,12.280000000000001,0.02,3533704411619986055/288230376151711744,1769734509571510145/144115188075855872,True,614,0,0.43475455045869077,0.4365105906027136,4.3530577968115844,4.363107251249399,0.4347545504586911,0.43651059060271324,4.35305779681159,4.363107251249393,0.4330708456148457,0.43651839980797796,4.34336001003184,4.36317677677933,0.4330708456148477,0.436518399807976,4.3433600100318746,4.3631767767792935
615,12.280000000000001,12.3,0.02,1769734509571510145/144115188075855872,3545233626666054525/288230376151711744,True,615,0,0.43644449375800765,0.4382315713776321,4.362654593615036,4.3726402193389955,0.43644449375800803,0.43823157137763175,4.3626545936150425,4.372640219338989,0.43473190348725343,0.4382387008415595,4.353019483891249,4.372710445373697,0.43473190348725566,0.43823870084155725,4.353019483891281,4.372710445373664
616,12.3,12.32,0.02,3545233626666054525/288230376151711744,443874779273636095/36028797018963968,True,616,0,0.4381643405978956,0.43998321680480684,4.372187338761171,4.382107849228031,0.438164340597896,0.4399832168048064,4.372187338761177,4.382107849228026,0.436422172442913,0.43998964011084646,4.362616203138152,4.382178796036066,0.4364221724429151,0.4399896401108444,4.362616203138186,4.382178796036033
617,12.32,12.34,0.02,443874779273636095/36028797018963968,3556762841712122995/288230376151711744,True,617,0,0.4399148252077053,0.4417662949031599,4.381654690419916,4.391508754223967,0.4399148252077057,0.4417662949031595,4.3816546904199205,4.3915087542239615,0.4381423626959378,0.4417719774028631,4.372148872126314,4.39158044283483,0.43814236269593976,0.4417719774028611,4.37214887212635,4.391580442834795
618,12.34,12.36,0.02,3556762841712122995/288230376151711744,1781263724617578615/144115188075855872,True,618,0,0.4416967144756,0.44358160838764926,4.391055258700924,4.400841497626199,0.4416967144756003,0.4435816083876489,4.391055258700931,4.4008414976261925,0.4398932109682606,0.44358651192160736,4.38161614919524,4.400913949873467,0.43989321096826267,0.44358651192160525,4.381616149195274,4.400913949873436
619,12.36,12.38,0.02,1781263724617578615/144115188075855872,3568292056758191465/288230376151711744,True,619,0,0.4435108096611963,0.44542999600504485,4.400387603485667,4.410104590468344,0.44351080966119677,0.4454299960050444,4.400387603485673,4.410104590468338,0.44167548509849686,0.44543408063345025,4.391016644623154,4.410177829035591,0.441675485098499,0.445434080633448,4.391016644623187,4.410177829035557
620,12.38,12.4,0.02,3568292056758191465/288230376151711744,893514166070306425/72057594037927936,True,620,0,0.4453579483176343,0.4473123338611799,4.409650231961073,4.419296489295047,0.4453579483176347,0.4473123338611795,4.409650231961078,4.419296489295042,0.44348998773037257,0.44731555772756737,4.400348918288304,4.419370537766052,0.4434899877303746,0.44731555772756526,4.400348918288338,4.419370537766017
621,12.4,12.42,0.02,893514166070306425/72057594037927936,3579821271804259935/288230376151711744,True,621,0,0.4472390054180309,0.4492295377585626,4.418841596808143,4.428415593001995,0.4472390054180313,0.44922953775856217,4.418841596808148,4.428415593001989,0.44533755751873816,0.4492318567666939,4.409611478000319,4.428490475909068,0.44533755751874016,0.4492318567666919,4.40961147800035,4.428490475909035
622,12.42,12.44,0.02,3579821271804259935/288230376151711744,1792792939663647085/144115188075855872,True,622,0,0.4491548953552851,0.45118256488993946,4.427960092931139,4.437460240834497,0.44915489535528547,0.451182564889939,4.427960092931145,4.43746024083449,0.4472190707025369,0.451183932692813,4.41880277637096,4.437535983715711,0.44721907070253897,0.45118393269281093,4.418802776370992,4.43753598371568
623,12.44,12.46,0.02,1792792939663647085/144115188075855872,3591350486850328405/288230376151711744,True,623,0,0.45110657384650166,0.45317241587278756,4.437004055057063,4.446428709193945,0.4511065738465021,0.4531724158727871,4.43700405505707,4.446428709193938,0.449135443025779,0.4531727837223436,4.427921208573576,4.446505338651299,0.44913544302578123,0.4531727837223413,4.427921208573606,4.446505338651268
624,12.46,12.48,0.02,3591350486850328405/288230376151711744,224819693398335165/18014398509481984,True,624,0,0.45309503996388734,0.4552001369203175,4.445971754797375,4.455319208637654,0.4530950399638878,0.45520013692031713,4.445971754797382,4.455319208637648,0.45108694798664706,0.4552001371674446,4.436965109572783,4.455396752399454,0.4510869479866491,0.45520013716744256,4.436965109572816,4.45539675239942
625,12.48,12.5,0.02,224819693398335165/18014398509481984,3602879701896396875/288230376151711744,True,625,0,0.45512133805468724,0.4572668224054405,4.454861397638813,4.46412988058079,0.4551213380546876,0.4572668224054401,4.45486139763882,4.464129880580783,0.45307484802204856,0.4572668225943891,4.445932751296129,4.464208367567569,0.45307484802205045,0.4572668225943871,4.44593275129616,4.464208367567536
626,12.5,12.52,0.02,3602879701896396875/288230376151711744,1804322154709715555/144115188075855872,True,626,0,0.45718656098652777,0.45937361640168983,4.463671119515148,4.472858794022322,0.45718656098652816,0.4593736164016895,4.463671119515155,4.472858794022316,0.4551005544396415,0.4593736165265162,4.454822339397453,4.472938254418784,0.4551005544396436,0.45937361652651404,4.454822339397484,4.472938254418752
627,12.52,12.540000000000001,0.02,1804322154709715555/144115188075855872,3614408916942465345/288230376151711744,True,627,0,0.45929185130122896,0.46152171664110747,4.472398983485333,4.481503941740225,0.45929185130122935,0.46152171664110714,4.47239898348534,4.481503941740218,0.4571651581159085,0.461521716695349,4.463632010143656,4.481584407070533,0.45716515811591063,0.46152171669534703,4.463632010143688,4.481584407070501
628,12.540000000000001,12.56,0.02,3614408916942465345/288230376151711744,905043381116374895/72057594037927936,True,628,0,0.46143840466987945,0.463712376519903,4.48104297601627,4.490063236427337,0.4614384046698799,0.46371237651990255,4.481042976016276,4.490063236427331,0.45926980030286063,0.4637123765199154,4.472359826919442,4.490144739635983,0.45926980030286274,0.46371237651991337,4.472359826919472,4.4901447396359515
629,12.56,12.58,0.02,905043381116374895/72057594037927936,3625938131988533815/288230376151711744,True,629,0,0.46362747223419154,0.46594690859409965,4.489601003036397,4.498534506567186,0.46362747223419193,0.46594690859409926,4.489601003036404,4.49853450656718,0.46141567478967555,0.4659469085941013,4.481003776519679,4.498617082105568,0.4614156747896776,0.4659469085940993,4.481003776519712,4.498617082105534
630,12.58,12.6,0.02,3625938131988533815/288230376151711744,1815851369755784025/144115188075855872,True,630,0,0.465860364507354,0.4682266869204177,4.498070885835308,4.506915491938356,0.4658603645073544,0.46822668692041725,4.498070885835314,4.50691549193835,0.4636040317081674,0.4682266869204192,4.489561765306303,4.506999175856913,0.4636040317081694,0.4682266869204172,4.4895617653063375,4.506999175856878
631,12.6,12.620000000000001,0.02,1815851369755784025/144115188075855872,3637467347034602285/288230376151711744,True,631,0,0.46813845365670326,0.47055315145232524,4.506450356403993,4.515203839112048,0.4681384536567037,0.47055315145232474,4.506450356404001,4.515203839112041,0.46583617945088374,0.4705531514523268,4.498031614823256,4.515288669160605,0.4658361794508858,0.47055315145232485,4.498031614823289,4.515288669160571
632,12.620000000000001,12.64,0.02,3637467347034602285/288230376151711744,455403994319704565/36028797018963968,True,632,0,0.470463177264642,0.47292781142873264,4.514737052882247,4.523397096233401,0.4704631772646423,0.47292781142873225,4.514737052882253,4.523397096233394,0.46811348825064797,0.47292781142873425,4.506411057543038,4.523483111967027,0.46811348825064997,0.47292781142873225,4.506411057543072,4.523483111966993
633,12.64,12.66,0.02,455403994319704565/36028797018963968,3648996562080670755/288230376151711744,True,633,0,0.47283604193823014,0.47535224942293275,4.522928514346942,4.531492707804985,0.4728360419382306,0.4753522494229323,4.522928514346949,4.531492707804978,0.4704373935357468,0.47535224942293436,4.514697731974422,4.5315799506988395,0.4704373935357489,0.4753522494229323,4.514697731974456,4.531579950698807
634,12.66,12.68,0.02,3648996562080670755/288230376151711744,1827380584801852495/144115188075855872,True,634,0,0.47525862764095844,0.4778281252193329,4.531022174722568,4.539488009639493,0.4752586276409588,0.4778281252193325,4.531022174722575,4.539488009639486,0.47280939998667226,0.47782812521933465,4.522889176912511,4.539576523218472,0.4728093999866744,0.47782812521933254,4.522889176912545,4.5395765232184395
635,12.68,12.700000000000001,0.02,1827380584801852495/144115188075855872,3660525777126739225/288230376151711744,True,635,0,0.47773259166957405,0.48035718064047156,4.539015359412695,4.547380220326095,0.4777325916695745,0.48035718064047117,4.539015359412702,4.547380220326088,0.47523108521535623,0.4803571806404734,4.530982828465737,4.547470050281563,0.4752310852153584,0.48035718064047117,4.530982828465772,4.547470050281527
636,12.700000000000001,12.72,0.02,3660525777126739225/288230376151711744,916572596162443365/72057594037927936,True,636,0,0.4802596731018809,0.4829412445476563,4.546905276662177,4.555166437139032,0.48025967310188133,0.48294124454765586,4.546905276662184,4.555166437139025,0.4777041038906639,0.482941244547658,4.538976011799453,4.555257631477696,0.47770410389066603,0.48294124454765586,4.538976011799486,4.555257631477663
637,12.72,12.74,0.02,916572596162443365/72057594037927936,3672054992172807695/288230376151711744,True,637,0,0.48284169778673275,0.4855822379981908,4.554689011700165,4.562843628270783,0.4828416977867332,0.4855822379981904,4.55468901170017,4.562843628270777,0.480230192378984,0.48558223799819245,4.546865935722173,4.5629362374676505,0.48023019237898606,0.4855822379981904,4.546865935722207,4.562936237467618
638,12.74,12.76,0.02,3672054992172807695/288230376151711744,1838909799847920965/144115188075855872,True,638,0,0.48548058373028974,0.4882821797646254,4.56236351975326,4.5704086252263565,0.4854805837302902,0.48828217976462496,4.562363519753267,4.570408625226349,0.48281117375134364,0.48828217976462696,4.554649686172173,4.570502702388617,0.4828111737513457,0.4882821797646249,4.554649686172204,4.570502702388585
639,12.76,12.780000000000001,0.02,1838909799847920965/144115188075855872,3683584207218876165/288230376151711744,True,639,0,0.4881783463375263,0.491043192822533,4.569925618262777,4.577858114963472,0.4881783463375267,0.49104319282253256,4.569925618262784,4.5778581149634645,0.4854489626131078,0.4910431928225347,4.562324218945053,4.577953716008994,0.48544896261310994,0.49104319282253256,4.562324218945084,4.577953716008961
640,12.780000000000001,12.8,0.02,3683584207218876165/288230376151711744,28823037615171175/2251799813685248,True,640,0,0.49093710497198473,0.49386751041530946,4.577371979038234,4.5851886309578544,0.4909371049719851,0.4938675104153091,4.57737197903824,4.585188630957848,0.4881455712160018,0.4938675104153113,4.5698863524053275,4.585285814805012,0.48814557121600394,0.493867510415309,4.569886352405362,4.585285814804978
641,12.8,12.82,0.02,28823037615171175/2251799813685248,3695113422264944635/288230376151711744,True,641,0,0.49375908908824334,0.4967574835210526,4.584699119137205,4.592396544305254,0.4937590890882437,0.49675748352105226,4.584699119137211,4.592396544305248,0.4909031151033075,0.4967574835210542,4.577332758965691,4.592495373081675,0.4909031151033094,0.49675748352105226,4.577332758965727,4.592495373081642
642,12.82,12.84,0.02,3695113422264944635/288230376151711744,1850439014893989435/144115188075855872,True,642,0,0.49664664535020997,0.4997155883952192,4.591903391330178,4.599478053894425,0.4966466453502104,0.49971558839521873,4.591903391330185,4.599478053894418,0.4937238196973139,0.4997155883952208,4.584659956205547,4.599578593164122,0.49372381969731605,0.4997155883952188,4.584659956205581,4.599578593164089
643,12.84,12.86,0.02,1850439014893989435/144115188075855872,3706642637311013105/288230376151711744,True,643,0,0.49960224568593103,0.5027444343344981,4.598980975218325,4.606429174464841,0.49960224568593165,0.5027444343344973,4.598980975218332,4.606429174464834,0.4966100277752256,0.5027444343345017,4.591864298713633,4.606531493461696,0.49661002777522767,0.5027444343344976,4.591864298713662,4.606531493461666
644,12.86,12.88,0.02,3706642637311013105/288230376151711744,928101811208511835/72057594037927936,True,644,0,0.5026284950391895,0.5058467730081346,4.605927865143814,4.613245726278786,0.5026284950391904,0.5058467730081337,4.605927865143821,4.6132457262787785,0.49956420658878026,0.5058467730081381,4.598941966762679,4.613349898172091,0.49956420658878326,0.5058467730081336,4.598941966762713,4.613349898172057
645,12.88,12.9,0.02,928101811208511835/72057594037927936,3718171852357081575/288230376151711744,True,645,0,0.5057281402868893,0.5090255080046823,4.6127398588070125,4.619923322350115,0.5057281402868902,0.5090255080046814,4.6127398588070205,4.6199233223501075,0.5025889560909884,0.5090255080046857,4.605888955776007,4.620029424528981,0.5025889560909926,0.5090255080046815,4.6058889557760425,4.620029424528946
646,12.9,12.92,0.02,3718171852357081575/288230376151711744,1861968229940057905/144115188075855872,True,646,0,0.5089040798657896,0.5122837051806466,4.6194125446874335,4.626457354973845,0.5089040798657904,0.5122837051806457,4.619412544687441,4.626457354973838,0.5056870178072741,0.5122837051806499,4.612701064672347,4.6265654693554215,0.5056870178072784,0.5122837051806458,4.612701064672382,4.626565469355386
647,12.92,12.94,0.02,1861968229940057905/144115188075855872,3729701067403150045/288230376151711744,True,647,0,0.5121593741394177,0.515624603924125,4.625941287922763,4.632842981726701,0.5121593741394186,0.5156246039241242,4.625941287922769,4.632842981726694,0.5088612843748349,0.5156246039241283,4.619373882748429,4.6329531950962695,0.508861284374839,0.5156246039241243,4.619373882748465,4.632953195096234
648,12.94,12.96,0.02,3729701067403150045/288230376151711744,466933209365773035/36028797018963968,True,648,0,0.5154972566391536,0.5190516293591216,4.632321216978773,4.639075108411465,0.5154972566391544,0.5190516293591209,4.63232121697878,4.6390751084114585,0.5121148098763407,0.5190516293591252,4.625902777467014,4.639187512777049,0.512114809876345,0.5190516293591207,4.625902777467049,4.639187512777015
649,12.96,12.98,0.02,466933209365773035/36028797018963968,3741230282449218515/288230376151711744,True,649,0,0.5189211464325915,0.5225684054147369,4.638547206575063,4.645148373264846,0.5189211464325922,0.5225684054147361,4.63854720657507,4.645148373264838,0.51545082121223,0.5225684054147404,4.632282878578614,4.645263066256149,0.5154508212122342,0.5225684054147361,4.632282878578645,4.645263066256115
650,12.98,13.0,0.02,3741230282449218515/288230376151711744,1873497444986126375/144115188075855872,True,650,0,0.5224346607822146,0.5261787697937865,4.6446138604394624,4.651057128616631,0.5224346607822152,0.5261787697937859,4.644613860439468,4.651057128616625,0.5188727296646806,0.5261787697937902,4.638509062200182,4.651174213919536,0.5188727296646849,0.526178769793786,4.638509062200216,4.651174213919502
651,13.0,13.02,0.02,1873497444986126375/144115188075855872,3752759497495286985/288230376151711744,True,651,0,0.5260416300664874,0.5298867890878237,4.650515492770559,4.656795420855701,0.5260416300664882,0.5298867890878229,4.650515492770566,4.656795420855695,0.5223841446141682,0.5298867890878272,4.644575933732336,4.656915008684726,0.5223841446141723,0.5298867890878227,4.644575933732372,4.65691500868469
652,13.02,13.040000000000001,0.02,3752759497495286985/288230376151711744,939631026254580305/72057594037927936,True,652,0,0.52974611291254,0.5336967763350725,4.656246107756427,4.66235696905849,0.5297461129125408,0.5336967763350717,4.656246107756434,4.662356969058482,0.5259888873451289,0.5336967763350762,4.650477808972878,4.662479176674881,0.5259888873451333,0.5336967763350716,4.650477808972914,4.662479176674847
653,13.040000000000001,13.06,0.02,939631026254580305/72057594037927936,3764288712541355455/288230376151711744,True,653,0,0.5335524141212902,0.5376133087131412,4.661799379594304,4.667735139506714,0.5335524141212912,0.5376133087131402,4.661799379594311,4.667735139506708,0.5296910075073058,0.5376133087131447,4.656208695916684,4.667860091761393,0.5296910075073102,0.5376133087131404,4.656208695916719,4.667860091761358
654,13.06,13.08,0.02,3764288712541355455/288230376151711744,1885026660032194845/144115188075855872,True,654,0,0.5374651022171192,0.5416412488413942,4.667168626673796,4.672922922063211,0.53746510221712,0.5416412488413932,4.667168626673803,4.672922922063204,0.533494799048726,0.5416412488413975,4.661762270854391,4.673050752013007,0.5334947990487303,0.5416412488413934,4.6617622708544255,4.673050752012973
655,13.08,13.1,0.02,1885026660032194845/144115188075855872,3775817927587423925/288230376151711744,True,655,0,0.5414890303700606,0.5457857662862383,4.672346784922959,4.677912902997323,0.5414890303700615,0.5457857662862374,4.672346784922965,4.677912902997316,0.5374048193499769,0.5457857662862416,4.667131853846222,4.678043752587453,0.5374048193499812,0.5457857662862373,4.667131853846254,4.678043752587421
656,13.1,13.120000000000001,0.02,3775817927587423925/288230376151711744,236348908444403635/18014398509481984,True,656,0,0.5456293581910641,0.5500523621537269,4.67732638132375,4.682697232793066,0.5456293581910648,0.5500523621537261,4.677326381323757,4.68269723279306,0.5414259090395617,0.5500523621537303,4.672310384618856,4.682831253581826,0.541425909039566,0.550052362153726,4.672310384618891,4.68283125358179
657,13.120000000000001,13.14,0.02,236348908444403635/18014398509481984,3787347142633492395/288230376151711744,True,657,0,0.5498915760241659,0.5544468955764067,4.6820995016066,4.6872675944161575,0.5498915760241668,0.5544468955764058,4.682099501606608,4.687267594416151,0.5455632140905651,0.5544468955764101,4.677290392853527,4.6874049483870275,0.5455632140905695,0.5544468955764059,4.6772903928535605,4.687404948386995
658,13.14,13.16,0.02,3787347142633492395/288230376151711744,1896555875078263315/144115188075855872,True,658,0,0.5542815312670742,0.5589756130478837,4.6866577557045135,4.691615167881942,0.5542815312670751,0.5589756130478828,4.686657755704521,4.691615167881935,0.5498222097032613,0.5589756130478871,4.682063966520919,4.691756028344597,0.5498222097032659,0.5589756130478829,4.68206396652095,4.691756028344565
659,13.16,13.18,0.02,1896555875078263315/144115188075855872,3798876357679560865/288230376151711744,True,659,0,0.5588054576833124,0.5636451801886041,4.690992242762187,4.69573058867919,0.5588054576833131,0.5636451801886034,4.690992242762195,4.695730588679182,0.5542087269061725,0.5636451801886077,4.686622720120653,4.695875141234382,0.5542087269061767,0.5636451801886033,4.686622720120685,4.695875141234348
660,13.18,13.200000000000001,0.02,3798876357679560865/288230376151711744,951160241300648775/72057594037927936,True,660,0,0.563470007254867,0.5684627170096128,4.695093511532778,4.699603903486979,0.563470007254868,0.5684627170096118,4.695093511532786,4.699603903486971,0.5587289813895198,0.5684627170096161,4.690957758652378,4.699752347076694,0.5587289813895241,0.5684627170096118,4.690957758652414,4.699752347076659
661,13.200000000000001,13.22,0.02,951160241300648775/72057594037927936,3810405572725629335/288230376151711744,True,661,0,0.5682822852587041,0.5734358366877526,4.698951512333195,4.703224526189373,0.5682822852587049,0.5734358366877517,4.698951512333202,4.7032245261893655,0.5633896052144047,0.573435836687756,4.695059633487582,4.703377074301987,0.563389605214409,0.5734358366877518,4.695059633487617,4.703377074301954
662,13.22,13.24,0.02,3810405572725629335/288230376151711744,1908085090124331785/144115188075855872,True,662,0,0.5732498888909928,0.5785726883163298,4.7025555451914895,4.706581188623974,0.5732498888909937,0.578572688316329,4.702555545191497,4.706581188623967,0.5681976816756716,0.5785726883163337,4.698918294888928,4.706738070664242,0.5681976816756763,0.578572688316329,4.698918294888967,4.706738070664205
663,13.24,13.26,0.02,1908085090124331785/144115188075855872,3821934787771697805/288230376151711744,True,663,0,0.5783809496235602,0.5838820043406279,4.705894208651058,4.709661880546642,0.5783809496235611,0.583882004340627,4.705894208651064,4.709661880546636,0.5731607834503091,0.5838820043406315,4.702523045770221,4.709823343312948,0.5731607834503136,0.583882004340627,4.702523045770254,4.709823343312916
664,13.26,13.280000000000001,0.02,3821934787771697805/288230376151711744,478462424411841505/36028797018963968,True,664,0,0.5836841812461709,0.5893731517380443,4.708955364810399,4.7124537620419265,0.583684181246172,0.5893731517380432,4.708955364810407,4.7124537620419185,0.5782870159243971,0.5893731517380474,4.705862512579152,4.712620071020014,0.5782870159244015,0.589373151738043,4.705862512579186,4.7126200710199795
665,13.280000000000001,13.3,0.02,478462424411841505/36028797018963968,3833464002817766275/288230376151711744,True,665,0,0.5891689308157269,0.5950561908781953,4.711726039753566,4.714943127867755,0.5891689308157279,0.5950561908781943,4.7117260397535725,4.714943127867748,0.5835850628499117,0.5950561908781984,4.70892455143381,4.715114569154874,0.5835850628499158,0.5950561908781945,4.708924551433846,4.7151145691548395
666,13.3,13.32,0.02,3833464002817766275/288230376151711744,1919614305170400255/144115188075855872,True,666,0,0.5948452351073777,0.600941940781442,4.714192140162688,4.717115541405005,0.5948452351073787,0.600941940781441,4.714192140162695,4.717115541404998,0.5890642368458086,0.6009419407814455,4.711695968553958,4.717292426921688,0.589064236845813,0.600941940781441,4.711695968553991,4.717292426921654
667,13.32,13.34,0.02,1919614305170400255/144115188075855872,3844993217863834745/288230376151711744,True,667,0,0.6007238887822207,0.6070420460639261,4.716339023642446,4.718955098926637,0.6007238887822217,0.6070420460639251,4.716339023642453,4.718955098926629,0.5947345408649066,0.6070420460639299,4.714163107700793,4.719137762496675,0.5947345408649113,0.6070420460639251,4.71416310770083,4.719137762496637
668,13.34,13.36,0.02,3844993217863834745/288230376151711744,962689456346717245/72057594037927936,True,668,0,0.6068165037447404,0.613369067813335,4.718149749778735,4.720445995161894,0.6068165037447413,0.6133690678133341,4.718149749778741,4.720445995161887,0.600606719991772,0.6133690678133388,4.716310085380334,4.7206348134323015,0.6006067199917765,0.613369067813334,4.716310085380368,4.720634813432267
669,13.36,13.38,0.02,962689456346717245/72057594037927936,3856522432909903215/288230376151711744,True,669,0,0.6131355929671092,0.619936567086648,4.719605786768112,4.721571613029084,0.61313559296711,0.6199365670866472,4.719605786768119,4.721571613029077,0.6066923367234308,0.6199365670866513,4.718119517834022,4.7217670161583625,0.6066923367234348,0.6199365670866473,4.7181195178340545,4.721767016158329
670,13.38,13.4,0.02,3856522432909903215/288230376151711744,1931143520216468725/144115188075855872,True,670,0,0.6196946910903162,0.6267591709792384,4.720691042917603,4.722310265614123,0.6196946910903169,0.6267591709792376,4.72069104291761,4.722310265614117,0.6130038818971363,0.6267591709792419,4.719576628508458,4.72251268343181,0.6130038818971406,0.6267591709792375,4.719576628508491,4.722512683431776
671,13.4,13.42,0.02,1931143520216468725/144115188075855872,3868051647955971685/288230376151711744,True,671,0,0.6265084059689966,0.6338527297007848,4.721385653960682,4.722641156434419,0.6265084059689976,0.6338527297007839,4.721385653960689,4.722641156434412,0.6195548152622411,0.6338527297007881,4.720662955548442,4.722851057370496,0.6195548152622453,0.6338527297007839,4.720662955548478,4.722851057370461
672,13.42,13.44,0.02,3868051647955971685/288230376151711744,121056757983718935/9007199254740992,True,672,0,0.6335925484279668,0.6412344203814003,4.721668332477718,4.722541748240218,0.6335925484279674,0.6412344203813998,4.721668332477723,4.7225417482402126,0.626359682765864,0.6412344203814042,4.721358752677165,4.722759641473717,0.6263596827658684,0.6412344203813999,4.721358752677201,4.722759641473683
673,13.44,13.46,0.02,121056757983718935/9007199254740992,3879580863002040155/288230376151711744,True,673,0,0.6409631816278636,0.6489239596775942,4.72139050603282,4.722113309741816,0.6409631816278643,0.6489239596775935,4.721390506032827,4.72211330974181,0.6334331517177855,0.6489239596775978,4.721388404469222,4.722468486888349,0.6334331517177898,0.6489239596775936,4.721388404469253,4.722468486888317
674,13.46,13.48,0.02,3879580863002040155/288230376151711744,1942672735262537195/144115188075855872,True,674,0,0.648637063064318,0.6569434561509983,4.720326367422719,4.721530512262691,0.6486370630643189,0.6569434561509974,4.720326367422725,4.721530512262684,0.6407904365870406,0.6569434561510016,4.720320290594205,4.722359994047754,0.6407904365870448,0.6569434561509974,4.720320290594242,4.722359994047718
675,13.48,13.5,0.02,1942672735262537195/144115188075855872,3891110078048108625/288230376151711744,True,675,0,0.6566368517795302,0.6653125344800437,4.718746673173479,4.7204672348502505,0.656636851779531,0.6653125344800429,4.718746673173484,4.720467234850244,0.648452487689715,0.6653125344800471,4.718736127052047,4.72179919669227,0.6484524876897191,0.6653125344800428,4.71873612705208,4.7217991966922375
676,13.5,13.52,0.02,3891110078048108625/288230376151711744,974218671392785715/72057594037927936,True,676,0,0.6649845058823086,0.6740553118289622,4.716620895157902,4.718893966757095,0.6649845058823094,0.6740553118289614,4.7166208951579085,4.718893966757088,0.6564393674881799,0.674055311828966,4.716605338382143,4.720758968500912,0.6564393674881844,0.6740553118289614,4.71660533838218,4.720758968500877
677,13.52,13.540000000000001,0.02,974218671392785715/72057594037927936,3902639293094177095/288230376151711744,True,677,0,0.673703978296421,0.6831981247044203,4.713917030746791,4.716777494719875,0.673703978296422,0.6831981247044193,4.713917030746801,4.716777494719866,0.6647729219785544,0.6831981247044238,4.713895890549499,4.719208715972606,0.6647729219785588,0.6831981247044194,4.713895890549536,4.719208715972568
678,13.540000000000001,13.56,0.02,3902639293094177095/288230376151711744,1954201950308605665/144115188075855872,True,678,0,0.6828208689101346,0.692770355959348,4.710598032956863,4.714083904689619,0.6828208689101356,0.6927703559593469,4.71059803295687,4.714083904689612,0.6734764048159875,0.692770355959351,4.710570660314539,4.717117473458157,0.6734764048159917,0.692770355959347,4.7105706603145725,4.717117473458122
679,13.56,13.58,0.02,1954201950308605665/144115188075855872,3914168508140245565/288230376151711744,True,679,0,0.6923641289937307,0.7028032724285869,4.706623531447281,4.710776219627535,0.6923641289937317,0.7028032724285859,4.706623531447288,4.710776219627528,0.6825761494254582,0.7028032724285905,4.706589188656686,4.714451545937187,0.6825761494254626,0.7028032724285859,4.706589188656723,4.714451545937154
680,13.58,13.6,0.02,3914168508140245565/288230376151711744,489991639457909975/36028797018963968,True,680,0,0.702365184791149,0.7133315202504111,4.701949373140768,4.70681412920167,0.7023651847911498,0.7133315202504102,4.701949373140775,4.706814129201663,0.69210065527059,0.7133315202504147,4.701907219177229,4.711174284052302,0.6921006552705944,0.7133315202504101,4.701907219177265,4.711174284052265
681,13.6,13.620000000000001,0.02,489991639457909975/36028797018963968,3925697723186314035/288230376151711744,True,681,0,0.712858431544662,0.7243933351104495,4.696527191912763,4.702153591870137,0.7128584315446629,0.7243933351104486,4.696527191912771,4.702153591870129,0.7020810386687063,0.724393335110453,4.69647626503311,4.707245738757472,0.7020810386687105,0.7243933351104487,4.696476265033147,4.707245738757436
682,13.620000000000001,13.64,0.02,3925697723186314035/288230376151711744,1965731165354674135/144115188075855872,True,682,0,0.7238817021150321,0.7360308782102432,4.6903039069289925,4.6967463929318765,0.723881702115033,0.7360308782102423,4.690303906928999,4.696746392931869,0.7125514512799419,0.7360308782102469,4.69024310379451,4.702622280511551,0.7125514512799467,0.7360308782102424,4.690243103794544,4.702622280511515
683,13.64,13.66,0.02,1965731165354674135/144115188075855872,3937226938232382505/288230376151711744,True,683,0,0.7354766558208795,0.748290768698781,4.683218125993371,4.6905426636565135,0.7354766558208804,0.7482907686987802,4.683218125993379,4.6905426636565055,0.7235494106634092,0.7482907686987846,4.6831461082236,4.697259257874092,0.7235494106634137,0.7482907686987802,4.683146108223635,4.697259257874055
684,13.66,13.68,0.02,3937226938232382505/288230376151711744,985747886438854185/72057594037927936,True,684,0,0.7476893254906225,0.7612245937174491,4.675205171493379,4.683484622244946,0.7476893254906233,0.7612245937174483,4.675205171493387,4.683484622244938,0.7351162794286923,0.7612245937174529,4.675120388449841,4.691104700009242,0.735116279428697,0.7612245937174483,4.6751203884498755,4.691104700009206
685,13.68,13.700000000000001,0.02,985747886438854185/72057594037927936,3948756153278450975/288230376151711744,True,685,0,0.7605706850310591,0.7748895564974146,4.6661968152698945,4.6755054246134495,0.76057068503106,0.7748895564974138,4.666196815269901,4.675505424613442,0.7472977535422358,0.7748895564974184,4.666097542018688,4.684098242894436,0.7472977535422405,0.7748895564974138,4.666097542018728,4.684098242894397
686,13.700000000000001,13.72,0.02,3948756153278450975/288230376151711744,1977260380400742605/144115188075855872,True,686,0,0.7741772261894476,0.7893493007260048,4.656114797247751,4.666534019839809,0.7741772261894486,0.789349300726004,4.65611479724776,4.6665340198398,0.7601443463886892,0.7893493007260081,4.65599903735671,4.676176225689805,0.7601443463886934,0.789349300726004,4.655999037356747,4.676176225689769
687,13.72,13.74,0.02,1977260380400742605/144115188075855872,3960285368324519445/288230376151711744,True,687,0,0.7885717196671079,0.804674767840307,4.644872008978691,4.656492093286252,0.7885717196671088,0.804674767840306,4.644872008978697,4.656492093286245,0.7737120412753274,0.8046747678403104,4.644737434600612,4.667268720249953,0.7737120412753319,0.804674767840306,4.644737434600649,4.6672687202499175
688,13.74,13.76,0.02,3960285368324519445/288230376151711744,247878123490472105/18014398509481984,True,688,0,0.8038240705203659,0.8209452150227067,4.632371552582949,4.645292844491536,0.803824070520367,0.8209452150227056,4.632371552582956,4.645292844491529,0.7880630193835365,0.8209452150227103,4.632215437204445,4.657298461220893,0.7880630193835411,0.8209452150227057,4.63221543720448,4.657298461220856
689,13.76,13.780000000000001,0.02,247878123490472105/18014398509481984,3971814583370587915/288230376151711744,True,689,0,0.8200123060146419,0.8382494003575519,4.618505442030567,4.632839782734608,0.8200123060146428,0.8382494003575509,4.618505442030576,4.6328397827346,0.8032664978641205,0.8382494003575554,4.618324579053625,4.6461798257165885,0.8032664978641247,0.8382494003575508,4.618324579053661,4.646179825716552
690,13.780000000000001,13.8,0.02,3971814583370587915/288230376151711744,1988789595446811075/144115188075855872,True,690,0,0.8372237174294799,0.8566869664896094,4.603153032377852,4.61902539531174,0.837223717429481,0.8566869664896083,4.603153032377861,4.6190253953117315,0.8193996954898813,0.856686966489613,4.602943634157019,4.633817720731501,0.8193996954898859,0.8566869664896084,4.602943634157054,4.633817720731465
691,13.8,13.82,0.02,1988789595446811075/144115188075855872,3983343798416656385/288230376151711744,True,691,0,0.8555561889023833,0.8763700520527493,4.5861792076091366,4.603729587868248,0.8555561889023844,0.8763700520527482,4.5861792076091445,4.60372958786824,0.8365489541800087,0.8763700520527528,4.5859367800600825,4.620106282485082,0.8365489541800133,0.8763700520527481,4.585936780060121,4.620106282485045
692,13.82,13.84,0.02,3983343798416656385/288230376151711744,997277101484922655/72057594037927936,True,692,0,0.8751197420065687,0.8974251755723908,4.567432263026097,4.58681787843975,0.8751197420065697,0.8974251755723898,4.567432263026105,4.586817878439742,0.8548110395738129,0.8974251755723942,4.567151448840581,4.604927377628806,0.8548110395738172,0.8974251755723898,4.567151448840614,4.60492737762877
693,13.84,13.86,0.02,997277101484922655/72057594037927936,3994873013462724855/288230376151711744,True,693,0,0.8960383332486531,0.919995440677114,4.546741430082691,4.568139300670468,0.8960383332486541,0.919995440677113,4.5467414300827,4.568139300670459,0.8742946515653014,0.9199954406771174,4.546415811440038,4.588148870997777,0.8742946515653057,0.919995440677113,4.546415811440075,4.588148870997741
694,13.86,13.88,0.02,3994873013462724855/288230376151711744,2000318810492879545/144115188075855872,True,694,0,0.918451949039769,0.9442431179524432,4.523913993269334,4.547523954297119,0.9184519490397698,0.9442431179524424,4.523913993269343,4.547523954297111,0.8951221823925228,0.9442431179524468,4.523535842417368,4.569622608400061,0.8951221823925273,0.9442431179524425,4.523535842417403,4.569622608400024
695,13.88,13.9,0.02,2000318810492879545/144115188075855872,4006402228508793325/288230376151711744,True,695,0,0.9425190461750602,0.9703526701624148,4.498731938405348,4.524780134145371,0.9425190461750613,0.9703526701624137,4.498731938405357,4.524780134145363,0.9174317628983713,0.970352670162418,4.498291901101051,4.549182057563646,0.9174317628983755,0.9703526701624137,4.498291901101085,4.549182057563612
696,13.9,13.92,0.02,4006402228508793325/288230376151711744,501520854503978445/36028797018963968,True,696,0,0.9684193942037613,0.9985342940061366,4.470948016973258,4.4996910064361,0.9684193942037626,0.9985342940061354,4.470948016973266,4.499691006436091,0.9413796459649433,0.99853429400614,4.470434707398481,4.526639591014634,0.9413796459649478,0.9985342940061352,4.4704347073985184,4.5266395910145985
697,13.92,13.94,0.02,501520854503978445/36028797018963968,4017931443554861795/288230376151711744,True,697,0,0.9963573843290564,1.0290280561460274,4.440281178717246,4.472010718035707,0.9963573843290578,1.029028056146025,4.440281178717256,4.472010718035697,0.9671429853749999,1.029028056146034,4.439680658874662,4.501783309877669,0.9671429853750045,1.029028056146025,4.4396806588747,4.501783309877633
698,13.94,13.96,0.02,4017931443554861795/288230376151711744,2011848025538948015/144115188075855872,True,698,0,1.0265658583498063,1.062108719734208,4.406411267441006,4.4414598712818805,1.0265658583498083,1.062108719734206,4.406411267441015,4.441459871281872,0.9949230599427905,1.0621087197342152,4.405706374296639,4.474373356103888,0.9949230599427967,1.062108719734206,4.405706374296678,4.47437335610385
699,13.96,13.98,0.02,2011848025538948015/144115188075855872,4029460658600930265/288230376151711744,True,699,0,1.0593105334700543,1.0980913311565619,4.368972904040238,4.407720269137173,1.0593105334700565,1.0980913311565597,4.368972904040248,4.4077202691371635,1.0249490207619,1.0980913311565683,4.368142375512285,4.444137629511881,1.0249490207619087,1.0980913311565597,4.368142375512321,4.444137629511846
700,13.98,14.0,0.02,4029460658600930265/288230376151711744,1008806316530991125/72057594037927936,True,700,0,1.0948950665264254,1.1373376438579368,4.327548478216853,4.370428860434212,1.094895066526428,1.137337643857934,4.327548478216865,4.370428860434201,1.0574822178381404,1.1373376438579434,4.3265658118522685,4.410766845297006,1.05748221783815,1.137337643857934,4.326565811852304,4.410766845296971
701,14.0,14.02,0.02,1008806316530991125/72057594037927936,4040989873646998735/288230376151711744,True,701,0,1.1336667878119853,1.180263405493477,4.281660238711662,4.3291708087295495,1.1336667878119882,1.1802634054934742,4.281660238711675,4.329170808729536,1.0928211679446382,1.1802634054934829,4.280492195031172,4.373908846653199,1.0928211679446471,1.1802634054934742,4.2804921950312105,4.373908846653162
702,14.02,14.040000000000001,0.02,4040989873646998735/288230376151711744,2023377240585016485/144115188075855872,True,702,0,1.1760230756591938,1.227346467224356,4.230761546481369,4.2834716602389395,1.1760230756591967,1.2273464672243535,4.2307615464813795,4.283471660238928,1.1313071988042385,1.227346467224362,4.229366179769518,4.3331621132382345,1.1313071988042473,1.2273464672243535,4.229366179769554,4.333162113238197
703,14.040000000000001,14.06,0.02,2023377240585016485/144115188075855872,4052519088693067205/288230376151711744,True,703,0,1.2224182934047663,1.2791354863856372,4.174227481411725,4.232788700379547,1.2224182934047692,1.2791354863856346,4.174227481411737,4.232788700379535,1.1733308081916256,1.2791354868653009,4.172551540578365,4.288068475935474,1.1733308081916347,1.2791354868652913,4.172551540578405,4.288068475935436
704,14.06,14.08,0.02,4052519088693067205/288230376151711744,63410682753376585/4503599627370496,True,704,0,1.2733709384525538,1.3362588568913254,4.111345333736822,4.176501667477625,1.2733709384525567,1.3362588568913225,4.111345333736835,4.176501667477613,1.219338592974077,1.3362588590004243,4.109320831837207,4.238105041534748,1.2193385929740863,1.336258859000415,4.109320831837242,4.2381050415347135
705,14.08,14.1,0.02,63410682753376585/4503599627370496,4064048303739135675/288230376151711744,True,705,0,1.3294705451465203,1.3994329292812537,4.0413058501119625,4.113903353263916,1.3294705451465232,1.3994329292812508,4.041305850111973,4.113903353263905,1.2698406186465845,1.3994329461260673,4.038845536913495,4.182675569886378,1.269840618646594,1.3994329461260575,4.038845536913529,4.182675569886341
706,14.1,14.120000000000001,0.02,4064048303739135675/288230376151711744,2034906455631084955/144115188075855872,True,706,0,1.3913833504880182,1.469468006548477,3.963196940458079,4.044190930963989,1.391383350488021,1.4694680065484742,3.963196940458085,4.044190930963979,1.3254178283437186,1.4694680588450508,3.9601883774024014,4.121101608488846,1.3254178283437272,1.4694680588450417,3.9601883774024245,4.121101608488813
707,14.120000000000001,14.14,0.02,2034906455631084955/144115188075855872,4075577518785204145/288230376151711744,True,707,0,1.4598551251082816,1.5472694779182532,3.876002514786278,3.9664596861302743,1.4598551251082847,1.54726947791825,3.876002514786284,3.966459686130268,1.3867286229730411,1.5472696834137738,3.8723003322845115,4.052614280675735,1.3867286229730498,1.5472696834137656,3.8723003322845293,4.052614280675696
708,14.14,14.16,0.02,4075577518785204145/288230376151711744,1020335531577059595/72057594037927936,True,708,0,1.535708579951557,1.6338298355305738,3.7786108760527166,3.879701778536069,1.53570857995156,1.633829835530571,3.7786108760527224,3.8797017785360635,1.4545137110905593,1.6338303221695445,3.7740270746943185,3.976347710802449,1.454513711090568,1.6338303221695358,3.7740270746943367,3.9763477108024308
709,14.16,14.18,0.02,1020335531577059595/72057594037927936,4087106733831272615/288230376151711744,True,709,0,1.6198313429343396,1.7302048623995832,3.6698394675882064,3.782814361598686,1.6198313429343425,1.7302048623995803,3.6698394675882122,3.7828143615986805,1.5295956295214226,1.730206715192826,3.66413074522123,3.8913373195139545,1.5295956295214317,1.7302067151928173,3.664130745221248,3.891337319513937
710,14.18,14.200000000000001,0.02,4087106733831272615/288230376151711744,2046435670677153425/144115188075855872,True,710,0,1.7131485601811882,1.837464317247357,3.548485506199138,3.674623781124983,1.713148560181191,1.8374643172473544,3.548485506199144,3.6746237811249776,1.6128721309362903,1.8374701593326896,3.5413390007417793,3.7965246403516812,1.6128721309362997,1.837470159332681,3.541339000741797,3.796524640351664
711,14.200000000000001,14.22,0.02,2046435670677153425/144115188075855872,4098635948877341085/288230376151711744,True,711,0,1.8165711728114249,1.9566044211266416,3.413414939818667,3.5539360835829377,1.8165711728114278,1.9566044211266385,3.4134149398186717,3.5539360835829323,1.7052953842716843,1.9566193394768794,3.4044310768836468,3.6907783973013806,1.7052953842716927,1.9566193394768703,3.404431076883666,3.690778397301362
712,14.22,14.24,0.02,4098635948877341085/288230376151711744,513050069550046915/36028797018963968,True,712,0,1.9309126721181724,2.0884019027905327,3.26370875386112,3.4196237720918914,1.9309126721181762,2.088401902790527,3.2637087538611262,3.4196237720918847,1.8078361085357473,2.088431829383029,3.2523934793315092,3.5729252266060407,1.8078361085357566,2.08843182938301,3.2523934793315274,3.572925226606022
713,14.24,14.26,0.02,513050069550046915/36028797018963968,4110165163923409555/288230376151711744,True,713,0,2.0567597369738855,2.233196382064508,3.098877611366952,3.270767731694457,2.056759736973891,2.2331963820645027,3.0988776113669574,3.2707677316944515,1.9213842706400381,2.2332753284613807,3.084622889887949,3.4418415670369535,1.9213842706400508,2.2332753284613625,3.0846228898879664,3.4418415670369367
714,14.26,14.280000000000001,0.02,4110165163923409555/288230376151711744,2057964885723221895/144115188075855872,True,714,0,2.1942890321239275,2.3905915791032712,2.9191511792171787,3.1068677101065205,2.1942890321239337,2.390591579103265,2.919151179217185,3.1068677101065147,2.046605616299304,2.39083670092148,2.901208668548882,3.29659926549824,2.0466056162993214,2.3908367009214624,2.9012086685489002,3.2965992654982217
715,14.280000000000001,14.3,0.02,2057964885723221895/144115188075855872,4121694378969478025/288230376151711744,True,715,0,2.3430314870617512,2.5590903585007703,2.7258234943595276,2.928126423282941,2.343031487061757,2.5590903585007645,2.7258234943595343,2.9281264232829343,2.1838961425987113,2.5596259986780368,2.703343503396538,3.13661978091175,2.1838961425987296,2.5596259986780177,2.7033435033965563,3.1366197809117318
716,14.3,14.32,0.02,4121694378969478025/288230376151711744,1031864746623128065/72057594037927936,True,716,0,2.5016046569756636,2.7357296213026983,2.521587640738246,2.7357888783503537,2.50160465697567,2.735729621302692,2.521587640738252,2.7357888783503475,2.33309607673518,2.736646397884399,2.4938998733230195,2.961748782849863,2.3330960767351976,2.736646397884381,2.4938998733230373,2.9617487828498454
717,14.32,14.34,0.02,1031864746623128065/72057594037927936,4133223594015546495/288230376151711744,True,717,0,2.667297955264381,2.9160158613083813,2.3106924095152173,2.5325177485308545,2.6672979552643863,2.9160158613083755,2.3106924095152226,2.532517748530849,2.492895995985472,2.917433144172002,2.2773475995668857,2.7729405833235354,2.4928959959854895,2.917433144171985,2.277347599566905,2.7729405833235172
718,14.34,14.36,0.02,4133223594015546495/288230376151711744,2069494100769290365/144115188075855872,True,718,0,2.836155749749549,3.0937895245644733,2.0986707016101627,2.322776217366517,2.836155749749555,3.0937895245644675,2.098670701610169,2.3227762173665107,2.6606507578067626,3.0959724000613473,2.059723557742455,2.5726114229122174,2.6606507578067817,3.095972400061328,2.0597235577424735,2.5726114229121997
719,14.36,14.38,0.02,2069494100769290365/144115188075855872,4144752809061614965/288230376151711744,True,719,0,3.0033260601041514,3.2615348702525058,1.8925717486146343,2.1119903207248303,3.003326060104158,3.2615348702524996,1.8925717486146378,2.111990320724824,2.829622314872199,3.267762774814276,1.8469906384374126,2.366032113874389,2.829622314872217,3.267762774814259,1.8469906384374226,2.366032113874371
720,14.38,14.4,0.02,4144752809061614965/288230376151711744,259407338536540575/18014398509481984,True,720,0,3.1629623695823605,3.4119363693189673,1.6992789199930383,1.906804087918138,3.162962369582367,3.411936369318961,1.699278919993041,1.9068040879181352,2.997570439902461,3.422281089978138,1.6466103462646957,2.158740737917675,2.9975704399024794,3.4222810899781204,1.646610346264705,2.1587407379176566
721,14.4,14.42,0.02,259407338536540575/18014398509481984,4156282024107683435/288230376151711744,True,721,0,3.309185839345436,3.538915526992932,1.52464383516239,1.7139440115164186,3.309185839345442,3.538915526992926,1.524643835162393,1.7139440115164157,3.1589874942165643,3.5524785885130723,1.46775827675376,1.954611475589011,3.1589874942165825,3.5524785885130545,1.4677582767537691,1.9546114755890018
722,14.42,14.44,0.02,4156282024107683435/288230376151711744,2081023315815358835/144115188075855872,True,722,0,3.436769907144262,3.6388558434209783,1.372596264971988,1.5391546164044372,3.436769907144268,3.638855843420972,1.372596264971991,1.5391546164044343,3.307156476117128,3.654671727292437,1.3151153604426045,1.7600897092977836,3.3071564761171466,3.6546717272924187,1.3151153604426131,1.7600897092977748
723,14.44,14.46,0.02,2081023315815358835/144115188075855872,4167811239153751905/288230376151711744,True,723,0,3.541784068402475,3.7111292049738154,1.2447067832311494,1.3863905956994487,3.5417840684024813,3.7111292049738087,1.2447067832311525,1.386390595699446,3.4360275608440403,3.7282092076277853,1.1891561697182351,1.582301009997707,3.4360275608440585,3.7282092076277666,1.189156169718244,1.582301009997698
724,14.46,14.48,0.02,4167811239153751905/288230376151711744,1043393961669196535/72057594037927936,True,724,0,3.6227958110456426,3.756979574833996,1.1404622987302788,1.2573670972973234,3.6227958110456484,3.7569795748339905,1.1404622987302817,1.2573670972973203,3.542459392021932,3.773857596383097,1.0897491003538402,1.42474184675039,3.5424593920219496,3.7738575963830794,1.0897491003538493,1.4247418467503807
725,14.48,14.5,0.02,1043393961669196535/72057594037927936,4179340454199820375/288230376151711744,True,725,0,3.679908156525004,3.7796451112383216,1.0578169103328856,1.151769176574094,3.6799081565250096,3.7796451112383163,1.0578169103328887,1.1517691765740912,3.624393923519225,3.7952496841746033,1.013579299487919,1.2901493568632905,3.6243939235192424,3.795249684174586,1.013579299487928,1.2901493568632816
726,14.5,14.52,0.02,4179340454199820375/288230376151711744,2092552530861427305/144115188075855872,True,726,0,3.7147560177245698,3.783067140122984,0.9940100559618464,1.0676698942058396,3.714756017724575,3.783067140122979,0.994010055961848,1.0676698942058371,3.682074602087773,3.796599224991489,0.957117156066241,1.1785303974035235,3.682074602087791,3.7965992249914713,0.9571171560662464,1.1785303974035144
727,14.52,14.540000000000001,0.02,2092552530861427305/144115188075855872,4190869669245888845/288230376151711744,True,727,0,3.7300199512733805,3.771106194412026,0.9459454767518293,1.0023900408551896,3.730019951273386,3.7711061944120203,0.9459454767518307,1.0023900408551871,3.717183391282546,3.7822822936792857,0.9163134489951286,1.088703328575357,3.717183391282563,3.782282293679268,0.9163134489951333,1.0887033285753478
728,14.540000000000001,14.56,0.02,4190869669245888845/288230376151711744,524579284596115385/36028797018963968,True,728,0,3.7224456494918114,3.753558590922447,0.9102198354214223,0.953424507437286,3.7224456494918163,3.753558590922442,0.9102198354214235,0.9534245074372847,3.719948320770233,3.7686121485113127,0.8869476423469317,1.0190470411119106,3.71994832077025,3.768612148511295,0.8869476423469363,1.0190470411119026
729,14.56,14.58,0.02,524579284596115385/36028797018963968,4202398884291957315/288230376151711744,True,729,0,3.6944679466119514,3.7339463820669807,0.8843163380850193,0.9178410659503391,3.6944679466119568,3.7339463820669754,0.8843163380850206,0.9178410659503378,3.692284755991539,3.7599225526637396,0.8663292456020127,0.96657362337394,3.692284755991556,3.7599225526637228,0.8663292456020171,0.9665736233739356
730,14.58,14.6,0.02,4202398884291957315/288230376151711744,2104081745907495775/144115188075855872,True,730,0,3.6587163450768094,3.704744963311829,0.8667764779119256,0.8923901896520748,3.6587163450768148,3.704744963311824,0.8667764779119268,0.8923901896520736,3.6568868277973317,3.7390502861889807,0.8531884865190534,0.9274742569628447,3.65688682779735,3.739050286188962,0.853188486519058,0.9274742569628405
731,14.6,14.620000000000001,0.02,2104081745907495775/144115188075855872,4213928099338025785/288230376151711744,True,731,0,3.6172549294123617,3.6680915798423146,0.8557823919067012,0.8749922442262787,3.6172549294123675,3.6680915798423093,0.8557823919067026,0.8749922442262773,3.615765581046358,3.708638284862383,0.8457458661487519,0.8992248266846398,3.615765581046376,3.708638284862366,0.8457458661487566,0.8992248266846351
732,14.620000000000001,14.64,0.02,4213928099338025785/288230376151711744,1054923176715265005/72057594037927936,True,732,0,3.5714680889225487,3.6259643754551876,0.8498841167489801,0.8639629856292864,3.571468088922555,3.6259643754551814,0.8498841167489816,0.8639629856292851,3.570277086513312,3.6711126969989962,0.8426495448274218,0.879661022909614,3.57027708651333,3.6711126969989785,0.8426495448274264,0.8796610229096095
733,14.64,14.66,0.02,1054923176715265005/72057594037927936,4225457314384094255/288230376151711744,True,733,0,3.5224940569465297,3.57986630759461,0.8479622622636229,0.8579491066148974,3.5224940569465355,3.579866307594605,0.8479622622636243,0.8579491066148961,3.521550359489309,3.628346511278576,0.8429034648036468,0.8669753091353117,3.5215503594893276,3.628346511278558,0.8429034648036513,0.8669753091353072
734,14.66,14.68,0.02,4225457314384094255/288230376151711744,2115610960953564245/144115188075855872,True,734,0,3.471403637942006,3.5307754324609046,0.8491661382611101,0.8558742314810306,3.4714036379420103,3.5307754324609,0.8491661382611114,0.8558742314810293,3.4706602311975727,3.5816099506369916,0.8457808983417214,0.8596945013770529,3.47066023119759,3.5816099506369743,0.8457808983417259,0.8596945013770483
735,14.68,14.700000000000001,0.02,2115610960953564245/144115188075855872,4236986529430162725/288230376151711744,True,735,0,3.4186232536298893,3.4798422284471564,0.8519984032438666,0.8577445215557506,3.418623253629894,3.4798422284471515,0.8519984032438679,0.8577445215557493,3.417974751024154,3.532347968403475,0.8482943468211508,0.8590968525728138,3.417974751024172,3.532347968403457,0.8482943468211552,0.8590968525728093
736,14.700000000000001,14.72,0.02,4236986529430162725/288230376151711744,132585973029787405/9007199254740992,True,736,0,3.3646456597863454,3.4277814682061245,0.8556680394890485,0.8632014965382878,3.36464565978635,3.4277814682061196,0.8556680394890498,0.8632014965382866,3.363983757179217,3.4814629464995965,0.8492851410483836,0.86502068716973,3.363983757179234,3.4814629464995783,0.8492851410483881,0.8650206871697254
737,14.72,14.74,0.02,132585973029787405/9007199254740992,4248515744476231195/288230376151711744,True,737,0,3.3103074447661394,3.3746785135901787,0.861258882066359,0.8702762273898828,3.3103074447661434,3.3746785135901742,0.8612588820663604,0.8702762273898815,3.309644451970101,3.4290624113052712,0.8527594582568078,0.8724425412497672,3.3096444519701187,3.4290624113052535,0.8527594582568121,0.8724425412497627
738,14.74,14.76,0.02,4248515744476231195/288230376151711744,2127140175999632715/144115188075855872,True,738,0,3.2558836590238505,3.320961137726346,0.8684161248627015,0.8786414040740298,3.255883659023855,3.3209611377263415,0.8684161248627027,0.8786414040740285,3.2552295682928105,3.3756860600954006,0.8582441215615016,0.881051944401171,3.2552295682928287,3.3756860600953815,0.8582441215615062,0.8810519444011664
739,14.76,14.780000000000001,0.02,2127140175999632715/144115188075855872,4260044959522299665/288230376151711744,True,739,0,3.2015776394994657,3.2669611596024595,0.8768449513546756,0.8880650894650245,3.201577639499471,3.2669611596024537,0.876844951354677,0.888065089465023,3.2009392417296074,3.321752748812037,0.8653408629055821,0.8906427275819285,3.200939241729626,3.321752748812018,0.8653408629055864,0.8906427275819242
740,14.780000000000001,14.8,0.02,4260044959522299665/288230376151711744,1066452391761333475/72057594037927936,True,740,0,3.1475362914057885,3.2129387484671645,0.8862859750878277,0.8983986329573581,3.1475362914057943,3.2129387484671583,0.8862859750878292,0.8983986329573567,3.1468537190683903,3.267653347132994,0.8736953055707691,0.9011018706474565,3.146853719068408,3.2676533471329767,0.8736953055707735,0.9011018706474523
741,14.8,14.82,0.02,1066452391761333475/72057594037927936,4271574174568368135/288230376151711744,True,741,0,3.0938861087031455,3.159076593084435,0.896596106214274,0.9094678617723944,3.093886108703151,3.15907659308443,0.8965961062142757,0.9094678617723927,3.0931483253635905,3.2135706530058394,0.883123380386811,0.9122507990990106,3.0931483253636087,3.213570653005821,0.8831233803868157,0.912250799099006
742,14.82,14.84,0.02,4271574174568368135/288230376151711744,2138669391045701185/144115188075855872,True,742,0,3.040716688338736,3.1055193661645304,0.9076397875862882,0.9211605817825903,3.0407166883387426,3.105519366164524,0.9076397875862898,0.9211605817825887,3.0399443717476644,3.159655081734336,0.8934448475332913,0.9239872452198403,3.039944371747682,3.1596550817343187,0.893444847533296,0.9239872452198359
743,14.84,14.86,0.02,2138669391045701185/144115188075855872,4283103389614436605/288230376151711744,True,743,0,2.9880947741132875,3.052377124655216,0.9193082983845519,0.9333911462670293,2.9880947741132937,3.0523771246552087,0.9193082983845533,0.9333911462670279,2.9873033234228576,3.106050702311951,0.9045154793182671,0.936234378319662,2.987303323422876,3.106050702311932,0.9045154793182717,0.9362343783196575
744,14.86,14.88,0.02,4283103389614436605/288230376151711744,536108499642183855/36028797018963968,True,744,0,2.9360696188880726,2.9997332096305147,0.9315136189950897,0.9460943396173447,2.936069618888079,2.9997332096305085,0.9315136189950912,0.946094339617343,2.935270359867186,3.052867031678759,0.916218943105157,0.948934730594482,2.9352703598672036,3.052867031678742,0.916218943105161,0.9489347305944777
745,14.88,14.9,0.02,536108499642183855/36028797018963968,4294632604660505075/288230376151711744,True,745,0,2.8846778893866873,2.9476494407955127,0.9441881855490145,0.9592163020339902,2.8846778893866936,2.947649440795507,0.944188185549016,0.9592163020339888,2.883879184221236,3.000185905744154,0.9284668966146953,0.9620393160264545,2.8838791842212546,3.0001859057441362,0.9284668966146996,0.9620393160264502
746,14.9,14.92,0.02,4294632604660505075/288230376151711744,2150198606091769655/144115188075855872,True,746,0,2.833946358739851,2.896171136935104,0.9572807426931177,0.9727115652938148,2.833946358739857,2.8961711369350986,0.9572807426931192,0.9727115652938133,2.83315442517882,2.948067984085057,0.9411930429796795,0.9755053587748217,2.833154425178838,2.9480679840850392,0.9411930429796844,0.9755053587748168
747,14.92,14.94,0.02,2150198606091769655/144115188075855872,4306161819706573545/288230376151711744,True,747,0,2.7838932966928276,2.8453316359572036,0.9707481277694113,0.9865458244713403,2.783893296692834,2.845331635957198,0.9707481277694127,0.986545824471339,2.783112641166744,2.896558557611266,0.954341579717952,0.9893015661986884,2.7831126411667633,2.8965585576112463,0.9543415797179563,0.9893015661986838
748,14.94,14.96,0.02,4306161819706573545/288230376151711744,1077981606807401945/72057594037927936,True,748,0,2.7345308072958048,2.7951545019583746,0.9845557125794984,1.0006913136634286,2.734530807295811,2.7951545019583683,0.9845557125794998,1.0006913136634263,2.7337646451660205,2.845690450705019,0.9678680631572988,1.0034024516724709,2.7337646451660396,2.8456904507050007,0.9678680631573032,1.003402451672463
749,14.96,14.98,0.02,1077981606807401945/72057594037927936,4317691034752642015/288230376151711744,True,749,0,2.6858659967490217,2.745655867694414,0.9986754458779801,1.015125535354857,2.685865996749028,2.7456558676944076,0.9986754458779821,1.0151255353548538,2.685116563780956,2.795486989983779,0.9817367499385474,1.0177872874631022,2.6851165637809733,2.795486989983762,0.981736749938552,1.017787287463093
750,14.98,15.0,0.02,4317691034752642015/288230376151711744,2161727821137838125/144115188075855872,True,750,0,2.637902114489868,2.696846015697968,1.013084484634906,1.0298301271283392,2.6379021144898744,2.6968460156979623,1.0130844846349092,1.029830127128336,2.637170903767081,2.7459640537954244,0.9959187553531703,1.0324390815294209,2.6371709037670987,2.7459640537954066,0.9959187553531756,1.032439081529412
751,15.0,15.02,0.02,2161727821137838125/144115188075855872,4329220249798710485/288230376151711744,True,751,0,2.59063940659407,2.648730645855489,1.0277641817256369,1.044789925073607,2.5906394065940765,2.6487306458554825,1.0277641817256393,1.0447899250736046,2.5899273502132076,2.6971316957711977,1.0103906971506642,1.0473437081379318,2.589927350213227,2.6971316957711786,1.0103906971506729,1.0473437081379227
752,15.02,15.040000000000001,0.02,4329220249798710485/288230376151711744,270936553582609045/18014398509481984,True,752,0,2.544075773421364,2.6013118774737407,1.0426992571185683,1.059992267311,2.5440757734213704,2.6013118774737345,1.0426992571185711,1.0599922673109974,2.543383165978213,2.6489956356763393,1.0251335868306988,1.0624892795073022,2.5433831659782316,2.6489956356763225,1.0251335868307083,1.0624892795072927
753,15.040000000000001,15.06,0.02,270936553582609045/18014398509481984,4340749464844778955/288230376151711744,True,753,0,2.498207270589119,2.554589052956201,1.0578770143794083,1.075426577766785,2.4982072705891256,2.5545890529561945,1.0578770143794114,1.075426577766782,2.497534180025125,2.6015577532173744,1.0401317893494821,1.0778658236346275,2.4975341800251414,2.6015577532173575,1.0401317893494912,1.0778658236346186
754,15.06,15.08,0.02,4340749464844778955/288230376151711744,2173257036183906595/144115188075855872,True,754,0,2.453028524172476,2.5085593529431125,1.0732868198334828,1.0910839384591537,2.4530285241724816,2.508559352943107,1.0732868198334853,1.0910839384591513,2.452374975693706,2.5548170673143336,1.0553723398560337,1.093464893418679,2.452374975693725,2.554817067314315,1.0553723398560422,1.0934648934186701
755,15.08,15.1,0.02,2173257036183906595/144115188075855872,4352278679890847425/288230376151711744,True,755,0,2.4085330578390667,2.4632182863645617,1.0889196571652329,1.1069567810136396,2.408533057839072,2.4632182863645564,1.0889196571652355,1.106956781013637,2.407898880295106,2.5087706702124226,1.0708443635550298,1.1092792955858513,2.407898880295125,2.5087706702124044,1.0708443635550384,1.1092792955858426
756,15.1,15.120000000000001,0.02,4352278679890847425/288230376151711744,1089510821853470415/72057594037927936,True,756,0,2.364713566068591,2.4185600682856707,1.1047678527304252,1.123038558982103,2.3647135660685965,2.418560068285666,1.104767852730428,1.1230385589821,2.3640984424867435,2.463413984227448,1.086538719718747,1.1253027685609323,2.3640984424867626,2.4634139842274294,1.0865387197187555,1.1253027685609236
757,15.120000000000001,15.14,0.02,1089510821853470415/72057594037927936,4363807894936915895/288230376151711744,True,757,0,2.3215621368702517,2.3745779182064317,1.1208248864828947,1.1393234529757246,2.321562136870257,2.3745779182064264,1.1208248864828974,1.139323452975722,2.32096564459182,2.4187411354883057,1.1024477541358895,1.1415296868672076,2.3209656445918383,2.418741135488287,1.1024477541358986,1.1415296868671985
758,15.14,15.16,0.02,4363807894936915895/288230376151711744,2184786251229975065/144115188075855872,True,758,0,2.279070398800042,2.331264331732638,1.1370849787071253,1.1558063929441023,2.279070398800047,2.331264331732632,1.1370849787071284,1.1558063929440994,2.2784920372145057,2.374745289173924,1.1185647713709175,1.1579551513927135,2.278492037214524,2.3747452891739065,1.1185647713709264,1.1579551513927047
759,15.16,15.18,0.02,2184786251229975065/144115188075855872,4375337109982984365/288230376151711744,True,759,0,2.2372296726062983,2.288611266737934,1.153543016213988,1.172482814339084,2.2372296726063046,2.2886112667379277,1.1535430162139908,1.172482814339081,2.2366688861164996,2.331418880867656,1.1348839425511397,1.1745747273058555,2.236668886116518,2.3314188808676377,1.1348839425511479,1.1745747273058473
760,15.18,15.200000000000001,0.02,4375337109982984365/288230376151711744,547637714688252325/36028797018963968,True,760,0,2.1960310893117607,2.2466102989301517,1.170194390919593,1.189348559964842,2.1960310893117665,2.246610298930146,1.1701943909195962,1.189348559964839,2.19548728482723,2.28875380967532,1.1514001018449505,1.1913843589711908,2.1954872848272475,2.288753809675303,1.1514001018449591,1.191384358971182
761,15.200000000000001,15.22,0.02,547637714688252325/36028797018963968,4386866325029052835/288230376151711744,True,761,0,2.155465690946228,2.205252743608763,1.1870350113677426,1.2063996551006388,2.1554656909462335,2.2052527436087574,1.1870350113677453,1.206399655100636,2.154938252966041,2.246741587966606,1.168108756925693,1.2083801230283753,2.15493825296606,2.2467415879665866,1.1681087569257018,1.2083801230283662
762,15.22,15.24,0.02,4386866325029052835/288230376151711744,2196315466276043535/144115188075855872,True,762,0,2.1155244867109877,2.1645297810612605,1.204061007527248,1.2236324262524314,2.1155244867109926,2.1645297810612556,1.2040610075272504,1.223632426252429,2.115012786516046,2.205373493142912,1.1850057233818627,1.2255583990626084,2.115012786516064,2.205373493142894,1.1850057233818718,1.2255583990625996
763,15.24,15.26,0.02,2196315466276043535/144115188075855872,4398395540075121305/288230376151711744,True,763,0,2.07619851740901,2.1244325407408122,1.2212686457924258,1.2410434393647123,2.076198517409015,2.1244325407408073,1.2212686457924284,1.2410434393647098,2.0757019179456146,2.164640672604451,1.2020870236468064,1.2429158090510948,2.075701917945633,2.164640672604433,1.2020870236468155,1.2429158090510857
764,15.26,15.280000000000001,0.02,4398395540075121305/288230376151711744,1101040036899538885/72057594037927936,True,764,0,2.0374789277848446,2.0849521507686384,1.238654471210572,1.258629234877444,2.037478927784849,2.084952150768634,1.2386544712105751,1.258629234877441,2.0369967958669597,2.1245341992622784,1.2193490579320967,1.2604489117334712,2.036996795866978,2.1245341992622597,1.2193490579321058,1.260448911733462
765,15.280000000000001,15.3,0.02,1101040036899538885/72057594037927936,4409924755121189775/288230376151711744,True,765,0,1.999356997085457,2.046079807651251,1.2562151394414556,1.276386392399225,1.9993569970854606,2.046079807651246,1.2562151394414578,1.2763863923992227,1.998888705947611,2.0850451617413635,1.2367883982397783,1.2781542955028022,1.9988887059476224,2.0850451617413457,1.2367883982397871,1.2781542955027936
766,15.3,15.32,0.02,4409924755121189775/288230376151711744,2207844681322112005/144115188075855872,True,766,0,1.9618241672702041,2.007806830594558,1.2739472821453561,1.294311577884804,1.9618241672702066,2.0078068305945536,1.2739472821453586,1.2943115778848018,1.9613690990430968,2.0461647276333843,1.2544016277791001,1.296028643603819,1.9613690990431059,2.0461647276333657,1.2544016277791088,1.2960286436038106
767,15.32,15.34,0.02,2207844681322112005/144115188075855872,4421453970167258245/288230376151711744,True,767,0,1.9248720743863947,1.9701246980600062,1.291847489764985,1.3124014865113551,1.9248720743863972,1.9701246980600038,1.2918474897649879,1.3124014865113522,1.9244296224204536,2.0078841874973263,1.2721853222910702,1.3140686719240675,1.924429622420463,2.007884187497311,1.272185322291079,1.3140686719240582
768,15.34,15.36,0.02,4421453970167258245/288230376151711744,17293822569102705/1125899906842624,True,768,0,1.8884925934224834,1.9330250587410425,1.3099125215953873,1.3306525691349214,1.8884925934224859,1.93302505874104,1.30991252159539,1.330652569134919,1.8880621659361168,1.970194970554865,1.2901362969271675,1.332270813214922,1.8880621659361263,1.970194970554855,1.290136296927177,1.3322708132149126
769,15.36,15.38,0.02,17293822569102705/1125899906842624,4432983185213326715/288230376151711744,True,769,0,1.8526778314600376,1.896499784179241,1.328138973292046,1.3490613103570372,1.8526778314600403,1.8964997841792384,1.3281389732920488,1.3490613103570346,1.8522588519697616,1.9330887055730857,1.3082512123996248,1.3506315519740348,1.852258851969771,1.9330887055730759,1.3082512123996335,1.350631551974026
770,15.38,15.4,0.02,4432983185213326715/288230376151711744,2219373896368180475/144115188075855872,True,770,0,1.8174201432598152,1.8605409904163632,1.3465232276698287,1.3676242310031719,1.8174201432598178,1.8605409904163606,1.3465232276698313,1.3676242310031692,1.8170120507294054,1.896557247052308,1.3265265225585305,1.3691474263045327,1.8170120507294145,1.896557247052299,1.3265265225585392,1.369147426304524
771,15.4,15.42,0.02,2219373896368180475/144115188075855872,4444512400259395185/288230376151711744,True,771,0,1.7827121756913245,1.82514102353536,1.3650618480980539,1.3863374546023954,1.7827121756913267,1.8251410235353576,1.365061848098056,1.3863374546023932,1.7823144272835725,1.8605926617863922,1.3449589264802702,1.3878145324146176,1.7823144272835816,1.860592661786383,1.3449589264802793,1.3878145324146087
772,15.42,15.44,0.02,4444512400259395185/288230376151711744,1112569251945607355/72057594037927936,True,772,0,1.7485468438906473,1.7902925072866027,1.3837511331645427,1.4051971182482346,1.7485468438906495,1.7902925072866003,1.3837511331645451,1.4051971182482321,1.7481589143330523,1.8251872829924936,1.363544852931817,1.4066290028287178,1.7481589143330614,1.825187282992485,1.3635448529318261,1.4066290028287085
773,15.44,15.46,0.02,1112569251945607355/72057594037927936,4456041615305463655/288230376151711744,True,773,0,1.7149173425499413,1.7559883501217721,1.402587120582631,1.4241993392578134,1.714917342549943,1.7559883501217701,1.4025871205826332,1.4241993392578114,1.714538723791164,1.7903337197702425,1.3822804685055794,1.4255869663125502,1.714538723791173,1.7903337197702336,1.3822804685055883,1.425586966312541
774,15.46,15.48,0.02,4456041615305463655/288230376151711744,2230903111414248945/144115188075855872,True,774,0,1.681817178321802,1.7222217263018298,1.4215659768404505,1.4433398005822802,1.6818171783218043,1.7222217263018276,1.4215659768404523,1.4433398005822786,1.681447381330019,1.756024838465138,1.401162119160378,1.4446840791533337,1.6814473813300277,1.7560248384651294,1.4011621191603876,1.4446840791533242
775,15.48,15.5,0.02,2230903111414248945/144115188075855872,4467570830351532125/288230376151711744,True,775,0,1.6492401419433786,1.6889861130371502,1.440683529856839,1.4626141972314546,1.649240141943381,1.688986113037148,1.440683529856841,1.4626141972314526,1.648878695087597,1.7222538053706966,1.4201857987811117,1.4639160336491805,1.6488786950876058,1.722253805370688,1.4201857987811202,1.463916033649172
776,15.5,15.52,0.02,4467570830351532125/288230376151711744,559166929734320795/36028797018963968,True,776,0,1.6171803203593282,1.656275283706838,1.4599354066951866,1.4820180814174186,1.6171803203593305,1.656275283706836,1.4599354066951888,1.4820180814174166,1.616826770089403,1.689014079594912,1.4393473059120412,1.4832783823600553,1.616826770089412,1.6890140795949034,1.43934730591205,1.4832783823600462
777,15.52,15.540000000000001,0.02,559166929734320795/36028797018963968,4479100045397600595/288230376151711744,True,777,0,1.5856321088557463,1.6240832974878445,1.4793172435828843,1.5015466389010095,1.5856321088557488,1.6240832974878423,1.479317243582886,1.5015466389010075,1.5852860208591717,1.656299404001817,1.4586424770187034,1.5027662894579454,1.5852860208591817,1.6562994040018075,1.4586424770187127,1.502766289457936
778,15.540000000000001,15.56,0.02,4479100045397600595/288230376151711744,2242432326460317415/144115188075855872,True,778,0,1.5545901864581817,1.592404522411441,1.4988242831241587,1.5211950814516149,1.5545901864581835,1.5924045224114391,1.4988242831241607,1.5211950814516129,1.5542511443437528,1.624103832407403,1.4780667348336105,1.5223749703883318,1.554251144343762,1.624103832407394,1.4780667348336192,1.5223749703883231
779,15.56,15.58,0.02,2242432326460317415/144115188075855872,4490629260443669065/288230376151711744,True,779,0,1.524049533183353,1.561233613396447,1.5184517280314864,1.5409582860210658,1.524049533183355,1.561233613396445,1.5184517280314884,1.5409582860210638,1.5237171388646944,1.5924217074828302,1.4976154825575927,1.542099288972835,1.523717138864704,1.5924217074828206,1.4976154825576018,1.542099288972826
780,15.58,15.6,0.02,4490629260443669065/288230376151711744,1124098466991675825/72057594037927936,True,780,0,1.4940054154217153,1.5305655191851057,1.5381945719987369,1.5608309598663033,1.4940054154217175,1.5305655191851035,1.5381945719987389,1.5608309598663013,1.4936792889119628,1.5612476697728996,1.5172839132709877,1.5619339424380174,1.4936792889119719,1.5612476697728905,1.5172839132709977,1.5619339424380074
781,15.6,15.620000000000001,0.02,1124098466991675825/72057594037927936,4502158475489737535/288230376151711744,True,781,0,1.4644533752192566,1.5003954825099064,1.5580474931577943,1.5808077461410595,1.4644533752192588,1.5003954825099044,1.5580474931577966,1.5808077461410572,1.4641331540862275,1.5305766596352741,1.5370668922599557,1.5818735766131593,1.464133154086237,1.530576659635265,1.5370668922599646,1.58187357661315
782,15.620000000000001,15.64,0.02,4502158475489737535/288230376151711744,2253961541506385885/144115188075855872,True,782,0,1.4353892397667123,1.4707190172732607,1.5780052086463243,1.6008828713951337,1.4353892397667145,1.4707190172732585,1.5780052086463263,1.6008828713951317,1.435074579878053,1.500403894513077,1.556959345129182,1.601912398382246,1.435074579878062,1.5004038945130684,1.5569593451291917,1.6019123983822365
783,15.64,15.66,0.02,2253961541506385885/144115188075855872,4513687690535806005/288230376151711744,True,783,0,1.4068090896016963,1.44153192435995,1.5980619812081385,1.6210506439885741,1.4068090896016985,1.4415319243599476,1.5980619812081407,1.621050643988572,1.4064996641193226,1.4707248878380834,1.5769557148472424,1.6220447221664267,1.4064996641193321,1.4707248878380736,1.5769557148472517,1.6220447221664174
784,15.66,15.68,0.02,4513687690535806005/288230376151711744,282465768628677515/18014398509481984,True,784,0,1.3787092723373109,1.4128302592908075,1.6182121401118212,1.6413049411662632,1.378709272337313,1.4128302592908053,1.6182121401118232,1.6413049411662612,1.3784047724785395,1.4415354162187974,1.5970505299426205,1.642264408247032,1.378404772478548,1.4415354162187888,1.597050529942629,1.6422644082470235
785,15.68,15.700000000000001,0.02,282465768628677515/18014398509481984,4525216905581874475/288230376151711744,True,785,0,1.3510863710795291,1.384610342689461,1.638449637858336,1.6616396632389652,1.3510863710795313,1.3846103426894587,1.638449637858338,1.6616396632389632,1.3507865054208656,1.4128315326277765,1.6172379189474468,1.6625653577485235,1.350786505420874,1.4128315326277676,1.6172379189474553,1.6625653577485149
786,15.700000000000001,15.72,0.02,4525216905581874475/288230376151711744,2265490756552454355/144115188075855872,True,786,0,1.3239372062352093,1.3568687348881165,1.6587683829781228,1.6820484145925712,1.3239372062352113,1.3568687348881145,1.658768382978125,1.682048414592569,1.323641701038258,1.384609541209355,1.6375119705832377,1.6829411648114248,1.3236417010382666,1.384609541209346,1.6375119705832473,1.6829411648114152
787,15.72,15.74,0.02,2265490756552454355/144115188075855872,4536746120627942945/288230376151711744,True,787,0,1.2972588131330363,1.3296022323718935,1.679162036073355,1.7025247242959645,1.2972588131330383,1.3296022323718915,1.6791620360733568,1.7025247242959625,1.296967412041681,1.356865995534192,1.6578665104768344,1.7033853550973468,1.2969674120416899,1.3568659955341829,1.6578665104768435,1.703385355097338
788,15.74,15.76,0.02,4536746120627942945/288230376151711744,1135627682037744295/72057594037927936,True,788,0,1.2710484323336955,1.3028078492579784,1.6996241487089645,1.7230619266777798,1.2710484323336977,1.302807849257976,1.6996241487089665,1.7230619266777776,1.2707608964328068,1.329597680850605,1.678295249279794,1.7238912557328445,1.2707608964328163,1.3295976808505956,1.6782952492798031,1.7238912557328352
789,15.76,15.780000000000001,0.02,1135627682037744295/72057594037927936,4548275335674011415/288230376151711744,True,789,0,1.2453034912440943,1.2764828053165589,1.7201480926727535,1.7436532542741778,1.2453034912440963,1.276482805316557,1.7201480926727548,1.743653254274176,1.2450195988839474,1.3028016034190155,1.6987917042915859,1.7444520945219073,1.2450195988839567,1.3028016034190066,1.698791704291595,1.7444520945218982
790,15.780000000000001,15.8,0.02,4548275335674011415/288230376151711744,2277019971598522825/144115188075855872,True,790,0,1.2200215885875347,1.2506245091004042,1.7407271357825456,1.764291786892891,1.220021588587537,1.2506245091004018,1.7407271357825478,1.7642917868928887,1.2197411353956846,1.2764749744708985,1.7193492787203657,1.7650609442256064,1.2197411353956933,1.2764749744708899,1.7193492787203744,1.7650609442255976
791,15.8,15.82,0.02,2277019971598522825/144115188075855872,4559804550720079885/288230376151711744,True,791,0,1.1952004761115123,1.2252305419459362,1.7613543762186439,1.784970544710024,1.1952004761115143,1.225230541945934,1.7613543762186459,1.784970544710022,1.194923274735808,1.2506151954242826,1.7399611892802063,1.7857108211149648,1.1949232747358178,1.2506151954242726,1.7399611892802154,1.785710821114956
792,15.82,15.84,0.02,4559804550720079885/288230376151711744,570696144780389265/36028797018963968,True,792,0,1.1708380423673974,1.2002986381715715,1.7820228809007295,1.805682379756685,1.1708380423673994,1.2002986381715697,1.7820228809007317,1.805682379756683,1.170563922513399,1.2252198386524518,1.7606206116175978,1.806394568191517,1.1705639225134081,1.2252198386524424,1.7606206116176073,1.8063945681915075
793,15.84,15.860000000000001,0.02,570696144780389265/36028797018963968,4571333765766148355/288230376151711744,True,793,0,1.14693228815947,1.1758266720625423,1.8027255019339994,1.826420191616749,1.146932288159472,1.1758266720625403,1.8027255019340014,1.826420191616747,1.1466610961754022,1.2002866356952728,1.781320483138479,1.82710508336202,1.1466610961754111,1.200286635695264,1.781320483138488,1.827105083362011
794,15.860000000000001,15.88,0.02,4571333765766148355/288230376151711744,2288549186644591295/144115188075855872,True,794,0,1.123481314947925,1.1518126305479766,1.823455187768561,1.847176650530389,1.123481314947927,1.1518126305479746,1.8234551877685632,1.8471766505303868,1.1232129139560343,1.175813450063129,1.8020538309901424,1.847835024663614,1.123212913956043,1.1758134500631205,1.8020538309901506,1.8478350246636057
795,15.88,15.9,0.02,2288549186644591295/144115188075855872,4582862980812216825/288230376151711744,True,795,0,1.1004832936392994,1.1282546043751138,1.8442046039768514,1.8679446127850112,1.1004832936393012,1.128254604375112,1.8442046039768538,1.867944612785009,1.1002175628778688,1.1517982697630693,1.8228133687954697,1.868577248740376,1.100217562877878,1.1517982697630598,1.8228133687954793,1.8685772487403665
796,15.9,15.92,0.02,4582862980812216825/288230376151711744,1147156897083812765/72057594037927936,True,796,0,1.0779364564691678,1.105150755293533,1.864966608468864,1.888716683376545,1.0779364564691698,1.1051507552935307,1.8649666084688659,1.888716683376543,1.077673291425482,1.1282391741345574,1.8435919968756247,1.889324347649621,1.077673291425491,1.128239174134548,1.843591996875634,1.8893243476496118
797,15.92,15.94,0.02,1147156897083812765/72057594037927936,4594392195858285295/288230376151711744,True,797,0,1.0558390654789132,1.0824993060309143,1.8857338783598592,1.9094856284550026,1.0558390654789154,1.0824993060309123,1.8857338783598612,1.9094856284550006,1.0555783772740213,1.1051343248870318,1.8643824061652303,1.910069083533792,1.0555783772740313,1.105134324887022,1.8643824061652399,1.9100690835337826
798,15.94,15.96,0.02,4594392195858285295/288230376151711744,2300078401690659765/144115188075855872,True,798,0,1.0341893968549352,1.0602985140445043,1.906499128332813,1.9302441974788538,1.0341893968549374,1.060298514044502,1.9064991283328154,1.9302441974788516,1.0339311119318588,1.0824819397248497,1.8851742078730747,1.9308072988821026,1.0339311119318673,1.082481939724841,1.885174207873083,1.9308072988820943
799,15.96,15.98,0.02,2300078401690659765/144115188075855872,4605921410904353765/288230376151711744,True,799,0,1.0129857201329575,1.0385466503400216,1.9272551587358007,1.9509851165335774,1.0129857201329597,1.0385466503400194,1.9272551587358027,1.9509851165335752,1.012729779188448,1.0602802719563373,1.9059627637764833,1.9515291271987683,1.012729779188457,1.0602802719563287,1.9059627637764915,1.9515291271987598
800,15.98,16.0,0.02,4605921410904353765/288230376151711744,144115188075855875/9007199254740992,True,800,0,0.9922262736322806,1.0172419822940495,1.94799467875418,1.9717013071852814,0.9922262736322819,1.0172419822940477,1.947994678754182,1.9717013071852796,0.9919619144043513,1.0385383093456857,1.9267412809781277,1.97222693996787,0.9919619144043568,1.038538309345677,1.9267412809781361,1.9722269399678611
801,16.0,16.02,0.02,144115188075855875/9007199254740992,4617450625950422235/288230376151711744,True,801,0,0.9719092492280217,0.9963827476674629,1.968710578269666,1.992385656946705,0.9719092492280227,0.9963827476674618,1.9687105782696679,1.9923856569467029,0.9716281903405002,1.0172518468026996,1.9475025976863853,1.992893603049681,0.9716281903405048,1.017251846802691,1.9475025976863938,1.9928936030496727
802,16.02,16.04,0.02,4617450625950422235/288230376151711744,2311607616736728235/144115188075855872,True,802,0,0.9520327688183051,0.9759671377656393,1.9893958056866314,2.013031183746895,0.9520327688183062,0.9759671377656381,1.9893958056866334,2.013031183746891,0.9517357745079404,0.9964100882401309,1.9682395887191022,2.013522113485046,0.951735774507945,0.9964100882401264,1.968239588719112,2.013522113485028
803,16.04,16.06,0.02,2311607616736728235/144115188075855872,4628979840996490705/288230376151711744,True,803,0,0.9325948650165177,0.9559932775238725,2.0100433333089134,2.033631112503211,0.9325948650165187,0.9559932775238714,2.010043333308918,2.033631112503206,0.9322827265332277,0.9760112094121437,1.9889451291025781,2.0341056780207833,0.9322827265332323,0.9760112094121393,1.9889451291025888,2.0341056780207665
804,16.06,16.080000000000002,0.02,4628979840996490705/288230376151711744,1158686112129881235/72057594037927936,True,804,0,0.9135934647965714,0.9364592040862558,2.0306463436679096,2.054178730061828,0.9135934647965726,0.9364592040862548,2.030646343667913,2.054178730061824,0.9132669981689471,0.9560533194027763,2.009612287302294,2.0546375614874774,0.9132669981689514,0.9560533194027718,2.009612287302313,2.054637561487459
805,16.080000000000002,16.1,0.02,1158686112129881235/72057594037927936,4640509056042559175/288230376151711744,True,805,0,0.8950263622926931,0.9173628579834413,2.0511981500320786,2.0746675049427763,0.8950263622926943,0.9173628579834401,2.0511981500320826,2.074667504942772,0.8946864056677621,0.9365344513572463,2.03023424198911,2.0751112107907987,0.8946864056677668,0.9365344513572417,2.030234241989127,2.075111210790782
806,16.1,16.12,0.02,4640509056042559175/288230376151711744,2323136831782796705/144115188075855872,True,806,0,0.876891217593202,0.8987020503207094,2.0716922036664993,2.095091119031649,0.876891217593203,0.8987020503207083,2.0716922036665033,2.095091119031645,0.8765386285115131,0.9174525287217029,2.0508042895810705,2.095520286983537,0.8765386285115176,0.9174525287216981,2.050804289581089,2.0955202869835188
807,16.12,16.14,0.02,2323136831782796705/144115188075855872,4652038271088627645/288230376151711744,True,807,0,0.8591855368289398,0.8804744509805623,2.092122101536925,2.1154434971750256,0.8591855368289408,0.8804744509805613,2.0921221015369293,2.115443497175021,0.8588211893154605,0.8988053524845155,2.071315852501411,2.1158586951237943,0.858821189315465,0.898805352484511,2.07131585250143,2.1158586951237757
808,16.14,16.16,0.02,4652038271088627645/288230376151711744,582225359826457735/36028797018963968,True,808,0,0.8419066583344237,0.8626775732848662,2.1124817499656166,2.1357186789011293,0.8419066583344247,0.8626775732848653,2.1124817499656205,2.1357186789011253,0.8415314399727809,0.8805905845873022,2.091762648408667,2.1361204513845062,0.8415314399727852,0.8805905845872978,2.0917626484086855,2.1361204513844885
809,16.16,16.18,0.02,582225359826457735/36028797018963968,4663567486134696115/288230376151711744,True,809,0,0.8250517373511668,0.8453087628710133,2.132765215053748,2.15591100117405,0.825051737351168,0.8453087628710121,2.132765215053753,2.155911001174045,0.8246665460565408,0.8628057357243596,2.112138535973708,2.1562998715529584,0.8246665460565451,0.8628057357243549,2.112138535973728,2.156299871552939
810,16.18,16.2,0.02,4663567486134696115/288230376151711744,2334666046828865175/144115188075855872,True,810,0,0.8086177360717759,0.8283651841753387,2.1529667982889595,2.176015053514,0.8086177360717771,0.8283651841753374,2.1529667982889635,2.176015053513996,0.8082234768333,0.8454481503817591,2.1324375938372473,2.1763915240262945,0.8082234768333044,0.8454481503817546,2.132437593837265,2.176391524026277
811,16.2,16.22,0.02,2334666046828865175/144115188075855872,4675096701180764585/288230376151711744,True,811,0,0.7926014139490558,0.8118438097652503,2.1730810228696598,2.196025719725624,0.7926014139490568,0.8118438097652493,2.173081022869664,2.1960257197256197,0.792198995476564,0.8285149947085283,2.152654107264355,2.1963902725469584,0.7921989954765682,0.8285149947085241,2.152654107264372,2.196390272546941
812,16.22,16.240000000000002,0.02,4675096701180764585/288230376151711744,1170215327175949705/72057594037927936,True,812,0,0.7769993210199932,0.7957414099006451,2.193102719617859,2.2159381171684998,0.7769993210199944,0.795741409900644,2.1931027196178636,2.2159381171684953,0.776589652419316,0.812003244427211,2.172782657493056,2.2162912134722923,0.7765896524193207,0.8120032444272063,2.172782657493074,2.2162912134722736
813,16.240000000000002,16.26,0.02,1170215327175949705/72057594037927936,4686625916226833055/288230376151711744,True,813,0,0.7618077912993262,0.780054545368577,2.2130269963359313,2.235747649549838,0.7618077912993272,0.7800545453685761,2.213026996335935,2.2357476495498343,0.7613917786998458,0.7959096760451873,2.1928180912285415,2.23608972994639,0.7613917786998503,0.7959096760451828,2.1928180912285598,2.236089729946372
814,16.26,16.28,0.02,4686625916226833055/288230376151711744,2346195261874933645/144115188075855872,True,814,0,0.7470229383011385,0.7647795615945535,2.2328492297922913,2.255450033925053,0.7470229383011396,0.7647795615945524,2.2328492297922957,2.255450033925049,0.7466014814917079,0.7802308592552384,2.212755513703018,2.2557815194081487,0.7466014814917123,0.7802308592552338,2.2127555137030366,2.25578151940813
815,16.28,16.3,0.02,2346195261874933645/144115188075855872,4698155131272901525/288230376151711744,True,815,0,0.732640652738444,0.7499125840076203,2.252565091553425,2.2750412905932036,0.732640652738445,0.7499125840076193,2.2525650915534294,2.2750412905931996,0.7322146418801467,0.7649631505078981,2.232590316545952,2.275362583077883,0.7322146418801514,0.7649631505078933,2.23259031654597,2.2753625830778645
816,16.3,16.32,0.02,4698155131272901525/288230376151711744,293994983674745985/18014398509481984,True,816,0,0.7186566016919561,0.7354495153596777,2.2721705551422446,2.294517748347104,0.7186566016919571,0.7354495153596768,2.2721705551422495,2.2945177483470998,0.7182269141025945,0.7501026885473362,2.252318186530459,2.2948292312789005,0.7182269141025986,0.750102688547332,2.252318186530476,2.2948292312788827
817,16.32,16.34,0.02,293994983674745985/18014398509481984,4709684346318969995/288230376151711744,True,817,0,0.7050662294562745,0.721386034747983,2.2916619015304422,2.3138760480450875,0.7050662294562756,0.721386034747982,2.291661901530446,2.3138760480450835,0.704633726522423,0.7356453916161593,2.271935112706111,2.314178087040797,0.7046337265224274,0.7356453916161548,2.2719351127061285,2.3141780870407804
818,16.34,16.36,0.02,4709684346318969995/288230376151711744,2357724476921002115/144115188075855872,True,818,0,0.6918647598399662,0.7077175984875635,2.3110357057879187,2.3331131616913394,0.6918647598399672,0.7077175984875625,2.311035705787923,2.333113161691335,0.6914302840601056,0.7215869565449184,2.2914373743558554,2.33340610553942,0.69143028406011,0.721586956544914,2.2914373743558722,2.333406105539402
819,16.36,16.38,0.02,2357724476921002115/144115188075855872,4721213561365038465/288230376151711744,True,819,0,0.679047200725292,0.69443944191949,2.3302888891849927,2.3522263427727865,0.6790472007252931,0.6944394419194889,2.3302888891849967,2.3522263427727825,0.6786115729345406,0.7079228587811334,2.310821595692459,2.3525105234849804,0.6786115729345449,0.7079228587811288,2.3108215956924774,2.352510523484962
820,16.38,16.4,0.02,4721213561365038465/288230376151711744,1181744542222018175/72057594037927936,True,820,0,0.666608349036792,0.681546583867635,2.349418675668987,2.371213169004802,0.6666083490367929,0.6815465838676341,2.349418675668991,2.371213169004798,0.6661723657682955,0.6946483551806344,2.3300847030014458,2.3714889028092787,0.6661723657683001,0.6946483551806298,2.330084703001463,2.3714889028092605
821,16.4,16.42,0.02,1181744542222018175/72057594037927936,4732742776411106935/288230376151711744,True,821,0,0.6545427980457006,0.6690338316533417,2.368422597731115,2.3900715325766098,0.6545427980457018,0.6690338316533405,2.3684225977311195,2.3900715325766053,0.6541072291619011,0.6817584873058824,2.3492239321978543,2.3903391207765594,0.6541072291619057,0.681758487305878,2.3492239321978716,2.390339120776542
822,16.42,16.44,0.02,4732742776411106935/288230376151711744,2369253691967070585/144115188075855872,True,822,0,0.6428449453297044,0.6568957881583819,2.3872984980583603,2.408799631632922,0.6428449453297053,0.6568957881583809,2.3872984980583634,2.4087996316329185,0.6424105318566787,0.6692480869335397,2.368236832048668,2.4090593613838247,0.6424105318566831,0.6692480869335354,2.368236832048686,2.4090593613838065
823,16.44,16.46,0.02,2369253691967070585/144115188075855872,4744271991457175405/288230376151711744,True,823,0,0.6315090023060635,0.6451268598118964,2.4060445255999303,2.427395964519052,0.6315090023060645,0.6451268598118953,2.4060445255999348,2.4273959645190475,0.6310764544683957,0.6571117825929395,2.3871212616535633,2.42764810960247,0.6310764544684001,0.6571117825929349,2.3871212616535806,2.4276481096024525
824,16.46,16.48,0.02,4744271991457175405/288230376151711744,593754574872526205/36028797018963968,True,824,0,0.6205290045396834,0.6337212660721999,2.424659129960096,2.4458593230556094,0.6205290045396844,0.6337212660721989,2.4246591299601,2.445859323055605,0.6200990000512944,0.6453440076568565,2.405875386161096,2.446104144651445,0.6200990000512987,0.645344007656852,2.405875386161113,2.446104144651428
825,16.48,16.5,0.02,593754574872526205/36028797018963968,4755801206503243875/288230376151711744,True,825,0,0.6098988235579549,0.6226730494327705,2.4431410550743817,2.4641887840830523,0.609898823557956,0.6226730494327694,2.4431410550743857,2.4641887840830483,0.6094720061757152,0.63393900906917,2.424497671686303,2.46442653152422,0.6094720061757198,0.6339390090691654,2.4244976716863214,2.464426531524202
826,16.5,16.52,0.02,4755801206503243875/288230376151711744,2380782907013139055/144115188075855872,True,826,0,0.599612179116919,0.6119760867595736,2.4614893313305917,2.4823837003231803,0.59961217911692,0.6119760867595726,2.4614893313305957,2.4823837003231763,0.599189157447974,0.6228908575373177,2.4429868785677167,2.482614611832754,0.5991891574479783,0.6228908575373133,2.442986878567736,2.4826146118327364
827,16.52,16.54,0.02,2380782907013139055/144115188075855872,4767330421549312345/288230376151711744,True,827,0,0.589662651709347,0.6016241019145518,2.4796986643923886,2.5004482925229,0.5896626517093481,0.6016241019145506,2.4796986643923935,2.5004482925228952,0.5892439982534111,0.6121934591571045,2.4613408396204717,2.500669207529341,0.5892439982534156,0.6121934591571001,2.461340839620489,2.5006692075293233
828,16.54,16.56,0.02,4767330421549312345/288230376151711744,1193273757268086645/72057594037927936,True,828,0,0.5800436964520461,0.5916106782689462,2.497771498635614,2.5183795652000014,0.580043696452047,0.5916106782689452,2.4977714986356174,2.518379565199998,0.57962994690719,0.6018405670275566,2.479554678472424,2.5185943826454262,0.5796299469071945,0.6018405670275522,2.479554678472441,2.5185943826454094
829,16.56,16.580000000000002,0.02,1193273757268086645/72057594037927936,4778859636595380815/288230376151711744,True,829,0,0.5707486567778882,0.5819292724259725,2.5157099953242166,2.5361753060970673,0.5707486567778893,0.5819292724259715,2.5157099953242215,2.5361753060970624,0.570340309579123,0.5918257942342112,2.4976339933493166,2.5363842379121615,0.5703403095791276,0.5918257942342066,2.497633993349335,2.536384237912143
830,16.580000000000002,16.6,0.02,4778859636595380815/288230376151711744,2392312122059207525/144115188075855872,True,830,0,0.5617707789370446,0.5725732278942469,2.5335142012180953,2.5538358938869674,0.5617707789370456,0.5725732278942458,2.5335142012181,2.5538358938869634,0.5613682950412,0.5821426268961108,2.5155785947875637,2.554039150019228,0.5613682950412046,0.5821426268961064,2.5155785947875806,2.5540391500192112
831,16.6,16.62,0.02,2392312122059207525/144115188075855872,4790388851641449285/288230376151711744,True,831,0,0.5531032264474545,0.5635357893262396,2.5511843962758043,2.5713619257002547,0.5531032264474556,0.5635357893262387,2.5511843962758087,2.5713619257002502,0.5527070293429138,0.5727844379223811,2.533388569483056,2.5715596835376813,0.5527070293429184,0.5727844379223764,2.533388569483073,2.5715596835376626
832,16.62,16.64,0.02,4790388851641449285/288230376151711744,74939897799445055/4503599627370496,True,832,0,0.5447390943430622,0.5548101172362367,2.5687210806780714,2.5887542044777225,0.5447390943430632,0.5548101172362357,2.5687210806780763,2.588754204477718,0.5443493782516668,0.5637446933994826,2.551064211892154,2.588946634122016,0.5443493782516711,0.5637446933994787,2.551064211892173,2.588946634121998
833,16.64,16.66,0.02,74939897799445055/4503599627370496,4801918066687517755/288230376151711744,True,833,0,0.536671424281287,0.5463893019102263,2.586124962872855,2.606013724669888,0.536671424281288,0.5463893019102253,2.5861249628728595,2.6060137246698836,0.5362885335396083,0.5550163952959393,2.56860603727517,2.6062009895271228,0.5362885335396126,0.5550163952959349,2.568606037275188,2.6062009895271046
834,16.66,16.68,0.02,4801918066687517755/288230376151711744,2403841337105275995/144115188075855872,True,834,0,0.5288932183145302,0.5382663784918832,2.603396946195958,2.623141658941758,0.5288932183145311,0.5382663784918823,2.603396946195963,2.6231416589417536,0.5285174824949485,0.5465926408887772,2.5860147685676695,2.6233239162716253,0.5285174824949532,0.5465926408887728,2.5860147685676873,2.623323916271607
835,16.68,16.7,0.02,2403841337105275995/144115188075855872,4813447281733586225/288230376151711744,True,835,0,0.5213974531167529,0.5304343412554218,2.620538115192196,2.6401393449612556,0.5213974531167539,0.5304343412554208,2.6205381151922,2.640139344961251,0.521029165871701,0.5384664934920673,2.603291322847343,2.6403167463886907,0.5210291658717053,0.5384664934920629,2.603291322847361,2.640316746388673
836,16.7,16.72,0.02,4813447281733586225/288230376151711744,1204802972314155115/72057594037927936,True,836,0,0.5141770941786097,0.5228861573710367,2.6375497228135467,2.657008271284642,0.5141770941786107,0.5228861573710357,2.637549722813551,2.6570082712846372,0.5138165141371045,0.5306309744394431,2.6204367985946986,2.65718096326198,0.5138165141371088,0.5306309744394386,2.6204367985947146,2.657180963261963
837,16.72,16.740000000000002,0.02,1204802972314155115/72057594037927936,4824976496779654695/288230376151711744,True,837,0,0.507225108485392,0.515614781485303,2.6544331749727585,2.673750066036288,0.5072251084853929,0.515614781485302,2.6544331749727634,2.6737500660362836,0.5068724599290766,0.5230790782363676,2.6374524601899467,2.673918190286966,0.5068724599290813,0.5230790782363629,2.637452460189964,2.6739181902869484
838,16.740000000000002,16.76,0.02,4824976496779654695/288230376151711744,2415370552151344465/144115188075855872,True,838,0,0.5005344785926527,0.5086131680538395,2.67119002128906,2.6903664797095264,0.5005344785926535,0.5086131680538386,2.6711900212890645,2.690366479709522,0.5001899530773497,0.5158037843718748,2.6543397285876638,2.690530173586697,0.500189953077354,0.5158037843718705,2.654339728587681,2.6905301735866796
839,16.76,16.78,0.02,2415370552151344465/144115188075855872,4836505711825723165/288230376151711744,True,839,0,0.4940982138982667,0.5018742855007645,2.6878219317948897,2.706859382464664,0.4940982138982672,0.5018742855007636,2.6878219317948933,2.7068593824646605,0.4937619715920446,0.5087980722504002,2.6711001577274085,2.707018779376316,0.4937619715920468,0.5087980722503956,2.6711001577274267,2.7070187793762974
840,16.78,16.8,0.02,4836505711825723165/288230376151711744,605283789918594675/36028797018963968,True,840,0,0.48790936310214056,0.4953911281011644,2.7043306999737875,2.723230735687295,0.487909363102141,0.495391128101164,2.7043306999737915,2.723230735687291,0.48758153390511105,0.502054933836771,2.6877354374809252,2.723385965316748,0.4875815339051133,0.5020549338367675,2.6877354374809443,2.7233859653167283
841,16.8,16.82,0.02,605283789918594675/36028797018963968,4848034926871791635/288230376151711744,True,841,0,0.48196102535340873,0.48915672799462134,2.7207182264933834,2.7394825835578205,0.48196102535340923,0.48915672799462084,2.720718226493387,2.7394825835578165,0.4816417103117285,0.4955673859663998,2.704247377020839,2.739633772095229,0.4816417103117308,0.49556738596639754,2.7042473770208586,2.7396337720952095
842,16.82,16.84,0.02,4848034926871791635/288230376151711744,2426899767197412935/144115188075855872,True,842,0,0.476246360810545,0.48316416652794275,2.736986500118269,2.7556170482482227,0.4762463608105455,0.4831641665279423,2.7369865001182734,2.7556170482482187,0.4759356335851711,0.48932848226215125,2.7206378852928723,2.7557643186592125,0.4759356335851733,0.48932848226214887,2.72063788529289,2.7557643186591942
843,16.84,16.86,0.02,2426899767197412935/144115188075855872,4859564141917860105/288230376151711744,True,843,0,0.4707586001055252,0.4774065853765112,2.7531375838044934,2.7716363208296078,0.4707586001055256,0.4774065853765109,2.7531375838044974,2.771636320829604,0.4704565084569099,0.4833313248984678,2.736908956678936,2.771779793109059,0.470456508456912,0.48333132489846575,2.7369089566789544,2.771779793109041
844,16.86,16.88,0.02,4859564141917860105/288230376151711744,1216332187360223585/72057594037927936,True,844,0,0.46549105466954355,0.4718771954419821,2.769173612963502,2.7875426409742565,0.465491054669544,0.47187719544198165,2.769173612963505,2.7875426409742534,0.46519762203112075,0.4775690740910161,2.7530626688998208,2.787682432279685,0.4651976220311231,0.47756907409101396,2.753062668899839,2.7876824322796674
845,16.88,16.9,0.02,1216332187360223585/72057594037927936,4871093356963928575/288230376151711744,True,845,0,0.46043712305579887,0.46656928836323497,2.785096776474829,2.8033382949280017,0.4604371230557992,0.46656928836323464,2.7850967764748327,2.803338294927998,0.46015234999721105,0.4720349604133014,2.7691011634665905,2.8034745197641233,0.46015234999721316,0.47203496041329923,2.769101163466609,2.8034745197641047
846,16.9,16.92,0.02,4871093356963928575/288230376151711744,2438428982243481405/144115188075855872,True,846,0,0.45559030143917156,0.46147624244210045,2.800909309525518,2.8190256027216374,0.45559030143917195,0.4614762424421,2.800909309525522,2.8190256027216334,0.4553141672819984,0.46672229127315024,2.785026638042106,2.819158373070861,0.45531416728200064,0.46672229127314796,2.7850266380421247,2.8191583730708425
847,16.92,16.94,0.02,2438428982243481405/144115188075855872,4882622572009997045/288230376151711744,True,847,0,0.4509441904288809,0.45659153084754395,2.816613490200851,2.8346069027251457,0.4509441904288813,0.4565915308475435,2.8166134902008544,2.834606902725142,0.4506766548393118,0.4616244598447933,2.8008412929817434,2.8347363776804566,0.45067665483931385,0.46162445984479106,2.8008412929817608,2.8347363776804393
848,16.94,16.96,0.02,4882622572009997045/288230376151711744,305524198720814455/18014398509481984,True,848,0,0.44649250014737524,0.4519087301521775,2.832211616304595,2.8500845570875684,0.4464925001473757,0.45190873015217703,2.832211616304599,2.8500845570875644,0.4462335046330791,0.4567349544019148,2.8165474405963913,2.850210859485061,0.4462335046330812,0.4567349544019126,2.8165474405964086,2.8502108594850433
849,16.96,16.98,0.02,305524198720814455/18014398509481984,4894151787056065515/288230376151711744,True,849,0,0.4422290566922415,0.44742152610235386,2.8477060142329003,2.8654609262482045,0.44222905669224183,0.4474215261023535,2.847706014232903,2.8654609262482014,0.4419785261131141,0.4520473647653911,2.8321474192062,2.8655841535574487,0.44197852611311644,0.4520473647653887,2.832147419206218,2.8655841535574305
850,16.98,17.0,0.02,4894151787056065515/288230376151711744,2449958197289549875/144115188075855872,True,850,0,0.4381478069443154,0.4431237196863454,2.8630990114921864,2.8807383809285048,0.4381478069443158,0.44312371968634495,2.86309901149219,2.8807383809285017,0.4379056509730248,0.4475553890994639,2.8476435522648513,2.8808586289742606,0.43790565097302697,0.4475553890994617,2.847643552264868,2.880858628974244
851,17.0,17.02,0.02,2449958197289549875/144115188075855872,4905681002102133985/288230376151711744,True,851,0,0.4342428230298839,0.4390092322282073,2.878392941744951,2.895919282712026,0.43424282302988426,0.43900923222820687,2.8783929417449547,2.8959192827120224,0.4340089375726227,0.44325283970551405,2.8630381764770134,2.8960366457663107,0.43400893757262504,0.44325283970551177,2.8630381764770316,2.896036645766292
852,17.02,17.04,0.02,4905681002102133985/288230376151711744,1227861402406292055/72057594037927936,True,852,0,0.43050830599133444,0.43507210999521406,2.8935901322156408,2.911005983364025,0.4305083059913349,0.4350721099952137,2.8935901322156443,2.911005983364022,0.43028257455350183,0.439133648323633,2.878333629077797,2.911120553814665,0.43028257455350394,0.43913364832363083,2.878333629077815,2.9111205538146465
853,17.04,17.06,0.02,1227861402406292055/72057594037927936,4917210217148202455/288230376151711744,True,853,0,0.42693858938992135,0.43130652764227634,2.908692916780729,2.9260007995446315,0.4269385893899218,0.43130652764227595,2.9086929167807325,2.9260007995446284,0.4267208841539017,0.4351918704801161,2.8935322599309505,2.9261126680171037,0.42672088415390386,0.4351918704801138,2.8935322599309687,2.926112668017085
854,17.06,17.080000000000002,0.02,4917210217148202455/288230376151711744,2461487412335618345/144115188075855872,True,854,0,0.423528141253006,0.427706792134533,2.9237036028977887,2.9409060347311677,0.42352814125300636,0.42770679213453255,2.9237036028977923,2.9409060347311646,0.4233183238046238,0.4314216903503274,2.908636397964116,2.9410152901798488,0.423318323804626,0.43142169035032524,2.9086363979641345,2.9410152901798305
855,17.080000000000002,17.1,0.02,2461487412335618345/144115188075855872,4928739432194270925/288230376151711744,True,855,0,0.4202715667139228,0.42426734485513035,2.938624472771422,2.9557239679199565,0.4202715667139232,0.4242673448551299,2.9386244727714255,2.955723967919954,0.4200694912103825,0.42781742098587583,2.923648351891432,2.9558306976548554,0.4200694912103846,0.42781742098587366,2.92364835189145,2.9558306976548367
856,17.1,17.12,0.02,4928739432194270925/288230376151711744,616813004964663145/36028797018963968,True,856,0,0.4171636091929522,0.42098276410923713,2.9534577915665814,2.970456836258947,0.41716360919295264,0.4209827641092368,2.9534577915665845,2.970456836258944,0.4169691223108605,0.42437351056995476,2.9385704180333923,2.9705611258766,0.41696912231086264,0.42437351056995265,2.93857041803341,2.970561125876582
857,17.12,17.14,0.02,616813004964663145/36028797018963968,4940268647240339395/288230376151711744,True,857,0,0.41419915161007054,0.41784776659423944,2.9682057829827686,2.9851068512580374,0.41419915161007104,0.41784776659423906,2.9682057829827717,2.9851068512580343,0.4140120936239642,0.42108454325797623,2.95340485528139,2.98520878471291,0.41401209362396635,0.42108454325797406,2.9534048552814083,2.985208784712892
858,17.14,17.16,0.02,4940268647240339395/288230376151711744,2473016627381686815/144115188075855872,True,858,0,0.41137321703549856,0.4148572084924208,2.9828706445950934,2.999676176128089,0.411373217035499,0.41485720849242036,2.9828706445950974,2.9996761761280855,0.4111934228342155,0.41794524080227374,2.9681539001333075,2.999775835661648,0.41119342283421767,0.41794524080227147,2.968153900133325,2.9997758356616315
859,17.16,17.18,0.02,2473016627381686815/144115188075855872,4951797862286407865/288230376151711744,True,859,0,0.408680968929785,0.41200608609707307,2.997454535447383,3.0141669317189175,0.4086809689297854,0.4120060860970726,2.9974545354473863,3.014166931718914,0.4085082689708793,0.41495046367866834,2.9828197537970795,3.014264397852753,0.40850826897088155,0.41495046367866606,2.982819753797097,3.0142643978527364
860,17.18,17.2,0.02,4951797862286407865/288230376151711744,1239390617452360525/72057594037927936,True,860,0,0.4061177103596991,0.4092895366485884,3.0119595644539046,3.02858120245381,0.40611771035969957,0.40928953664858797,3.011959564453908,3.028581202453807,0.40595193152660336,0.4120952124269693,2.997404570132967,3.0286765540395875,0.4059519315266057,0.41209521242696706,2.9974045701329852,3.02867655403957
861,17.2,17.22,0.02,1239390617452360525/72057594037927936,4963327077332476335/288230376151711744,True,861,0,0.40367888452717576,0.40670283710497124,3.0263878086775935,3.0429210131466644,0.40367888452717615,0.40670283710497085,3.026387808677596,3.0429210131466617,0.40351985099164267,0.40937462679229586,3.0119104736962057,3.0430143272722674,0.40351985099164484,0.4093746267922938,3.011910473696223,3.043014327272249
862,17.22,17.240000000000002,0.02,4963327077332476335/288230376151711744,2484545842427755285/144115188075855872,True,862,0,0.40136007321773104,0.4042414043021432,3.0407412950357093,3.057188343103427,0.4013600732177315,0.4042414043021428,3.0407412950357124,3.057188343103424,0.40120760719597515,0.4067839863372174,3.026339540974992,3.0572796951107364,0.40120760719597737,0.4067839863372152,3.02633954097501,3.057279695110719
863,17.240000000000002,17.26,0.02,2484545842427755285/144115188075855872,4974856292378544805/288230376151711744,True,863,0,0.39915699554798534,0.4019007941836308,3.055021992995011,3.071385129899785,0.3991569955479857,0.40190079418363034,3.0550219929950146,3.071385129899782,0.399010917994678,0.4043187100492708,3.0406937927183764,3.0714745934369336,0.39901091799468025,0.4043187100492685,3.0406937927183932,3.0714745934369168
864,17.26,17.28,0.02,4974856292378544805/288230376151711744,155644403121924345/9007199254740992,True,864,0,0.3970655066767031,0.3996767004932805,3.0692318265424423,3.0855132545030797,0.3970655066767035,0.3996767004932801,3.069231826542446,3.085513254503076,0.39692563793074664,0.40197435536859927,3.054975205686343,3.085600901487461,0.3969256379307487,0.4019743553685971,3.05497520568636,3.0856009014874433
865,17.28,17.3,0.02,155644403121924345/9007199254740992,4986385507424613275/288230376151711744,True,865,0,0.39508159587054387,0.3975649535958649,3.0833726845715375,3.099574528553076,0.3950815958705443,0.39756495359586447,3.0833726845715415,3.0995745285530725,0.39494775622915923,0.39974661733897193,3.0691857227409054,3.0996604291423533,0.3949477562291613,0.3997466173389699,3.0691857227409223,3.0996604291423373
866,17.3,17.32,0.02,4986385507424613275/288230376151711744,2496075057473823755/144115188075855872,True,866,0,0.39320138532971377,0.3955615180739031,3.097446391589234,3.1135707218532267,0.39320138532971416,0.39556151807390266,3.097446391589237,3.1135707218532236,0.3930733956176972,0.39763132644130394,3.083327223018275,3.113654944685612,0.3930733956176995,0.39763132644130167,3.0833272230182924,3.113654944685595
867,17.32,17.34,0.02,2496075057473823755/144115188075855872,4997914722470681745/288230376151711744,True,867,0,0.39142112728220585,0.3936624916436112,3.111454712558458,3.1275035562141804,0.39142112728220624,0.39366249164361083,3.1114547125584613,3.1275035562141773,0.3912988093187368,0.3956244478182612,3.0974015273416557,3.127586167834424,0.391298809318739,0.395624447818259,3.0974015273416713,3.1275861678344072
868,17.34,17.36,0.02,4997914722470681745/288230376151711744,1250919832498428995/72057594037927936,True,868,0,0.3897372020218393,0.39186410276359324,3.1253993718322475,3.141374685652726,0.38973720202183965,0.3918641027635929,3.1253993718322506,3.1413746856527225,0.3896203790573663,0.39372207909468326,3.1114104160569718,3.1414557508129364,0.3896203790573683,0.39372207909468127,3.1114104160569873,3.141455750812921
869,17.36,17.38,0.02,1250919832498428995/72057594037927936,5009443937516750215/288230376151711744,True,869,0,0.3881461153692569,0.390162708502653,3.1392820331109985,3.155185715975864,0.3881461153692573,0.39016270850265256,3.139282033111002,3.1551857159758607,0.38803461246980697,0.39192044845668816,3.125355609037895,3.155265297684672,0.38803461246980897,0.3919204484566861,3.1253556090379115,3.155265297684655
870,17.38,17.400000000000002,0.02,5009443937516750215/288230376151711744,2507604272519892225/144115188075855872,True,870,0,0.38664449640696263,0.3885547918600862,3.1531043060932946,3.168938198040982,0.3866444964069631,0.3885547918600858,3.153104306093298,3.1689381980409785,0.38653814081246807,0.390215912134903,3.1392387721923973,3.169016357571916,0.3865381408124702,0.3902159121349008,3.1392387721924147,3.169016357571899
871,17.400000000000002,17.42,0.02,2507604272519892225/144115188075855872,5020973152562818685/288230376151711744,True,871,0,0.3852290945210666,0.38703695954608486,3.1668677419818927,3.1826336324953552,0.38522909452106696,0.3870369595460844,3.1668677419818954,3.1826336324953526,0.38512771594337186,0.388604952361723,3.1530615127732906,3.1827104294234756,0.38512771594337397,0.388604952361721,3.1530615127733075,3.182710429423459
872,17.42,17.44,0.02,5020973152562818685/288230376151711744,628342220010731615/36028797018963968,True,872,0,0.3838967768150281,0.3856059391950202,3.1805738450251355,3.196273458780906,0.38389677681502854,0.38560593919501973,3.1805738450251386,3.1962734587809027,0.3838002077054132,0.38708417471253254,3.1668253908329964,3.1963489509558545,0.3838002077054153,0.3870841747125305,3.1668253908330137,3.1963489509558376
873,17.44,17.46,0.02,628342220010731615/36028797018963968,5032502367608887155/288230376151711744,True,873,0,0.3826445252771885,0.38425857666598706,3.194224064549137,3.2098590639162454,0.38264452527718895,0.3842585766659867,3.1942240645491404,3.209859063916242,0.3825526010562665,0.3856503055235672,3.180531911069127,3.2099333074876464,0.3825526010562683,0.38565030552356544,3.1805319110691435,3.2099333074876295
874,17.46,17.48,0.02,5032502367608887155/288230376151711744,2519133487565960695/144115188075855872,True,874,0,0.38146943363259866,0.38299183353218963,3.207819794731513,3.223391783775984,0.38146943363259905,0.38299183353218924,3.207819794731516,3.223391783775981,0.3813819928783316,0.38430018948641287,3.1941825224727936,3.2234648332250635,0.3813819928783337,0.38430018948641076,3.1941825224728104,3.223464833225046
875,17.48,17.5,0.02,2519133487565960695/144115188075855872,5044031582654955625/288230376151711744,True,875,0,0.3803687053304994,0.3818027833387113,3.221362377666341,3.2368729012889665,0.3803687053304997,0.381802783338711,3.221362377666344,3.2368729012889634,0.3802855899792041,0.38303078594082135,3.207778621301542,3.2369448094470648,0.3802855899792062,0.3830307859408193,3.207778621301557,3.2369448094470497
876,17.5,17.52,0.02,5044031582654955625/288230376151711744,1262449047544497465/72057594037927936,True,876,0,0.37933964970506817,0.38068860961903606,3.2348531003250405,3.25030365092438,0.37933964970506856,0.38068860961903567,3.2348531003250436,3.250303650924377,0.3792607051708341,0.38183916700688086,3.221321547924095,3.250374469015637,0.37926070517083627,0.3818391670068787,3.2213215479241124,3.250374469015621
877,17.52,17.54,0.02,1262449047544497465/72057594037927936,5055560797701024095/288230376151711744,True,877,0,0.3783796793620121,0.37964660264305156,3.248293201800189,3.2636852130545213,0.37837967936201244,0.37964660264305117,3.2482932018001915,3.2636852130545186,0.37830475465040936,0.3807225143600016,3.234812594020745,3.2637549907022505,0.3783047546504113,0.38072251435999965,3.234812594020762,3.2637549907022327
878,17.54,17.56,0.02,5055560797701024095/288230376151711744,2530662702612029165/144115188075855872,True,878,0,0.3774863072301263,0.3786741564809042,3.2616838723309325,3.277018716672683,0.37748630723012666,0.37867415648090386,3.2616838723309356,3.2770187166726794,0.3774152550276984,0.3796781163285975,3.2482530015276656,3.27708750191846,0.37741525502770046,0.3796781163285954,3.2482530015276834,3.277087501918442
879,17.56,17.580000000000002,0.02,2530662702612029165/144115188075855872,5067090012747092565/288230376151711744,True,879,0,0.37665714360779373,0.3777687660738584,3.2750262502491276,3.290305244306067,0.3766571436077941,0.37776876607385806,3.2750262502491307,3.2903052443060643,0.37658982034884725,0.3787033649866783,3.261643959500696,3.2903730836533076,0.3765898203488492,0.3787033649866762,3.2616439595007134,3.2903730836532903
880,17.580000000000002,17.6,0.02,5067090012747092565/288230376151711744,317053413766882925/18014398509481984,True,880,0,0.37588989325815486,0.3769280242775389,3.2883214232194145,3.3035458327311935,0.37588989325815525,0.3769280242775385,3.2883214232194167,3.303545832731191,0.3758261591725424,0.37779575320557246,3.274986605307851,3.30361277118807,0.3758261591725444,0.37779575320557046,3.274986605307867,3.303612771188054
881,17.6,17.62,0.02,317053413766882925/18014398509481984,5078619227793161035/288230376151711744,True,881,0,0.3751823524995469,0.3761496189481392,3.301570429832453,3.3167414734147656,0.37518235249954723,0.3761496189481389,3.301570429832456,3.316741473414763,0.37512207164151995,0.37695287173995184,3.2882820261856693,3.3168075545347038,0.375122071641522,0.37695287173994974,3.288282026185686,3.3168075545346865
882,17.62,17.64,0.02,5078619227793161035/288230376151711744,2542191917658097635/144115188075855872,True,882,0,0.3745324063726798,0.37543133000547096,3.3147742711429506,3.329893103072141,0.3745324063726802,0.37543133000547063,3.3147742711429538,3.329893103072138,0.37447544663472937,0.37617240627910375,3.3015312708046305,3.3299583689357246,0.3744754466347316,0.3761724062791016,3.3015312708046474,3.3299583689357077
883,17.64,17.66,0.02,2542191917658097635/144115188075855872,5090148442839229505/288230376151711744,True,883,0,0.37393802569681783,0.3747710266742422,3.3279338933010445,3.343001623179938,0.37393802569681817,0.37477102667424184,3.327933893301048,3.3430016231799353,0.37388425880286325,0.3754521346752527,3.3147353317696404,3.343066114483961,0.37388425880286547,0.37545213467525046,3.3147353317696564,3.343066114483945
884,17.66,17.68,0.02,5090148442839229505/288230376151711744,1273978262590565935/72057594037927936,True,884,0,0.3733972644350353,0.3741666644954953,3.341050204783015,3.3560678849233696,0.3733972644350356,0.374166664495495,3.3410502047830173,3.356067884923367,0.3733465659287762,0.37478992392020993,3.327895162928859,3.356131640974749,0.37334656592877846,0.37478992392020777,3.327895162928875,3.3561316409747324
885,17.68,17.7,0.02,1273978262590565935/72057594037927936,5101677657885297975/288230376151711744,True,885,0,0.372908256925616,0.3736162825617195,3.3541240677053508,3.3690927000819717,0.3729082569256164,0.37361628256171914,3.354124067705354,3.3690927000819686,0.37286050614584854,0.37418372734862304,3.341011670616777,3.3691557588517664,0.3728605061458508,0.374183727348621,3.3410116706167945,3.369155758851749
886,17.7,17.72,0.02,5101677657885297975/288230376151711744,2553721132704166105/144115188075855872,True,886,0,0.3724692152164651,0.3731180007479041,3.367156301404195,3.382076839660704,0.3724692152164655,0.37311800074790363,3.367156301404198,3.382076839660701,0.37242429526302695,0.3736315818289232,3.3540857172432275,3.3821392378231985,0.372424295263029,0.37363158182892114,3.354085717243244,3.382139237823182
887,17.72,17.740000000000002,0.02,2553721132704166105/144115188075855872,5113206872931366445/288230376151711744,True,887,0,0.37207842630553534,0.3726700171434182,3.380147683949537,3.3950210345870957,0.37207842630553567,0.37267001714341785,3.38014768394954,3.3950210345870926,0.3720362239880763,0.3731316051589643,3.3671181228092912,3.395082807556755,0.37203622398807834,0.37313160515896227,3.367118122809307,3.39508280755674
888,17.740000000000002,17.76,0.02,5113206872931366445/288230376151711744,639871435056800085/36028797018963968,True,888,0,0.3717342495666232,0.3722706054120466,3.3930989532429336,3.4079259768167534,0.37173424956662354,0.37227060541204626,3.3930989532429363,3.4079259768167507,0.37169465534530466,0.3726819933773654,3.3801096660088636,3.407987158785403,0.37169465534530677,0.3726819933773634,3.38010966600888,3.4079871587853874
889,17.76,17.78,0.02,639871435056800085/36028797018963968,5124736087977434915/288230376151711744,True,889,0,0.3714350996588484,0.37191812678792363,3.4060108077996403,3.4207923207379825,0.3714350996588488,0.37191812678792324,3.4060108077996434,3.4207923207379793,0.37139800669525397,0.37228103358966813,3.3930610850110328,3.420852944719745,0.3713980066952561,0.3722810335896659,3.3930610850110496,3.4208529447197282
890,17.78,17.8,0.02,5124736087977434915/288230376151711744,2565250347750234575/144115188075855872,True,890,0,0.37117948371758824,0.3716109879119904,3.4188839087557255,3.4336206833301293,0.3711794837175886,0.37161098791199,3.418883908755728,3.4336206833301266,0.37114478933064876,0.37192705933790465,3.405973079500171,3.4336807811849237,0.37114478933065076,0.3719270593379026,3.405973079500188,3.433680781184907
891,17.8,17.82,0.02,2565250347750234575/144115188075855872,5136265303023503385/288230376151711744,True,891,0,0.37096596701947315,0.37134767032436666,3.4317188800555125,3.446411646109752,0.3709659670194735,0.37134767032436633,3.431718880055516,3.4464116461097487,0.3709335721828258,0.3716184819878116,3.418846310860129,3.446471248584694,0.37093357218282785,0.3716184819878095,3.418846310860145,3.4464712485846776
892,17.82,17.84,0.02,5136265303023503385/288230376151711744,1285507477636634405/72057594037927936,True,892,0,0.37079302313146056,0.3711268756046897,3.4445163074029206,3.4591657582764044,0.37079302313146095,0.37112687560468927,3.4445163074029232,3.4591657582764017,0.3707628231854999,0.37135394458931176,3.4316814010712515,3.4592248951189024,0.37076282318550174,0.37135394458930987,3.431681401071267,3.4592248951188864
893,17.84,17.86,0.02,1285507477636634405/72057594037927936,5147794518069571855/288230376151711744,True,893,0,0.37065938990991104,0.3709471647833348,3.457276743894813,3.4718835331485876,0.37065938990991143,0.37094716478333445,3.4572767438948167,3.4718835331485844,0.37063128676071755,0.3711319397346294,3.4444789385361103,3.4719422330468164,0.3706312867607195,0.3711319397346275,3.4444789385361267,3.4719422330467995
894,17.86,17.88,0.02,5147794518069571855/288230376151711744,2576779562796303045/144115188075855872,True,894,0,0.37056391652930637,0.37080710687098933,3.470000711679514,3.4845654485166913,0.37056391652930676,0.370807106870989,3.470000711679517,3.4845654485166886,0.37053782161856663,0.37095096724991766,3.457239479701435,3.484623739098451,0.3705378216185686,0.3709509672499158,3.45723947970145,3.4846237390984363
895,17.88,17.900000000000002,0.02,2576779562796303045/144115188075855872,5159323733115640325/288230376151711744,True,895,0,0.37050539933169896,0.37070543869942274,3.4826886973214424,3.4972119532455013,0.3705053993316993,0.3707054386994224,3.482688697321445,3.4972119532454986,0.3704812270191225,0.3708097035561554,3.4699635443496075,3.4972698611738107,0.3704812270191246,0.3708097035561532,3.4699635443496235,3.4972698611737956
896,17.900000000000002,17.92,0.02,5159323733115640325/288230376151711744,40352252661239645/2251799813685248,True,896,0,0.370482672293659,0.3706409702747777,3.4953411552046965,3.5098234657926897,0.3704826722936594,0.3706409702747773,3.4953411552046996,3.5098234657926866,0.3704603388112614,0.37070690138304446,3.482651619079191,3.5098810168095063,0.370460338811263,0.3707069013830428,3.4826516190792054,3.5098810168094925
897,17.92,17.94,0.02,40352252661239645/2251799813685248,5170852948161708795/288230376151711744,True,897,0,0.3704941970877629,0.3706129906757143,3.5079585054357185,3.522400378170982,0.37049419708776327,0.3706129906757139,3.5079585054357216,3.522400378170979,0.3704735959573181,0.3706418191365504,3.495304155054108,3.5224575973207446,0.3704735959573198,0.3706418191365486,3.495304155054122,3.522457597320731
898,17.94,17.96,0.02,5170852948161708795/288230376151711744,2588308777842371515/144115188075855872,True,898,0,0.37052873243688017,0.37063059482096683,3.5205410608451317,3.534943130728151,0.3705287324368805,0.37063059482096655,3.520541060845134,3.534943130728149,0.3705000795694037,0.3706331779172995,3.5079214909038874,3.535000046710298,0.3705000795694056,0.3706331779172976,3.5079214909039016,3.5350000467102833
899,17.96,17.98,0.02,2588308777842371515/144115188075855872,5182382163207777265/288230376151711744,True,899,0,0.37057163032815754,0.3707063834587146,3.5330890852051215,3.5474521557073313,0.37057163032815793,0.3707063834587142,3.533089085205124,3.5474521557073286,0.37050879398808223,0.3707098765786252,3.5205039138942187,3.547508802303843,0.3705087939880842,0.3707098765786233,3.5205039138942333,3.5475088023038284
900,17.98,18.0,0.02,5182382163207777265/288230376151711744,1297036692682702875/72057594037927936,True,900,0,0.3706469763351484,0.3708143190523238,3.5456031203242695,3.559927552000803,0.3706469763351488,0.3708143190523234,3.5456031203242726,3.5599275520008,0.37055095451293063,0.3708187001379096,3.533052005550791,3.55998395100365,0.3705509545129324,0.37081870013790774,3.5330520055508057,3.5599839510036353
901,18.0,18.02,0.02,1297036692682702875/72057594037927936,5193911378253845735/288230376151711744,True,901,0,0.3707539881978059,0.3709533239216117,3.558083476063364,3.5723695965371047,0.3707539881978063,0.3709533239216113,3.5580834760633664,3.5723695965371016,0.37062574145329297,0.3709585623819208,3.545566103467277,3.5724257689128884,0.3706257414532949,0.3709585623819189,3.5455661034672925,3.572425768912873
902,18.02,18.04,0.02,5193911378253845735/288230376151711744,2599837992888439985/144115188075855872,True,902,0,0.370891888371481,0.3711224042133486,3.5705304357061642,3.5847785405872505,0.37089188837148135,0.37112240421334824,3.570530435706167,3.584778540587248,0.3707323390500608,0.3711284634002981,3.5580465178208174,3.584834506526887,0.3707323390500627,0.37112846340029615,3.558046517820833,3.584834506526871
903,18.04,18.06,0.02,2599837992888439985/144115188075855872,5205440593299914205/288230376151711744,True,903,0,0.3710598156259593,0.3713207350463869,3.582944255409028,3.5971546118328432,0.37105981562595963,0.3713207350463866,3.582944255409031,3.5971546118328406,0.37086984228927494,0.37132757945291456,3.5704935308118912,3.5972103908409943,0.3708698422892769,0.37132757945291256,3.570493530811907,3.5972103908409774
904,18.06,18.080000000000002,0.02,5205440593299914205/288230376151711744,651400650102868555/36028797018963968,True,904,0,0.3712569534659524,0.37154752895665044,3.5953251664831214,3.60949801354422,0.3712569534659528,0.3715475289566501,3.595325166483124,3.6094980135442167,0.3710373926616305,0.37155512401377705,3.5829073990376457,3.609553624467726,0.37103739266163255,0.3715551240137751,3.5829073990376616,3.60955362446771
905,18.080000000000002,18.1,0.02,651400650102868555/36028797018963968,5216969808345982675/288230376151711744,True,905,0,0.37148218837126706,0.3718023746520914,3.6076733736914477,3.6218089276755117,0.3714821883712674,0.37180237465209115,3.6076733736914504,3.621808927675509,0.3712338178300669,0.371810705037681,3.5952883516766403,3.6218643888742723,0.3712338178300689,0.371810705037679,3.5952883516766567,3.6218643888742545
906,18.1,18.12,0.02,5216969808345982675/288230376151711744,2611367207934508455/144115188075855872,True,906,0,0.37173492065597713,0.37208442324614394,3.6199890614627392,3.6340875100045977,0.37173492065597746,0.3720844232461436,3.619989061462743,3.6340875100045946,0.37145848701214,0.3720934666108426,3.6076365970770192,3.634142839178259,0.37145848701214207,0.3720934666108405,3.6076365970770343,3.634142839178244
907,18.12,18.14,0.02,2611367207934508455/144115188075855872,5228499023392051145/288230376151711744,True,907,0,0.3720146323770617,0.3723928175786396,3.632272391402446,3.646333893895511,0.37201463237706206,0.3723928175786393,3.6322723914024486,3.6463338938955085,0.3717108547209865,0.37240254238116743,3.6199523201121413,3.6463891080955046,0.37171085472098864,0.3724025423811654,3.619952320112157,3.646389108095489
908,18.14,18.16,0.02,5228499023392051145/288230376151711744,1308565907728771345/72057594037927936,True,908,0,0.37232067484870074,0.3727269020448055,3.64452350161586,3.6585481921893352,0.37232067484870107,0.3727269020448052,3.6445235016158626,3.6585481921893326,0.3719902369182144,0.3727372766916737,3.6322356814476398,3.6586033079167732,0.3719902369182164,0.37273727669167167,3.632235681447656,3.658603307916757
909,18.16,18.18,0.02,1308565907728771345/72057594037927936,5240028238438119615/288230376151711744,True,909,0,0.37265241340671934,0.37308607527761856,3.6567425083156193,3.6707304967594387,0.37265241340671973,0.3730860752776182,3.656742508315623,3.670730496759435,0.37229596377925206,0.37309706920632646,3.6444868192413553,3.6707855300001215,0.37229596377925406,0.3730970692063245,3.6444868192413726,3.6707855300001038
910,18.18,18.2,0.02,5240028238438119615/288230376151711744,2622896422980576925/144115188075855872,True,910,0,0.3730092469204084,0.3734697681932766,3.668929506525535,3.6828808789097773,0.37300924692040877,0.3734697681932762,3.668929506525538,3.6828808789097742,0.3726274002791994,0.37348135182724107,3.6567058498859475,3.6829358451597063,0.3726274002792015,0.37348135182723907,3.6567058498859644,3.6829358451596894
911,18.2,18.22,0.02,2622896422980576925/144115188075855872,5251557453484188085/288230376151711744,True,911,0,0.3733906084068476,0.37387744104022824,3.6810845703842467,3.6949993901150946,0.37339060840684796,0.3738774410402279,3.68108457038425,3.6949993901150915,0.37298394684661007,0.3738895856514074,3.6688928683416173,3.6950543044058684,0.3729839468466119,0.37388958565140545,3.6688928683416346,3.69505430440585
912,18.22,18.240000000000002,0.02,5251557453484188085/288230376151711744,328582628812951395/18014398509481984,True,912,0,0.3737959603376006,0.37430858585892174,3.6932077537121883,3.7070860624404225,0.373795960337601,0.3743085858589214,3.6932077537121915,3.7070860624404194,0.37336503443208374,0.37432126361707946,3.681047948731457,3.707140939364853,0.3733650344320857,0.37432126361707746,3.681047948731474,3.7071409393648356
913,18.240000000000002,18.26,0.02,328582628812951395/18014398509481984,5263086668530256555/288230376151711744,True,913,0,0.3742247942426364,0.37476272474437167,3.7052990917769986,3.719140907705751,0.37422479424263677,0.37476272474437133,3.7052990917770017,3.719140907705748,0.3737701241005171,0.3747759087279338,3.6931711461433174,3.7191957614352806,0.3737701241005192,0.37477590872793176,3.693171146143335,3.7191957614352633
914,18.26,18.28,0.02,5263086668530256555/288230376151711744,2634425638026645395/144115188075855872,True,914,0,0.37467662955350545,0.37523940896691665,3.7173585999321612,3.731163919721722,0.37467662955350584,0.3752394089669164,3.7173585999321634,3.7311639197217197,0.3741987058217039,0.37525307317769224,3.7052624944879944,3.7312187648321555,0.374198705821706,0.37525307317769013,3.7052624944880104,3.731218764832139
915,18.28,18.3,0.02,2634425638026645395/144115188075855872,5274615883576325025/288230376151711744,True,915,0,0.37515101844757426,0.37573821218639575,3.7293862747712168,3.743155073955043,0.37515101844757465,0.3757382121863954,3.72938627477122,3.7431550739550405,0.3746503035581063,0.37575233127339996,3.7173220078242477,3.7432099261089418,0.37465030355810836,0.3757523312733979,3.7173220078242646,3.743209926108925
916,18.3,18.32,0.02,5274615883576325025/288230376151711744,1320095122774839815/72057594037927936,True,916,0,0.3756475207649596,0.3762587536869212,3.7413820944252048,3.7551143279952646,0.37564752076496,0.37625875368692085,3.7413820944252074,3.755114327995262,0.37512444894140096,0.37627330386455454,3.7293496851202317,3.7551692001874435,0.3751244489414029,0.3762733038645526,3.729349685120249,3.7551692001874257
917,18.32,18.34,0.02,1320095122774839815/72057594037927936,5286145098622393495/288230376151711744,True,917,0,0.3761656846922019,0.37680071593439834,3.753346018972453,3.767041621855803,0.37616568469220224,0.376800715934398,3.753346018972456,3.7670416218558005,0.3756206610712885,0.37681567674075755,3.7413455045758996,3.7670965267729,0.3756206610712906,0.3768156767407554,3.741345504575915,3.7670965267728844
918,18.34,18.36,0.02,5286145098622393495/288230376151711744,2645954853072713865/144115188075855872,True,918,0,0.3767052115924741,0.37736367806595406,3.765277991159876,3.7789368779194383,0.37670521159247444,0.37736367806595367,3.765277991159879,3.7789368779194357,0.3761386193345381,0.37737902608884594,3.7533094267563536,3.778991827913724,0.37613861933454007,0.377379026088844,3.7533094267563705,3.778991827913707
919,18.36,18.38,0.02,2645954853072713865/144115188075855872,5297674313668461965/288230376151711744,True,919,0,0.37726574890733455,0.37794732140862775,3.7771779361373197,3.7908000018023817,0.3772657489073349,0.37794732140862736,3.7771779361373228,3.790800001802379,0.37667794615710026,0.37796303411900006,3.7652413942779237,3.79085500893976,0.3766779461571023,0.37796303411899795,3.7652413942779415,3.7908550089397437
920,18.38,18.400000000000002,0.02,5297674313668461965/288230376151711744,662929865148937025/36028797018963968,True,920,0,0.37784697836702896,0.37855133975887356,3.789045762034176,3.802630882337801,0.37784697836702935,0.37855133975887323,3.789045762034179,3.802630882337798,0.37723829954603266,0.37856739497159847,3.7771413324434104,3.8026859584127335,0.3772382995460348,0.37856739497159636,3.7771413324434278,3.8026859584127166
921,18.400000000000002,18.42,0.02,662929865148937025/36028797018963968,5309203528714530435/288230376151711744,True,921,0,0.3784485898595169,0.37917546408808817,3.80088136014701,3.8144293918928502,0.37844858985951724,0.37917546408808783,3.800881360147013,3.8144293918928476,0.3778193457154681,0.37919184062594363,3.7890091494464424,3.8144845484517425,0.37781934571547016,0.3791918406259417,3.7890091494464597,3.814484548451725
922,18.42,18.44,0.02,5309203528714530435/288230376151711744,2657484068118782335/144115188075855872,True,922,0,0.3790703135240767,0.37981942909814037,3.8126846052765266,3.826195386489568,0.37907031352407705,0.37981942909814,3.8126846052765297,3.826195386489565,0.3784207926783041,0.37983610591896744,3.800844736739976,3.8262506348474887,0.3784207926783063,0.3798361059189652,3.800844736739993,3.826250634847472
923,18.44,18.46,0.02,2657484068118782335/144115188075855872,5320732743760598905/288230376151711744,True,923,0,0.37971188590663274,0.38048300579386857,3.82445535585457,3.8379287060832508,0.37971188590663313,0.3804830057938681,3.8244553558545733,3.837928706083248,0.37904235481721177,0.3804999626643849,3.81264796917029,3.837984057358199,0.37904235481721393,0.38049996266438274,3.812647969170307,3.837984057358182
924,18.46,18.48,0.02,5320732743760598905/288230376151711744,1331624337820908285/72057594037927936,True,924,0,0.38037307415154836,0.38116597608934716,3.836193454432599,3.8496291744338755,0.38037307415154875,0.3811659760893468,3.836193454432601,3.8496291744338733,0.37968377818597404,0.3811831931127896,3.824418705549464,3.8496846395213096,0.37968377818597615,0.3811831931127875,3.8244187055494803,3.849684639521293
925,18.48,18.5,0.02,1331624337820908285/72057594037927936,5332261958806667375/288230376151711744,True,925,0,0.3810536598388005,0.3818681478422085,3.8478987271371428,3.8612965999603905,0.3810536598388009,0.3818681478422081,3.8478987271371454,3.861296599960388,0.38034482359916355,0.38188560569783253,3.836156788068227,3.861352189574345,0.38034482359916555,0.3818856056978305,3.836156788068244,3.861352189574328
926,18.5,18.52,0.02,5332261958806667375/288230376151711744,2669013283164850805/144115188075855872,True,926,0,0.38175344960886337,0.38258934316815996,3.8595709844958117,3.872930775178453,0.38175344960886376,0.38258934316815957,3.8595709844958144,3.8729307751784505,0.3810252777228695,0.38260702285019965,3.8478620431736457,3.8729864998647314,0.38102527772287154,0.38260702285019754,3.847862043173664,3.872986499864713
927,18.52,18.54,0.02,2669013283164850805/144115188075855872,5343791173852735845/288230376151711744,True,927,0,0.3824722654105475,0.3833294072013354,3.871210021330015,3.884531477023168,0.38247226541054785,0.38332940720133507,3.871210021330018,3.8845314770231654,0.3817249428785785,0.3833472901681183,3.8595342814817055,3.884587347176225,0.3817249428785805,0.3833472901681163,3.8595342814817224,3.884587347176207
928,18.54,18.56,0.02,5343791173852735845/288230376151711744,167173618167992815/9007199254740992,True,928,0,0.3832099476156646,0.38408820405299643,3.8828156168605084,3.8960984669130205,0.383209947615665,0.38408820405299604,3.882815616860512,3.8960984669130174,0.3824436402878151,0.38410627221312327,3.871173291645647,3.8961544990534085,0.382443640287817,0.38410627221312127,3.871173291645664,3.896154499053392
929,18.56,18.580000000000002,0.02,167173618167992815/9007199254740992,5355320388898804315/288230376151711744,True,929,0,0.38396636124211025,0.384865609725894,3.8943875347850594,3.907631490795501,0.3839663612421106,0.38486560972589373,3.894387534785062,3.907631490795498,0.38318121654073495,0.3848838451467455,3.882778858218494,3.9076876960856834,0.3831812165407371,0.3848838451467433,3.8827788582185105,3.907687696085668
930,18.580000000000002,18.6,0.02,5355320388898804315/288230376151711744,2680542498210919275/144115188075855872,True,930,0,0.3847413821329074,0.38566152513682966,3.9059254044492926,3.9191303980519807,0.3847413821329077,0.38566152513682933,3.905925404449295,3.919130398051978,0.3839375291768346,0.38567991031998744,3.894350745962861,3.919186667696298,0.38393752917683666,0.3856799103199853,3.8943507459628783,3.9191866676962808
931,18.6,18.62,0.02,2680542498210919275/144115188075855872,5366849603944872785/288230376151711744,True,931,0,0.38553490712743216,0.38647586520692295,3.917428919282918,3.930594943092706,0.3855349071274325,0.38647586520692256,3.9174289192829206,3.930594943092703,0.3847124572718932,0.3864943829171499,3.9058884415262174,3.930651390521337,0.38471245727189524,0.3864943829171479,3.9058884415262347,3.9306513905213203
932,18.62,18.64,0.02,5366849603944872785/288230376151711744,1343153552866976755/72057594037927936,True,932,0,0.386346850862172,0.387308561383378,3.9288979394316303,3.942024682709229,0.3863468508621724,0.3873085613833776,3.928897939431633,3.942024682709226,0.38550589808524344,0.38732719460100284,3.917391909979858,3.942081331878101,0.38550589808524555,0.3873271946010008,3.917391909979875,3.9420813318780836
933,18.64,18.66,0.02,1343153552866976755/72057594037927936,5378378818990941255/288230376151711744,True,933,0,0.38717714524289587,0.3881595615486591,3.9403321665855877,3.9534193011844074,0.38717714524289626,0.3881595615486587,3.9403321665855904,3.9534193011844048,0.38631776649303695,0.3881782934313709,3.9288608825771703,3.953476161968318,0.38631776649303895,0.3881782934313689,3.9288608825771862,3.953476161968301
934,18.66,18.68,0.02,5378378818990941255/288230376151711744,2692071713256987745/144115188075855872,True,934,0,0.3880257326086472,0.3890288362962452,3.9517312869050754,3.964778467258596,0.38802573260864764,0.3890288362962448,3.9517312869050776,3.9647784672585935,0.3871479878712177,0.38904765039295186,3.9402950610724297,3.964835549474273,0.38714798787121985,0.3890476503929497,3.940295061072446,3.9648355494742566
935,18.68,18.7,0.02,2692071713256987745/144115188075855872,5389908034037009725/288230376151711744,True,935,0,0.38889258392971476,0.3899163602274633,3.9630949709796557,3.976101834017967,0.3888925839297151,0.3899163602274629,3.9630949709796592,3.976101834017964,0.38799651698047205,0.3899352399766955,3.9516941317128427,3.9761591474373863,0.38799651698047405,0.3899352399766935,3.951694131712858,3.97615914743737
936,18.7,18.72,0.02,5389908034037009725/288230376151711744,674459080195005495/36028797018963968,True,936,0,0.3897776756964756,0.3908221346166616,3.9744228737121716,3.987389038808243,0.3897776756964759,0.39082213461666127,3.9744228737121743,3.9873890388082405,0.3888633139408861,0.39084106373111777,3.9630577651458814,3.987446593171898,0.38886331394088813,0.3908410637311157,3.963057765145897,3.987446593171883
937,18.72,18.740000000000002,0.02,674459080195005495/36028797018963968,5401437249083078195/288230376151711744,True,937,0,0.39068100225259944,0.39174617468470396,3.9857146342203427,3.998639703086583,0.3906810022525997,0.39174617468470363,3.9857146342203453,3.9986397030865803,0.3897483549137537,0.3917651391595193,3.974385616344524,3.998697508116589,0.3897483549137558,0.3917651391595174,3.974385616344541,3.9986975081165723
938,18.740000000000002,18.76,0.02,5401437249083078195/288230376151711744,2703600928303056215/144115188075855872,True,938,0,0.3916025775644485,0.39268850749172984,3.996969875710829,4.009853432252832,0.3916025775644489,0.39268850749172945,3.996969875710832,4.009853432252826,0.39065163975573536,0.3927074917006319,3.985677324505119,4.009911497665944,0.3906516397557374,0.3927074917006299,3.9856773245051356,4.00991149766591
939,18.76,18.78,0.02,2703600928303056215/144115188075855872,5412966464129146665/288230376151711744,True,939,0,0.39254243091453406,0.3936491759605457,4.008188205314881,4.021029815470682,0.39254243091453445,0.39364917596054533,4.008188205314887,4.021029815470676,0.3915731826891855,0.39366816374804686,3.996932512907067,4.021088150991214,0.3915731826891876,0.3936681637480447,3.996932512907087,4.021088150991182
940,18.78,18.8,0.02,5412966464129146665/288230376151711744,1354682767913045225/72057594037927936,True,940,0,0.3935006042492738,0.3946282412994006,4.019369213896625,4.032168425467705,0.3935006042492742,0.3946282412994002,4.01936921389663,4.032168425467701,0.39251301012093903,0.3946472165750712,4.0081507887454455,4.032227040840504,0.39251301012094103,0.39464721657506907,4.008150788745482,4.032227040840469
941,18.8,18.82,0.02,1354682767913045225/72057594037927936,5424495679175215135/288230376151711744,True,941,0,0.3944771516713837,0.39562578333345466,4.030512475838933,4.043268818308446,0.39447715167138403,0.39562578333345433,4.030512475838939,4.04326881830844,0.39347116062455006,0.39564473014960444,4.019331742941677,4.043327723311784,0.39347116062455206,0.39564473014960244,4.019331742941712,4.043327723311749
942,18.82,18.84,0.02,5424495679175215135/288230376151711744,2715130143349124685/144115188075855872,True,942,0,0.3954721531194713,0.396641886701073,4.0416175488554416,4.05433053309241,0.3954721531194717,0.39664188670107253,4.041617548855447,4.054330533092405,0.39444769905795696,0.3966607888656999,4.030474949980577,4.054389737550943,0.3944476990579591,0.3966607888656977,4.030474949980611,4.05438973755091
943,18.84,18.86,0.02,2715130143349124685/144115188075855872,5436024894221283605/288230376151711744,True,943,0,0.396485694069812,0.39767666108424204,4.052683973679956,4.065353091720242,0.39648569406981243,0.39767666108424166,4.0526839736799625,4.065353091720237,0.39544269554945133,0.39769550246315094,4.041579967625518,4.065412605517931,0.3954426955494534,0.3976955024631489,4.0415799676255535,4.065412605517896
944,18.86,18.88,0.02,5436024894221283605/288230376151711744,340111843859019865/18014398509481984,True,944,0,0.39751788207325467,0.3987302246539227,4.063711273831833,4.076335998534731,0.397517882073255,0.3987302246539223,4.063711273831839,4.076335998534725,0.3964562425645136,0.3987489889162361,4.052646336709944,4.076395831627883,0.39645624256451567,0.3987489889162341,4.052646336709977,4.076395831627848
945,18.88,18.900000000000002,0.02,340111843859019865/18014398509481984,5447554109267352075/288230376151711744,True,945,0,0.39856883280381517,0.39980271806006834,4.074698955246225,4.087278740040373,0.39856883280381555,0.399802718060068,4.074698955246231,4.087278740040367,0.39748844047416426,0.3998213888771984,4.063673580794337,4.087338902470834,0.39748844047416637,0.39982138887719626,4.063673580794371,4.0873389024708
946,18.900000000000002,18.92,0.02,5447554109267352075/288230376151711744,2726659358395193155/144115188075855872,True,946,0,0.3996386814813213,0.4008942930991358,4.0856465059882074,4.098180784486264,0.39963868148132164,0.4008942930991355,4.085646505988212,4.098180784486259,0.3985394093188579,0.40091285397555254,4.074661205907864,4.09824128639469,0.3985394093188601,0.40091285397555043,4.074661205907897,4.098241286394656
947,18.92,18.94,0.02,2726659358395193155/144115188075855872,5459083324313420545/288230376151711744,True,947,0,0.4007275817532482,0.4020051139779358,4.096553395885162,4.109041581472798,0.4007275817532486,0.4020051139779354,4.096553395885168,4.109041581472792,0.3996092876087225,0.402023548136339,4.085608700208246,4.1091024331128185,0.39960928760872455,0.4020235481363369,4.0856087002082795,4.109102433112785
948,18.94,18.96,0.02,5459083324313420545/288230376151711744,1366211982959113695/72057594037927936,True,948,0,0.40183569754499976,0.40313536566479335,4.107419076087227,4.1198605615710955,0.40183569754500004,0.4031353656647931,4.107419076087233,4.11986056157109,0.40069822386713777,0.4031536562104826,4.096515533572708,4.119921773322214,0.40069822386713994,0.4031536562104804,4.09651553357274,4.119921773322182
949,18.96,18.98,0.02,1366211982959113695/72057594037927936,5470612539359489015/288230376151711744,True,949,0,0.4029632102829726,0.4042852469221812,4.118242978702061,4.130637135809301,0.40296321028297294,0.4042852469221809,4.118242978702066,4.130637135809296,0.40180638417524495,0.40430337665809035,4.1073811572622425,4.130698718190463,0.40180638417524706,0.40430337665808813,4.107381157262275,4.130698718190431
950,18.98,19.0,0.02,5470612539359489015/288230376151711744,2738188573441261625/144115188075855872,True,950,0,0.40411031657001895,0.40545497294460364,4.129024516298664,4.1413706952264695,0.40411031657001933,0.4054549729446032,4.12902451629867,4.141370695226464,0.40293394960442774,0.4054729244009662,4.118205003455621,4.1414326589106505,0.40293394960442996,0.405472924400964,4.118205003455657,4.141432658910617
951,19.0,19.02,0.02,2738188573441261625/144115188075855872,5482141754405557485/288230376151711744,True,951,0,0.40527722738697075,0.4066447765280724,4.1397630814231885,4.1520606103499835,0.40527722738697114,0.406644776528072,4.139763081423195,4.152060610349978,0.40408111541471226,0.4066625319663179,4.128986484798019,4.152122966178261,0.4040811154147142,0.40666253196631597,4.12898648479805,4.152122966178228
952,19.02,19.04,0.02,5482141754405557485/288230376151711744,685988295241073965/36028797018963968,True,952,0,0.4064641735697645,0.4078549030223298,4.150458046103853,4.162706230617499,0.4064641735697649,0.4078549030223294,4.150458046103858,4.162706230617494,0.40524809664441463,0.407872444296938,4.139724993938345,4.162768989614242,0.40524809664441674,0.407872444296936,4.139724993938377,4.16276898961421
953,19.04,19.06,0.02,685988295241073965/36028797018963968,5493670969451625955/288230376151711744,True,953,0,0.40767140160537546,0.4090856150257703,4.161108761278351,4.1733068838057035,0.40767140160537585,0.40908561502576984,4.161108761278356,4.173306883805697,0.4064351237526633,0.4091029235693068,4.150419902991481,4.173370057193757,0.40643512375266533,0.40910292356930467,4.150419902991514,4.173370057193723
954,19.06,19.080000000000002,0.02,5493670969451625955/288230376151711744,2749717788487330095/144115188075855872,True,954,0,0.40889917259622033,0.4103371939736578,4.1717145559883235,4.183861875619806,0.40889917259622066,0.4103371939736575,4.171714555988329,4.183861875619801,0.4076424415249189,0.4103542508096551,4.1610705627671845,4.183925474837495,0.407642441524921,0.410354250809653,4.161070562767217,4.183925474837461
955,19.080000000000002,19.1,0.02,2749717788487330095/144115188075855872,5505200184497694425/288230376151711744,True,955,0,0.41014776372083517,0.411609939293669,4.1822747374453,4.194370488336289,0.41014776372083556,0.4116099392936686,4.182274737445306,4.194370488336283,0.4088703105377245,0.411626725013498,4.171676302877957,4.194434525050273,0.4088703105377266,0.41162672501349595,4.171676302877989,4.19443452505024
956,19.1,19.12,0.02,5505200184497694425/288230376151711744,1377741198005182165/72057594037927936,True,956,0,0.4114174719558895,0.4129041653656967,4.192788589655137,4.204831980808572,0.41141747195588985,0.41290416536569635,4.192788589655143,4.204831980808566,0.4101190109292363,0.4129206600239799,4.18223643039746,4.2048964669321585,0.4101190109292384,0.41292066002397776,4.1822364303974915,4.2048964669321265
957,19.12,19.14,0.02,1377741198005182165/72057594037927936,5516729399543762895/288230376151711744,True,957,0,0.41270860841731793,0.4142202079317617,4.203255372957526,4.215245587474052,0.41270860841731827,0.4142202079317613,4.203255372957531,4.215245587474047,0.4113888365665707,0.4142363910815177,4.192750229442669,4.215310535184084,0.41138883656657277,0.4142363910815158,4.192750229442701,4.215310535184053
958,19.14,19.16,0.02,5516729399543762895/288230376151711744,2761247003533398565/144115188075855872,True,958,0,0.41402150541141586,0.41555841786500064,4.213674323290897,4.2256105175510275,0.41402150541141625,0.41555841786500025,4.2136743232909035,4.225610517551022,0.4126801022166436,0.4155742684377682,4.203216960480978,4.225675939305688,0.4126801022166458,0.4155742684377659,4.203216960481011,4.225675939305655
959,19.16,19.18,0.02,2761247003533398565/144115188075855872,5528258614589831365/288230376151711744,True,959,0,0.41535651286033703,0.416919165638778,4.224044651374428,4.2359259542268175,0.4153565128603374,0.4169191656387776,4.224044651374434,4.235925954226812,0.41399313984321,0.41693466191657247,4.213635859556809,4.235991862784036,0.413993139843212,0.41693466191657047,4.2136358595568435,4.235991862784003
960,19.18,19.2,0.02,5528258614589831365/288230376151711744,86469112845513525/4503599627370496,True,960,0,0.4167139999524426,0.4183028406465231,4.234365541891832,4.246191053749906,0.41671399995244296,0.41830284064652273,4.234365541891838,4.2461910537499,0.41532830024706585,0.4183179602058421,4.224006137522178,4.246257462186407,0.41532830024706796,0.41831796020584006,4.224006137522209,4.246257462186375
961,19.2,19.22,0.02,86469112845513525/4503599627370496,5539787829635899835/288230376151711744,True,961,0,0.41809435422634467,0.4197098531676249,4.244636152602187,4.256404944495073,0.41809435422634506,0.4197098531676245,4.244636152602191,4.256404944495068,0.4166859520844581,0.41972457284937686,4.2343269791418985,4.25647186628086,0.41668595208446013,0.41972457284937476,4.234326979141933,4.256471866280825
962,19.22,19.240000000000002,0.02,5539787829635899835/288230376151711744,2772776218579467035/144115188075855872,True,962,0,0.4194979817077161,0.42114063536338353,4.254855613369806,4.266566726004865,0.4194979817077165,0.42114063536338314,4.254855613369812,4.26656672600486,0.41806648196162915,0.4211549312436114,4.244597542280662,4.266634174972873,0.4180664819616312,0.42115493124360937,4.244597542280696,4.2666341749728405
963,19.240000000000002,19.26,0.02,2772776218579467035/144115188075855872,5551317044681968305/288230376151711744,True,963,0,0.42092531076471695,0.4225956386406053,4.265023025205584,4.276675467909827,0.4209253107647173,0.42259563864060495,4.265023025205589,4.276675467909822,0.419470298310455,0.4226094859376184,4.254816957002711,4.2767434582223744,0.4194702983104571,0.4226094859376162,4.254816957002744,4.276743458222342
964,19.26,19.28,0.02,5551317044681968305/288230376151711744,1389270413051250635/72057594037927936,True,964,0,0.42237679018662355,0.4240753368836962,4.275137459238769,4.286730208801273,0.4223767901866239,0.42407533688369586,4.275137459238775,4.286730208801266,0.4208978293756906,0.42408870991112113,4.264984324493834,4.28679875502442,0.42089782937569264,0.424088709911119,4.264984324493866,4.286798755024388
965,19.28,19.3,0.02,1389270413051250635/72057594037927936,5562846259728036775/288230376151711744,True,965,0,0.42385288965381956,0.4255802273905418,4.28519795555708,4.296729955113445,0.42385288965381995,0.4255802273905414,4.285197955557086,4.296729955113438,0.4223495236399842,0.42559309950762825,4.275098716013377,4.2967990722407405,0.4223495236399863,0.42559309950762625,4.275098716013411,4.296799072240708
966,19.3,19.32,0.02,5562846259728036775/288230376151711744,2784305433625535505/144115188075855872,True,966,0,0.4253541037752818,0.42711082834072733,4.295203522084443,4.306673679839101,0.4253541037752822,0.427110828340727,4.295203522084449,4.306673679839096,0.42382585386473826,0.4271231718491043,4.285159171835658,4.306743383316395,0.42382585386474037,0.42712317184910226,4.285159171835691,4.306743383316362
967,19.32,19.34,0.02,2784305433625535505/144115188075855872,5574375474774105245/288230376151711744,True,967,0,0.42688094756855555,0.4286676849281701,4.305153133304811,4.316560321260935,0.42688094756855594,0.4286676849281697,4.305153133304817,4.316560321260929,0.4253273124407834,0.4286794710450718,4.295164700041161,4.316630627012217,0.4253273124407855,0.4286794710450697,4.295164700041195,4.316630627012182
968,19.34,19.36,0.02,5574375474774105245/288230376151711744,697517510287142435/36028797018963968,True,968,0,0.4284339629793746,0.4302513645639416,4.315045729008251,4.326388781517563,0.4284339629793749,0.4302513645639412,4.315045729008256,4.326388781517558,0.42685441794065476,0.43026256330706464,4.305114275333578,4.326459705972246,0.4268544179406568,0.4302625633070625,4.305114275333611,4.326459705972212
969,19.36,19.38,0.02,697517510287142435/36028797018963968,5585904689820173715/288230376151711744,True,969,0,0.4300137153467982,0.4318624622527155,4.324880212979704,4.336157925072058,0.43001371534679866,0.4318624622527151,4.3248802129797115,4.336157925072052,0.42840771146260354,0.43187304238737095,4.315006837804757,4.336229485192709,0.4284077114626056,0.43187304238736896,4.315006837804793,4.336229485192673
970,19.38,19.400000000000002,0.02,5585904689820173715/288230376151711744,2795834648671603975/144115188075855872,True,970,0,0.43162079584269913,0.43350160011842176,4.3346554511727975,4.34586657753384,0.4316207958426995,0.43350160011842137,4.334655451172804,4.345866577533834,0.42998775903659464,0.433511529075968,4.324841291185393,4.345938790848265,0.42998775903659664,0.4335115290759661,4.324841291185425,4.3459387908482325
971,19.400000000000002,19.42,0.02,2795834648671603975/144115188075855872,5597433904866242185/288230376151711744,True,971,0,0.43325582217691666,0.435169428796229,4.344370270551088,4.355513523640502,0.43325582217691705,0.4351694287962286,4.344370270551094,4.355513523640495,0.43159515226592576,0.43517867259017545,4.334616501743866,4.35558640830242,0.4315951522659278,0.4351786725901734,4.334616501743898,4.355586408302387
972,19.42,19.44,0.02,5597433904866242185/288230376151711744,1400799628097319105/72057594037927936,True,972,0,0.43491943942860595,0.43686662883797467,4.354023457306686,4.365097505679304,0.4349194394286064,0.4368666288379743,4.354023457306694,4.365097505679297,0.4332305090937557,0.4368751519750842,4.344331296663163,4.365171080462195,0.4332305090937577,0.43687515197508214,4.344331296663197,4.365171080462161
973,19.44,19.46,0.02,1400799628097319105/72057594037927936,5608963119912310655/288230376151711744,True,973,0,0.4366123242163027,0.4385939089265486,4.363613755185412,4.374617221608285,0.43661232421630314,0.43859390892654815,4.363613755185419,4.374617221608278,0.43489447793202074,0.4386016742849822,4.3539844624273165,4.374691505935156,0.4348944779320228,0.4386016742849801,4.3539844624273485,4.374691505935125
974,19.46,19.48,0.02,5608963119912310655/288230376151711744,2807363863717672445/144115188075855872,True,974,0,0.4383351821098331,0.4403520110070307,4.37313986362319,4.384071323158232,0.43833518210983347,0.44035201100703025,4.373139863623196,4.384071323158225,0.4365877238133609,0.4403589908957327,4.3635747430376775,4.384146337154897,0.43658772381336297,0.4403589908957307,4.3635747430377085,4.384146337154867
975,19.48,19.5,0.02,2807363863717672445/144115188075855872,5620492334958379125/288230376151711744,True,975,0,0.44008874803926595,0.4421417125878912,4.382600435760738,4.393458413836779,0.44008874803926634,0.4421417125878908,4.382600435760745,4.393458413836771,0.43831096179081874,0.4421478667314639,4.373100838151157,4.393534178371587,0.43831096179082074,0.4421478667314619,4.373100838151191,4.393534178371554
976,19.5,19.52,0.02,5620492334958379125/288230376151711744,351641058905088335/18014398509481984,True,976,0,0.44187379456064274,0.44396382136244417,4.39199407650991,4.40277704664787,0.44187379456064313,0.4439638213624437,4.391994076509915,4.402777046647864,0.44006493269685015,0.4439691073035377,4.38256140126139,4.402853583373796,0.44006493269685226,0.4439691073035356,4.3825614012614205,4.402853583373765
977,19.52,19.54,0.02,351641058905088335/18014398509481984,5632021550004447595/288230376151711744,True,977,0,0.44369112564246194,0.44581918450225694,4.401319340350744,4.412025721828101,0.4436911256424623,0.44581918450225655,4.401319340350752,4.412025721828093,0.4418504070064753,0.4458235578322,4.391955037618934,4.412103053226621,0.4418504070064774,0.44582355783219807,4.391955037618968,4.412103053226587
978,19.54,19.56,0.02,5632021550004447595/288230376151711744,2818893078763740915/144115188075855872,True,978,0,0.4455415824282446,0.4477086861753879,4.410574728899832,4.421202884547321,0.44554158242824504,0.4477086861753875,4.41057472889984,4.421202884547314,0.4436681909931949,0.4477121002699889,4.4012803019285975,4.421281033976573,0.443668190993197,0.4477121002699868,4.401280301928632,4.4212810339765385
979,19.56,19.580000000000002,0.02,2818893078763740915/144115188075855872,5643550765050516065/288230376151711744,True,979,0,0.4474260442935006,0.4496332499878505,4.419758688715058,4.430306922087417,0.447426044293501,0.44963324998785004,4.419758688715065,4.430306922087411,0.44551912766911855,0.449635655751637,4.4105356962955495,4.430385913831297,0.4455191276691206,0.44963565575163494,4.410535696295581,4.430385913831266
980,19.580000000000002,19.6,0.02,5643550765050516065/288230376151711744,1412328843143387575/72057594037927936,True,980,0,0.4493454295629985,0.45159384199669445,4.428869608230165,4.43933616158711,0.44934542956299894,0.45159384199669395,4.428869608230171,4.439336161587103,0.4474040971754272,0.4515951878180535,4.4197196673050065,4.439416020911267,0.4474040971754292,0.4515951878180515,4.41971966730504,4.439416020911233
981,19.6,19.62,0.02,1412328843143387575/72057594037927936,5655079980096584535/288230376151711744,True,981,0,0.45130069807039086,0.4535914721285267,4.437905814562179,4.4482888675890315,0.4513006980703913,0.45359147212852624,4.437905814562186,4.448288867589024,0.44932401934123267,0.4535917037115571,4.428830602985009,4.44836962080411,0.4493240193412348,0.453591703711555,4.428830602985042,4.448369620804077
982,19.62,19.64,0.02,5655079980096584535/288230376151711744,2830422293809809385/144115188075855872,True,982,0,0.45329285321416163,0.4556271963676292,4.44686557360169,4.457163235955857,0.453292853214162,0.4556271963676288,4.4468655736016975,4.457163235955851,0.4512789155113488,0.4556271966592701,4.437866833091629,4.45724491045979,0.45127891551135085,0.4556271966592682,4.43786683309166,4.457244910459759
983,19.64,19.66,0.02,2830422293809809385/144115188075855872,5666609195142653005/288230376151711744,True,983,0,0.45532294412398905,0.4577021191186872,4.455747083534918,4.465957393981913,0.45532294412398944,0.45770211911868675,4.455747083534925,4.465957393981906,0.4532704394678789,0.45770211933811444,4.4468266227858475,4.466040018333763,0.4532704394678811,0.45770211933811217,4.446826622785881,4.4660400183337305
984,19.66,19.68,0.02,5666609195142653005/288230376151711744,709046725333210905/36028797018963968,True,984,0,0.45739206674651367,0.4598173969562903,4.464548472729837,4.47466939574094,0.4573920667465141,0.4598173969562899,4.4645484727298435,4.474669395740934,0.45529986889119495,0.45981739709614605,4.455708170724899,4.474752999729288,0.455299868891197,0.459817397096144,4.455708170724932,4.4747529997292546
985,19.68,19.7,0.02,709046725333210905/36028797018963968,5678138410188721475/288230376151711744,True,985,0,0.45950137004594144,0.46197423758720446,4.473267796342012,4.483297218286609,0.4595013700459418,0.4619742375872041,4.47326779634202,4.4832972182866015,0.45736830067156214,0.46197423763948814,4.464509605877937,4.483381833002398,0.4573683006715642,0.46197423763948614,4.46450960587797,4.483381833002365
986,19.7,19.72,0.02,5678138410188721475/288230376151711744,2841951508855877855/144115188075855872,True,986,0,0.46165205497845,0.46417390639375106,4.481903032352829,4.4918387579589565,0.46165205497845047,0.46417390639375067,4.481903032352835,4.49183875795895,0.4594768808888061,0.4641739063937638,4.473228983787888,4.4919244158747755,0.4594768808888083,0.46417390639376155,4.4732289837879256,4.491924415874739
987,19.72,19.740000000000002,0.02,2841951508855877855/144115188075855872,5689667625234789945/288230376151711744,True,987,0,0.46384537851947794,0.4664177283036332,4.490452077863516,4.500291825941614,0.4638453785194784,0.4664177283036327,4.490452077863522,4.500291825941607,0.4616268087197303,0.4664177283036347,4.481864283109228,4.500378560994436,0.4616268087197323,0.46641772830363265,4.481864283109261,4.5003785609944025
988,19.740000000000002,19.76,0.02,5689667625234789945/288230376151711744,1423858058189456045/72057594037927936,True,988,0,0.4660826567126558,0.4687070910480566,4.498912744784848,4.5086541438914205,0.4660826567126562,0.46870709104805613,4.498912744784855,4.508654143891414,0.46381933932506714,0.46870709104805824,4.490413401556787,4.508741991572076,0.46381933932506925,0.4687070910480561,4.490413401556821,4.508741991572042
989,19.76,19.78,0.02,1423858058189456045/72057594037927936,5701196840280858415/288230376151711744,True,989,0,0.4683652676492784,0.47104344893111993,4.50728275534453,4.5169233391780494,0.46836526764927877,0.4710434489311195,4.507282755344537,4.516923339178042,0.46605578648664014,0.47104344893112154,4.498874151693,4.517012336626953,0.46605578648664214,0.47104344893111944,4.498874151693032,4.517012336626921
990,19.78,19.8,0.02,5701196840280858415/288230376151711744,2853480723901946325/144115188075855872,True,990,0,0.47069465403618005,0.4734283274876923,4.5155597372654075,4.525096939836228,0.4706946540361805,0.4734283274876919,4.515559737265414,4.525096939836221,0.46833752498910647,0.4734283274876942,4.507244256407309,4.525187125946115,0.4683375249891087,0.47342832748769187,4.507244256407343,4.525187125946081
991,19.8,19.82,0.02,2853480723901946325/144115188075855872,5712726055326926885/288230376151711744,True,991,0,0.4730723311539863,0.4758633232646328,4.523741218906097,4.5331723688922585,0.4730723311539867,0.4758633232646324,4.523741218906103,4.533172368892252,0.47066599832075073,0.4758633232646344,4.515521344382935,4.533263784417029,0.47066599832075273,0.4758633232646324,4.515521344382965,4.533263784416998
992,19.82,19.84,0.02,5712726055326926885/288230376151711744,178702833214061285/9007199254740992,True,992,0,0.4754998848045391,0.4783501141720497,4.531824623361508,4.541146939011074,0.47549988480453953,0.47835011417204926,4.531824623361514,4.5411469390110675,0.4730427163425344,0.4783501141720514,4.5237029445451755,4.541239626685415,0.47304271634253664,0.47835011417204926,4.523702944545208,4.541239626685381
993,19.84,19.86,0.02,178702833214061285/9007199254740992,5724255270372995355/288230376151711744,True,993,0,0.4779789812999037,0.48089045839263694,4.539807262068793,4.54901784686639,0.4779789812999041,0.48089045839263644,4.5398072620688,4.549017846866383,0.47546926497585323,0.48089045839263855,4.531786480039105,4.549111851540811,0.4754692649758554,0.48089045839263644,4.531786480039143,4.549111851540774
994,19.86,19.88,0.02,5724255270372995355/288230376151711744,2865009938948014795/144115188075855872,True,994,0,0.4805113677278377,0.4834862036698468,4.547686330267263,4.556782164817114,0.48051136772783803,0.48348620366984646,4.54768633026727,4.556782164817107,0.47794730614168596,0.4834862036698484,4.53976926411498,4.556877533586044,0.4779473061416879,0.48348620366984657,4.539769264115013,4.55687753358601
995,19.88,19.900000000000002,0.02,2865009938948014795/144115188075855872,5735784485419063825/288230376151711744,True,995,0,0.4830988785493953,0.4861392909697018,4.555458900515887,4.564436833622382,0.48309887854939576,0.4861392909697013,4.555458900515894,4.564436833622376,0.4804785840043945,0.48613929096970354,4.547648494089984,4.564533615960835,0.4804785840043967,0.4861392909697013,4.547648494090019,4.564533615960802
996,19.900000000000002,19.92,0.02,5735784485419063825/288230376151711744,1435387273235524515/72057594037927936,True,996,0,0.4857434407461045,0.488851760361839,4.563121910613657,4.571978659772171,0.48574344074610487,0.48885176036183864,4.563121910613663,4.571978659772164,0.4830649297349292,0.4888517603618406,4.555421239700886,4.572076907730477,0.4830649297349312,0.48885176036183864,4.55542123970092,4.572076907730443
997,19.92,19.94,0.02,1435387273235524515/72057594037927936,5747313700465132295/288230376151711744,True,997,0,0.4884470795423494,0.4916257571593905,4.570672164465119,4.5794042988098935,0.48844707954234984,0.49162575715939005,4.570672164465125,4.579404298809887,0.485708266816088,0.4916257571593924,4.56308444456943,4.579504067140079,0.4857082668160902,0.4916257571593901,4.563084444569466,4.579504067140043
998,19.94,19.96,0.02,5747313700465132295/288230376151711744,2876539153994083265/144115188075855872,True,998,0,0.491211924494868,0.49446353859897174,4.578106318570914,4.586710251876592,0.4912119244948684,0.49446353859897135,4.578106318570921,4.5867102518765845,0.488410616678441,0.4944635385989734,4.570634913206651,4.586811598221665,0.4884106166784431,0.49446353859897135,4.570634913206683,4.586811598221632
999,19.96,19.98,0.02,2876539153994083265/144115188075855872,5758842915511200765/288230376151711744,True,999,0,0.49404021607431037,0.4973674810160657,4.585420872824485,4.5938928566963995,0.4940402160743108,0.4973674810160653,4.585420872824492,4.593892856696392,0.49117410478817886,0.49736748101606737,4.578069302416986,4.593995841798471,0.491174104788181,0.4973674810160653,4.578069302417021,4.593995841798436
1000,19.98,20.0,0.02,5758842915511200765/288230376151711744,720575940379279375/36028797018963968,True,0,1,0.4969343127635595,0.5003400875795633,4.592612161756297,4.60094827675281,0.49693431276355987,0.5003400875795626,4.592612161756303,4.600948276752804,0.49400096720749515,0.5003400875795658,4.585384113214013,4.601052964670544,0.4940009672074972,0.5003400875795626,4.585384113214047,4.601052964670508
