schema,mode,step,t_after,t_after_hex,h,h_hex,status_code,endpoint_x_lo,endpoint_x_hi,endpoint_x_lo_hex,endpoint_x_hi_hex,endpoint_y_lo,endpoint_y_hi,endpoint_y_lo_hex,endpoint_y_hi_hex,segment_x_lo,segment_x_hi,segment_x_lo_hex,segment_x_hi_hex,segment_y_lo,segment_y_hi,segment_y_lo_hex,segment_y_hi_hex,prefix_x_lo,prefix_x_hi,prefix_x_lo_hex,prefix_x_hi_hex,prefix_y_lo,prefix_y_hi,prefix_y_lo_hex,prefix_y_hi_hex,tmvpre_term_count,tmv_term_count,tmvpre_component_count,tmv_component_count,tmvpre_remainder_x_lo,tmvpre_remainder_x_hi,tmvpre_remainder_x_lo_hex,tmvpre_remainder_x_hi_hex,tmvpre_remainder_y_lo,tmvpre_remainder_y_hi,tmvpre_remainder_y_lo_hex,tmvpre_remainder_y_hi_hex,domain_time_lo,domain_time_hi,domain_time_lo_hex,domain_time_hi_hex,queue_J_post_return,queue_Phi_L_post_return,queue_scalars,queue_max_size
flowstar_vdp_stock_reach_v1,stepwise,1,0.01,0x1.47ae147ae147bp-7,0.01,0x1.47ae147ae147bp-7,2,1.1233097182976843,1.4244225119339453,0x1.1f9139c75e164p+0,0x1.6ca6f42871456p+0,2.311664291358734,2.434298058178654,0x1.27e49d915bbf6p+1,0x1.3797142a4bfbep+1,1.0993097056396248,1.4245550681839452,0x1.196c5c61e5c78p+0,0x1.6cafa415337afp+0,2.3116590217343096,2.4610649331786534,0x1.27e4715ced155p+1,0x1.3b042cfcaad8dp+1,1.0993097056396248,1.4245550681839452,0x1.196c5c61e5c78p+0,0x1.6cafa415337afp+0,2.3116590217343096,2.4610649331786534,0x1.27e4715ced155p+1,0x1.3b042cfcaad8dp+1,32,2,3,3,-6.1601259820983703e-08,7.9016770190763941e-08,-0x1.08934d2c67c6p-24,0x1.535fdb8c9824fp-24,-6.1598855612242119e-06,7.9014240992311508e-06,-0x1.9d6207338b271p-18,0x1.0920b7589fcc2p-17,0,0.0099999999989999998,0x0p+0,0x1.47ae147a548aep-7,1,1,3,100
flowstar_vdp_stock_reach_v1,stepwise,2,0.02,0x1.47ae147ae147bp-6,0.01,0x1.47ae147ae147bp-7,2,1.1463431164287508,1.448566150802123,0x1.2576be130e637p+0,0x1.72d53b33c9a83p+0,2.2724661522317584,2.4165085009555138,0x1.22e02bbe8d1a2p+1,0x1.3550268b0e11cp+1,1.1226107177825237,1.44870624101504,0x1.1f636a7f03d8bp+0,0x1.72de6986abb26p+0,2.2724600705092985,2.4447766953733701,0x1.22dff8ba26d24p+1,0x1.38ee71585366fp+1,1.0993097056396248,1.44870624101504,0x1.196c5c61e5c78p+0,0x1.72de6986abb26p+0,2.2724600705092985,2.4610649331786534,0x1.22dff8ba26d24p+1,0x1.3b042cfcaad8dp+1,33,7,3,3,-6.6491734846433948e-08,8.349628881488235e-08,-0x1.1d946f84711f5p-24,0x1.669d23f318ac1p-24,-6.6489102431393157e-06,8.3493530559457061e-06,-0x1.be33687f5b03ap-18,0x1.18286589f1566p-17,0,0.0099999999989999998,0x0p+0,0x1.47ae147a548aep-7,2,2,3,100
flowstar_vdp_stock_reach_v1,stepwise,3,0.029999999999999999,0x1.eb851eb851eb8p-6,0.01,0x1.47ae147ae147bp-7,2,1.1691929266517309,1.4723117697196855,0x1.2b503a46af07bp+0,0x1.78e96c9476413p+0,2.2319465265461922,2.3971684239334445,0x1.1db06c7cf7e58p+1,0x1.32d66a37e6252p+1,1.1457431471448418,1.4724592094859461,0x1.254f6c429a6c1p+0,0x1.78f316356fa7ap+0,2.2319396559619262,2.4269002494421277,0x1.1db032da80406p+1,0x1.36a4aad9010c1p+1,1.0993097056396248,1.4724592094859461,0x1.196c5c61e5c78p+0,0x1.78f316356fa7ap+0,2.2319396559619262,2.4610649331786534,0x1.1db032da80406p+1,0x1.3b042cfcaad8dp+1,33,7,3,3,-7.1806099804682626e-08,8.8318273457076906e-08,-0x1.3467a4452c39dp-24,0x1.7b52f7f6e697dp-24,-7.1803229610990066e-06,8.8315278210370239e-06,-0x1.e1dd02590056ep-18,0x1.28563f0f7de78p-17,0,0.0099999999989999998,0x0p+0,0x1.47ae147a548aep-7,3,3,3,100
flowstar_vdp_stock_reach_v1,stepwise,4,0.040000000000000001,0x1.47ae147ae147bp-5,0.01,0x1.47ae147ae147bp-7,2,1.1918493120764078,1.4956431261045193,0x1.311d095920d64p+0,0x1.7ee277c91b2a5p+0,2.1902043979452102,2.3762655509239732,0x1.18589e225d723p+1,0x1.30297835ea39cp+1,1.1686967802003874,1.4957977074253459,0x1.2b2fb651e6b2bp+0,0x1.7eec993ad2d9ep+0,2.1901967676653804,2.4074186260796417,0x1.18585e2076bf8p+1,0x1.34264b25658b5p+1,1.0993097056396248,1.4957977074253459,0x1.196c5c61e5c78p+0,0x1.7eec993ad2d9ep+0,2.1901967676653804,2.4610649331786534,0x1.18585e2076bf8p+1,0x1.3b042cfcaad8dp+1,33,8,3,3,-7.7288996771357882e-08,9.3233370433922476e-08,-0x1.4bf42690f300bp-24,0x1.906f2cc583ed4p-24,-7.7285881039233021e-06,9.323013212698778e-06,-0x1.035410f91dbaap-17,0x1.38d412ddd5c61p-17,0,0.0099999999989999998,0x0p+0,0x1.47ae147a548aep-7,4,4,3,100
flowstar_vdp_stock_reach_v1,stepwise,5,0.050000000000000003,0x1.999999999999ap-5,0.01,0x1.47ae147ae147bp-7,2,1.2142984945840025,1.5185460892717926,0x1.36dc4421d200cp+0,0x1.84bf6fbee41b9p+0,2.147313247925057,2.3538216611420713,0x1.12db29170d864p+1,0x1.2d4a07379c5d1p+1,1.1914574153220059,1.5187075814482904,0x1.31035a69627cp+0,0x1.84ca052281f64p+0,2.1473048928127283,2.3863490950747446,0x1.12dae30095f23p+1,0x1.3173e31c17b56p+1,1.0993097056396248,1.5187075814482904,0x1.196c5c61e5c78p+0,0x1.84ca052281f64p+0,2.1473048928127283,2.4610649331786534,0x1.12dae30095f23p+1,0x1.3b042cfcaad8dp+1,33,9,3,3,-8.2801400272574617e-08,9.8110498435156986e-08,-0x1.63a11a369cf7ep-24,0x1.a561a243196c2p-24,-8.2798032475392851e-06,9.8107012229824451e-06,-0x1.15d2f7e48a34dp-17,0x1.493148248224fp-17,0,0.0099999999989999998,0x0p+0,0x1.47ae147a548aep-7,5,5,3,100
flowstar_vdp_stock_reach_v1,stepwise,6,0.059999999999999998,0x1.eb851eb851eb8p-5,0.01,0x1.47ae147ae147bp-7,2,1.236511290526765,1.5410071059660422,0x1.3c8c0101f27c6p+0,0x1.8a7f7113071b2p+0,2.1033608364573957,2.3298548169928086,0x1.0d3aed8a22c7bp+1,0x1.2a38aec1b4c24p+1,1.2139954003155511,1.541175256658369,0x1.36c8670dd9874p+0,0x1.8a8a762cc089bp+0,2.1033517967630382,2.3637054268612756,0x1.0d3aa1b58a405p+1,0x1.2e8de640df9a6p+1,1.0993097056396248,1.541175256658369,0x1.196c5c61e5c78p+0,0x1.8a8a762cc089bp+0,2.1033517967630382,2.4610649331786534,0x1.0d3aa1b58a405p+1,0x1.3b042cfcaad8dp+1,33,9,3,3,-8.8307637040308954e-08,1.0292618691163459e-07,-0x1.7b4746144c9dp-24,0x1.ba108a1059b79p-24,-8.8304011950478307e-06,1.0292244919807738e-05,-0x1.284c91957194ap-17,0x1.5959b5ee34dd4p-17,0,0.0099999999989999998,0x0p+0,0x1.47ae147a548aep-7,6,6,3,100
flowstar_vdp_stock_reach_v1,stepwise,7,0.070000000000000007,0x1.1eb851eb851ecp-4,0.01,0x1.47ae147ae147bp-7,2,1.2584870000306463,1.563013563121163,0x1.422c343b92a18p+0,0x1.9021a828cf50dp+0,2.0584354666487275,2.3043870614224464,0x1.077ad03917657p+1,0x1.26f627bd11461p+1,1.2363095238938313,1.5631880995683221,0x1.3c7ec7ecdb7a6p+0,0x1.902d186524701p+0,2.0584257876290146,2.3395056216664076,0x1.077a7f078e095p+1,0x1.2b74eb92eec47p+1,1.0993097056396248,1.5631880995683221,0x1.196c5c61e5c78p+0,0x1.902d186524701p+0,2.0584257876290146,2.4610649331786534,0x1.077a7f078e095p+1,0x1.3b042cfcaad8dp+1,33,9,3,3,-9.3734693673912102e-08,1.0761387150681739e-07,-0x1.929662b80637ep-24,0x1.ce32b3f9e3533p-24,-9.3730807942689648e-06,1.0760988047875339e-05,-0x1.3a8226a48c43bp-17,0x1.69142ef851977p-17,0,0.0099999999989999998,0x0p+0,0x1.47ae147a548aep-7,7,7,3,100
flowstar_vdp_stock_reach_v1,stepwise,8,0.080000000000000002,0x1.47ae147ae147bp-4,0.01,0x1.47ae147ae147bp-7,2,1.2802131748794479,1.5845537572522943,0x1.47bc0cf603fb9p+0,0x1.95a550a6270cp+0,2.0126263352160594,2.2774474394421564,0x1.019dbd606920ap+1,0x1.238365cf61aa1p+1,1.258386786049299,1.5847343876409554,0x1.4225a2ebccdfbp+0,0x1.95b1271fc3b5ap+0,2.0126160666868316,2.3137749604418936,0x1.019d673ce97cp+1,0x1.2829c724b3688p+1,1.0993097056396248,1.5847343876409554,0x1.196c5c61e5c78p+0,0x1.95b1271fc3b5ap+0,2.0126160666868316,2.4610649331786534,0x1.019d673ce97cp+1,0x1.3b042cfcaad8dp+1,33,9,3,3,-9.9024429717550668e-08,1.1212509618287278e-07,-0x1.a94e830c6cb22p-24,0x1.e192d8d63585ap-24,-9.9020281759048849e-06,1.1212085166220803e-05,-0x1.4c41c63c66f4ep-17,0x1.78371406146ccp-17,0,0.0099999999989999998,0x0p+0,0x1.47ae147a548aep-7,8,8,3,100
flowstar_vdp_stock_reach_v1,stepwise,9,0.089999999999999997,0x1.70a3d70a3d70ap-4,0.01,0x1.47ae147ae147bp-7,2,1.3016776426098386,1.6056169238878648,0x1.4d3abef8f191fp+0,0x1.9b09b5f200a3ep+0,1.9660240734267194,2.249069948486234,0x1.f74d5a8a8436ep+0,0x1.1fe1862995178p+1,1.2802144249310421,1.6058033388566575,0x1.47bc21eef23efp+0,0x1.9b15ed78326b5p+0,1.9660132692574046,2.2865439818551745,0x1.f74ca546f66cap+0,0x1.24ad7923777ffp+1,1.0993097056396248,1.6058033388566575,0x1.196c5c61e5c78p+0,0x1.9b15ed78326b5p+0,1.9660132692574046,2.4610649331786534,0x1.f74ca546f66cap+0,0x1.3b042cfcaad8dp+1,33,9,3,3,-1.0415962097469426e-07,1.164526032825301e-07,-0x1.bf5cb6e356c64p-24,0x1.f428fdcbfe0fcp-24,-1.0415521126684599e-05,1.1644810697430025e-05,-0x1.5d7ca52d20338p-17,0x1.86bc2987b7dddp-17,0,0.0099999999989999998,0x0p+0,0x1.47ae147a548aep-7,9,9,3,100
flowstar_vdp_stock_reach_v1,stepwise,10,0.10000000000000001,0x1.999999999999ap-4,0.01,0x1.47ae147ae147bp-7,2,1.3228685513034451,1.6261932533967238,0x1.52a7836cc1547p+0,0x1.a04e33785094cp+0,1.918722272108689,2.2192913643911591,0x1.eb316200d04a3p+0,0x1.1c11bd4b2d78cp+1,1.3017799646846151,1.6263851276607182,0x1.4d4173a6e890ap+0,0x1.a05ac69600e9fp+0,1.9187109896666623,2.2578463317874551,0x1.eb30a4b718178p+0,0x1.21011bcd35d9p+1,1.0993097056396248,1.6263851276607182,0x1.196c5c61e5c78p+0,0x1.a05ac69600e9fp+0,1.9187109896666623,2.4610649331786534,0x1.eb30a4b718178p+0,0x1.3b042cfcaad8dp+1,33,10,3,3,-1.0909233908770897e-07,1.2055850804158792e-07,-0x1.d48c4b9aa14efp-24,0x1.02e5bd9f23b6bp-23,-1.0908767022488314e-05,1.2055376355162146e-05,-0x1.6e09985f3199p-17,0x1.9482e4f59d6b2p-17,0,0.0099999999989999998,0x0p+0,0x1.47ae147a548aep-7,10,10,3,100
flowstar_vdp_stock_reach_v1,stepwise,11,0.11,0x1.c28f5c28f5c29p-4,0.01,0x1.47ae147ae147bp-7,2,1.3437575920666391,1.6462907224885925,0x1.58007f5fad8c7p+0,0x1.a5734f0ccbf5ap+0,1.8707713485068411,2.188196689397381,0x1.deeadf002175ap+0,0x1.1816d44116af3p+1,1.3230544412142775,1.6464877165672014,0x1.52b3b223d7c6cp+0,0x1.a580380febfe3p+0,1.8707596480611686,2.2277642314538162,0x1.deea1ab319647p+0,0x1.1d2760daa577bp+1,1.0993097056396248,1.6464877165672014,0x1.196c5c61e5c78p+0,0x1.a580380febfe3p+0,1.8707596480611686,2.4610649331786534,0x1.deea1ab319647p+0,0x1.3b042cfcaad8dp+1,33,10,3,3,-1.1377012883368958e-07,1.2440293269407449e-07,-0x1.e8a3945d24091p-24,0x1.0b273c4a9940ep-23,-1.1376520508343494e-05,1.2439794505133166e-05,-0x1.7dbb912a44c11p-17,0x1.a16905693c43cp-17,0,0.0099999999989999998,0x0p+0,0x1.47ae147a548aep-7,11,11,3,100
flowstar_vdp_stock_reach_v1,stepwise,12,0.12,0x1.eb851eb851eb8p-4,0.01,0x1.47ae147ae147bp-7,2,1.3643484529439667,1.6658866872659743,0x1.5d45f0b1be169p+0,0x1.aa778cc8a62ep+0,1.8222829905797542,2.1558139979313662,0x1.d281235898dcep+0,0x1.13f1b68cafe6cp+1,1.3440408595796769,1.6660884492963195,0x1.58130fd061e7ap+0,0x1.aa84c5c9f8968p+0,1.8222709346744927,2.1963233396740343,0x1.d2805914e0d83p+0,0x1.19211f89abb58p+1,1.0993097056396248,1.6660884492963195,0x1.196c5c61e5c78p+0,0x1.aa84c5c9f8968p+0,1.8222709346744927,2.4610649331786534,0x1.d2805914e0d83p+0,0x1.3b042cfcaad8dp+1,33,10,3,3,-1.1812184286092723e-07,1.2792156498844534e-07,-0x1.fb5456f7e275dp-24,0x1.12b59fc35120bp-23,-1.1811667092924919e-05,1.2791634141510739e-05,-0x1.8c55729fca45cp-17,0x1.ad374cf4255cp-17,0,0.0099999999989999998,0x0p+0,0x1.47ae147a548aep-7,12,12,3,100
flowstar_vdp_stock_reach_v1,stepwise,13,0.13,0x1.0a3d70a3d70a4p-3,0.01,0x1.47ae147ae147bp-7,2,1.3846305736434614,1.68497416834106,0x1.62772636d7239p+0,0x1.af5a7793a130dp+0,1.7733718226362534,2.1221720472019108,0x1.c5fbb21ddee1p+0,0x1.0fa355699bd98p+1,1.3647279523690254,1.6851803359579598,0x1.5d5ecfa35cacbp+0,0x1.af67fa7ecd3e3p+0,1.7733594754439563,2.1635503761611243,0x1.c5fae2f71560cp+0,0x1.14ef37fe6e25cp+1,1.0993097056396248,1.6851803359579598,0x1.196c5c61e5c78p+0,0x1.af67fa7ecd3e3p+0,1.7733594754439563,2.4610649331786534,0x1.c5fae2f71560cp+0,0x1.3b042cfcaad8dp+1,33,10,3,3,-1.2210743701087073e-07,1.3108341171056804e-07,-0x1.063945fe92123p-23,0x1.197fde2112c67p-23,-1.2210202570028561e-05,1.310779612566833e-05,-0x1.99b4d7680ff7p-17,0x1.b7d31c8266aa9p-17,0,0.0099999999989999998,0x0p+0,0x1.47ae147a548aep-7,13,13,3,100
flowstar_vdp_stock_reach_v1,stepwise,14,0.14000000000000001,0x1.1eb851eb851ecp-3,0.01,0x1.47ae147ae147bp-7,2,1.4045937201484129,1.7035473086695745,0x1.6793743c34543p+0,0x1.b41bad29ecb53p+0,1.7241287059115376,2.0873262335294456,0x1.b9607fb5fc1f8p+0,0x1.0b2d818a8bc1p+1,1.3851047580854843,1.703757510932741,0x1.629639b582da8p+0,0x1.b42973c5c53e8p+0,1.7241161325778107,2.12949908664371,0x1.b95facc3ed7d9p+0,0x1.10936d12ff90cp+1,1.0993097056396248,1.703757510932741,0x1.196c5c61e5c78p+0,0x1.b42973c5c53e8p+0,1.7241161325778107,2.4610649331786534,0x1.b95facc3ed7d9p+0,0x1.3b042cfcaad8dp+1,33,10,3,3,-1.2571624030475397e-07,1.3388622984012115e-07,-0x1.0df93be7ed621p-23,0x1.1f84bbb68b48fp-23,-1.2571057810493531e-05,1.3388054097337544e-05,-0x1.a5d09078dfbb7p-17,0x1.c13a824e7f887p-17,0,0.0099999999989999998,0x0p+0,0x1.47ae147a548aep-7,14,14,3,100
flowstar_vdp_stock_reach_v1,stepwise,15,0.14999999999999999,0x1.3333333333333p-3,0.01,0x1.47ae147ae147bp-7,2,1.4242281241898518,1.7216012591117444,0x1.6c9a36df7057dp+0,0x1.b8badc30a32a5p+0,1.6746428510684144,2.0513357355058686,0x1.acb564d5d1ac8p+0,0x1.06922b5c8e916p+1,1.4051607644821309,1.7218151184605377,0x1.67b89da912b76p+0,0x1.b8c8e0278bdf4p+0,1.6746301170583116,2.0942273908823106,0x1.acb48f31a97f6p+0,0x1.0c0fa4a51d0c2p+1,1.0993097056396248,1.7218151184605377,0x1.196c5c61e5c78p+0,0x1.b8c8e0278bdf4p+0,1.6746301170583116,2.4610649331786534,0x1.acb48f31a97f6p+0,0x1.3b042cfcaad8dp+1,33,10,3,3,-1.2892121377437848e-07,1.3631065673772076e-07,-0x1.14db2fd283fabp-23,0x1.24b993772000fp-23,-1.2891530507136253e-05,1.3630473356102382e-05,-0x1.b091676285932p-17,0x1.c95cdfe4eda32p-17,0,0.0099999999989999998,0x0p+0,0x1.47ae147a548aep-7,15,15,3,100
flowstar_vdp_stock_reach_v1,stepwise,16,0.16,0x1.47ae147ae147bp-3,0.01,0x1.47ae147ae147bp-7,2,1.443524505785629,1.7391321735074661,0x1.718ad26f52e72p+0,0x1.bd37c420a2ce9p+0,1.625001351416032,2.0142632391707891,0x1.a00016ac49a42p+0,0x1.01d360b8e3043p+1,1.4248859350121317,1.7393493077236386,0x1.6cc5531b68511p+0,0x1.bd45ff08fe46dp+0,1.6249885218727596,2.0577971087923559,0x1.9fff3f6dd1a25p+0,0x1.0765e54a0883dp+1,1.0993097056396248,1.7393493077236386,0x1.196c5c61e5c78p+0,0x1.bd45ff08fe46dp+0,1.6249885218727596,2.4610649331786534,0x1.9fff3f6dd1a25p+0,0x1.3b042cfcaad8dp+1,33,10,3,3,-1.3166785236169742e-07,1.3830900826689606e-07,-0x1.1ac12ad6a99a6p-23,0x1.29042e70be015p-23,-1.3166170760529198e-05,1.3830286070247114e-05,-0x1.b9c88bb0607ffp-17,0x1.d01140b30c8d7p-17,0,0.0099999999989999998,0x0p+0,0x1.47ae147a548aep-7,16,16,3,100
flowstar_vdp_stock_reach_v1,stepwise,17,0.17000000000000001,0x1.5c28f5c28f5c3p-3,0.01,0x1.47ae147ae147bp-7,2,1.4624740977065973,1.7561371944196207,0x1.7664b3d4e59e2p+0,0x1.c1923509524b8p+0,1.5752892826374385,1.9761741042223651,0x1.9346288eaac7p+0,0x1.f9e68bccd64fbp+0,1.4442707372156309,1.7563572185788703,0x1.71bbba1ee933bp+0,0x1.c1a0a06de3c81p+0,1.5752764217632693,2.0202731237811831,0x1.934550c9a215cp+0,0x1.02984f49d0606p+1,1.0993097056396248,1.7563572185788703,0x1.196c5c61e5c78p+0,0x1.c1a0a06de3c81p+0,1.5752764217632693,2.4610649331786534,0x1.934550c9a215cp+0,0x1.3b042cfcaad8dp+1,33,10,3,3,-1.339149618624317e-07,1.3984597574149223e-07,-0x1.1f948762be6d2p-23,0x1.2c512361e8c03p-23,-1.3390859331570287e-05,1.3983961530462064e-05,-0x1.c1529b14fa94ep-17,0x1.d539509c3812ep-17,0,0.0099999999989999998,0x0p+0,0x1.47ae147a548aep-7,17,17,3,100
flowstar_vdp_stock_reach_v1,stepwise,18,0.17999999999999999,0x1.70a3d70a3d70ap-3,0.01,0x1.47ae147ae147bp-7,2,1.4810686464180769,1.7726144551402725,0x1.7b2750977f23p+0,0x1.c5ca0f993e8c6p+0,1.5255888680489369,1.9371364767918686,0x1.868cfdf7696e9p+0,0x1.efe82d17b5b17p+0,1.4633061475534328,1.7728369835341176,0x1.769b3b4fc71a4p+0,0x1.c5d8a5016b176p+0,1.525576026834256,1.9817235006587848,0x1.868c2686d0935p+0,0x1.fb523b390b4b2p+0,1.0993097056396248,1.7728369835341176,0x1.196c5c61e5c78p+0,0x1.c5d8a5016b176p+0,1.525576026834256,2.4610649331786534,0x1.868c2686d0935p+0,0x1.3b042cfcaad8dp+1,33,9,3,3,-1.3564570856868947e-07,1.4090962329301354e-07,-0x1.234c045483cd8p-23,0x1.2e99e277a4858p-23,-1.3563913000335694e-05,1.4090306281793388e-05,-0x1.c721201fbfecdp-17,0x1.d8cacf3107115p-17,0,0.0099999999989999998,0x0p+0,0x1.47ae147a548aep-7,18,18,3,100
flowstar_vdp_stock_reach_v1,stepwise,19,0.19,0x1.851eb851eb852p-3,0.01,0x1.47ae147ae147bp-7,2,1.499300523313092,1.7885629643837206,0x1.7fd228ba8162fp+0,0x1.c9df432edd69ap+0,1.4759791205130148,1.8972209679003584,0x1.79d9c4842ea76p+0,0x1.e5b045fa6ae1ap+0,1.4819837664673174,1.7887876123941691,0x1.7b6349c22e167p+0,0x1.c9edfc26b90ebp+0,1.4759663562372143,1.9422191223428558,0x1.79d8ee5e08fdbp+0,0x1.f13545bc20de1p+0,1.0993097056396248,1.7887876123941691,0x1.196c5c61e5c78p+0,0x1.c9edfc26b90ebp+0,1.4759663562372143,2.4610649331786534,0x1.79d8ee5e08fdbp+0,0x1.3b042cfcaad8dp+1,33,9,3,3,-1.3685026876379108e-07,1.414940115477027e-07,-0x1.25e23b1b4802ep-23,0x1.2fdb27cd737cep-23,-1.3684349568158233e-05,1.4148726544410725e-05,-0x1.cb2baaeffee18p-17,0x1.dac0a2b5259b2p-17,0,0.0099999999989999998,0x0p+0,0x1.47ae147a548aep-7,19,19,3,100
flowstar_vdp_stock_reach_v1,stepwise,20,0.20000000000000001,0x1.999999999999ap-3,0.01,0x1.47ae147ae147bp-7,2,1.5171622873510771,1.8039830329456703,0x1.8464bf66e5bep+0,0x1.cdd1d5010a612p+0,1.4265246337716844,1.8565111795414644,0x1.6d30b7e8fcddfp+0,0x1.db445110c9fa3p+0,1.5002953847460472,1.804209418856356,0x1.80135bbbd2f25p+0,0x1.cde0ab211f8bp+0,1.4265120051269746,1.9018442271218845,0x1.6d2fe4095f2a6p+0,0x1.e6df4365932cp+0,1.0993097056396248,1.804209418856356,0x1.196c5c61e5c78p+0,0x1.cde0ab211f8bp+0,1.4265120051269746,2.4610649331786534,0x1.6d2fe4095f2a6p+0,0x1.3b042cfcaad8dp+1,33,9,3,3,-1.3758907562801218e-07,1.4166262027609178e-07,-0x1.277864edd41acp-23,0x1.3037d95f1a14dp-23,-1.3758212502145552e-05,1.4165570432581974e-05,-0x1.cda6253f3e4c4p-17,0x1.db5152cf35559p-17,0,0.0099999999989999998,0x0p+0,0x1.47ae147a548aep-7,20,20,3,100
flowstar_vdp_stock_reach_v1,stepwise,21,0.20999999999999999,0x1.ae147ae147ae1p-3,0.01,0x1.47ae147ae147bp-7,2,1.5346445508593418,1.8188783898393099,0x1.88de771cecec6p+0,0x1.d1a2039fc2cf4p+0,1.3769990210531278,1.8153796201740362,0x1.608302020c154p+0,0x1.d0bcb80278ee6p+0,1.5182308529221797,1.8191061365681795,0x1.84aac6f51435fp+0,0x1.d1b0f0948363cp+0,1.3769865838126569,1.8609723074773765,0x1.6082315881916p+0,0x1.dc68ae5f60825p+0,1.0993097056396248,1.8191061365681795,0x1.196c5c61e5c78p+0,0x1.d1b0f0948363cp+0,1.3769865838126569,2.4610649331786534,0x1.6082315881916p+0,0x1.3b042cfcaad8dp+1,33,9,3,3,-1.3874041546019213e-07,1.4230614310611797e-07,-0x1.29f1599af1267p-23,0x1.3199a128859f6p-23,-1.3873330025016405e-05,1.4229906876944839e-05,-0x1.d182ff5b61a85p-17,0x1.dd79f82590d2p-17,0,0.0099999999989999998,0x0p+0,0x1.47ae147a548aep-7,21,21,3,100
flowstar_vdp_stock_reach_v1,stepwise,22,0.22,0x1.c28f5c28f5c29p-3,0.01,0x1.47ae147ae147bp-7,2,1.551742499404354,1.833249639300438,0x1.8d3eff16c147bp+0,0x1.d54fd92e32fd5p+0,1.327585938322468,1.7737860987429184,0x1.53dcac0bb9771p+0,0x1.c616d88433445p+0,1.5357846045774493,1.8334783760406546,0x1.89292e0a5c459p+0,0x1.d55ed6bf048eap+0,1.327573744933443,1.8195644814446705,0x1.53dbdf7984734p+0,0x1.d1cefa54c49f8p+0,1.0993097056396248,1.8334783760406546,0x1.196c5c61e5c78p+0,0x1.d55ed6bf048eap+0,1.327573744933443,2.4610649331786534,0x1.53dbdf7984734p+0,0x1.3b042cfcaad8dp+1,33,9,3,3,-1.3954029205623062e-07,1.426611168484642e-07,-0x1.2ba9163a75fc7p-23,0x1.325cc7456e98bp-23,-1.3953302696302158e-05,1.4265389737953929e-05,-0x1.d431f51ef4eebp-17,0x1.deaac3c8849d6p-17,0,0.0099999999989999998,0x0p+0,0x1.47ae147a548aep-7,22,22,3,100
flowstar_vdp_stock_reach_v1,stepwise,23,0.23000000000000001,0x1.d70a3d70a3d71p-3,0.01,0x1.47ae147ae147bp-7,2,1.5684524826681576,1.8470976403048185,0x1.91861a1663c64p+0,0x1.d8db6415a0c27p+0,1.2785222454468368,1.7316339964365577,0x1.474d3bdf6714p+0,0x1.bb4c5d9756384p+0,1.5529522504659432,1.8473270040622607,0x1.8d8e475800363p+0,0x1.d8ea6c2b770ecp+0,1.2785103446830266,1.7775257433130804,0x1.474c743602e3bp+0,0x1.c70bed5753e8dp+0,1.0993097056396248,1.8473270040622607,0x1.196c5c61e5c78p+0,0x1.d8ea6c2b770ecp+0,1.2785103446830266,2.4610649331786534,0x1.474c743602e3bp+0,0x1.3b042cfcaad8dp+1,33,9,3,3,-1.3981247685028019e-07,1.4254670157193503e-07,-0x1.2c3eb8d52847bp-23,0x1.321de0c0a877ep-23,-1.3980508085497535e-05,1.4253935457566919e-05,-0x1.d51ba66789804p-17,0x1.de485f8de85ep-17,0,0.0099999999989999998,0x0p+0,0x1.47ae147a548aep-7,23,23,3,100
flowstar_vdp_stock_reach_v1,stepwise,24,0.23999999999999999,0x1.eb851eb851eb8p-3,0.01,0x1.47ae147ae147bp-7,2,1.5847697679928909,1.8604257181898123,0x1.95b378b5380ebp+0,0x1.dc44dc204336ep+0,1.2298727221415819,1.6889950346947942,0x1.3ad8f04fd730ep+0,0x1.b061fa851edadp+0,1.5697283350954025,1.8606553552073579,0x1.91d9b756d6db4p+0,0x1.dc53e8cbbe2c7p+0,1.2298611588174049,1.73492970867379,0x1.3ad82e4fbdcd7p+0,0x1.bc245a779cdc4p+0,1.0993097056396248,1.8606553552073579,0x1.196c5c61e5c78p+0,0x1.dc53e8cbbe2c7p+0,1.2298611588174049,2.4610649331786534,0x1.3ad82e4fbdcd7p+0,0x1.3b042cfcaad8dp+1,33,9,3,3,-1.3956703231428327e-07,1.4197229925416655e-07,-0x1.2bb7c995ca5ep-23,0x1.30e218d024dbap-23,-1.3955952507765473e-05,1.4196484305777305e-05,-0x1.d448b81e32556p-17,0x1.dc5adf22af085p-17,0,0.0099999999989999998,0x0p+0,0x1.47ae147a548aep-7,24,24,3,100
flowstar_vdp_stock_reach_v1,stepwise,25,0.25,0x1p-2,0.01,0x1.47ae147ae147bp-7,2,1.6006902130570166,1.8732379522078271,0x1.99c6d5741b6ecp+0,0x1.df8c85be5bcf1p+0,1.1816964115135093,1.6459424610167446,0x1.2e83a7f14046dp+0,0x1.a55c7c312a28p+0,1.58610797024483,1.8734675612348886,0x1.960b2c0420616p+0,0x1.df9b91f19ee7cp+0,1.1816726363331072,1.6918643656664485,0x1.2e82190fa0f8dp+0,0x1.b11e05e7ce206p+0,1.0993097056396248,1.8734675612348886,0x1.196c5c61e5c78p+0,0x1.df9b91f19ee7cp+0,1.1816726363331072,2.4610649331786534,0x1.2e82190fa0f8dp+0,0x1.3b042cfcaad8dp+1,33,9,3,3,-1.3881954642143784e-07,1.4095197839907672e-07,-0x1.2a1cda4c485a7p-23,0x1.2eb12b6b29671p-23,-1.3881194806401377e-05,1.4094443186478509e-05,-0x1.d1c68e31b220dp-17,0x1.d8ee585753d0dp-17,0,0.0099999999989999998,0x0p+0,0x1.47ae147a548aep-7,25,25,3,100
flowstar_vdp_stock_reach_v1,stepwise,26,0.26000000000000001,0x1.0a3d70a3d70a4p-2,0.01,0x1.47ae147ae147bp-7,2,1.6162101842523586,1.8855392129099382,0x1.9dbff35cd375bp+0,0x1.e2b2b2a6c6158p+0,1.1340311161586356,1.6025661299710323,0x1.224fdcfc8c373p+0,0x1.9a41c61de7227p+0,1.6020868139616304,1.8857685302881815,0x1.9a225c87516bp+0,0x1.e2c1b9f569e9ep+0,1.1339748125976954,1.6484297133763821,0x1.224c2c5e9846dp+0,0x1.a5ff7d5cb4ca8p+0,1.0993097056396248,1.8857685302881815,0x1.196c5c61e5c78p+0,0x1.e2c1b9f569e9ep+0,1.1339748125976954,2.4610649331786534,0x1.224c2c5e9846dp+0,0x1.3b042cfcaad8dp+1,33,9,3,3,-1.3759409019323743e-07,1.3950751663620721e-07,-0x1.277b26aa94c7bp-23,0x1.2b97117f81723p-23,-1.375864210800498e-05,1.3949989897581566e-05,-0x1.cda9d5f5d7872p-17,0x1.d41580331241cp-17,0,0.0099999999989999998,0x0p+0,0x1.47ae147a548aep-7,26,26,3,100
flowstar_vdp_stock_reach_v1,stepwise,27,0.27000000000000002,0x1.147ae147ae148p-2,0.01,0x1.47ae147ae147bp-7,2,1.6313268174649509,1.8973348531406493,0x1.a19ea2621987ap+0,0x1.e5b7bca7ccd03p+0,1.0869454366691318,1.558920090608942,0x1.16420e5f07c5bp+0,0x1.8f1563163e25bp+0,1.6176614155855751,1.8975635558228574,0x1.9e1f0efbf0ec9p+0,0x1.e5c6b9a657346p+0,1.086857928531165,1.604660742207791,0x1.163c523a708d8p+0,0x1.9acb0be0f521fp+0,1.0993097056396248,1.8975635558228574,0x1.196c5c61e5c78p+0,0x1.e5c6b9a657346p+0,1.086857928531165,2.4610649331786534,0x1.163c523a708d8p+0,0x1.3b042cfcaad8dp+1,33,9,3,3,-1.3591278013008544e-07,1.3765806143139913e-07,-0x1.23ded74f97058p-23,0x1.279e51d15600fp-23,-1.3590506080865115e-05,1.3765039216721951e-05,-0x1.c8058eed31f06p-17,0x1.cde0c959e56a7p-17,0,0.0099999999989999998,0x0p+0,0x1.47ae147a548aep-7,27,27,3,100
flowstar_vdp_stock_reach_v1,stepwise,28,0.28000000000000003,0x1.1eb851eb851ecp-2,0.01,0x1.47ae147ae147bp-7,2,1.6460377892884184,1.9086308851046394,0x1.a562bb88f9514p+0,0x1.e89c089fa8f32p+0,1.0404901289054131,1.5150709045649735,0x1.0a5d8fa375a6ap+0,0x1.83dbafd23a4a7p+0,1.6328288191274947,1.9088586634184304,0x1.a20111ca1e6f8p+0,0x1.e8aaf61c1184ap+0,1.0403728243099968,1.5606266887585833,0x1.0a55df980effcp+0,0x1.8f853b0d7b9e7p+0,1.0993097056396248,1.9088586634184304,0x1.196c5c61e5c78p+0,0x1.e8aaf61c1184ap+0,1.0403728243099968,2.4610649331786534,0x1.0a55df980effcp+0,0x1.3b042cfcaad8dp+1,33,9,3,3,-1.3397989991680728e-07,1.3560439309532014e-07,-0x1.1fb83a9ab9482p-23,0x1.23354db1b609ep-23,-1.3397215122680863e-05,1.3559669218646239e-05,-0x1.c189339d49da6p-17,0x1.c6fcabf30b98bp-17,0,0.0099999999989999998,0x0p+0,0x1.47ae147a548aep-7,28,28,3,100
flowstar_vdp_stock_reach_v1,stepwise,29,0.28999999999999998,0x1.28f5c28f5c28fp-2,0.01,0x1.47ae147ae147bp-7,2,1.6603413257699708,1.9194339169020642,0x1.a90c210e611a4p+0,0x1.eb60056bed73cp+0,0.99470869637140646,1.4710867785790349,0x1.fd4a754fec894p-1,0x1.789924a3932fdp+0,1.647586645599783,1.9196604753706146,0x1.a5c83d082d6acp+0,0x1.eb6ede7123fe9p+0,0.99456307431236202,1.5163985988901623,0x1.fd375f0bf62d1p-1,0x1.8432b2d5eef7dp+0,1.0993097056396248,1.9196604753706146,0x1.196c5c61e5c78p+0,0x1.eb6ede7123fe9p+0,0.99456307431236202,2.4610649331786534,0x1.fd375f0bf62d1p-1,0x1.3b042cfcaad8dp+1,33,9,3,3,-1.3169596573301855e-07,1.332430931105695e-07,-0x1.1ad09f719c821p-23,0x1.1e232a43dc106p-23,-1.3168820789562932e-05,1.332353800529743e-05,-0x1.b9df4f2a191a5p-17,0x1.bf1051eb7d40bp-17,0,0.0099999999989999998,0x0p+0,0x1.47ae147a548aep-7,29,29,3,100
flowstar_vdp_stock_reach_v1,stepwise,30,0.29999999999999999,0x1.3333333333333p-2,0.01,0x1.47ae147ae147bp-7,2,1.6742362243184714,1.9297510733943057,0x1.ac9abec539f26p+0,0x1.ee042a95a641ap+0,0.94964529499103856,1.4270294334839733,0x1.e637e87992d54p-1,0x1.6d51cd0b3e3ap+0,1.66193311643214,1.9299761314229806,0x1.a97472df37249p+0,0x1.ee12ea6e85b57p+0,0.94947289206081531,1.4720411698948206,0x1.e6214f97adf26p-1,0x1.78d7b0ab10577p+0,1.0993097056396248,1.9299761314229806,0x1.196c5c61e5c78p+0,0x1.ee12ea6e85b57p+0,0.94947289206081531,2.4610649331786534,0x1.e6214f97adf26p-1,0x1.3b042cfcaad8dp+1,33,9,3,3,-1.2904633439246885e-07,1.3055526092045994e-07,-0x1.151ff8fbde1bap-23,0x1.185d8383760cap-23,-1.2903858701785532e-05,1.3054755475920834e-05,-0x1.b0fb4d5f20176p-17,0x1.b60b7ee318a3fp-17,0,0.0099999999989999998,0x0p+0,0x1.47ae147a548aep-7,30,30,3,100
flowstar_vdp_stock_reach_v1,stepwise,31,0.31,0x1.3d70a3d70a3d7p-2,0.01,0x1.47ae147ae147bp-7,2,1.6877218395619675,1.9395899514198729,0x1.b00e89d9a9e25p+0,0x1.f088f790ffa32p+0,0.90533549700103455,1.3829632283527713,0x1.cf88225f0e00cp-1,0x1.6209e0cd5881fp+0,1.675867040570711,1.9398132438506521,0x1.ad059f53b20cep+0,0x1.f09799caafac6p+0,0.9051378944222328,1.4276218482013645,0x1.cf6e3bedd3dc6p-1,0x1.6d78a01d1476cp+0,1.0993097056396248,1.9398132438506521,0x1.196c5c61e5c78p+0,0x1.f09799caafac6p+0,0.9051378944222328,2.4610649331786534,0x1.cf6e3bedd3dc6p-1,0x1.3b042cfcaad8dp+1,33,8,3,3,-1.2606625749939013e-07,1.2757168399829751e-07,-0x1.0eb9a87262cfp-23,0x1.11f54664245fp-23,-1.2605853953699356e-05,1.2756400327709326e-05,-0x1.a6fb760012277p-17,0x1.ac08a4fa4ebd3p-17,0,0.0099999999989999998,0x0p+0,0x1.47ae147a548aep-7,31,31,3,100
flowstar_vdp_stock_reach_v1,stepwise,32,0.32000000000000001,0x1.47ae147ae147bp-2,0.01,0x1.47ae147ae147bp-7,2,1.7007457244235706,1.949019893185115,0x1.b364126136085p+0,0x1.f2f2f7bc7bc58p+0,0.86181052185531248,1.3389495645118668,0x1.b93f3a8d6f3ccp-1,0x1.56c5660e9268bp+0,1.6893354565346541,1.9492411707220967,0x1.b07849d9ca213p+0,0x1.f301782844a6p+0,0.86158933294515216,1.3832052076021939,0x1.b9223caf29ecbp-1,0x1.6219bc8a4eedap+0,1.0993097056396248,1.9492411707220967,0x1.196c5c61e5c78p+0,0x1.f301782844a6p+0,0.86158933294515216,2.4610649331786534,0x1.b9223caf29ecbp-1,0x1.3b042cfcaad8dp+1,33,9,3,3,-1.2300541725601554e-07,1.2453142796197517e-07,-0x1.0826f17a8cc9ap-23,0x1.0b6de0648613ap-23,-1.2299774153882145e-05,1.2452378544234082e-05,-0x1.9cb641670546cp-17,0x1.a1d51e01760c1p-17,0,0.0099999999989999998,0x0p+0,0x1.47ae147a548aep-7,32,32,3,100
flowstar_vdp_stock_reach_v1,stepwise,33,0.33000000000000002,0x1.51eb851eb851fp-2,0.01,0x1.47ae147ae147bp-7,2,1.7133462736408047,1.9579933653636377,0x1.b69ddc8402becp+0,0x1.f53f0d9e0594ep+0,0.81909787782617305,1.2950500055579341,0x1.a360cc0af90bap-1,0x1.4b8865ac8e527p+0,1.7023762766630148,1.9582123948741239,0x1.b3ceee81c0ff6p+0,0x1.f54d68529b2ffp+0,0.81885473600364211,1.338856044385399,0x1.a340ed8e9ee71p-1,0x1.56bf450cafed3p+0,1.0993097056396248,1.9582123948741239,0x1.196c5c61e5c78p+0,0x1.f54d68529b2ffp+0,0.81885473600364211,2.4610649331786534,0x1.a340ed8e9ee71p-1,0x1.3b042cfcaad8dp+1,33,9,3,3,-1.1970660560688902e-07,1.2127684991296746e-07,-0x1.011167033d622p-23,0x1.0470a7409d19p-23,-1.1969898869523485e-05,1.2126926205085806e-05,-0x1.91a4a5fb0e5ap-17,0x1.96e980be4bf75p-17,0,0.0099999999989999998,0x0p+0,0x1.47ae147a548aep-7,33,33,3,100
flowstar_vdp_stock_reach_v1,stepwise,34,0.34000000000000002,0x1.5c28f5c28f5c3p-2,0.01,0x1.47ae147ae147bp-7,2,1.7255335731170307,1.9665189347019183,0x1.b9bc9178b00b4p+0,0x1.f76dc8ef826e8p+0,0.77722108875791407,1.2513217141993869,0x1.8defec2bf4192p-1,0x1.40569eaf42d29p+0,1.7149991369505695,1.9667354993986625,0x1.b70a2ef5def4bp+0,0x1.f77bfa49ccaafp+0,0.7769576361867585,1.2946347904070603,0x1.8dcd642b99646p-1,0x1.4b6d2f850fe85p+0,1.0993097056396248,1.9667354993986625,0x1.196c5c61e5c78p+0,0x1.f77bfa49ccaafp+0,0.7769576361867585,2.4610649331786534,0x1.8dcd642b99646p-1,0x1.3b042cfcaad8dp+1,33,9,3,3,-1.1619510839734966e-07,1.1782907209217117e-07,-0x1.f30ddf6e16d95p-24,0x1.fa126f52aef44p-24,-1.1618756610348509e-05,1.178215547116766e-05,-0x1.85dc5bfc9bf81p-17,0x1.8b57f1e1b24d3p-17,0,0.0099999999989999998,0x0p+0,0x1.47ae147a548aep-7,34,34,3,100
flowstar_vdp_stock_reach_v1,stepwise,35,0.35000000000000003,0x1.6666666666667p-2,0.01,0x1.47ae147ae147bp-7,2,1.7373077141256223,1.9746069599272094,0x1.bcc032c742109p+0,0x1.f97fd77b57628p+0,0.73589520948806031,1.2081245663819518,0x1.78c741c4118e3p-1,0x1.3547a6ce1acb4p+0,1.7272037115053489,1.9748208594383054,0x1.ba2a05be71febp+0,0x1.f98ddc1ebf02bp+0,0.73561308643210122,1.2509046047438759,0x1.78a247497892fp-1,0x1.403b48bfca6edp+0,1.0993097056396248,1.9748208594383054,0x1.196c5c61e5c78p+0,0x1.f98ddc1ebf02bp+0,0.73561308643210122,2.4610649331786534,0x1.78a247497892fp-1,0x1.3b042cfcaad8dp+1,33,9,3,3,-1.1251023000084351e-07,1.1422319346887295e-07,-0x1.e33a4e5e83c23p-24,0x1.ea95bab8b21c9p-24,-1.1250277710400275e-05,1.14215761469926e-05,-0x1.797f26510bf1ep-17,0x1.7f3e978ff28c4p-17,0,0.0099999999989999998,0x0p+0,0x1.47ae147a548aep-7,35,35,3,100
flowstar_vdp_stock_reach_v1,stepwise,36,0.35999999999999999,0x1.70a3d70a3d70ap-2,0.01,0x1.47ae147ae147bp-7,2,1.7486707847423795,1.9822665210661545,0x1.bfa8e377f06ddp+0,0x1.fb75d197ef50fp+0,0.69513247313055726,1.165515009329313,0x1.63e8674cf778ap-1,0x1.2a5f311011086p+0,1.7389917040169958,1.9824775713997866,0x1.bd2e8f70c4afep+0,0x1.fb83a66e3730dp+0,0.69483330808138466,1.2077252107046348,0x1.63c130fcc317ap-1,0x1.352d7aba87f73p+0,1.0993097056396248,1.9824775713997866,0x1.196c5c61e5c78p+0,0x1.fb83a66e3730dp+0,0.69483330808138466,2.4610649331786534,0x1.63c130fcc317ap-1,0x1.3b042cfcaad8dp+1,33,9,3,3,-1.0868247921948565e-07,1.1048575900131336e-07,-0x1.d2c9a64ea21bcp-24,0x1.da88607116c77p-24,-1.0867512529180163e-05,1.1047842216897458e-05,-0x1.6ca738c81b84fp-17,0x1.72b43df5688ecp-17,0,0.0099999999989999998,0x0p+0,0x1.47ae147a548aep-7,36,36,3,100
flowstar_vdp_stock_reach_v1,stepwise,37,0.37,0x1.7ae147ae147aep-2,0.01,0x1.47ae147ae147bp-7,2,1.7596270680978625,1.9895051589960604,0x1.c276eb66a2fdcp+0,0x1.fd5035c91c821p+0,0.65528691209974188,1.1232015065627763,0x1.4f81c421ee311p-1,0x1.1f8a2249814b3p+0,1.7503670458426284,1.9897131924079074,0x1.c0180e01e3e59p+0,0x1.fd5dd801cfcccp+0,0.6549723127209649,1.1648083213793365,0x1.4f5887edd8143p-1,0x1.2a30e0ce6ed31p+0,1.0993097056396248,1.9897131924079074,0x1.196c5c61e5c78p+0,0x1.fd5dd801cfcccp+0,0.6549723127209649,2.4610649331786534,0x1.4f5887edd8143p-1,0x1.3b042cfcaad8dp+1,33,9,3,3,-1.0474518308820336e-07,1.0664641865705669e-07,-0x1.c1e08bf865effp-24,0x1.ca0afa3530688p-24,-1.0473793864503509e-05,1.0663918779468497e-05,-0x1.5f7134482aab2p-17,0x1.65d25d6430c1p-17,0,0.0099999999989999998,0x0p+0,0x1.47ae147a548aep-7,37,37,3,100
flowstar_vdp_stock_reach_v1,stepwise,38,0.38,0x1.851eb851eb852p-2,0.01,0x1.47ae147ae147bp-7,2,1.7701795769523028,1.9963322794896685,0x1.c52a7d1f0ea85p+0,0x1.ff0fa1dc5b754p+0,0.61636874508060813,1.0812302481256428,0x1.3b94af24cba8ep-1,0x1.14cb816b25462p+0,1.7613324302288393,1.9965371442611703,0x1.c2e6aea13791bp+0,0x1.ff1d0eebd9d89p+0,0.61604028999778659,1.1222033320350402,0x1.3b69a2051e218p-1,0x1.1f48b7b28d7f8p+0,1.0993097056396248,1.9965371442611703,0x1.196c5c61e5c78p+0,0x1.ff1d0eebd9d89p+0,0.61604028999778659,2.4610649331786534,0x1.3b69a2051e218p-1,0x1.3b042cfcaad8dp+1,33,9,3,3,-1.0072601052404939e-07,1.0272948481513312e-07,-0x1.b09d6b7766eap-24,0x1.b938435888cadp-24,-1.0071888748938725e-05,1.0272237219206102e-05,-0x1.51f4dd961466bp-17,0x1.58add88815b1bp-17,0,0.0099999999989999998,0x0p+0,0x1.47ae147a548aep-7,38,38,3,100
flowstar_vdp_stock_reach_v1,stepwise,39,0.39000000000000001,0x1.8f5c28f5c28f6p-2,0.01,0x1.47ae147ae147bp-7,2,1.7803317510244312,2.0027573956200979,0x1.c7c3d256ae2b3p+0,0x1.005a5ab601569p+1,0.57838495030495873,1.0396447027235205,0x1.2822127c1de46p-1,0x1.0a2627bda83bdp+0,1.7718910091178417,2.0029589557560645,0x1.c59aa6303cd14p+0,0x1.0060f58519ef1p+1,0.57804418175632077,1.0799568561233117,0x1.27f5683092ad3p-1,0x1.14780d7223fe7p+0,1.0993097056396248,2.0029589557560645,0x1.196c5c61e5c78p+0,0x1.0060f58519ef1p+1,0.57804418175632077,2.4610649331786534,0x1.27f5683092ad3p-1,0x1.3b042cfcaad8dp+1,33,9,3,3,-9.6651996146300096e-08,9.8758978398007525e-08,-0x1.9f1dfe5d43f5bp-24,0x1.a82aa525010e1p-24,-9.6645005263892302e-06,9.8751995143903107e-06,-0x1.44496d692bcacp-17,0x1.4b5b5162a6f5dp-17,0,0.0099999999989999998,0x0p+0,0x1.47ae147a548aep-7,39,39,3,100
flowstar_vdp_stock_reach_v1,stepwise,40,0.40000000000000002,0x1.999999999999ap-2,0.01,0x1.47ae147ae147bp-7,2,1.7900874342287532,2.0087900916431636,0x1.ca432b8afe384p+0,0x1.012008a2117p+1,0.54133947273269112,0.99848556109010689,0x1.152a7286d7721p-1,0x1.ff397fdcd2084p-1,1.7820463697093485,2.008988226497332,0x1.c83430dddb6ffp+0,0x1.012686b56d735p+1,0.54098789008291992,1.0381126542348138,0x1.14fc5d5ee059ap-1,0x1.09c1c03b80958p+0,1.0993097056396248,2.008988226497332,0x1.196c5c61e5c78p+0,0x1.012686b56d735p+1,0.54098789008291992,2.4610649331786534,0x1.14fc5d5ee059ap-1,0x1.3b042cfcaad8dp+1,33,9,3,3,-9.2550057826671678e-08,9.4759160662141715e-08,-0x1.8d7fdd5f0fa1dp-24,0x1.96fccc8a5e0ddp-24,-9.2543208658422898e-06,9.4752316750177269e-06,-0x1.368602cc5f2ddp-17,0x1.3def9ece1b7c9p-17,0,0.0099999999989999998,0x0p+0,0x1.47ae147a548aep-7,40,40,3,100
flowstar_vdp_stock_reach_v1,stepwise,41,0.41000000000000003,0x1.a3d70a3d70a3ep-2,0.01,0x1.47ae147ae147bp-7,2,1.7994508243917899,2.0144400160072888,0x1.cca8cf2985e1dp+0,0x1.01d92ba240a49p+1,0.50523239483060089,0.95779173927973504,0x1.02add2095ab8bp-1,0x1.ea63adc92bbc4p-1,1.7918024833659125,2.0146346198444416,0x1.cab3914af2bbdp+0,0x1.01df8c16cf85cp+1,0.50487144893846092,0.99671262470312538,0x1.027e82b3bfe8ep-1,0x1.fe511dfd38721p-1,1.0993097056396248,2.0146346198444416,0x1.196c5c61e5c78p+0,0x1.01df8c16cf85cp+1,0.50487144893846092,2.4610649331786534,0x1.027e82b3bfe8ep-1,0x1.3b042cfcaad8dp+1,33,9,3,3,-8.8447301306722877e-08,9.0754839374006716e-08,-0x1.7be0d6134f64bp-24,0x1.85ca004c96ebbp-24,-8.8440602247298073e-06,9.0748143620646906e-06,-0x1.28c1e61b9121ep-17,0x1.30800fd26e6e5p-17,0,0.0099999999989999998,0x0p+0,0x1.47ae147a548aep-7,41,41,3,100
flowstar_vdp_stock_reach_v1,stepwise,42,0.41999999999999998,0x1.ae147ae147ae1p-2,0.01,0x1.47ae147ae147bp-7,2,1.8084264416325422,2.0197168575340663,0x1.cef50908088e5p+0,0x1.028614fd24f45p+1,0.47006071546563422,0.91759978820271948,0x1.e15798a03caecp-2,0x1.d5cfa3b24b5ebp-1,1.8011636730640754,2.0199078390372129,0x1.cd190ffe8dae4p+0,0x1.028c570ecca78p+1,0.46969180388607873,0.95579620215209071,0x1.e0f6e3638f501p-2,0x1.e95e1eabc4ba6p-1,1.0993097056396248,2.0199078390372129,0x1.196c5c61e5c78p+0,0x1.028c570ecca78p+1,0.46969180388607873,2.4610649331786534,0x1.e0f6e3638f501p-2,0x1.3b042cfcaad8dp+1,33,9,3,3,-8.4364937187815525e-08,8.6765364492750889e-08,-0x1.6a583abaea36fp-24,0x1.74a786f32be6dp-24,-8.4358394559943865e-06,8.6758823640143151e-06,-0x1.1b0f4f24d25b5p-17,0x1.231d4314b5ec9p-17,0,0.0099999999989999998,0x0p+0,0x1.47ae147a548aep-7,42,42,3,100
flowstar_vdp_stock_reach_v1,stepwise,43,0.42999999999999999,0x1.b851eb851eb85p-2,0.01,0x1.47ae147ae147bp-7,2,1.8170191440346863,2.0246302762922301,0x1.d1282aa7d5bb7p+0,0x1.032715bb95524p+1,0.43582267714020623,0.87793977590824035,0x1.be484cc4b07d3p-2,0x1.c1815282c455p-1,1.8101346280356239,2.0248175580231487,0x1.cf64fba4c5273p+0,0x1.032d38c409ba9p+1,0.43544714013289265,0.91539623044986285,0x1.bde5dae807aeep-2,0x1.d4aed09153e2ep-1,1.0993097056396248,2.0248175580231487,0x1.196c5c61e5c78p+0,0x1.032d38c409ba9p+1,0.43544714013289265,2.4610649331786534,0x1.bde5dae807aeep-2,0x1.3b042cfcaad8dp+1,33,9,3,3,-8.0322860086841728e-08,8.2808976342281914e-08,-0x1.58fbeb2c1a596p-24,0x1.63a96eaff7f18p-24,-8.0316480068228885e-06,8.280259697495964e-06,-0x1.0d7f54bf565a8p-17,0x1.15d6e3a3058f7p-17,0,0.0099999999989999998,0x0p+0,0x1.47ae147a548aep-7,43,43,3,100
flowstar_vdp_stock_reach_v1,stepwise,44,0.44,0x1.c28f5c28f5c29p-2,0.01,0x1.47ae147ae147bp-7,2,1.8252340694693299,2.0291899104733675,0x1.d3428a3bea6f8p+0,0x1.03bc7eb76d9aap+1,0.40251268334490531,0.83884059164299918,0x1.9c2c48ecc42b8p-2,0x1.ad7c839753f43p-1,1.8187203444740658,2.0293734282945071,0x1.d197a8101601fp+0,0x1.03c2822cf2ba4p+1,0.40213180065373749,0.87554425903939836,0x1.9bc87051f523bp-2,0x1.c047564d8cae7p-1,1.0993097056396248,2.0293734282945071,0x1.196c5c61e5c78p+0,0x1.03c2822cf2ba4p+1,0.40213180065373749,2.4610649331786534,0x1.9bc87051f523bp-2,0x1.3b042cfcaad8dp+1,33,9,3,3,-7.6343766516150535e-08,7.8907072529996512e-08,-0x1.47e4dbe6f2773p-24,0x1.52e73e67167bap-24,-7.6337554261641748e-06,7.8900860187934242e-06,-0x1.002575b596bc4p-17,0x1.08bf52a4c5186p-17,0,0.0099999999989999998,0x0p+0,0x1.47ae147a548aep-7,44,44,3,100
flowstar_vdp_stock_reach_v1,stepwise,45,0.45000000000000001,0x1.ccccccccccccdp-2,0.01,0x1.47ae147ae147bp-7,2,1.8330766104545926,2.0334053524960267,0x1.d544823cf70abp+0,0x1.0446a0683dab3p+1,0.37012228753832033,0.80032918808912623,0x1.7b015641fdbdcp-2,0x1.99c4bf51c10a1p-1,1.8269260992082228,2.0335850549614123,0x1.d3b16dc84ee42p+0,0x1.044c83dc58c8dp+1,0.36973727590070327,0.83626977897620303,0x1.7a9c68906c2f6p-2,0x1.ac2b8d6eac006p-1,1.0993097056396248,2.0335850549614123,0x1.196c5c61e5c78p+0,0x1.044c83dc58c8dp+1,0.36973727590070327,2.4610649331786534,0x1.7a9c68906c2f6p-2,0x1.3b042cfcaad8dp+1,33,9,3,3,-7.2438576143009061e-08,7.5069607307065921e-08,-0x1.371f0e886602bp-24,0x1.426be7f7eb525p-24,-7.2432535764802642e-06,7.5063566458720856e-06,-0x1.e616261eff235p-18,0x1.f7be39a8509cdp-18,0,0.0099999999989999998,0x0p+0,0x1.47ae147a548aep-7,45,45,3,100
flowstar_vdp_stock_reach_v1,stepwise,46,0.46000000000000002,0x1.d70a3d70a3d71p-2,0.01,0x1.47ae147ae147bp-7,2,1.840552393552823,2.0372861229307451,0x1.d72e7110e247p+0,0x1.04c5caab4a851p+1,0.33864172113227442,0.76242929320372044,0x1.5ac4e5354c0dap-2,0x1.865d21dfa50e4p-1,1.8347574278586036,2.0374619706531005,0x1.d5b2a9acbeeb9p+0,0x1.04cb8dc9663e6p+1,0.33825373247214341,0.79759893001161108,0x1.5a5f2fbadf042p-2,0x1.985ee30f72eccp-1,1.0993097056396248,2.0374619706531005,0x1.196c5c61e5c78p+0,0x1.04cb8dc9663e6p+1,0.33825373247214341,2.4610649331786534,0x1.5a5f2fbadf042p-2,0x1.3b042cfcaad8dp+1,33,9,3,3,-6.8621190165720597e-08,7.1309799401947898e-08,-0x1.26b9cbe75c671p-24,0x1.3245f4203b4cap-24,-6.8615324800902051e-06,7.1303933506553809e-06,-0x1.cc783afc21966p-18,0x1.de83399941109p-18,0,0.0099999999989999998,0x0p+0,0x1.47ae147a548aep-7,46,46,3,100
flowstar_vdp_stock_reach_v1,stepwise,47,0.47000000000000003,0x1.e147ae147ae15p-2,0.01,0x1.47ae147ae147bp-7,2,1.8476672543742618,2.0408416512459655,0x1.d900b89f6d751p+0,0x1.053a4c9a35417p+1,0.30805960223064299,0.72516194689518731,0x1.3b73f9f33290cp-2,0x1.73486d3c6fe1ap-1,1.8422200985593342,2.0410136162468144,0x1.d79bbc8358a3p+0,0x1.053fef263c41fp+1,0.30766972248593732,0.75955503386382528,0x1.3b0dc5902f9cdp-2,0x1.84e465bbea238p-1,1.0993097056396248,2.0410136162468144,0x1.196c5c61e5c78p+0,0x1.053fef263c41fp+1,0.30766972248593732,2.4610649331786534,0x1.3b0dc5902f9cdp-2,0x1.3b042cfcaad8dp+1,33,9,3,3,-6.4903664266722266e-08,6.7639278792981701e-08,-0x1.16c255634e318p-24,0x1.22822c6c486c6p-24,-6.4897976135854766e-06,6.7633590355597601e-06,-0x1.b385dfc090392p-18,0x1.c5e19f9c1477dp-18,0,0.0099999999989999998,0x0p+0,0x1.47ae147a548aep-7,47,47,3,100
flowstar_vdp_stock_reach_v1,stepwise,48,0.47999999999999998,0x1.eb851eb851eb8p-2,0.01,0x1.47ae147ae147bp-7,2,1.8544272132334922,2.0440812583777088,0x1.dabbbde9a677fp+0,0x1.05a474658ca5p+1,0.27836292756526781,0.68854575798942541,0x1.1d0b2bd93f1f2p-2,0x1.608911d0ba6dp-1,1.8493200863049961,2.0442493234267047,0x1.d96d0a8a840f2p+0,0x1.05a9f63a7e71p+1,0.27797217609826047,0.72215884903041094,0x1.1ca4bcf628f0fp-2,0x1.71becdfe348a2p-1,1.0993097056396248,2.0442493234267047,0x1.196c5c61e5c78p+0,0x1.05a9f63a7e71p+1,0.27797217609826047,2.4610649331786534,0x1.1ca4bcf628f0fp-2,0x1.3b042cfcaad8dp+1,33,9,3,3,-6.1296092441929936e-08,6.4067943040186704e-08,-0x1.0743c4314ab95p-24,0x1.132b72c66f534p-24,-6.1290582910809695e-06,6.4062433671468078e-06,-0x1.9b506b6ef6091p-18,0x1.adea6c4a4822p-18,0,0.0099999999989999998,0x0p+0,0x1.47ae147a548aep-7,48,48,3,100
flowstar_vdp_stock_reach_v1,stepwise,49,0.48999999999999999,0x1.f5c28f5c28f5cp-2,0.01,0x1.47ae147ae147bp-7,2,1.8608384510786065,2.0470141415207523,0x1.dc5fe8a2859bfp+0,0x1.06048f3423fcap+1,0.2495374093367955,0.6525968177345719,0x1.ff0d7821d73f9p-3,0x1.4e212b8b498dbp-1,1.85606354736062,2.0471782996636576,0x1.db26fb0b362c1p+0,0x1.0609f04311723p+1,0.24914666140413003,0.68542856075775316,0x1.fe409ad51b499p-3,0x1.5ef07e0865d61p-1,1.0993097056396248,2.0471782996636576,0x1.196c5c61e5c78p+0,0x1.0609f04311723p+1,0.24914666140413003,2.4610649331786534,0x1.fe409ad51b499p-3,0x1.3b042cfcaad8dp+1,33,9,3,3,-5.7806717090007741e-08,6.0604042032186787e-08,-0x1.f08e50b17968fp-25,0x1.044ad951d0161p-24,-5.7801386728841275e-06,6.059871250692955e-06,-0x1.83e606b95672bp-18,0x1.96abcb9ca22cap-18,0,0.0099999999989999998,0x0p+0,0x1.47ae147a548aep-7,49,49,3,100
flowstar_vdp_stock_reach_v1,stepwise,50,0.5,0x1p-1,0.01,0x1.47ae147ae147bp-7,2,1.8669072881199875,2.049649358714694,0x1.ddeda2d323af7p+0,0x1.065ae901f936cp+1,0.22156767209522935,0.61732875294934941,0x1.c5c5458bffb79p-3,0x1.3c1283a99888ep-1,1.8624567966051166,2.0498096127564667,0x1.dcc9f7f7a1c43p+0,0x1.06602950e860ap+1,0.2211775998257236,0.64937981619529017,0x1.c4f8c2eedfc2cp-3,0x1.4c7b82e27b86cp-1,1.0993097056396248,2.0498096127564667,0x1.196c5c61e5c78p+0,0x1.06602950e860ap+1,0.2211775998257236,2.4610649331786534,0x1.c4f8c2eedfc2cp-3,0x1.3b042cfcaad8dp+1,33,9,3,3,-5.4442017249778357e-08,5.7254230440352906e-08,-0x1.d3a743132e48cp-25,0x1.ebcf625c0cc31p-25,-5.4436865896889118e-06,5.7249080761730506e-06,-0x1.6d51d2d036106p-18,0x1.80312bfda554bp-18,0,0.0099999999989999998,0x0p+0,0x1.47ae147a548aep-7,50,50,3,100
flowstar_vdp_stock_reach_v1,stepwise,51,0.51000000000000001,0x1.051eb851eb852p-1,0.01,0x1.47ae147ae147bp-7,2,1.8726401605155851,2.0519958178802797,0x1.df65587697337p+0,0x1.06a7cc88a98bap+1,0.19443731349706536,0.5827529132659347,0x1.8e352674bc67fp-3,0x1.2a5e97004077dp-1,1.868506283972234,2.052152178791872,0x1.de566d8607fefp+0,0x1.06acec2f29c21p+1,0.19404875975412464,0.61402548015107239,0x1.8d696fa7c95f5p-3,0x1.3a618c3851b0fp-1,1.0993097056396248,2.052152178791872,0x1.196c5c61e5c78p+0,0x1.06acec2f29c21p+1,0.19404875975412464,2.4610649331786534,0x1.8d696fa7c95f5p-3,0x1.3b042cfcaad8dp+1,33,9,3,3,-5.1206878700360329e-08,5.4023718896463987e-08,-0x1.b7dd1dfaae125p-25,0x1.d00f6a0952321p-25,-5.1201905547965641e-06,5.4018748383289041e-06,-0x1.579c3434a9749p-18,0x1.6a8380c94001dp-18,0,0.0099999999989999998,0x0p+0,0x1.47ae147a548aep-7,51,51,3,100
flowstar_vdp_stock_reach_v1,stepwise,52,0.52000000000000002,0x1.0a3d70a3d70a4p-1,0.01,0x1.47ae147ae147bp-7,2,1.8780435998648697,2.0540622655043923,0x1.e0c77721e1b8cp+0,0x1.06eb832724ff1p+1,0.16812909706411056,0.54887842276577992,0x1.5854116b2bc12p-3,0x1.190697b684a7p-1,1.8742185711089543,2.0542147523624621,0x1.dfccc9cc7803ep+0,0x1.06f0824e2dc3p+1,0.16774284012527821,0.57937629808765745,0x1.57898ee3cf4fdp-3,0x1.28a40298ba62fp-1,1.0993097056396248,2.0542147523624621,0x1.196c5c61e5c78p+0,0x1.06f0824e2dc3p+1,0.16774284012527821,2.4610649331786534,0x1.57898ee3cf4fdp-3,0x1.3b042cfcaad8dp+1,33,9,3,3,-4.810471762161576e-08,5.091636918872927e-08,-0x1.9d37648b60062p-25,0x1.b55e47a9c5ffap-25,-4.8099921266157999e-06,5.0911576528019519e-06,-0x1.42cb0917453e7p-18,0x1.55a96c2702c5cp-18,0,0.0099999999989999998,0x0p+0,0x1.47ae147a548aep-7,52,52,3,100
flowstar_vdp_stock_reach_v1,stepwise,53,0.53000000000000003,0x1.0f5c28f5c28f6p-1,0.01,0x1.47ae147ae147bp-7,2,1.8831242132199837,2.0558572772299084,0x1.e2146dae15e75p+0,0x1.072654cd79189p+1,0.14262508559285492,0.51571228628025712,0x1.24189ef1af214p-3,0x1.080b70d7702d1p-1,1.8796003106876589,2.0560059165781213,0x1.e12d7c67f4769p+0,0x1.072b33ae0af2dp+1,0.14224184058208306,0.54544076852651269,0x1.234fb0ab62156p-3,0x1.1744032d73f4fp-1,1.0993097056396248,2.0560059165781213,0x1.196c5c61e5c78p+0,0x1.072b33ae0af2dp+1,0.14224184058208306,2.4610649331786534,0x1.234fb0ab62156p-3,0x1.3b042cfcaad8dp+1,33,9,3,3,-4.5137618997808121e-08,4.7934808513498653e-08,-0x1.83baac832a5a7p-25,0x1.9bc1c2384d912p-25,-4.5132997503037407e-06,4.7930191826367994e-06,-0x1.2ee1e6386b795p-18,0x1.41a7714b39c65p-18,0,0.0099999999989999998,0x0p+0,0x1.47ae147a548aep-7,53,53,3,100
flowstar_vdp_stock_reach_v1,stepwise,54,0.54000000000000004,0x1.147ae147ae148p-1,0.01,0x1.47ae147ae147bp-7,2,1.8878886640980557,2.0573892498112651,0x1.e34cabe6ca4fbp+0,0x1.075887eb8a69fp+1,0.11790676476396762,0.48325949947116587,0x1.e2f2342a36e95p-4,0x1.eedb9406d706cp-2,1.884658226156825,2.0575340750373763,0x1.e278f6257b1e9p+0,0x1.075d46cd58775p+1,0.11752718537502929,0.51222525627655191,0x1.e1642f993a152p-4,0x1.06426387c9388p-1,1.0993097056396248,2.0575340750373763,0x1.196c5c61e5c78p+0,0x1.075d46cd58775p+1,0.11752718537502929,2.4610649331786534,0x1.e1642f993a152p-4,0x1.3b042cfcaad8dp+1,33,9,3,3,-4.2306474814366474e-08,4.5080545354403656e-08,-0x1.6b68ec06b2ea1p-25,0x1.833d2ae84fe17p-25,-4.2302025772355151e-06,4.5076102260281531e-06,-0x1.1be253afa2887p-18,0x1.2e80276d9165ap-18,0,0.0099999999989999998,0x0p+0,0x1.47ae147a548aep-7,54,54,3,100
flowstar_vdp_stock_reach_v1,stepwise,55,0.55000000000000004,0x1.199999999999ap-1,0.01,0x1.47ae147ae147bp-7,2,1.8923436135541163,2.0586664353197719,0x1.e470a18d02678p+0,0x1.078261ba8921p+1,0.093946963264202446,0.45153135586034165,0x1.80ce87ec73c3dp-4,0x1.ce5e3c5a27a26p-2,1.889399051586564,2.0588074860511654,0x1.e3afa7ffa85fap+0,0x1.078700f2acc4p+1,0.093571643729369838,0.47974230314863692,0x1.7f44fada68e2dp-4,0x1.eb4190fa1fdc3p-2,1.0993097056396248,2.0588074860511654,0x1.196c5c61e5c78p+0,0x1.078700f2acc4p+1,0.093571643729369838,2.4610649331786534,0x1.7f44fada68e2dp-4,0x1.3b042cfcaad8dp+1,33,9,3,3,-3.9611119400585503e-08,4.2354084521999019e-08,-0x1.5441c5d24f811p-25,0x1.6bd19de8ab286p-25,-3.9606839990189499e-06,4.2349812200537842e-06,-0x1.09cc0871874c4p-18,0x1.1c346c6123899p-18,0,0.0099999999989999998,0x0p+0,0x1.47ae147a548aep-7,55,55,3,100
flowstar_vdp_stock_reach_v1,stepwise,56,0.56000000000000005,0x1.1eb851eb851ecp-1,0.01,0x1.47ae147ae147bp-7,2,1.8964957804281934,2.0596968583173747,0x1.e580bf59f0eb2p+0,0x1.07a4258b12d33p+1,0.070725411638900421,0.42053010872888219,0x1.21b0f81fc370ep-4,0x1.ae9f71dfe53fp-2,1.8938295907274947,2.0598341798373054,0x1.e4d2041c5f24cp+0,0x1.07a8a57acac76p+1,0.070354888899758494,0.44799529398760241,0x1.202c72af02c5p-4,0x1.cabf4741c12f8p-2,1.0993097056396248,2.0598341798373054,0x1.196c5c61e5c78p+0,0x1.07a8a57acac76p+1,0.070354888899758494,2.4610649331786534,0x1.202c72af02c5p-4,0x1.3b042cfcaad8dp+1,33,9,3,3,-3.7050460554450739e-08,3.9755040186436882e-08,-0x1.3e42d30b1a0c2p-25,0x1.557e42056e7abp-25,-3.7046347596825456e-06,3.9750935436582914e-06,-0x1.f13a47f5a0034p-19,0x1.0ac3964a7edecp-18,0,0.0099999999989999998,0x0p+0,0x1.47ae147a548aep-7,56,56,3,100
flowstar_vdp_stock_reach_v1,stepwise,57,0.57000000000000006,0x1.23d70a3d70a3ep-1,0.01,0x1.47ae147ae147bp-7,2,1.9003519455831477,2.0604882915775842,0x1.e67d77112b6a5p+0,0x1.07be14910eedfp+1,0.048232795289288442,0.39024512531664257,0x1.8b1f80cb96c9bp-5,0x1.8f9c6b0aa234p-2,1.8979567201035759,2.0606219342639327,0x1.e5e07dda117b1p+0,0x1.07c275a48abbbp+1,0.047867551329512772,0.41697461536915775,0x1.882187effed7ap-5,0x1.aafb64c11741bp-2,1.0993097056396248,2.0606219342639327,0x1.196c5c61e5c78p+0,0x1.07c275a48abbbp+1,0.047867551329512772,2.4610649331786534,0x1.882187effed7ap-5,0x1.3b042cfcaad8dp+1,33,9,3,3,-3.4622603340536104e-08,3.7282243397346091e-08,-0x1.2967e8f018dcap-25,0x1.4040852f192eap-25,-3.4618653351481041e-06,3.7278302693233096e-06,-0x1.d0a4c984b09e9p-19,0x1.f45745d1e996cp-19,0,0.0099999999989999998,0x0p+0,0x1.47ae147a548aep-7,57,57,3,100
flowstar_vdp_stock_reach_v1,stepwise,58,0.57999999999999996,0x1.28f5c28f5c28fp-1,0.01,0x1.47ae147ae147bp-7,2,1.903918432194843,2.0610487571735514,0x1.e76732c887482p+0,0x1.07d07217c2cbfp+1,0.026409642378128446,0.36071420305767266,0x1.b0b211940a1d5p-6,0x1.715f10655775p-2,1.9017868682037413,2.0611787759615341,0x1.e6db8112e5b78p+0,0x1.07d4b4c4fb67ap+1,0.02605010668115329,0.38671897662012128,0x1.aace11102eee8p-6,0x1.8c000f354dd57p-2,1.0993097056396248,2.0611787759615341,0x1.196c5c61e5c78p+0,0x1.07d4b4c4fb67ap+1,0.02605010668115329,2.4610649331786534,0x1.aace11102eee8p-6,0x1.3b042cfcaad8dp+1,33,9,3,3,-3.2333007499063542e-08,3.4944000686754354e-08,-0x1.15bd0910c91d2p-25,0x1.2c2aab8f182d4p-25,-3.2329216405445521e-06,3.494021990680305e-06,-0x1.b1ea577bd654ap-19,0x1.d4f5ae73a0462p-19,0,0.0099999999989999998,0x0p+0,0x1.47ae147a548aep-7,58,58,3,100
flowstar_vdp_stock_reach_v1,stepwise,59,0.58999999999999997,0x1.2e147ae147ae1p-1,0.01,0x1.47ae147ae147bp-7,2,1.9072008318348013,2.0613867842227713,0x1.e83e504fa26c7p+0,0x1.07db85ab525b5p+1,0.0051231897179354344,0.33204689708442947,0x1.4fc0dc4a2c261p-8,0x1.54041a0edd158p-2,1.905325740515003,2.0615132380926808,0x1.e7c36d7fbd29ep+0,0x1.07dfaa70f0873p+1,0.004769741815605133,0.3573387423238325,0x1.3896fd1bbf4cp-8,0x1.6dea350f7f9f7p-2,1.0993097056396248,2.0615132380926808,0x1.196c5c61e5c78p+0,0x1.07dfaa70f0873p+1,0.004769741815605133,2.4610649331786534,0x1.3896fd1bbf4cp-8,0x1.3b042cfcaad8dp+1,33,9,3,3,-3.019873904716581e-08,3.2763758073183187e-08,-0x1.0367babd6f9d4p-25,0x1.19704414c9e41p-25,-3.0195101701019043e-06,3.276013203793842e-06,-0x1.9545945674c83p-19,0x1.b7b2f4e1eef26p-19,0,0.0099999999989999998,0x0p+0,0x1.47ae147a548aep-7,59,59,3,100
flowstar_vdp_stock_reach_v1,stepwise,60,0.59999999999999998,0x1.3333333333333p-1,0.01,0x1.47ae147ae147bp-7,2,1.9102073803443742,2.0615080185804664,0x1.e90359d3282bfp+0,0x1.07df7ea81f57bp+1,-0.015488803719862897,0.304080888193417,-0x1.fb8980b72a2a6p-7,0x1.3760faf884769p-2,1.9085816943978928,2.0616309700712008,0x1.e898cf572ee74p+0,0x1.07e3860c70333p+1,-0.015835831638387966,0.32867230543875386,-0x1.03744abf7a47dp-6,0x1.508f790bd76b7p-2,1.0993097056396248,2.0616309700712008,0x1.196c5c61e5c78p+0,0x1.07e3860c70333p+1,-0.015835831638387966,2.4610649331786534,-0x1.03744abf7a47dp-6,0x1.3b042cfcaad8dp+1,33,9,3,3,-2.8183307645314288e-08,3.069723405280925e-08,-0x1.e42f7f73cef01p-26,0x1.07afee7aedde4p-25,-2.8179820076825553e-06,3.0693758716508398e-06,-0x1.7a391fdfde329p-19,0x1.9bf6f3afe9d1cp-19,0,0.0099999999989999998,0x0p+0,0x1.47ae147a548aep-7,60,60,3,100
flowstar_vdp_stock_reach_v1,stepwise,61,0.60999999999999999,0x1.3851eb851eb85p-1,0.01,0x1.47ae147ae147bp-7,2,1.9129447041296253,2.061419463905072,0x1.e9b6be7f4b0bp+0,0x1.07dc97ce67b29p+1,-0.035442406820695126,0.27680650729034478,-0x1.22581d45f7183p-5,0x1.1b732a40872f5p-2,1.9115614844346513,2.0615389786539149,0x1.e95c17ebf0a68p+0,0x1.07e0825e5fb82p+1,-0.035782727267367337,0.30071061699002222,-0x1.2521d16c003f4p-5,0x1.33ed7be620e6p-2,1.0993097056396248,2.0616309700712008,0x1.196c5c61e5c78p+0,0x1.07e3860c70333p+1,-0.035782727267367337,2.4610649331786534,-0x1.2521d16c003f4p-5,0x1.3b042cfcaad8dp+1,33,9,3,3,-2.628305036677822e-08,2.8741446192431419e-08,-0x1.c38a13f5a180dp-26,0x1.edc63797304e1p-26,-2.6279708468895354e-06,2.8738117363807669e-06,-0x1.60b8640765681p-19,0x1.81b76b5c8c76fp-19,0,0.0099999999989999998,0x0p+0,0x1.47ae147a548aep-7,61,61,3,100
flowstar_vdp_stock_reach_v1,stepwise,62,0.62,0x1.3d70a3d70a3d7p-1,0.01,0x1.47ae147ae147bp-7,2,1.9154193587272914,2.0611279321436569,0x1.ea58ec4fdbe8p+0,0x1.07d30a42b6ed3p+1,-0.054757377663326737,0.2502167608904699,-0x1.c0928b48eb2fap-5,0x1.0038d293be133p-2,1.9142718001012091,2.061244078452515,0x1.ea0db77916f96p+0,0x1.07d6d891037bap+1,-0.055090745201504643,0.27344721685747647,-0x1.c34daa9e7cc68p-5,0x1.18028c16571f9p-2,1.0993097056396248,2.0616309700712008,0x1.196c5c61e5c78p+0,0x1.07e3860c70333p+1,-0.055090745201504643,2.4610649331786534,-0x1.c34daa9e7cc68p-5,0x1.3b042cfcaad8dp+1,33,9,3,3,-2.449400216982073e-08,2.6893086941683746e-08,-0x1.a4cdc2c2de472p-26,0x1.ce050c15150aap-26,-2.4490801732524247e-06,2.6889900320860317e-06,-0x1.48b5c105d47ddp-19,0x1.68e8fe7540b88p-19,0,0.0099999999989999998,0x0p+0,0x1.47ae147a548aep-7,62,62,3,100
flowstar_vdp_stock_reach_v1,stepwise,63,0.63,0x1.428f5c28f5c29p-1,0.01,0x1.47ae147ae147bp-7,2,1.917637831965908,2.0606400310078734,0x1.eaea501dddacdp+0,0x1.07c30d7300ed5p+1,-0.073453352114288148,0.2243036733569834,-0x1.2cdd6c11cc8dfp-4,0x1.cb5fb96b86fbfp-3,1.9167192680872143,2.060752879435944,0x1.eaae1d2c0c324p+0,0x1.07c6c0172858dp+1,-0.073779560722478377,0.24687458129688269,-0x1.2e337a06a9208p-4,0x1.f999616712081p-3,1.0993097056396248,2.0616309700712008,0x1.196c5c61e5c78p+0,0x1.07e3860c70333p+1,-0.073779560722478377,2.4610649331786534,-0x1.2e337a06a9208p-4,0x1.3b042cfcaad8dp+1,33,9,3,3,-2.2811967486612698e-08,2.5148589360573016e-08,-0x1.87e818116d4fap-26,0x1.b00caa6b1538bp-26,-2.2808904227994634e-06,2.5145540572477043e-06,-0x1.3222cc5518a7p-19,0x1.517f6b659ca33p-19,0,0.0099999999989999998,0x0p+0,0x1.47ae147a548aep-7,63,63,3,100
flowstar_vdp_stock_reach_v1,stepwise,64,0.64000000000000001,0x1.47ae147ae147bp-1,0.01,0x1.47ae147ae147bp-7,2,1.919606533494447,2.0599621665746963,0x1.eb6b55728bec9p+0,0x1.07acd71c37c29p+1,-0.091549804611293473,0.19905839201302788,-0x1.76fced8c2bcfp-4,0x1.97abed1d85bd4p-3,1.9189104410362048,2.0600717895573366,0x1.eb3db6f434146p+0,0x1.07b06eb1c7cd6p+1,-0.091868685079118662,0.22098423328956218,-0x1.784b4c5f0fb84p-4,0x1.c49361b7484d8p-3,1.0993097056396248,2.0616309700712008,0x1.196c5c61e5c78p+0,0x1.07e3860c70333p+1,-0.091868685079118662,2.4610649331786534,-0x1.784b4c5f0fb84p-4,0x1.3b042cfcaad8dp+1,33,9,3,3,-2.1235504949170665e-08,2.3507107165141412e-08,-0x1.6cd2bd0b45601p-26,0x1.93d959c47282cp-26,-2.1232574548305676e-06,2.350419179441769e-06,-0x1.1cfa9215317b3p-19,0x1.3b77c9be5965cp-19,0,0.0099999999989999998,0x0p+0,0x1.47ae147a548aep-7,64,64,3,100
flowstar_vdp_stock_reach_v1,stepwise,65,0.65000000000000002,0x1.4cccccccccccdp-1,0.01,0x1.47ae147ae147bp-7,2,1.9213317872701978,2.0591005443226118,0x1.ebdc6667173ap+0,0x1.07909b4c854d2p+1,-0.10906607100337937,0.17447134467963205,-0x1.bebc108100ef6p-4,0x1.65513b7be7c22p-3,1.9208517892970269,2.0592070158160047,0x1.ebbcf15f7e6a9p+0,0x1.079418724fcebp+1,-0.10937748837590257,0.19576690523776064,-0x1.c0029bf7e3d39p-4,0x1.90ee3d3d151fp-3,1.0993097056396248,2.0616309700712008,0x1.196c5c61e5c78p+0,0x1.07e3860c70333p+1,-0.10937748837590257,2.4610649331786534,-0x1.c0029bf7e3d39p-4,0x1.3b042cfcaad8dp+1,33,9,3,3,-1.9771774260091929e-08,2.1976358369066846e-08,-0x1.53ad2ecc2c4bap-26,0x1.798d0bd729346p-26,-1.976897239587568e-06,2.1973572000671376e-06,-0x1.0955ac03c735fp-19,0x1.26ec9e55b60bep-19,0,0.0099999999989999998,0x0p+0,0x1.47ae147a548aep-7,65,65,3,100
flowstar_vdp_stock_reach_v1,stepwise,66,0.66000000000000003,0x1.51eb851eb851fp-1,0.01,0x1.47ae147ae147bp-7,2,1.9228198234171383,2.058061171999912,0x1.ec3deb81ad56bp+0,0x1.076e8c69741a5p+1,-0.12602124555106445,0.15053226265955033,-0x1.02176d41f1addp-3,0x1.344a4248ecda4p-3,1.9225496920967851,2.058164567150981,0x1.ec2c37747d957p+0,0x1.0771efc0d987ep+1,-0.12632509663512648,0.17121256699593915,-0x1.02b6bb75b1fccp-3,0x1.5ea4b1bf4b4cdp-3,1.0993097056396248,2.0616309700712008,0x1.196c5c61e5c78p+0,0x1.07e3860c70333p+1,-0.12632509663512648,2.4610649331786534,-0x1.02b6bb75b1fccp-3,0x1.3b042cfcaad8dp+1,33,9,3,3,-1.8684852625522682e-08,2.082739777999597e-08,-0x1.4100d9d497fcdp-26,0x1.65cfdd3863ba8p-26,-1.8682198704970555e-06,2.0824771313077746e-06,-0x1.f57f17889ddfcp-20,0x1.17815e90485aep-19,0,0.0099999999989999998,0x0p+0,0x1.47ae147a548aep-7,66,66,3,100
flowstar_vdp_stock_reach_v1,stepwise,67,0.67000000000000004,0x1.570a3d70a3d71p-1,0.01,0x1.47ae147ae147bp-7,2,1.9240767737377631,2.0568498604533487,0x1.ec904ba23267p+0,0x1.0746db31b6f33p+1,-0.14243397389613949,0.12723009021606699,-0x1.23b46c5dc9306p-3,0x1.049135a45c70fp-3,1.9240104324170668,2.0569502552942409,0x1.ec8bf29c64e51p+0,0x1.074a255dfe6a3p+1,-0.14273018484007377,0.14731034026198886,-0x1.244fb920523b2p-3,0x1.2db10b2e4d91p-3,1.0993097056396248,2.0616309700712008,0x1.196c5c61e5c78p+0,0x1.07e3860c70333p+1,-0.14273018484007377,2.4610649331786534,-0x1.244fb920523b2p-3,0x1.3b042cfcaad8dp+1,33,9,3,3,-1.765262970195959e-08,1.9742469460211595e-08,-0x1.2f451623100c9p-26,0x1.532c4c86ae334p-26,-1.7650054259549485e-06,1.9739911938624496e-06,-0x1.d9ca3fd2a33a6p-20,0x1.08f1d22a8e47ep-19,0,0.0099999999989999998,0x0p+0,0x1.47ae147a548aep-7,67,67,3,100
flowstar_vdp_stock_reach_v1,stepwise,68,0.68000000000000005,0x1.5c28f5c28f5c3p-1,0.01,0x1.47ae147ae147bp-7,2,1.925108665618164,2.0554722264809482,0x1.ecd3ebe81382cp+0,0x1.0719b6c349369p+1,-0.15832347176798403,0.10455410870105089,-0x1.443f18ab761c1p-3,0x1.ac40edd888fb2p-4,1.9251077038716442,2.0557021840874445,0x1.ecd3dbc568078p+0,0x1.07213fc97c551p+1,-0.15861199572396736,0.12404962746200243,-0x1.44d65db31a131p-3,0x1.fc1b76507c0bp-4,1.0993097056396248,2.0616309700712008,0x1.196c5c61e5c78p+0,0x1.07e3860c70333p+1,-0.15861199572396736,2.4610649331786534,-0x1.44d65db31a131p-3,0x1.3b042cfcaad8dp+1,33,9,3,3,-1.6673333178799745e-08,1.8707737838850371e-08,-0x1.1e721845d4094p-26,0x1.4165804a3d4cdp-26,-1.667075113640569e-06,1.8705164619965677e-06,-0x1.bf80878c971d8p-20,0x1.f61ce9993cf58p-20,0,0.0099999999989999998,0x0p+0,0x1.47ae147a548aep-7,68,68,3,100
flowstar_vdp_stock_reach_v1,stepwise,69,0.69000000000000006,0x1.6147ae147ae15p-1,0.01,0x1.47ae147ae147bp-7,2,1.9259214159056162,2.0539336975380205,0x1.ed092f97fb0afp+0,0x1.06e74ca58a00fp+1,-0.17370748467861888,0.08249199008098286,-0x1.63c0bfee1ee71p-3,0x1.51e31ef946c51p-4,1.9259204798560283,2.054352878398376,0x1.ed091fe3ada3p+0,0x1.06f508fd950ep+1,-0.17398829961195478,0.1014181699176528,-0x1.6453fa45c28cep-3,0x1.9f68a8b0438adp-4,1.0993097056396248,2.0616309700712008,0x1.196c5c61e5c78p+0,0x1.07e3860c70333p+1,-0.17398829961195478,2.4610649331786534,-0x1.6453fa45c28cep-3,0x1.3b042cfcaad8dp+1,33,9,3,3,-1.5771828149633044e-08,1.7734486272377815e-08,-0x1.0ef53bd82b3c4p-26,0x1.30ad187125135p-26,-1.5769179010119458e-06,1.7731862641672928e-06,-0x1.a74cf9176429ep-20,0x1.dbfc6ea68ff3p-20,0,0.0099999999989999998,0x0p+0,0x1.47ae147a548aep-7,69,69,3,100
flowstar_vdp_stock_reach_v1,stepwise,70,0.70000000000000007,0x1.6666666666667p-1,0.01,0x1.47ae147ae147bp-7,2,1.9265206394453926,2.0522397018368115,0x1.ed3074e57caap+0,0x1.06afca6178901p+1,-0.18862220280890041,0.061049808739359328,-0x1.824c5b82e8dfp-3,0x1.f41eba7ecda57p-5,1.9265197290910288,2.0528425667402472,0x1.ed30659f8b74ap+0,0x1.06c38b93fe373p+1,-0.18889531088697897,0.079422065531788488,-0x1.82db8b7504c44p-3,0x1.45501260a305cp-4,1.0993097056396248,2.0616309700712008,0x1.196c5c61e5c78p+0,0x1.07e3860c70333p+1,-0.18889531088697897,2.4610649331786534,-0x1.82db8b7504c44p-3,0x1.3b042cfcaad8dp+1,33,8,3,3,-1.4925540888238771e-08,1.6816889776466201e-08,-0x1.006b39187c1cdp-26,0x1.20e976a1f904cp-26,-1.4922864480696088e-06,1.6814238524506739e-06,-0x1.909524d374d22p-20,0x1.c35a913b5945ap-20,0,0.0099999999989999998,0x0p+0,0x1.47ae147a548aep-7,70,70,3,100
flowstar_vdp_stock_reach_v1,stepwise,71,0.70999999999999996,0x1.6b851eb851eb8p-1,0.01,0x1.47ae147ae147bp-7,2,1.9269102270148424,2.0503970907516931,0x1.ed49fd175b4fap+0,0x1.067369704bc8dp+1,-0.20325424034870107,0.040384112983955334,-0x1.a043c2589165bp-3,0x1.4ad39f9168ea8p-5,1.926909342285489,2.0511782545166741,0x1.ed49ee3f79198p+0,0x1.068d0250b52e7p+1,-0.20351966247303876,0.058217839543259479,-0x1.a0ceeab351394p-3,0x1.dceba89c39f57p-5,1.0993097056396248,2.0616309700712008,0x1.196c5c61e5c78p+0,0x1.07e3860c70333p+1,-0.20351966247303876,2.4610649331786534,-0x1.a0ceeab351394p-3,0x1.3b042cfcaad8dp+1,33,9,3,3,-1.4145508760239144e-08,1.5974129611095238e-08,-0x1.e60935fda4624p-27,0x1.126ef70a808ebp-26,-1.4142806373149244e-06,1.5971452071207531e-06,-0x1.7ba4a0173574p-20,0x1.acbafb9fa545ep-20,0,0.0099999999989999998,0x0p+0,0x1.47ae147a548aep-7,71,71,3,100
flowstar_vdp_stock_reach_v1,stepwise,72,0.71999999999999997,0x1.70a3d70a3d70ap-1,0.01,0x1.47ae147ae147bp-7,2,1.9270978946002819,2.048408590345097,0x1.ed5649a17fa89p+0,0x1.063240b03056fp+1,-0.2174151070155918,0.020276459639106861,-0x1.bd4421b24e73ep-3,0x1.4c35a2c1d50a4p-6,1.9270970353637207,2.0493628212055368,0x1.ed563b371b118p+0,0x1.0651855b5ba86p+1,-0.21767288269781238,0.037586988363228171,-0x1.bdcb47c34e20cp-3,0x1.33e9a0b8ce6b2p-5,1.0993097056396248,2.0616309700712008,0x1.196c5c61e5c78p+0,0x1.07e3860c70333p+1,-0.21767288269781238,2.4610649331786534,-0x1.bdcb47c34e20cp-3,0x1.3b042cfcaad8dp+1,33,9,3,3,-1.3402945549288548e-08,1.5168580994805591e-08,-0x1.cc858e4a6cb9p-27,0x1.04981fedd20dbp-26,-1.340022030148437e-06,1.5165880212480876e-06,-0x1.67b59cdba50ecp-20,0x1.971b229f5e10ep-20,0,0.0099999999989999998,0x0p+0,0x1.47ae147a548aep-7,72,72,3,100
flowstar_vdp_stock_reach_v1,stepwise,73,0.72999999999999998,0x1.75c28f5c28f5cp-1,0.01,0x1.47ae147ae147bp-7,2,1.9270891667588044,2.0462788192162953,0x1.ed55b733b477fp+0,0x1.05ec76df8407bp+1,-0.23111327378767821,0.00070553936457168245,-0x1.d951ea84b7718p-3,0x1.71e7e3f99a1f7p-11,1.9270883328269668,2.0474010378545402,0x1.ed55a935feb76p+0,0x1.06113cb9b0dbdp+1,-0.2313634593031319,0.017508106864431546,-0x1.d9d515d9922eep-3,0x1.1eda52997262fp-6,1.0993097056396248,2.0616309700712008,0x1.196c5c61e5c78p+0,0x1.07e3860c70333p+1,-0.2313634593031319,2.4610649331786534,-0x1.d9d515d9922eep-3,0x1.3b042cfcaad8dp+1,33,9,3,3,-1.2695617898074754e-08,1.4397995077750831e-08,-0x1.b437d6047b219p-27,0x1.eeb61aa22e654p-27,-1.2692872865854299e-06,1.4395274060331436e-06,-0x1.54b8c216e46a8p-20,0x1.826b91f16686p-20,0,0.0099999999989999998,0x0p+0,0x1.47ae147a548aep-7,73,73,3,100
flowstar_vdp_stock_reach_v1,stepwise,74,0.73999999999999999,0x1.7ae147ae147aep-1,0.01,0x1.47ae147ae147bp-7,2,1.9268893452908353,2.0440123221949493,0x1.ed489ec108f51p+0,0x1.05a2321e3962ap+1,-0.24436621422067109,-0.018340705758770542,-0x1.f476461299d49p-3,-0x1.2c7e7edad8bbbp-6,1.9268885364256105,2.045297600457431,0x1.ed48912efc3ccp+0,0x1.05cc4fd046a6p+1,-0.24460888086611449,-0.0020309904444150129,-0x1.f4f5803d0c89ap-3,-0x1.0a34bb13128fbp-9,1.0993097056396248,2.0616309700712008,0x1.196c5c61e5c78p+0,0x1.07e3860c70333p+1,-0.24460888086611449,2.4610649331786534,-0x1.f4f5803d0c89ap-3,0x1.3b042cfcaad8dp+1,33,9,3,3,-1.2022420409772275e-08,1.3661608854286176e-08,-0x1.9d165409ece45p-27,0x1.d568c845d121bp-27,-1.2019658564527494e-06,1.3658870513778036e-06,-0x1.42a676f73b8fbp-20,0x1.6ea70b1f9d81dp-20,0,0.0099999999989999998,0x0p+0,0x1.47ae147a548aep-7,74,74,3,100
flowstar_vdp_stock_reach_v1,stepwise,75,0.75,0x1.8p-1,0.01,0x1.47ae147ae147bp-7,2,1.926503605665884,2.0416134765671043,0x1.ed2f571df6078p+0,0x1.0553972476db9p+1,-0.25719093775227031,-0.036874499296930541,-0x1.075d0fa9e4f04p-2,-0x1.2e136e112c94p-5,1.9265028215845805,2.0430570358964726,0x1.ed2f49f65b84ep+0,0x1.0582e49884decp+1,-0.25742617020708625,-0.021042683105527621,-0x1.079ab9d8b223ep-2,-0x1.58c368f088868p-6,1.0993097056396248,2.0616309700712008,0x1.196c5c61e5c78p+0,0x1.07e3860c70333p+1,-0.25742617020708625,2.4610649331786534,-0x1.079ab9d8b223ep-2,0x1.3b042cfcaad8dp+1,33,9,3,3,-1.1416899440938409e-08,1.2993272671975548e-08,-0x1.88481c08b225ep-27,0x1.be7208fb5edb9p-27,-1.141412370422594e-06,1.2990519879648558e-06,-0x1.326542c61c7c2p-20,0x1.5cb62c40eef51p-20,0,0.0099999999989999998,0x0p+0,0x1.47ae147a548aep-7,75,75,3,100
flowstar_vdp_stock_reach_v1,stepwise,76,0.76000000000000001,0x1.851eb851eb852p-1,0.01,0x1.47ae147ae147bp-7,2,1.925936996026977,2.0390864963042854,0x1.ed0a34fc17a42p+0,0x1.0500c94babcafp+1,-0.26960405875181037,-0.054908112663736526,-0x1.1413161cd4e0ap-2,-0x1.c1cea885a06a1p-5,1.9259362364074444,2.0406837059197565,0x1.ed0a283d8d21ep+0,0x1.05351fa933e55p+1,-0.26983195354146267,-0.039539423737654171,-0x1.144ed3df81681p-2,-0x1.43e82e7b639efp-5,1.0993097056396248,2.0616309700712008,0x1.196c5c61e5c78p+0,0x1.07e3860c70333p+1,-0.26983195354146267,2.4610649331786534,-0x1.144ed3df81681p-2,0x1.3b042cfcaad8dp+1,33,9,3,3,-1.0856369858665658e-08,1.2370568225017619e-08,-0x1.7505a3a002b7cp-27,0x1.a90cab396a1b9p-27,-1.0853583009230588e-06,1.2367803717882626e-06,-0x1.2359412799be7p-20,0x1.4bfee6658656ep-20,0,0.0099999999989999998,0x0p+0,0x1.47ae147a548aep-7,76,76,3,100
flowstar_vdp_stock_reach_v1,stepwise,77,0.77000000000000002,0x1.8a3d70a3d70a4p-1,0.01,0x1.47ae147ae147bp-7,2,1.925194436292567,2.0364354366541395,0x1.ecd98ae65156dp+0,0x1.04a9ea986c294p+1,-0.28162163347625929,-0.0724539850535805,-0x1.20616be681abfp-2,-0x1.28c5828451ecap-4,1.9251937007779829,2.0381818115097943,0x1.ecd97e8f4e806p+0,0x1.04e3243fde49p+1,-0.28184229753601325,-0.057533854995994171,-0x1.209b446a2fcc7p-2,-0x1.d7513d33dbf7p-5,1.0993097056396248,2.0616309700712008,0x1.196c5c61e5c78p+0,0x1.07e3860c70333p+1,-0.28184229753601325,2.4610649331786534,-0x1.209b446a2fcc7p-2,0x1.3b042cfcaad8dp+1,33,9,3,3,-1.0320613441824612e-08,1.1773510431193227e-08,-0x1.629d136ce833dp-27,0x1.9488e4986af85p-27,-1.0317818118947872e-06,1.1770736814775881e-06,-0x1.14f7819793b78p-20,0x1.3bf7e3314a42fp-20,0,0.0099999999989999998,0x0p+0,0x1.47ae147a548aep-7,77,77,3,100
flowstar_vdp_stock_reach_v1,stepwise,78,0.78000000000000003,0x1.8f5c28f5c28f6p-1,0.01,0x1.47ae147ae147bp-7,2,1.9242807180421415,2.0336641983518779,0x1.ec9da940507c3p+0,0x1.044f1bc37bd2ep+1,-0.29325910900054769,-0.089524736672904656,-0x1.2c4c1da9a5539p-2,-0x1.6eb17d8317173p-4,1.9242800062454719,2.0355553969006261,0x1.ec9d9d4f2bc53p+0,0x1.048d14497136fp+1,-0.29347265833693836,-0.075038820028871994,-0x1.2c8418b74f302p-2,-0x1.335be7df455dap-4,1.0993097056396248,2.0616309700712008,0x1.196c5c61e5c78p+0,0x1.07e3860c70333p+1,-0.29347265833693836,2.4610649331786534,-0x1.2c8418b74f302p-2,0x1.3b042cfcaad8dp+1,33,9,3,3,-9.8090339752877091e-09,1.120170413647444e-08,-0x1.51092ce0c3a23p-27,0x1.80e33b4997a94p-27,-9.8062327111283157e-07,1.1198923916549044e-06,-0x1.073beb065fe4dp-20,0x1.2c9e6b4dc0886p-20,0,0.0099999999989999998,0x0p+0,0x1.47ae147a548aep-7,78,78,3,100
flowstar_vdp_stock_reach_v1,stepwise,79,0.79000000000000004,0x1.947ae147ae148p-1,0.01,0x1.47ae147ae147bp-7,2,1.9232005045765219,2.0307765320105315,0x1.ec56de46ce8e6p+0,0x1.03f07c433c199p+1,-0.30453158699334865,-0.106132872043049,-0x1.37d720daf10fbp-2,-0x1.b2b861e74984p-4,1.9231998160846668,2.0328083537995671,0x1.ec56d2b9c1c18p+0,0x1.0433106b4d681p+1,-0.30473814544042888,-0.092067063198300297,-0x1.380d46c20a94ep-2,-0x1.791b50179b812p-4,1.0993097056396248,2.0616309700712008,0x1.196c5c61e5c78p+0,0x1.07e3860c70333p+1,-0.30473814544042888,2.4610649331786534,-0x1.380d46c20a94ep-2,0x1.3b042cfcaad8dp+1,33,9,3,3,-9.320977690999872e-09,1.0654666927932382e-08,-0x1.40442fd3f50bfp-27,0x1.6e177100d17c9p-27,-9.3181729111656175e-07,1.0651882510471425e-06,-0x1.f443fe4a1990cp-21,0x1.1def2de27ecebp-20,0,0.0099999999989999998,0x0p+0,0x1.47ae147a548aep-7,79,79,3,100
flowstar_vdp_stock_reach_v1,stepwise,80,0.80000000000000004,0x1.999999999999ap-1,0.01,0x1.47ae147ae147bp-7,2,1.921958331221292,2.0277760425741782,0x1.ec057610dec47p+0,0x1.038e2a553bf48p+1,-0.31545376804016456,-0.12229080732706735,-0x1.4306500487a8p-2,-0x1.f4e734a12399ap-4,1.9219576655989252,2.0299444256958568,0x1.ec056ae60b3c4p+0,0x1.03d5380c87d5ap+1,-0.31565346610720812,-0.10863125501074533,-0x1.433aa98732b1p-2,-0x1.bcf42079836ep-4,1.0993097056396248,2.0616309700712008,0x1.196c5c61e5c78p+0,0x1.07e3860c70333p+1,-0.31565346610720812,2.4610649331786534,-0x1.433aa98732b1p-2,0x1.3b042cfcaad8dp+1,33,9,3,3,-8.8557462453446699e-09,1.0131844636204079e-08,-0x1.3047f7beccb3p-27,0x1.5c20a5dd3525ep-27,-8.8529402698272164e-07,1.0129058327696364e-06,-0x1.db49e27410bf8p-21,0x1.0fe65bdb05d21p-20,0,0.0099999999989999998,0x0p+0,0x1.47ae147a548aep-7,80,80,3,100
flowstar_vdp_stock_reach_v1,stepwise,81,0.81000000000000005,0x1.9eb851eb851ecp-1,0.01,0x1.47ae147ae147bp-7,2,1.9205586057432056,2.0246661939202508,0x1.eba9ba91b7eacp+0,0x1.032843081a259p+1,-0.32603979250458903,-0.13801100535606262,-0x1.4ddd601801e14p-2,-0x1.1aa58393f05f9p-3,1.9205579625363212,2.0269672123405451,0x1.eba9afc72a77fp+0,0x1.0373a95f88912p+1,-0.32623276631164827,-0.12474412492672252,-0x1.4e0ff658c4c05p-2,-0x1.fef3b20edac62p-4,1.0993097056396248,2.0616309700712008,0x1.196c5c61e5c78p+0,0x1.07e3860c70333p+1,-0.32623276631164827,2.4610649331786534,-0x1.4e0ff658c4c05p-2,0x1.3b042cfcaad8dp+1,33,9,3,3,-8.4126084349540668e-09,9.6326256003858309e-09,-0x1.210e161b3f6c6p-27,0x1.4af9788841712p-27,-8.4098034793550463e-07,9.6298396084575454e-07,-0x1.c37f757b2d2efp-21,0x1.027fc0ff3a8c6p-20,0,0.0099999999989999998,0x0p+0,0x1.47ae147a548aep-7,81,81,3,100
flowstar_vdp_stock_reach_v1,stepwise,82,0.82000000000000006,0x1.a3d70a3d70a3ep-1,0.01,0x1.47ae147ae147bp-7,2,1.9190055446400369,2.0214503778096646,0x1.eb43f28712562p+0,0x1.02bee2cf96f51p+1,-0.3363164121529551,-0.15329278380733186,-0x1.5863545d3851bp-2,-0x1.39f191295282ep-3,1.919004923379217,2.0238802385946268,0x1.eb43e81ac6d75p+0,0x1.030e81f5e46dcp+1,-0.33650280245046893,-0.1404052674941059,-0x1.589430ce2600ep-2,-0x1.1f8ccc0096271p-3,1.0993097056396248,2.0616309700712008,0x1.196c5c61e5c78p+0,0x1.07e3860c70333p+1,-0.33650280245046893,2.4610649331786534,-0x1.589430ce2600ep-2,0x1.3b042cfcaad8dp+1,33,9,3,3,-7.9908032650441451e-09,9.1563436720640806e-09,-0x1.128fd94dad0e6p-27,0x1.3a9c0cf98bf7ep-27,-7.9880014425070214e-07,9.153560106793174e-07,-0x1.acda417ffb5f3p-21,0x1.eb6d927936a3bp-21,0,0.0099999999989999998,0x0p+0,0x1.47ae147a548aep-7,82,82,3,100
flowstar_vdp_stock_reach_v1,stepwise,83,0.83000000000000007,0x1.a8f5c28f5c29p-1,0.01,0x1.47ae147ae147bp-7,2,1.9173033685694516,2.0181317238815613,0x1.ead464c08434bp+0,0x1.025223ec8bb34p+1,-0.34628409919769426,-0.16816118958124465,-0x1.62984c84b735fp-2,-0x1.5864e4cda9c86p-3,1.9173027687728654,2.0206867643405744,0x1.ead45ab068e29p+0,0x1.02a5dd2826c3p+1,-0.34646405046620182,-0.15564001484432821,-0x1.62c778d7f7d6dp-2,-0x1.3ec0312da48b8p-3,1.0993097056396248,2.0616309700712008,0x1.196c5c61e5c78p+0,0x1.07e3860c70333p+1,-0.34646405046620182,2.4610649331786534,-0x1.62c778d7f7d6dp-2,0x1.3b042cfcaad8dp+1,33,9,3,3,-7.5895562887647081e-09,8.7022994899078757e-09,-0x1.04c6716fded7fp-27,0x1.2b023c5eb8d48p-27,-7.5867596116580138e-07,8.6995203649526599e-07,-0x1.974fa15000a4ap-21,0x1.d30d4c26c7d35p-21,0,0.0099999999989999998,0x0p+0,0x1.47ae147a548aep-7,83,83,3,100
flowstar_vdp_stock_reach_v1,stepwise,84,0.83999999999999997,0x1.ae147ae147ae1p-1,0.01,0x1.47ae147ae147bp-7,2,1.9154561161826476,2.0147132916869976,0x1.ea5b54ffed7a5p+0,0x1.01e220094e5b6p+1,-0.35595451204431572,-0.18262946123898732,-0x1.6c7f56f0603acp-2,-0x1.76066f5a75dcep-3,1.9154555373587985,2.0173899764500458,0x1.ea5b4b49e5ecep+0,0x1.0239d5b210c9cp+1,-0.35612817167024674,-0.17046189740562762,-0x1.6cacdd0a082cdp-2,-0x1.5d1b209491fa2p-3,1.0993097056396248,2.0616309700712008,0x1.196c5c61e5c78p+0,0x1.07e3860c70333p+1,-0.35612817167024674,2.4610649331786534,-0x1.6cacdd0a082cdp-2,0x1.3b042cfcaad8dp+1,33,9,3,3,-7.2083799204138078e-09,8.2700640721762146e-09,-0x1.ef5b291f9f0bap-28,0x1.1c2840bca4eb4p-27,-7.2055901956454325e-07,8.2672912001289028e-07,-0x1.82d8e0a804c68p-21,0x1.bbd8c8f9a71cbp-21,0,0.0099999999989999998,0x0p+0,0x1.47ae147a548aep-7,84,84,3,100
flowstar_vdp_stock_reach_v1,stepwise,85,0.84999999999999998,0x1.b333333333333p-1,0.01,0x1.47ae147ae147bp-7,2,1.9134676968348674,2.0111980224835979,0x1.e9d904dbdbb2ep+0,0x1.016eefd22c681p+1,-0.36534020076490326,-0.19670954870619276,-0x1.761bbdd8cc1e2p-2,-0x1.92dc74b4083a1p-3,1.9134671384850983,2.0139929405282984,0x1.e9d8fb7dc3a2ap+0,0x1.01ca854af8d23p+1,-0.36550771828837925,-0.18488316203026925,-0x1.7647a7c1efca4p-2,-0x1.7aa405f40233dp-3,1.0993097056396248,2.0616309700712008,0x1.196c5c61e5c78p+0,0x1.07e3860c70333p+1,-0.36550771828837925,2.4610649331786534,-0x1.7647a7c1efca4p-2,0x1.3b042cfcaad8dp+1,33,9,3,3,-6.8435957413387557e-09,7.8560137443438643e-09,-0x1.d649cf3b06795p-28,0x1.0dee3a492ba5dp-27,-6.8434925602569539e-07,7.8559100437382002e-07,-0x1.6f683edcdb713p-21,0x1.a5c2ce3520899p-21,0,0.0099999999989999998,0x0p+0,0x1.47ae147a548aep-7,85,85,3,100
flowstar_vdp_stock_reach_v1,stepwise,86,0.85999999999999999,0x1.b851eb851eb85p-1,0.01,0x1.47ae147ae147bp-7,2,1.9113419008294477,2.0075887365560869,0x1.e94db3eb8975cp+0,0x1.00f8aaefa9c5fp+1,-0.37445299086928596,-0.21041336708067243,-0x1.7f709ad6b11fp-2,-0x1.aeed34120597ep-3,1.9113413624502213,2.0104985981988244,0x1.e94daae3373d9p+0,0x1.0158049ff57a5p+1,-0.37461451729987028,-0.1989160243658277,-0x1.7f9af2b1a39a8p-2,-0x1.976148da699d1p-3,1.0993097056396248,2.0616309700712008,0x1.196c5c61e5c78p+0,0x1.07e3860c70333p+1,-0.37461451729987028,2.4610649331786534,-0x1.7f9af2b1a39a8p-2,0x1.3b042cfcaad8dp+1,33,9,3,3,-6.4997884942842034e-09,7.4647234687997653e-09,-0x1.bea97d0a74d7bp-28,0x1.007c66ea8fb39p-27,-6.4996857862104526e-07,7.4646202635878385e-07,-0x1.5cf30050f5e6p-21,0x1.90c0f5af82e3dp-21,0,0.0099999999989999998,0x0p+0,0x1.47ae147a548aep-7,86,86,3,100
flowstar_vdp_stock_reach_v1,stepwise,87,0.87,0x1.bd70a3d70a3d7p-1,0.01,0x1.47ae147ae147bp-7,2,1.9090823987957291,2.0038881384809524,0x1.e8b99fc432672p+0,0x1.007f6811cf1afp+1,-0.38330444974652833,-0.22375256315124029,-0x1.8880f6304a5b8p-2,-0x1.ca3ec8a90bc79p-3,1.9090818798806943,2.0069097723451468,0x1.e8b9970f7949dp+0,0x1.00e26b5f1f631p+1,-0.38346013694290204,-0.21257243406943691,-0x1.88a9c62df5314p-2,-0x1.b3592d22dff1bp-3,1.0993097056396248,2.0616309700712008,0x1.196c5c61e5c78p+0,0x1.07e3860c70333p+1,-0.38346013694290204,2.4610649331786534,-0x1.88a9c62df5314p-2,0x1.3b042cfcaad8dp+1,33,9,3,3,-6.1733926922301076e-09,7.0926562984471585e-09,-0x1.a83b7907413ddp-28,0x1.e767544343d25p-28,-6.1732905263474461e-07,7.0925536574313113e-07,-0x1.4b6d0f16d256ap-21,0x1.7cc750b1be19cp-21,0,0.0099999999989999998,0x0p+0,0x1.47ae147a548aep-7,87,87,3,100
flowstar_vdp_stock_reach_v1,stepwise,88,0.88,0x1.c28f5c28f5c29p-1,0.01,0x1.47ae147ae147bp-7,2,1.9066927444867239,2.0000988205070716,0x1.e81d040517496p+0,0x1.00033cf76c4b4p+1,-0.39190573438694731,-0.23673860525609156,-0x1.914fbca13a2a2p-2,-0x1.e4d735ba345c7p-3,1.9066922445285828,2.0032291704803651,0x1.e81cfba1c97f4p+0,0x1.0069d03ecd9dcp+1,-0.39205573449655601,-0.22586416348549104,-0x1.91770ef77ce4fp-2,-0x1.ce91dedc11932p-3,1.0993097056396248,2.0616309700712008,0x1.196c5c61e5c78p+0,0x1.07e3860c70333p+1,-0.39205573449655601,2.4610649331786534,-0x1.91770ef77ce4fp-2,0x1.3b042cfcaad8dp+1,33,9,3,3,-5.8636488796471567e-09,6.7390528269373727e-09,-0x1.92f266e8cf1e1p-28,0x1.cf1aabccdb8fbp-28,-5.8635473293044464e-07,6.7389508230047972e-07,-0x1.3acbfb1977074p-21,0x1.69cb6f53120c5p-21,0,0.0099999999989999998,0x0p+0,0x1.47ae147a548aep-7,88,88,3,100
flowstar_vdp_stock_reach_v1,stepwise,89,0.89000000000000001,0x1.c7ae147ae147bp-1,0.01,0x1.47ae147ae147bp-7,2,1.9041763768604716,1.9962232663676225,0x1.e7781a606e769p+0,0x1.ff087cec90303p+0,-0.40026759966240233,-0.24938277443737839,-0x1.99dfbfe8cb338p-2,-0x1.febc6563277eep-3,1.9041758953526589,1.9994593885586012,0x1.e778124c5f063p+0,0x1.ffdc920b8a12cp+0,-0.40041206461721024,-0.2388027977356213,-0x1.9a059ec9d1abcp-2,-0x1.e91170f3be0cp-3,1.0993097056396248,2.0616309700712008,0x1.196c5c61e5c78p+0,0x1.07e3860c70333p+1,-0.40041206461721024,2.4610649331786534,-0x1.9a059ec9d1abcp-2,0x1.3b042cfcaad8dp+1,33,9,3,3,-5.5698033034856776e-09,6.4031491252413592e-09,-0x1.7ec1041504d64p-28,0x1.b8056403b1fe2p-28,-5.5697024376299232e-07,6.4030478268106914e-07,-0x1.2b05684c88f16p-21,0x1.57c2d1b95f3cap-21,0,0.0099999999989999998,0x0p+0,0x1.47ae147a548aep-7,89,89,3,100
flowstar_vdp_stock_reach_v1,stepwise,90,0.90000000000000002,0x1.ccccccccccccdp-1,0.01,0x1.47ae147ae147bp-7,2,1.9015366221387835,1.9922638551107219,0x1.e6cb1aa43b7d9p+0,0x1.fe050106b4143p+0,-0.40840041444255282,-0.26169614962468962,-0x1.a233b7ded07f4p-2,-0x1.0bfa135082377p-2,1.9015361585769721,1.9956029148147414,0x1.e6cb12dd3fe38p+0,0x1.fedfd526ee7c9p+0,-0.40853949550715291,-0.25139971894603919,-0x1.a2582d714f6c1p-2,-0x1.016eed8c63276p-2,1.0993097056396248,2.0616309700712008,0x1.196c5c61e5c78p+0,0x1.07e3860c70333p+1,-0.40853949550715291,2.4610649331786534,-0x1.a2582d714f6c1p-2,0x1.3b042cfcaad8dp+1,33,9,3,3,-5.2911214893952392e-09,6.0841919003916486e-09,-0x1.6b9a64c49c765p-28,0x1.a21a3c601dc7ep-28,-5.2910213726774528e-07,6.084091371531484e-07,-0x1.1c0f3e787adadp-21,0x1.46a31d76be52ap-21,0,0.0099999999989999998,0x0p+0,0x1.47ae147a548aep-7,90,90,3,100
flowstar_vdp_stock_reach_v1,stepwise,91,0.91000000000000003,0x1.d1eb851eb851fp-1,0.01,0x1.47ae147ae147bp-7,2,1.8987766939410595,1.9882228668334878,0x1.e6163abae2442p+0,0x1.fcfc2c7e358dbp+0,-0.41631459263116616,-0.27368917957065925,-0x1.aa4e5f60cb2efp-2,-0x1.1841f9ee19a77p-2,1.8987762478245032,1.9916621355161039,0x1.e616333ed3ecdp+0,0x1.fddd91d8b922cp+0,-0.41644843999962,-0.26366567732809565,-0x1.aa7175b913084p-2,-0x1.0dfe6014ceb44p-2,1.0993097056396248,2.0616309700712008,0x1.196c5c61e5c78p+0,0x1.07e3860c70333p+1,-0.41644843999962,2.4610649331786534,-0x1.aa7175b913084p-2,0x1.3b042cfcaad8dp+1,33,9,3,3,-5.0268905603557015e-09,5.781441987219761e-09,-0x1.5971fe7456d93p-28,0x1.8d4c33fab3dep-28,-5.0267912532448091e-07,5.7813422877731598e-07,-0x1.0ddfb162ff1bdp-21,0x1.366229d295531p-21,0,0.0099999999989999998,0x0p+0,0x1.47ae147a548aep-7,91,91,3,100
flowstar_vdp_stock_reach_v1,stepwise,92,0.92000000000000004,0x1.d70a3d70a3d71p-1,0.01,0x1.47ae147ae147bp-7,2,1.8958996923607243,1.9841024894361305,0x1.e559aea72f8ecp+0,0x1.fbee24080a557p+0,-0.42402124252470197,-0.2853710379568854,-0x1.b2329fe5cfbfap-2,-0x1.24384e2d00683p-2,1.8958992631934499,1.9876393417417502,0x1.e559a773ed263p+0,0x1.fcd5ee910616cp+0,-0.42415000496262339,-0.27561014552312296,-0x1.b25460ffa69c3p-2,-0x1.1a398bc5ded63p-2,1.0993097056396248,2.0616309700712008,0x1.196c5c61e5c78p+0,0x1.07e3860c70333p+1,-0.42415000496262339,2.4610649331786534,-0x1.b25460ffa69c3p-2,0x1.3b042cfcaad8dp+1,33,9,3,3,-4.7764178546039319e-09,5.4941741156004215e-09,-0x1.483ba1ab8f9bfp-28,0x1.798e887fee168p-28,-4.7763194135052333e-07,5.4940753013144298e-07,-0x1.006d3bf22c44fp-21,0x1.26f5fef7f2f32p-21,0,0.0099999999989999998,0x0p+0,0x1.47ae147a548aep-7,92,92,3,100
flowstar_vdp_stock_reach_v1,stepwise,93,0.93000000000000005,0x1.dc28f5c28f5c3p-1,0.01,0x1.47ae147ae147bp-7,2,1.8929086292284618,1.9799047991378349,0x1.e495a8f0da391p+0,0x1.fadb0a797d8e2p+0,-0.43152759717443784,-0.29675419882198306,-0x1.b9e25ed4be20fp-2,-0x1.2fe0552b907c4p-2,1.8929082165203222,1.9835367099303001,0x1.e495a20448d31p+0,0x1.fbc90fd390ea7p+0,-0.43165142170297999,-0.28724589335655848,-0x1.ba02d48df1df6p-2,-0x1.2623c99781c38p-2,1.0993097056396248,2.0616309700712008,0x1.196c5c61e5c78p+0,0x1.07e3860c70333p+1,-0.43165142170297999,2.4610649331786534,-0x1.ba02d48df1df6p-2,0x1.3b042cfcaad8dp+1,33,9,3,3,-4.5392562163514896e-09,5.2219034291380485e-09,-0x1.37ef709ac07f5p-28,0x1.66d8b2566ef96p-28,-4.5391586937405152e-07,5.221805551805701e-07,-0x1.e76371b0aea04p-22,0x1.1857f2f376717p-21,0,0.0099999999989999998,0x0p+0,0x1.47ae147a548aep-7,93,93,3,100
flowstar_vdp_stock_reach_v1,stepwise,94,0.94000000000000006,0x1.e147ae147ae15p-1,0.01,0x1.47ae147ae147bp-7,2,1.8898064025624113,1.9756317917417745,0x1.e3ca5a36c6e75p+0,0x1.f9c3014e78039p+0,-0.43884257284742528,-0.30784888506178421,-0x1.c15ff289e3859p-2,-0x1.3b3cbcf5cd3c8p-2,1.8898060058300081,1.9793563331828026,0x1.e3ca538ed3036p+0,0x1.fab718be268edp+0,-0.43896160446598492,-0.29858343574483603,-0x1.c17f269d863d3p-2,-0x1.31bfdb2e9b058p-2,1.0993097056396248,2.0616309700712008,0x1.196c5c61e5c78p+0,0x1.07e3860c70333p+1,-0.43896160446598492,2.4610649331786534,-0x1.c17f269d863d3p-2,0x1.3b042cfcaad8dp+1,33,9,3,3,-4.3145928662399825e-09,4.9637748486018911e-09,-0x1.287f1ed31c82bp-28,0x1.551ba68efacebp-28,-4.3144963107705882e-07,4.963677956179048e-07,-0x1.cf43f8b6fdba1p-22,0x1.0a7c4536c45b8p-21,0,0.0099999999989999998,0x0p+0,0x1.47ae147a548aep-7,94,94,3,100
flowstar_vdp_stock_reach_v1,stepwise,95,0.95000000000000007,0x1.e666666666667p-1,0.01,0x1.47ae147ae147bp-7,2,1.8865958092570236,1.9712853755866047,0x1.e2f7f1658791fp+0,0x1.f8a6288b3a405p+0,-0.44597476776741846,-0.31866507767734814,-0x1.c8ad9c099be95p-2,-0x1.4650235c018bdp-2,1.8865954280245121,1.9751002142572534,0x1.e2f7eb0025fdap+0,0x1.f9a02aea8eb81p+0,-0.44608914921202686,-0.30963304142449155,-0x1.c8cb980bdd4e7p-2,-0x1.3d1071aab7816p-2,1.0993097056396248,2.0616309700712008,0x1.196c5c61e5c78p+0,0x1.07e3860c70333p+1,-0.44608914921202686,2.4610649331786534,-0x1.c8cb980bdd4e7p-2,0x1.3b042cfcaad8dp+1,33,9,3,3,-4.1017626145981808e-09,4.7190772789374461e-09,-0x1.19def89529a36p-28,0x1.444ae2acc9de2p-28,-4.101667071239837e-07,4.7189814156868735e-07,-0x1.b869c4157413bp-22,0x1.fab25f9a1a2fp-22,0,0.0099999999989999998,0x0p+0,0x1.47ae147a548aep-7,95,95,3,100
flowstar_vdp_stock_reach_v1,stepwise,96,0.95999999999999996,0x1.eb851eb851eb8p-1,0.01,0x1.47ae147ae147bp-7,2,1.8832789214889165,1.9668680006977433,0x1.e21e91410a822p+0,0x1.f784a94a8bb3dp+0,-0.45299505338008778,-0.32914993326559572,-0x1.cfddef6e11aa5p-2,-0x1.510cae1b6cde2p-2,1.883278555288701,1.9707708947673923,0x1.e21e8b1c391dp+0,0x1.f88470fcef427p+0,-0.45310492491461835,-0.32034214999239607,-0x1.cffabcc8a8c6fp-2,-0x1.4807c5c6fd9cap-2,1.0993097056396248,2.0616309700712008,0x1.196c5c61e5c78p+0,0x1.07e3860c70333p+1,-0.45310492491461835,2.4610649331786534,-0x1.cffabcc8a8c6fp-2,0x1.3b042cfcaad8dp+1,33,9,3,3,-3.9041267293829257e-09,4.4924082514470533e-09,-0x1.0c4a1faf0416bp-28,0x1.34b7482091098p-28,-3.9040322272613767e-07,4.4923134452663586e-07,-0x1.a3313881931f6p-22,0x1.e25bc58f40d2dp-22,0,0.0099999999989999998,0x0p+0,0x1.47ae147a548aep-7,96,96,3,100
flowstar_vdp_stock_reach_v1,stepwise,97,0.96999999999999997,0x1.f0a3d70a3d70ap-1,0.01,0x1.47ae147ae147bp-7,2,1.8798581860827623,1.9623815648846772,0x1.e13e62d657e59p+0,0x1.f65ea36373f73p+0,-0.45992688813171539,-0.33929748001332788,-0x1.d6f712fc4e9c5p-2,-0x1.5b70cc7116fefp-2,1.8798578344560908,1.966370361331391,0x1.e13e5cf01e486p+0,0x1.f7640c49bdf58p+0,-0.46003238736919294,-0.33070506751229062,-0x1.d712baeb67ec4p-2,-0x1.52a4596658d7bp-2,1.0993097056396248,2.0616309700712008,0x1.196c5c61e5c78p+0,0x1.07e3860c70333p+1,-0.46003238736919294,2.4610649331786534,-0x1.d712baeb67ec4p-2,0x1.3b042cfcaad8dp+1,33,9,3,3,-3.7217758887525099e-09,4.2839932135057253e-09,-0x1.ff845902f0a7ap-29,0x1.2664ce3d70c76p-28,-3.7216824512022046e-07,4.2838994864528294e-07,-0x1.8f9cd4082b93ep-22,0x1.cbfaeeb45a473p-22,0,0.0099999999989999998,0x0p+0,0x1.47ae147a548aep-7,97,97,3,100
flowstar_vdp_stock_reach_v1,stepwise,98,0.97999999999999998,0x1.f5c28f5c28f5cp-1,0.01,0x1.47ae147ae147bp-7,2,1.8763368435306924,1.957827000083002,0x1.e0579c833e837p+0,0x1.f534267895108p+0,-0.46670466659188081,-0.34919027907042116,-0x1.dde7d3ff9c608p-2,-0x1.659222f2c1191p-2,1.8763365060281598,1.9618996319685538,0x1.e05796d9ae8dfp+0,0x1.f63f0de556e14p+0,-0.46680592834333789,-0.34080462755814855,-0x1.de025f8f4114cp-2,-0x1.5cfbe366c036ap-2,1.0993097056396248,2.0616309700712008,0x1.196c5c61e5c78p+0,0x1.07e3860c70333p+1,-0.46680592834333789,2.4610649331786534,-0x1.de025f8f4114cp-2,0x1.3b042cfcaad8dp+1,33,9,3,3,-3.5493738545355315e-09,4.0868889384160376e-09,-0x1.e7d27d89910dep-29,0x1.18d94f800a29ap-28,-3.5492815162285904e-07,4.0867963245295708e-07,-0x1.7d19e84d916a4p-22,0x1.b6d10081b7589p-22,0,0.0099999999989999998,0x0p+0,0x1.47ae147a548aep-7,98,98,3,100
flowstar_vdp_stock_reach_v1,stepwise,99,0.98999999999999999,0x1.fae147ae147aep-1,0.01,0x1.47ae147ae147bp-7,2,1.872717313512956,1.953205892090653,0x1.df6a66e030ed9p+0,0x1.f4054d24e244ap+0,-0.4733354183490121,-0.35883773637587574,-0x1.e4b20a3763d33p-2,-0x1.6f7328d938609p-2,1.8727169896949238,1.9573603758929743,0x1.df6a6171673c8p+0,0x1.f51591d0f253dp+0,-0.47343257449748993,-0.35065050276308013,-0x1.e4cb82414fab9p-2,-0x1.6710ece6c6073p-2,1.0993097056396248,2.0616309700712008,0x1.196c5c61e5c78p+0,0x1.07e3860c70333p+1,-0.47343257449748993,2.4610649331786534,-0x1.e4cb82414fab9p-2,0x1.3b042cfcaad8dp+1,33,9,3,3,-3.3863751027962209e-09,3.9004891231650464e-09,-0x1.d16b7b4d5ba3fp-29,0x1.0c0a215c9503ap-28,-3.3862838953608502e-07,3.9003976534531904e-07,-0x1.6b997683ba258p-22,0x1.a2cd507779b5p-22,0,0.0099999999989999998,0x0p+0,0x1.47ae147a548aep-7,99,99,3,100
flowstar_vdp_stock_reach_v1,stepwise,100,1,0x1p+0,0.01,0x1.47ae147ae147bp-7,2,1.8690019262741446,1.9485197543373756,0x1.de76e905822a1p+0,0x1.f2d230cc7d2dfp+0,-0.4798259187847726,-0.3682490032316072,-0x1.eb577c53d0a3fp-2,-0x1.79164446a84bbp-2,1.8690016157110836,1.9527541873427086,0x1.de76e3cfa677bp+0,0x1.f3e7b2cbc394ep+0,-0.47991909818221506,-0.36025210516401951,-0x1.eb6fe97dac781p-2,-0x1.70e5ed87fa7ccp-2,1.0993097056396248,2.0616309700712008,0x1.196c5c61e5c78p+0,0x1.07e3860c70333p+1,-0.47991909818221506,2.4610649331786534,-0x1.eb6fe97dac781p-2,0x1.3b042cfcaad8dp+1,33,9,3,3,-3.2322615133445159e-09,3.7242160154079919e-09,-0x1.bc3d177e7ef51p-29,0x1.ffda33b7ee216p-29,-3.2321714654846297e-07,3.7241257179698505e-07,-0x1.5b0d40b3058afp-22,0x1.8fdffcfe4abdep-22,0,0.0099999999989999998,0x0p+0,0x1.47ae147a548aep-7,0,0,3,100
flowstar_vdp_stock_reach_v1,stepwise,101,1.01,0x1.028f5c28f5c29p+0,0.01,0x1.47ae147ae147bp-7,2,1.8651909040843706,1.9437720299999162,0x1.dd7d26add6cbap+0,0x1.f19b0b33baaafp+0,-0.4861900654628224,-0.37742640659902965,-0x1.f1dbcefb3631p-2,-0x1.827c1163f561dp-2,1.8651906063571346,1.9480845877565129,0x1.dd7d21af1c3cdp+0,0x1.f2b5abea41806p+0,-0.48627939384775859,-0.36961201631288471,-0x1.f1f339b52de71p-2,-0x1.7a7b928916ff5p-2,1.0993097056396248,2.0616309700712008,0x1.196c5c61e5c78p+0,0x1.07e3860c70333p+1,-0.48627939384775859,2.4610649331786534,-0x1.f1f339b52de71p-2,0x1.3b042cfcaad8dp+1,33,9,3,3,-3.0871949016686788e-09,3.5582827464152473e-09,-0x1.a84d039e17c7p-29,0x1.e90bf1b3a096dp-29,-3.0871060372269331e-07,3.5581936444548707e-07,-0x1.4b79b97f9039p-22,0x1.7e0ee1d482f8dp-22,0,0.0099999999989999998,0x0p+0,0x1.47ae147a548aep-7,1,1,3,100
flowstar_vdp_stock_reach_v1,stepwise,102,1.02,0x1.051eb851eb852p+0,0.01,0x1.47ae147ae147bp-7,2,1.8612903517271289,1.9389601844005364,0x1.dc7d864507425p+0,0x1.f05fb1d43f164p+0,-0.49241930654989813,-0.3863918313346601,-0x1.f83cc4463407dp-2,-0x1.8baa4cdc187cbp-2,1.8612900664271663,1.9433491182353557,0x1.dc7d817baca2p+0,0x1.f17f53eb8802ap+0,-0.49250490648394912,-0.3787523693663713,-0x1.f85334c9df559p-2,-0x1.83d7a93ed8249p-2,1.0993097056396248,2.0616309700712008,0x1.196c5c61e5c78p+0,0x1.07e3860c70333p+1,-0.49250490648394912,2.4610649331786534,-0x1.f85334c9df559p-2,0x1.3b042cfcaad8dp+1,33,9,3,3,-2.9498024823715175e-09,3.4010362878138451e-09,-0x1.956af2b8899ddp-29,0x1.d36f538456701p-29,-2.9497148266422209e-07,3.400948406109051e-07,-0x1.3cb924cda563cp-22,0x1.6d2c8ed5c89a2p-22,0,0.0099999999989999998,0x0p+0,0x1.47ae147a548aep-7,2,2,3,100
flowstar_vdp_stock_reach_v1,stepwise,103,1.03,0x1.07ae147ae147bp+0,0.01,0x1.47ae147ae147bp-7,2,1.8573004220438307,1.9340874392613867,0x1.db780a5b8676dp+0,0x1.ef205abb3b672p+0,-0.49852719256546707,-0.39514701591896328,-0x1.fe7de990f1064p-2,-0x1.94a16b59ef8dap-2,1.8573001487733392,1.9385510738608751,0x1.db7805c5d6619p+0,0x1.f044e217dbafp+0,-0.49860918338684962,-0.38767514470480802,-0x1.fe9367e086f2dp-2,-0x1.8cfab68feab82p-2,1.0993097056396248,2.0616309700712008,0x1.196c5c61e5c78p+0,0x1.07e3860c70333p+1,-0.49860918338684962,2.4610649331786534,-0x1.fe9367e086f2dp-2,0x1.3b042cfcaad8dp+1,33,9,3,3,-2.8199268431961066e-09,3.2523783646979322e-09,-0x1.83915af5e0b66p-29,0x1.bf00e3fb8e7cep-29,-2.8198404168183726e-07,3.2522917233374212e-07,-0x1.2ec72ee42bc65p-22,0x1.5d36506d543aep-22,0,0.0099999999989999998,0x0p+0,0x1.47ae147a548aep-7,3,3,3,100
flowstar_vdp_stock_reach_v1,stepwise,104,1.04,0x1.0a3d70a3d70a4p+0,0.01,0x1.47ae147ae147bp-7,2,1.8532231109357367,1.929155044234415,0x1.da6cd46da90dfp+0,0x1.eddd1adfe6768p+0,-0.50451957013727367,-0.40370012491796436,-0x1.0250639bdcf69p-1,-0x1.9d6390c7a7b3cp-2,1.8532228493077658,1.933691775290145,0x1.da6cd009fa0efp+0,0x1.ef066c976a54ap+0,-0.50459806792960249,-0.39638874231607513,-0x1.025aad8ec3cdcp-1,-0x1.95e6ee33001dep-2,1.0993097056396248,2.0616309700712008,0x1.196c5c61e5c78p+0,0x1.07e3860c70333p+1,-0.50459806792960249,2.4610649331786534,-0x1.025aad8ec3cdcp-1,0x1.3b042cfcaad8dp+1,33,9,3,3,-2.6971715842937433e-09,3.1118592497718754e-09,-0x1.72b249e24b263p-29,0x1.abb0d050be52bp-29,-2.6970864054489718e-07,3.1117738664067254e-07,-0x1.2198f25439f5ep-22,0x1.4e1fc9ea15902p-22,0,0.0099999999989999998,0x0p+0,0x1.47ae147a548aep-7,4,4,3,100
flowstar_vdp_stock_reach_v1,stepwise,105,1.05,0x1.0cccccccccccdp+0,0.01,0x1.47ae147ae147bp-7,2,1.8490603364502478,1.9241641889588144,0x1.d95c04a962734p+0,0x1.ec960637b6649p+0,-0.51040207552485539,-0.41205908556761284,-0x1.05536bbc612a5p-1,-0x1.a5f2d12221582p-2,1.8490600860887578,1.9287724808784559,0x1.d95c00761714bp+0,0x1.edc40886cc399p+0,-0.51047719309967043,-0.40490131833129861,-0x1.055d44436f159p-1,-0x1.9e9e73815c60cp-2,1.0993097056396248,2.0616309700712008,0x1.196c5c61e5c78p+0,0x1.07e3860c70333p+1,-0.51047719309967043,2.4610649331786534,-0x1.055d44436f159p-1,0x1.3b042cfcaad8dp+1,33,9,3,3,-2.5810677545941423e-09,2.9789585177471606e-09,-0x1.62bd3f8e3cdfcp-29,0x1.996cc8f0e2876p-29,-2.5809838391138016e-07,2.9788744076990769e-07,-0x1.15218b266ed0fp-22,0x1.3fdaad1cffb33p-22,0,0.0099999999989999998,0x0p+0,0x1.47ae147a548aep-7,5,5,3,100
flowstar_vdp_stock_reach_v1,stepwise,106,1.0600000000000001,0x1.0f5c28f5c28f6p+0,0.01,0x1.47ae147ae147bp-7,2,1.8448139409909385,1.9191160052684153,0x1.d845b9f7c2cdfp+0,0x1.eb4b2fbfdba66p+0,-0.5161801419690687,-0.42023159287086054,-0x1.0848c379341d7p-1,-0x1.ae5130d0815d6p-2,1.8448137015308168,1.9237943889522615,0x1.d845b5f3499dcp+0,0x1.ec7dca00c73c8p+0,-0.51625198886063151,-0.41322079009925172,-0x1.08522e414d803p-1,-0x1.a72359ce03a7p-2,1.0993097056396248,2.0616309700712008,0x1.196c5c61e5c78p+0,0x1.07e3860c70333p+1,-0.51625198886063151,2.4610649331786534,-0x1.08522e414d803p-1,0x1.3b042cfcaad8dp+1,33,9,3,3,-2.4748630184516284e-09,2.8568742644930026e-09,-0x1.54248055dbb24p-29,0x1.88a553befbd4p-29,-2.4747803800907905e-07,2.8567914410275539e-07,-0x1.09ba3ebf0a4fcp-22,0x1.32bee29bb6faep-22,0,0.0099999999989999998,0x0p+0,0x1.47ae147a548aep-7,6,6,3,100
flowstar_vdp_stock_reach_v1,stepwise,107,1.0700000000000001,0x1.11eb851eb851fp+0,0.01,0x1.47ae147ae147bp-7,2,1.8404856934860656,1.9140115693138053,0x1.d72a1206474dep+0,0x1.e9fca9865e518p+0,-0.52185900821924658,-0.42822511364449817,-0x1.0b311a9ad96cfp-1,-0x1.b680a4e9b74c9p-2,1.8404854645731075,1.9187586399968393,0x1.d72a0e2f1ad85p+0,0x1.eb33c427b4305p+0,-0.52192769069026212,-0.42135484023370973,-0x1.0b3a1b34c87p-1,-0x1.af77a4ab42a68p-2,1.0993097056396248,2.0616309700712008,0x1.196c5c61e5c78p+0,0x1.07e3860c70333p+1,-0.52192769069026212,2.4610649331786534,-0x1.0b3a1b34c87p-1,0x1.3b042cfcaad8dp+1,33,9,3,3,-2.3757767328597346e-09,2.7427782282649007e-09,-0x1.4686366aeacb9p-29,0x1.78f6ee0377d83p-29,-2.3756953831293115e-07,2.7426967024242909e-07,-0x1.fe2d3c21c3fd1p-23,0x1.267eac42cfb35p-22,0,0.0099999999989999998,0x0p+0,0x1.47ae147a548aep-7,7,7,3,100
flowstar_vdp_stock_reach_v1,stepwise,108,1.0800000000000001,0x1.147ae147ae148p+0,0.01,0x1.47ae147ae147bp-7,2,1.8360772915155552,1.9088519035936291,0x1.d609294ffcd14p+0,0x1.e8aa84b2d78c2p+0,-0.52744372569395204,-0.43604689223345622,-0x1.0e0d1aa0abfd9p-1,-0x1.be831396a9181p-2,1.8360770728064122,1.9136663187529162,0x1.d60925a4a3925p+0,0x1.e9e6092e801fep+0,-0.52750934675097638,-0.42931092234888024,-0x1.0e15b4814270ep-1,-0x1.b79d484d37554p-2,1.0993097056396248,2.0616309700712008,0x1.196c5c61e5c78p+0,0x1.07e3860c70333p+1,-0.52750934675097638,2.4610649331786534,-0x1.0e15b4814270ep-1,0x1.3b042cfcaad8dp+1,33,9,3,3,-2.2818929092780552e-09,2.6347087482496692e-09,-0x1.399ef81ca212fp-29,0x1.6a1c92ac7735ap-29,-2.2818128575937343e-07,2.6346285290013898e-07,-0x1.ea03fd0c2692ep-23,0x1.1ae41e18969p-22,0,0.0099999999989999998,0x0p+0,0x1.47ae147a548aep-7,8,8,3,100
flowstar_vdp_stock_reach_v1,stepwise,109,1.0900000000000001,0x1.170a3d70a3d71p+0,0.01,0x1.47ae147ae147bp-7,2,1.8315903633874533,1.9036379789185767,0x1.d4e31b266af96p+0,0x1.e754d18ee0faap+0,-0.53293916619726867,-0.44370395508596822,-0x1.10dd670326494p-1,-0x1.c65a5460cce37p-2,1.831590154549553,1.9085184562455808,0x1.d4e317a577464p+0,0x1.e894aa61631ep+0,-0.53300182561466514,-0.43709626567393101,-0x1.10e59d837252p-1,-0x1.bf9629d917d1cp-2,1.0993097056396248,2.0616309700712008,0x1.196c5c61e5c78p+0,0x1.07e3860c70333p+1,-0.53300182561466514,2.4610649331786534,-0x1.10e59d837252p-1,0x1.3b042cfcaad8dp+1,33,9,3,3,-2.1929276697552178e-09,2.5323382297905133e-09,-0x1.2d64c879042f3p-29,0x1.5c0abb0420857p-29,-2.1928489234889568e-07,2.5322593240783494e-07,-0x1.d6e924fbc383ap-23,0x1.0fe636db54738p-22,0,0.0099999999989999998,0x0p+0,0x1.47ae147a548aep-7,9,9,3,100
flowstar_vdp_stock_reach_v1,stepwise,110,1.1000000000000001,0x1.199999999999ap+0,0.01,0x1.47ae147ae147bp-7,2,1.8270264701683188,1.8983707162922649,0x1.d3b801ba4c9b9p+0,0x1.e5fb9f8e28ccap+0,-0.53835003130479198,-0.4512031147803513,-0x1.13a29d8482628p-1,-0x1.ce08307756fb5p-2,1.8270262708797596,1.9033160317295328,0x1.d3b7fe625c85p+0,0x1.e73fb82e3b187p+0,-0.53840982565618911,-0.44471787913518418,-0x1.13aa73e213a86p-1,-0x1.c7641fab54113p-2,1.0993097056396248,2.0616309700712008,0x1.196c5c61e5c78p+0,0x1.07e3860c70333p+1,-0.53840982565618911,2.4610649331786534,-0x1.13aa73e213a86p-1,0x1.3b042cfcaad8dp+1,33,9,3,3,-2.1086557092978007e-09,2.4353995945378894e-09,-0x1.21cfba221f74ep-29,0x1.4eb80169b501bp-29,-2.1085782737462002e-07,2.4353220072500784e-07,-0x1.c4d0510657059p-23,0x1.057d9f21c05efp-22,0,0.0099999999989999998,0x0p+0,0x1.47ae147a548aep-7,10,10,3,100
flowstar_vdp_stock_reach_v1,stepwise,111,1.1100000000000001,0x1.1c28f5c28f5c3p+0,0.01,0x1.47ae147ae147bp-7,2,1.8223871076773068,1.8930509887053104,0x1.d287f6242045bp+0,0x1.e49efd5626579p+0,-0.5436808529665722,-0.45855097818646279,-0x1.165d5635e7d7p-1,-0x1.d58e633b704c9p-2,1.8223869176267313,1.8980599745468205,0x1.d287f2f3dd746p+0,0x1.e5e7422c8672ap+0,-0.54373787566286647,-0.45218255958703407,-0x1.1664cf932315dp-1,-0x1.cf08f1e4fdd4fp-2,1.0993097056396248,2.0616309700712008,0x1.196c5c61e5c78p+0,0x1.07e3860c70333p+1,-0.54373787566286647,2.4610649331786534,-0x1.1664cf932315dp-1,0x1.3b042cfcaad8dp+1,33,9,3,3,-2.0288828006782048e-09,2.3436587402389368e-09,-0x1.16d8f7a6752e6p-29,0x1.421c2942299b4p-29,-2.0288066798364349e-07,2.343582474981651e-07,-0x1.b3aed3a5dac16p-23,0x1.f747cf20d4ddep-23,0,0.0099999999989999998,0x0p+0,0x1.47ae147a548aep-7,11,11,3,100
flowstar_vdp_stock_reach_v1,stepwise,112,1.1200000000000001,0x1.1eb851eb851ecp+0,0.01,0x1.47ae147ae147bp-7,2,1.8176737084032155,1.8876796228838675,0x1.d153106c640edp+0,0x1.e33ef8c59ca08p+0,-0.54893600658579844,-0.46575395095289385,-0x1.190e23e7c4044p-1,-0x1.dcee9a8d4d474p-2,1.8176735272896645,1.8927511659382252,0x1.d1530d62839a4p+0,0x1.e48b57252ba8fp+0,-0.54899034791882617,-0.45949689638081526,-0x1.1915434c43151p-1,-0x1.d6865aba46c2cp-2,1.0993097056396248,2.0616309700712008,0x1.196c5c61e5c78p+0,0x1.07e3860c70333p+1,-0.54899034791882617,2.4610649331786534,-0x1.1915434c43151p-1,0x1.3b042cfcaad8dp+1,33,9,3,3,-1.9532639245040224e-09,2.2567326642694309e-09,-0x1.0c745d5d77871p-29,0x1.3629b8c591e27p-29,-1.9531891207276516e-07,2.2566577230281748e-07,-0x1.a371b51d08d6cp-23,0x1.e49d12006d0b3p-23,0,0.0099999999989999998,0x0p+0,0x1.47ae147a548aep-7,12,12,3,100
flowstar_vdp_stock_reach_v1,stepwise,113,1.1300000000000001,0x1.2147ae147ae15p+0,0.01,0x1.47ae147ae147bp-7,2,1.81288764339286,1.8822574009458277,0x1.d0196793b1e15p+0,0x1.e1db9efbb75ecp+0,-0.55411971566989604,-0.47281824125485628,-0x1.1bb59451bdf6ap-1,-0x1.e42a770c914p-2,1.8128874709256104,1.8873904407613813,0x1.d01964aef4224p+0,0x1.e32c0519da689p+0,-0.55417146286097552,-0.4666672752049037,-0x1.1bbc5caaba8e8p-1,-0x1.ddde06b479564p-2,1.0993097056396248,2.0616309700712008,0x1.196c5c61e5c78p+0,0x1.07e3860c70333p+1,-0.55417146286097552,2.4610649331786534,-0x1.1bbc5caaba8e8p-1,0x1.3b042cfcaad8dp+1,33,9,3,3,-1.8815737320860999e-09,2.1743598731400897e-09,-0x1.0299fd84736b2p-29,0x1.2ad77ca0feae8p-29,-1.8815002461856681e-07,2.1742862563734099e-07,-0x1.940c91e6186d4p-23,0x1.d2eca6ab33376p-23,0,0.0099999999989999998,0x0p+0,0x1.47ae147a548aep-7,13,13,3,100
flowstar_vdp_stock_reach_v1,stepwise,114,1.1400000000000001,0x1.23d70a3d70a3ep+0,0.01,0x1.47ae147ae147bp-7,2,1.8080302240821331,1.8767850619951145,0x1.cedb119a9cc09p+0,0x1.e074fc5ee3edfp+0,-0.55923605816871791,-0.47974986619473631,-0x1.1e543049283dep-1,-0x1.eb438c86445efp-2,1.8080300599805224,1.8819785891459717,0x1.cedb0ed9cd1f8p+0,0x1.e1c9594c2777ap+0,-0.55928529542133398,-0.47369988458649714,-0x1.1e5aa469efc8bp-1,-0x1.e5119521ac02ep-2,1.0993097056396248,2.0616309700712008,0x1.196c5c61e5c78p+0,0x1.07e3860c70333p+1,-0.55928529542133398,2.4610649331786534,-0x1.1e5aa469efc8bp-1,0x1.3b042cfcaad8dp+1,33,9,3,3,-1.8143070431801082e-09,2.0970008334388147e-09,-0x1.f2b682182b04bp-30,0x1.2035a85819a57p-29,-1.8142348745349521e-07,2.0969285401917428e-07,-0x1.859a9df3ef3dbp-23,0x1.c24fdd99c8b9p-23,0,0.0099999999989999998,0x0p+0,0x1.47ae147a548aep-7,14,14,3,100
flowstar_vdp_stock_reach_v1,stepwise,115,1.1500000000000001,0x1.2666666666667p+0,0.01,0x1.47ae147ae147bp-7,2,1.8031027040757532,1.8712633036499862,0x1.cd98238955a38p+0,0x1.df0b1ca361b11p+0,-0.56428897269362988,-0.48655465720969115,-0x1.20ea7bf66cd6fp-1,-0x1.f23b6251ba7c2p-2,1.8031025480689915,1.876516358081846,0x1.cd9820eb4a63ep+0,0x1.e06360445edcap+0,-0.56433578124959993,-0.48060072140806248,-0x1.20f09e98dbfap-1,-0x1.ec22987386cb7p-2,1.0993097056396248,2.0616309700712008,0x1.196c5c61e5c78p+0,0x1.07e3860c70333p+1,-0.56433578124959993,2.4610649331786534,-0x1.20f09e98dbfap-1,0x1.3b042cfcaad8dp+1,33,9,3,3,-1.7523196305681428e-09,2.025478703701574e-09,-0x1.e1ac88241b611p-30,0x1.166132453dd24p-29,-1.7522487754822411e-07,2.0254077299606247e-07,-0x1.784ae529db97bp-23,0x1.b2f3f7ae56d56p-23,0,0.0099999999989999998,0x0p+0,0x1.47ae147a548aep-7,15,15,3,100
flowstar_vdp_stock_reach_v1,stepwise,116,1.1599999999999999,0x1.28f5c28f5c28fp+0,0.01,0x1.47ae147ae147bp-7,2,1.7981062808790396,1.8656927836038368,0x1.cc50b1771b8ffp+0,0x1.dd9e0ad1f630fp+0,-0.56928226407880533,-0.49323826592027065,-0x1.2378f704d2968p-1,-0x1.f91373b50da22p-2,1.7981061327060133,1.8710044530384764,0x1.cc50aefab598dp+0,0x1.defa25d8787adp+0,-0.56932672227732806,-0.48737559687117227,-0x1.237ecac9d70a1p-1,-0x1.f31296a5b87d2p-2,1.0993097056396248,2.0616309700712008,0x1.196c5c61e5c78p+0,0x1.07e3860c70333p+1,-0.56932672227732806,2.4610649331786534,-0x1.237ecac9d70a1p-1,0x1.3b042cfcaad8dp+1,33,9,3,3,-1.693436871701834e-09,1.9575879312247672e-09,-0x1.d17d06a851175p-30,0x1.0d0c808e22bfp-29,-1.693367326534498e-07,1.9575182730480907e-07,-0x1.6ba5da70a02e9p-23,0x1.a45fb4840e66bp-23,0,0.0099999999989999998,0x0p+0,0x1.47ae147a548aep-7,16,16,3,100
flowstar_vdp_stock_reach_v1,stepwise,117,1.1699999999999999,0x1.2b851eb851eb8p+0,0.01,0x1.47ae147ae147bp-7,2,1.7930420975767902,1.8600741207233018,0x1.cb04ce91718cdp+0,0x1.dc2dd14ca47d5p+0,-0.57421961689197554,-0.49980616181100512,-0x1.26001d168b9d4p-1,-0x1.ffcd2fbd452c2p-2,1.7930419569858571,1.8654435391205131,0x1.cb04cc359c2f3p+0,0x1.dd8db5310e9e2p+0,-0.57426180023101858,-0.49403013429752896,-0x1.2605a486ab2abp-1,-0x1.f9e309182f7cep-2,1.0993097056396248,2.0616309700712008,0x1.196c5c61e5c78p+0,0x1.07e3860c70333p+1,-0.57426180023101858,2.4610649331786534,-0x1.2605a486ab2abp-1,0x1.3b042cfcaad8dp+1,33,9,3,3,-1.6374884367985901e-09,1.8931288761148584e-09,-0x1.c21c014152116p-30,0x1.04308d0087afap-29,-1.6374201972215046e-07,1.8930605288884643e-07,-0x1.5fa220980b67ep-23,0x1.96881a69fe566p-23,0,0.0099999999989999998,0x0p+0,0x1.47ae147a548aep-7,17,17,3,100
flowstar_vdp_stock_reach_v1,stepwise,118,1.1799999999999999,0x1.2e147ae147ae1p+0,0.01,0x1.47ae147ae147bp-7,2,1.7879112444612244,1.8544078966961182,0x1.c9b48d231c932p+0,0x1.daba79d5c1047p+0,-0.57910458873674475,-0.50626364987524963,-0x1.2880658b2cfa8p-1,-0x1.0334fd36bc4f3p-1,1.7879111112100026,1.8598342427718464,0x1.c9b48ae6cd4e9p+0,0x1.dc1e18d0af9ep+0,-0.57914456993628383,-0.5005697868984359,-0x1.2885a317108ccp-1,-0x1.004aaee0305e9p-1,1.0993097056396248,2.0616309700712008,0x1.196c5c61e5c78p+0,0x1.07e3860c70333p+1,-0.57914456993628383,2.4610649331786534,-0x1.2885a317108ccp-1,0x1.3b042cfcaad8dp+1,33,9,3,3,-1.5843215324664329e-09,1.8319209981323247e-09,-0x1.b37eb773f809fp-30,0x1.f78dfae5f34c9p-30,-1.5842545929982885e-07,1.8318539561041677e-07,-0x1.5437513bbfea7p-23,0x1.89633c7b494c3p-23,0,0.0099999999989999998,0x0p+0,0x1.47ae147a548aep-7,18,18,3,100
flowstar_vdp_stock_reach_v1,stepwise,119,1.1899999999999999,0x1.30a3d70a3d70ap+0,0.01,0x1.47ae147ae147bp-7,2,1.7827147606095333,1.8486946572109,0x1.c85ffe9aea171p+0,0x1.d9440d9502c04p+0,-0.58394060597655562,-0.51261588560240257,-0x1.2afa435af392bp-1,-0x1.067596e025112p-1,1.7827146344646856,1.8541771530103011,0x1.c85ffc7d205dp+0,0x1.daab5a992b6cfp+0,-0.58397845504322166,-0.50699985288990235,-0x1.2aff395bf55f6p-1,-0x1.03957c167a569p-1,1.0993097056396248,2.0616309700712008,0x1.196c5c61e5c78p+0,0x1.07e3860c70333p+1,-0.58397845504322166,2.4610649331786534,-0x1.2aff395bf55f6p-1,0x1.3b042cfcaad8dp+1,33,9,3,3,-1.5337918157896703e-09,1.773793707721326e-09,-0x1.a59b01000e3a6p-30,0x1.e793a2b97911p-30,-1.5337261698695892e-07,1.7737279640740793e-07,-0x1.495d7ce5b0c13p-23,0x1.7ce7b9de72d25p-23,0,0.0099999999989999998,0x0p+0,0x1.47ae147a548aep-7,19,19,3,100
flowstar_vdp_stock_reach_v1,stepwise,120,1.2,0x1.3333333333333p+0,0.01,0x1.47ae147ae147bp-7,2,1.7774536354114057,1.842934913184568,0x1.c70733923f904p+0,0x1.d7ca951cc8c92p+0,-0.58873099491767744,-0.51886785425787041,-0x1.2d6e2622a03d3p-1,-0x1.09a90c21f76c4p-1,1.7774535161484206,1.8484728227086831,0x1.c707319204865p+0,0x1.d93583d1141f2p+0,-0.58876677921041976,-0.51332545490291903,-0x1.2d72d6db5c29bp-1,-0x1.06d2981206541p-1,1.0993097056396248,2.0616309700712008,0x1.196c5c61e5c78p+0,0x1.07e3860c70333p+1,-0.58876677921041976,2.4610649331786534,-0x1.2d72d6db5c29bp-1,0x1.3b042cfcaad8dp+1,33,9,3,3,-1.4857628735567052e-09,1.7185857834896001e-09,-0x1.9867447eae11ap-30,0x1.d866b92d2fe3ap-30,-1.4856985136147049e-07,1.718521330410186e-07,-0x1.3f0d23b9d70ebp-23,0x1.710cb5929c60bp-23,0,0.0099999999989999998,0x0p+0,0x1.47ae147a548aep-7,20,20,3,100
flowstar_vdp_stock_reach_v1,stepwise,121,1.21,0x1.35c28f5c28f5cp+0,0.01,0x1.47ae147ae147bp-7,2,1.7721288100470798,1.8371291419358873,0x1.c5aa3bd3739c5p+0,0x1.d64e186f24a75p+0,-0.59347897513267367,-0.52502438777169869,-0x1.2fdc79ea1deaap-1,-0x1.0ccfff1e29eaap-1,1.7721286974500507,1.8427217698206073,0x1.c5aa39efd9de3p+0,0x1.d7bc9d2901ba4p+0,-0.59351275942908155,-0.51955155700407296,-0x1.2fe0e7870363dp-1,-0x1.0a02a963d635p-1,1.0993097056396248,2.0616309700712008,0x1.196c5c61e5c78p+0,0x1.07e3860c70333p+1,-0.59351275942908155,2.4610649331786534,-0x1.2fe0e7870363dp-1,0x1.3b042cfcaad8dp+1,33,9,3,3,-1.4401059150468517e-09,1.6661450020537587e-09,-0x1.8bda71d979e4bp-30,0x1.c9fc880aa4dc9p-30,-1.440042832571255e-07,1.6660818308004449e-07,-0x1.353f31235515fp-23,0x1.65c9d139e3a9dp-23,0,0.0099999999989999998,0x0p+0,0x1.47ae147a548aep-7,21,21,3,100
flowstar_vdp_stock_reach_v1,stepwise,122,1.22,0x1.3851eb851eb85p+0,0.01,0x1.47ae147ae147bp-7,2,1.7667411788330039,1.8312777883906355,0x1.c449265f9590bp+0,0x1.d4ce9f03076bcp+0,-0.59818768096840169,-0.53109015316700536,-0x1.3245a7dd423c6p-1,-0x1.0feb0c6e28eb2p-1,1.7667410726944062,1.8369244786366314,0x1.c4492497b8f16p+0,0x1.d640aec0f757cp+0,-0.59821952753137009,-0.52568295325696912,-0x1.3249d47526d01p-1,-0x1.0d2650e89b548p-1,1.0993097056396248,2.0616309700712008,0x1.196c5c61e5c78p+0,0x1.07e3860c70333p+1,-0.59821952753137009,2.4610649331786534,-0x1.3249d47526d01p-1,0x1.3b042cfcaad8dp+1,33,9,3,3,-1.3966993026102031e-09,1.6163276074191709e-09,-0x1.7febf9d5cb753p-30,0x1.bc4af1a4554b7p-30,-1.3966374882125968e-07,1.6162657083856127e-07,-0x1.2becf5393050dp-23,0x1.5b1725a19d1d1p-23,0,0.0099999999989999998,0x0p+0,0x1.47ae147a548aep-7,22,22,3,100
flowstar_vdp_stock_reach_v1,stepwise,123,1.23,0x1.3ae147ae147aep+0,0.01,0x1.47ae147ae147bp-7,2,1.7612915903275737,1.8253812665192137,0x1.c2e401732d401p+0,0x1.d34c2fca6e5b7p+0,-0.60286017017091553,-0.53706965372177728,-0x1.34aa1695e3e12p-1,-0x1.12facb2cd172bp-1,1.761291490448043,1.8310814012714918,0x1.c2e3ffc6328b8p+0,0x1.d4c1c02ec6608p+0,-0.60289013881537323,-0.53172426901742009,-0x1.34ae042a95fabp-1,-0x1.103e29d3d6b1dp-1,1.0993097056396248,2.0616309700712008,0x1.196c5c61e5c78p+0,0x1.07e3860c70333p+1,-0.60289013881537323,2.4610649331786534,-0x1.34ae042a95fabp-1,0x1.3b042cfcaad8dp+1,33,9,3,3,-1.3554294522187933e-09,1.5689994640431339e-09,-0x1.7493de4dc3192p-30,0x1.af48859b3f6eep-30,-1.3553688956919161e-07,1.5689388268157408e-07,-0x1.2310316adec17p-23,0x1.50ed52fca6cdep-23,0,0.0099999999989999998,0x0p+0,0x1.47ae147a548aep-7,23,23,3,100
flowstar_vdp_stock_reach_v1,stepwise,124,1.24,0x1.3d70a3d70a3d7p+0,0.01,0x1.47ae147ae147bp-7,2,1.7557808497815834,1.819439958795632,0x1.c17ada90c147p+0,0x1.d1c6d13010157p+0,-0.60749931824012326,-0.54296734399595048,-0x1.370a26905e043p-1,-0x1.15ffd0d28465dp-1,1.755780755969693,1.8251929571713807,0x1.c17ad8fdd6035p+0,0x1.d33fd87bf0cbcp+0,-0.60752746639957445,-0.53768007609379687,-0x1.370dd70f37402p-1,-0x1.134acd8d113a7p-1,1.0993097056396248,2.0616309700712008,0x1.196c5c61e5c78p+0,0x1.07e3860c70333p+1,-0.60752746639957445,2.4610649331786534,-0x1.370dd70f37402p-1,0x1.3b042cfcaad8dp+1,33,9,3,3,-1.3161866115059015e-09,1.5240308327338589e-09,-0x1.69ca6621ec4f6p-30,0x1.a2ec22c2f8929p-30,-1.3161273018912152e-07,1.5239714461588094e-07,-0x1.1aa2dd151874bp-23,0x1.4745375da2a13p-23,0,0.0099999999989999998,0x0p+0,0x1.47ae147a548aep-7,24,24,3,100
flowstar_vdp_stock_reach_v1,stepwise,125,1.25,0x1.4p+0,0.01,0x1.47ae147ae147bp-7,2,1.7502097196022244,1.8134542188711471,0x1.c00dbe82d537ep+0,0x1.d03e8922d845p+0,-0.61210796324190597,-0.5487874941841796,-0x1.396637077d852p-1,-0x1.18faaca7f31e7p-1,1.750209631674265,1.8192595358345516,0x1.c00dbd092f679p+0,0x1.d1bafe3158754p+0,-0.61213434603456507,-0.54355475723247404,-0x1.3969ac49f41fbp-1,-0x1.164ccf23cc21dp-1,1.0993097056396248,2.0616309700712008,0x1.196c5c61e5c78p+0,0x1.07e3860c70333p+1,-0.61213434603456507,2.4610649331786534,-0x1.3969ac49f41fbp-1,0x1.3b042cfcaad8dp+1,33,9,3,3,-1.278868282140259e-09,1.481300668245938e-09,-0x1.5f885ae0280f6p-30,0x1.972d448cd641ap-30,-1.2788102077808314e-07,1.4812425204814434e-07,-0x1.129f55ac31044p-23,0x1.3e182b32a0e22p-23,0,0.0099999999989999998,0x0p+0,0x1.47ae147a548aep-7,25,25,3,100
flowstar_vdp_stock_reach_v1,stepwise,126,1.26,0x1.428f5c28f5c29p+0,0.01,0x1.47ae147ae147bp-7,2,1.744578920315798,1.8074243719318241,0x1.be9cb9600c1eap+0,0x1.ceb35d1770c64p+0,-0.61668885977383436,-0.55453424513310412,-0x1.3bbea46912821p-1,-0x1.1bebe99eb7ab6p-1,1.7445788380955594,1.8132814972145255,0x1.be9cb7feea02ep+0,0x1.d0333758fa72p+0,-0.61671353006816099,-0.54935256126676624,-0x1.3bc1e03549742p-1,-0x1.1944bd293aac8p-1,1.0993097056396248,2.0616309700712008,0x1.196c5c61e5c78p+0,0x1.07e3860c70333p+1,-0.61671353006816099,2.4610649331786534,-0x1.3bc1e03549742p-1,0x1.3b042cfcaad8dp+1,33,9,3,3,-1.2433776916183054e-09,1.4406947363293492e-09,-0x1.55c6ed3c0f876p-30,0x1.8c03e11c5a1c2p-30,-1.2433208402129133e-07,1.4406378148992403e-07,-0x1.0b00493a25db6p-23,0x1.355fe6c515b8dp-23,0,0.0099999999989999998,0x0p+0,0x1.47ae147a548aep-7,26,26,3,100
flowstar_vdp_stock_reach_v1,stepwise,127,1.27,0x1.451eb851eb852p+0,0.01,0x1.47ae147ae147bp-7,2,1.7388891321880231,1.8013507155781321,0x1.bd27d6921e0cap+0,0x1.cd25520c08c64p+0,-0.62124468285715251,-0.56021161313455847,-0x1.3e13c8775ee7cp-1,-0x1.1ed40e7a8131cp-1,1.7388890555065784,1.8072591726440317,0x1.bd27d548c5e8cp+0,0x1.cea88981e6f24p+0,-0.62126769133661786,-0.55507760804043949,-0x1.3e16cc80b4531p-1,-0x1.1c3321da8d1abp-1,1.0993097056396248,2.0616309700712008,0x1.196c5c61e5c78p+0,0x1.07e3860c70333p+1,-0.62126769133661786,2.4610649331786534,-0x1.3e16cc80b4531p-1,0x1.3b042cfcaad8dp+1,33,9,3,3,-1.2096234409417348e-09,1.4021051985728541e-09,-0x1.4c7faeb6272cbp-30,0x1.816861cc9f6fp-30,-1.209567799596813e-07,1.4020494904179131e-07,-0x1.03c0b1693c1eep-23,0x1.2d167c6214b4fp-23,0,0.0099999999989999998,0x0p+0,0x1.47ae147a548aep-7,27,27,3,100
flowstar_vdp_stock_reach_v1,stepwise,128,1.28,0x1.47ae147ae147bp+0,0.01,0x1.47ae147ae147bp-7,2,1.7331409962952604,1.7952335206717216,0x1.bbaf20da71eb9p+0,0x1.cb946c8bf7cddp+0,-0.62577802939290705,-0.56582349691386258,-0x1.4065fa5598817p-1,-0x1.21b39e0d1b56dp-1,1.7331409249907523,1.8011928657248413,0x1.bbaf1fa831c8dp+0,0x1.cd1af9c413a37p+0,-0.62579942461984506,-0.56073389552461927,-0x1.4068c83d3219ap-1,-0x1.1f18835e12e74p-1,1.0993097056396248,2.0616309700712008,0x1.196c5c61e5c78p+0,0x1.07e3860c70333p+1,-0.62579942461984506,2.4610649331786534,-0x1.4068c83d3219ap-1,0x1.3b042cfcaad8dp+1,33,9,3,3,-1.1775192027047822e-09,1.3654302571105326e-09,-0x1.43ac8c2b8b1cep-30,0x1.77539cc9dab72p-30,-1.1774647579837686e-07,1.3653757486373815e-07,-0x1.f9b79e8879e4cp-24,0x1.2536535a3a2bp-23,0,0.0099999999989999998,0x0p+0,0x1.47ae147a548aep-7,28,28,3,100
flowstar_vdp_stock_reach_v1,stepwise,129,1.29,0x1.4a3d70a3d70a4p+0,0.01,0x1.47ae147ae147bp-7,2,1.7273351156335452,1.7890730321420789,0x1.ba32a256e0e27p+0,0x1.ca00b0b334ae6p+0,-0.63029142429163998,-0.57137367969927566,-0x1.42b58ebc904f2p-1,-0x1.248b17483506ep-1,1.7273350495509776,1.7950828531762111,0x1.ba32a13b0e554p+0,0x1.cb8a8cc4008ffp+0,-0.63031125277005673,-0.5663253020139053,-0x1.42b82811e5784p-1,-0x1.21f563d618167p-1,1.0993097056396248,2.0616309700712008,0x1.196c5c61e5c78p+0,0x1.07e3860c70333p+1,-0.63031125277005673,2.4610649331786534,-0x1.42b82811e5784p-1,0x1.3b042cfcaad8dp+1,33,9,3,3,-1.1469834356601222e-09,1.3305738174178241e-09,-0x1.3b47c8b19a022p-30,0x1.6dbecefe45764p-30,-1.1469301736305935e-07,1.3305204945455595e-07,-0x1.ec9a4e6421e1cp-24,0x1.1dba2342c15ecp-23,0,0.0099999999989999998,0x0p+0,0x1.47ae147a548aep-7,29,29,3,100
flowstar_vdp_stock_reach_v1,stepwise,130,1.3,0x1.4cccccccccccdp+0,0.01,0x1.47ae147ae147bp-7,2,1.7214720561854751,1.7828694697545477,0x1.b8b264864b63bp+0,0x1.c86a2231a1f4fp+0,-0.63478732326118226,-0.57686583439301875,-0x1.4502d812a4f1ep-1,-0x1.275af569cba83p-1,1.721471995176507,1.7889293856434485,0x1.b8b263804351dp+0,0x1.c9f746b63125dp+0,-0.63480562949841646,-0.57185559142186337,-0x1.45053e5406583p-1,-0x1.24ca418e621edp-1,1.0993097056396248,2.0616309700712008,0x1.196c5c61e5c78p+0,0x1.07e3860c70333p+1,-0.63480562949841646,2.4610649331786534,-0x1.45053e5406583p-1,0x1.3b042cfcaad8dp+1,33,9,3,3,-1.1179391144717758e-09,1.2974451691696129e-09,-0x1.334bf8b7a99f1p-30,0x1.64a3965255edep-30,-1.1178870207503271e-07,1.297393017374209e-07,-0x1.e020fa50264adp-24,0x1.169cef77adfep-23,0,0.0099999999989999998,0x0p+0,0x1.47ae147a548aep-7,30,30,3,100
flowstar_vdp_stock_reach_v1,stepwise,131,1.3100000000000001,0x1.4f5c28f5c28f6p+0,0.01,0x1.47ae147ae147bp-7,2,1.7155523479460204,1.7766230288417315,0x1.b72e704d01115p+0,0x1.c6d0c44e32198p+0,-0.63926811622941404,-0.5823035278011166,-0x1.474e268929668p-1,-0x1.2a23b02080a04p-1,1.7155522918687647,1.7827326884686381,0x1.b72e6f5c27791p+0,0x1.c8612b627ba31p+0,-0.63928494279655457,-0.57732841763294573,-0x1.47505b2445da8p-1,-0x1.2797972191e29p-1,1.0993097056396248,2.0616309700712008,0x1.196c5c61e5c78p+0,0x1.07e3860c70333p+1,-0.63928494279655457,2.4610649331786534,-0x1.47505b2445da8p-1,0x1.3b042cfcaad8dp+1,33,9,3,3,-1.0903134767779718e-09,1.2659586859627885e-09,-0x1.2bb3fd788f576p-30,0x1.5bfbec43f617cp-30,-1.0902625365728716e-07,1.2659076903193474e-07,-0x1.d443a2358350fp-24,0x1.0fda02e1ed16ap-23,0,0.0099999999989999998,0x0p+0,0x1.47ae147a548aep-7,31,31,3,100
flowstar_vdp_stock_reach_v1,stepwise,132,1.3200000000000001,0x1.51eb851eb851fp+0,0.01,0x1.47ae147ae147bp-7,2,1.7095764859077407,1.7703338809972324,0x1.b5a6cdf8fbfe7p+0,0x1.c53499e9e2454p+0,-0.64373613070205893,-0.58769022498278722,-0x1.4997c8393ce3bp-1,-0x1.2ce5bbb0f5bc7p-1,1.7095764346265667,1.776492962422507,0x1.b5a6cd1cbbbf3p+0,0x1.c6c83e272dc77p+0,-0.64375151829304633,-0.58274732897139958,-0x1.4999cc8ba3515p-1,-0x1.2a5ddb9f86eb6p-1,1.0993097056396248,2.0616309700712008,0x1.196c5c61e5c78p+0,0x1.07e3860c70333p+1,-0.64375151829304633,2.4610649331786534,-0x1.4999cc8ba3515p-1,0x1.3b042cfcaad8dp+1,33,9,3,3,-1.0640377757501061e-09,1.2360335317895047e-09,-0x1.247b0085815ep-30,0x1.53c2209cdc6ffp-30,-1.0639879739019525e-07,1.2359836770124788e-07,-0x1.c8fab70477685p-24,0x1.096cebd5c8959p-23,0,0.0099999999989999998,0x0p+0,0x1.47ae147a548aep-7,32,32,3,100
flowstar_vdp_stock_reach_v1,stepwise,133,1.3300000000000001,0x1.547ae147ae148p+0,0.01,0x1.47ae147ae147bp-7,2,1.7035449238828979,1.7640021818609564,0x1.b41b85275806fp+0,0x1.c395a5a12a5b1p+0,-0.64819505977167002,-0.59302786828591303,-0x1.4be0390e4bd23p-1,-0x1.2fa15947cf26bp-1,1.7035448772682398,1.7702103915266891,0x1.b41b845f22ab2p+0,0x1.c52c821aa5801p+0,-0.64820904726101591,-0.58811434735355883,-0x1.4be20e65ea2dfp-1,-0x1.2d1d52e062434p-1,1.0993097056396248,2.0616309700712008,0x1.196c5c61e5c78p+0,0x1.07e3860c70333p+1,-0.64820904726101591,2.4610649331786534,-0x1.4be20e65ea2dfp-1,0x1.3b042cfcaad8dp+1,33,9,3,3,-1.039048861063449e-09,1.2075951996536164e-09,-0x1.1d9c9041077a4p-30,0x1.4bf0f52a29a1p-30,-1.0390001820837356e-07,1.20754647013496e-07,-0x1.be3f473497a12p-24,0x1.035191ba588c5p-23,0,0.0099999999989999998,0x0p+0,0x1.47ae147a548aep-7,33,33,3,100
flowstar_vdp_stock_reach_v1,stepwise,134,1.3400000000000001,0x1.570a3d70a3d71p+0,0.01,0x1.47ae147ae147bp-7,2,1.6974580930507133,1.7576280541069591,0x1.b28c9d13fbbc1p+0,0x1.c1f3e982ebe7fp+0,-0.65264643734395233,-0.59832040924038954,-0x1.4e27ac807c833p-1,-0x1.32570d7c6f01ap-1,1.6974580509788815,1.7638851260773891,0x1.b28c9c5f49443p+0,0x1.c38df9c26739ap+0,-0.65265906184302758,-0.59343350029520125,-0x1.4e29541c1b919p-1,-0x1.2fd684083cc5bp-1,1.0993097056396248,2.0616309700712008,0x1.196c5c61e5c78p+0,0x1.07e3860c70333p+1,-0.65265906184302758,2.4610649331786534,-0x1.4e29541c1b919p-1,0x1.3b042cfcaad8dp+1,33,9,3,3,-1.0152848305239859e-09,1.1805711218526455e-09,-0x1.17145189a61d6p-30,0x1.44834ea8682ffp-30,-1.0152372586317087e-07,1.1805235016980545e-07,-0x1.b40a845f775c4p-24,0x1.fb07ee83c257fp-24,0,0.0099999999989999998,0x0p+0,0x1.47ae147a548aep-7,34,34,3,100
flowstar_vdp_stock_reach_v1,stepwise,135,1.3500000000000001,0x1.599999999999ap+0,0.01,0x1.47ae147ae147bp-7,2,1.6913163928183519,1.751211598048203,0x1.b0fa1c7257f05p+0,0x1.c04f673dfe30ap+0,-0.65709164302789624,-0.6035718104966119,-0x1.506e50da8f379p-1,-0x1.35075d45bdacap-1,1.6913163551713513,1.7575172932848477,0x1.b0fa1bd0a69fbp+0,0x1.c1eca740d017bp+0,-0.65710293993974767,-0.59870882296113892,-0x1.506fcbea4b182p-1,-0x1.3289f67ce3b5bp-1,1.0993097056396248,2.0616309700712008,0x1.196c5c61e5c78p+0,0x1.07e3860c70333p+1,-0.65710293993974767,2.4610649331786534,-0x1.506fcbea4b182p-1,0x1.3b042cfcaad8dp+1,33,9,3,3,-9.9268645839472591e-10,1.1548920588651599e-09,-0x1.10de1974dc74ep-30,0x1.3d744dc8a9498p-30,-9.9263997755106695e-08,1.1548455319284133e-07,-0x1.aa55eb74d1bb9p-24,0x1.f0009beb9f0a9p-24,0,0.0099999999989999998,0x0p+0,0x1.47ae147a548aep-7,35,35,3,100
flowstar_vdp_stock_reach_v1,stepwise,136,1.3600000000000001,0x1.5c28f5c28f5c3p+0,0.01,0x1.47ae147ae147bp-7,2,1.6851201872450532,1.7447528966109471,0x1.af64095e0c01ap+0,0x1.bea820368b97fp+0,-0.66153278701407958,-0.60878516756577705,-0x1.52b46ceaea16dp-1,-0x1.37b2b081f843dp-1,1.6851201539104046,1.751107002281356,0x1.af6408cee02c3p+0,0x1.c0488c6a98535p+0,-0.66154279008674466,-0.6039434800136525,-0x1.52b5bc90a781bp-1,-0x1.3538146e9506cp-1,1.0993097056396248,2.0616309700712008,0x1.196c5c61e5c78p+0,0x1.07e3860c70333p+1,-0.66154279008674466,2.4610649331786534,-0x1.52b5bc90a781bp-1,0x1.3b042cfcaad8dp+1,33,9,3,3,-9.7119892930009902e-10,1.1304937962153574e-09,-0x1.0af60c8b5d6b2p-30,0x1.36bf6dc1ecde2p-30,-9.7115352324138663e-08,1.13044834613094e-07,-0x1.a11b75889f852p-24,0x1.e5861c30a2917p-24,0,0.0099999999989999998,0x0p+0,0x1.47ae147a548aep-7,36,36,3,100
flowstar_vdp_stock_reach_v1,stepwise,137,1.3700000000000001,0x1.5eb851eb851ecp+0,0.01,0x1.47ae147ae147bp-7,2,1.6788698097452612,1.738252011964958,0x1.adca696f18feep+0,0x1.bcfe1577987f8p+0,-0.6659719319608578,-0.61396349334799982,-0x1.54fa45e7a6d21p-1,-0x1.3a596c49bc328p-1,1.6788697806158293,1.7446543407840425,0x1.adca68f1fcd8bp+0,0x1.bea1aab87ded4p+0,-0.66598067333915656,-0.60914055024571323,-0x1.54fb6b3784fc3p-1,-0x1.37e1452bf210ap-1,1.0993097056396248,2.0616309700712008,0x1.196c5c61e5c78p+0,0x1.07e3860c70333p+1,-0.66598067333915656,2.4610649331786534,-0x1.54fb6b3784fc3p-1,0x1.3b042cfcaad8dp+1,33,9,3,3,-9.5077043190457619e-10,1.1073157029049807e-09,-0x1.055885738c6abp-30,0x1.30606a59126e4p-30,-9.5072608417348526e-08,1.107271313118962e-07,-0x1.9855703d76d53p-24,0x1.db91c4b50e94ap-24,0,0.0099999999989999998,0x0p+0,0x1.47ae147a548aep-7,37,37,3,100
flowstar_vdp_stock_reach_v1,stepwise,138,1.3800000000000001,0x1.6147ae147ae15p+0,0.01,0x1.47ae147ae147bp-7,2,1.6725655638528352,1.7317089860295125,0x1.ac2d41bd29eap+0,0x1.bb5147b52fa2cp+0,-0.67041109566385493,-0.61910972167861766,-0x1.57401f8580e9ep-1,-0x1.3cfbf30e7d9b4p-1,1.6725655388266603,1.7381593756324281,0x1.ac2d4151ad58p+0,0x1.bcf8034993ba1p+0,-0.67041860593964497,-0.61430303022933563,-0x1.57411b8648081p-1,-0x1.3a85ed41565f5p-1,1.0993097056396248,2.0616309700712008,0x1.196c5c61e5c78p+0,0x1.07e3860c70333p+1,-0.67041860593964497,2.4610649331786534,-0x1.57411b8648081p-1,0x1.3b042cfcaad8dp+1,33,9,3,3,-9.3135198912350357e-10,1.085300527828027e-09,-0x1.000211e279b3bp-30,0x1.2a533c35f9f3dp-30,-9.3130868309850237e-08,1.0852571816272236e-07,-0x1.8ffe78fd12279p-24,0x1.d21d49fe0b459p-24,0,0.0099999999989999998,0x0p+0,0x1.47ae147a548aep-7,38,38,3,100
flowstar_vdp_stock_reach_v1,stepwise,139,1.3900000000000001,0x1.63d70a3d70a3ep+0,0.01,0x1.47ae147ae147bp-7,2,1.6662077235722357,1.7251238413312155,0x1.aa8c96e115da3p+0,0x1.b9a1b75011455p+0,-0.67485230252936379,-0.62422666187794162,-0x1.59863db1fce28p-1,-0x1.3f9aa3141d305p-1,1.6662077025523725,1.7316221536768106,0x1.aa8c9686ce44bp+0,0x1.bb4b96e7122c4p+0,-0.67485861079025322,-0.61943378896429557,-0x1.5987115d89486p-1,-0x1.3d266cf3472dp-1,1.0993097056396248,2.0616309700712008,0x1.196c5c61e5c78p+0,0x1.07e3860c70333p+1,-0.67485861079025322,2.4610649331786534,-0x1.5987115d89486p-1,0x1.3b042cfcaad8dp+1,33,9,3,3,-9.12897297892886e-10,1.0643942080528448e-09,-0x1.f5dedf71e7d0cp-31,0x1.2494156f5f556p-30,-9.1285501681615768e-08,1.0643518885924469e-07,-0x1.88117875b8f2fp-24,0x1.c922ba4e2b6ddp-24,0,0.0099999999989999998,0x0p+0,0x1.47ae147a548aep-7,39,39,3,100
flowstar_vdp_stock_reach_v1,stepwise,140,1.4000000000000001,0x1.6666666666667p+0,0.01,0x1.47ae147ae147bp-7,2,1.6597965352194459,1.7184965803128074,0x1.a8e86cfcc8191p+0,0x1.b7ef6452bb397p+0,-0.67929746706319816,-0.62931712109878168,-0x1.5bcce0aa958aap-1,-0x1.4235da8bdd415p-1,1.6597965181138052,1.725042701116676,0x1.a8e86cb3503f4p+0,0x1.b99c66017fe78p+0,-0.67930260093971429,-0.62453569032153722,-0x1.5bcd8cee3f644p-1,-0x1.3fc3245a3b485p-1,1.0993097056396248,2.0616309700712008,0x1.196c5c61e5c78p+0,0x1.07e3860c70333p+1,-0.67930260093971429,2.4610649331786534,-0x1.5bcd8cee3f644p-1,0x1.3b042cfcaad8dp+1,33,9,3,3,-8.9536257833957266e-10,1.0445456880661832e-09,-0x1.ec3b1497e745cp-31,0x1.1f1f5e4943705p-30,-8.9532130534335322e-08,1.0445043783958485e-07,-0x1.80899e5b64d71p-24,0x1.c09c788eedbadp-24,0,0.0099999999989999998,0x0p+0,0x1.47ae147a548aep-7,40,40,3,100
flowstar_vdp_stock_reach_v1,stepwise,141,1.4099999999999999,0x1.68f5c28f5c28fp+0,0.01,0x1.47ae147ae147bp-7,2,1.6533322169628213,1.711827186884574,0x1.a740c7b9474b6p+0,0x1.b63a4e7812ab4p+0,-0.68374845436597198,-0.63438384948665938,-0x1.5e1447046282p-1,-0x1.44cdf5bd4fc38p-1,1.6533322036840186,1.7184210250807868,0x1.a740c7803f18bp+0,0x1.b7ea70b77b141p+0,-0.68375244007719227,-0.6296115382961861,-0x1.5e14ccc1622bdp-1,-0x1.425c718c552e9p-1,1.0993097056396248,2.0616309700712008,0x1.196c5c61e5c78p+0,0x1.07e3860c70333p+1,-0.68375244007719227,2.4610649331786534,-0x1.5e14ccc1622bdp-1,0x1.3b042cfcaad8dp+1,33,9,3,3,-8.7870643152395173e-10,1.0257067490630885e-09,-0x1.e312efa91f59bp-31,0x1.19f1b221a92dcp-30,-8.7866614965538155e-08,1.0256664321515198e-07,-0x1.79625d66ac75cp-24,0x1.b8853782a163p-24,0,0.0099999999989999998,0x0p+0,0x1.47ae147a548aep-7,41,41,3,100
flowstar_vdp_stock_reach_v1,stepwise,142,1.4199999999999999,0x1.6b851eb851eb8p+0,0.01,0x1.47ae147ae147bp-7,2,1.6468149597967952,1.7051156264872334,0x1.a595aa4ae40adp+0,0x1.b482752ba945ap+0,-0.68820712901268954,-0.63942949678069905,-0x1.605caf4ff7947p-1,-0x1.47634d918aab8p-1,1.6468149502620031,1.7117571137178476,0x1.a595aa21f06d7p+0,0x1.b635b6d61d0eep+0,-0.68820999141034456,-0.63466403369817337,-0x1.605d0f5bc697p-1,-0x1.44f2af295cb8bp-1,1.0993097056396248,2.0616309700712008,0x1.196c5c61e5c78p+0,0x1.07e3860c70333p+1,-0.68820999141034456,2.4610649331786534,-0x1.605d0f5bc697p-1,0x1.3b042cfcaad8dp+1,33,9,3,3,-8.6288970532871003e-10,1.0078318485025212e-09,-0x1.da60ee0b04c85p-31,0x1.1507dc8caa375p-30,-8.6285039757324208e-08,1.0077925072606693e-07,-0x1.7297678e6136ap-24,0x1.b0d7f54043f6dp-24,0,0.0099999999989999998,0x0p+0,0x1.47ae147a548aep-7,42,42,3,100
flowstar_vdp_stock_reach_v1,stepwise,143,1.4299999999999999,0x1.6e147ae147ae1p+0,0.01,0x1.47ae147ae147bp-7,2,1.6402449281701919,1.6983618464462455,0x1.a3e71773ebbc6p+0,0x1.b2c7d78b42c3bp+0,-0.69267532178781877,-0.64445665088985238,-0x1.62a656fba660ep-1,-0x1.49f638de85f12p-1,1.6402449223009987,1.705050936577732,0x1.a3e7175ab67d6p+0,0x1.b47e37da9d935p+0,-0.69267708439888076,-0.63969581281515275,-0x1.62a692205d182p-1,-0x1.478635a6dbc29p-1,1.0993097056396248,2.0616309700712008,0x1.196c5c61e5c78p+0,0x1.07e3860c70333p+1,-0.69267708439888076,2.4610649331786534,-0x1.62a692205d182p-1,0x1.3b042cfcaad8dp+1,33,9,3,3,-8.4787536826811161e-10,9.9087796842428943e-10,-0x1.d21fd98a6c0b3p-31,0x1.105ed698f3353p-30,-8.4783701757162143e-08,9.9083958572722024e-08,-0x1.6c24aa7a4016cp-24,0x1.a98ff6ee810afp-24,0,0.0099999999989999998,0x0p+0,0x1.47ae147a548aep-7,43,43,3,100
flowstar_vdp_stock_reach_v1,stepwise,144,1.4399999999999999,0x1.70a3d70a3d70ap+0,0.01,0x1.47ae147ae147bp-7,2,1.63362226056207,1.6915657763263261,0x1.a235118721b5ep+0,0x1.b10a74685abb6p+0,-0.69715483112370269,-0.64946784160239024,-0x1.64f17a5fd9731p-1,-0x1.4c870c86f8d1ap-1,1.6336222582843423,1.6983024449920687,0x1.a235117d59528p+0,0x1.b2c3f2f3f530bp+0,-0.69715551619147897,-0.64470945120567336,-0x1.64f1915c896bdp-1,-0x1.4a175b70b3717p-1,1.0993097056396248,2.0616309700712008,0x1.196c5c61e5c78p+0,0x1.07e3860c70333p+1,-0.69715551619147897,2.4610649331786534,-0x1.64f1915c896bdp-1,0x1.3b042cfcaad8dp+1,33,9,3,3,-8.336283905134793e-10,9.748044730090424e-10,-0x1.ca4ac41230b61p-31,0x1.0bf3c43ee053dp-30,-8.3359097980298275e-08,9.7476703171646821e-08,-0x1.66064c29a1d75p-24,0x1.a2a8c4c14c523p-24,0,0.0099999999989999998,0x0p+0,0x1.47ae147a548aep-7,44,44,3,100
flowstar_vdp_stock_reach_v1,stepwise,145,1.45,0x1.7333333333333p+0,0.01,0x1.47ae147ae147bp-7,2,1.6269470700291202,1.6847273282636896,0x1.a07f9a6a191cap+0,0x1.af4a4a4991ebcp+0,-0.70164742834504201,-0.65446554033164095,-0x1.673e54ec2100cp-1,-0x1.4f161b782aaf1p-1,1.6269470700291202,1.6915115736755078,0x1.a07f9a6a191cap+0,0x1.b106e709bde6ap+0,-0.70164742999398011,-0.64970709040044261,-0x1.673e54fa4b0e6p-1,-0x1.4ca668627f995p-1,1.0993097056396248,2.0616309700712008,0x1.196c5c61e5c78p+0,0x1.07e3860c70333p+1,-0.70164742999398011,2.4610649331786534,-0x1.673e54fa4b0e6p-1,0x1.3b042cfcaad8dp+1,33,9,3,3,-8.2011564544729098e-10,9.5957299514394517e-10,-0x1.c2dd041f34a57p-31,0x1.07c3f2555da6ap-30,-8.2007915762831769e-08,9.5953647809736674e-08,-0x1.6038a82def4ap-24,0x1.9c1e26c85512dp-24,0,0.0099999999989999998,0x0p+0,0x1.47ae147a548aep-7,45,45,3,100
flowstar_vdp_stock_reach_v1,stepwise,146,1.46,0x1.75c28f5c28f5cp+0,0.01,0x1.47ae147ae147bp-7,2,1.6202194447253924,1.6778463972768463,0x1.9ec6b3977057dp+0,0x1.ad87576c03f66p+0,-0.70615485823028135,-0.65945216439278964,-0x1.698d212c056a1p-1,-0x1.51a3b6ceafd85p-1,1.6202194447253924,1.6846782395415172,0x1.9ec6b3977057dp+0,0x1.af4712b71d198p+0,-0.7061548597818107,-0.65469089810442249,-0x1.698d213959437p-1,-0x1.4f33a538b1d99p-1,1.0993097056396248,2.0616309700712008,0x1.196c5c61e5c78p+0,0x1.07e3860c70333p+1,-0.7061548597818107,2.4610649331786534,-0x1.698d213959437p-1,0x1.3b042cfcaad8dp+1,33,9,3,3,-8.0730578692613888e-10,9.4514728354177652e-10,-0x1.bbd230545359dp-31,0x1.03ccd3d0dd3eap-30,-8.0727020490785844e-08,9.4511167358944282e-08,-0x1.5ab84c366aa22p-24,0x1.95ec20a199fa2p-24,0,0.0099999999989999998,0x0p+0,0x1.47ae147a548aep-7,46,46,3,100
flowstar_vdp_stock_reach_v1,stepwise,147,1.47,0x1.7851eb851eb85p+0,0.01,0x1.47ae147ae147bp-7,2,1.6134394488441162,1.6709228611142031,0x1.9d0a5e22dc9b4p+0,0x1.abc199c29fcfp+0,-0.71067874648964102,-0.66443017292717577,-0x1.6bde15ac4543dp-1,-0x1.5430310e654bep-1,1.6134394488441162,1.6778023386076275,0x1.9d0a5e22dc9b4p+0,0x1.ad84743d78da2p+0,-0.71067874794670682,-0.65966405402592165,-0x1.6bde15b8c962fp-1,-0x1.51bf7ca4c6b67p-1,1.0993097056396248,2.0616309700712008,0x1.196c5c61e5c78p+0,0x1.07e3860c70333p+1,-0.71067874794670682,2.4610649331786534,-0x1.6bde15b8c962fp-1,0x1.3b042cfcaad8dp+1,33,10,3,3,-7.9516911752652903e-10,9.3149303405417628e-10,-0x1.b5261abb2a284p-31,0x1.000bfeb968ffbp-30,-7.9513442429561636e-08,9.3145831412483461e-08,-0x1.5581f45b25c3p-24,0x1.900eecba3efa7p-24,0,0.0099999999989999998,0x0p+0,0x1.47ae147a548aep-7,47,47,3,100
flowstar_vdp_stock_reach_v1,stepwise,148,1.48,0x1.7ae147ae147aep+0,0.01,0x1.47ae147ae147bp-7,2,1.6066070710111475,1.6639566325882977,0x1.9b4a99db83e6p+0,0x1.a9f90fd6edd4bp+0,-0.71522344565670937,-0.66939922828210019,-0x1.6e31c478db22dp-1,-0x1.56bb7ee2e0e68p-1,1.6066070710111475,1.6708838038721385,0x1.9b4a99db83e6p+0,0x1.abbf0a7d0c028p+0,-0.71522344702214291,-0.66462625549325816,-0x1.6e31c48495c19p-1,-0x1.5449e47ed01ebp-1,1.0993097056396248,2.0616309700712008,0x1.196c5c61e5c78p+0,0x1.07e3860c70333p+1,-0.71522344702214291,2.4610649331786534,-0x1.6e31c48495c19p-1,0x1.3b042cfcaad8dp+1,33,10,3,3,-7.8374769464586793e-10,9.186608408390572e-10,-0x1.aedeae9abfp-31,0x1.f90a04f6bf9adp-31,-7.8371387307405497e-08,9.1862699374773804e-08,-0x1.509a406ac9474p-24,0x1.8a8c1b2ac6922p-24,0,0.0099999999989999998,0x0p+0,0x1.47ae147a548aep-7,48,48,3,100
flowstar_vdp_stock_reach_v1,stepwise,149,1.49,0x1.7d70a3d70a3d7p+0,0.01,0x1.47ae147ae147bp-7,2,1.5997223789745059,1.6569475055645748,0x1.998767e45ff44p+0,0x1.a82db63396b04p+0,-0.71978803823814241,-0.67436419688156291,-0x1.70880ec891d3dp-1,-0x1.5946439666345p-1,1.5997223789745059,1.6639224490475009,0x1.998767e45ff44p+0,0x1.a9f6d255bd3fp+0,-0.71978803951466375,-0.66958240171182759,-0x1.70880ed388ed7p-1,-0x1.56d3812aa8ab9p-1,1.0993097056396248,2.0616309700712008,0x1.196c5c61e5c78p+0,0x1.07e3860c70333p+1,-0.71978803951466375,2.4610649331786534,-0x1.70880ed388ed7p-1,0x1.3b042cfcaad8dp+1,33,10,3,3,-7.7294245032785467e-10,9.065341259753317e-10,-0x1.a8edfaa673b2cp-31,0x1.f25f5603f9b7bp-31,-7.7290948353159214e-08,9.0650113478616014e-08,-0x1.4bf64be33d07ep-24,0x1.8556da9488c22p-24,0,0.0099999999989999998,0x0p+0,0x1.47ae147a548aep-7,49,49,3,100
flowstar_vdp_stock_reach_v1,stepwise,150,1.5,0x1.8p+0,0.01,0x1.47ae147ae147bp-7,2,1.5927853658979279,1.6498953093440381,0x1.97c0c8201438fp+0,0x1.a65f89fb74d9bp+0,-0.72437418464887515,-0.6793273033570365,-0x1.72e12c5244652p-1,-0x1.5bd0c9ce658d3p-1,1.5927853658979279,1.6569181229646377,0x1.97c0c8201438fp+0,0x1.a82bc93e48674p+0,-0.72437418583909596,-0.6745347479601691,-0x1.72e12c5c7db7ep-1,-0x1.595c9e550251ap-1,1.0993097056396248,2.0616309700712008,0x1.196c5c61e5c78p+0,0x1.07e3860c70333p+1,-0.72437418583909596,2.4610649331786534,-0x1.72e12c5c7db7ep-1,0x1.3b042cfcaad8dp+1,33,10,3,3,-7.6272838519515347e-10,8.9508419310854456e-10,-0x1.a3507a2bb970cp-31,0x1.ec13e6b5591b2p-31,-7.6269625637142031e-08,8.9505204096865171e-08,-0x1.4793571995fefp-24,0x1.806c033d1802fp-24,0,0.0099999999989999998,0x0p+0,0x1.47ae147a548aep-7,50,50,3,100
flowstar_vdp_stock_reach_v1,stepwise,151,1.51,0x1.828f5c28f5c29p+0,0.01,0x1.47ae147ae147bp-7,2,1.5857960022553175,1.6427998573635396,0x1.95f6ba0fd06aep+0,0x1.a48e880d3ff75p+0,-0.7289835277790282,-0.68429073127009066,-0x1.753d5436446bap-1,-0x1.5e5b5acf859d1p-1,1.5857960022553175,1.6498706582942593,0x1.95f6ba0fd06aep+0,0x1.a65dec6800fb5p+0,-0.72898352888545448,-0.67948550637528105,-0x1.753d543fc57a4p-1,-0x1.5be58637f9c51p-1,1.0993097056396248,2.0616309700712008,0x1.196c5c61e5c78p+0,0x1.07e3860c70333p+1,-0.72898352888545448,2.4610649331786534,-0x1.753d543fc57a4p-1,0x1.3b042cfcaad8dp+1,33,10,3,3,-7.5308182877085648e-10,8.8428392139408084e-10,-0x1.9e02d858f2d5cp-31,0x1.e623e5e939f8cp-31,-7.5305052121028185e-08,8.8425259154660579e-08,-0x1.436ec7cabdf73p-24,0x1.7bc899c2dd776p-24,0,0.0099999999989999998,0x0p+0,0x1.47ae147a548aep-7,51,51,3,100
flowstar_vdp_stock_reach_v1,stepwise,152,1.52,0x1.851eb851eb852p+0,0.01,0x1.47ae147ae147bp-7,2,1.5787542361979094,1.6356609473928341,0x1.94293cd4e4381p+0,0x1.a2baad0465878p+0,-0.73361769496506046,-0.68925662532238818,-0x1.779cbd0f489f1p-1,-0x1.60e63e909f392p-1,1.5787542361979094,1.642779871764332,0x1.94293cd4e4381p+0,0x1.a48d38bfc13fdp+0,-0.73361769599009563,-0.68443684822277373,-0x1.779cbd1816b29p-1,-0x1.5e6e81ae96981p-1,1.0993097056396248,2.0616309700712008,0x1.196c5c61e5c78p+0,0x1.07e3860c70333p+1,-0.73361769599009563,2.4610649331786534,-0x1.779cbd1816b29p-1,0x1.3b042cfcaad8dp+1,33,10,3,3,-7.4398036989241156e-10,8.7410768202050228e-10,-0x1.9901edbba2715p-31,0x1.e08bb83f8c3fbp-31,-7.4394986699152973e-08,8.7407715781670256e-08,-0x1.3f862726064d1p-24,0x1.7769ccc39403cp-24,0,0.0099999999989999998,0x0p+0,0x1.47ae147a548aep-7,52,52,3,100
flowstar_vdp_stock_reach_v1,stepwise,153,1.53,0x1.87ae147ae147bp+0,0.01,0x1.47ae147ae147bp-7,2,1.5716599939010349,1.6284783617128062,0x1.92584f323c8b9p+0,0x1.a0e3f539ccd76p+0,-0.73827829939507073,-0.69422709381676928,-0x1.79ff9cfe7f248p-1,-0x1.6371bbcfe15b1p-1,1.5716599939010349,1.6356455643581305,0x1.92584f323c8b9p+0,0x1.a2b9aaeec4009p+0,-0.73827830034101827,-0.68939090641564504,-0x1.79ff9d069f4dap-1,-0x1.60f7d84a6e137p-1,1.0993097056396248,2.0616309700712008,0x1.196c5c61e5c78p+0,0x1.07e3860c70333p+1,-0.73827830034101827,2.4610649331786534,-0x1.79ff9d069f4dap-1,0x1.3b042cfcaad8dp+1,33,10,3,3,-7.354027823076315e-10,8.6453125084950239e-10,-0x1.944abd9229521p-31,0x1.db47f4f41287ap-31,-7.353730675802113e-08,8.6450151575999188e-08,-0x1.3bd71fb503167p-24,0x1.734cf266c7dbp-24,0,0.0099999999989999998,0x0p+0,0x1.47ae147a548aep-7,53,53,3,100
flowstar_vdp_stock_reach_v1,stepwise,154,1.54,0x1.8a3d70a3d70a4p+0,0.01,0x1.47ae147ae147bp-7,2,1.5645131798887415,1.6212518672789344,0x1.9083ef8dc879ep+0,0x1.9f0a5cc48abdap+0,-0.7429669417002307,-0.69920421070328376,-0x1.7c6629b939278p-1,-0x1.65fe18246466dp-1,1.5645131798887415,1.6284675214969591,0x1.9083ef8dc879ep+0,0x1.a0e33f5b6d784p+0,-0.74296694256929752,-0.69434977761560956,-0x1.7c6629c0b040ap-1,-0x1.6381d065b015cp-1,1.0993097056396248,2.0616309700712008,0x1.196c5c61e5c78p+0,0x1.07e3860c70333p+1,-0.74296694256929752,2.4610649331786534,-0x1.7c6629c0b040ap-1,0x1.3b042cfcaad8dp+1,33,10,3,3,-7.273289645014007e-10,8.555317357612564e-10,-0x1.8fda73a0c6d9bp-31,0x1.d6556340431fap-31,-7.2730002158901102e-08,8.5550277338643806e-08,-0x1.385f7ba9f1978p-24,0x1.6f6f86524cd61p-24,0,0.0099999999989999998,0x0p+0,0x1.47ae147a548aep-7,54,54,3,100
flowstar_vdp_stock_reach_v1,stepwise,155,1.55,0x1.8cccccccccccdp+0,0.01,0x1.47ae147ae147bp-7,2,1.5573136774288403,1.6139812158244506,0x1.8eac1bf22b9cep+0,0x1.9d2ddf7a53078p+0,-0.7476852115785988,-0.70419001786926083,-0x1.7ed09896dda8p-1,-0x1.688b9811d6154p-1,1.5573136774288403,1.6212455131620309,0x1.8eac1bf22b9cep+0,0x1.9f09f229d1523p+0,-0.74768521237289798,-0.69931552457614554,-0x1.7ed0989db056bp-1,-0x1.660caf37477d8p-1,1.0993097056396248,2.0616309700712008,0x1.196c5c61e5c78p+0,0x1.07e3860c70333p+1,-0.74768521237289798,2.4610649331786534,-0x1.7ed0989db056bp-1,0x1.3b042cfcaad8dp+1,33,10,3,3,-7.1973987205362908e-10,8.4708749784446653e-10,-0x1.8bae61c1b578fp-31,0x1.d1b0f784634f9p-31,-7.1971168473537055e-08,8.4705929192416357e-08,-0x1.351d22f84d2bep-24,0x1.6bcf27725a447p-24,0,0.0099999999989999998,0x0p+0,0x1.47ae147a548aep-7,55,55,3,100
flowstar_vdp_stock_reach_v1,stepwise,156,1.5600000000000001,0x1.8f5c28f5c28f6p+0,0.01,0x1.47ae147ae147bp-7,2,1.5500613485248158,1.6066661441373979,0x1.8cd0d20eb52e9p+0,0x1.9b4e78f0a9199p+0,-0.75243468927984258,-0.70918652719314879,-0x1.813f1e9daa6acp-1,-0x1.6b1a7f1a1de52p-1,1.5500613485248158,1.6139792941897253,0x1.8cd0d20eb52e9p+0,0x1.9d2dbf3cf74dfp+0,-0.75243469000139651,-0.70429017824706031,-0x1.813f1ea3dd218p-1,-0x1.6898b8e4ee262p-1,1.0993097056396248,2.0616309700712008,0x1.196c5c61e5c78p+0,0x1.07e3860c70333p+1,-0.75243469000139651,2.4610649331786534,-0x1.813f1ea3dd218p-1,0x1.3b042cfcaad8dp+1,33,10,3,3,-7.1261746677134932e-10,8.3917808976657166e-10,-0x1.87c3fe0ffe3f2p-31,0x1.cd57d10f181dcp-31,-7.125900189728587e-08,8.3915062418897663e-08,-0x1.320e19e643374p-24,0x1.6869963d72c48p-24,0,0.0099999999989999998,0x0p+0,0x1.47ae147a548aep-7,56,56,3,100
flowstar_vdp_stock_reach_v1,stepwise,157,1.5700000000000001,0x1.91eb851eb851fp+0,0.01,0x1.47ae147ae147bp-7,2,1.5427560344971916,1.5993063739938196,0x1.8af20f39df41p+0,0x1.996c247c967a1p+0,-0.75721694706930687,-0.71419572258687458,-0x1.83b1f08f477e6p-1,-0x1.6dab0fcee84d5p-1,1.5427560344971916,1.6066686042224803,0x1.8af20f39df41p+0,0x1.9b4ea236a540dp+0,-0.75721694772005055,-0.70927573986540182,-0x1.83b1f094de7e8p-1,-0x1.6b26309522de9p-1,1.0993097056396248,2.0616309700712008,0x1.196c5c61e5c78p+0,0x1.07e3860c70333p+1,-0.75721694772005055,2.4610649331786534,-0x1.83b1f094de7e8p-1,0x1.3b042cfcaad8dp+1,33,10,3,3,-7.0594465391250399e-10,8.3178418315261714e-10,-0x1.8418e0a476b5dp-31,0x1.c947377f96834p-31,-7.0591792971426261e-08,8.3175744196242262e-08,-0x1.2f307f4858306p-24,0x1.653cb2a91869ep-24,0,0.0099999999989999998,0x0p+0,0x1.47ae147a548aep-7,57,57,3,100
flowstar_vdp_stock_reach_v1,stepwise,158,1.5800000000000001,0x1.947ae147ae148p+0,0.01,0x1.47ae147ae147bp-7,2,1.5353975560830042,1.5919016123568401,0x1.890fd071bc1dcp+0,0x1.9786dd3385b55p+0,-0.76203355055796651,-0.71921956205490634,-0x1.862942f433d44p-1,-0x1.703d8be356a9fp-1,1.5353975560830042,1.5993131679251005,0x1.890fd071bc1dcp+0,0x1.996c96784ceb2p+0,-0.76203355113975035,-0.7142741830609719,-0x1.862942f9332f7p-1,-0x1.6db558813f7bdp-1,1.0993097056396248,2.0616309700712008,0x1.196c5c61e5c78p+0,0x1.07e3860c70333p+1,-0.76203355113975035,2.4610649331786534,-0x1.862942f9332f7p-1,0x1.3b042cfcaad8dp+1,33,10,3,3,-6.997052323439664e-10,8.2488750888573799e-10,-0x1.80aac1ca0ad51p-31,0x1.c57c989f01ec4p-31,-6.9967921598889483e-08,8.2486147629175179e-08,-0x1.2c828b1a4016dp-24,0x1.62467a7b9d9e5p-24,0,0.0099999999989999998,0x0p+0,0x1.47ae147a548aep-7,58,58,3,100
flowstar_vdp_stock_reach_v1,stepwise,159,1.5900000000000001,0x1.970a3d70a3d71p+0,0.01,0x1.47ae147ae147bp-7,2,1.5279857135808947,1.5844515515403896,0x1.872a125c95cd7p+0,0x1.959e9debf661fp+0,-0.76688606035374052,-0.72425997944018594,-0x1.88a54a29f487bp-1,-0x1.72d2343afe951p-1,1.5279857135808947,1.5919126951652569,0x1.872a125c95cd7p+0,0x1.97879723d26e5p+0,-0.76688606086833366,-0.7192874556466814,-0x1.88a54a2e6021ep-1,-0x1.70467204d9e15p-1,1.0993097056396248,2.0616309700712008,0x1.196c5c61e5c78p+0,0x1.07e3860c70333p+1,-0.76688606086833366,2.4610649331786534,-0x1.88a54a2e6021ep-1,0x1.3b042cfcaad8dp+1,33,10,3,3,-6.9388385238643176e-10,8.1847080796019666e-10,-0x1.7d777878ed13bp-31,0x1.c1f5869b1f3c4p-31,-6.9385852828686931e-08,8.184454683421449e-08,-0x1.2a028d4f1add2p-24,0x1.5f8507e9ff7d7p-24,0,0.0099999999989999998,0x0p+0,0x1.47ae147a548aep-7,59,59,3,100
flowstar_vdp_stock_reach_v1,stepwise,160,1.6000000000000001,0x1.999999999999ap+0,0.01,0x1.47ae147ae147bp-7,2,1.5205202873469352,1.576955868988781,0x1.8540d14b0f429p+0,0x1.93b3613c8ac57p+0,-0.77177603324498745,-0.72931888640954934,-0x1.8b263a6d3f66ap-1,-0x1.756948faf7e2fp-1,1.5205202873469352,1.5844668808094049,0x1.8540d14b0f429p+0,0x1.959f9f1aabe9p+0,-0.77177603369408077,-0.72431748164644238,-0x1.8b263a711af7bp-1,-0x1.72d9bdaf2f62cp-1,1.0993097056396248,2.0616309700712008,0x1.196c5c61e5c78p+0,0x1.07e3860c70333p+1,-0.77177603369408077,2.4610649331786534,-0x1.8b263a711af7bp-1,0x1.3b042cfcaad8dp+1,33,10,3,3,-6.8846595618342691e-10,8.1251776177107925e-10,-0x1.7a7cf83096b56p-31,0x1.beafb5835e01p-31,-6.8844130892750928e-08,8.1249309968594746e-08,-0x1.27aeec23c389bp-24,0x1.5cf68fa1942a6p-24,0,0.0099999999989999998,0x0p+0,0x1.47ae147a548aep-7,60,60,3,100
flowstar_vdp_stock_reach_v1,stepwise,161,1.6100000000000001,0x1.9c28f5c28f5c3p+0,0.01,0x1.47ae147ae147bp-7,2,1.513001037678589,1.5694142276368641,0x1.83540937a4c33p+0,0x1.91c5217d93d28p+0,-0.7767050235032894,-0.73439817433153987,-0x1.8dac47e52bcbdp-1,-0x1.78030999fdfcfp-1,1.513001037678589,1.5769754050988591,0x1.83540937a4c33p+0,0x1.93b4a8ff7ef6bp+0,-0.77670502388849871,-0.7293661632135755,-0x1.8dac47e87ae16p-1,-0x1.756f7b539f636p-1,1.0993097056396248,2.0616309700712008,0x1.196c5c61e5c78p+0,0x1.07e3860c70333p+1,-0.77670502388849871,2.4610649331786534,-0x1.8dac47e87ae16p-1,0x1.3b042cfcaad8dp+1,33,10,3,3,-6.8343774292221945e-10,8.0701295133749325e-10,-0x1.77b94fb6fffc3p-31,0x1.bba8f9d0bef1fp-31,-6.8341375727964666e-08,8.069889515252508e-08,-0x1.2586232432fd7p-24,0x1.5a995fa235c02p-24,0,0.0099999999989999998,0x0p+0,0x1.47ae147a548aep-7,61,61,3,100
flowstar_vdp_stock_reach_v1,stepwise,162,1.6200000000000001,0x1.9eb851eb851ecp+0,0.01,0x1.47ae147ae147bp-7,2,1.5054277050843612,1.5618262758530441,0x1.8163b5c7d464ep+0,0x1.8fd3d8c8d2823p+0,-0.78167458426754666,-0.73949971597221464,-0x1.9037a6af1646dp-1,-0x1.7a9fb4ef00ffbp-1,1.5054277050843612,1.5694379336083439,0x1.8163b5c7d464ep+0,0x1.91c6af35f31cbp+0,-0.78167458459041572,-0.73443538236540762,-0x1.9037a6b1dc45fp-1,-0x1.7807ea1891c1bp-1,1.0993097056396248,2.0616309700712008,0x1.196c5c61e5c78p+0,0x1.07e3860c70333p+1,-0.78167458459041572,2.4610649331786534,-0x1.9037a6b1dc45fp-1,0x1.3b042cfcaad8dp+1,33,10,3,3,-6.7878612433334681e-10,8.0194180553164501e-10,-0x1.752aa77e2e647p-31,0x1.b8df4688534dcp-31,-6.7876278526062618e-08,8.019184529203785e-08,-0x1.2386c1ead61acp-24,0x1.586bddc934bb8p-24,0,0.0099999999989999998,0x0p+0,0x1.47ae147a548aep-7,62,62,3,100
flowstar_vdp_stock_reach_v1,stepwise,163,1.6300000000000001,0x1.a147ae147ae15p+0,0.01,0x1.47ae147ae147bp-7,2,1.4978000104328262,1.5541916474725199,0x1.7f6fd24cc1e81p+0,0x1.8ddf80f99c5fap+0,-0.78668627088824716,-0.7446253651551602,-0x1.92c88afb5abc6p-1,-0x1.7d3f892e3a18ep-1,1.4978000104328262,1.5618541172943756,0x1.7f6fd24cc1e81p+0,0x1.8fd5abe2e6fc9p+0,-0.78668627115025114,-0.73952700068035293,-0x1.92c88afd9ae38p-1,-0x1.7aa34874dcb74p-1,1.0993097056396248,2.0616309700712008,0x1.196c5c61e5c78p+0,0x1.07e3860c70333p+1,-0.78668627115025114,2.4610649331786534,-0x1.92c88afd9ae38p-1,0x1.3b042cfcaad8dp+1,33,10,3,3,-6.7449868530516826e-10,7.9729055511626575e-10,-0x1.72cf4038f0623p-31,0x1.b650ab934ecb2p-31,-6.744759779503152e-08,7.97267834826837e-08,-0x1.21af6b04bf717p-24,0x1.566c8686251ecp-24,0,0.0099999999989999998,0x0p+0,0x1.47ae147a548aep-7,63,63,3,100
flowstar_vdp_stock_reach_v1,stepwise,164,1.6400000000000001,0x1.a3d70a3d70a3ep+0,0.01,0x1.47ae147ae147bp-7,2,1.4901176550846826,1.5465099617170666,0x1.7d7859c3c7ea6p+0,0x1.8be813ac8354dp+0,-0.79174163574909329,-0.74977696487771073,-0x1.955f28e0d9097p-1,-0x1.7fe2c42ee347fp-1,1.4901176550846826,1.5542235924298344,0x1.7d7859c3c7ea6p+0,0x1.8de198ec2863cp+0,-0.79174163595164149,-0.74464286744954367,-0x1.955f28e29671fp-1,-0x1.7d41d475ca78dp-1,1.0993097056396248,2.0616309700712008,0x1.196c5c61e5c78p+0,0x1.07e3860c70333p+1,-0.79174163595164149,2.4610649331786534,-0x1.955f28e29671fp-1,0x1.3b042cfcaad8dp+1,33,10,3,3,-6.705657274810181e-10,7.9304827041836584e-10,-0x1.70a5bc7bb8bafp-31,0x1.b3fb9f2940b78p-31,-6.705436371878343e-08,7.9302616776860783e-08,-0x1.1fff0d7751d54p-24,0x1.549a2635da376p-24,0,0.0099999999989999998,0x0p+0,0x1.47ae147a548aep-7,64,64,3,100
flowstar_vdp_stock_reach_v1,stepwise,165,1.6500000000000001,0x1.a666666666667p+0,0.01,0x1.47ae147ae147bp-7,2,1.4823803210079569,1.538780823500618,0x1.7b7d46d6f6917p+0,0x1.89ed8a40a5a88p+0,-0.79684223572642443,-0.75495634271029699,-0x1.97fbb49d0874cp-1,-0x1.8289a343b26dcp-1,1.4823803210079569,1.5465459809239852,0x1.7b7d46d6f6917p+0,0x1.8bea6ff9d4296p+0,-0.79684223587086356,-0.74978481511001638,-0x1.97fbb49e4614cp-1,-0x1.7fe3cb97deaecp-1,1.0993097056396248,2.0616309700712008,0x1.196c5c61e5c78p+0,0x1.07e3860c70333p+1,-0.79684223587086356,2.4610649331786534,-0x1.97fbb49e4614cp-1,0x1.3b042cfcaad8dp+1,33,10,3,3,-6.6706822721817715e-10,7.8929481478818667e-10,-0x1.6eb981c199324p-31,0x1.b1eb5eab8d44cp-31,-6.670467395307764e-08,7.8927331529738745e-08,-0x1.1e7e908c24a9bp-24,0x1.52fd84cdddeadp-24,0,0.0099999999989999998,0x0p+0,0x1.47ae147a548aep-7,65,65,3,100
flowstar_vdp_stock_reach_v1,stepwise,166,1.6600000000000001,0x1.a8f5c28f5c29p+0,0.01,0x1.47ae147ae147bp-7,2,1.4745876708771022,1.5310038231330849,0x1.797e93dd8080dp+0,0x1.87efddd668566p+0,-0.80198963158043446,-0.76016531421153211,-0x1.9a9e628ebcf4cp-1,-0x1.853463582f27p-1,1.4745876708771022,1.5388208900404059,0x1.797e93dd8080dp+0,0x1.89f02a75200a3p+0,-0.80198963166805204,-0.75495466269213307,-0x1.9a9e628f7da11p-1,-0x1.82896ae4736aap-1,1.0993097056396248,2.0616309700712008,0x1.196c5c61e5c78p+0,0x1.07e3860c70333p+1,-0.80198963166805204,2.4610649331786534,-0x1.9a9e628f7da11p-1,0x1.3b042cfcaad8dp+1,33,10,3,3,-6.638933790851026e-10,7.8591638184170193e-10,-0x1.6cfaafcc1b47bp-31,0x1.b00fe5cb95b7bp-31,-6.6387247974940594e-08,7.8589547123207879e-08,-0x1.1d218d13df9f3p-24,0x1.518a1ef23a8d7p-24,0,0.0099999999989999998,0x0p+0,0x1.47ae147a548aep-7,66,66,3,100
flowstar_vdp_stock_reach_v1,stepwise,167,1.6699999999999999,0x1.ab851eb851eb8p+0,0.01,0x1.47ae147ae147bp-7,2,1.4667393481560742,1.5231785364006241,0x1.777c3adc1631cp+0,0x1.85ef074fcf50cp+0,-0.80718538895780301,-0.76540568466293801,-0x1.9d47673ec3fedp-1,-0x1.87e340ff99806p-1,1.4667393481560742,1.5310479124910457,0x1.777c3adc1631cp+0,0x1.87f2c188c2139p+0,-0.80718538898983039,-0.76015421758521995,-0x1.9d47673f0a6cap-1,-0x1.8532ef00e3d57p-1,1.0993097056396248,2.0616309700712008,0x1.196c5c61e5c78p+0,0x1.07e3860c70333p+1,-0.80718538898983039,2.4610649331786534,-0x1.9d47673f0a6cap-1,0x1.3b042cfcaad8dp+1,33,10,3,3,-6.610317265184456e-10,7.8290262230514531e-10,-0x1.6b67f1e5d814ap-31,0x1.ae67bfaa26492p-31,-6.6101140148611212e-08,7.828822865056425e-08,-0x1.1be6f8e245d6ap-24,0x1.503ed1560d03bp-24,0,0.0099999999989999998,0x0p+0,0x1.47ae147a548aep-7,67,67,3,100
flowstar_vdp_stock_reach_v1,stepwise,168,1.6799999999999999,0x1.ae147ae147ae1p+0,0.01,0x1.47ae147ae147bp-7,2,1.4588349771658331,1.5153045245385712,0x1.75763585302b4p+0,0x1.83eaff505fbep+0,-0.81243107953246219,-0.77067925060745412,-0x1.9ff6f769b119dp-1,-0x1.8a967882212dfp-1,1.4588349771658331,1.5232266264226544,0x1.75763585302b4p+0,0x1.85f22e20e1b7cp+0,-0.81243107953246219,-0.76538527708325477,-0x1.9ff6f769b119dp-1,-0x1.87e0943bd3304p-1,1.0993097056396248,2.0616309700712008,0x1.196c5c61e5c78p+0,0x1.07e3860c70333p+1,-0.81243107953246219,2.4610649331786534,-0x1.9ff6f769b119dp-1,0x1.3b042cfcaad8dp+1,33,10,3,3,-6.5847430922962433e-10,7.8024378677231728e-10,-0x1.6a00053abc5c3p-31,0x1.acf18d04d870dp-31,-6.5845454465868264e-08,7.8022401191924478e-08,-0x1.1acdd7c324f7bp-24,0x1.4f1a898ef3b8dp-24,0,0.0099999999989999998,0x0p+0,0x1.47ae147a548aep-7,68,68,3,100
flowstar_vdp_stock_reach_v1,stepwise,169,1.6899999999999999,0x1.b0a3d70a3d70ap+0,0.01,0x1.47ae147ae147bp-7,2,1.4508714816250228,1.5073840157048488,0x1.736c503c474e4p+0,0x1.81e3eb39f7297p+0,-0.81772832004970053,-0.77598776340346454,-0x1.a2ad494f40c2ap-1,-0x1.8d4e44a3d4007p-1,1.4508714816250228,1.5153592769033863,0x1.736c503c474e4p+0,0x1.83ee95e7fd813p+0,-0.81772832004970053,-0.77064959200344019,-0x1.a2ad494f40c2ap-1,-0x1.8a929554a939cp-1,1.0993097056396248,2.0616309700712008,0x1.196c5c61e5c78p+0,0x1.07e3860c70333p+1,-0.81772832004970053,2.4610649331786534,-0x1.a2ad494f40c2ap-1,0x1.3b042cfcaad8dp+1,33,9,3,3,-6.5630956213092023e-10,7.7804020359768538e-10,-0x1.68cf5bfee0f49p-31,0x1.abbb6c9169646p-31,-6.5629034413568418e-08,7.7802097578319228e-08,-0x1.19dfe2eedfc6p-24,0x1.4e284f9a99085p-24,0,0.0099999999989999998,0x0p+0,0x1.47ae147a548aep-7,69,69,3,100
flowstar_vdp_stock_reach_v1,stepwise,170,1.7,0x1.b333333333333p+0,0.01,0x1.47ae147ae147bp-7,2,1.4428421687615998,1.4994228208561822,0x1.715e1ab81eebbp+0,0x1.7fda2c8a741p+0,-0.82307858589948824,-0.78133311828744068,-0x1.a56a8e70f3d44p-1,-0x1.900ae4fca70b3p-1,1.4428421687615998,1.5074516918119443,0x1.715e1ab81eebbp+0,0x1.81e85aa4a1d6p+0,-0.82307858589948824,-0.77594905580256901,-0x1.a56a8e70f3d44p-1,-0x1.8d4931d411774p-1,1.0993097056396248,2.0616309700712008,0x1.196c5c61e5c78p+0,0x1.07e3860c70333p+1,-0.82307858589948824,2.4610649331786534,-0x1.a56a8e70f3d44p-1,0x1.3b042cfcaad8dp+1,33,10,3,3,-6.5475444987011229e-10,7.7653795355486437e-10,-0x1.67f47f2bf02f9p-31,0x1.aae8004e5fd6ap-31,-6.5473576422535403e-08,7.7651925852953316e-08,-0x1.1934f56610f97p-24,0x1.4d8332056019ap-24,0,0.0099999999989999998,0x0p+0,0x1.47ae147a548aep-7,70,70,3,100
flowstar_vdp_stock_reach_v1,stepwise,171,1.71,0x1.b5c28f5c28f5cp+0,0.01,0x1.47ae147ae147bp-7,2,1.4347542878818391,1.4914127751409887,0x1.6f4c0e983f8e8p+0,0x1.7dcd3a461130ap+0,-0.82848356565306247,-0.78671700231111719,-0x1.a82eff7781bap-1,-0x1.92cc9228444dap-1,1.4347542878818391,1.499495723243125,0x1.6f4c0e983f8e8p+0,0x1.7fdef3a3d232ep+0,-0.82848356565306247,-0.78128535246766295,-0x1.a82eff7781bap-1,-0x1.9004a23b62883p-1,1.0993097056396248,2.0616309700712008,0x1.196c5c61e5c78p+0,0x1.07e3860c70333p+1,-0.82848356565306247,2.4610649331786534,-0x1.a82eff7781bap-1,0x1.3b042cfcaad8dp+1,33,10,3,3,-6.5352304940019425e-10,7.754148714995613e-10,-0x1.6747314b471edp-31,0x1.aa49f102c019cp-31,-6.5350488284950443e-08,7.7539669598791753e-08,-0x1.18ad9f2b046f6p-24,0x1.4d07c4b1c8e89p-24,0,0.0099999999989999998,0x0p+0,0x1.47ae147a548aep-7,71,71,3,100
flowstar_vdp_stock_reach_v1,stepwise,172,1.72,0x1.b851eb851eb85p+0,0.01,0x1.47ae147ae147bp-7,2,1.4266087241321139,1.4833520440768573,0x1.6d363ab655f17p+0,0x1.7bbcf5a5c3cd6p+0,-0.83394484795073986,-0.79214120987389247,-0x1.aafad1b13b742p-1,-0x1.9593885c71c98p-1,1.4266087241321139,1.4914895536977055,0x1.6d363ab655f17p+0,0x1.7dd2426775106p+0,-0.83394484795073986,-0.78666027210534384,-0x1.aafad1b13b742p-1,-0x1.92c5229b8283fp-1,1.0993097056396248,2.0616309700712008,0x1.196c5c61e5c78p+0,0x1.07e3860c70333p+1,-0.83394484795073986,2.4610649331786534,-0x1.aafad1b13b742p-1,0x1.3b042cfcaad8dp+1,33,10,3,3,-6.5256025331474334e-10,7.7460918315408615e-10,-0x1.66bfb0e8c93c1p-31,0x1.a9d88d0764f2p-31,-6.5254259293983811e-08,7.7459151422023456e-08,-0x1.1843d11d739a3p-24,0x1.4caf3cd7b0c83p-24,0,0.0099999999989999998,0x0p+0,0x1.47ae147a548aep-7,72,72,3,100
flowstar_vdp_stock_reach_v1,stepwise,173,1.73,0x1.bae147ae147aep+0,0.01,0x1.47ae147ae147bp-7,2,1.4184050028877624,1.4752401190736333,0x1.6b1c971be2beep+0,0x1.79a956212b1c5p+0,-0.83946405097066956,-0.79760751573784117,-0x1.adce3b6a2c645p-1,-0x1.9860032646921p-1,1.4184050028877624,1.4834326916176872,0x1.6b1c971be2beep+0,0x1.7bc23eb050b24p+0,-0.83946405097066956,-0.79207558398083477,-0x1.adce3b6a2c645p-1,-0x1.958aee5250c97p-1,1.0993097056396248,2.0616309700712008,0x1.196c5c61e5c78p+0,0x1.07e3860c70333p+1,-0.83946405097066956,2.4610649331786534,-0x1.adce3b6a2c645p-1,0x1.3b042cfcaad8dp+1,33,10,3,3,-6.518597324340535e-10,7.7411427016533596e-10,-0x1.665d19fc15798p-31,0x1.a992e5e8c5f0ap-31,-6.5184256552903045e-08,7.7409709508650795e-08,-0x1.17f6d9185a6d6p-24,0x1.4c78e02e5e483p-24,0,0.0099999999989999998,0x0p+0,0x1.47ae147a548aep-7,73,73,3,100
flowstar_vdp_stock_reach_v1,stepwise,174,1.74,0x1.bd70a3d70a3d7p+0,0.01,0x1.47ae147ae147bp-7,2,1.4101426304883458,1.4670764765878204,0x1.68ff1b80a4925p+0,0x1.779252efacf4p+0,-0.84504280533572962,-0.8031176944696361,-0x1.b0a97359462bdp-1,-0x1.9b323e112c092p-1,1.4101426304883458,1.4753246305526213,0x1.68ff1b80a4925p+0,0x1.79aedfff34f04p+0,-0.84504280533572962,-0.79753305598299196,-0x1.b0a97359462bdp-1,-0x1.985640b1da0dfp-1,1.0993097056396248,2.0616309700712008,0x1.196c5c61e5c78p+0,0x1.07e3860c70333p+1,-0.84504280533572962,2.4610649331786534,-0x1.b0a97359462bdp-1,0x1.3b042cfcaad8dp+1,33,10,3,3,-6.5141548101897416e-10,7.7392392521667961e-10,-0x1.661e94240134ap-31,0x1.a9781c027f14bp-31,-6.5139879509099489e-08,7.7390723148392465e-08,-0x1.17c60e1158a2ap-24,0x1.4c63fffeedb49p-24,0,0.0099999999989999998,0x0p+0,0x1.47ae147a548aep-7,74,74,3,100
flowstar_vdp_stock_reach_v1,stepwise,175,1.75,0x1.cp+0,0.01,0x1.47ae147ae147bp-7,2,1.4018210942044254,1.4588605780216035,0x1.66ddbf4a7370fp+0,0x1.7577e30806c5p+0,-0.85068275511900993,-0.80867352176169782,-0x1.b38cb0a903cp-1,-0x1.9e0a74b2371c2p-1,1.4018210942044254,1.4671648490703302,0x1.66ddbf4a7370fp+0,0x1.77981d94990c5p+0,-0.85068275511900993,-0.80303445596777356,-0x1.b38cb0a903cp-1,-0x1.9b27550be2aecp-1,1.0993097056396248,2.0616309700712008,0x1.196c5c61e5c78p+0,0x1.07e3860c70333p+1,-0.85068275511900993,2.4610649331786534,-0x1.b38cb0a903cp-1,0x1.3b042cfcaad8dp+1,33,10,3,3,-6.5122179591629731e-10,7.7403232948079941e-10,-0x1.660351e63ea64p-31,0x1.a9875daf5ad21p-31,-6.5120557868599729e-08,7.7401610479929446e-08,-0x1.17b0cf826b408p-24,0x1.4c6ff881d836bp-24,0,0.0099999999989999998,0x0p+0,0x1.47ae147a548aep-7,75,75,3,100
flowstar_vdp_stock_reach_v1,stepwise,176,1.76,0x1.c28f5c28f5c29p+0,0.01,0x1.47ae147ae147bp-7,2,1.3934398621922912,1.4505918696108804,0x1.64b8798d0f02ep+0,0x1.7359fd1fd27d8p+0,-0.85638555872339583,-0.81427677583608216,-0x1.b6782afef7a3fp-1,-0x1.a0e8e2b437729p-1,1.3934398621922912,1.4589528106564171,0x1.64b8798d0f02ep+0,0x1.757dee702d352p+0,-0.85638555872339583,-0.80858155318373537,-0x1.b6782afef7a3fp-1,-0x1.9dfe66be2563fp-1,1.0993097056396248,2.0616309700712008,0x1.196c5c61e5c78p+0,0x1.07e3860c70333p+1,-0.85638555872339583,2.4610649331786534,-0x1.b6782afef7a3fp-1,0x1.3b042cfcaad8dp+1,33,10,3,3,-6.5127325439675557e-10,7.7443402794696175e-10,-0x1.660a8fe2f4565p-31,0x1.a9bfe665c13bbp-31,-6.5125749379850946e-08,7.7441826023624666e-08,-0x1.17b684ca3aa8bp-24,0x1.4c9c302d2a8b6p-24,0,0.0099999999989999998,0x0p+0,0x1.47ae147a548aep-7,76,76,3,100
flowstar_vdp_stock_reach_v1,stepwise,177,1.77,0x1.c51eb851eb852p+0,0.01,0x1.47ae147ae147bp-7,2,1.3849983834304929,1.4422697823067236,0x1.628f4109d8ca3p+0,0x1.713897ab0433fp+0,-0.86215289028025421,-0.81992923839302423,-0x1.b96c1a87cfa6ap-1,-0x1.a3cdc3dfdd4cdp-1,1.3849983834304929,1.4506879636069925,0x1.628f4109d8ca3p+0,0x1.7360495064933p+0,-0.86215289028025421,-0.81417611924156175,-0x1.b96c1a87cfa6ap-1,-0x1.a0dbb13aa745cp-1,1.0993097056396248,2.0616309700712008,0x1.196c5c61e5c78p+0,0x1.07e3860c70333p+1,-0.86215289028025421,2.4610649331786534,-0x1.b96c1a87cfa6ap-1,0x1.3b042cfcaad8dp+1,33,10,3,3,-6.5156470155753438e-10,7.7512391648158199e-10,-0x1.663394608c21cp-31,0x1.aa20fe405fa2fp-31,-6.5154938573930907e-08,7.7510859387546892e-08,-0x1.17d69cd15391ep-24,0x1.4ce81757475d7p-24,0,0.0099999999989999998,0x0p+0,0x1.47ae147a548aep-7,77,77,3,100
flowstar_vdp_stock_reach_v1,stepwise,178,1.78,0x1.c7ae147ae147bp+0,0.01,0x1.47ae147ae147bp-7,2,1.3764960876542494,1.4338937316440743,0x1.60620c2f8c04fp+0,0x1.6f13a8db59c77p+0,-0.86798643998031644,-0.82563269617141033,-0x1.bc68b7fa2c819p-1,-0x1.a6b954292107bp-1,1.3764960876542494,1.4423697409084251,0x1.60620c2f8c04fp+0,0x1.713f24b1f111ep+0,-0.86798643998031644,-0.81981992969498918,-0x1.bc68b7fa2c819p-1,-0x1.a3bf70154c497p-1,1.0993097056396248,2.0616309700712008,0x1.196c5c61e5c78p+0,0x1.07e3860c70333p+1,-0.86798643998031644,2.4610649331786534,-0x1.bc68b7fa2c819p-1,0x1.3b042cfcaad8dp+1,33,10,3,3,-6.5209122451980113e-10,7.7609721384920083e-10,-0x1.667dae5db6ddep-31,0x1.aaa9f8fc18fdap-31,-6.5207634184301525e-08,7.7608232469549495e-08,-0x1.18108d5039e27p-24,0x1.4d53276d4abc4p-24,0,0.0099999999989999998,0x0p+0,0x1.47ae147a548aep-7,78,78,3,100
flowstar_vdp_stock_reach_v1,stepwise,179,1.79,0x1.ca3d70a3d70a4p+0,0.01,0x1.47ae147ae147bp-7,2,1.3679323852672263,1.4254631176020238,0x1.5e30d119dcacap+0,0x1.6ceb269fc140cp+0,-0.87388791542089106,-0.83138894206505298,-0x1.bf6e3ca234661p-1,-0x1.a9abcfb8d9d37p-1,1.3679323852672263,1.4339975601084802,0x1.5e30d119dcacap+0,0x1.6f1a76cf35bp+0,-0.87388791542089106,-0.82551476517708855,-0x1.bf6e3ca234661p-1,-0x1.a6a9df0d99f75p-1,1.0993097056396248,2.0616309700712008,0x1.196c5c61e5c78p+0,0x1.07e3860c70333p+1,-0.87388791542089106,2.4610649331786534,-0x1.bf6e3ca234661p-1,0x1.3b042cfcaad8dp+1,33,10,3,3,-6.5284813634765593e-10,7.7734944453616283e-10,-0x1.66e834fd1a0a9p-31,0x1.ab5a35599974bp-31,-6.5283367538666299e-08,7.7733497739620423e-08,-0x1.1863d25b87b1fp-24,0x1.4ddce277450edp-24,0,0.0099999999989999998,0x0p+0,0x1.47ae147a548aep-7,79,79,3,100
flowstar_vdp_stock_reach_v1,stepwise,180,1.8,0x1.ccccccccccccdp+0,0.01,0x1.47ae147ae147bp-7,2,1.3593066672462966,1.4169773244547277,0x1.5bfb85910ebecp+0,0x1.6abf06a3b4e62p+0,-0.87985904243040758,-0.83719977632191167,-0x1.c27ce268a82e2p-1,-0x1.aca572f70ad1p-1,1.3593066672462966,1.4255708231778912,0x1.5bfb85910ebecp+0,0x1.6cf2359fae4bap+0,-0.87985904243040758,-0.83126241261914491,-0x1.c27ce268a82e2p-1,-0x1.a99b3a192fc31p-1,1.0993097056396248,2.0616309700712008,0x1.196c5c61e5c78p+0,0x1.07e3860c70333p+1,-0.87985904243040758,2.4610649331786534,-0x1.c27ce268a82e2p-1,0x1.3b042cfcaad8dp+1,33,10,3,3,-6.5383095764077961e-10,7.7887641966917157e-10,-0x1.677286db88b0bp-31,0x1.ac311c6d579a9p-31,-6.5381690718227873e-08,7.7886236331723509e-08,-0x1.18cfeddf4994bp-24,0x1.4e84d28ebbc32p-24,0,0.0099999999989999998,0x0p+0,0x1.47ae147a548aep-7,80,80,3,100
flowstar_vdp_stock_reach_v1,stepwise,181,1.8100000000000001,0x1.cf5c28f5c28f6p+0,0.01,0x1.47ae147ae147bp-7,2,1.3506183052397271,1.4084357204071234,0x1.59c21f0a6231ep+0,0x1.688f3e4daab31p+0,-0.88590156597341763,-0.84306700772290855,-0x1.c594e3daa97adp-1,-0x1.afa67a9503504p-1,1.3506183052397271,1.4170889161565383,0x1.59c21f0a6231ep+0,0x1.6ac656d66a9a6p+0,-0.88590156597341763,-0.83706466644887589,-0x1.c594e3daa97adp-1,-0x1.ac93bd6e11f4cp-1,1.0993097056396248,2.0616309700712008,0x1.196c5c61e5c78p+0,0x1.07e3860c70333p+1,-0.88590156597341763,2.4610649331786534,-0x1.c594e3daa97adp-1,0x1.3b042cfcaad8dp+1,33,10,3,3,-6.550353913906551e-10,7.8067421027290487e-10,-0x1.681c09281a509p-31,0x1.ad2e20a8ecbf7p-31,-6.5502174043294576e-08,7.8066055369532212e-08,-0x1.195466e9d03c6p-24,0x1.4f4a891df5ccdp-24,0,0.0099999999989999998,0x0p+0,0x1.47ae147a548aep-7,81,81,3,100
flowstar_vdp_stock_reach_v1,stepwise,182,1.8200000000000001,0x1.d1eb851eb851fp+0,0.01,0x1.47ae147ae147bp-7,2,1.341866650747547,1.3998376581266492,0x1.578492a48dc3cp+0,0x1.665bc2c15cf9dp+0,-0.89201725105103136,-0.84899245472737161,-0x1.c8b67c3176c8ep-1,-0x1.b2af239735ab3p-1,1.341866650747547,1.4085512096954369,0x1.578492a48dc3cp+0,0x1.6896cfe462157p+0,-0.89201725105103136,-0.84292332975512463,-0x1.c8b67c3176c8ep-1,-0x1.af93a58caad8ap-1,1.0993097056396248,2.0616309700712008,0x1.196c5c61e5c78p+0,0x1.07e3860c70333p+1,-0.89201725105103136,2.4610649331786534,-0x1.c8b67c3176c8ep-1,0x1.3b042cfcaad8dp+1,33,10,3,3,-6.564573301241436e-10,7.8273915733060442e-10,-0x1.68e427e60e2ccp-31,0x1.ae50be37dfd69p-31,-6.5644406787612864e-08,7.8272588972482672e-08,-0x1.19f0c9df2993ap-24,0x1.502d9f287a0c6p-24,0,0.0099999999989999998,0x0p+0,0x1.47ae147a548aep-7,82,82,3,100
flowstar_vdp_stock_reach_v1,stepwise,183,1.8300000000000001,0x1.d47ae147ae148p+0,0.01,0x1.47ae147ae147bp-7,2,1.333051035779296,1.391182473779474,0x1.5542d52a922d3p+0,0x1.642488dba6b64p+0,-0.89820790294357455,-0.85497792723847399,-0x1.cbe1e8004d83ap-1,-0x1.b5bfaab8950cdp-1,1.333051035779296,1.3999570581030445,0x1.5542d52a922d3p+0,0x1.666395f45b60fp+0,-0.89820790294357455,-0.84884019607249794,-0x1.cbe1e8004d83ap-1,-0x1.b29b2ea352be1p-1,1.0993097056396248,2.0616309700712008,0x1.196c5c61e5c78p+0,0x1.07e3860c70333p+1,-0.89820790294357455,2.4610649331786534,-0x1.cbe1e8004d83ap-1,0x1.3b042cfcaad8dp+1,33,10,3,3,-6.5809280747347531e-10,7.8506781865922095e-10,-0x1.69ca542e1b29cp-31,0x1.af987915a7f1ep-31,-6.5807992335356861e-08,7.8505492943273478e-08,-0x1.1aa4a71c26f7cp-24,0x1.512db3cc40fa2p-24,0,0.0099999999989999998,0x0p+0,0x1.47ae147a548aep-7,83,83,3,100
flowstar_vdp_stock_reach_v1,stepwise,184,1.8400000000000001,0x1.d70a3d70a3d71p+0,0.01,0x1.47ae147ae147bp-7,2,1.3241707723142808,1.3824694872423153,0x1.52fcdb1168ad9p+0,0x1.61e985336c734p+0,-0.90447534350649716,-0.86102525227770499,-0x1.cf176468cc2bcp-1,-0x1.b8d84d4720337p-1,1.3241707723142808,1.3913057995669629,0x1.52fcdb1168ad9p+0,0x1.642c9debe00f8p+0,-0.90447534350649716,-0.85481707507509264,-0x1.cf176468cc2bcp-1,-0x1.b5aa956b05119p-1,1.0993097056396248,2.0616309700712008,0x1.196c5c61e5c78p+0,0x1.07e3860c70333p+1,-0.90447534350649716,2.4610649331786534,-0x1.cf176468cc2bcp-1,0x1.3b042cfcaad8dp+1,33,10,3,3,-6.5993799725844333e-10,7.8765697052319804e-10,-0x1.6ace0425f8b24p-31,0x1.b104dd1c8eb28p-31,-6.5992548089345779e-08,7.8764444929229566e-08,-0x1.1b6f92efc021cp-24,0x1.524a6c4d5549bp-24,0,0.0099999999989999998,0x0p+0,0x1.47ae147a548aep-7,84,84,3,100
flowstar_vdp_stock_reach_v1,stepwise,185,1.8500000000000001,0x1.d99999999999ap+0,0.01,0x1.47ae147ae147bp-7,2,1.315225152520233,1.3736980015372673,0x1.50b29878f3759p+0,0x1.5faaac172ee1p+0,-0.91082137096009386,-0.86713631612754527,-0x1.d2572dc18b006p-1,-0x1.bbf94a8de229bp-1,1.315225152520233,1.3825967555984584,0x1.50b29878f3759p+0,0x1.61f1dc68d9e0ap+0,-0.91082137096009386,-0.86085583473859473,-0x1.d2572dc18b006p-1,-0x1.b8c218918bcc9p-1,1.0993097056396248,2.0616309700712008,0x1.196c5c61e5c78p+0,0x1.07e3860c70333p+1,-0.91082137096009386,2.4610649331786534,-0x1.d2572dc18b006p-1,0x1.3b042cfcaad8dp+1,33,10,3,3,-6.6198919294338926e-10,7.9050358644651065e-10,-0x1.6beeb242e4e4ep-31,0x1.b2957d42439fep-31,-6.6197703416708886e-08,7.9049142303493501e-08,-0x1.1c5125070b5b7p-24,0x1.5383737d26cabp-24,0,0.0099999999989999998,0x0p+0,0x1.47ae147a548aep-7,85,85,3,100
flowstar_vdp_stock_reach_v1,stepwise,186,1.8600000000000001,0x1.dc28f5c28f5c3p+0,0.01,0x1.47ae147ae147bp-7,2,1.3062134481484284,1.3648673030708625,0x1.4e64012964949p+0,0x1.5d67f18e11aeep+0,-0.9172478389961024,-0.87331298711886152,-0x1.d5a1823da13efp-1,-0x1.bf22e13db1f5fp-1,1.3062134481484284,1.3738292312810181,0x1.4e64012964949p+0,0x1.5fb345c2a40bp+0,-0.9172478389961024,-0.86695832414738327,-0x1.d5a1823da13efp-1,-0x1.bbe1f6226a7c2p-1,1.0993097056396248,2.0616309700712008,0x1.196c5c61e5c78p+0,0x1.07e3860c70333p+1,-0.9172478389961024,2.4610649331786534,-0x1.d5a1823da13efp-1,0x1.3b042cfcaad8dp+1,33,10,3,3,-6.6424279011928306e-10,7.9360481984062773e-10,-0x1.6d2bdca8118f3p-31,0x1.b449f2f7a1978p-31,-6.6423097897109912e-08,7.9359300427815913e-08,-0x1.1d48f7ef02f11p-24,0x1.54d8793d5c8c9p-24,0,0.0099999999989999998,0x0p+0,0x1.47ae147a548aep-7,86,86,3,100
flowstar_vdp_stock_reach_v1,stepwise,187,1.8700000000000001,0x1.deb851eb851ecp+0,0.01,0x1.47ae147ae147bp-7,2,1.2971349105329111,1.3559766612502762,0x1.4c1108933d1ep+0,0x1.5b214956358e9p+0,-0.92375662554344495,-0.87955714872006829,-0x1.d8f6a0e05846bp-1,-0x1.c25550896e707p-1,1.2971349105329111,1.3650025148958516,0x1.4c1108933d1ep+0,0x1.5d70ce086f78bp+0,-0.92375662554344495,-0.87312640660380869,-0x1.d8f6a0e05846bp-1,-0x1.bf0a6ca34653ap-1,1.0993097056396248,2.0616309700712008,0x1.196c5c61e5c78p+0,0x1.07e3860c70333p+1,-0.92375662554344495,2.4610649331786534,-0x1.d8f6a0e05846bp-1,0x1.3b042cfcaad8dp+1,33,10,3,3,-6.6669567261244889e-10,7.9695839096438058e-10,-0x1.6e85130fdda1ap-31,0x1.b621ec19c1f4fp-31,-6.6668419933583948e-08,7.9694691348524733e-08,-0x1.1e56b3f2b96b6p-24,0x1.56493d642b82bp-24,0,0.0099999999989999998,0x0p+0,0x1.47ae147a548aep-7,87,87,3,100
flowstar_vdp_stock_reach_v1,stepwise,188,1.8800000000000001,0x1.e147ae147ae15p+0,0.01,0x1.47ae147ae147bp-7,2,1.2879887685709703,1.347025330099926,0x1.49b9a1c6a0ac6p+0,0x1.58d6a6eba9ac6p+0,-0.93035000072342378,-0.88587033339683163,-0x1.dc56d5d5e1a1p-1,-0x1.c590cbdcdf3c8p-1,1.2879887685709703,1.3561158795475841,0x1.49b9a1c6a0ac6p+0,0x1.5b2a69083e3fp+0,-0.93035000072342378,-0.87936159350854748,-0x1.dc56d5d5e1a1p-1,-0x1.c23baecaf48f8p-1,1.0993097056396248,2.0616309700712008,0x1.196c5c61e5c78p+0,0x1.07e3860c70333p+1,-0.93035000072342378,2.4610649331786534,-0x1.dc56d5d5e1a1p-1,0x1.3b042cfcaad8dp+1,33,10,3,3,-6.6934413637170782e-10,8.0056151075620922e-10,-0x1.6ff9d006718a8p-31,0x1.b81d042c174ep-31,-6.6933299141261465e-08,8.0055036179761232e-08,-0x1.1f79f0d123e4cp-24,0x1.57d57171bb9d4p-24,0,0.0099999999989999998,0x0p+0,0x1.47ae147a548aep-7,88,88,3,100
flowstar_vdp_stock_reach_v1,stepwise,189,1.8900000000000001,0x1.e3d70a3d70a3ep+0,0.01,0x1.47ae147ae147bp-7,2,1.2787742340258432,1.3380125425378986,0x1.475dbf8a1bc33p+0,0x1.5687fd6fd68cap+0,-0.9370295283890181,-0.89225482284647639,-0x1.dfc25597a25fbp-1,-0x1.c8d59fc7a5d4ep-1,1.2787742340258432,1.3471685774495652,0x1.475dbf8a1bc33p+0,0x1.58e00a36583ffp+0,-0.9370295283890181,-0.8856661446163302,-0x1.dfc25597a25fbp-1,-0x1.c576086c9a641p-1,1.0993097056396248,2.0616309700712008,0x1.196c5c61e5c78p+0,0x1.07e3860c70333p+1,-0.9370295283890181,2.4610649331786534,-0x1.dfc25597a25fbp-1,0x1.3b042cfcaad8dp+1,33,10,3,3,-6.7218560425161609e-10,8.0441259666005109e-10,-0x1.7189b6b1d4a7ep-31,0x1.ba3b022a20c83p-31,-6.7217477825685317e-08,8.0440176686030064e-08,-0x1.20b266016aa9fp-24,0x1.597ce8dbfb2cap-24,0,0.0099999999989999998,0x0p+0,0x1.47ae147a548aep-7,89,89,3,100
flowstar_vdp_stock_reach_v1,stepwise,190,1.9000000000000001,0x1.e666666666667p+0,0.01,0x1.47ae147ae147bp-7,2,1.2694904958453992,1.3289375156188612,0x1.44fd54423d22ep+0,0x1.54353fc002bp+0,-0.94379716254060864,-0.89871255331332811,-0x1.e33961b656ca1p-1,-0x1.cc240d41f8867p-1,1.2694904958453992,1.3381598451754475,0x1.44fd54423d22ep+0,0x1.5691a4c3d9562p+0,-0.94379716254060864,-0.89204197337341185,-0x1.e33961b656ca1p-1,-0x1.c8b9b9bc98a17p-1,1.0993097056396248,2.0616309700712008,0x1.196c5c61e5c78p+0,0x1.07e3860c70333p+1,-0.94379716254060864,2.4610649331786534,-0x1.e33961b656ca1p-1,0x1.3b042cfcaad8dp+1,33,10,3,3,-6.7533685284109832e-10,8.0862950018318719e-10,-0x1.73453663f3bc8p-31,0x1.bc8c7c202a5bcp-31,-6.753263366570043e-08,8.0861898038047781e-08,-0x1.220cea7cfec1fp-24,0x1.5b4c98ddf6439p-24,0,0.0099999999989999998,0x0p+0,0x1.47ae147a548aep-7,90,90,3,100
flowstar_vdp_stock_reach_v1,stepwise,191,1.9100000000000001,0x1.e8f5c28f5c29p+0,0.01,0x1.47ae147ae147bp-7,2,1.2601367217610975,1.3197994484796074,0x1.429851f873db5p+0,0x1.51de606c7fae2p+0,-0.95065488583851854,-0.90524547876285488,-0x1.e6bc3cb8eb08bp-1,-0x1.cf7c55dc46d27p-1,1.2601367217610975,1.3290889016131722,0x1.429851f873db5p+0,0x1.543f2b95e7b7p+0,-0.95065488583851854,-0.89849101011480215,-0x1.e6bc3cb8eb08bp-1,-0x1.cc07038062db7p-1,1.0993097056396248,2.0616309700712008,0x1.196c5c61e5c78p+0,0x1.07e3860c70333p+1,-0.95065488583851854,2.4610649331786534,-0x1.e6bc3cb8eb08bp-1,0x1.3b042cfcaad8dp+1,33,10,3,3,-6.7868806882645534e-10,8.1310356403273653e-10,-0x1.751cdaabc2ca3p-31,0x1.bf02274391061p-31,-6.7867785349621528e-08,8.1309334526256671e-08,-0x1.237d6b4cf9ec4p-24,0x1.5d388f0ac97e2p-24,0,0.0099999999989999998,0x0p+0,0x1.47ae147a548aep-7,91,91,3,100
flowstar_vdp_stock_reach_v1,stepwise,192,1.9199999999999999,0x1.eb851eb851eb8p+0,0.01,0x1.47ae147ae147bp-7,2,1.2507120580741637,1.3105975220807418,0x1.402eaa5a2431ep+0,0x1.4f8351b78e304p+0,-0.95760470888752591,-0.91185557323743105,-0x1.ea4b2a1655c5cp-1,-0x1.d2debbd375cf9p-1,1.2507120580741637,1.3199549477148584,0x1.402eaa5a2431ep+0,0x1.51e89144a0f2fp+0,-0.95760470888752591,-0.90501520444422712,-0x1.ea4b2a1655c5cp-1,-0x1.cf5e2722f100dp-1,1.0993097056396248,2.0616309700712008,0x1.196c5c61e5c78p+0,0x1.07e3860c70333p+1,-0.95760470888752591,2.4610649331786534,-0x1.ea4b2a1655c5cp-1,0x1.3b042cfcaad8dp+1,33,10,3,3,-6.8222795705547188e-10,8.1782473120947863e-10,-0x1.770f0c95ddb23p-31,0x1.c19a993ce2c26p-31,-6.8221803381777351e-08,8.1781480470315246e-08,-0x1.2502aa849e946p-24,0x1.5f3fb04f8cfb3p-24,0,0.0099999999989999998,0x0p+0,0x1.47ae147a548aep-7,92,92,3,100
flowstar_vdp_stock_reach_v1,stepwise,193,1.9299999999999999,0x1.ee147ae147ae1p+0,0.01,0x1.47ae147ae147bp-7,2,1.2412156294260985,1.3013308989478714,0x1.3dc04eb7ab4d5p+0,0x1.4d24059441612p+0,-0.96464867090632223,-0.91854483177837853,-0x1.ede66e3b5854ap-1,-0x1.d64b8218cbc11p-1,1.2412156294260985,1.3107571662459478,0x1.3dc04eb7ab4d5p+0,0x1.4f8dc81a0623ap+0,-0.96464867090632223,-0.9116165261816489,-0x1.ede66e3b5854ap-1,-0x1.d2bf66bce2f98p-1,1.0993097056396248,2.0616309700712008,0x1.196c5c61e5c78p+0,0x1.07e3860c70333p+1,-0.96464867090632223,2.4610649331786534,-0x1.ede66e3b5854ap-1,0x1.3b042cfcaad8dp+1,33,10,3,3,-6.8595349921301424e-10,8.2279130403285105e-10,-0x1.791b5f6339581p-31,0x1.c45594e1c8acp-31,-6.8594385949450446e-08,8.2278166120991878e-08,-0x1.269c533006c55p-24,0x1.6161cce48818dp-24,0,0.0099999999989999998,0x0p+0,0x1.47ae147a548aep-7,93,93,3,100
flowstar_vdp_stock_reach_v1,stepwise,194,1.9399999999999999,0x1.f0a3d70a3d70ap+0,0.01,0x1.47ae147ae147bp-7,2,1.2316465385609638,1.2919987229053376,0x1.3b4d300359d76p+0,0x1.4ac06da55a293p+0,-0.97178884036773494,-0.92531527132580482,-0x1.f18e4e8ffe8f3p-1,-0x1.d9c2ec59aada8p-1,1.2316465385609638,1.3014947215266344,0x1.3b4d300359d76p+0,0x1.4d2ec210df9f2p+0,-0.97178884036773494,-0.91829696629002888,-0x1.f18e4e8ffe8f3p-1,-0x1.d62b051c769fep-1,1.0993097056396248,2.0616309700712008,0x1.196c5c61e5c78p+0,0x1.07e3860c70333p+1,-0.97178884036773494,2.4610649331786534,-0x1.f18e4e8ffe8f3p-1,0x1.3b042cfcaad8dp+1,33,10,3,3,-6.8986164218593406e-10,8.2800163546359294e-10,-0x1.7b416513d6223p-31,0x1.c732dedb0142cp-31,-6.898522776071646e-08,8.279922679377882e-08,-0x1.284a0f60988p-24,0x1.639eb66ef5df6p-24,0,0.0099999999989999998,0x0p+0,0x1.47ae147a548aep-7,94,94,3,100
flowstar_vdp_stock_reach_v1,stepwise,195,1.95,0x1.f333333333333p+0,0.01,0x1.47ae147ae147bp-7,2,1.2220038660798125,1.2826001188026901,0x1.38d53ed065fadp+0,0x1.48587b3c1a6fdp+0,-0.97902731560855982,-0.93216893159433445,-0x1.f543117cdbdeep-1,-0x1.dd453f071700cp-1,1.2220038660798125,1.2921667591657506,0x1.38d53ed065fadp+0,0x1.4acb70d3985f8p+0,-0.97902731560855982,-0.92505853777962044,-0x1.f543117cdbdeep-1,-0x1.d9a145cd4c505p-1,1.0993097056396248,2.0616309700712008,0x1.196c5c61e5c78p+0,0x1.07e3860c70333p+1,-0.97902731560855982,2.4610649331786534,-0x1.f543117cdbdeep-1,0x1.3b042cfcaad8dp+1,33,10,3,3,-6.9394928151275707e-10,8.3345411255844085e-10,-0x1.7d80adce19a87p-31,0x1.ca323d0bc5ec4p-31,-6.9394018388815577e-08,8.3344501213769503e-08,-0x1.2a0b87b5b8c68p-24,0x1.65f63f89c1619p-24,0,0.0099999999989999998,0x0p+0,0x1.47ae147a548aep-7,95,95,3,100
flowstar_vdp_stock_reach_v1,stepwise,196,1.96,0x1.f5c28f5c28f5cp+0,0.01,0x1.47ae147ae147bp-7,2,1.2122866701876078,1.2731341922340784,0x1.36586b51d51fap+0,0x1.45ec1f5710931p+0,-0.98636622540669872,-0.93910787592365252,-0x1.f904fe7000606p-1,-0x1.e0d2bf5d04277p-1,1.2122866701876078,1.282772405787284,0x1.36586b51d51fap+0,0x1.4863c5bb114ffp+0,-0.98636622540669872,-0.93190327658889693,-0x1.f904fe7000606p-1,-0x1.dd226d1ff8179p-1,1.0993097056396248,2.0616309700712008,0x1.196c5c61e5c78p+0,0x1.07e3860c70333p+1,-0.98636622540669872,2.4610649331786534,-0x1.f904fe7000606p-1,0x1.3b042cfcaad8dp+1,33,10,3,3,-6.982132444066166e-10,8.3914714079088364e-10,-0x1.7fd8c74238bd3p-31,0x1.cd5376012d61dp-31,-6.9820440573866589e-08,8.3913829947143501e-08,-0x1.2be062e26bc37p-24,0x1.68683b547fbd9p-24,0,0.0099999999989999998,0x0p+0,0x1.47ae147a548aep-7,96,96,3,100
flowstar_vdp_stock_reach_v1,stepwise,197,1.97,0x1.f851eb851eb85p+0,0.01,0x1.47ae147ae147bp-7,2,1.2024939864330504,1.2636000292507663,0x1.33d6a5595ddacp+0,0x1.437b4aa0db4fbp+0,-0.99380772952305307,-0.94613419210259075,-0x1.fcd45de1a0869p-1,-0x1.e46bb3696a802p-1,1.2024939864330504,1.2733107687496976,0x1.33d6a5595ddacp+0,0x1.45f7b1cd6cb0ap+0,-0.99380772952305307,-0.93883324244105504,-0x1.fcd45de1a0869p-1,-0x1.e0aec0315d2b4p-1,1.0993097056396248,2.0616309700712008,0x1.196c5c61e5c78p+0,0x1.07e3860c70333p+1,-0.99380772952305307,2.4610649331786534,-0x1.fcd45de1a0869p-1,0x1.3b042cfcaad8dp+1,33,10,3,3,-7.0265026550580698e-10,8.4507912103840061e-10,-0x1.82493bca8e0a4p-31,0x1.d096501dea577p-31,-7.0264167798307705e-08,8.4507053100287031e-08,-0x1.2dc844fe9f90fp-24,0x1.6af47ccda460dp-24,0,0.0099999999989999998,0x0p+0,0x1.47ae147a548aep-7,97,97,3,100
flowstar_vdp_stock_reach_v1,stepwise,198,1.98,0x1.fae147ae147aep+0,0.01,0x1.47ae147ae147bp-7,2,1.1926248274417133,1.2539966960669906,0x1.314fdc5642826p+0,0x1.4105ed6ee657cp+0,-1.0013540192053816,-0.95324999316535286,-0x1.0058bcac348c9p+0,-0x1.e81062131d656p-1,1.1926248274417133,1.2637809358582641,0x1.314fdc5642826p+0,0x1.438725bcd1cbfp+0,-1.0013540192053816,-0.94585051967490141,-0x1.0058bcac348c9p+0,-0x1.e44684f1d10d8p-1,1.0993097056396248,2.0616309700712008,0x1.196c5c61e5c78p+0,0x1.07e3860c70333p+1,-1.0013540192053816,2.4610649331786534,-0x1.0058bcac348c9p+0,0x1.3b042cfcaad8dp+1,33,10,3,3,-7.0725696415356285e-10,8.5124842820851463e-10,-0x1.84d1919a0b763p-31,0x1.d3fa90d527adbp-31,-7.0724862014893601e-08,8.5124008182414849e-08,-0x1.2fc2cee3752a1p-24,0x1.6d9ad6387d5d5p-24,0,0.0099999999989999998,0x0p+0,0x1.47ae147a548aep-7,98,98,3,100
flowstar_vdp_stock_reach_v1,stepwise,199,1.99,0x1.fd70a3d70a3d7p+0,0.01,0x1.47ae147ae147bp-7,2,1.1826781826429416,1.2443232387594083,0x1.2ec3ff5424e6fp+0,0x1.3e8bf7c01fdc8p+0,-1.0090073176510741,-0.96045741815824615,-0x1.024e4db6bc6d9p+0,-0x1.ebc11320616a4p-1,1.1826781826429416,1.2541819750706233,0x1.2ec3ff5424e6fp+0,0x1.411211e629384p+0,-1.0090073176510741,-0.95295721804872435,-0x1.024e4db6bc6d9p+0,-0x1.e7ea022c03487p-1,1.0993097056396248,2.0616309700712008,0x1.196c5c61e5c78p+0,0x1.07e3860c70333p+1,-1.0090073176510741,2.4610649331786534,-0x1.024e4db6bc6d9p+0,0x1.3b042cfcaad8dp+1,33,10,3,3,-7.1202982077950812e-10,8.5765338886087959e-10,-0x1.877149e2626a3p-31,0x1.d77ffbdc22179p-31,-7.1202171284829668e-08,8.5764527867754145e-08,-0x1.31cf9d810faf2p-24,0x1.705b187bf2fddp-24,0,0.0099999999989999998,0x0p+0,0x1.47ae147a548aep-7,99,99,3,100
flowstar_vdp_stock_reach_v1,stepwise,200,2,0x1p+1,0.01,0x1.47ae147ae147bp-7,2,1.1726530179909709,1.2345786829603755,0x1.2c32fcf9d3b1p+0,0x1.3c0d593ba7501p+0,-1.016769880425537,-0.96775863287514419,-0x1.044b07e7fc4a8p+0,-0x1.ef7e0f3d3da7p-1,1.1726530179909709,1.244512934195795,0x1.2c32fcf9d3b1p+0,0x1.3e98664fd1e79p+0,-1.016769880425537,-0.96015547351560926,-0x1.044b07e7fc4a8p+0,-0x1.eb997f8ba65ep-1,1.0993097056396248,2.0616309700712008,0x1.196c5c61e5c78p+0,0x1.07e3860c70333p+1,-1.016769880425537,2.4610649331786534,-0x1.044b07e7fc4a8p+0,0x1.3b042cfcaad8dp+1,33,10,3,3,-7.1696515197229612e-10,8.6429225782872809e-10,-0x1.8a27dfee19c1ap-31,0x1.db265252870ecp-31,-7.169572728504874e-08,8.6428437657716407e-08,-0x1.33ee492af5c4ep-24,0x1.7335127a1274ap-24,0,0.0099999999989999998,0x0p+0,0x1.47ae147a548aep-7,0,0,3,100
flowstar_vdp_stock_reach_v1,stepwise,201,2.0100000000000002,0x1.0147ae147ae15p+1,0.01,0x1.47ae147ae147bp-7,2,1.1625444118645252,1.2247658043732306,0x1.299c82b51b0e8p+0,0x1.398a40730acafp+0,-1.0246484481531644,-0.97515509376386977,-0x1.064f5c56b709cp+0,-0x1.f34787487cbdap-1,1.1625444118645252,1.2347766114147736,0x1.299c82b51b0e8p+0,0x1.3c1a51ebe4642p+0,-1.0246484481531644,-0.96744671217265432,-0x1.064f5c56b709cp+0,-0x1.ef552ceacefd3p-1,1.0993097056396248,2.0616309700712008,0x1.196c5c61e5c78p+0,0x1.07e3860c70333p+1,-1.0246484481531644,2.4610649331786534,-0x1.064f5c56b709cp+0,0x1.3b042cfcaad8dp+1,33,10,3,3,-7.222113433033128e-10,8.7133893156409494e-10,-0x1.8d0a35e485e9ep-31,0x1.df060d8002dd6p-31,-7.2220368576478295e-08,8.713312720127692e-08,-0x1.362f229027454p-24,0x1.763be2f31fef8p-24,0,0.0099999999989999998,0x0p+0,0x1.47ae147a548aep-7,1,1,3,100
flowstar_vdp_stock_reach_v1,stepwise,202,2.02,0x1.028f5c28f5c29p+1,0.01,0x1.47ae147ae147bp-7,2,1.1523589655450157,1.214876052569593,0x1.2700ff4644aafp+0,0x1.37021df27adfep+0,-1.0326364765243905,-0.98265044028597814,-0x1.085add375434bp+0,-0x1.f71df560db472p-1,1.1523589655450157,1.2249644790827019,0x1.2700ff4644aafp+0,0x1.399745a86c006p+0,-1.0326364765243905,-0.97483454266682812,-0x1.085add375434bp+0,-0x1.f31d835f87c0ep-1,1.0993097056396248,2.0616309700712008,0x1.196c5c61e5c78p+0,0x1.07e3860c70333p+1,-1.0326364765243905,2.4610649331786534,-0x1.085add375434bp+0,0x1.3b042cfcaad8dp+1,33,10,3,3,-7.2746158345518356e-10,8.7844214294150217e-10,-0x1.8fed1dbaba04ep-31,0x1.e2edbda933916p-31,-7.2745414073637326e-08,8.7843469832251781e-08,-0x1.38706dbb706abp-24,0x1.7948eaa00e2cap-24,0,0.0099999999989999998,0x0p+0,0x1.47ae147a548aep-7,2,2,3,100
flowstar_vdp_stock_reach_v1,stepwise,203,2.0300000000000002,0x1.03d70a3d70a3ep+1,0.01,0x1.47ae147ae147bp-7,2,1.142091753114828,1.2049121539154153,0x1.24602008a8d48p+0,0x1.34751f779e9fep+0,-1.0407407352483768,-0.99024624103835146,-0x1.0a6dfc1d81bbep+0,-0x1.fb018e287e494p-1,1.142091753114828,1.2150792866593167,0x1.24602008a8d48p+0,0x1.370f6fa63fafbp+0,-1.0407407352483768,-0.98232050236617641,-0x1.0a6dfc1d81bbep+0,-0x1.f6f2b67fb4bedp-1,1.0993097056396248,2.0616309700712008,0x1.196c5c61e5c78p+0,0x1.07e3860c70333p+1,-1.0407407352483768,2.4610649331786534,-0x1.0a6dfc1d81bbep+0,0x1.3b042cfcaad8dp+1,33,10,3,3,-7.3286202680906014e-10,8.8577337642789869e-10,-0x1.92e52934f182bp-31,0x1.e6f5852f22b17p-31,-7.3285479217725625e-08,8.8576614000399193e-08,-0x1.3ac23c8e588b7p-24,0x1.7c6f045ce51f5p-24,0,0.0099999999989999998,0x0p+0,0x1.47ae147a548aep-7,3,3,3,100
flowstar_vdp_stock_reach_v1,stepwise,204,2.04,0x1.051eb851eb852p+1,0.01,0x1.47ae147ae147bp-7,2,1.131741643726915,1.194873049086264,0x1.21b9d2035410fp+0,0x1.31e3333cb282bp+0,-1.0489636127639563,-0.99794477520281866,-0x1.0c88e11b83e43p+0,-0x1.fef29e196b9c7p-1,1.131741643726915,1.2051199982281064,0x1.21b9d2035410fp+0,0x1.3482be8425321p+0,-1.0489636127639563,-0.98990683886289221,-0x1.0c88e11b83e43p+0,-0x1.fad511b601776p-1,1.0993097056396248,2.0616309700712008,0x1.196c5c61e5c78p+0,0x1.07e3860c70333p+1,-1.0489636127639563,2.4610649331786534,-0x1.0c88e11b83e43p+0,0x1.3b042cfcaad8dp+1,33,10,3,3,-7.3840806352266287e-10,8.9333033829384137e-10,-0x1.95f1b23ce20d3p-31,0x1.eb1d116de4b81p-31,-7.3840103041906076e-08,8.9332330350173824e-08,-0x1.3d240d48b6623p-24,0x1.7fadef9ad5bbap-24,0,0.0099999999989999998,0x0p+0,0x1.47ae147a548aep-7,4,4,3,100
flowstar_vdp_stock_reach_v1,stepwise,205,2.0499999999999998,0x1.0666666666666p+1,0.01,0x1.47ae147ae147bp-7,2,1.1213074815971973,1.1847576566982274,0x1.1f0e01d238577p+0,0x1.2f4c471d3458fp+0,-1.0573075305712256,-1.0057483524351187,-0x1.0eabb4d19e30fp+0,-0x1.0178b959b6f7bp+0,1.1213074815971973,1.1950855561305436,0x1.1f0e01d238577p+0,0x1.31f1208380ae2p+0,-1.0573075305712256,-0.99759582991989559,-0x1.0eabb4d19e30fp+0,-0x1.fec4e170438c5p-1,1.0993097056396248,2.0616309700712008,0x1.196c5c61e5c78p+0,0x1.07e3860c70333p+1,-1.0573075305712256,2.4610649331786534,-0x1.0eabb4d19e30fp+0,0x1.3b042cfcaad8dp+1,33,10,3,3,-7.4409477734346992e-10,9.0111052452160905e-10,-0x1.991207b21e93bp-31,0x1.ef64082dfcf75p-31,-7.4408793938142198e-08,9.0110368497056724e-08,-0x1.3f95558a724ccp-24,0x1.830565dfc4dd7p-24,0,0.0099999999989999998,0x0p+0,0x1.47ae147a548aep-7,5,5,3,100
flowstar_vdp_stock_reach_v1,stepwise,206,2.0600000000000001,0x1.07ae147ae147bp+1,0.01,0x1.47ae147ae147bp-7,2,1.1107880857030714,1.1745648729709546,0x1.1c5c9ba4e1923p+0,0x1.2cb0489470ce1p+0,-1.0657749442623741,-1.013659312396497,-0x1.10d6a07280cc7p+0,-0x1.037f2d3c075f9p+0,1.1107880857030714,1.1849748806318485,0x1.1c5c9ba4e1923p+0,0x1.2f5a8386e531fp+0,-1.0657749442623741,-1.0053897830645477,-0x1.10d6a07280cc7p+0,-0x1.0161398dfea91p+0,1.0993097056396248,2.0616309700712008,0x1.196c5c61e5c78p+0,0x1.07e3860c70333p+1,-1.0657749442623741,2.4610649331786534,-0x1.10d6a07280cc7p+0,0x1.3b042cfcaad8dp+1,33,10,3,3,-7.4991691255825035e-10,9.0911118803016915e-10,-0x1.9c456c3941158p-31,0x1.f3ca067611bccp-31,-7.499102635219773e-08,9.0910453750031899e-08,-0x1.421581655fccep-24,0x1.867519da1fa5bp-24,0,0.0099999999989999998,0x0p+0,0x1.47ae147a548aep-7,6,6,3,100
flowstar_vdp_stock_reach_v1,stepwise,207,2.0699999999999998,0x1.08f5c28f5c28fp+1,0.01,0x1.47ae147ae147bp-7,2,1.1001822494805515,1.1642935713870395,0x1.19a58b3d289f6p+0,0x1.2a0f24bc0ce57p+0,-1.0743683431401458,-1.0216800255705556,-0x1.1309cdc1a506ap+0,-0x1.058cd278cd4e9p+0,1.1001822494805515,1.1747868695824542,0x1.19a58b3d289f6p+0,0x1.2cbed510a079cp+0,-1.0743683431401458,-1.0132910364725032,-0x1.1309cdc1a506ap+0,-0x1.03670a96fab65p+0,1.0993097056396248,2.0616309700712008,0x1.196c5c61e5c78p+0,0x1.07e3860c70333p+1,-1.0743683431401458,2.4610649331786534,-0x1.1309cdc1a506ap+0,0x1.3b042cfcaad8dp+1,33,10,3,3,-7.5586883922609395e-10,9.1732930381919924e-10,-0x1.9f8b14fb3f72p-31,0x1.f84e9f496ef75p-31,-7.5586237306918761e-08,9.1732283626020291e-08,-0x1.44a3f262b7685p-24,0x1.89fcb665b2223p-24,0,0.0099999999989999998,0x0p+0,0x1.47ae147a548aep-7,7,7,3,100
flowstar_vdp_stock_reach_v1,stepwise,208,2.0800000000000001,0x1.0a3d70a3d70a4p+1,0.01,0x1.47ae147ae147bp-7,2,1.0894887405208786,1.1539426023482569,0x1.16e8bbede5bc4p+0,0x1.2768c84a8c016p+0,-1.0830902501231565,-1.0298128936561641,-0x1.15456712e53a1p+0,-0x1.07a1d15b409a1p+0,1.0894887405208786,1.1645203980756247,0x1.16e8bbede5bc4p+0,0x1.2a1e0241427c5p+0,-1.0830902501231565,-1.0213019594328601,-0x1.15456712e53a1p+0,-0x1.05740b931ad7ap+0,1.0894887405208786,2.0616309700712008,0x1.16e8bbede5bc4p+0,0x1.07e3860c70333p+1,-1.0830902501231565,2.4610649331786534,-0x1.15456712e53a1p+0,0x1.3b042cfcaad8dp+1,33,10,3,3,-7.619445167146019e-10,9.257615318062348e-10,-0x1.a2e2285519ac5p-31,0x1.fcf15a5141e98p-31,-7.6193822755864373e-08,9.257552413360055e-08,-0x1.473ffe7c57046p-24,0x1.8d9bdd7fde0d3p-24,0,0.0099999999989999998,0x0p+0,0x1.47ae147a548aep-7,8,8,3,100
flowstar_vdp_stock_reach_v1,stepwise,209,2.0899999999999999,0x1.0b851eb851eb8p+1,0.01,0x1.47ae147ae147bp-7,2,1.0787063002674873,1.1435107928291732,0x1.14261899a354ep+0,0x1.24bd1f91d3075p+0,-1.0919432215616742,-1.038060349902,-0x1.17899749b23efp+0,-0x1.09be52b61a78ep+0,1.0787063002674873,1.1541743181017015,0x1.14261899a354ep+0,0x1.2777f7d62141bp+0,-1.0919432215616742,-1.0294249527606198,-0x1.17899749b23efp+0,-0x1.078864c9cb0fap+0,1.0787063002674873,2.0616309700712008,0x1.14261899a354ep+0,0x1.07e3860c70333p+1,-1.0919432215616742,2.4610649331786534,-0x1.17899749b23efp+0,0x1.3b042cfcaad8dp+1,33,10,3,3,-7.681374551436263e-10,9.3440417741124067e-10,-0x1.a649bc743b85fp-31,0x1.00d8d938870e6p-30,-7.681313372769881e-08,9.3439805831462128e-08,-0x1.49e8ef06ee7ccp-24,0x1.9152272b96186p-24,0,0.0099999999989999998,0x0p+0,0x1.47ae147a548aep-7,9,9,3,100
flowstar_vdp_stock_reach_v1,stepwise,210,2.1000000000000001,0x1.0cccccccccccdp+1,0.01,0x1.47ae147ae147bp-7,2,1.0678336437142724,1.1329969460287308,0x1.115d8bb15241cp+0,0x1.220c167da9496p+0,-1.1009298469567925,-1.0464248593782206,-0x1.19d689d7dea54p+0,-0x1.0be27fe4c0382p+0,1.0678336437142724,1.1437474581995097,0x1.115d8bb15241cp+0,0x1.24cca227d99bp+0,-1.1009298469567925,-1.0376624491523656,-0x1.19d689d7dea54p+0,-0x1.09a43f0b658c6p+0,1.0678336437142724,2.0616309700712008,0x1.115d8bb15241cp+0,0x1.07e3860c70333p+1,-1.1009298469567925,2.4610649331786534,-0x1.19d689d7dea54p+0,0x1.3b042cfcaad8dp+1,33,10,3,3,-7.7444067481465134e-10,9.4325314947800767e-10,-0x1.a9c0d5e049d47p-31,0x1.03478a21490b3p-30,-7.7443472269145148e-08,9.4324719620555057e-08,-0x1.4c9dff8da857ep-24,0x1.951f204228cap-24,0,0.0099999999989999998,0x0p+0,0x1.47ae147a548aep-7,10,10,3,100
flowstar_vdp_stock_reach_v1,stepwise,211,2.1099999999999999,0x1.0e147ae147ae1p+1,0.01,0x1.47ae147ae147bp-7,2,1.0568694591062002,1.1223998410204115,0x1.0e8eff3300995p+0,0x1.1f55989237e05p+0,-1.1100527485753473,-1.0549089191803904,-0x1.1c2c6abbf74d9p+0,-0x1.0e0e82cc2373bp+0,1.0568694591062002,1.1332386231054763,0x1.0e8eff3300995p+0,0x1.221bed28cd55dp+0,-1.1100527485753473,-1.0460169134807542,-0x1.1c2c6abbf74d9p+0,-0x1.0bc7c3b276739p+0,1.0568694591062002,2.0616309700712008,0x1.0e8eff3300995p+0,0x1.07e3860c70333p+1,-1.1100527485753473,2.4610649331786534,-0x1.1c2c6abbf74d9p+0,0x1.3b042cfcaad8dp+1,33,10,3,3,-7.8084666358578955e-10,9.5230391552504201e-10,-0x1.ad4665f1fd0fap-31,0x1.05c46e3c853fp-30,-7.8084087182464725e-08,9.5229812269208808e-08,-0x1.4f5e5c9f0426bp-24,0x1.99024930cd803p-24,0,0.0099999999989999998,0x0p+0,0x1.47ae147a548aep-7,11,11,3,100
flowstar_vdp_stock_reach_v1,stepwise,212,2.1200000000000001,0x1.0f5c28f5c28f6p+1,0.01,0x1.47ae147ae147bp-7,2,1.0458124076433568,1.1117182324016814,0x1.0bba5ca89448fp+0,0x1.1c9990ea883afp+0,-1.1193145809524492,-1.063515058560377,-0x1.1e8b667f20705p+0,-0x1.104285db52021p+0,1.0458124076433568,1.122646593401083,0x1.0bba5ca89448fp+0,0x1.1f65c4639f9b2p+0,-1.1193145809524492,-1.0544908430230122,-0x1.1e8b667f20705p+0,-0x1.0df31ca4b71e6p+0,1.0458124076433568,2.0616309700712008,0x1.0bba5ca89448fp+0,0x1.07e3860c70333p+1,-1.1193145809524492,2.4610649331786534,-0x1.1e8b667f20705p+0,0x1.3b042cfcaad8dp+1,33,10,3,3,-7.8734760732893317e-10,9.6155172897399733e-10,-0x1.b0d95320b8e1ep-31,0x1.084f3008810a6p-30,-7.8734197071213748e-08,9.6154609135963519e-08,-0x1.52292a4975b13p-24,0x1.9cfb1c5dfeb18p-24,0,0.0099999999989999998,0x0p+0,0x1.47ae147a548aep-7,12,12,3,100
flowstar_vdp_stock_reach_v1,stepwise,213,2.1299999999999999,0x1.10a3d70a3d70ap+1,0.01,0x1.47ae147ae147bp-7,2,1.0346611231896177,1.1009508499434417,0x1.08df8d268ac2dp+0,0x1.19d7ea3702af3p+0,-1.1287180302727875,-1.0722458389786571,-0x1.20f3aa326d5a6p+0,-0x1.127eb40baf775p+0,1.0346611231896177,1.1119701251593179,0x1.08df8d268ac2dp+0,0x1.1caa12f9b0344p+0,-1.1287180302727875,-1.0630867676183937,-0x1.20f3aa326d5a6p+0,-0x1.10267453bb39fp+0,1.0346611231896177,2.0616309700712008,0x1.08df8d268ac2dp+0,0x1.07e3860c70333p+1,-1.1287180302727875,2.4610649331786534,-0x1.20f3aa326d5a6p+0,0x1.3b042cfcaad8dp+1,33,10,3,3,-7.9393454608282631e-10,9.7099078186009132e-10,-0x1.b4785a9b6eeebp-31,0x1.0ae766e4b9df2p-30,-7.9392905955543467e-08,9.7098529440624872e-08,-0x1.54fd6c5ad6005p-24,0x1.a108f6501cc26p-24,0,0.0099999999989999998,0x0p+0,0x1.47ae147a548aep-7,13,13,3,100
flowstar_vdp_stock_reach_v1,stepwise,214,2.1400000000000001,0x1.11eb851eb851fp+1,0.01,0x1.47ae147ae147bp-7,2,1.0234142119872194,1.0900963982403005,0x1.05fe794abf28fp+0,0x1.17108ebbedf29p+0,-1.1382658136215049,-1.0811038540717719,-0x1.2365636ba8c1p+0,-0x1.14c338e0d15c7p+0,1.0234142119872194,1.1012079495908527,0x1.05fe794abf28fp+0,0x1.19e8c3a196828p+0,-1.1382658136215049,-1.0718072497488778,-0x1.2365636ba8c1p+0,-0x1.1261f5bd4981ap+0,1.0234142119872194,2.0616309700712008,0x1.05fe794abf28fp+0,0x1.07e3860c70333p+1,-1.1382658136215049,2.4610649331786534,-0x1.2365636ba8c1p+0,0x1.3b042cfcaad8dp+1,33,10,3,3,-8.0059807140159136e-10,9.8061489756124563e-10,-0x1.b8222968867a2p-31,0x1.0d8ca38c8b782p-30,-8.0059273007078575e-08,9.8060955537197761e-08,-0x1.57da1a0150d26p-24,0x1.a52b292d12194p-24,0,0.0099999999989999998,0x0p+0,0x1.47ae147a548aep-7,14,14,3,100
flowstar_vdp_stock_reach_v1,stepwise,215,2.1499999999999999,0x1.1333333333333p+1,0.01,0x1.47ae147ae147bp-7,2,1.0120702523785956,1.0791535563625143,0x1.0317093b3874fp+0,0x1.1443684ff0685p+0,-1.1479606780945781,-1.0900917295284496,-0x1.25e0c041829c4p+0,-0x1.17104067f6fb1p+0,1.0120702523785956,1.0903587726907156,0x1.0317093b3874fp+0,0x1.1721c0a59d02ap+0,-1.1479606780945781,-1.0806548845371928,-0x1.25e0c041829c4p+0,-0x1.14a5cc6b5993p+0,1.0120702523785956,2.0616309700712008,0x1.0317093b3874fp+0,0x1.07e3860c70333p+1,-1.1479606780945781,2.4610649331786534,-0x1.25e0c041829c4p+0,0x1.3b042cfcaad8dp+1,33,10,3,3,-8.0732806870896041e-10,9.904172666274641e-10,-0x1.bbd5531d7f89dp-31,0x1.103e6b54ea39fp-30,-8.073228678432374e-08,9.9041206496838265e-08,-0x1.5abe168adbbe7p-24,0x1.a960f54ac6986p-24,0,0.0099999999989999998,0x0p+0,0x1.47ae147a548aep-7,15,15,3,100
flowstar_vdp_stock_reach_v1,stepwise,216,2.1600000000000001,0x1.147ae147ae148p+1,0.01,0x1.47ae147ae147bp-7,2,1.0006277945369508,1.0681209775105496,0x1.002924a5013b5p+0,0x1.1170605a94511p+0,-1.1578053997580511,-1.0992121228673106,-0x1.2865ef4717d13p+0,-0x1.1965f73714f3p+0,1.0006277945369508,1.0794212748863194,0x1.002924a5013b5p+0,0x1.1454f3e23e4d6p+0,-1.1578053997580511,-1.0896322996556986,-0x1.2865ef4717d13p+0,-0x1.16f22473afbe5p+0,1.0006277945369508,2.0616309700712008,0x1.002924a5013b5p+0,0x1.07e3860c70333p+1,-1.1578053997580511,2.4610649331786534,-0x1.2865ef4717d13p+0,0x1.3b042cfcaad8dp+1,33,10,3,3,-8.1411364177952159e-10,1.0003903649815489e-09,-0x1.bf904f2669476p-31,0x1.12fc36b327a64p-30,-8.1410857680829649e-08,1.0003852992791366e-07,-0x1.5da82f450b74cp-24,0x1.ada986e1b25b6p-24,0,0.0099999999989999998,0x0p+0,0x1.47ae147a548aep-7,16,16,3,100
flowstar_vdp_stock_reach_v1,stepwise,217,2.1699999999999999,0x1.15c28f5c28f5cp+1,0.01,0x1.47ae147ae147bp-7,2,0.98908536020713966,1.0569972886732739,0x1.fa6965761586ep-1,0x1.0e975fd2cff85p+0,-1.1678027824447652,-1.1084677231085998,-0x1.2af51f86c72f9p+0,-0x1.1bc48a6b6c4bp+0,0.98908536020713966,1.0683941106877588,0x1.fa6965761586ep-1,0x1.118246c4a496fp+0,-1.1678027824447652,-1.0987421551391889,-0x1.2af51f86c72f9p+0,-0x1.19472a770f333p+0,0.98908536020713966,2.0616309700712008,0x1.fa6965761586ep-1,0x1.07e3860c70333p+1,-1.1678027824447652,2.4610649331786534,-0x1.2af51f86c72f9p+0,0x1.3b042cfcaad8dp+1,33,10,3,3,-8.2094305543434522e-10,1.010525887428039e-09,-0x1.c35176b557dfep-31,0x1.15c5700a4f91ap-30,-8.2093812194747354e-08,1.0105209532692986e-07,-0x1.609719e027ae4p-24,0x1.b203f42dbff9ep-24,0,0.0099999999989999998,0x0p+0,0x1.47ae147a548aep-7,17,17,3,100
flowstar_vdp_stock_reach_v1,stepwise,218,2.1800000000000002,0x1.170a3d70a3d71p+1,0.01,0x1.47ae147ae147bp-7,2,0.9774414424585498,1.0457810902908635,0x1.f473346a3aa4ap-1,0x1.0bb84f3d93114p+0,-1.1779556563764673,-1.1178612503317886,-0x1.2d8e807c466fap+0,-0x1.1e2c27a7a405p+0,0.9774414424585498,1.0572759083413599,0x1.f473346a3aa4ap-1,0x1.0ea9a2492cc1fp+0,-1.1779556563764673,-1.1079871430941466,-0x1.2d8e807c466fap+0,-0x1.1ba50b9ffa533p+0,0.9774414424585498,2.0616309700712008,0x1.f473346a3aa4ap-1,0x1.07e3860c70333p+1,-1.1779556563764673,2.4610649331786534,-0x1.2d8e807c466fap+0,0x1.3b042cfcaad8dp+1,33,10,3,3,-8.2780367493179721e-10,1.0208146771278617e-09,-0x1.c71702935f1e8p-31,0x1.18997265ea80dp-30,-8.2779886867929463e-08,1.020809870259968e-07,-0x1.638972ba6f533p-24,0x1.b66f3b721c3a6p-24,0,0.0099999999989999998,0x0p+0,0x1.47ae147a548aep-7,18,18,3,100
flowstar_vdp_stock_reach_v1,stepwise,219,2.1899999999999999,0x1.1851eb851eb85p+1,0.01,0x1.47ae147ae147bp-7,2,0.96569450545180602,1.0344709559238605,0x1.ee6f829daf4f2p-1,0x1.08d316ac5ad6bp+0,-1.1882668765984117,-1.127395455085489,-0x1.3032420de905ep+0,-0x1.209cfd11404f7p+0,0.96569450545180602,1.0460652694878085,0x1.ee6f829daf4f2p-1,0x1.0bcaeef9ee7bp+0,-1.1882668765984117,-1.1173699872715916,-0x1.3032420de905ep+0,-0x1.1e0bf5a0dd094p+0,0.96569450545180602,2.0616309700712008,0x1.ee6f829daf4f2p-1,0x1.07e3860c70333p+1,-1.1882668765984117,2.4610649331786534,-0x1.3032420de905ep+0,0x1.3b042cfcaad8dp+1,33,10,3,3,-8.3468217652907286e-10,1.0314953432994929e-09,-0x1.cadf12b6a8cap-31,0x1.1b89082cc4693p-30,-8.3467748181409472e-08,1.0314906362403109e-07,-0x1.667dc279b74bep-24,0x1.bb0598480348fp-24,0,0.0099999999989999998,0x0p+0,0x1.47ae147a548aep-7,19,19,3,100
flowstar_vdp_stock_reach_v1,stepwise,220,2.2000000000000002,0x1.199999999999ap+1,0.01,0x1.47ae147ae147bp-7,2,0.95384298355911445,1.0230654325909154,0x1.e85e1b87cf98cp-1,0x1.05e79dbea5652p+0,-1.19873945354613,-1.1370729854167614,-0x1.32e096bd67d17p+0,-0x1.2317371587b3p+0,0.95384298355911445,1.0347607694872747,0x1.e85e1b87cf98cp-1,0x1.08e614f021b32p+0,-1.19873945354613,-1.126893310271349,-0x1.32e096bd67d17p+0,-0x1.207c1479b256p+0,0.95384298355911445,2.0616309700712008,0x1.e85e1b87cf98cp-1,0x1.07e3860c70333p+1,-1.19873945354613,2.4610649331786534,-0x1.32e096bd67d17p+0,0x1.3b042cfcaad8dp+1,33,10,3,3,-8.4244463743758226e-10,1.0430849425283594e-09,-0x1.cf238ad78a412p-31,0x1.1eb893d57d7bdp-30,-8.4243984626502855e-08,1.0430801512396683e-07,-0x1.69d33d9c5a9ecp-24,0x1.bfffe020b471p-24,0,0.0099999999989999998,0x0p+0,0x1.47ae147a548aep-7,20,20,3,100
flowstar_vdp_stock_reach_v1,stepwise,221,2.21,0x1.1ae147ae147aep+1,0.01,0x1.47ae147ae147bp-7,2,0.94188528279210082,1.0115630388257484,0x1.e23ec9ac5a007p-1,0x1.02f5cb999955fp+0,-1.2093762255081399,-1.1468967115544833,-0x1.3599ae291e0ccp+0,-0x1.259b05dc04362p+0,0.94188528279210082,1.0233609554619407,0x1.e23ec9ac5a007p-1,0x1.05fafbcbb65c7p+0,-1.2093762255081399,-1.1365599584131927,-0x1.3599ae291e0ccp+0,-0x1.22f597eb53e99p+0,0.94188528279210082,2.0616309700712008,0x1.e23ec9ac5a007p-1,0x1.07e3860c70333p+1,-1.2093762255081399,2.4610649331786534,-0x1.3599ae291e0ccp+0,0x1.3b042cfcaad8dp+1,33,10,3,3,-8.5067465378319155e-10,1.0551369866412087e-09,-0x1.d3a9d06e2a3dep-31,0x1.2208aa28d1a15p-30,-8.5066977869631336e-08,1.0551321114720133e-07,-0x1.6d5c219d5d00ep-24,0x1.c52d00a67bb36p-24,0,0.0099999999989999998,0x0p+0,0x1.47ae147a548aep-7,21,21,3,100
flowstar_vdp_stock_reach_v1,stepwise,222,2.2200000000000002,0x1.1c28f5c28f5c3p+1,0.01,0x1.47ae147ae147bp-7,2,0.92981977967776708,0.99996226531624688,0x1.dc115691c7a59p-1,0x1.fffb0dd588e2dp-1,-1.2201800474216138,-1.1568695338904245,-0x1.385db836e855ep+0,-0x1.28289a0dcc52bp+0,0.92981977967776708,1.0118643469187252,0x1.dc115691c7a59p-1,0x1.03098ab6011b5p+0,-1.2201800474216138,-1.146372809919326,-0x1.385db836e855ep+0,-0x1.2578b03fa08b9p+0,0.92981977967776708,2.0616309700712008,0x1.dc115691c7a59p-1,0x1.07e3860c70333p+1,-1.2201800474216138,2.4610649331786534,-0x1.385db836e855ep+0,0x1.3b042cfcaad8dp+1,33,10,3,3,-8.5893424340954265e-10,1.067354969582413e-09,-0x1.d8343f82291c6p-31,0x1.25646dc5ec159p-30,-8.5892928261481788e-08,1.0673500087368409e-07,-0x1.70e845fb650c8p-24,0x1.ca6c5fe298041p-24,0,0.0099999999989999998,0x0p+0,0x1.47ae147a548aep-7,22,22,3,100
flowstar_vdp_stock_reach_v1,stepwise,223,2.23,0x1.1d70a3d70a3d7p+1,0.01,0x1.47ae147ae147bp-7,2,0.91764482075388087,0.98826157495808353,0x1.d5d58abcf6a17p-1,0x1.f9fd6bd0ad459p-1,-1.2311538561626827,-1.166994314084693,-0x1.3b2ce62c90217p+0,-0x1.2ac023ad9c98fp+0,0.91764482075388087,1.0002694357844331,0x1.d5d58abcf6a17p-1,0x1.0011a861e1ec5p+0,-1.2311538561626827,-1.156334706235733,-0x1.3b2ce62c90217p+0,-0x1.28058d2283223p+0,0.91764482075388087,2.0616309700712008,0x1.d5d58abcf6a17p-1,0x1.07e3860c70333p+1,-1.2311538561626827,2.4610649331786534,-0x1.3b2ce62c90217p+0,0x1.3b042cfcaad8dp+1,33,10,3,3,-8.6722119824875959e-10,1.0797401733669361e-09,-0x1.dcc28885b1ff4p-31,0x1.28cbf5c50cf84p-30,-8.6721615007408726e-08,1.0797351251703672e-07,-0x1.74776c9084703p-24,0x1.cfbe21ebcd405p-24,0,0.0099999999989999998,0x0p+0,0x1.47ae147a548aep-7,23,23,3,100
flowstar_vdp_stock_reach_v1,stepwise,224,2.2400000000000002,0x1.1eb851eb851ecp+1,0.01,0x1.47ae147ae147bp-7,2,0.90535872276313101,0.97645940224788896,0x1.cf8b2db2d4fb2p-1,0x1.f3f27c9d0d834p-1,-1.2423005961752402,-1.1772739453773644,-0x1.3e0769705fbbdp+0,-0x1.2d61d345d423cp+0,0.90535872276313101,0.98857468577823837,0x1.cf8b2db2d4fb2p-1,0x1.fa267612245b7p-1,-1.2423005961752402,-1.166448522575112,-0x1.3e0769705fbbdp+0,-0x1.2a9c5ed0ed78cp+0,0.90535872276313101,2.0616309700712008,0x1.cf8b2db2d4fb2p-1,0x1.07e3860c70333p+1,-1.2423005961752402,2.4610649331786534,-0x1.3e0769705fbbdp+0,0x1.3b042cfcaad8dp+1,33,10,3,3,-8.7555789382912083e-10,1.0923184016591027e-09,-0x1.e157d1a2974a3p-31,0x1.2c4112fc9a2c2p-30,-8.7555275673747976e-08,1.0923132645719772e-07,-0x1.780c0b2e60b77p-24,0x1.d5251d1213bedp-24,0,0.0099999999989999998,0x0p+0,0x1.47ae147a548aep-7,24,24,3,100
flowstar_vdp_stock_reach_v1,stepwise,225,2.25,0x1.2p+1,0.01,0x1.47ae147ae147bp-7,2,0.89295977254875425,0.96455415301787106,0x1.c93205f77b229p-1,0x1.edda0abcdd8f9p-1,-1.2536232263838885,-1.1877113411430134,-0x1.40ed73a6d3267p+0,-0x1.300dd9b74c2bbp+0,0.89295977254875425,0.97677853212320598,0x1.c93205f77b229p-1,0x1.f41c50d5cee05p-1,-1.2536232263838885,-1.1767171567190662,-0x1.40ed73a6d3267p+0,-0x1.2d3d55e8c0208p+0,0.89295977254875425,2.0616309700712008,0x1.c93205f77b229p-1,0x1.07e3860c70333p+1,-1.2536232263838885,2.4610649331786534,-0x1.40ed73a6d3267p+0,0x1.3b042cfcaad8dp+1,33,10,3,3,-8.8387901668226173e-10,1.1050276779780443e-09,-0x1.e5eae9ae6e0bep-31,0x1.2fbf68f481b27p-30,-8.8387378928592245e-08,1.1050224506098923e-07,-0x1.7b9ef36ce9bacp-24,0x1.da9a80dae2675p-24,0,0.0099999999989999998,0x0p+0,0x1.47ae147a548aep-7,25,25,3,100
flowstar_vdp_stock_reach_v1,stepwise,226,2.2600000000000002,0x1.2147ae147ae15p+1,0.01,0x1.47ae147ae147bp-7,2,0.8804462269807718,0.95254420418762453,0x1.c2c9d90d89bb6p-1,0x1.e7b3dfb9f5dbfp-1,-1.2651247130587304,-1.1983094369871421,-0x1.43df3693f2d98p+0,-0x1.32c4684259132p+0,0.8804462269807718,0.96487938127244799,0x1.c2c9d90d89bb6p-1,0x1.ee04ab964cbcfp-1,-1.2651247130587304,-1.1871435313795229,-0x1.43df3693f2d98p+0,-0x1.2fe8a372eed92p+0,0.8804462269807718,2.0616309700712008,0x1.c2c9d90d89bb6p-1,0x1.07e3860c70333p+1,-1.2651247130587304,2.4610649331786534,-0x1.43df3693f2d98p+0,0x1.3b042cfcaad8dp+1,33,10,3,3,-8.9216538331602824e-10,1.1178520316500667e-09,-0x1.ea791d80ba14ap-31,0x1.3345d7f90800dp-30,-8.921600643914458e-08,1.1178467127745523e-07,-0x1.7f2e0955ad52dp-24,0x1.e01c8bbe92f7bp-24,0,0.0099999999989999998,0x0p+0,0x1.47ae147a548aep-7,26,26,3,100
flowstar_vdp_stock_reach_v1,stepwise,227,2.27,0x1.228f5c28f5c29p+1,0.01,0x1.47ae147ae147bp-7,2,0.8678163129159977,0.94042790353520245,0x1.bc526b75d1abap-1,0x1.e17fc423dbec5p-1,-1.2768080261767334,-1.2090711888043992,-0x1.46dce40bb30abp+0,-0x1.3585b07e73637p+0,0.8678163129159977,0.95287561065180215,0x1.bc526b75d1abap-1,0x1.e7df4fe1cfa04p-1,-1.2768080261767334,-1.1977305925403208,-0x1.46dce40bb30abp+0,-0x1.329e78dc611fp+0,0.8678163129159977,2.0616309700712008,0x1.bc526b75d1abap-1,0x1.07e3860c70333p+1,-1.2768080261767334,2.4610649331786534,-0x1.46dce40bb30abp+0,0x1.3b042cfcaad8dp+1,33,10,3,3,-9.0039631309169106e-10,1.130773832850845e-09,-0x1.eeff840041cd7p-31,0x1.36d32272f637ep-30,-9.0039090159526214e-08,1.130768421421173e-07,-0x1.82b706ce4270bp-24,0x1.e5a94d822ae49p-24,0,0.0099999999989999998,0x0p+0,0x1.47ae147a548aep-7,27,27,3,100
flowstar_vdp_stock_reach_v1,stepwise,228,2.2800000000000002,0x1.23d70a3d70a3ep+1,0.01,0x1.47ae147ae147bp-7,2,0.85506822719514186,0.92820356948973859,0x1.b5cb80af4dbcfp-1,0x1.db3d7f8dfa4fep-1,-1.2886761354372074,-1.2199995706036322,-0x1.49e6ade0d6a62p+0,-0x1.3851e450e06bbp+0,0.85506822719514186,0.94076556842112724,0x1.b5cb80af4dbcfp-1,0x1.e1ac064b24a7bp-1,-1.2886761354372074,-1.2084813075850749,-0x1.49e6ade0d6a62p+0,-0x1.355f07ede7bc1p+0,0.85506822719514186,2.0616309700712008,0x1.b5cb80af4dbcfp-1,0x1.07e3860c70333p+1,-1.2886761354372074,2.4610649331786534,-0x1.49e6ade0d6a62p+0,0x1.3b042cfcaad8dp+1,33,10,3,3,-9.0855025072069166e-10,1.1437743727402468e-09,-0x1.f37b1490931a8p-31,0x1.3a65f75b0072dp-30,-9.0854474580306269e-08,1.1437688679037914e-07,-0x1.86378d1dd6428p-24,0x1.eb3eb78ba9c65p-24,0,0.0099999999989999998,0x0p+0,0x1.47ae147a548aep-7,28,28,3,100
flowstar_vdp_stock_reach_v1,stepwise,229,2.29,0x1.251eb851eb852p+1,0.01,0x1.47ae147ae147bp-7,2,0.84220013668055504,0.91586949094804815,0x1.af34db37759d1p-1,0x1.d4ecd88e0d547p-1,-1.3007320060393808,-1.2310975719521535,-0x1.4cfcc5d2ccb39p+0,-0x1.3b2935e1b8319p+0,0.84220013668055504,0.92854757325644965,0x1.af34db37759d1p-1,0x1.db6a9667d54eap-1,-1.3007320060759016,-1.2193986630283038,-0x1.4cfcc5d2f4db4p+0,-0x1.382a82c27e20ep+0,0.84220013668055504,2.0616309700712008,0x1.af34db37759d1p-1,0x1.07e3860c70333p+1,-1.3007320060759016,2.4610649331786534,-0x1.4cfcc5d2f4db4p+0,0x1.3b042cfcaad8dp+1,33,10,3,3,-9.1660282669603571e-10,1.1568318739976141e-09,-0x1.f7e86130a6777p-31,0x1.3dfcce62fc674p-30,-9.1659722772122716e-08,1.1568262751149165e-07,-0x1.89acee552483ep-24,0x1.f0da64e276c21p-24,0,0.0099999999989999998,0x0p+0,0x1.47ae147a548aep-7,29,29,3,100
flowstar_vdp_stock_reach_v1,stepwise,230,2.3000000000000003,0x1.2666666666667p+1,0.01,0x1.47ae147ae147bp-7,2,0.82921017833839095,0.90342392711783093,0x1.a88e3c8af28bp-1,0x1.ce8d94baca39bp-1,-1.312978597011035,-1.2423681922083794,-0x1.501f5d8682a6ep+0,-0x1.3e0bd78320296p+0,0.82921017833839095,0.91621991415536985,0x1.a88e3c8af28bp-1,0x1.d51ac6ce7b83fp-1,-1.3129785972274759,-1.23048565905934,-0x1.501f5d8770a19p+0,-0x1.3b011bafdb5bfp+0,0.82921017833839095,2.0616309700712008,0x1.a88e3c8af28bp-1,0x1.07e3860c70333p+1,-1.3129785972274759,2.4610649331786534,-0x1.501f5d8770a19p+0,0x1.3b042cfcaad8dp+1,33,10,3,3,-9.2452806871945534e-10,1.1699226488000941e-09,-0x1.fc43c220507aep-31,0x1.4195fcd21ce8fp-30,-9.2452237528094548e-08,1.1699169554608763e-07,-0x1.8d144f67b290ep-24,0x1.f679bac778063p-24,0,0.0099999999989999998,0x0p+0,0x1.47ae147a548aep-7,30,30,3,100
flowstar_vdp_stock_reach_v1,stepwise,231,2.3100000000000001,0x1.27ae147ae147bp+1,0.01,0x1.47ae147ae147bp-7,2,0.81609645936920538,0.89086510739028035,0x1.a1d76526be87dp-1,0x1.c81f78aac70e7p-1,-1.3254188465875469,-1.2538144469992565,-0x1.534ea64798765p+0,-0x1.40f9fbcd1d37cp+0,0.81609645936920538,0.9037808502683099,0x1.a1d76526be87dp-1,0x1.cebc5d154e92dp-1,-1.3254188470002413,-1.2417453166920982,-0x1.534ea6495e397p+0,-0x1.3de30565275a8p+0,0.81609645936920538,2.0616309700712008,0x1.a1d76526be87dp-1,0x1.07e3860c70333p+1,-1.3254188470002413,2.4610649331786534,-0x1.534ea6495e397p+0,0x1.3b042cfcaad8dp+1,33,10,3,3,-9.3229834146876612e-10,1.183020976789073e-09,-0x1.0044a9da5ac3ep-30,0x1.452fb3522a1b5p-30,-9.3229255340944995e-08,1.1830151888322981e-07,-0x1.906aa679d0ee8p-24,0x1.fc19e545c20eep-24,0,0.0099999999989999998,0x0p+0,0x1.47ae147a548aep-7,31,31,3,100
flowstar_vdp_stock_reach_v1,stepwise,232,2.3199999999999998,0x1.28f5c28f5c28fp+1,0.01,0x1.47ae147ae147bp-7,2,0.80285705739128632,0.87819123124508269,0x1.9b101489b77c4p-1,0x1.c1a247f3a9c7fp-1,-1.3380556755546347,-1.2654393559825099,-0x1.568ad116bbfdep+0,-0x1.43f3d56904248p+0,0.80285705739128632,0.89122861075835191,0x1.9b101489b77c4p-1,0x1.c84f1dd0eeeadp-1,-1.3380556761809759,-1.2531806655574658,-0x1.568ad1196ca94p+0,-0x1.40d072b68c801p+0,0.80285705739128632,2.0616309700712008,0x1.9b101489b77c4p-1,0x1.07e3860c70333p+1,-1.3380556761809759,2.4610649331786534,-0x1.568ad1196ca94p+0,0x1.3b042cfcaad8dp+1,33,10,3,3,-9.3988400992992016e-10,1.1960986992583236e-09,-0x1.025a751b898b4p-30,0x1.48c7f6a0075f3p-30,-9.398781273593915e-08,1.1960928167895234e-07,-0x1.93acb166a39bdp-24,0x1.00dbe5e331ef7p-23,0,0.0099999999989999998,0x0p+0,0x1.47ae147a548aep-7,32,32,3,100
flowstar_vdp_stock_reach_v1,stepwise,233,2.3300000000000001,0x1.2a3d70a3d70a4p+1,0.01,0x1.47ae147ae147bp-7,2,0.78949002068125151,0.86540046819102856,0x1.94380936b04d3p-1,0x1.bb15c529a5a92p-1,-1.3508919787336398,-1.2772459416657045,-0x1.59d40e8516f74p+0,-0x1.46f9970c67261p+0,0.78949002068125151,0.87856139469263894,0x1.94380936b04d3p-1,0x1.c1d2cc93775p-1,-1.3508919795921366,-1.2647947432681015,-0x1.59d40e88c6e4ap+0,-0x1.43c9969a7d3dp+0,0.78949002068125151,2.0616309700712008,0x1.94380936b04d3p-1,0x1.07e3860c70333p+1,-1.3508919795921366,2.4610649331786534,-0x1.59d40e88c6e4ap+0,0x1.3b042cfcaad8dp+1,33,10,3,3,-9.4725332910801409e-10,1.2091250312158357e-09,-0x1.046106f5c198p-30,0x1.4c5c9c28fd181p-30,-9.4724735235548005e-08,1.2091190545596841e-07,-0x1.96d6f2a4f40d3p-24,0x1.03a805e2d9685p-23,0,0.0099999999989999998,0x0p+0,0x1.47ae147a548aep-7,33,33,3,100
flowstar_vdp_stock_reach_v1,stepwise,234,2.3399999999999999,0x1.2b851eb851eb8p+1,0.01,0x1.47ae147ae147bp-7,2,0.7759933684767657,0.85249095774564554,0x1.8d4f00b70a8a4p-1,0x1.b479b1df4e78dp-1,-1.3639306180342923,-1.2892372258054112,-0x1.5d2a8e9678691p+0,-0x1.4a0b73699eb8ep+0,0.7759933684767657,0.86577737096848906,0x1.8d4f00b70a8a4p-1,0x1.bb472bebda60ep-1,-1.3639306191446248,-1.2765905922620338,-0x1.5d2a8e9b3d3bep+0,-0x1.46cea41c258e8p+0,0.7759933684767657,2.0616309700712008,0x1.8d4f00b70a8a4p-1,0x1.07e3860c70333p+1,-1.3639306191446248,2.4610649331786534,-0x1.5d2a8e9b3d3bep+0,0x1.3b042cfcaad8dp+1,33,10,3,3,-9.5437233086596248e-10,1.2220663617279129e-09,-0x1.0655fb7ea0e67p-30,0x1.4feb4671f8964p-30,-9.5436626059430428e-08,1.2220602915427271e-07,-0x1.99e5ae18f0a2p-24,0x1.066f799ae4941p-23,0,0.0099999999989999998,0x0p+0,0x1.47ae147a548aep-7,34,34,3,100
flowstar_vdp_stock_reach_v1,stepwise,235,2.3500000000000001,0x1.2cccccccccccdp+1,0.01,0x1.47ae147ae147bp-7,2,0.76236509134651209,0.83946080945751256,0x1.8654b79de4014p-1,0x1.adcdcea5c9939p-1,-1.3771744154207766,-1.301416224986236,-0x1.608e80a31ec26p+0,-0x1.4d299d1cccb6ap+0,0.76236509134651209,0.85287467827760599,0x1.8654b79de4014p-1,0x1.b4abfd6593e2cp-1,-1.3771744168038531,-1.2885712558542384,-0x1.608e80a90f77dp+0,-0x1.49dfce4a75a88p+0,0.76236509134651209,2.0616309700712008,0x1.8654b79de4014p-1,0x1.07e3860c70333p+1,-1.3771744168038531,2.4610649331786534,-0x1.608e80a90f77dp+0,0x1.3b042cfcaad8dp+1,33,10,3,3,-9.6120470879926901e-10,1.2348860416231807e-09,-0x1.0836c4ac6a895p-30,0x1.5371614481383p-30,-9.611985460173778e-08,1.2348798789128113e-07,-0x1.9cd4e5d5e06e2p-24,0x1.09303d4203e75p-23,0,0.0099999999989999998,0x0p+0,0x1.47ae147a548aep-7,35,35,3,100
flowstar_vdp_stock_reach_v1,stepwise,236,2.3599999999999999,0x1.2e147ae147ae1p+1,0.01,0x1.47ae147ae147bp-7,2,0.74860315163286273,0.82630810297515933,0x1.7f48e98be42f7p-1,0x1.a711db0d656eap-1,-1.3906261452273168,-1.3137859458863821,-0x1.64001336b6c05p+0,-0x1.5054469786c49p+0,0.74860315163286273,0.83985142511200506,0x1.7f48e98be42f7p-1,0x1.ae010188b5c9cp-1,-1.3906261469053327,-1.3007397740042366,-0x1.6400133debbfdp+0,-0x1.4cfd4825f4627p+0,0.74860315163286273,2.0616309700712008,0x1.7f48e98be42f7p-1,0x1.07e3860c70333p+1,-1.3906261469053327,2.4610649331786534,-0x1.6400133debbfdp+0,0x1.3b042cfcaad8dp+1,33,10,3,3,-9.6771170081407382e-10,1.2475441583569128e-09,-0x1.0a00a838834a4p-30,0x1.56ec1da077206p-30,-9.6770544687419356e-08,1.2475379044685905e-07,-0x1.9fa056cfea4c6p-24,0x1.0be81f215b334p-23,0,0.0099999999989999998,0x0p+0,0x1.47ae147a548aep-7,36,36,3,100
flowstar_vdp_stock_reach_v1,stepwise,237,2.3700000000000001,0x1.2f5c28f5c28f6p+1,0.01,0x1.47ae147ae147bp-7,2,0.7347054839730407,0.81303088816670244,0x1.782b5133b64dcp-1,0x1.a04595a6a0ad1p-1,-1.404288526136555,-1.3263493798565678,-0x1.677f73ede7904p+0,-0x1.538ba2098dc87p+0,0.7347054839730407,0.82670568981549952,0x1.782b5133b64dcp-1,0x1.a745f7da59711p-1,-1.4042885281330513,-1.3130991784279342,-0x1.677f73f67abcp+0,-0x1.5027448bc0a05p+0,0.7347054839730407,2.0616309700712008,0x1.782b5133b64dcp-1,0x1.07e3860c70333p+1,-1.4042885281330513,2.4610649331786534,-0x1.677f73f67abcp+0,0x1.3b042cfcaad8dp+1,33,10,3,3,-9.7385197055921048e-10,1.2599972973649071e-09,-0x1.0bb0bd7ca557dp-30,0x1.5a586d6f8398p-30,-9.738456269549843e-08,1.2599909537866845e-07,-0x1.a243758445fb6p-24,0x1.0e94bc37f89bcp-23,0,0.0099999999989999998,0x0p+0,0x1.47ae147a548aep-7,37,37,3,100
flowstar_vdp_stock_reach_v1,stepwise,238,2.3799999999999999,0x1.30a3d70a3d70ap+1,0.01,0x1.47ae147ae147bp-7,2,0.7206699959048769,0.79962718529465349,0x1.70fba85f3d639p-1,0x1.9968bc03aa88p-1,-1.418164211389596,-1.3391094981807463,-0x1.6b0ccf4c46a46p+0,-0x1.56cfe14c7303dp+0,0.7206699959048769,0.81343552068487235,0x1.70fba85f3d639p-1,0x1.a07a9edd7e159p-1,-1.4181642137295183,-1.325652488423557,-0x1.6b0ccf565369fp+0,-0x1.535df623a3e3ep+0,0.7206699959048769,2.0616309700712008,0x1.70fba85f3d639p-1,0x1.07e3860c70333p+1,-1.4181642137295183,2.4610649331786534,-0x1.6b0ccf565369fp+0,0x1.3b042cfcaad8dp+1,33,10,3,3,-9.7958148703519946e-10,1.2721982883953005e-09,-0x1.0d43eb47aba87p-30,0x1.5db2fef342864p-30,-9.7957505583755361e-08,1.2721918571924506e-07,-0x1.a4b96a9a52827p-24,0x1.11337cab3251cp-23,0,0.0099999999989999998,0x0p+0,0x1.47ae147a548aep-7,38,38,3,100
flowstar_vdp_stock_reach_v1,stepwise,239,2.3900000000000001,0x1.31eb851eb851fp+1,0.01,0x1.47ae147ae147bp-7,2,0.70649456816581357,0.78609498564880431,0x1.69b9a7f225cabp-1,0x1.927b0abdd2895p-1,-1.4322558590979149,-1.3520691659957702,-0x1.6ea851ea54763p+0,-0x1.5a213471e1bf8p+0,0.70649456816581357,0.80003893652330271,0x1.69b9a7f225cabp-1,0x1.999eb417c9d54p-1,-1.4322558618076726,-1.3384026253902472,-0x1.6ea851f5f7df3p+0,-0x1.56a18df0ee80bp+0,0.70649456816581357,2.0616309700712008,0x1.69b9a7f225cabp-1,0x1.07e3860c70333p+1,-1.4322558618076726,2.4610649331786534,-0x1.6ea851f5f7df3p+0,0x1.3b042cfcaad8dp+1,33,10,3,3,-9.8485865733401371e-10,1.2841011922651792e-09,-0x1.0eb7445427897p-30,0x1.60f8969a9d821p-30,-9.8485214101649387e-08,1.2840946759054946e-07,-0x1.a6fda358799ep-24,0x1.13c1d9f322156p-23,0,0.0099999999989999998,0x0p+0,0x1.47ae147a548aep-7,39,39,3,100
flowstar_vdp_stock_reach_v1,stepwise,240,2.3999999999999999,0x1.3333333333333p+1,0.01,0x1.47ae147ae147bp-7,2,0.69217705353924985,0.77243225379050573,0x1.626507dffc45bp-1,0x1.8b7c3d88cfc44p-1,-1.4465662382642936,-1.3652310197262005,-0x1.72522a3cd7c75p+0,-0x1.5d7fc7b535717p+0,0.69217705353924985,0.78651392879902393,0x1.626507dffc45bp-1,0x1.92b1f424149fap-1,-1.4465662413718192,-1.3513522908969406,-0x1.72522a4a308ap+0,-0x1.59f23946c6ecp+0,0.69217705353924985,2.0616309700712008,0x1.626507dffc45bp-1,0x1.07e3860c70333p+1,-1.4465662413718192,2.4610649331786534,-0x1.72522a4a308ap+0,0x1.3b042cfcaad8dp+1,33,10,3,3,-9.9185805060503808e-10,1.2978754964425585e-09,-0x1.10a3ce303d6ap-30,0x1.64c1de689a88fp-30,-9.9185145206620354e-08,1.2978688978185563e-07,-0x1.a9ff386fe43edp-24,0x1.16b718e3ac51fp-23,0,0.0099999999989999998,0x0p+0,0x1.47ae147a548aep-7,40,40,3,100
flowstar_vdp_stock_reach_v1,stepwise,241,2.4100000000000001,0x1.347ae147ae148p+1,0.01,0x1.47ae147ae147bp-7,2,0.67771528431884231,0.75863692135940664,0x1.5afd7f6c4c2b8p-1,0x1.846c0efd8db58p-1,-1.4610974871906297,-1.3785981902145497,-0x1.760a7c23c0648p+0,-0x1.60ebcf9d4bd8ep+0,0.67771528431884231,0.7728584553599197,0x1.5afd7f6c4c2b8p-1,0x1.8bb41a7c6a75fp-1,-1.4610974907254362,-1.3645046904832194,-0x1.760a7c32eef41p+0,-0x1.5d502decdd311p+0,0.67771528431884231,2.0616309700712008,0x1.5afd7f6c4c2b8p-1,0x1.07e3860c70333p+1,-1.4610974907254362,2.4610649331786534,-0x1.760a7c32eef41p+0,0x1.3b042cfcaad8dp+1,33,10,3,3,-9.9847303106216465e-10,1.3114068877989403e-09,-0x1.12754b15204eap-30,0x1.687a0e48ee87p-30,-9.9846635363982253e-08,1.3114002102421767e-07,-0x1.acd6895d1c60dp-24,0x1.199efd2e8b511p-23,0,0.0099999999989999998,0x0p+0,0x1.47ae147a548aep-7,41,41,3,100
flowstar_vdp_stock_reach_v1,stepwise,242,2.4199999999999999,0x1.35c28f5c28f5cp+1,0.01,0x1.47ae147ae147bp-7,2,0.66310706715973466,0.74470689369723719,0x1.5382c4fe65237p-1,0x1.7d4a38d3121dap-1,-1.4758520396165382,-1.39217335688872,-0x1.79d17073e34f4p+0,-0x1.6465791e33184p+0,0.66310706715973466,0.75907044695826831,0x1.5382c4fe65237p-1,0x1.84a4e1b2177bap-1,-1.4758520436097755,-1.377862588535288,-0x1.79d1708509ebap+0,-0x1.60bb9a4424166p+0,0.66310706715973466,2.0616309700712008,0x1.5382c4fe65237p-1,0x1.07e3860c70333p+1,-1.4758520436097755,2.4610649331786534,-0x1.79d1708509ebap+0,0x1.3b042cfcaad8dp+1,33,10,3,3,-1.0046581854856696e-09,1.3246410995494056e-09,-0x1.142888eb4d8a5p-30,0x1.6c1d54a639ed3p-30,-1.0046514329778455e-07,1.3246343468514952e-07,-0x1.af7e97deb6c9cp-24,0x1.1c768b18b4bf4p-23,0,0.0099999999989999998,0x0p+0,0x1.47ae147a548aep-7,42,42,3,100
flowstar_vdp_stock_reach_v1,stepwise,243,2.4300000000000002,0x1.370a3d70a3d71p+1,0.01,0x1.47ae147ae147bp-7,2,0.64835017270354223,0.73064006195416198,0x1.4bf48dc83c3ebp-1,0x1.761674467b28p-1,-1.4908347398917166,-1.4059566082807904,-0x1.7da758739359dp+0,-0x1.67ecc5b4293c6p+0,0.64835017270354223,0.74514781925077789,0x1.4bf48dc83c3ebp-1,0x1.7d8403d4bc51ap-1,-1.4908347443762258,-1.3914261695525794,-0x1.7da75886d61efp+0,-0x1.6434816506e19p+0,0.64835017270354223,2.0616309700712008,0x1.4bf48dc83c3ebp-1,0x1.07e3860c70333p+1,-1.4908347443762258,2.4610649331786534,-0x1.7da75886d61efp+0,0x1.3b042cfcaad8dp+1,33,10,3,3,-1.0103640513822747e-09,1.3375176496863462e-09,-0x1.15ba0ca948027p-30,0x1.6fa76ff47558ap-30,-1.0103572280656966e-07,1.3375108261178283e-07,-0x1.b1f1f3b9530ccp-24,0x1.1f3a6f6e7c922p-23,0,0.0099999999989999998,0x0p+0,0x1.47ae147a548aep-7,43,43,3,100
flowstar_vdp_stock_reach_v1,stepwise,244,2.4399999999999999,0x1.3851eb851eb85p+1,0.01,0x1.47ae147ae147bp-7,2,0.63344237639875345,0.71643426383931708,0x1.44528f2510fb7p-1,0x1.6ed078c9d8ef8p-1,-1.506045298385936,-1.4199529722002704,-0x1.818c2f46dcb65p+0,-0x1.6b8209b97549ep+0,0.63344237639875345,0.7310884334351242,0x1.44528f2510fb7p-1,0x1.765139202ceb2p-1,-1.5060453033963006,-1.4052005691094007,-0x1.818c2f5c61aa9p+0,-0x1.67bb3978a53d2p+0,0.63344237639875345,2.0616309700712008,0x1.44528f2510fb7p-1,0x1.07e3860c70333p+1,-1.5060453033963006,2.4610649331786534,-0x1.818c2f5c61aa9p+0,0x1.3b042cfcaad8dp+1,33,10,3,3,-1.0155375419500007e-09,1.3499701243907791e-09,-0x1.172619fb6620ap-30,0x1.7313b3cbf2986p-30,-1.0155306525975502e-07,1.3499632347181332e-07,-0x1.b42ac6adcb6cep-24,0x1.21e70380ac2p-23,0,0.0099999999989999998,0x0p+0,0x1.47ae147a548aep-7,44,44,3,100
flowstar_vdp_stock_reach_v1,stepwise,245,2.4500000000000002,0x1.399999999999ap+1,0.01,0x1.47ae147ae147bp-7,2,0.61838142212023395,0.70208732253440376,0x1.3c9c7d60ebb66p-1,0x1.6777fd5271644p-1,-1.521485444211518,-1.4341652346813429,-0x1.858011f03a7f2p+0,-0x1.6f2573ec043b8p+0,0.61838142212023395,0.71689013504145405,0x1.3c9c7d60ebb66p-1,0x1.6f0c3949a7f8ap-1,-1.521485449784111,-1.4191886936323725,-0x1.8580120829a0ap+0,-0x1.6b4ff34201066p+0,0.61838142212023395,2.0616309700712008,0x1.3c9c7d60ebb66p-1,0x1.07e3860c70333p+1,-1.521485449784111,2.4610649331786534,-0x1.8580120829a0ap+0,0x1.3b042cfcaad8dp+1,33,10,3,3,-1.0201229681387903e-09,1.3619271922505626e-09,-0x1.1868c5ad3e07dp-30,0x1.765d1b2e9e348p-30,-1.0201160180347941e-07,1.3619202417517958e-07,-0x1.b622f13de9f3dp-24,0x1.24785b6a9c004p-23,0,0.0099999999989999998,0x0p+0,0x1.47ae147a548aep-7,45,45,3,100
flowstar_vdp_stock_reach_v1,stepwise,246,2.46,0x1.3ae147ae147aep+1,0.01,0x1.47ae147ae147bp-7,2,0.60316503602449112,0.68759703493200308,0x1.34d20c2fa1b74p-1,0x1.600cb7f3b8136p-1,-1.5371566267101235,-1.4485962104746504,-0x1.898318c08cb69p+0,-0x1.72d733851920cp+0,0.60316503602449112,0.70255074204009393,0x1.34d20c2fa1b74p-1,0x1.67b4bb19af7b1p-1,-1.5371566328831514,-1.433393491765351,-0x1.898318db10077p+0,-0x1.6ef2e0396e721p+0,0.60316503602449112,2.0616309700712008,0x1.34d20c2fa1b74p-1,0x1.07e3860c70333p+1,-1.5371566328831514,2.4610649331786534,-0x1.898318db10077p+0,0x1.3b042cfcaad8dp+1,33,10,3,3,-1.0240611407979344e-09,1.373311264540597e-09,-0x1.197de57d085acp-30,0x1.797e3065a176p-30,-1.024054135752375e-07,1.3733042590197627e-07,-0x1.b7d3f166b0c9cp-24,0x1.26ea333759a51p-23,0,0.0099999999989999998,0x0p+0,0x1.47ae147a548aep-7,46,46,3,100
flowstar_vdp_stock_reach_v1,stepwise,247,2.4700000000000002,0x1.3c28f5c28f5c3p+1,0.01,0x1.47ae147ae147bp-7,2,0.58779092615053397,0.67296117473259687,0x1.2cf2eea96778fp-1,0x1.588e5df9e892dp-1,-1.5530603994264951,-1.4632483332268791,-0x1.8d955dc83fdedp+0,-0x1.7697715922cep+0,0.58779092615053397,0.6880680477990132,0x1.2cf2eea96778fp-1,0x1.604a7485704b9p-1,-1.5530604062400335,-1.4478175454661124,-0x1.8d955de5836f6p+0,-0x1.72a42bb05a192p+0,0.58779092615053397,2.0616309700712008,0x1.2cf2eea96778fp-1,0x1.07e3860c70333p+1,-1.5530604062400335,2.4610649331786534,-0x1.8d955de5836f6p+0,0x1.3b042cfcaad8dp+1,33,10,3,3,-1.039263546802539e-09,1.3960123595288743e-09,-0x1.1dababb040228p-30,0x1.7fbba2f7fdbb3p-30,-1.039256493193097e-07,1.3960053053577118e-07,-0x1.be5b75b8c764bp-24,0x1.2bca340a69b92p-23,0,0.0099999999989999998,0x0p+0,0x1.47ae147a548aep-7,47,47,3,100
flowstar_vdp_stock_reach_v1,stepwise,248,2.48,0x1.3d70a3d70a3d7p+1,0.01,0x1.47ae147ae147bp-7,2,0.57225678573476213,0.65817749204316556,0x1.24fed7674a2e1p-1,0x1.50fca3e693dp-1,-1.5691981181172263,-1.4781239280184995,-0x1.91b6f7c6421b8p+0,-0x1.7a66546a46468p+0,0.57225678573476213,0.67343982053347229,0x1.24fed7674a2e1p-1,0x1.58cd1aaa07defp-1,-1.569198125613251,-1.4624633435060408,-0x1.91b6f7e67412ep+0,-0x1.7663ff67f50efp+0,0.57225678573476213,2.0616309700712008,0x1.24fed7674a2e1p-1,0x1.07e3860c70333p+1,-1.569198125613251,2.4610649331786534,-0x1.91b6f7e67412ep+0,0x1.3b042cfcaad8dp+1,33,10,3,3,-1.0649052517448125e-09,1.4291806684987554e-09,-0x1.24b80b946be42p-30,0x1.88d9a61ab8f06p-30,-1.0648981564975326e-07,1.4291735725977426e-07,-0x1.c95eca6143823p-24,0x1.32e9a5e732fc6p-23,0,0.0099999999989999998,0x0p+0,0x1.47ae147a548aep-7,48,48,3,100
flowstar_vdp_stock_reach_v1,stepwise,249,2.4900000000000002,0x1.3eb851eb851ecp+1,0.01,0x1.47ae147ae147bp-7,2,0.55656029527115647,0.64324371453470486,0x1.1cf57894e2293p-1,0x1.49573d7a9177dp-1,-1.585570921182031,-1.4932251995253951,-0x1.95e7f9d3f7259p+0,-0x1.7e4401b5864f4p+0,0.55656029527115647,0.65866380430474025,0x1.1cf57894e2293p-1,0x1.513c61d51879bp-1,-1.5855709294044396,-1.4773332706392746,-0x1.95e7f9f747c7dp+0,-0x1.7a328362b03b1p+0,0.55656029527115647,2.0616309700712008,0x1.1cf57894e2293p-1,0x1.07e3860c70333p+1,-1.5855709294044396,2.4610649331786534,-0x1.95e7f9f747c7dp+0,0x1.3b042cfcaad8dp+1,33,10,3,3,-1.0909242765934407e-09,1.4627255582801178e-09,-0x1.2bdef8a9876b7p-30,0x1.9212291deab46p-30,-1.0909171471664451e-07,1.462718428102587e-07,-0x1.d48b9bdbf4134p-24,0x1.3a1dcbc6335b8p-23,0,0.0099999999989999998,0x0p+0,0x1.47ae147a548aep-7,49,49,3,100
flowstar_vdp_stock_reach_v1,stepwise,250,2.5,0x1.4p+1,0.01,0x1.47ae147ae147bp-7,2,0.54069912475081738,0.62815754874461149,0x1.14d684038fa8dp-1,0x1.419dddc12ff09p-1,-1.6021797108577944,-1.5085542173725641,-0x1.9a28731472ef4p+0,-0x1.82309bf3dba86p+0,0.54069912475081738,0.64373772015337827,0x1.14d684038fa8dp-1,0x1.4997fd8e854dep-1,-1.6021797198524177,-1.492429594010001,-0x1.9a28733b14a0ap+0,-0x1.7e0fdda9db02dp+0,0.54069912475081738,2.0616309700712008,0x1.14d684038fa8dp-1,0x1.07e3860c70333p+1,-1.6021797198524177,2.4610649331786534,-0x1.9a28733b14a0ap+0,0x1.3b042cfcaad8dp+1,33,10,3,3,-1.11727280125155e-09,1.496566370153695e-09,-0x1.331d157c4d0cbp-30,0x1.9b5f7efce2ec9p-30,-1.1172656456642062e-07,1.4965592137146323e-07,-0x1.dfdca828c78c1p-24,0x1.4162367dc74a8p-23,0,0.0099999999989999998,0x0p+0,0x1.47ae147a548aep-7,50,50,3,100
flowstar_vdp_stock_reach_v1,stepwise,251,2.5100000000000002,0x1.4147ae147ae15p+1,0.01,0x1.47ae147ae147bp-7,2,0.52467093610238136,0.61291668152332912,0x1.0ca1ab3f715fcp-1,0x1.39d0371ca18f4p-1,-1.6190251442586834,-1.5241128895041429,-0x1.9e786e8dfe236p+0,-0x1.862c4327d5154p+0,0.52467093610238136,0.62865926736601441,0x1.0ca1ab3f715fcp-1,0x1.41dfa0a35425fp-1,-1.6190251540732867,-1.5077544376224414,-0x1.9e786eb82568ap+0,-0x1.81fc31dffcbcfp+0,0.52467093610238136,2.0616309700712008,0x1.0ca1ab3f715fcp-1,0x1.07e3860c70333p+1,-1.6190251540732867,2.4610649331786534,-0x1.9e786eb82568ap+0,0x1.3b042cfcaad8dp+1,33,10,3,3,-1.1440110084438954e-09,1.5307258339304473e-09,-0x1.3a769e349156bp-30,0x1.a4c3412e61f53p-30,-1.144003835278675e-07,1.5307186598088323e-07,-0x1.eb588d4a08ca2p-24,0x1.48b825f4bd42ap-23,0,0.0099999999989999998,0x0p+0,0x1.47ae147a548aep-7,51,51,3,100
flowstar_vdp_stock_reach_v1,stepwise,252,2.52,0x1.428f5c28f5c29p+1,0.01,0x1.47ae147ae147bp-7,2,0.50847338528405317,0.59751878219636201,0x1.04569fa15ce29p-1,0x1.31edfb588ee91p-1,-1.6361076456892512,-1.5399029120500001,-0x1.a2d7f35ef88c3p+0,-0x1.8a3713c645192p+0,0.50847338528405317,0.61342612544625585,0x1.04569fa15ce29p-1,0x1.3a12fd369b79ap-1,-1.6361076563735211,-1.5233097333537726,-0x1.a2d7f38cdc06dp+0,-0x1.85f7a06e6ed4cp+0,0.50847338528405317,2.0616309700712008,0x1.04569fa15ce29p-1,0x1.07e3860c70333p+1,-1.6361076563735211,2.4610649331786534,-0x1.a2d7f38cdc06dp+0,0x1.3b042cfcaad8dp+1,33,10,3,3,-1.1712960915363551e-09,1.5653187631204133e-09,-0x1.41f6a290c6dffp-30,0x1.ae4583fe43b3dp-30,-1.1712889099371131e-07,1.5653115804573198e-07,-0x1.f71093dd566a9p-24,0x1.5025ea085f7ffp-23,0,0.0099999999989999998,0x0p+0,0x1.47ae147a548aep-7,52,52,3,100
flowstar_vdp_stock_reach_v1,stepwise,253,2.5300000000000002,0x1.43d70a3d70a3ep+1,0.01,0x1.47ae147ae147bp-7,2,0.49210412645235158,0.58196150303934124,0x1.f7ea24e55ba58p-2,0x1.29f6dbae2b81ep-1,-1.6534272247284576,-1.5559259110983577,-0x1.a74701b086573p+0,-0x1.8e5129172a9c7p+0,0.49210412645235158,0.598035954386959,0x1.f7ea24e55ba58p-2,0x1.3231c4c3d9287p-1,-1.6534272363339737,-1.5390973639191268,-0x1.a74701e25ebd9p+0,-0x1.8a0248eb64784p+0,0.49210412645235158,2.0616309700712008,0x1.f7ea24e55ba58p-2,0x1.07e3860c70333p+1,-1.6534272363339737,2.4610649331786534,-0x1.a74701e25ebd9p+0,0x1.3b042cfcaad8dp+1,33,10,3,3,-1.1987424087167605e-09,1.5999113227419364e-09,-0x1.4981ff75f99d2p-30,0x1.b7c7c025d00a4p-30,-1.1987352283813719e-07,1.5999041412338338e-07,-0x1.016d2a86488cp-23,0x1.5793a90b6e6ep-23,0,0.0099999999989999998,0x0p+0,0x1.47ae147a548aep-7,53,53,3,100
flowstar_vdp_stock_reach_v1,stepwise,254,2.54,0x1.451eb851eb852p+1,0.01,0x1.47ae147ae147bp-7,2,0.47556081442416054,0.56624248187324577,0x1.e6f96a04d7f4cp-2,0x1.21ea88da80bfdp-1,-1.6709836301215548,-1.5721832462455079,-0x1.abc5954b86001p+0,-0x1.927a99e9f18dep+0,0.47556081442416054,0.58248639705050342,0x1.e6f96a04d7f4cp-2,0x1.2a3ba83364c0cp-1,-1.6709836427017446,-1.5551189676590575,-0x1.abc595818e10bp+0,-0x1.8e1c46d37c24ap+0,0.47556081442416054,2.0616309700712008,0x1.e6f96a04d7f4cp-2,0x1.07e3860c70333p+1,-1.6709836427017446,2.4610649331786534,-0x1.abc595818e10bp+0,0x1.3b042cfcaad8dp+1,33,10,3,3,-1.2262652634885012e-09,1.6343645372164712e-09,-0x1.5112bf22835a6p-30,0x1.c1402e154b74ap-30,-1.2262580946592056e-07,1.6343573671054616e-07,-0x1.0756406e88a74p-23,0x1.5ef9bf1796cfap-23,0,0.0099999999989999998,0x0p+0,0x1.47ae147a548aep-7,54,54,3,100
flowstar_vdp_stock_reach_v1,stepwise,255,2.5500000000000003,0x1.4666666666667p+1,0.01,0x1.47ae147ae147bp-7,2,0.45884110556290614,0.55035934667357878,0x1.d5da7159d00aap-2,0x1.19c8b346059aep-1,-1.6887768978198407,-1.5886754174928701,-0x1.b053aeca60659p+0,-0x1.96b36ea2174d5p+0,0.45884110552275598,0.56677508359057227,0x1.d5da71591f759p-2,0x1.223058006b18ep-1,-1.688776927489992,-1.5713753306585347,-0x1.b053af49cf12bp+0,-0x1.9245a756eb6a7p+0,0.45884110552275598,2.0616309700712008,0x1.d5da71591f759p-2,0x1.07e3860c70333p+1,-1.688776927489992,2.4610649331786534,-0x1.b053af49cf12bp+0,0x1.3b042cfcaad8dp+1,33,10,3,3,-1.2537688104067727e-09,1.6685216420095917e-09,-0x1.58a222fd4b129p-30,0x1.caa3c5c7e62e2p-30,-1.2537616638528629e-07,1.6685144940659924e-07,-0x1.0d3e46c1b619fp-23,0x1.664f8deafd845p-23,0,0.0099999999989999998,0x0p+0,0x1.47ae147a548aep-7,55,55,3,100
flowstar_vdp_stock_reach_v1,stepwise,256,2.5600000000000001,0x1.47ae147ae147bp+1,0.01,0x1.47ae147ae147bp-7,2,0.44194266767322649,0.53430971164584551,0x1.c48c9e61743a7p-2,0x1.11910ae2e87f6p-1,-1.706805521745844,-1.6054038445299308,-0x1.b4f134e887d68p+0,-0x1.9afbbf1120f3ep+0,0.44194266749158972,0.55089962726793307,0x1.c48c9e5e5561ap-2,0x1.1a0f8414fd1d1p-1,-1.7068056090974091,-1.5878681750002692,-0x1.b4f1365fb3e64p+0,-0x1.967e8759fc40ap+0,0.44194266749158972,2.0616309700712008,0x1.c48c9e5e5561ap-2,0x1.07e3860c70333p+1,-1.7068056090974091,2.4610649331786534,-0x1.b4f1365fb3e64p+0,0x1.3b042cfcaad8dp+1,33,11,3,3,-1.2811481009974163e-09,1.7022094736670318e-09,-0x1.6028c870e792dp-30,0x1.d3e657ce2517cp-30,-1.2811409879930827e-07,1.7022023591678942e-07,-0x1.131f787ce863dp-23,0x1.6d8b90785dbd1p-23,0,0.0099999999989999998,0x0p+0,0x1.47ae147a548aep-7,56,56,3,100
flowstar_vdp_stock_reach_v1,stepwise,257,2.5699999999999998,0x1.48f5c28f5c28fp+1,0.01,0x1.47ae147ae147bp-7,2,0.42486317870703311,0.51809131537183839,0x1.b30f55474905bp-2,0x1.094343cfba32bp-1,-1.7250680136848577,-1.6223626916693248,-0x1.b99e0eae26f2fp+0,-0x1.9f53294ef8646p+0,0.42486317837275078,0.53485776217029135,0x1.b30f55418ad54p-2,0x1.11d8e06910f8bp-1,-1.7250681632399318,-1.6045920540248544,-0x1.b99e11307c7dfp+0,-0x1.9ac68b7b754d9p+0,0.42486317837275078,2.0616309700712008,0x1.b30f55418ad54p-2,0x1.07e3860c70333p+1,-1.7250681632399318,2.4610649331786534,-0x1.b99e11307c7dfp+0,0x1.3b042cfcaad8dp+1,33,11,3,3,-1.3084616373855428e-09,1.7354442168002447e-09,-0x1.67aacd5ec78e4p-30,0x1.dd0907b660dcp-30,-1.3084545696384156e-07,1.7354371474579401e-07,-0x1.18fd0cf9cdc8p-23,0x1.74aeaa887e422p-23,0,0.0099999999989999998,0x0p+0,0x1.47ae147a548aep-7,57,57,3,100
flowstar_vdp_stock_reach_v1,stepwise,258,2.5800000000000001,0x1.4a3d70a3d70a4p+1,0.01,0x1.47ae147ae147bp-7,2,0.40760033134947643,0.50170164554882379,0x1.a161fb33f0663p-2,0x1.00df09bff691fp-1,-1.7435625749968653,-1.6395581630008786,-0x1.be5a1dee241e1p+0,-0x1.a3ba1571fa864p+0,0.40760033085079733,0.51864696792573228,0x1.a161fb2b5f2f7p-2,0x1.098c186ad237bp-1,-1.7435627915158516,-1.621553552034686,-0x1.be5a21901542bp+0,-0x1.9f1e2232b39ccp+0,0.40760033085079733,2.0616309700712008,0x1.a161fb2b5f2f7p-2,0x1.07e3860c70333p+1,-1.7435627915158516,2.4610649331786534,-0x1.be5a21901542bp+0,0x1.3b042cfcaad8dp+1,33,11,3,3,-1.3357174899332374e-09,1.7681213925480927e-09,-0x1.6f28c328e4df9p-30,0x1.e6047b60e57aap-30,-1.3354143945566182e-07,1.7678181805947275e-07,-0x1.1ec72ec7c4afbp-23,0x1.7ba2d50f8216fp-23,0,0.0099999999989999998,0x0p+0,0x1.47ae147a548aep-7,58,58,3,100
flowstar_vdp_stock_reach_v1,stepwise,259,2.5899999999999999,0x1.4b851eb851eb8p+1,0.01,0x1.47ae147ae147bp-7,2,0.3901518395229629,0.48513830488501214,0x1.8f83f6bce6c65p-2,0x1.f0c81886126fbp-2,-1.7622868115439674,-1.656990351768163,-0x1.c3253a7dc0e27p+0,-0x1.a830850aa1bd6p+0,0.39015183884753007,0.50226483522535248,0x1.8f83f6b14c309p-2,0x1.0128db42728b2p-1,-1.7622871000308247,-1.6387531714104044,-0x1.c3253f54cb89ep+0,-0x1.a38553ed6c894p+0,0.39015183884753007,2.0616309700712008,0x1.8f83f6b14c309p-2,0x1.07e3860c70333p+1,-1.7622871000308247,2.4610649331786534,-0x1.c3253f54cb89ep+0,0x1.3b042cfcaad8dp+1,33,11,3,3,-1.3698554693008144e-09,1.8070869320377487e-09,-0x1.788b02530a756p-30,0x1.f0ba70228fb34p-30,-1.3695539168422322e-07,1.8067852560072595e-07,-0x1.261c05d7a4c1fp-23,0x1.840111e48de2bp-23,0,0.0099999999989999998,0x0p+0,0x1.47ae147a548aep-7,59,59,3,100
flowstar_vdp_stock_reach_v1,stepwise,260,2.6000000000000001,0x1.4cccccccccccdp+1,0.01,0x1.47ae147ae147bp-7,2,0.37251544197596198,0.46839889797142437,0x1.7d74b0222abe8p-2,0x1.dfa3f5f1142e7p-2,-1.7812378961245885,-1.6746589442350075,-0x1.c7ff34ee403e7p+0,-0x1.acb672d571788p+0,0.37251544111080115,0.48570895239850909,0x1.7d74b0134dbap-2,0x1.f15db007b43dep-2,-1.7812382618312814,-1.656191037945925,-0x1.c7ff3b10f3015p+0,-0x1.a7fc22c7e7f27p+0,0.37251544111080115,2.0616309700712008,0x1.7d74b0134dbap-2,0x1.07e3860c70333p+1,-1.7812382618312814,2.4610649331786534,-0x1.c7ff3b10f3015p+0,0x1.3b042cfcaad8dp+1,33,11,3,3,-1.4296313582755472e-09,1.8709932985101966e-09,-0x1.88f95d0276f66p-30,0x1.0125b971a7c8cp-29,-1.4293318763915083e-07,1.8706936866372438e-07,-0x1.32f259d4b975ep-23,0x1.91ba79180d129p-23,0,0.0099999999989999998,0x0p+0,0x1.47ae147a548aep-7,60,60,3,100
flowstar_vdp_stock_reach_v1,stepwise,261,2.6099999999999999,0x1.4e147ae147ae1p+1,0.01,0x1.47ae147ae147bp-7,2,0.35468890779092999,0.45148103446653587,0x1.6b3391acdd302p-2,0x1.ce510b57312c4p-2,-1.8004124605379366,-1.6925632654839717,-0x1.cce7d4bd52429p+0,-0x1.b14bd37faa24dp+0,0.35468890672244008,0.46897690828604621,0x1.6b33919a81eb7p-2,0x1.e03b7b8eabc94p-2,-1.8004129089679384,-1.673866948140796,-0x1.cce7dc435042ep+0,-0x1.ac828b581ebb6p+0,0.35468890672244008,2.0616309700712008,0x1.6b33919a81eb7p-2,0x1.07e3860c70333p+1,-1.8004129089679384,2.4610649331786534,-0x1.cce7dc435042ep+0,0x1.3b042cfcaad8dp+1,33,11,3,3,-1.4896879265287863e-09,1.9343690694566759e-09,-0x1.997b77f697c7ap-30,0x1.09db8fa40bbe7p-29,-1.4893910540615907e-07,1.9340720612995107e-07,-0x1.3fd8239cdd556p-23,0x1.9f56bc6ba932cp-23,0,0.0099999999989999998,0x0p+0,0x1.47ae147a548aep-7,61,61,3,100
flowstar_vdp_stock_reach_v1,stepwise,262,2.6200000000000001,0x1.4f5c28f5c28f6p+1,0.01,0x1.47ae147ae147bp-7,2,0.33667004153857577,0.43438233333606258,0x1.58c00807cdf8dp-2,0x1.bcceb8ee8de28p-2,-1.8198065732752275,-1.7107022371441176,-0x1.d1ded7f5434f6p+0,-0x1.b5f094f1ba5fap+0,0.33667004025252234,0.45206629615362071,0x1.58c007f1b5d96p-2,0x1.ceea77966a23ap-2,-1.8198071101859072,-1.6917803284413078,-0x1.d1dee0f746d87p+0,-0x1.b11883feabeb1p+0,0.33667004025252234,2.0616309700712008,0x1.58c007f1b5d96p-2,0x1.07e3860c70333p+1,-1.8198071101859072,2.4610649331786534,-0x1.d1dee0f746d87p+0,0x1.3b042cfcaad8dp+1,33,11,3,3,-1.5497592080394689e-09,1.9968225137040916e-09,-0x1.a9fe9bf7a50c6p-30,0x1.1270f241dd76ep-29,-1.5494654971237e-07,1.9965286622593387e-07,-0x1.4cbec43c6033bp-23,0x1.acc052ef822f9p-23,0,0.0099999999989999998,0x0p+0,0x1.47ae147a548aep-7,62,62,3,100
flowstar_vdp_stock_reach_v1,stepwise,263,2.6299999999999999,0x1.50a3d70a3d70ap+1,0.01,0x1.47ae147ae147bp-7,2,0.31845668958275325,0.41710042637005412,0x1.461982abcd285p-2,0x1.ab1c5fc9a0cebp-2,-1.839415644529429,-1.7290744045070627,-0x1.d6e3f19501315p+0,-0x1.baa49ec3b560ep+0,0.3184566880642648,0.43497471686715311,0x1.46198291b6c65p-2,0x1.bd6a031e20087p-2,-1.8394162759331403,-1.7099302638823703,-0x1.d6e3fc2cdcea4p+0,-0x1.b5bdfd61d0c01p+0,0.3184566880642648,2.0616309700712008,0x1.46198291b6c65p-2,0x1.07e3860c70333p+1,-1.8394162759331403,2.4610649331786534,-0x1.d6e3fc2cdcea4p+0,0x1.3b042cfcaad8dp+1,33,11,3,3,-1.6095439212479119e-09,2.0579142202136328e-09,-0x1.ba6d959da9eep-30,0x1.1ad66b6e3db5dp-29,-1.6092539354639426e-07,2.0576240900749718e-07,-0x1.5995abb347a9bp-23,0x1.b9df14a4439ffp-23,0,0.0099999999989999998,0x0p+0,0x1.47ae147a548aep-7,63,63,3,100
flowstar_vdp_stock_reach_v1,stepwise,264,2.6400000000000001,0x1.51eb851eb851fp+1,0.01,0x1.47ae147ae147bp-7,2,0.30004674630451811,0.39963296269921317,0x1.333f744a98b16p-2,0x1.99396224c96dfp-2,-1.8592344485279284,-1.7476778432796765,-0x1.dbf6c9f00628p+0,-0x1.bf67d0acd47c7p+0,0.30004674453808622,0.41769978305222732,0x1.333f742c3fd7ep-2,0x1.abb97def05bfp-2,-1.8592351806916025,-1.728315406370452,-0x1.dbf6d638a4a12p+0,-0x1.ba72e0e388b6fp+0,0.30004674453808622,2.0616309700712008,0x1.333f742c3fd7ep-2,0x1.07e3860c70333p+1,-1.8592351806916025,2.4610649331786534,-0x1.dbf6d638a4a12p+0,0x1.3b042cfcaad8dp+1,33,11,3,3,-1.6687028513491526e-09,2.1171536723412999e-09,-0x1.cab086287a0fcp-30,0x1.22fab8facc9ep-29,-1.6684171636067852e-07,2.1168678375863017e-07,-0x1.664a341d0df03p-23,0x1.c6980a43a312cp-23,0,0.0099999999989999998,0x0p+0,0x1.47ae147a548aep-7,64,64,3,100
flowstar_vdp_stock_reach_v1,stepwise,265,2.6499999999999999,0x1.5333333333333p+1,0.01,0x1.47ae147ae147bp-7,2,0.28143816074850431,0.38197761361341315,0x1.203153410b7c7p-2,0x1.872523b9184dbp-2,-1.879257060734294,-1.7665101485068793,-0x1.e116fda0a1814p+0,-0x1.c43a0253e39f5p+0,0.28143815871798783,0.40023912354041818,0x1.2031531e292e2p-2,0x1.99d848e8be425p-2,-1.8792579001773173,-1.746933965131737,-0x1.e1170bb602debp+0,-0x1.bf371078832dap+0,0.28143815871798783,2.0616309700712008,0x1.2031531e292e2p-2,0x1.07e3860c70333p+1,-1.8792579001773173,2.4610649331786534,-0x1.e1170bb602debp+0,0x1.3b042cfcaad8dp+1,33,11,3,3,-1.7268561891352523e-09,2.1739957685859183e-09,-0x1.daacb38f45148p-30,0x1.2acaad110dd26p-29,-1.7265753792741026e-07,2.1737148103760021e-07,-0x1.72c77c3bc7de6p-23,0x1.d2cd3c4803e8fp-23,0,0.0099999999989999998,0x0p+0,0x1.47ae147a548aep-7,65,65,3,100
flowstar_vdp_stock_reach_v1,stepwise,266,2.6600000000000001,0x1.547ae147ae148p+1,0.01,0x1.47ae147ae147bp-7,2,0.26262894385835495,0.36413207753862203,0x1.0cee9a136b2a9p-2,0x1.74df0a11cfc9bp-2,-1.8994768152751043,-1.7855684002108279,-0x1.e6441cd11de7p+0,-0x1.c91b02bbad321p+0,0.26262894154698879,0.38259038795885808,0x1.0cee99ebb5abap-2,0x1.87c5c6503061bp-2,-1.8994777687652487,-1.7657836738611659,-0x1.e6442cd053673p+0,-0x1.c40a661b0b604p+0,0.26262894154698879,2.0616309700712008,0x1.0cee99ebb5abap-2,0x1.07e3860c70333p+1,-1.8994777687652487,2.4610649331786534,-0x1.e6442cd053673p+0,0x1.3b042cfcaad8dp+1,33,11,3,3,-1.7835809159046219e-09,2.2278374103526749e-09,-0x1.ea4459649c7b8p-30,0x1.32310f7653929p-29,-1.7833055679983758e-07,2.2275619142335624e-07,-0x1.7ef642a9385d4p-23,0x1.de5d82e582742p-23,0,0.0099999999989999998,0x0p+0,0x1.47ae147a548aep-7,66,66,3,100
flowstar_vdp_stock_reach_v1,stepwise,267,2.6699999999999999,0x1.55c28f5c28f5cp+1,0.01,0x1.47ae147ae147bp-7,2,0.24361717572102162,0.34609408542384734,0x1.f2ed8fd3b9b2dp-3,0x1.62667ce8f014ep-2,-1.9198862596540471,-1.8048491269854523,-0x1.eb7daa7940ff6p+0,-0x1.ce0a97a69ddep+0,0.24361717311143125,0.36475125171487205,0x1.f2ed8f7a0f7fbp-3,0x1.75815a252968fp-2,-1.9198873342012002,-1.784861755799265,-0x1.eb7dbc8066164p+0,-0x1.c8ecb33509fabp+0,0.24361717311143125,2.0616309700712008,0x1.f2ed8f7a0f7fbp-3,0x1.07e3860c70333p+1,-1.9198873342012002,2.4610649331786534,-0x1.eb7dbc8066164p+0,0x1.3b042cfcaad8dp+1,33,12,3,3,-1.8384082456484542e-09,2.2780141689734005e-09,-0x1.f9567ac29e5c8p-30,0x1.39167f866ac45p-29,-1.8381389450019397e-07,2.2777447218628272e-07,-0x1.8abcc1d636768p-23,0x1.e92457208050ep-23,0,0.0099999999989999998,0x0p+0,0x1.47ae147a548aep-7,67,67,3,100
flowstar_vdp_stock_reach_v1,stepwise,268,2.6800000000000002,0x1.570a3d70a3d71p+1,0.01,0x1.47ae147ae147bp-7,2,0.22440101375083452,0.32786155217927915,0x1.cb92c239fe1dfp-3,0x1.4fbaf050e7388p-2,-1.9404771140186545,-1.8243409257455019,-0x1.f0c31baf58b9cp+0,-0x1.d30801c4d4cfcp+0,0.22440101082505601,0.3467195670172063,0x1.cb92c1d576b27p-3,0x1.630a7444e3838p-2,-1.9404783168660786,-1.8041575449223279,-0x1.f0c32fdd89747p+0,-0x1.cddd44d445e69p+0,0.22440101082505601,2.0616309700712008,0x1.cb92c1d576b27p-3,0x1.07e3860c70333p+1,-1.9404783168660786,2.4610649331786534,-0x1.f0c32fdd89747p+0,0x1.3b042cfcaad8dp+1,33,12,3,3,-1.8910414202600207e-09,2.3240699926450415e-09,-0x1.03e71adf0a444p-29,0x1.3f6af18176c18p-29,-1.8907787484442108e-07,2.3238071778582587e-07,-0x1.960aa9358bf5ep-23,0x1.f308a6903a071p-23,0,0.0099999999989999998,0x0p+0,0x1.47ae147a548aep-7,68,68,3,100
flowstar_vdp_stock_reach_v1,stepwise,269,2.6899999999999999,0x1.5851eb851eb85p+1,0.01,0x1.47ae147ae147bp-7,2,0.20497870099194782,0.30943215816614117,0x1.a3cbdf8918884p-3,0x1.3cdbc89e9dfa7p-2,-1.9612402185799613,-1.8440458489713338,-0x1.f613d6c6669c8p+0,-0x1.d8136385a80c1p+0,0.20497869773145491,0.3284929439348454,0x1.a3cbdf1910eefp-3,0x1.5060744caaedcp-2,-1.9612415571927959,-1.8236738745719416,-0x1.f613ed3bb2fcfp+0,-0x1.d2dc4a81db291p+0,0.20497869773145491,2.0616309700712008,0x1.a3cbdf1910eefp-3,0x1.07e3860c70333p+1,-1.9612415571927959,2.4610649331786534,-0x1.f613ed3bb2fcfp+0,0x1.3b042cfcaad8dp+1,33,12,3,3,-1.9408088339471971e-09,2.3650593924823286e-09,-0x1.0abe23e1fa32p-29,0x1.450d213287d3p-29,-1.9405533683149667e-07,2.3648037892154379e-07,-0x1.a0bb0cb5260fap-23,0x1.fbd6769321c9ep-23,0,0.0099999999989999998,0x0p+0,0x1.47ae147a548aep-7,69,69,3,100
flowstar_vdp_stock_reach_v1,stepwise,270,2.7000000000000002,0x1.599999999999ap+1,0.01,0x1.47ae147ae147bp-7,2,0.1853484534776271,0.29080389058695577,0x1.7b97f85067999p-3,0x1.29c87ebe7b6e2p-2,-1.9821780755666383,-1.8639459628297739,-0x1.fb7005b9682c7p+0,-0x1.dd2b9007dd77ep+0,0.18534844986336568,0.31006929134277827,0x1.7b97f7d438386p-3,0x1.3d82cde73e988p-2,-1.9821795576173389,-1.8433936368871904,-0x1.fb701e96c426ep+0,-0x1.d7e8a53815c16p+0,0.18534844986336568,2.0616309700712008,0x1.7b97f7d438386p-3,0x1.07e3860c70333p+1,-1.9821795576173389,2.4610649331786534,-0x1.fb701e96c426ep+0,0x1.3b042cfcaad8dp+1,33,11,3,3,-1.9927849997367574e-09,2.4059055974199081e-09,-0x1.11e2e39082484p-29,0x1.4aaa471aa387dp-29,-1.9925372976619595e-07,2.4056577649574463e-07,-0x1.abe4e579048ccp-23,0x1.024e3795898dbp-22,0,0.0099999999989999998,0x0p+0,0x1.47ae147a548aep-7,70,70,3,100
flowstar_vdp_stock_reach_v1,stepwise,271,2.71,0x1.5ae147ae147aep+1,0.01,0x1.47ae147ae147bp-7,2,0.16550813188038938,0.27197525458894184,0x1.52f5ed6d2fc64p-3,0x1.1680ae5f1f849p-2,-2.0033048527311217,-1.8840098655533339,-0x1.006c4b1d32fa5p+1,-0x1.e24e7875e496dp+0,0.1655081278928201,0.29144702756825835,0x1.52f5ece42cbe8p-3,0x1.2a7116efb035cp-2,-2.003306486081518,-1.8632863024029842,-0x1.006c58d0cadabp+1,-0x1.dd0054c3e7d45p+0,0.1655081278928201,2.0616309700712008,0x1.52f5ece42cbe8p-3,0x1.07e3860c70333p+1,-2.003306486081518,2.4610649331786534,-0x1.006c58d0cadabp+1,0x1.3b042cfcaad8dp+1,33,12,3,3,-2.0423289821367543e-09,2.441911474433971e-09,-0x1.18b21015f97c6p-29,0x1.4f9d1f367139p-29,-2.0420895910194098e-07,2.4416719621486297e-07,-0x1.b6891000f0102p-23,0x1.062c2af78eb34p-22,0,0.0099999999989999998,0x0p+0,0x1.47ae147a548aep-7,71,71,3,100
flowstar_vdp_stock_reach_v1,stepwise,272,2.7200000000000002,0x1.5c28f5c28f5c3p+1,0.01,0x1.47ae147ae147bp-7,2,0.14545664645455353,0.25294388453876843,0x1.29e52c9c10acap-3,0x1.0303b8bf44d2dp-2,-2.0245808033331962,-1.904258408800519,-0x1.032576b936765p+1,-0x1.e77d7aa4ee64fp+0,0.1454566420737036,0.2726236911968104,0x1.29e52c058a4f9p-3,0x1.172aaa37386d2p-2,-2.0245825960128325,-1.8833736425164551,-0x1.032585c2f683cp+1,-0x1.e224c668c1ae9p+0,0.1454566420737036,2.0616309700712008,0x1.29e52c058a4f9p-3,0x1.07e3860c70333p+1,-2.0245825960128325,2.4610649331786534,-0x1.032585c2f683cp+1,0x1.3b042cfcaad8dp+1,33,12,3,3,-2.087927769736744e-09,2.4710839880374254e-09,-0x1.1ef66d7397324p-29,0x1.539f89dafef96p-29,-2.0876972246221604e-07,2.4708533329229634e-07,-0x1.c0545e624bef9p-23,0x1.094e4c9bc68dep-22,0,0.0099999999989999998,0x0p+0,0x1.47ae147a548aep-7,72,72,3,100
flowstar_vdp_stock_reach_v1,stepwise,273,2.73,0x1.5d70a3d70a3d7p+1,0.01,0x1.47ae147ae147bp-7,2,0.12519293988957556,0.23370758018621948,0x1.006527f42066bp-3,0x1.dea2146dd11f3p-3,-2.0459869978015162,-1.9246897134187364,-0x1.05e2e6e5cca36p+1,-0x1.ecb8770e14c2p+0,0.12519293509510046,0.25359697675678572,0x1.0065274f63c09p-3,0x1.03aeed0623b42p-2,-2.0459889579819315,-1.9036547462201268,-0x1.05e2f7574137cp+1,-0x1.e755eadde3fffp+0,0.12519293509510046,2.0616309700712008,0x1.0065274f63c09p-3,0x1.07e3860c70333p+1,-2.0459889579819315,2.4610649331786534,-0x1.05e2f7574137cp+1,0x1.3b042cfcaad8dp+1,33,12,3,3,-2.1292685728380125e-09,2.4927685461095518e-09,-0x1.24a4fa4d6abd4p-29,0x1.569a7efda26e3p-29,-2.1290473869618801e-07,2.4925472632871721e-07,-0x1.c9359e2edc4b2p-23,0x1.0ba29e1275171p-22,0,0.0099999999989999998,0x0p+0,0x1.47ae147a548aep-7,73,73,3,100
flowstar_vdp_stock_reach_v1,stepwise,274,2.7400000000000002,0x1.5eb851eb851ecp+1,0.01,0x1.47ae147ae147bp-7,2,0.10471582322271576,0.21426448966518077,0x1.acea7fc1d8317p-4,0x1.b6d04cfe72dadp-3,-2.0675093528427158,-1.9452950847633248,-0x1.08a4257f51197p+1,-0x1.f1fedbd220c67p+0,0.1047158179939718,0.23436491723235769,0x1.acea7e5a87281p-4,0x1.dffab6b6bde5ap-3,-2.0675114888073027,-1.9241219362304691,-0x1.08a4376a440cap+1,-0x1.ec934155a045ap+0,0.1047158179939718,2.0616309700712008,0x1.acea7e5a87281p-4,0x1.07e3860c70333p+1,-2.0675114888073027,2.4610649331786534,-0x1.08a4376a440cap+1,0x1.3b042cfcaad8dp+1,33,12,3,3,-2.1697547035883568e-09,2.5100538268052522e-09,-0x1.2a3574f2fa4d6p-29,0x1.58faaaf549fap-29,-2.1695433621544619e-07,2.5098424032376544e-07,-0x1.d1e7e85de3ef9p-23,0x1.0d7e05cccaba8p-22,0,0.0099999999989999998,0x0p+0,0x1.47ae147a548aep-7,74,74,3,100
flowstar_vdp_stock_reach_v1,stepwise,275,2.75,0x1.6p+1,0.01,0x1.47ae147ae147bp-7,2,0.084024254045714522,0.19461285179190851,0x1.5829d0f3277bdp-4,0x1.8e912ece9ece6p-3,-2.0891326178833638,-1.9660649264583072,-0x1.0b68b297686fdp+1,-0x1.f75007f0f379ap+0,0.084024248361843051,0.21492562586666947,0x1.5829cf6c8fc26p-4,0x1.b82aed315b7fap-3,-2.0891349379924473,-1.9447666833703918,-0x1.0b68c60dcde4fp+1,-0x1.f1dc3ab76d1ccp+0,0.084024248361843051,2.0616309700712008,0x1.5829cf6c8fc26p-4,0x1.07e3860c70333p+1,-2.0891349379924473,2.4610649331786534,-0x1.0b68c60dcde4fp+1,0x1.3b042cfcaad8dp+1,33,12,3,3,-2.2042993366625825e-09,2.5175199889049439e-09,-0x1.2ef4e357a8658p-29,0x1.5a015c2af8e23p-29,-2.2040982904269929e-07,2.5173188769039406e-07,-0x1.d95395bf905fdp-23,0x1.0e4b88ce661fbp-22,0,0.0099999999989999998,0x0p+0,0x1.47ae147a548aep-7,75,75,3,100
flowstar_vdp_stock_reach_v1,stepwise,276,2.7600000000000002,0x1.6147ae147ae15p+1,0.01,0x1.47ae147ae147bp-7,2,0.063117347985422984,0.17475100519191672,0x1.0287561685b4ep-4,0x1.65e3dae1f073ep-3,-2.1108403044083031,-1.9869887118759932,-0x1.0e3003dd41949p+1,-0x1.fcab4acf074f9p+0,0.063117341825447301,0.19527730478848532,0x1.0287546f3644bp-4,0x1.8fed8c2dbd94ap-3,-2.1108428170590781,-1.9655795784535777,-0x1.0e3018f121f3cp+1,-0x1.f730392724c1dp+0,0.063117341825447301,2.0616309700712008,0x1.0287546f3644bp-4,0x1.07e3860c70333p+1,-2.1108428170590781,2.4610649331786534,-0x1.0e3018f121f3cp+1,0x1.3b042cfcaad8dp+1,33,12,3,3,-2.2320426654009546e-09,2.5139562478173011e-09,-0x1.32c50508480fdp-29,0x1.5983f8d77fa51p-29,-2.2318523254477069e-07,2.5137658597321843e-07,-0x1.df496110fc5e5p-23,0x1.0de9deabacb3ap-22,0,0.0099999999989999998,0x0p+0,0x1.47ae147a548aep-7,76,76,3,100
flowstar_vdp_stock_reach_v1,stepwise,277,2.77,0x1.628f5c28f5c29p+1,0.01,0x1.47ae147ae147bp-7,2,0.041994391385428022,0.15467739823084503,0x1.58049f33b4f0dp-5,0x1.3cc780f6a79fcp-3,-2.1326146566944431,-2.0080549130951382,-0x1.10f9845ebc88p+1,-0x1.0107f182286a3p+1,0.041994384728363809,0.17541825444004719,0x1.58049ba0c451p-5,0x1.6741af8f8801bp-3,-2.1326173702754039,-1.9865502613989519,-0x1.10f99b221b70ep+1,-0x1.fc8e8ed491999p+0,0.041994384728363809,2.0616309700712008,0x1.58049ba0c451p-5,0x1.07e3860c70333p+1,-2.1326173702754039,2.4610649331786534,-0x1.10f99b221b70ep+1,0x1.3b042cfcaad8dp+1,33,12,3,3,-2.3441901817833616e-09,2.5901998939524916e-09,-0x1.422edc0eeebb2p-29,0x1.63fe8e8defb83p-29,-2.3440109222963058e-07,2.590020604844492e-07,-0x1.f75f5cfcf6fdfp-23,0x1.1619f1bc5804ep-22,0,0.0099999999989999998,0x0p+0,0x1.47ae147a548aep-7,77,77,3,100
flowstar_vdp_stock_reach_v1,stepwise,278,2.7800000000000002,0x1.63d70a3d70a3ep+1,0.01,0x1.47ae147ae147bp-7,2,0.020654853987869572,0.13439059939107639,0x1.5268bc986b65ap-6,0x1.133b60ea3232ap-3,-2.1544366123973768,-2.0292509401764853,-0x1.13c49433c6a02p+1,-0x1.03be7eabb7b68p+1,0.020654846812849743,0.15534688345055275,0x1.5268b4e42a432p-6,0x1.3e2681bfa52aap-3,-2.1544395352368921,-2.0076673603805473,-0x1.13c4acb886a46p+1,-0x1.00fb3e7b0a616p+1,0.020654846812849743,2.0616309700712008,0x1.5268b4e42a432p-6,0x1.07e3860c70333p+1,-2.1544395352368921,2.4610649331786534,-0x1.13c4acb886a46p+1,0x1.3b042cfcaad8dp+1,33,12,3,3,-2.5102593275454719e-09,2.7153842195516453e-09,-0x1.5901e5f1bbf43p-29,0x1.753316b7fb7aep-29,-2.5100914670061626e-07,2.7152163482846417e-07,-0x1.0d84de6e309fp-22,0x1.238b4c75bef9ap-22,0,0.0099999999989999998,0x0p+0,0x1.47ae147a548aep-7,78,78,3,100
flowstar_vdp_stock_reach_v1,stepwise,279,2.79,0x1.651eb851eb852p+1,0.01,0x1.47ae147ae147bp-7,2,-0.00090159756781611994,0.1138893079605158,-0x1.d8b2608b1b696p-11,0x1.d27d9850df2eap-4,-2.1762856948804576,-2.0505631492079082,-0x1.1690879721d15p+1,-0x1.0678da701d88bp+1,-0.00090160528140130816,0.13506171882466908,-0x1.d8b369948519fp-11,0x1.149b3d0a59173p-3,-2.1762888351891547,-2.0289184994293703,-0x1.1690a1eee4c8p+1,-0x1.03b399f4a6369p+1,-0.00090160528140130816,2.0616309700712008,-0x1.d8b369948519fp-11,0x1.07e3860c70333p+1,-2.1762888351891547,2.4610649331786534,-0x1.1690a1eee4c8p+1,0x1.3b042cfcaad8dp+1,33,12,3,3,-2.6842317088889077e-09,2.8430919398886709e-09,-0x1.70eb01d90d1c7p-29,0x1.86c0679a24e33p-29,-2.6840755031431467e-07,2.8429357420803702e-07,-0x1.20334e3e50deep-22,0x1.314205cb77f41p-22,0,0.0099999999989999998,0x0p+0,0x1.47ae147a548aep-7,79,79,3,100
flowstar_vdp_stock_reach_v1,stepwise,280,2.8000000000000003,0x1.6666666666667p+1,0.01,0x1.47ae147ae147bp-7,2,-0.022675085875646237,0.093172365348373337,-0x1.7382341145e99p-6,0x1.7da24e60fee1ep-4,-2.1981400105541868,-2.0719767465180627,-0x1.195ca6e0adfe7p+1,-0x1.093688b62f0c4p+1,-0.022675094147992993,0.11456141676428945,-0x1.73823cf32890ap-6,0x1.d53e5a262d421p-4,-2.198143376360834,-2.0502902018484761,-0x1.195cc31cb1c44p+1,-0x1.066fe8ca1fcdp+1,-0.022675094147992993,2.0616309700712008,-0x1.73823cf32890ap-6,0x1.07e3860c70333p+1,-2.198143376360834,2.4610649331786534,-0x1.195cc31cb1c44p+1,0x1.3b042cfcaad8dp+1,33,12,3,3,-2.863919773617888e-09,2.9707238430463676e-09,-0x1.899d380cf2179p-29,0x1.984b0d95cafbep-29,-2.863775414067119e-07,2.9705795091387826e-07,-0x1.337edbf310f19p-22,0x1.3ef6aaf42c38cp-22,0,0.0099999999989999998,0x0p+0,0x1.47ae147a548aep-7,80,80,3,100
flowstar_vdp_stock_reach_v1,stepwise,281,2.8100000000000001,0x1.67ae147ae147bp+1,0.01,0x1.47ae147ae147bp-7,2,-0.044665508568523478,0.072238766979381697,-0x1.6de65c51f3d81p-5,0x1.27e3d65ae07f8p-4,-2.2199761931365223,-2.0934757478918464,-0x1.1c282e0db5c0bp+1,-0x1.0bf7036815125p+1,-0.044665517419241511,0.093844774078717871,-0x1.6de6611262ccfp-5,0x1.806360b918fe3p-4,-2.2199797922171283,-2.0717678482351745,-0x1.1c284c3ead3d9p+1,-0x1.092fb0588984dp+1,-0.044665517419241511,2.0616309700712008,-0x1.6de6611262ccfp-5,0x1.07e3860c70333p+1,-2.2199797922171283,2.4610649331786534,-0x1.1c284c3ead3d9p+1,0x1.3b042cfcaad8dp+1,33,12,3,3,-3.0491070357087434e-09,3.0976415196557934e-09,-0x1.a310ea9ea21fap-29,0x1.a9bc926325fd3p-29,-3.0489746433627134e-07,3.0975091688438347e-07,-0x1.476193ab158bbp-22,0x1.4c97af076ec67p-22,0,0.0099999999989999998,0x0p+0,0x1.47ae147a548aep-7,81,81,3,100
flowstar_vdp_stock_reach_v1,stepwise,282,2.8199999999999998,0x1.68f5c28f5c28fp+1,0.01,0x1.47ae147ae147bp-7,2,-0.066872700734332907,0.051087852111946622,-0x1.11e91bea62f06p-4,0x1.a282fdc165f3ap-5,-2.2418047991738344,-2.1150074892462829,-0x1.1ef375ac3bd5fp+1,-0x1.0eb890be8dce4p+1,-0.06687271137456334,0.072910918725237445,-0x1.11e91ec593da3p-4,0x1.2aa4a3b723abep-4,-2.2418089966662271,-2.0932998278353869,-0x1.1ef398e247aebp+1,-0x1.0bf13faea340ep+1,-0.06687271137456334,2.0616309700712008,-0x1.11e91ec593da3p-4,0x1.07e3860c70333p+1,-2.2418089966662271,2.4610649331786534,-0x1.1ef398e247aebp+1,0x1.3b042cfcaad8dp+1,33,12,3,3,-3.2406635995900337e-09,3.2242872015147346e-09,-0x1.bd64b6c253f58p-29,0x1.bb2485474f57fp-29,-3.2405299753582374e-07,3.2241535757261989e-07,-0x1.5bf3027bcd717p-22,0x1.5a30dbd0e3ebp-22,0,0.0099999999989999998,0x0p+0,0x1.47ae147a548aep-7,82,82,3,100
flowstar_vdp_stock_reach_v1,stepwise,283,2.8300000000000001,0x1.6a3d70a3d70a4p+1,0.01,0x1.47ae147ae147bp-7,2,-0.089296318229326516,0.029719214928096836,-0x1.6dc1f9e72bb02p-4,0x1.e6eb6c0b74426p-6,-2.2636499464220758,-2.1365028984387346,-0x1.21bf480cbccbcp+1,-0x1.1178ed4e4d41fp+1,-0.089296368500639586,0.051759254694684856,-0x1.6dc20765c9fafp-4,0x1.a8030645ba6aap-5,-2.2636660964725648,-2.1148075342053958,-0x1.21bfcf86b4f26p+1,-0x1.0eb203665f8fdp+1,-0.089296368500639586,2.0616309700712008,-0x1.6dc20765c9fafp-4,0x1.07e3860c70333p+1,-2.2636660964725648,2.4610649331786534,-0x1.21bfcf86b4f26p+1,0x1.3b042cfcaad8dp+1,33,12,3,3,-3.4665863620879284e-09,3.3782221048458368e-09,-0x1.dc71aa18db219p-29,0x1.d04c9fa007aa6p-29,-3.466437642123198e-07,3.3780733538920312e-07,-0x1.7434b65d58fedp-22,0x1.6ab7c5f720997p-22,0,0.0099999999989999998,0x0p+0,0x1.47ae147a548aep-7,83,83,3,100
flowstar_vdp_stock_reach_v1,stepwise,284,2.8399999999999999,0x1.6b851eb851eb8p+1,0.01,0x1.47ae147ae147bp-7,2,-0.11193510375105778,0.0081319994560553662,-0x1.ca7c769e299dap-4,0x1.0a7827db80203p-7,-2.2854054666002681,-2.1580202563377409,-0x1.24882a9492ea3p+1,-0x1.143a01fc89becp+1,-0.1119351961640129,0.030388649106245037,-0x1.ca7c8f6cbb83ep-4,0x1.f1e33b852e27ap-6,-2.2854343239072006,-2.1363613437497686,-0x1.24891ca72b2c9p+1,-0x1.117449dbec03fp+1,-0.1119351961640129,2.0616309700712008,-0x1.ca7c8f6cbb83ep-4,0x1.07e3860c70333p+1,-2.2854343239072006,2.4610649331786534,-0x1.24891ca72b2c9p+1,0x1.3b042cfcaad8dp+1,33,12,3,3,-3.7000550107232913e-09,3.5321844308773716e-09,-0x1.fc881cbc2eb1dp-29,0x1.e575b0f931296p-29,-3.6998901797900695e-07,3.5320195300568434e-07,-0x1.8d45ce8e01774p-22,0x1.7b3f69dfc58fdp-22,0,0.0099999999989999998,0x0p+0,0x1.47ae147a548aep-7,84,84,3,100
flowstar_vdp_stock_reach_v1,stepwise,285,2.8500000000000001,0x1.6cccccccccccdp+1,0.01,0x1.47ae147ae147bp-7,2,-0.13478790481642902,-0.013674052153201463,-0x1.140bae58a9d3dp-3,-0x1.c0124366a156bp-7,-2.3070418074865273,-2.1795382153466312,-0x1.274d255cd466p+1,-0x1.16fb1bb5a5e2ep+1,-0.13478804194384586,0.0087985874404317051,-0x1.140bc0c053578p-3,0x1.204fe6a76117ap-7,-2.3070841452553124,-2.157941424632031,-0x1.274e88847eef6p+1,-0x1.14376cb2bd366p+1,-0.13478804194384586,2.0616309700712008,-0x1.140bc0c053578p-3,0x1.07e3860c70333p+1,-2.3070841452553124,2.4610649331786534,-0x1.274e88847eef6p+1,0x1.3b042cfcaad8dp+1,33,12,3,3,-3.9409390476740541e-09,3.6856149156664372e-09,-0x1.0ed1bba06882cp-28,0x1.fa8c0bebf173cp-29,-3.9407570845287611e-07,3.6854328328478639e-07,-0x1.a722b4b6f9ff1p-22,0x1.8bb8680515c6p-22,0,0.0099999999989999998,0x0p+0,0x1.47ae147a548aep-7,85,85,3,100
flowstar_vdp_stock_reach_v1,stepwise,286,2.8599999999999999,0x1.6e147ae147ae1p+1,0.01,0x1.47ae147ae147bp-7,2,-0.15792009685592426,-0.035632146730768144,-0x1.436b9c9b04ce9p-3,-0x1.23e6071ca3348p-5,-2.3285293169554468,-2.2010324430762056,-0x1.2a0d3fa80ce91p+1,-0x1.19bb6e5c3940ap+1,-0.1579202813262745,-0.012944409328879681,-0x1.436bb55d5f2aep-3,-0x1.a829935de5cdap-7,-2.3285859248879603,-2.1795249966021655,-0x1.2a0f1a84a8ecp+1,-0x1.16faacd29c439p+1,-0.1579202813262745,2.0616309700712008,-0x1.436bb55d5f2aep-3,0x1.07e3860c70333p+1,-2.3285859248879603,2.4610649331786534,-0x1.2a0f1a84a8ecp+1,0x1.3b042cfcaad8dp+1,33,12,3,3,-4.1954477282016792e-09,3.8427566686660521e-09,-0x1.204f18d34c335p-28,0x1.08127d8046c61p-28,-4.1952475472824513e-07,3.8425563054598918e-07,-0x1.c2761624446d6p-22,0x1.9c97622a2af03p-22,0,0.0099999999989999998,0x0p+0,0x1.47ae147a548aep-7,86,86,3,100
flowstar_vdp_stock_reach_v1,stepwise,287,2.8700000000000001,0x1.6f5c28f5c28f6p+1,0.01,0x1.47ae147ae147bp-7,2,-0.1812930388002848,-0.057778952374849354,-0x1.7349c3c51e11cp-3,-0x1.d9533edb1b9a6p-5,-2.3498349435540296,-2.2224788331533452,-0x1.2cc76434c8021p+1,-0x1.1c7a2fb83911ep+1,-0.18129327328997821,-0.03487729734252535,-0x1.7349e33e1f39bp-3,-0x1.1db6fe6eb03e5p-5,-2.3499066255045897,-2.2010895376752631,-0x1.2cc9bd8499145p+1,-0x1.19bd4d4df106ap+1,-0.18129327328997821,2.0616309700712008,-0x1.7349e33e1f39bp-3,0x1.07e3860c70333p+1,-2.3499066255045897,2.4610649331786534,-0x1.2cc9bd8499145p+1,0x1.3b042cfcaad8dp+1,33,14,3,3,-4.4612003464806314e-09,4.0012335087080634e-09,-0x1.32924437d1295p-28,0x1.12f671bd249dep-28,-4.4609808962862673e-07,4.0010137992924074e-07,-0x1.defe8258e3817p-22,0x1.ad9b07a63d2f1p-22,0,0.0099999999989999998,0x0p+0,0x1.47ae147a548aep-7,87,87,3,100
flowstar_vdp_stock_reach_v1,stepwise,288,2.8799999999999999,0x1.70a3d70a3d70ap+1,0.01,0x1.47ae147ae147bp-7,2,-0.20488340052451959,-0.080127355295608327,-0x1.a399e885f7f94p-3,-0x1.48339f28275dp-4,-2.3709230276315885,-2.2438529802424498,-0x1.2f7a67e08167bp+1,-0x1.1f36930f9633dp+1,-0.20488368774901494,-0.057013266975933091,-0x1.a39a0f12ed5a6p-3,-0x1.d30d7ca33125cp-5,-2.371010598908784,-2.2226122543491464,-0x1.2f7d467a642c4p+1,-0x1.1c7e8ef00f285p+1,-0.20488368774901494,2.0616309700712008,-0x1.a39a0f12ed5a6p-3,0x1.07e3860c70333p+1,-2.371010598908784,2.4610649331786534,-0x1.2f7d467a642c4p+1,0x1.3b042cfcaad8dp+1,33,14,3,3,-4.7374376181831365e-09,4.1599969996696584e-09,-0x1.458de24abc9d9p-28,0x1.1ddf70f004e48p-28,-4.7371978742401723e-07,4.1597569037361817e-07,-0x1.fca71a887bbc1p-22,0x1.bea686f0a5b1fp-22,0,0.0099999999989999998,0x0p+0,0x1.47ae147a548aep-7,88,88,3,100
flowstar_vdp_stock_reach_v1,stepwise,289,2.8900000000000001,0x1.71eb851eb851fp+1,0.01,0x1.47ae147ae147bp-7,2,-0.22868163786808721,-0.10269105311590948,-0x1.d45709deb6942p-3,-0x1.a49f5fab9815cp-4,-2.3917570692594956,-2.2651277197850597,-0x1.3225187c3921bp+1,-0x1.21efb482deb48p+1,-0.22868198057176259,-0.079366336359740455,-0x1.d45737ddebfc8p-3,-0x1.4515a2b118409p-4,-2.3918613535543338,-2.2440676158252253,-0x1.322883490a842p+1,-0x1.1f3d9b8dfdb35p+1,-0.22868198057176259,2.0616309700712008,-0x1.d45737ddebfc8p-3,0x1.07e3860c70333p+1,-2.3918613535543338,2.4610649331786534,-0x1.322883490a842p+1,0x1.3b042cfcaad8dp+1,33,14,3,3,-5.0227731684811772e-09,4.317578078565711e-09,-0x1.59298f5eb447bp-28,0x1.28b3a30698f7p-28,-5.0225121488203891e-07,4.3173165970544615e-07,-0x1.0da4e1a060d59p-21,0x1.cf917eb7180e9p-22,0,0.0099999999989999998,0x0p+0,0x1.47ae147a548aep-7,89,89,3,100
flowstar_vdp_stock_reach_v1,stepwise,290,2.8999999999999999,0x1.7333333333333p+1,0.01,0x1.47ae147ae147bp-7,2,-0.2526849358163511,-0.12546900755069379,-0x1.02bfd6fe17a42p-2,-0x1.00f5e520bc054p-3,-2.4122990040123007,-2.2862742789481532,-0x1.34c636b933fe8p+1,-0x1.24a4a2b4e257ap+1,-0.25268533676107346,-0.10193580421635588,-0x1.02bff1e6452dbp-2,-0x1.a1877016694c3p-4,-2.412420829934796,-2.265428498684519,-0x1.34ca34ac612b1p+1,-0x1.21f98fa0a360bp+1,-0.25268533676107346,2.0616309700712008,-0x1.02bff1e6452dbp-2,0x1.07e3860c70333p+1,-2.412420829934796,2.4610649331786534,-0x1.34ca34ac612b1p+1,0x1.3b042cfcaad8dp+1,33,14,3,3,-5.3187198593012286e-09,4.4751097337952379e-09,-0x1.6d7fe8c6c4947p-28,0x1.3386f68791655p-28,-5.3184366218518377e-07,4.4748259063891055e-07,-0x1.1d88094dac50cp-21,0x1.e07b13f1d3215p-22,0,0.0099999999989999998,0x0p+0,0x1.47ae147a548aep-7,90,90,3,100
flowstar_vdp_stock_reach_v1,stepwise,291,2.9100000000000001,0x1.747ae147ae148p+1,0.01,0x1.47ae147ae147bp-7,2,-0.276890089944063,-0.14845988481551844,-0x1.1b89136395c25p-2,-0x1.300bbc706795dp-3,-2.432509032513174,-2.3072623234179743,-0x1.375c74baef31p+1,-0x1.27545f2f2fc43p+1,-0.27689055189640366,-0.12472069035510036,-0x1.1b893263dda3ap-2,-0x1.fedb1f635aedp-4,-2.4326492297216729,-2.2866662266206021,-0x1.37610cca25a79p+1,-0x1.24b17a9a1a02dp+1,-0.27689055189640366,2.0616309700712008,-0x1.1b893263dda3ap-2,0x1.07e3860c70333p+1,-2.4326492297216729,2.4610649331786534,-0x1.37610cca25a79p+1,0x1.3b042cfcaad8dp+1,33,14,3,3,-5.6237755664740108e-09,4.6307589627548193e-09,-0x1.8276818baba1fp-28,0x1.3e392c56cf99p-28,-5.6234692210686333e-07,4.6304518801843352e-07,-0x1.2de85f59b4f2dp-21,0x1.f130e460dcb0ep-22,0,0.0099999999989999998,0x0p+0,0x1.47ae147a548aep-7,91,91,3,100
flowstar_vdp_stock_reach_v1,stepwise,292,2.9199999999999999,0x1.75c28f5c28f5cp+1,0.01,0x1.47ae147ae147bp-7,2,-0.30129348940540029,-0.17166203986106057,-0x1.348647cdf9c55p-2,-0x1.5f9058f957dddp-3,-2.4523456356637836,-2.3280599396809407,-0x1.39e67637d5073p+1,-0x1.29fdde3c0758p+1,-0.30129401512245219,-0.14771971991453825,-0x1.34866b15b9d11p-2,-0x1.2e87ad300eca4p-3,-2.4525050305740601,-2.3077505448404652,-0x1.39ebaf51cba82p+1,-0x1.27645eaeb53edp+1,-0.30129401512245219,2.0616309700712008,-0x1.34866b15b9d11p-2,0x1.07e3860c70333p+1,-2.4525050305740601,2.4610649331786534,-0x1.39ebaf51cba82p+1,0x1.3b042cfcaad8dp+1,33,14,3,3,-5.9375251423524199e-09,4.783839866495057e-09,-0x1.98060c04c30e3p-28,0x1.48be3370ad7dbp-28,-5.9371948641711776e-07,4.7835086843944802e-07,-0x1.3ec02f5394db1p-21,0x1.00d00af1b6669p-21,0,0.0099999999989999998,0x0p+0,0x1.47ae147a548aep-7,92,92,3,100
flowstar_vdp_stock_reach_v1,stepwise,293,2.9300000000000002,0x1.770a3d70a3d71p+1,0.01,0x1.47ae147ae147bp-7,2,-0.32589110036409119,-0.19507349989182188,-0x1.4db665887c228p-2,-0x1.8f82b1f2d025cp-3,-2.4717656002442423,-2.3486336241234693,-0x1.3c62d0b036a26p+1,-0x1.2ca006cef2b89p+1,-0.32589169257785489,-0.17093130680178381,-0x1.4db68d46a3cfep-2,-0x1.5e113ba49c10cp-3,-2.4719450113087595,-2.3286496004402468,-0x1.3c68b1b28a6dbp+1,-0x1.2a1130aaddfe7p+1,-0.32589169257785489,2.0616309700712008,-0x1.4db68d46a3cfep-2,0x1.07e3860c70333p+1,-2.4719450113087595,2.4610649331786534,-0x1.3c68b1b28a6dbp+1,0x1.3b042cfcaad8dp+1,33,14,3,3,-6.2598633251003628e-09,4.9340484675883185e-09,-0x1.ae2cae23686e2p-28,0x1.5310b2d70e169p-28,-6.2595083689138738e-07,4.9336924212742015e-07,-0x1.500e07278d778p-21,0x1.08e026fe0091fp-21,0,0.0099999999989999998,0x0p+0,0x1.47ae147a548aep-7,93,93,3,100
flowstar_vdp_stock_reach_v1,stepwise,294,2.9399999999999999,0x1.7851eb851eb85p+1,0.01,0x1.47ae147ae147bp-7,2,-0.35067844975053658,-0.21869194785807428,-0x1.671840645cb4fp-2,-0x1.bfe1905f977bap-3,-2.4907240568414259,-2.3689482786836922,-0x1.3ed00bbfbf478p+1,-0x1.2f39b27b6e547p+1,-0.35067911115085493,-0.19435353700920122,-0x1.67186cc72211cp-2,-0x1.8e093a2a88144p-3,-2.4909242893931727,-2.3493299284708673,-0x1.3ed69b6be0bb5p+1,-0x1.2cb6d7d525f04p+1,-0.35067911115085493,2.0616309700712008,-0x1.67186cc72211cp-2,0x1.07e3860c70333p+1,-2.4909242893931727,2.4610649331786534,-0x1.3ed69b6be0bb5p+1,0x1.3b042cfcaad8dp+1,33,14,3,3,-6.5906344571420066e-09,5.0811150358737871e-09,-0x1.c4e7aae2a4531p-28,0x1.5d2bebc83d75ep-28,-6.5902541722950764e-07,5.0807334560039255e-07,-0x1.61cfc37eeccc5p-21,0x1.10c511a3d87a7p-21,0,0.0099999999989999998,0x0p+0,0x1.47ae147a548aep-7,94,94,3,100
flowstar_vdp_stock_reach_v1,stepwise,295,2.9500000000000002,0x1.799999999999ap+1,0.01,0x1.47ae147ae147bp-7,2,-0.37565060949894497,-0.24251470589903129,-0x1.80aa8daa14ed1p-2,-0x1.f0ab8cd5154b6p-3,-2.509174530103,-2.3889672147786736,-0x1.412ca1895fd09p+1,-0x1.31c9ad7d5865fp+1,-0.37565134271498196,-0.2179841517777556,-0x1.80aabedea328dp-2,-0x1.be6e7997743eep-3,-2.509396370763016,-2.3697564454074813,-0x1.4133e678906a5p+1,-0x1.2f542de04152ep+1,-0.37565134271498196,2.0616309700712008,-0x1.80aabedea328dp-2,0x1.07e3860c70333p+1,-2.509396370763016,2.4610649331786534,-0x1.4133e678906a5p+1,0x1.3b042cfcaad8dp+1,33,14,3,3,-6.9297266372550091e-09,5.224911390940753e-09,-0x1.dc350a4d23608p-28,0x1.670d9cfe47e6ep-28,-6.9293204833394662e-07,5.2245037200107313e-07,-0x1.7403db0556f4dp-21,0x1.187d084953c4bp-21,0,0.0099999999989999998,0x0p+0,0x1.47ae147a548aep-7,95,95,3,100
flowstar_vdp_stock_reach_v1,stepwise,296,2.96,0x1.7ae147ae147aep+1,0.01,0x1.47ae147ae147bp-7,2,-0.40080218140491752,-0.26653871881070251,-0x1.9a6be31532c52p-2,-0x1.10ef86a1a38a5p-2,-2.5270690030259071,-2.408652165456219,-0x1.4376ff415da4fp+1,-0x1.344eb6d3097a3p+1,-0.40080298898519501,-0.24182053067174919,-0x1.9a6c194752645p-2,-0x1.ef3f9a35e468ap-3,-2.5273132136790326,-2.3898924499717924,-0x1.437effd7c0037p+1,-0x1.31e7feeccb077p+1,-0.40080298898519501,2.0616309700712008,-0x1.9a6c194752645p-2,0x1.07e3860c70333p+1,-2.5273132136790326,2.4610649331786534,-0x1.437effd7c0037p+1,0x1.3b042cfcaad8dp+1,33,14,3,3,-7.2770433494117813e-09,5.3654360561950745e-09,-0x1.f41319b77e3a8p-28,0x1.70b5bfd2c7beap-28,-7.2766109124663115e-07,5.3650018657197573e-07,-0x1.86a8fa96c7da3p-21,0x1.20080630a8d53p-21,0,0.0099999999989999998,0x0p+0,0x1.47ae147a548aep-7,96,96,3,100
flowstar_vdp_stock_reach_v1,stepwise,297,2.9700000000000002,0x1.7c28f5c28f5c3p+1,0.01,0x1.47ae147ae147bp-7,2,-0.42612728274647133,-0.29076053762948378,-0x1.b45ab5dd51589p-2,-0x1.29bd216058131p-2,-2.5443580997750064,-2.4279632032725269,-0x1.45ad86b5ec557p+1,-0x1.36c77f8cf9342p+1,-0.42612816713749657,-0.26585967464737431,-0x1.b45af1370a358p-2,-0x1.103d84bfbe211p-2,-2.5446254111245357,-2.4096995288195293,-0x1.45b64914acdb1p+1,-0x1.347108bebbb5ep+1,-0.42612816713749657,2.0616309700712008,-0x1.b45af1370a358p-2,0x1.07e3860c70333p+1,-2.5446254111245357,2.4610649331786534,-0x1.45b64914acdb1p+1,0x1.3b042cfcaad8dp+1,33,14,3,3,-7.6325108714321239e-09,5.5028353412108439e-09,-0x1.0640468ee8eap-27,0x1.7a26e731314a3p-28,-7.6320518804984273e-07,5.5023743494226348e-07,-0x1.99be1f51045a4p-21,0x1.27680ea5f14bp-21,0,0.0099999999989999998,0x0p+0,0x1.47ae147a548aep-7,97,97,3,100
flowstar_vdp_stock_reach_v1,stepwise,298,2.98,0x1.7d70a3d70a3d7p+1,0.01,0x1.47ae147ae147bp-7,2,-0.45161953501325641,-0.31517630123194623,-0x1.ce7559f477769p-2,-0x1.42bd93890fd31p-2,-2.5609914196775971,-2.4468585323338865,-0x1.47ce911c6d0acp+1,-0x1.3932a90f28035p+1,-0.45162049853679759,-0.29009818700717188,-0x1.ce759a9daccfdp-2,-0x1.290f7fc74c7cfp-2,-2.5612825243964035,-2.4291373355548491,-0x1.47d81b130ca7fp+1,-0x1.36edf8e2d9af1p+1,-0.45162049853679759,2.0616309700712008,-0x1.ce759a9daccfdp-2,0x1.07e3860c70333p+1,-2.5612825243964035,2.4610649331786534,-0x1.47d81b130ca7fp+1,0x1.3b042cfcaad8dp+1,33,14,3,3,-7.996093561835297e-09,5.6374347270288171e-09,-0x1.12be61fe24e62p-27,0x1.8366ccef9be46p-28,-7.995607905550267e-07,5.6369468167699053e-07,-0x1.ad42cc5cceaedp-21,0x1.2ea19b6cb3d3cp-21,0,0.0099999999989999998,0x0p+0,0x1.47ae147a548aep-7,98,98,3,100
flowstar_vdp_stock_reach_v1,stepwise,299,2.9900000000000002,0x1.7eb851eb851ecp+1,0.01,0x1.47ae147ae147bp-7,2,-0.47727204766552245,-0.33978172429603998,-0x1.e8ba00f012d02p-2,-0x1.5befbd8685199p-2,-2.576916797776502,-2.4652953812968703,-0x1.49d868dd7b479p+1,-0x1.3b8ecc8ed3303p+1,-0.47727309249461292,-0.3145322605775927,-0x1.e8ba470e19bfcp-2,-0x1.4214beb2deef9p-2,-2.5772323432797624,-2.4481644699037006,-0x1.49e2bfda4a3e4p+1,-0x1.395d740ebb97dp+1,-0.47727309249461292,2.0616309700712008,-0x1.e8ba470e19bfcp-2,0x1.07e3860c70333p+1,-2.5772323432797624,2.4610649331786534,-0x1.49e2bfda4a3e4p+1,0x1.3b042cfcaad8dp+1,33,14,3,3,-8.3677870220136956e-09,5.7697406816382619e-09,-0x1.1f83d541d328ap-27,0x1.8c7e59fbdd9fdp-28,-8.3672747652824151e-07,5.7692259184841778e-07,-0x1.c136f2df01a93p-21,0x1.35bba323571e9p-21,0,0.0099999999989999998,0x0p+0,0x1.47ae147a548aep-7,99,99,3,100
flowstar_vdp_stock_reach_v1,stepwise,300,3,0x1.8p+1,0.01,0x1.47ae147ae147bp-7,2,-0.50307740778015797,-0.36457208104597549,-0x1.01935cab8b625p-1,-0x1.75526234822d6p-2,-2.5920810808748098,-2.4832294094099843,-0x1.4bc9501778049p+1,-0x1.3dda7616f0cdbp+1,-0.50307853591393892,-0.33915766052445528,-0x1.0193828623cdcp-1,-0x1.5b4c25508fc68p-2,-2.5924216617477276,-2.4667378691820514,-0x1.4bd479175300ep+1,-0x1.3bbe1105f8879p+1,-0.50307853591393892,2.0616309700712008,-0x1.0193828623cdcp-1,0x1.07e3860c70333p+1,-2.5924216617477276,2.4610649331786534,-0x1.4bd479175300ep+1,0x1.3b042cfcaad8dp+1,33,14,3,3,-8.7476282099711732e-09,5.9004637251213334e-09,-0x1.2c90f392ca66ep-27,0x1.957a0e3bd8528p-28,-8.747089610284373e-07,5.8999223752790732e-07,-0x1.d59b158de3feep-21,0x1.3cbfea6a2a12p-21,0,0.0099999999989999998,0x0p+0,0x1.47ae147a548aep-7,0,0,3,100
flowstar_vdp_stock_reach_v1,stepwise,301,3.0100000000000002,0x1.8147ae147ae15p+1,0.01,0x1.47ae147ae147bp-7,2,-0.529034139045225,-0.38952830313997777,-0x1.0edd900b55615p-1,-0x1.8ee081eb690a6p-2,-2.6065099813766737,-2.500535199456611,-0x1.4da21e7b5aeddp+1,-0x1.4011899414dc9p+1,-0.5290353522827641,-0.36395582115870645,-0x1.0eddb8c0f6f17p-1,-0x1.74b0d5b4430a5p-2,-2.6068761314994315,-2.4847332859884856,-0x1.4dae1df8c1abcp+1,-0x1.3e0bbd854d346p+1,-0.5290353522827641,2.0616309700712008,-0x1.0eddb8c0f6f17p-1,0x1.07e3860c70333p+1,-2.6068761314994315,2.4610649331786534,-0x1.4dae1df8c1abcp+1,0x1.3b042cfcaad8dp+1,33,14,3,3,-9.1564985005736741e-09,6.0511221915264569e-09,-0x1.3a9d699e1b1a4p-27,0x1.9fd477a59d541p-28,-9.1559339466372966e-07,6.050554660762055e-07,-0x1.eb8e32ae0f988p-21,0x1.44d630a71e5a1p-21,0,0.0099999999989999998,0x0p+0,0x1.47ae147a548aep-7,1,1,3,100
flowstar_vdp_stock_reach_v1,stepwise,302,3.02,0x1.828f5c28f5c29p+1,0.01,0x1.47ae147ae147bp-7,2,-0.5551224040260242,-0.41467093107174069,-0x1.1c3900f523291p-1,-0x1.a89f7f1e3851p-2,-2.6200662333812459,-2.5172480326197886,-0x1.4f5e5490dcf93p+1,-0x1.42352efc02dbdp+1,-0.5551237039392789,-0.38894779609740365,-0x1.1c392c934ea34p-1,-0x1.8e4854c05bc6bp-2,-2.6204584178028067,-2.5021870472292576,-0x1.4f6b2e727ed7cp+1,-0x1.4047aa4829883p+1,-0.5551237039392789,2.0616309700712008,-0x1.1c392c934ea34p-1,0x1.07e3860c70333p+1,-2.6204584178028067,2.4610649331786534,-0x1.4f6b2e727ed7cp+1,0x1.3b042cfcaad8dp+1,33,14,3,3,-9.8000820612980023e-09,6.4295107765506463e-09,-0x1.50ba6ef5b0eep-27,0x1.b9d5265662ff5p-28,-9.7994923228249862e-07,6.4289178652478157e-07,-0x1.070d993559768p-20,0x1.59265fd47711fp-21,0,0.0099999999989999998,0x0p+0,0x1.47ae147a548aep-7,2,2,3,100
flowstar_vdp_stock_reach_v1,stepwise,303,3.0300000000000002,0x1.83d70a3d70a3ep+1,0.01,0x1.47ae147ae147bp-7,2,-0.58133811663987778,-0.4399814669617198,-0x1.29a5264dc5e47p-1,-0x1.c28a806dc9696p-2,-2.632700420558896,-2.53331347873333,-0x1.50fc53cf3ba2cp+1,-0x1.44439db6d67b8p+1,-0.58133950454600691,-0.4141156096512128,-0x1.29a554dfcbbf3p-1,-0x1.a80dec20dc38fp-2,-2.6331190271810243,-2.5190456280467459,-0x1.510a0b561be2p+1,-0x1.4270164ecbd8dp+1,-0.58133950454600691,2.0616309700712008,-0x1.29a554dfcbbf3p-1,0x1.07e3860c70333p+1,-2.6331190271810243,2.4610649331786534,-0x1.510a0b561be2p+1,0x1.3b042cfcaad8dp+1,33,14,3,3,-1.0456103490960902e-08,6.8136840303085073e-09,-0x1.6744dbe48fd07p-27,0x1.d43b98dc2390ep-28,-1.0455488860764433e-06,6.81306607428913e-07,-0x1.18a99285bb441p-20,0x1.6dc6112eaf0ecp-21,0,0.0099999999989999998,0x0p+0,0x1.47ae147a548aep-7,3,3,3,100
flowstar_vdp_stock_reach_v1,stepwise,304,3.04,0x1.851eb851eb852p+1,0.01,0x1.47ae147ae147bp-7,2,-0.60767170078308352,-0.46545327481748233,-0x1.3720bec322d65p-1,-0x1.dc9fc884a0f5ap-2,-2.6443564115879172,-2.5486823716668998,-0x1.527a45595e777p+1,-0x1.463b395519bc1p+1,-0.60767317771634022,-0.43945315551405428,-0x1.3720f051e56a6p-1,-0x1.c200020c3a3aep-2,-2.6448017427308321,-2.5352606105249946,-0x1.5288dd0eb763bp+1,-0x1.44836b70855b3p+1,-0.60767317771634022,2.0616309700712008,-0x1.3720f051e56a6p-1,0x1.07e3860c70333p+1,-2.6448017427308321,2.4610649331786534,-0x1.5288dd0eb763bp+1,0x1.3b042cfcaad8dp+1,33,15,3,3,-1.1116970029989694e-08,7.1974540997521509e-09,-0x1.7df9e70ad28d8p-27,0x1.ee9af39a06646p-28,-1.111633127862496e-06,7.1968119275209128e-07,-0x1.2a66d8cc6a0b6p-20,0x1.82603adf01fb9p-21,0,0.0099999999989999998,0x0p+0,0x1.47ae147a548aep-7,4,4,3,100
flowstar_vdp_stock_reach_v1,stepwise,305,3.0500000000000003,0x1.8666666666667p+1,0.01,0x1.47ae147ae147bp-7,2,-0.63411305727929634,-0.491070095884661,-0x1.44aa7775f659ap-1,-0x1.f6db1447790a4p-2,-2.6549835941860058,-2.5632996106813772,-0x1.53d6809e3903ep+1,-0x1.481a339edcef2p+1,-0.63411462396277252,-0.46494471037431995,-0x1.44aaac07abbf9p-1,-0x1.dc1a77560609ap-2,-2.6554558581171834,-2.5507774681548603,-0x1.53e5fa414adeap+1,-0x1.467fe0468ca5bp+1,-0.63411462396277252,2.0616309700712008,-0x1.44aaac07abbf9p-1,0x1.07e3860c70333p+1,-2.6554558581171834,2.4610649331786534,-0x1.53e5fa414adeap+1,0x1.3b042cfcaad8dp+1,33,15,3,3,-1.1785604126711882e-08,7.5844094765376623e-09,-0x1.94f3452d3c12fp-27,0x1.04992bd89f42fp-27,-1.1784942490453929e-06,7.5837443980830378e-07,-0x1.3c598214dbee4p-20,0x1.972630790e542p-21,0,0.0099999999989999998,0x0p+0,0x1.47ae147a548aep-7,5,5,3,100
flowstar_vdp_stock_reach_v1,stepwise,306,3.0600000000000001,0x1.87ae147ae147bp+1,0.01,0x1.47ae147ae147bp-7,2,-0.66065151362165464,-0.51683291825585631,-0x1.5240ea4a1da5cp-1,-0x1.089e5302cf6f1p-1,-2.6645267287475747,-2.5771128654964865,-0x1.550f363ba4f4p+1,-0x1.49ded599b441cp+1,-0.66065317043917937,-0.49059180161454824,-0x1.524121e211ea2p-1,-0x1.f65db27e7b16fp-2,-2.665026031265203,-2.5655442539671109,-0x1.551f92afa2e88p+1,-0x1.4863c10d9d5efp+1,-0.66065317043917937,2.0616309700712008,-0x1.524121e211ea2p-1,0x1.07e3860c70333p+1,-2.665026031265203,2.4610649331786534,-0x1.551f92afa2e88p+1,0x1.3b042cfcaad8dp+1,33,15,3,3,-1.2470865653148227e-08,7.9859980863382244e-09,-0x1.ac7ee4f449ebap-27,0x1.12659500be861p-27,-1.2470182647690795e-06,7.9853117097415518e-07,-0x1.4ebe715089c96p-20,0x1.acb549d815fb1p-21,0,0.0099999999989999998,0x0p+0,0x1.47ae147a548aep-7,6,6,3,100
flowstar_vdp_stock_reach_v1,stepwise,307,3.0700000000000003,0x1.88f5c28f5c29p+1,0.01,0x1.47ae147ae147bp-7,2,-0.68727580953703638,-0.54273358442818898,-0x1.5fe29d6a96452p-1,-0x1.15e12d271eaebp-1,-2.6729238324718185,-2.5900765171661049,-0x1.56225e3e952d4p+1,-0x1.4b87a097aed93p+1,-0.6872775565055621,-0.51638681279165499,-0x1.5fe2d808eeaf5p-1,-0x1.0863da320d39fp-1,-2.6734501755061486,-2.57951551775307,-0x1.56339d87a4663p+1,-0x1.4a2d908223109p+1,-0.6872775565055621,2.0616309700712008,-0x1.5fe2d808eeaf5p-1,0x1.07e3860c70333p+1,-2.6734501755061486,2.4610649331786534,-0x1.56339d87a4663p+1,0x1.3b042cfcaad8dp+1,33,15,3,3,-1.3144349012059584e-08,8.3757935356091149e-09,-0x1.c3a2eaa807d75p-27,0x1.1fca4252ace5dp-27,-1.3143646383314727e-06,8.3750877182196646e-07,-0x1.60d2733f6b27ep-20,0x1.c1a2544164d4p-21,0,0.0099999999989999998,0x0p+0,0x1.47ae147a548aep-7,7,7,3,100
flowstar_vdp_stock_reach_v1,stepwise,308,3.0800000000000001,0x1.8a3d70a3d70a4p+1,0.01,0x1.47ae147ae147bp-7,2,-0.71397416910418143,-0.56876337638240337,-0x1.6d8e05b4fb82ep-1,-0x1.2334f409732e2p-1,-2.6801192093638897,-2.602138711616913,-0x1.570e2570ccb55p+1,-0x1.4d12e19d066d8p+1,-0.71397600584702348,-0.54232156647409502,-0x1.6d8e43567bbc4p-1,-0x1.15ab2c1fd7eccp-1,-2.6806724727210107,-2.5926393602815381,-0x1.5720468ccfe59p+1,-0x1.4bdb9b475da4p+1,-0.71397600584702348,2.0616309700712008,-0x1.6d8e43567bbc4p-1,0x1.07e3860c70333p+1,-2.6806724727210107,2.4610649331786534,-0x1.5720468ccfe59p+1,0x1.3b042cfcaad8dp+1,33,16,3,3,-1.3798102168453161e-08,8.7480029298078795e-09,-0x1.da1963e462d17p-27,0x1.2c943f5e11d18p-27,-1.3797381931811992e-06,8.7472798181802464e-07,-0x1.725ee2fcae003p-20,0x1.d59db2c9eeb2p-21,0,0.0099999999989999998,0x0p+0,0x1.47ae147a548aep-7,8,8,3,100
flowstar_vdp_stock_reach_v1,stepwise,309,3.0899999999999999,0x1.8b851eb851eb8p+1,0.01,0x1.47ae147ae147bp-7,2,-0.74073436849456886,-0.59491295070193584,-0x1.7b4188ff6a2e8p-1,-0x1.30986e26769e1p-1,-2.6860625833425269,-2.6132427016499182,-0x1.57d0e6133b932p+1,-0x1.4e7ebca20c6d4p+1,-0.74073629421589016,-0.56838725696003467,-0x1.7b41c99d3c26ap-1,-0x1.2303a7903686dp-1,-2.6866425176386204,-2.60485874861928,-0x1.57e3e6eaa6867p+1,-0x1.4d6c02f002783p+1,-0.74073629421589016,2.0616309700712008,-0x1.7b41c99d3c26ap-1,0x1.07e3860c70333p+1,-2.6866425176386204,2.4610649331786534,-0x1.57e3e6eaa6867p+1,0x1.3b042cfcaad8dp+1,33,17,3,3,-1.4424837373663145e-08,9.097688766393162e-09,-0x1.efa2361c46c1ep-27,0x1.38981dde7f561p-27,-1.4424101808804554e-06,9.0969507911987612e-07,-0x1.8331ac4120eddp-20,0x1.e8638a26b0aa2p-21,0,0.0099999999989999998,0x0p+0,0x1.47ae147a548aep-7,9,9,3,100
flowstar_vdp_stock_reach_v1,stepwise,310,3.1000000000000001,0x1.8cccccccccccdp+1,0.01,0x1.47ae147ae147bp-7,2,-0.76754347725219385,-0.62117252394151434,-0x1.88fb756a1cd26p-1,-0x1.3e0a533701525p-1,-2.6906958127785519,-2.6233365547384375,-0x1.5868b86baf1b4p+1,-0x1.4fc97e02805f2p+1,-0.76754549071315148,-0.594574633094206,-0x1.88fbb8f99c4abp-1,-0x1.306c16185774fp-1,-2.6913020351436261,-2.6161212066036135,-0x1.587c95c84cd0ap+1,-0x1.4edd0f485e06bp+1,-0.76754549071315148,2.0616309700712008,-0x1.88fbb8f99c4abp-1,0x1.07e3860c70333p+1,-2.6913020351436261,2.4610649331786534,-0x1.587c95c84cd0ap+1,0x1.3b042cfcaad8dp+1,33,17,3,3,-1.5016680284298346e-08,9.4194338487815183e-09,-0x1.01fc0eeee4afbp-26,0x1.43a63762bdad5p-27,-1.5015931927350563e-06,9.4186837165542443e-07,-0x1.9314b2cf43801p-20,0x1.f9a9673f3d255p-21,0,0.0099999999989999998,0x0p+0,0x1.47ae147a548aep-7,10,10,3,100
flowstar_vdp_stock_reach_v1,stepwise,311,3.1099999999999999,0x1.8e147ae147ae1p+1,0.01,0x1.47ae147ae147bp-7,2,-0.79438814002806923,-0.64753183680784709,-0x1.96ba0ad3806c4p-1,-0x1.4b894afc6ac22p-1,-2.6939666059637672,-2.6323716853902583,-0x1.58d3e5d290b43p+1,-0x1.50f18e2dd572ap+1,-0.7943902395250565,-0.6208739597565982,-0x1.96ba51460b1f7p-1,-0x1.3de331102f6a8p-1,-2.6945985935694616,-2.6263773360170672,-0x1.58e89b519d3d5p+1,-0x1.502d21ee930f6p+1,-0.7943902395250565,2.0616309700712008,-0x1.96ba51460b1f7p-1,0x1.07e3860c70333p+1,-2.6945985935694616,2.4610649331786534,-0x1.58e89b519d3d5p+1,0x1.3b042cfcaad8dp+1,33,18,3,3,-1.5565284857629543e-08,9.7074558416221653e-09,-0x1.0b68d8c56c50bp-26,0x1.4d8baf4169ed4p-27,-1.5564526497203991e-06,9.7066965296324068e-07,-0x1.a1ce9c954cf4dp-20,0x1.048fe91f6295ep-20,0,0.0099999999989999998,0x0p+0,0x1.47ae147a548aep-7,11,11,3,100
flowstar_vdp_stock_reach_v1,stepwise,312,3.1200000000000001,0x1.8f5c28f5c28f6p+1,0.01,0x1.47ae147ae147bp-7,2,-0.82125457561044579,-0.67397995029482161,-0x1.a47b7acfdfdbdp-1,-0x1.5913e6695a18p-1,-2.695828006978962,-2.6402927070396296,-0x1.5910e462cec8cp+1,-0x1.51f51c864d1f5p+1,-0.82125675895587691,-0.6472748111786466,-0x1.a47bc412ab3c9p-1,-0x1.4b679aa312dfap-1,-2.6964850913404317,-2.6355706558005525,-0x1.59266c68bab79p+1,-0x1.515a61167af67p+1,-0.82125675895587691,2.0616309700712008,-0x1.a47bc412ab3c9p-1,0x1.07e3860c70333p+1,-2.6964850913404317,2.4610649331786534,-0x1.59266c68bab79p+1,0x1.3b042cfcaad8dp+1,33,18,3,3,-1.6062466381917149e-08,9.9562579933990155e-09,-0x1.13f379672f28p-26,0x1.56182be50074p-27,-1.6061701040525829e-06,9.9554927289716951e-07,-0x1.af272b4a1ad7p-20,0x1.0b3da00672db7p-20,0,0.0099999999989999998,0x0p+0,0x1.47ae147a548aep-7,12,12,3,100
flowstar_vdp_stock_reach_v1,stepwise,313,3.1299999999999999,0x1.90a3d70a3d70ap+1,0.01,0x1.47ae147ae147bp-7,2,-0.84812838255750289,-0.70050553533435211,-0x1.b23de223c9a6fp-1,-0x1.66a8a959db24cp-1,-2.6962279490731906,-2.6470520343602542,-0x1.591dff57ea4e1p+1,-0x1.52d299df319b9p+1,-0.84813064706359409,-0.67376635766399062,-0x1.b23e2e1fbf358p-1,-0x1.58f7e76e9fae9p-1,-2.6969093112609315,-2.6436521932809844,-0x1.593453061261p+1,-0x1.526331f011fbep+1,-0.84813064706359409,2.0616309700712008,-0x1.b23e2e1fbf358p-1,0x1.07e3860c70333p+1,-2.6969093112609315,2.4610649331786534,-0x1.593453061261p+1,0x1.3b042cfcaad8dp+1,33,19,3,3,-1.6499581563574656e-08,1.0159907444689682e-08,-0x1.1b75ed586a3b9p-26,0x1.5d177db0e622bp-27,-1.6498812489826571e-06,1.0159139694575899e-06,-0x1.bae2f9e21fb58p-20,0x1.10b5138e4a28bp-20,0,0.0099999999989999998,0x0p+0,0x1.47ae147a548aep-7,13,13,3,100
flowstar_vdp_stock_reach_v1,stepwise,314,3.1400000000000001,0x1.91eb851eb851fp+1,0.01,0x1.47ae147ae147bp-7,2,-0.8749948388875769,-0.72709660288464084,-0x1.bfff52d261c1dp-1,-0x1.74460184d82ecp-1,-2.6951234811568434,-2.6525962576639719,-0x1.58f9ce65200a5p+1,-0x1.538846301451ep+1,-0.87499718135357141,-0.70033709265421806,-0x1.bfffa16c02f45p-1,-0x1.6692955a404d2p-1,-2.6958281480533617,-2.6505668493492887,-0x1.5910e591c3417p+1,-0x1.5345c646e891fp+1,-0.87499718135357141,2.0616309700712008,-0x1.bfffa16c02f45p-1,0x1.07e3860c70333p+1,-2.6969093112609315,2.4610649331786534,-0x1.593453061261p+1,0x1.3b042cfcaad8dp+1,33,19,3,3,-1.6868413947429471e-08,1.0312933921383039e-08,-0x1.21cc11b1267f2p-26,0x1.625986aec6a57p-27,-1.6867644589780858e-06,1.0312167361613171e-06,-0x1.c4c9922cea5e7p-20,0x1.14d0acacb6de2p-20,0,0.0099999999989999998,0x0p+0,0x1.47ae147a548aep-7,14,14,3,100
flowstar_vdp_stock_reach_v1,stepwise,315,3.1499999999999999,0x1.9333333333333p+1,0.01,0x1.47ae147ae147bp-7,2,-0.90184627466043144,-0.75373316713460847,-0x1.cdbecb7f5f39ap-1,-0x1.81e9504d81dddp-1,-2.6932283361833935,-2.6561191855378499,-0x1.58bbb4c448b9cp+1,-0x1.53fbb6a614e47p+1,-0.90184869136371004,-0.72696749283968443,-0x1.cdbf1c96b1efcp-1,-0x1.7435154e00cc5p-1,-2.6939551779159938,-2.6555064340099599,-0x1.58d385f504ffcp+1,-0x1.53e7a28431f75p+1,-0.90184869136371004,2.0616309700712008,-0x1.cdbf1c96b1efcp-1,0x1.07e3860c70333p+1,-2.6969093112609315,2.4610649331786534,-0x1.593453061261p+1,0x1.3b042cfcaad8dp+1,33,19,3,3,-1.7206746766609897e-08,1.045766132150651e-08,-0x1.279c1294e320ep-26,0x1.67528fd0bae5p-27,-1.7205979929121969e-06,1.045689898467904e-06,-0x1.cdde97ffbbd9ep-20,0x1.18b3433d15ccp-20,0,0.0099999999989999998,0x0p+0,0x1.47ae147a548aep-7,15,15,3,100
flowstar_vdp_stock_reach_v1,stepwise,316,3.1600000000000001,0x1.947ae147ae148p+1,0.01,0x1.47ae147ae147bp-7,2,-0.9287213250084001,-0.78034803470610437,-0x1.db815c8c048ap-1,-0x1.8f89c7111f05dp-1,-2.6959268129008227,-2.6521485777226803,-0x1.5914213ae8c61p+1,-0x1.53799ac6b9d57p+1,-0.92872805136464809,-0.75358656455621165,-0x1.db823e3efa5a8p-1,-0x1.81d61922f2a5ep-1,-2.6975224745263007,-2.6521484616142685,-0x1.59486a9c2860dp+1,-0x1.537999cd628f3p+1,-0.92872805136464809,2.0616309700712008,-0x1.db823e3efa5a8p-1,0x1.07e3860c70333p+1,-2.6975224745263007,2.4610649331786534,-0x1.59486a9c2860dp+1,0x1.3b042cfcaad8dp+1,33,19,3,3,-1.7869275190279673e-08,1.0962222968386121e-08,-0x1.32fde745a71b5p-26,0x1.78a8bba346134p-27,-1.7868507422044035e-06,1.0961461615151062e-06,-0x1.dfa772b0c2298p-20,0x1.263e97348b042p-20,0,0.0099999999989999998,0x0p+0,0x1.47ae147a548aep-7,16,16,3,100
flowstar_vdp_stock_reach_v1,stepwise,317,3.1699999999999999,0x1.95c28f5c28f5cp+1,0.01,0x1.47ae147ae147bp-7,2,-0.95554997421928922,-0.80698180871563741,-0x1.e93dd8a1ee54cp-1,-0x1.9d2cb839cd1a3p-1,-2.6977779989102535,-2.6460425519899862,-0x1.5950ca1a980bep+1,-0x1.52b185b84f891p+1,-0.95556427511176467,-0.78023629402091532,-0x1.e93fb87da975bp-1,-0x1.8f7b21abf1b36p-1,-2.7008949663979687,-2.6460424227999355,-0x1.59b6ed1f4e1e2p+1,-0x1.52b184a2e08ddp+1,-0.95556427511176467,2.0616309700712008,-0x1.e93fb87da975bp-1,0x1.07e3860c70333p+1,-2.7008949663979687,2.4610649331786534,-0x1.59b6ed1f4e1e2p+1,0x1.3b042cfcaad8dp+1,33,19,3,3,-1.8555347306077646e-08,1.1514103455014866e-08,-0x1.3ec747cda80a9p-26,0x1.8b9f2003c6fe4p-27,-1.855458119707319e-06,1.1513345917416367e-06,-0x1.f2121c7083f41p-20,0x1.350f1c5658ad8p-20,0,0.0099999999989999998,0x0p+0,0x1.47ae147a548aep-7,17,17,3,100
flowstar_vdp_stock_reach_v1,stepwise,318,3.1800000000000002,0x1.970a3d70a3d71p+1,0.01,0x1.47ae147ae147bp-7,2,-0.98231005207159205,-0.83362644718192314,-0x1.f6f157d85bed5p-1,-0x1.aad115ef743d7p-1,-2.6981621151408306,-2.6383438617339667,-0x1.595d604deb03dp+1,-0x1.51b5406cdff74p+1,-0.98233211390144493,-0.80691210087017773,-0x1.f6f43c1e08d56p-1,-0x1.9d239537f7d79p-1,-2.7028371260776813,-2.6383437196895239,-0x1.59f691237589ep+1,-0x1.51b53f3bd6352p+1,-0.98233211390144493,2.0616309700712008,-0x1.f6f43c1e08d56p-1,0x1.07e3860c70333p+1,-2.7028371260776813,2.4610649331786534,-0x1.59f691237589ep+1,0x1.3b042cfcaad8dp+1,33,19,3,3,-1.929976977413266e-08,1.2152595641425412e-08,-0x1.4b9148fda3c2fp-26,0x1.a18f5c99e538dp-27,-1.9299007951810876e-06,1.2151844773741251e-06,-0x1.0306e2eb0510ap-19,0x1.4632d7677d0fbp-20,0,0.0099999999989999998,0x0p+0,0x1.47ae147a548aep-7,18,18,3,100
flowstar_vdp_stock_reach_v1,stepwise,319,3.1899999999999999,0x1.9851eb851eb85p+1,0.01,0x1.47ae147ae147bp-7,2,-1.0089847980623015,-0.86026775921334475,-0x1.024cd3e5d6b84p+0,-0x1.b87504073fc0ep-1,-2.6970334051032108,-2.629027623460948,-0x1.593863ff91a3cp+1,-0x1.5083fa2785cedp+1,-1.0090147904458533,-0.83360016159052341,-0x1.024ecb16252ep+0,-0x1.aacda3eff1775p-1,-2.7032997893301021,-2.6290274689270308,-0x1.5a05ba3d3a6dep+1,-0x1.5083f8dba9e37p+1,-1.0090147904458533,2.0616309700712008,-0x1.024ecb16252ep+0,0x1.07e3860c70333p+1,-2.7032997893301021,2.4610649331786534,-0x1.5a05ba3d3a6dep+1,0x1.3b042cfcaad8dp+1,33,19,3,3,-2.0132060641223592e-08,1.2911256590835715e-08,-0x1.59ddbd335435ep-26,0x1.bba09d2f89231p-27,-2.0131305755860645e-06,1.2910515246371085e-06,-0x1.0e32a3cf075dep-19,0x1.5a90629d45943p-20,0,0.0099999999989999998,0x0p+0,0x1.47ae147a548aep-7,19,19,3,100
flowstar_vdp_stock_reach_v1,stepwise,320,3.2000000000000002,0x1.999999999999ap+1,0.01,0x1.47ae147ae147bp-7,2,-1.0355584065649501,-0.88688992686768575,-0x1.091a5b114b596p+0,-0x1.c6166fbe18da8p-1,-2.6944706531006775,-2.6179514025978317,-0x1.58e46a138cb1ap+1,-0x1.4f1908145666fp+1,-1.0355964808290743,-0.86028499154179416,-0x1.091cd9d90379p+0,-0x1.b877463fd2c2dp-1,-2.7023580335295816,-2.6179512360814239,-0x1.59e6de380bd49p+1,-0x1.4f1906aebf09fp+1,-1.0355964808290743,2.0616309700712008,-0x1.091cd9d90379p+0,0x1.07e3860c70333p+1,-2.7032997893301021,2.4610649331786534,-0x1.5a05ba3d3a6dep+1,0x1.3b042cfcaad8dp+1,33,19,3,3,-2.0984740391172609e-08,1.3721452229617764e-08,-0x1.6883dd4064c98p-26,0x1.d7772b92fb1f2p-27,-2.0983996304370489e-06,1.3720724453336737e-06,-0x1.19a47658daf79p-19,0x1.705019b987b1ep-20,0,0.0099999999989999998,0x0p+0,0x1.47ae147a548aep-7,20,20,3,100
flowstar_vdp_stock_reach_v1,stepwise,321,3.21,0x1.9ae147ae147aep+1,0.01,0x1.47ae147ae147bp-7,2,-1.0620130765346183,-0.91347852815913899,-0x1.0fe016c7a3f9dp+0,-0x1.d3b37528155bfp-1,-2.690377888556887,-2.6051550910838075,-0x1.585e4d7a9ddedp+1,-0x1.4d75b8d69b3edp+1,-1.0620593642701426,-0.88695246497237235,-0x1.0fe31f5bf3688p+0,-0x1.c61ea22c536aep-1,-2.6999118941671614,-2.6051549132363565,-0x1.5996b683c3c27p+1,-0x1.4d75b758ae934p+1,-1.0620593642701426,2.0616309700712008,-0x1.0fe31f5bf3688p+0,0x1.07e3860c70333p+1,-2.7032997893301021,2.4610649331786534,-0x1.5a05ba3d3a6dep+1,0x1.3b042cfcaad8dp+1,33,19,3,3,-2.184775999064834e-08,1.4586120531721511e-08,-0x1.775776f02d48ap-26,0x1.f52cdf7ee7937p-27,-2.1847038896647646e-06,1.4585422907997357e-06,-0x1.2539daa3b45dap-19,0x1.87864355598c7p-20,0,0.0099999999989999998,0x0p+0,0x1.47ae147a548aep-7,21,21,3,100
flowstar_vdp_stock_reach_v1,stepwise,322,3.2200000000000002,0x1.9c28f5c28f5c3p+1,0.01,0x1.47ae147ae147bp-7,2,-1.0883307829633517,-0.94001884407873071,-0x1.169cd8a00ec37p+0,-0x1.e14a2661e23dp-1,-2.6846578482691403,-2.5906880033777449,-0x1.57a2de4da2021p+1,-0x1.4b9baa1c52cf5p+1,-1.0883853946537516,-0.91358811916959226,-0x1.16a06cdb7b5eep+0,-0x1.d3c1d26bb1f2p-1,-2.6958598427416209,-2.5906878149953587,-0x1.5911ef7196654p+1,-0x1.4b9ba887c67f7p+1,-1.0883853946537516,2.0616309700712008,-0x1.16a06cdb7b5eep+0,0x1.07e3860c70333p+1,-2.7032997893301021,2.4610649331786534,-0x1.5a05ba3d3a6dep+1,0x1.3b042cfcaad8dp+1,33,19,3,3,-2.2713902897787472e-08,1.5494745908132612e-08,-0x1.8638cd281a4d1p-26,0x1.0a329cf979ec2p-26,-2.2713096448473785e-06,1.549396663765318e-06,-0x1.30d99aeb16bddp-19,0x1.9fe9ba5d9523bp-20,0,0.0099999999989999998,0x0p+0,0x1.47ae147a548aep-7,22,22,3,100
flowstar_vdp_stock_reach_v1,stepwise,323,3.23,0x1.9d70a3d70a3d7p+1,0.01,0x1.47ae147ae147bp-7,2,-1.1144940882076391,-0.96649513117567776,-0x1.1d4f7c0c6fe9p+0,-0x1.eed873284918ap-1,-2.6772961062898646,-2.5745252723950478,-0x1.56b1a3891c8edp+1,-0x1.498a0b4bd4c3bp+1,-1.1145571119503552,-0.94017642432744031,-0x1.1d539d6959da4p+0,-0x1.e15ecde5e9c43p-1,-2.6901829357412788,-2.5745250744163246,-0x1.5857ea18a20e5p+1,-0x1.498a09a2accf7p+1,-1.1145571119503552,2.0616309700712008,-0x1.1d539d6959da4p+0,0x1.07e3860c70333p+1,-2.7032997893301021,2.4610649331786534,-0x1.5a05ba3d3a6dep+1,0x1.3b042cfcaad8dp+1,33,19,3,3,-2.3611605395837031e-08,1.644823698129272e-08,-0x1.95a4f050c9b37p-26,0x1.1a941c7c2686fp-26,-2.3610694905746477e-06,1.6447356434772875e-06,-0x1.3ce5badef9528p-19,0x1.b9815f6f16585p-20,0,0.0099999999989999998,0x0p+0,0x1.47ae147a548aep-7,23,23,3,100
flowstar_vdp_stock_reach_v1,stepwise,324,3.2400000000000002,0x1.9eb851eb851ecp+1,0.01,0x1.47ae147ae147bp-7,2,-1.1404853853917509,-0.99289146705066433,-0x1.23f6d9a7d2d2ap+0,-0x1.fc5c4536eb8dap-1,-2.6682614297700713,-2.5566679717838494,-0x1.5589972d05344p+1,-0x1.4740e566c5699p+1,-1.1405568857292423,-0.96670162651715374,-0x1.23fb893b6f48dp+0,-0x1.eef383fdc32a4p-1,-2.6828451929976715,-2.5566677652852157,-0x1.576778a613f18p+1,-0x1.4740e3ab51968p+1,-1.1405568857292423,2.0616309700712008,-0x1.23fb893b6f48dp+0,0x1.07e3860c70333p+1,-2.7032997893301021,2.4610649331786534,-0x1.5a05ba3d3a6dep+1,0x1.3b042cfcaad8dp+1,33,19,3,3,-2.4506244329621789e-08,1.7431320736819487e-08,-0x1.a5039a353150fp-26,0x1.2b77c264cb6bdp-26,-2.4505222656540177e-06,1.7430331638936162e-06,-0x1.48e74dcd3b347p-19,0x1.d3e453b367dc6p-20,0,0.0099999999989999998,0x0p+0,0x1.47ae147a548aep-7,24,24,3,100
flowstar_vdp_stock_reach_v1,stepwise,325,3.25,0x1.ap+1,0.01,0x1.47ae147ae147bp-7,2,-1.1662870047441811,-1.0191917375404516,-0x1.2a91c8ff20452p+0,-0x1.04e9bfed16f3ap+0,-2.6575164008389489,-2.5371329320995115,-0x1.54297f5717eccp+1,-0x1.44c0c59c7c6a3p+1,-1.1663670216213284,-0.99314773257423228,-0x1.2a970774ff1cap+0,-0x1.fc7ddc0f0179bp-1,-2.6738042453730539,-2.5371327182879995,-0x1.563f37aee440cp+1,-0x1.44c0c3d1544bp+1,-1.1663670216213284,2.0616309700712008,-0x1.2a970774ff1cap+0,0x1.07e3860c70333p+1,-2.7032997893301021,2.4610649331786534,-0x1.5a05ba3d3a6dep+1,0x1.3b042cfcaad8dp+1,33,19,3,3,-2.5388235439411647e-08,1.8433812175476822e-08,-0x1.b42aa3ea87a37p-26,0x1.3cb0c3693f688p-26,-2.5387095585906781e-06,1.8432707332791937e-06,-0x1.54bd656f09131p-19,0x1.eecc99ab8a03ap-20,0,0.0099999999989999998,0x0p+0,0x1.47ae147a548aep-7,25,25,3,100
flowstar_vdp_stock_reach_v1,stepwise,326,3.2600000000000002,0x1.a147ae147ae15p+1,0.01,0x1.47ae147ae147bp-7,2,-1.1918813847746221,-1.0453795631650415,-0x1.311f237051753p+0,-0x1.0b9dfebbb35bdp+0,-2.6450418003916312,-2.5159287397844774,-0x1.5290bace9e15p+1,-0x1.4209f3f4386cfp+1,-1.1919699328801181,-1.0194984342641962,-0x1.3124f10789117p+0,-0x1.04fdd9717ce8ep+0,-2.6630358442205835,-2.5159284232476971,-0x1.54de5bc980677p+1,-0x1.4209f14c767d8p+1,-1.1919699328801181,2.0616309700712008,-0x1.3124f10789117p+0,0x1.07e3860c70333p+1,-2.7032997893301021,2.4610649331786534,-0x1.5a05ba3d3a6dep+1,0x1.3b042cfcaad8dp+1,33,19,3,3,-2.62504154744515e-08,1.9447478591002296e-08,-0x1.c2fa8c565701cp-26,0x1.4e1aea557ca8fp-26,-2.6249150669313795e-06,1.9446250974253658e-06,-0x1.604f651aa7dabp-19,0x1.0500cf4011f1dp-19,0,0.0099999999989999998,0x0p+0,0x1.47ae147a548aep-7,26,26,3,100
flowstar_vdp_stock_reach_v1,stepwise,327,3.27,0x1.a28f5c28f5c29p+1,0.01,0x1.47ae147ae147bp-7,2,-1.2172510933143834,-1.0714383792533568,-0x1.379dc484ce36ap+0,-0x1.1249c91e9289ap+0,-2.6308295250210678,-2.4930631438483459,-0x1.50bf0599a889ap+1,-0x1.3f1cb16ed886p+1,-1.2173481628334741,-1.0457371854034858,-0x1.37a421133728p+0,-0x1.0bb56ea384e12p+0,-2.6505273119557304,-2.493061933983991,-0x1.53447a9d00987p+1,-0x1.3f1ca748ae8f7p+1,-1.2173481628334741,2.0616309700712008,-0x1.37a421133728p+0,0x1.07e3860c70333p+1,-2.7032997893301021,2.4610649331786534,-0x1.5a05ba3d3a6dep+1,0x1.3b042cfcaad8dp+1,33,19,3,3,-2.7085533509168513e-08,2.046353478585824e-08,-0x1.d1536fa79e102p-26,0x1.5f8f93e8b8b81p-26,-2.7084137280897622e-06,2.0462177606583848e-06,-0x1.6b8463184b8b5p-19,0x1.12a381c435c25p-19,0,0.0099999999989999998,0x0p+0,0x1.47ae147a548aep-7,27,27,3,100
flowstar_vdp_stock_reach_v1,stepwise,328,3.2800000000000002,0x1.a3d70a3d70a3ep+1,0.01,0x1.47ae147ae147bp-7,2,-1.2423788083687979,-1.0973515591799139,-0x1.3e0c899f2ffbfp+0,-0x1.18ec0822e4705p+0,-2.6148598017735982,-2.4685660999783869,-0x1.4eb3b9da1f0f1p+1,-0x1.3bf9f955b5f1bp+1,-1.2424843607292435,-1.0718473288408914,-0x1.3e13747f1fa22p+0,-0x1.12649627ad34cp+0,-2.6362527204955817,-2.4685639831536479,-0x1.5170baa94280bp+1,-0x1.3bf9e793dd3cap+1,-1.2424843607292435,2.0616309700712008,-0x1.3e13747f1fa22p+0,0x1.07e3860c70333p+1,-2.7032997893301021,2.4610649331786534,-0x1.5a05ba3d3a6dep+1,0x1.3b042cfcaad8dp+1,33,19,3,3,-2.788603642200687e-08,2.1472444878222803e-08,-0x1.df1415cf4b9dap-26,0x1.70e4cfb025a56p-26,-2.7884502705484181e-06,2.1470951700836515e-06,-0x1.76426bf7b106ap-19,0x1.202da0d7f578p-19,0,0.0099999999989999998,0x0p+0,0x1.47ae147a548aep-7,28,28,3,100
flowstar_vdp_stock_reach_v1,stepwise,329,3.29,0x1.a51eb851eb852p+1,0.01,0x1.47ae147ae147bp-7,2,-1.2672474607880653,-1.123102378035197,-0x1.446a54600616ap+0,-0x1.1f83a32fb8937p+0,-2.5971283433053785,-2.44246280473961,-0x1.4c6eb3990171p+1,-0x1.38a29f0606caap+1,-1.2673614301946012,-1.0978120534330857,-0x1.4471cc76e5c91p+0,-0x1.190a35f2a6534p+0,-2.620202325842925,-2.4424597736789475,-0x1.4f62ca313302p+1,-0x1.38a28598df91fp+1,-1.2673614301946012,2.0616309700712008,-0x1.4471cc76e5c91p+0,0x1.07e3860c70333p+1,-2.7032997893301021,2.4610649331786534,-0x1.5a05ba3d3a6dep+1,0x1.3b042cfcaad8dp+1,33,19,3,3,-2.8654770717914736e-08,2.2474649444577979e-08,-0x1.ec4903ae90cc7p-26,0x1.821c8db749dfcp-26,-2.8653093938270768e-06,2.2473014277972823e-06,-0x1.809347f72b9f8p-19,0x1.2da0b06868944p-19,0,0.0099999999989999998,0x0p+0,0x1.47ae147a548aep-7,29,29,3,100
flowstar_vdp_stock_reach_v1,stepwise,330,3.3000000000000003,0x1.a666666666667p+1,0.01,0x1.47ae147ae147bp-7,2,-1.2918402650874035,-1.1486740896833709,-0x1.4ab60b2a34d49p+0,-0x1.260f8150f3e0dp+0,-2.5776368862500774,-2.4147832728841299,-0x1.49f00167b4243p+1,-0x1.35179e47fb8b1p+1,-1.2919625583201595,-1.123614472308138,-0x1.4abe0ee7a43e7p+0,-0x1.1fa532b3e0313p+0,-2.6023723740836702,-2.4147793269208226,-0x1.4d1a89b75a03dp+1,-0x1.35177d2e17461p+1,-1.2919625583201595,2.0616309700712008,-0x1.4abe0ee7a43e7p+0,0x1.07e3860c70333p+1,-2.7032997893301021,2.4610649331786534,-0x1.5a05ba3d3a6dep+1,0x1.3b042cfcaad8dp+1,33,19,3,3,-2.9372429894395054e-08,2.3448050639439279e-08,-0x1.f89d5014f3866p-26,0x1.92d59e07d478dp-26,-2.9370605035532453e-06,2.3446268015323675e-06,-0x1.8a34a166aef9cp-19,0x1.3ab0c372da1e4p-19,0,0.0099999999989999998,0x0p+0,0x1.47ae147a548aep-7,30,30,3,100
flowstar_vdp_stock_reach_v1,stepwise,331,3.3100000000000001,0x1.a7ae147ae147bp+1,0.01,0x1.47ae147ae147bp-7,2,-1.3161407749719909,-1.1740499799182902,-0x1.50ee9a116fd1ep+0,-0x1.2c8e8a1b9e56ep+0,-2.5563928466839263,-2.3855627255742053,-0x1.4737e17c1e2eep+1,-0x1.315a1e9072ec4p+1,-1.3162712713835503,-1.1492376756848959,-0x1.50f7276f41b66p+0,-0x1.263470b865ce8p+0,-2.5827647968117793,-2.3855578708213812,-0x1.4a98096fc888ep+1,-0x1.3159f5d6f2553p+1,-1.3162712713835503,2.0616309700712008,-0x1.50f7276f41b66p+0,0x1.07e3860c70333p+1,-2.7032997893301021,2.4610649331786534,-0x1.5a05ba3d3a6dep+1,0x1.3b042cfcaad8dp+1,33,19,3,3,-3.0030764208858066e-08,2.4381269925447877e-08,-0x1.01f6595005716p-25,0x1.a2ddf589ab13p-26,-3.0028786900781838e-06,2.4379334997299057e-06,-0x1.930a204ad6638p-19,0x1.4736c1d87805p-19,0,0.0099999999989999998,0x0p+0,0x1.47ae147a548aep-7,31,31,3,100
flowstar_vdp_stock_reach_v1,stepwise,332,3.3200000000000003,0x1.a8f5c28f5c29p+1,0.01,0x1.47ae147ae147bp-7,2,-1.3401329435102731,-1.1992134147720668,-0x1.5712f3dcab39p+0,-0x1.32ffa67d5ed9cp+0,-2.5334093059011593,-2.3548415436804393,-0x1.4446c1921d2p+1,-0x1.2d6b729caf507p+1,-1.3402714952262886,-1.1746647792437079,-0x1.571c085fc207bp+0,-0x1.2cb6d4ba9d629p+0,-2.5613872377651496,-2.3548357931161172,-0x1.47db89794bea8p+1,-0x1.2d6b425f71252p+1,-1.3402714952262886,2.0616309700712008,-0x1.571c085fc207bp+0,0x1.07e3860c70333p+1,-2.7032997893301021,2.4610649331786534,-0x1.5a05ba3d3a6dep+1,0x1.3b042cfcaad8dp+1,33,19,3,3,-3.0621820878687988e-08,2.5262947591731359e-08,-0x1.070a18a328442p-25,0x1.b2039e5710d26p-26,-3.0619686430607758e-06,2.5260855180914398e-06,-0x1.9af87103f44ecp-19,0x1.530ba332fdc65p-19,0,0.0099999999989999998,0x0p+0,0x1.47ae147a548aep-7,32,32,3,100
flowstar_vdp_stock_reach_v1,stepwise,333,3.3300000000000001,0x1.aa3d70a3d70a4p+1,0.01,0x1.47ae147ae147bp-7,2,-1.3638011727917825,-1.224147899018877,-0x1.5d2212db631c5p+0,-0x1.3961c1b7c0d0ep+0,-2.5087044378667982,-2.3226657552209033,-0x1.411d3a1dfbe63p+1,-0x1.294d1c891b41p+1,-1.3639476051174684,-1.1998789831001166,-0x1.5d2bab956fe27p+0,-0x1.332b44df929efp+0,-2.5382525215166902,-2.3226591286831995,-0x1.44e5756873ad2p+1,-0x1.294ce4f2b9a01p+1,-1.3639476051174684,2.0616309700712008,-0x1.5d2bab956fe27p+0,0x1.07e3860c70333p+1,-2.7032997893301021,2.4610649331786534,-0x1.5a05ba3d3a6dep+1,0x1.3b042cfcaad8dp+1,33,19,3,3,-3.1137964058232105e-08,2.6081819005633375e-08,-0x1.0b791b6a8d25fp-25,0x1.c0150d96b6ee3p-26,-3.1135669021865215e-06,2.6079565178791232e-06,-0x1.a1e5581a3d7b6p-19,0x1.5e08b4210f375p-19,0,0.0099999999989999998,0x0p+0,0x1.47ae147a548aep-7,33,33,3,100
flowstar_vdp_stock_reach_v1,stepwise,334,3.3399999999999999,0x1.ab851eb851eb8p+1,0.01,0x1.47ae147ae147bp-7,2,-1.3871303745753611,-1.2488371222613714,-0x1.631af9ea16e35p+0,-0x1.3fb3ca2624b23p+0,-2.482303135478964,-2.2890851976685669,-0x1.3dbc1bf0d1f8ep+1,-0x1.2500be66df41ap+1,-1.3872844866074896,-1.2248636187726352,-0x1.6325137c3a318p+0,-0x1.3990a980b04d5p+0,-2.5133803208095009,-2.2890777217589808,-0x1.41b6724424b5bp+1,-0x1.25007fb07a7f5p+1,-1.3872844866074896,2.0616309700712008,-0x1.6325137c3a318p+0,0x1.07e3860c70333p+1,-2.7032997893301021,2.4610649331786534,-0x1.5a05ba3d3a6dep+1,0x1.3b042cfcaad8dp+1,33,19,3,3,-3.1793023689224545e-08,2.7047939529673355e-08,-0x1.1119993479054p-25,0x1.d0ae1898c439ap-26,-3.1790565576279458e-06,2.7045521330589211e-06,-0x1.aaaf8d3429566p-19,0x1.6affb42552f97p-19,0,0.0099999999989999998,0x0p+0,0x1.47ae147a548aep-7,34,34,3,100
flowstar_vdp_stock_reach_v1,stepwise,335,3.3500000000000001,0x1.acccccccccccdp+1,0.01,0x1.47ae147ae147bp-7,2,-1.4101060160356775,-1.2732650156143093,-0x1.68fcb536c41e4p+0,-0x1.45f4b2313452cp+0,-2.4542357337946821,-2.2541544576634203,-0x1.3a246582a94efp+1,-0x1.2088221de6045p+1,-1.4102675814769465,-1.2496022071575537,-0x1.69074bd50d70bp+0,-0x1.3fe5ee24c048cp+0,-2.4867959201371801,-2.2541461655580139,-0x1.3e4f5426685f9p+1,-0x1.2087dc8ebcdc4p+1,-1.4102675814769465,2.0616309700712008,-0x1.69074bd50d70bp+0,0x1.07e3860c70333p+1,-2.7032997893301021,2.4610649331786534,-0x1.5a05ba3d3a6dep+1,0x1.3b042cfcaad8dp+1,33,19,3,3,-3.2380992078023541e-08,2.7951459847503822e-08,-0x1.16268dfb683bcp-25,0x1.e033d209d5e2fp-26,-3.2378369442013604e-06,2.7948875392568851e-06,-0x1.b2933af3b2225p-19,0x1.771f9ac82b7cfp-19,0,0.0099999999989999998,0x0p+0,0x1.47ae147a548aep-7,35,35,3,100
flowstar_vdp_stock_reach_v1,stepwise,336,3.3599999999999999,0x1.ae147ae147ae1p+1,0.01,0x1.47ae147ae147bp-7,2,-1.4327141696366572,-1.2974158034716745,-0x1.6ec65b171af0fp+0,-0x1.4c23712d3972ap+0,-2.4245384295681696,-2.2179321464277444,-0x1.3657467771fb8p+1,-0x1.1be53358d3be5p+1,-1.4328829378065397,-1.2740785119898563,-0x1.6ed16a8ce0202p+0,-0x1.462a026588641p+0,-2.458530674366961,-2.2179230775979426,-0x1.3ab122154f38ep+1,-0x1.1be4e745a9d5bp+1,-1.4328829378065397,2.0616309700712008,-0x1.6ed16a8ce0202p+0,0x1.07e3860c70333p+1,-2.7032997893301021,2.4610649331786534,-0x1.5a05ba3d3a6dep+1,0x1.3b042cfcaad8dp+1,33,19,3,3,-3.287335150101113e-08,2.8760022076143267e-08,-0x1.1a6143b2407fp-25,0x1.ee17ea2d23682p-26,-3.2870563811631567e-06,2.8757270442218029e-06,-0x1.b92e65b2ad15p-19,0x1.81f93a966366ap-19,0,0.0099999999989999998,0x0p+0,0x1.47ae147a548aep-7,36,36,3,100
flowstar_vdp_stock_reach_v1,stepwise,337,3.3700000000000001,0x1.af5c28f5c28f6p+1,0.01,0x1.47ae147ae147bp-7,2,-1.4549415579120741,-1.3212740551731808,-0x1.74770cc8d2daap+0,-0x1.523f043805a91p+0,-2.3932530659587443,-2.1804806713595584,-0x1.32561dd0ac19dp+1,-0x1.1719fd9a8653ap+1,-1.4551172549455584,-1.2982765935934801,-0x1.7482907dd622cp+0,-0x1.4c5bdad6a572ap+0,-2.4286218307248615,-2.1804708712062313,-0x1.36dd1484a84f9p+1,-0x1.1719ab64db0eep+1,-1.4551172549455584,2.0616309700712008,-0x1.7482907dd622cp+0,0x1.07e3860c70333p+1,-2.7032997893301021,2.4610649331786534,-0x1.5a05ba3d3a6dep+1,0x1.3b042cfcaad8dp+1,33,19,3,3,-3.3262659887398797e-08,2.9462425658857361e-08,-0x1.1db95cd593616p-25,0x1.fa291e4dfe8a8p-26,-3.3259707581777567e-06,2.9459506946300086e-06,-0x1.be677c2d96566p-19,0x1.8b6618594b353p-19,0,0.0099999999989999998,0x0p+0,0x1.47ae147a548aep-7,37,37,3,100
flowstar_vdp_stock_reach_v1,stepwise,338,3.3799999999999999,0x1.b0a3d70a3d70ap+1,0.01,0x1.47ae147ae147bp-7,2,-1.47677559504846,-1.3448247353488874,-0x1.7a0df724439a7p+0,-0x1.58466f112ce23p+0,-2.3604269375312787,-2.1418659153482325,-0x1.2e22784aa5aaep+1,-0x1.1228a98d6b3bdp+1,-1.476957925271505,-1.3221808616816006,-0x1.7a19ea229befbp+0,-0x1.527a71e851cfap+0,-2.3971123687525733,-2.1418554347545804,-0x1.32d493fe509p+1,-0x1.122851a283f0cp+1,-1.476957925271505,2.0616309700712008,-0x1.7a19ea229befbp+0,0x1.07e3860c70333p+1,-2.7032997893301021,2.4610649331786534,-0x1.5a05ba3d3a6dep+1,0x1.3b042cfcaad8dp+1,33,19,3,3,-3.3541924407980697e-08,3.0048074934262176e-08,-0x1.201f78c87b76ap-25,0x1.021c6a6277f67p-25,-3.3538808911245812e-06,3.0044990297291793e-06,-0x1.c226784dc1c0ap-19,0x1.9341ccf35c96bp-19,0,0.0099999999989999998,0x0p+0,0x1.47ae147a548aep-7,38,38,3,100
flowstar_vdp_stock_reach_v1,stepwise,339,3.3900000000000001,0x1.b1eb851eb851fp+1,0.01,0x1.47ae147ae147bp-7,2,-1.4982044246286801,-1.3680532526855622,-0x1.7f8a533e80af8p+0,-0x1.5e38bceb788ddp+0,-2.3261125797945237,-2.102156871483877,-0x1.29be0e98840dcp+1,-0x1.0d1379f30adeep+1,-1.4983930720967904,-1.345776126927436,-0x1.7f96b039356c6p+0,-0x1.5884c8c4e410ep+0,-2.364050822004049,-2.102145766294373,-0x1.2e9937a34b6e7p+1,-0x1.0d131ccad4606p+1,-1.4983930720967904,2.0616309700712008,-0x1.7f96b039356c6p+0,0x1.07e3860c70333p+1,-2.7032997893301021,2.4610649331786534,-0x1.5a05ba3d3a6dep+1,0x1.3b042cfcaad8dp+1,33,19,3,3,-3.3706228666607363e-08,3.0508676765742336e-08,-0x1.2188c7db9dad4p-25,0x1.06114a2a0a5bp-25,-3.370295230766334e-06,3.0505428334622887e-06,-0x1.c45a765cb4338p-19,0x1.996fda88077cfp-19,0,0.0099999999989999998,0x0p+0,0x1.47ae147a548aep-7,39,39,3,100
flowstar_vdp_stock_reach_v1,stepwise,340,3.3999999999999999,0x1.b333333333333p+1,0.01,0x1.47ae147ae147bp-7,2,-1.5192169550310999,-1.3909455049755013,-0x1.84eb670163249p+0,-0x1.6415012e6352ep+0,-2.2903680779628983,-2.0614246971577601,-0x1.252ac7fb53966p+1,-0x1.07dcc3b4bac9dp+1,-1.5194115852152306,-1.3690476491383707,-0x1.84f8285ba9b5fp+0,-0x1.5e79e81fb7094p+0,-2.3294916157359795,-2.061413027591974,-0x1.2a2cc800f234ap+1,-0x1.07dc61d08726ep+1,-1.5194115852152306,2.0616309700712008,-0x1.84f8285ba9b5fp+0,0x1.07e3860c70333p+1,-2.7032997893301021,2.4610649331786534,-0x1.5a05ba3d3a6dep+1,0x1.3b042cfcaad8dp+1,33,19,3,3,-3.3824579897924918e-08,3.0910147005907625e-08,-0x1.228d09ad9386p-25,0x1.098421d1356f6p-25,-3.382114615314148e-06,3.0906738136988277e-06,-0x1.c5f092c4a065cp-19,0x1.9ed2be5dd9513p-19,0,0.0099999999989999998,0x0p+0,0x1.47ae147a548aep-7,40,40,3,100
flowstar_vdp_stock_reach_v1,stepwise,341,3.4100000000000001,0x1.b47ae147ae148p+1,0.01,0x1.47ae147ae147bp-7,2,-1.5398028911722739,-1.4134879211825453,-0x1.8a3085b3df049p+0,-0x1.69da582ac5228p+0,-2.2532550013347548,-2.019744088278018,-0x1.206aa8ee23feap+1,-0x1.0286f96ab8c22p+1,-1.5400031527743534,-1.3919811827359376,-0x1.8a3da588e719fp+0,-0x1.6458e0f87f8d7p+0,-2.2934930266088811,-2.0197319182894793,-0x1.25912df371d16p+1,-0x1.02869353decdep+1,-1.5400031527743534,2.0616309700712008,-0x1.8a3da588e719fp+0,0x1.07e3860c70333p+1,-2.7032997893301021,2.4610649331786534,-0x1.5a05ba3d3a6dep+1,0x1.3b042cfcaad8dp+1,33,19,3,3,-3.3836894588240691e-08,3.118965372320104e-08,-0x1.22a81e3b7cba4p-25,0x1.0beac61c57061p-25,-3.3833307864952385e-06,3.1186088783563344e-06,-0x1.c61a5c52aa60fp-19,0x1.a29295cb3d6dap-19,0,0.0099999999989999998,0x0p+0,0x1.47ae147a548aep-7,41,41,3,100
flowstar_vdp_stock_reach_v1,stepwise,342,3.4199999999999999,0x1.b5c28f5c28f5cp+1,0.01,0x1.47ae147ae147bp-7,2,-1.5599527420579027,-1.4356675205450162,-0x1.8f59101a71b82p+0,-0x1.6f87e818ab95bp+0,-2.2148398254669504,-1.9771911179519821,-0x1.1b7fdf142123ap+1,-0x1.fa2932758ba21p+0,-1.5601582689366313,-1.4145630395254258,-0x1.8f668845aab3bp+0,-0x1.6a20cda8e45ep+0,-2.2561186262650592,-1.9771785145433258,-0x1.20c87ec1da396p+1,-0x1.fa285f0251441p+0,-1.5601582689366313,2.0616309700712008,-0x1.8f668845aab3bp+0,0x1.07e3860c70333p+1,-2.7032997893301021,2.4610649331786534,-0x1.5a05ba3d3a6dep+1,0x1.3b042cfcaad8dp+1,33,19,3,3,-3.3737147144860928e-08,3.1338809413219976e-08,-0x1.21ccc569eca93p-25,0x1.0d32c54ca8db8p-25,-3.3733412789294353e-06,3.1335093787120816e-06,-0x1.c4c31faf63daep-19,0x1.a4928ffb2a332p-19,0,0.0099999999989999998,0x0p+0,0x1.47ae147a548aep-7,42,42,3,100
flowstar_vdp_stock_reach_v1,stepwise,343,3.4300000000000002,0x1.b70a3d70a3d71p+1,0.01,0x1.47ae147ae147bp-7,2,-1.5796578600557691,-1.4574719323672491,-0x1.9464751fcf125p+0,-0x1.751ce16c5af24p+0,-2.1751934054750892,-1.9338429846875831,-0x1.166cbccd7ec4ap+1,-0x1.ef105576d50afp+0,-1.5798682732420808,-1.4367801123677086,-0x1.94723f45900fp+0,-0x1.6fd0d24a299a8p+0,-2.2174367718680528,-1.9338300171939993,-0x1.1bd4f7d80f803p+1,-0x1.ef0f7be7df107p+0,-1.5798682732420808,2.0616309700712008,-0x1.94723f45900fp+0,0x1.07e3860c70333p+1,-2.7032997893301021,2.4610649331786534,-0x1.5a05ba3d3a6dep+1,0x1.3b042cfcaad8dp+1,33,19,3,3,-3.3525583650467293e-08,3.1355918405907003e-08,-0x1.1ffb89c123d2ap-25,0x1.0d5864ce5bc54p-25,-3.3521707909427667e-06,3.1352058452275067e-06,-0x1.c1ebb61a7c6dfp-19,0x1.a4ccda4225f07p-19,0,0.0099999999989999998,0x0p+0,0x1.47ae147a548aep-7,43,43,3,100
flowstar_vdp_stock_reach_v1,stepwise,344,3.4399999999999999,0x1.b851eb851eb85p+1,0.01,0x1.47ae147ae147bp-7,2,-1.598910447283842,-1.4788894407502535,-0x1.995231f0511cp+0,-0x1.7a987f966c0cbp+0,-2.1343908583928184,-1.8897773202232977,-0x1.1133b83ad6d9dp+1,-0x1.e3c8724b14e2ap+0,-1.599125357064489,-1.4586199239623101,-0x1.99604786cbda8p+0,-0x1.75681d86b64e1p+0,-2.1775205013652363,-1.8897640595767846,-0x1.16b8fde5ddd9fp+1,-0x1.e3c793d109da3p+0,-1.599125357064489,2.0616309700712008,-0x1.99604786cbda8p+0,0x1.07e3860c70333p+1,-2.7032997893301021,2.4610649331786534,-0x1.5a05ba3d3a6dep+1,0x1.3b042cfcaad8dp+1,33,19,3,3,-3.3212163766627315e-08,3.1249440991240848e-08,-0x1.1d4a520ba235p-25,0x1.0c6e3f59b7d12p-25,-3.3208151322487315e-06,3.1245441571839272e-06,-0x1.bdb656d014b25p-19,0x1.a35e850eff835p-19,0,0.0099999999989999998,0x0p+0,0x1.47ae147a548aep-7,44,44,3,100
flowstar_vdp_stock_reach_v1,stepwise,345,3.4500000000000002,0x1.b99999999999ap+1,0.01,0x1.47ae147ae147bp-7,2,-1.617703573029472,-1.4999090100738006,-0x1.9e21d244c8afap+0,-0x1.7ffa09713e222p+0,-2.0925077170061601,-1.845075203161608,-0x1.0bd74af995a47p+1,-0x1.d856d9383d5a8p+0,-1.6179225810766547,-1.4800706565107675,-0x1.9e302c9d2f23dp+0,-0x1.7ae5e9197ba5ap+0,-2.1364436957932731,-1.8450617211486771,-0x1.1176fcad96b7bp+1,-0x1.d855f7076f5ecp+0,-1.6179225810766547,2.0616309700712008,-0x1.9e302c9d2f23dp+0,0x1.07e3860c70333p+1,-2.7032997893301021,2.4610649331786534,-0x1.5a05ba3d3a6dep+1,0x1.3b042cfcaad8dp+1,33,19,3,3,-3.2800721125832724e-08,3.1022164301071632e-08,-0x1.19c18c6e12b58p-25,0x1.0a7a75f2c4dfdp-25,-3.279657235075004e-06,3.10180260256156e-06,-0x1.b8302a1ee4b3ep-19,0x1.a051203a895a9p-19,0,0.0099999999989999998,0x0p+0,0x1.47ae147a548aep-7,45,45,3,100
flowstar_vdp_stock_reach_v1,stepwise,346,3.46,0x1.bae147ae147aep+1,0.01,0x1.47ae147ae147bp-7,2,-1.6360311729228949,-1.5205203203212889,-0x1.a2d2f05ef0bb1p+0,-0x1.8540d1d8aef2p+0,-2.0496240065651512,-1.7998162357009273,-0x1.065a1456a59bbp+1,-0x1.ccc0c1bf25331p+0,-1.6362538744476882,-1.5011211913074507,-0x1.a2e188aeb4c3bp+0,-0x1.80497a77ff80ep+0,-2.09428516000823,-1.7998026042262436,-0x1.0c11893f5de28p+1,-0x1.ccbfdd0c6847fp+0,-1.6362538744476882,2.0616309700712008,-0x1.a2e188aeb4c3bp+0,0x1.07e3860c70333p+1,-2.7032997893301021,2.4610649331786534,-0x1.5a05ba3d3a6dep+1,0x1.3b042cfcaad8dp+1,33,19,3,3,-3.2292553021763132e-08,3.0674790775170157e-08,-0x1.156413382e523p-25,0x1.077e9409c04d1p-25,-3.2288275927599017e-06,3.0670521940336182e-06,-0x1.b15dabdbcc6ccp-19,0x1.9ba71c67167c3p-19,0,0.0099999999989999998,0x0p+0,0x1.47ae147a548aep-7,46,46,3,100
flowstar_vdp_stock_reach_v1,stepwise,347,3.4700000000000002,0x1.bc28f5c28f5c3p+1,0.01,0x1.47ae147ae147bp-7,2,-1.6538880498341517,-1.5407137921799579,-0x1.a765350d486c2p+0,-0x1.8a6c3815e8b82p+0,-2.0058227712301493,-1.7540791652941703,-0x1.00beccf200b6ep+1,-0x1.c10b5509888f8p+0,-1.6541140357416932,-1.5217611381460023,-0x1.a77404775d7a5p+0,-0x1.85922350a92b6p+0,-2.0511271487516609,-1.7540654556621409,-0x1.068b559be9bep+1,-0x1.c10a6f071cbb5p+0,-1.6541140357416932,2.0616309700712008,-0x1.a77404775d7a5p+0,0x1.07e3860c70333p+1,-2.7032997893301021,2.4610649331786534,-0x1.5a05ba3d3a6dep+1,0x1.3b042cfcaad8dp+1,33,19,3,3,-3.1686207286141143e-08,3.0205713272229326e-08,-0x1.102eb4ea73e9cp-25,0x1.037710e131552p-25,-3.1681810629253459e-06,3.0201322954282438e-06,-0x1.a939df573767ap-19,0x1.955af49c266e4p-19,0,0.0099999999989999998,0x0p+0,0x1.47ae147a548aep-7,47,47,3,100
flowstar_vdp_stock_reach_v1,stepwise,348,3.48,0x1.bd70a3d70a3d7p+1,0.01,0x1.47ae147ae147bp-7,2,-1.6712717791293674,-1.5604786992659805,-0x1.abd877a2169f5p+0,-0x1.8f7b883373b6ap+0,-1.9613780679680748,-1.7077530414134978,-0x1.f61cdf8103b95p+0,-0x1.b52f4da683f84p+0,-1.6715006381543289,-1.5419789518470668,-0x1.abe777401db06p+0,-0x1.8abf21f14db2ep+0,-2.0072433581699465,-1.7077393213620968,-0x1.00ed59b13a005p+1,-0x1.b52e677757ebbp+0,-1.6715006381543289,2.0616309700712008,-0x1.abe777401db06p+0,0x1.07e3860c70333p+1,-2.7032997893301021,2.4610649331786534,-0x1.5a05ba3d3a6dep+1,0x1.3b042cfcaad8dp+1,33,17,3,3,-3.1022231166783867e-08,2.9654435913771254e-08,-0x1.0a7a9b97223c7p-25,0x1.fd7596a1fe3dp-26,-3.101772342740142e-06,2.9649932944835732e-06,-0x1.a050160f79ef4p-19,0x1.8df464d4189b5p-19,0,0.0099999999989999998,0x0p+0,0x1.47ae147a548aep-7,48,48,3,100
flowstar_vdp_stock_reach_v1,stepwise,349,3.4900000000000002,0x1.beb851eb851ecp+1,0.01,0x1.47ae147ae147bp-7,2,-1.6881780731670617,-1.5798078126767023,-0x1.b02c702e13aadp+0,-0x1.946e48e969673p+0,-1.9163157103303812,-1.6609756371169611,-0x1.ea93aa98ae144p+0,-0x1.a935b308debfap+0,-1.6884093939688407,-1.5617665810669386,-0x1.b03b99195af84p+0,-0x1.8fcfef45ab116p+0,-1.9626596686233078,-1.6609619601237151,-0x1.f670dd31ea516p+0,-0x1.a934cd92a1a44p+0,-1.6884093939688407,2.0616309700712008,-0x1.b03b99195af84p+0,0x1.07e3860c70333p+1,-2.7032997893301021,2.4610649331786534,-0x1.5a05ba3d3a6dep+1,0x1.3b042cfcaad8dp+1,33,17,3,3,-3.0295290430325316e-08,2.9015871394004875e-08,-0x1.043c0c562dd39p-25,0x1.f27d26e64383p-26,-3.0290680686629881e-06,2.9011265220404089e-06,-0x1.968dfc80a7be8p-19,0x1.8561f2c1ced42p-19,0,0.0099999999989999998,0x0p+0,0x1.47ae147a548aep-7,49,49,3,100
flowstar_vdp_stock_reach_v1,stepwise,350,3.5,0x1.cp+1,0.01,0x1.47ae147ae147bp-7,2,-1.7046080086620816,-1.5986901743960256,-0x1.b46130c1b40d2p+0,-0x1.9943c25f77abep+0,-1.8710387273270503,-1.6135071697362628,-0x1.defc64df6b4cfp+0,-0x1.9d0ece4de0f71p+0,-1.7048413818603421,-1.5811122458724192,-0x1.b4707c1bf5266p+0,-0x1.94c3c5ab53c03p+0,-1.9177795533578901,-1.6134936020072341,-0x1.eaf399ce9c106p+0,-0x1.9d0deaaced22bp+0,-1.7048413818603421,2.0616309700712008,-0x1.b4707c1bf5266p+0,0x1.07e3860c70333p+1,-2.7032997893301021,2.4610649331786534,-0x1.5a05ba3d3a6dep+1,0x1.3b042cfcaad8dp+1,33,17,3,3,-2.9570417587585803e-08,2.8352205708364294e-08,-0x1.fc0412683ba91p-26,0x1.e71651c40d73ep-26,-2.956571394434774e-06,2.83475048362491e-06,-0x1.8cd3050322a6dp-19,0x1.7c7948f2dee8cp-19,0,0.0099999999989999998,0x0p+0,0x1.47ae147a548aep-7,50,50,3,100
flowstar_vdp_stock_reach_v1,stepwise,351,3.5100000000000002,0x1.c147ae147ae15p+1,0.01,0x1.47ae147ae147bp-7,2,-1.7205563455775035,-1.6171227710845357,-0x1.b87661732e3f3p+0,-0x1.9dfbc2076ccb3p+0,-1.8253180401754046,-1.5657388334748881,-0x1.d3480b075a284p+0,-0x1.90d4429bda11dp+0,-1.7207913657101777,-1.6000121155752409,-0x1.b885c86ef6e23p+0,-0x1.999a64dd99746p+0,-1.8723747818860452,-1.5657254382632355,-0x1.df53f4260e423p+0,-0x1.90d361dfdb19ep+0,-1.7207913657101777,2.0616309700712008,-0x1.b885c86ef6e23p+0,0x1.07e3860c70333p+1,-2.7032997893301021,2.4610649331786534,-0x1.5a05ba3d3a6dep+1,0x1.3b042cfcaad8dp+1,33,17,3,3,-2.8862814770424907e-08,2.7681433083790862e-08,-0x1.efdc007613a61p-26,0x1.db903aee28d39p-26,-2.8858027327309565e-06,2.7676647991075847e-06,-0x1.83536d47e55cdp-19,0x1.73783d06f943p-19,0,0.0099999999989999998,0x0p+0,0x1.47ae147a548aep-7,51,51,3,100
flowstar_vdp_stock_reach_v1,stepwise,352,3.52,0x1.c28f5c28f5c29p+1,0.01,0x1.47ae147ae147bp-7,2,-1.7360205943891132,-1.6351014517981028,-0x1.bc6bd87e156edp+0,-0x1.a296023d1d6edp+0,-1.7790889856257486,-1.5178955280972961,-0x1.c7726031efb83p+0,-0x1.8494cd23ec2b5p+0,-1.7362568617766756,-1.6184612303345958,-0x1.bc7b5466c9527p+0,-0x1.9e5379a6218ap+0,-1.826381908916143,-1.5178823652047504,-0x1.d38dc3c8cd06dp+0,-0x1.8493f04dbac29p+0,-1.7362568617766756,2.0616309700712008,-0x1.bc7b5466c9527p+0,0x1.07e3860c70333p+1,-2.7032997893301021,2.4610649331786534,-0x1.5a05ba3d3a6dep+1,0x1.3b042cfcaad8dp+1,33,16,3,3,-2.8144960242420395e-08,2.6978953269679628e-08,-0x1.e386d81d72a33p-26,0x1.cf7eb0f91966p-26,-2.8140100190417406e-06,2.6974095487610694e-06,-0x1.79b0a5e4962c4p-19,0x1.6a0a494f553e8p-19,0,0.0099999999989999998,0x0p+0,0x1.47ae147a548aep-7,52,52,3,100
flowstar_vdp_stock_reach_v1,stepwise,353,3.5300000000000002,0x1.c3d70a3d70a3ep+1,0.01,0x1.47ae147ae147bp-7,2,-1.7510010078069258,-1.6526207519274254,-0x1.c0419a1fcb35ap+0,-0x1.a7122752381eep+0,-1.7324817313665535,-1.4699967520351305,-0x1.bb83ec392305ap+0,-0x1.7851b50737945p+0,-1.7512381303086284,-1.6364533287884888,-0x1.c05124612f09fp+0,-0x1.a2ee9af893af6p+0,-1.7799326676856426,-1.4699838773794542,-0x1.c7a9aad4cab81p+0,-0x1.7850dd06fdf5bp+0,-1.7512381303086284,2.0616309700712008,-0x1.c05124612f09fp+0,0x1.07e3860c70333p+1,-2.7032997893301021,2.4610649331786534,-0x1.5a05ba3d3a6dep+1,0x1.3b042cfcaad8dp+1,33,17,3,3,-2.7356277669399255e-08,2.6185402190573822e-08,-0x1.d5fa2e7ac2f98p-26,0x1.c1dc9de312acdp-26,-2.7351356066900583e-06,2.6180483088021619e-06,-0x1.6f1a8b398c6e8p-19,0x1.5f637475facccp-19,0,0.0099999999989999998,0x0p+0,0x1.47ae147a548aep-7,53,53,3,100
flowstar_vdp_stock_reach_v1,stepwise,354,3.54,0x1.c51eb851eb852p+1,0.01,0x1.47ae147ae147bp-7,2,-1.7654976246530487,-1.6696773884992557,-0x1.c3f7a6ff0cef6p+0,-0x1.ab6ffa327998fp+0,-1.6855283855359735,-1.4221807754788582,-0x1.af7ec9cc5b4fcp+0,-0x1.6c140a0fae7e5p+0,-1.7657352193028335,-1.6539843468267221,-0x1.c407392c4d122p+0,-0x1.a76b84a5b7793p+0,-1.7330610550101404,-1.4221682407307532,-0x1.bba9e3a93d643p+0,-0x1.6c1337c359336p+0,-1.7657352193028335,2.0616309700712008,-0x1.c407392c4d122p+0,0x1.07e3860c70333p+1,-2.7032997893301021,2.4610649331786534,-0x1.5a05ba3d3a6dep+1,0x1.3b042cfcaad8dp+1,33,17,3,3,-2.6496751565163748e-08,2.53034939375462e-08,-0x1.c735f21e6cf46p-26,0x1.b2b5f177924dcp-26,-2.6491779883961905e-06,2.5298525246050101e-06,-0x1.63911004b089cp-19,0x1.538d12238e84fp-19,0,0.0099999999989999998,0x0p+0,0x1.47ae147a548aep-7,54,54,3,100
flowstar_vdp_stock_reach_v1,stepwise,355,3.5500000000000003,0x1.c666666666667p+1,0.01,0x1.47ae147ae147bp-7,2,-1.7795118815232371,-1.6862678792322428,-0x1.c78e1735fc58dp+0,-0x1.afaf40719906dp+0,-1.6383513510423002,-1.3744675404851963,-0x1.a36afe8015874p+0,-0x1.5fdd1acfcc274p+0,-1.7797495760351367,-1.6710500398745685,-0x1.c79dab10240ap+0,-0x1.abc9ef773da2fp+0,-1.6858916591749493,-1.3744553927765635,-0x1.af969884c16e1p+0,-0x1.5fdc4f01c942cp+0,-1.7797495760351367,2.0616309700712008,-0x1.c79dab10240ap+0,0x1.07e3860c70333p+1,-2.7032997893301021,2.4610649331786534,-0x1.5a05ba3d3a6dep+1,0x1.3b042cfcaad8dp+1,33,17,3,3,-2.5574411555734455e-08,2.4343697415020649e-08,-0x1.b75d7396916a2p-26,0x1.a238b6a6dad7cp-26,-2.5569401400379203e-06,2.433869094681574e-06,-0x1.572fcb52f114ap-19,0x1.46ab1af5f0314p-19,0,0.0099999999989999998,0x0p+0,0x1.47ae147a548aep-7,55,55,3,100
flowstar_vdp_stock_reach_v1,stepwise,356,3.5600000000000001,0x1.c7ae147ae147bp+1,0.01,0x1.47ae147ae147bp-7,2,-1.7930470981913988,-1.7023884234462672,-0x1.cb052276eb755p+0,-0x1.b3cfba4bca6c7p+0,-1.5912994861619238,-1.3266541458901966,-0x1.975f673335026p+0,-0x1.539f9b29b3825p+0,-1.7932846386547618,-1.6876457604380015,-0x1.cb14b3bb70fe4p+0,-0x1.b0098d745073dp+0,-1.6388076910775726,-1.3266105290851913,-0x1.a388e69d9c87bp+0,-0x1.539cbf64f33d4p+0,-1.7932846386547618,2.0616309700712008,-0x1.cb14b3bb70fe4p+0,0x1.07e3860c70333p+1,-2.7032997893301021,2.4610649331786534,-0x1.5a05ba3d3a6dep+1,0x1.3b042cfcaad8dp+1,33,17,3,3,-2.4599640337932906e-08,2.3318810415882574e-08,-0x1.a69e5cc3cc99ep-26,0x1.909d3679948dcp-26,-2.4594603172501948e-06,2.3313777788929268e-06,-0x1.4a1a69bc2676cp-19,0x1.38e987d02419ep-19,0,0.0099999999989999998,0x0p+0,0x1.47ae147a548aep-7,56,56,3,100
flowstar_vdp_stock_reach_v1,stepwise,357,3.5700000000000003,0x1.c8f5c28f5c29p+1,0.01,0x1.47ae147ae147bp-7,2,-1.8061042674350811,-1.7180389831935763,-0x1.ce5cd969ccb9ep+0,-0x1.b7d1671e11cbp+0,-1.5441206424878142,-1.2791337038197936,-0x1.8b4b7d8c904cbp+0,-0x1.47754e711e0b9p+0,-1.8063413154296302,-1.7037708523558912,-0x1.ce6c626b2f12ep+0,-0x1.b42a539abf21p+0,-1.5915303623853259,-1.279056090576467,-0x1.976e88a909378p+0,-0x1.4770384ec689cp+0,-1.8063413154296302,2.0616309700712008,-0x1.ce6c626b2f12ep+0,0x1.07e3860c70333p+1,-2.7032997893301021,2.4610649331786534,-0x1.5a05ba3d3a6dep+1,0x1.3b042cfcaad8dp+1,33,17,3,3,-2.3582827661796293e-08,2.2241661253671752e-08,-0x1.95265f77ae37cp-26,0x1.7e1bdc55627fcp-26,-2.3577774944792047e-06,2.2236614025151251e-06,-0x1.3c749e2ac7903p-19,0x1.2a746c8be1f47p-19,0,0.0099999999989999998,0x0p+0,0x1.47ae147a548aep-7,57,57,3,100
flowstar_vdp_stock_reach_v1,stepwise,358,3.5800000000000001,0x1.ca3d70a3d70a4p+1,0.01,0x1.47ae147ae147bp-7,2,-1.8186867296982099,-1.7332185563373583,-0x1.d1957419b916cp+0,-0x1.bbb436184a0ecp+0,-1.4968941063664578,-1.2319624411125174,-0x1.7f3473c06b48fp+0,-0x1.3b61e3fa7a84cp+0,-1.818922947762573,-1.7194236377722125,-0x1.d1a4ef2e958cp+0,-0x1.b82c25c43374fp+0,-1.5441378477197203,-1.2318523145069173,-0x1.8b4c9e3478d6cp+0,-0x1.3b5aac5c4f224p+0,-1.818922947762573,2.0616309700712008,-0x1.d1a4ef2e958cp+0,0x1.07e3860c70333p+1,-2.7032997893301021,2.4610649331786534,-0x1.5a05ba3d3a6dep+1,0x1.3b042cfcaad8dp+1,33,17,3,3,-2.2592712616255171e-08,2.1183195412282958e-08,-0x1.8423cd07abb66p-26,0x1.6becadbdc70c5p-26,-2.2587655669917647e-06,2.1178144951512073e-06,-0x1.2f2a980ae9244p-19,0x1.1c3f8d4d99f5cp-19,0,0.0099999999989999998,0x0p+0,0x1.47ae147a548aep-7,58,58,3,100
flowstar_vdp_stock_reach_v1,stepwise,359,3.5899999999999999,0x1.cb851eb851eb8p+1,0.01,0x1.47ae147ae147bp-7,2,-1.8307986609647056,-1.7479266321229638,-0x1.d4af3896676cbp+0,-0x1.bf781ea8c68aap+0,-1.4497230740163005,-1.1851668238874467,-0x1.73210d272816dp+0,-0x1.2f6717cce6993p+0,-1.8310337266056127,-1.7346029461150336,-0x1.d4bea055a4e48p+0,-0x1.bc0ef04d1bfc6p+0,-1.4967363369233802,-1.1850257519100915,-0x1.7f2a1cd1d21dp+0,-0x1.2f5dd9015f24ap+0,-1.8310337266056127,2.0616309700712008,-0x1.d4bea055a4e48p+0,0x1.07e3860c70333p+1,-2.7032997893301021,2.4610649331786534,-0x1.5a05ba3d3a6dep+1,0x1.3b042cfcaad8dp+1,33,17,3,3,-2.1689756337711642e-08,2.020544294851798e-08,-0x1.74a08ea3db8bbp-26,0x1.5b207a555d008p-26,-2.1684706102113224e-06,2.0200400199524163e-06,-0x1.230c15340e486p-19,0x1.0f200bec90caep-19,0,0.0099999999989999998,0x0p+0,0x1.47ae147a548aep-7,59,59,3,100
flowstar_vdp_stock_reach_v1,stepwise,360,3.6000000000000001,0x1.ccccccccccccdp+1,0.01,0x1.47ae147ae147bp-7,2,-1.8424440785444043,-1.7621641251161955,-0x1.d7aa6a460e9c4p+0,-0x1.c31d30278efaap+0,-1.4026352250510246,-1.1388426427413947,-0x1.67131a23cfceep+0,-0x1.238b3101dd5p+0,-1.8426776850609623,-1.749309062868508,-0x1.d7b9b98a67e3ep+0,-0x1.bfd2b7ff9ddccp+0,-1.4493566681039052,-1.1386722633824233,-0x1.730909e1beecbp+0,-0x1.2380068416fd9p+0,-1.8426776850609623,2.0616309700712008,-0x1.d7b9b98a67e3ep+0,0x1.07e3860c70333p+1,-2.7032997893301021,2.4610649331786534,-0x1.5a05ba3d3a6dep+1,0x1.3b042cfcaad8dp+1,33,17,3,3,-2.0764633684265567e-08,1.9202204947585758e-08,-0x1.64bbd32177e7p-26,0x1.49e430c2fc22ap-26,-2.0759600780048598e-06,1.919718048002704e-06,-0x1.16a171f4de8e2p-19,0x1.01a90286d2193p-19,0,0.0099999999989999998,0x0p+0,0x1.47ae147a548aep-7,60,60,3,100
flowstar_vdp_stock_reach_v1,stepwise,361,3.6099999999999999,0x1.ce147ae147ae1p+1,0.01,0x1.47ae147ae147bp-7,2,-1.8536279382435319,-1.7759322146406686,-0x1.da875c4db5377p+0,-0x1.c6a37e5dcb65fp+0,-1.3556975102206585,-1.0930399437130962,-0x1.5b0efdf5aa963p+0,-0x1.17d1773b782c8p+0,-1.8538597954028631,-1.7635425705106558,-0x1.da968e389fe26p+0,-0x1.c37786a172714p+0,-1.4020690856459799,-1.0928419503230904,-0x1.66edffe59504fp+0,-0x1.17c47d7455a3cp+0,-1.8538597954028631,2.0616309700712008,-0x1.da968e389fe26p+0,0x1.07e3860c70333p+1,-2.7032997893301021,2.4610649331786534,-0x1.5a05ba3d3a6dep+1,0x1.3b042cfcaad8dp+1,33,17,3,3,-1.9825114630206506e-08,1.8183356036846098e-08,-0x1.5497c6b71d7f6p-26,0x1.38633ede335dcp-26,-1.9820109249160065e-06,1.8178359951232742e-06,-0x1.0a05607772af7p-19,0x1.e7f8bd064202ap-20,0,0.0099999999989999998,0x0p+0,0x1.47ae147a548aep-7,61,61,3,100
flowstar_vdp_stock_reach_v1,stepwise,362,3.6200000000000001,0x1.cf5c28f5c28f6p+1,0.01,0x1.47ae147ae147bp-7,2,-1.8643556816412976,-1.7892327315278409,-0x1.dd4669f8c2db7p+0,-0x1.ca0b2802d8467p+0,-1.3089740324322552,-1.0478049234136031,-0x1.4f18ec149c1a8p+0,-0x1.0c3cf186a632ap+0,-1.864585516208545,-1.7773047364697949,-0x1.dd5579f4b602bp+0,-0x1.c6fd717629e62p+0,-1.3549410921042515,-1.0475810504926515,-0x1.5add6b5e9823p+0,-0x1.0c2e458fc677ap+0,-1.864585516208545,2.0616309700712008,-0x1.dd5579f4b602bp+0,0x1.07e3860c70333p+1,-2.7032997893301021,2.4610649331786534,-0x1.5a05ba3d3a6dep+1,0x1.3b042cfcaad8dp+1,33,17,3,3,-1.8877984225065277e-08,1.7157612143124205e-08,-0x1.445240ae2d38ap-26,0x1.26c3f9e9e0bbep-26,-1.8873016070022168e-06,1.7152654017499711e-06,-0x1.fa9e60fe07ea8p-20,0x1.cc70241029a5p-20,0,0.0099999999989999998,0x0p+0,0x1.47ae147a548aep-7,62,62,3,100
flowstar_vdp_stock_reach_v1,stepwise,363,3.6299999999999999,0x1.d0a3d70a3d70ap+1,0.01,0x1.47ae147ae147bp-7,2,-1.8746331971804173,-1.8020681293364242,-0x1.dfe7f611e2c49p+0,-0x1.cd545640a9f17p+0,-1.2625258618604813,-1.0031799455864745,-0x1.4334e5170b83ep+0,-0x1.00d066a24c061p+0,-1.8748607533076211,-1.7905974852638125,-0x1.dff6dfd40299ap+0,-0x1.ca6498c78206dp+0,-1.3080372350863114,-1.0029319551357565,-0x1.4edb873aa55e6p+0,-0x1.00c0260b6be1cp+0,-1.8748607533076211,2.0616309700712008,-0x1.dff6dfd40299ap+0,0x1.07e3860c70333p+1,-2.7032997893301021,2.4610649331786534,-0x1.5a05ba3d3a6dep+1,0x1.3b042cfcaad8dp+1,33,17,3,3,-1.7929901794447531e-08,1.6133368903633103e-08,-0x1.34088ac293ad5p-26,0x1.152b4e8bb0417p-26,-1.7924980029911015e-06,1.6128457751498437e-06,-0x1.e12b865a5544fp-20,0x1.b0f1eaeff88dep-20,0,0.0099999999989999998,0x0p+0,0x1.47ae147a548aep-7,63,63,3,100
flowstar_vdp_stock_reach_v1,stepwise,364,3.6400000000000001,0x1.d1eb851eb851fp+1,0.01,0x1.47ae147ae147bp-7,2,-1.8844667810450033,-1.8144414539117615,-0x1.e26c6a3afc973p+0,-0x1.d07f3c310ec5ep+0,-1.2164108554203981,-0.95920360798621329,-0x1.3766b3aa87adbp+0,-0x1.eb1cbc3d03113p-1,-1.8846918205246588,-1.8034233687031382,-0x1.e27b29c4312e3p+0,-0x1.cdad27656c10ap+0,-1.2614188996602125,-0.95893327653727023,-0x1.42ec595898cfap+0,-0x1.eaf94d6b8c226p-1,-1.8846918205246588,2.0616309700712008,-0x1.e27b29c4312e3p+0,0x1.07e3860c70333p+1,-2.7032997893301021,2.4610649331786534,-0x1.5a05ba3d3a6dep+1,0x1.3b042cfcaad8dp+1,33,17,3,3,-1.6987030802391162e-08,1.511831856259921e-08,-0x1.23d5c065dfb92p-26,0x1.03bb11761452p-26,-1.6982164013961404e-06,1.5113462799802425e-06,-0x1.c7dc8ae085a9dp-20,0x1.95b2ecef58c84p-20,0,0.0099999999989999998,0x0p+0,0x1.47ae147a548aep-7,64,64,3,100
flowstar_vdp_stock_reach_v1,stepwise,365,3.6499999999999999,0x1.d333333333333p+1,0.01,0x1.47ae147ae147bp-7,2,-1.8938631003120958,-1.8263563101534153,-0x1.e4d4364ef10dfp+0,-0x1.d38c164ef3c03p+0,-1.1706836321006466,-0.91591070445103973,-0x1.2bb1ec29d5b3bp+0,-0x1.d4f23f7358d9ep-1,-1.8940854027023237,-1.8157855330383774,-0x1.e4e2c7ec6ffe1p+0,-0x1.d0d75218f3236p+0,-1.2151442580086009,-0.915619810868466,-0x1.3713b1b011b25p+0,-0x1.d4cc1eae7fe17p-1,-1.8940854027023237,2.0616309700712008,-0x1.e4e2c7ec6ffe1p+0,0x1.07e3860c70333p+1,-2.7032997893301021,2.4610649331786534,-0x1.5a05ba3d3a6dep+1,0x1.3b042cfcaad8dp+1,33,17,3,3,-1.6056667452494486e-08,1.4121067331947624e-08,-0x1.13d9f863934f9p-26,0x1.e53238c980779p-27,-1.6051863617930578e-06,1.41162747551094e-06,-0x1.aee3911cd4d7cp-20,0x1.7aee4d2cb2702p-20,0,0.0099999999989999998,0x0p+0,0x1.47ae147a548aep-7,65,65,3,100
flowstar_vdp_stock_reach_v1,stepwise,366,3.6600000000000001,0x1.d47ae147ae148p+1,0.01,0x1.47ae147ae147bp-7,2,-1.9028291550108272,-1.8378168292428125,-0x1.e71fcfbea595dp+0,-0x1.d67b29e9a2e45p+0,-1.1253954212026152,-0.87333236255185875,-0x1.2019ea112225p+0,-0x1.bf256b5f65b54p-1,-1.9030485176400129,-1.8276876863192077,-0x1.e72e3009f7131p+0,-0x1.d3e357180afbcp+0,-1.169268093560081,-0.87302267668583577,-0x1.2b55275e18c8fp+0,-0x1.befcd40a10686p-1,-1.9030485176400129,2.0616309700712008,-0x1.e72e3009f7131p+0,0x1.07e3860c70333p+1,-2.7032997893301021,2.4610649331786534,-0x1.5a05ba3d3a6dep+1,0x1.3b042cfcaad8dp+1,33,17,3,3,-1.5144018555817242e-08,1.3147911822917371e-08,-0x1.042c1914caad4p-26,0x1.c3c24164a8744p-27,-1.5139284469869087e-06,1.3143189041227823e-06,-0x1.96645ee5b741p-20,0x1.60cf4eaeda75ep-20,0,0.0099999999989999998,0x0p+0,0x1.47ae147a548aep-7,66,66,3,100
flowstar_vdp_stock_reach_v1,stepwise,367,3.6699999999999999,0x1.d5c28f5c28f5cp+1,0.01,0x1.47ae147ae147bp-7,2,-1.9113722417524717,-1.8488276349124895,-0x1.e94fb0f4cf1f5p+0,-0x1.d94cc493e3e23p+0,-1.0805940519293427,-0.83149608497553051,-0x1.14a1cfd149e52p+0,-0x1.a9b9dad771a23p-1,-1.9115884796119631,-1.8391340645624894,-0x1.e95ddcd357ffap+0,-0x1.d6d17d744164dp+0,-1.1238417681882031,-0.8311693572218396,-0x1.1fb418183f44fp+0,-0x1.a98f07ad69087p-1,-1.9115884796119631,2.0616309700712008,-0x1.e95ddcd357ffap+0,0x1.07e3860c70333p+1,-2.7032997893301021,2.4610649331786534,-0x1.5a05ba3d3a6dep+1,0x1.3b042cfcaad8dp+1,33,17,3,3,-1.425367082857925e-08,1.2204311390596539e-08,-0x1.e9c09d50ed9bap-27,0x1.a356421d918aap-27,-1.424901202072704e-06,1.2199663749915323e-06,-0x1.7e7e770ab1c45p-20,0x1.477b736fd0ff9p-20,0,0.0099999999989999998,0x0p+0,0x1.47ae147a548aep-7,67,67,3,100
flowstar_vdp_stock_reach_v1,stepwise,368,3.6800000000000002,0x1.d70a3d70a3d71p+1,0.01,0x1.47ae147ae147bp-7,2,-1.9194999179804899,-1.8593938088827733,-0x1.eb6458bc66a08p+0,-0x1.dc013b8f89509p+0,-1.0363238600918372,-0.79042591537478801,-0x1.094c853f28afp+0,-0x1.94b2b4a0e422dp-1,-1.9197128635144887,-1.8501293968731274,-0x1.eb724d5e81577p+0,-0x1.d9a21484f0339p+0,-1.0789131083550965,-0.79008386718200296,-0x1.1433a6439c604p+0,-0x1.9485df6549aeap-1,-1.9197128635144887,2.0616309700712008,-0x1.eb724d5e81577p+0,0x1.07e3860c70333p+1,-2.7032997893301021,2.4610649331786534,-0x1.5a05ba3d3a6dep+1,0x1.3b042cfcaad8dp+1,33,17,3,3,-1.3391422820926246e-08,1.1296725786567542e-08,-0x1.cc203369c3ae4p-27,0x1.84270d057d7e5p-27,-1.3386845580421679e-06,1.1292159400070081e-06,-0x1.6759b3ccc3edap-20,0x1.2f1f20e6a2ea3p-20,0,0.0099999999989999998,0x0p+0,0x1.47ae147a548aep-7,68,68,3,100
flowstar_vdp_stock_reach_v1,stepwise,369,3.6899999999999999,0x1.d851eb851eb85p+1,0.01,0x1.47ae147ae147bp-7,2,-1.9272199672842434,-1.8695208565972243,-0x1.ed5e49abaf1bap+0,-0x1.de98eb3a46656p+0,-0.99262567934447477,-0.75014255756209147,-0x1.fc396edbe89a4p-1,-0x1.8012af70224b4p-1,-1.9274294700863948,-1.8606788706676212,-0x1.ed6c048b5e2p+0,-0x1.dc557351e02a6p+0,-1.0345263776852924,-0.74978687290885593,-0x1.08d6b87f01f7p+0,-0x1.7fe410a43a2fap-1,-1.9274294700863948,2.0616309700712008,-0x1.ed6c048b5e2p+0,0x1.07e3860c70333p+1,-2.7032997893301021,2.4610649331786534,-0x1.5a05ba3d3a6dep+1,0x1.3b042cfcaad8dp+1,33,17,3,3,-1.2555919434659098e-08,1.0424262124467568e-08,-0x1.af6b090b2a2dbp-27,0x1.662cc7827a895p-27,-1.2551429378427191e-06,1.0419782445271056e-06,-0x1.50ecc4132a493p-20,0x1.17b43321c7cabp-20,0,0.0099999999989999998,0x0p+0,0x1.47ae147a548aep-7,69,69,3,100
flowstar_vdp_stock_reach_v1,stepwise,370,3.7000000000000002,0x1.d99999999999ap+1,0.01,0x1.47ae147ae147bp-7,2,-1.9345403660876952,-1.8792146727582903,-0x1.ef3e09952375fp+0,-0x1.e1143679a902dp+0,-0.94953688347731857,-0.71066347764804294,-0x1.e629b2c9c2fe4p-1,-0x1.6bdc1555eb816p-1,-1.9347462925140855,-1.8707880965209358,-0x1.ef4b887467be4p+0,-0x1.deebf7fc4db2ep+0,-0.99072230253832172,-0.71029579549789457,-0x1.fb3ff421a3cb3p-1,-0x1.6babe3f84cad8p-1,-1.9347462925140855,2.0616309700712008,-0x1.ef4b887467be4p+0,0x1.07e3860c70333p+1,-2.7032997893301021,2.4610649331786534,-0x1.5a05ba3d3a6dep+1,0x1.3b042cfcaad8dp+1,33,17,3,3,-1.1745462907266051e-08,9.585508981750377e-09,-0x1.93922f2facaeep-27,0x1.495b0756d4bf6p-27,-1.174528614137566e-06,9.5853320309936233e-07,-0x1.3b48fde4f747p-20,0x1.014de6704ceffp-20,0,0.0099999999989999998,0x0p+0,0x1.47ae147a548aep-7,70,70,3,100
flowstar_vdp_stock_reach_v1,stepwise,371,3.71,0x1.dae147ae147aep+1,0.01,0x1.47ae147ae147bp-7,2,-1.9414692519849597,-1.8884815069048724,-0x1.f10420ff77094p+0,-0x1.e373862741d98p+0,-0.90709143819912219,-0.67200303349774249,-0x1.d06e49fb17facp-1,-0x1.5810c8175f068p-1,-1.9416714846932817,-1.880463072897852,-0x1.f11161e6555a5p+0,-0x1.e16607276e938p+0,-0.94753810902422186,-0.67162494122500815,-0x1.e523b70bf207cp-1,-0x1.57df396b7a89cp-1,-1.9416714846932817,2.0616309700712008,-0x1.f11161e6555a5p+0,0x1.07e3860c70333p+1,-2.7032997893301021,2.4610649331786534,-0x1.5a05ba3d3a6dep+1,0x1.3b042cfcaad8dp+1,33,16,3,3,-1.0972284411859631e-08,8.7927837634553924e-09,-0x1.79013bfe8c38p-27,0x1.2e1e24d71f715p-27,-1.097211208608045e-06,8.7926112503439134e-07,-0x1.2687c7b63be26p-20,0x1.d80cba9621eb4p-21,0,0.0099999999989999998,0x0p+0,0x1.47ae147a548aep-7,71,71,3,100
flowstar_vdp_stock_reach_v1,stepwise,372,3.7200000000000002,0x1.dc28f5c28f5c3p+1,0.01,0x1.47ae147ae147bp-7,2,-1.948014783315638,-1.8973280392503273,-0x1.f2b118ca7716dp+0,-0x1.e5b74a565d2c8p+0,-0.8653160682610147,-0.63417648981598695,-0x1.bb0ab52bc4cb1p-1,-0x1.44b2c7e74db1p-1,-1.9482132207401996,-1.8897102610067238,-0x1.f2be1a04b6c7dp+0,-0x1.e3c40d39f0834p+0,-0.90500367729496756,-0.63378951758395541,-0x1.cf5ca4597bb61p-1,-0x1.44800f4524338p-1,-1.9482132207401996,2.0616309700712008,-0x1.f2be1a04b6c7dp+0,0x1.07e3860c70333p+1,-2.7032997893301021,2.4610649331786534,-0x1.5a05ba3d3a6dep+1,0x1.3b042cfcaad8dp+1,33,16,3,3,-1.0232391099934357e-08,8.0421898240378747e-09,-0x1.5f95105f54bd6p-27,0x1.1453d98c21be5p-27,-1.0232223351200974e-06,8.04202188984925e-07,-0x1.12ab4daf29fe8p-20,0x1.afc0b50d493d4p-21,0,0.0099999999989999998,0x0p+0,0x1.47ae147a548aep-7,72,72,3,100
flowstar_vdp_stock_reach_v1,stepwise,373,3.73,0x1.dd70a3d70a3d7p+1,0.01,0x1.47ae147ae147bp-7,2,-1.9541856203275152,-1.9057608376653203,-0x1.f44582419ec23p+0,-0x1.e7dff137c5265p+0,-0.82424936838730212,-0.59718113887704605,-0x1.a6040361f1b99p-1,-0x1.31c1b9ea87a72p-1,-1.9543801760995616,-1.898536040679194,-0x1.f452425c4c5fep+0,-0x1.e606753cfe953p+0,-0.86316064153723682,-0.59678675493896416,-0x1.b9f0310d31914p-1,-0x1.318e08964c31dp-1,-1.9543801760995616,2.0616309700712008,-0x1.f452425c4c5fep+0,0x1.07e3860c70333p+1,-2.7032997893301021,2.4610649331786534,-0x1.5a05ba3d3a6dep+1,0x1.3b042cfcaad8dp+1,33,17,3,3,-9.5275956094777671e-09,7.3349712307192007e-09,-0x1.475d9e04aeae6p-27,0x1.f80e2db391977p-28,-9.5274325589612337e-07,7.3348080007287402e-07,-0x1.ff8009387791dp-21,0x1.89c8d563c880fp-21,0,0.0099999999989999998,0x0p+0,0x1.47ae147a548aep-7,73,73,3,100
flowstar_vdp_stock_reach_v1,stepwise,374,3.7400000000000002,0x1.deb851eb851ecp+1,0.01,0x1.47ae147ae147bp-7,2,-1.9599929423781299,-1.9137842806280017,-0x1.f5c218f3e7a64p+0,-0x1.e9edc440e56a5p+0,-0.7839076347885523,-0.56103073046672935,-0x1.915c576d00ca6p-1,-0x1.1f3f6b7ecfa9fp-1,-1.9601835447006417,-1.9069446321169539,-0x1.f5ce96baa5884p+0,-0x1.e82d85fe399e1p+0,-0.82202821237985291,-0.56063033735118339,-0x1.a4e0e1c11f229p-1,-0x1.1f0af08823372p-1,-1.9601835447006417,2.0616309700712008,-0x1.f5ce96baa5884p+0,0x1.07e3860c70333p+1,-2.7032997893301021,2.4610649331786534,-0x1.5a05ba3d3a6dep+1,0x1.3b042cfcaad8dp+1,33,16,3,3,-8.8594035318043399e-09,6.6726676770874192e-09,-0x1.30682338e74e3p-27,0x1.ca8acfaa02548p-28,-8.8592452759102104e-07,6.6725092515154755e-07,-0x1.dba08a38acb34p-21,0x1.663a44d3c010dp-21,0,0.0099999999989999998,0x0p+0,0x1.47ae147a548aep-7,74,74,3,100
flowstar_vdp_stock_reach_v1,stepwise,375,3.75,0x1.ep+1,0.01,0x1.47ae147ae147bp-7,2,-1.9654423801279957,-1.9214088110890439,-0x1.f7273b58d277ep+0,-0x1.ebe172a5dfa9ep+0,-0.74431771820950277,-0.52573471476370248,-0x1.7d1736431618dp-1,-0x1.0d2d19bc90611p-1,-1.9656289711137263,-1.9149463484710036,-0x1.f73375d300eadp+0,-0x1.ea39ec84470f8p+0,-0.78163602258920761,-0.52532964629859769,-0x1.903298c4cad6p-1,-0x1.0cf801e4f185ep-1,-1.9656289711137263,2.0616309700712008,-0x1.f73375d300eadp+0,0x1.07e3860c70333p+1,-2.7032997893301021,2.4610649331786534,-0x1.5a05ba3d3a6dep+1,0x1.3b042cfcaad8dp+1,33,16,3,3,-8.2273017333820813e-09,6.0540782023462235e-09,-0x1.1ab01c82a717p-27,0x1.a00878560e785p-28,-8.2271483438183917e-07,6.0539246562692672e-07,-0x1.b9b110db1bc41p-21,0x1.450481c5387d9p-21,0,0.0099999999989999998,0x0p+0,0x1.47ae147a548aep-7,75,75,3,100
flowstar_vdp_stock_reach_v1,stepwise,376,3.7600000000000002,0x1.e147ae147ae15p+1,0.01,0x1.47ae147ae147bp-7,2,-1.9705423212105142,-1.9286414741915661,-0x1.f8757628fbab8p+0,-0x1.edbb72995cac5p+0,-0.70549863741446539,-0.49126327951623272,-0x1.69371e0e22a86p-1,-0x1.f70db89cfde06p-2,-1.970724856191566,-1.9225481322104852,-0x1.f8816c96c1cffp+0,-0x1.ec2c1d48d4758p+0,-0.74200573486192822,-0.49085479863980819,-0x1.7be82cf95a54ep-1,-0x1.f6a2a3ecf877p-2,-1.970724856191566,2.0616309700712008,-0x1.f8816c96c1cffp+0,0x1.07e3860c70333p+1,-2.7032997893301021,2.4610649331786534,-0x1.5a05ba3d3a6dep+1,0x1.3b042cfcaad8dp+1,33,16,3,3,-7.6297156212616716e-09,5.4776217736670052e-09,-0x1.0627b036e4c89p-27,0x1.786b5760f6a0bp-28,-7.6295671484480106e-07,5.4774731604286757e-07,-0x1.999bf8f15987cp-21,0x1.2611d160d9029p-21,0,0.0099999999989999998,0x0p+0,0x1.47ae147a548aep-7,76,76,3,100
flowstar_vdp_stock_reach_v1,stepwise,377,3.77,0x1.e28f5c28f5c29p+1,0.01,0x1.47ae147ae147bp-7,2,-1.9753120765711683,-1.9354795526203608,-0x1.f9ae0d60445b2p+0,-0x1.ef7b968494c6fp+0,-0.66746854023871127,-0.45763082780983227,-0x1.55be6fbede45ap-1,-0x1.d49d2cfc56ab1p-2,-1.9754905233878826,-1.9297471890715825,-0x1.f9b9bf378245ep+0,-0x1.ee03e96a9c419p+0,-0.70315799873878848,-0.45722012511285376,-0x1.6804534101fffp-1,-0x1.d4318331bb1efp-2,-1.9754905233878826,2.0616309700712008,-0x1.f9b9bf378245ep+0,0x1.07e3860c70333p+1,-2.7032997893301021,2.4610649331786534,-0x1.5a05ba3d3a6dep+1,0x1.3b042cfcaad8dp+1,33,16,3,3,-7.0693157304803309e-09,4.9454001413249871e-09,-0x1.e5ccb7b086b75p-28,0x1.53d8663bd1bedp-28,-7.0691721921453466e-07,4.94525648104826e-07,-0x1.7b85f67a129e8p-21,0x1.097f16690f626p-21,0,0.0099999999989999998,0x0p+0,0x1.47ae147a548aep-7,77,77,3,100
flowstar_vdp_stock_reach_v1,stepwise,378,3.7800000000000002,0x1.e3d70a3d70a3ep+1,0.01,0x1.47ae147ae147bp-7,2,-1.9797662455097462,-1.9419247772939545,-0x1.fad1f5ee3066bp+0,-0x1.f121fb71c505bp+0,-0.63023140352894857,-0.42484269407771852,-0x1.42adb0c62355bp-1,-0x1.b309f6940888bp-2,-1.9799405837861206,-1.9365451973149905,-0x1.fadd62d76270fp+0,-0x1.efc16d11b199bp+0,-0.66509914785035962,-0.42443088701806625,-0x1.5487e0213ac24p-1,-0x1.b29e02ac9e951p-2,-1.9799405837861206,2.0616309700712008,-0x1.fadd62d76270fp+0,0x1.07e3860c70333p+1,-2.7032997893301021,2.4610649331786534,-0x1.5a05ba3d3a6dep+1,0x1.3b042cfcaad8dp+1,33,16,3,3,-6.5463712409896692e-09,4.4571733993144936e-09,-0x1.c1dcfb14e0761p-28,0x1.324b6c75d4cedp-28,-6.5462326299855692e-07,4.4570346867023288e-07,-0x1.5f72bc769de14p-21,0x1.de92095daf1a3p-22,0,0.0099999999989999998,0x0p+0,0x1.47ae147a548aep-7,78,78,3,100
flowstar_vdp_stock_reach_v1,stepwise,379,3.79,0x1.e51eb851eb852p+1,0.01,0x1.47ae147ae147bp-7,2,-1.9838956408046591,-1.9480027361095138,-0x1.fbe095afeed76p+0,-0x1.f2b04eac1bdf9p+0,-0.59379471390472016,-0.3928962290696883,-0x1.3005dc5984538p-1,-0x1.9253639a4ddc5p-2,-1.9840658613049851,-1.9429677149277362,-0x1.fbebbd836a3c5p+0,-0x1.f1665508cc691p+0,-0.62783891453719431,-0.39248432656984955,-0x1.41741a2a2fd0ap-1,-0x1.91e7694b3d87ap-2,-1.9840658613049851,2.0616309700712008,-0x1.fbebbd836a3c5p+0,0x1.07e3860c70333p+1,-2.7032997893301021,2.4610649331786534,-0x1.5a05ba3d3a6dep+1,0x1.3b042cfcaad8dp+1,33,16,3,3,-6.0559961380514284e-09,4.0071065912271375e-09,-0x1.a02a35f360214p-28,0x1.135dc3c047112p-28,-6.0558624425478152e-07,4.0069728157220238e-07,-0x1.451f23bfeedd5p-21,0x1.ae3ed47fe8635p-22,0,0.0099999999989999998,0x0p+0,0x1.47ae147a548aep-7,79,79,3,100
flowstar_vdp_stock_reach_v1,stepwise,380,3.8000000000000003,0x1.e666666666667p+1,0.01,0x1.47ae147ae147bp-7,2,-1.9877086820332637,-1.9537214373398186,-0x1.fcda79e74ee1ap+0,-0x1.f427168ede5edp+0,-0.55816698985690272,-0.36178356832619069,-0x1.1dc8104e48c95p-1,-0x1.72776448c3c23p-2,-1.9878747864649318,-1.9490227411103531,-0x1.fce55cac68ecfp+0,-0x1.f2f327843aaf9p+0,-0.59138813058119755,-0.36137225712205201,-0x1.2eca6cd02d79fp-1,-0x1.720b91a8156b2p-2,-1.9878747864649318,2.0616309700712008,-0x1.fce55cac68ecfp+0,0x1.07e3860c70333p+1,-2.7032997893301021,2.4610649331786534,-0x1.5a05ba3d3a6dep+1,0x1.3b042cfcaad8dp+1,33,16,3,3,-5.5973456843479195e-09,3.593735710966873e-09,-0x1.80a58bf033facp-28,0x1.edeb559e1835ap-29,-5.5972168746871586e-07,3.5936068436605434e-07,-0x1.2c7f901e3b07dp-21,0x1.81dc5010cf6e3p-22,0,0.0099999999989999998,0x0p+0,0x1.47ae147a548aep-7,80,80,3,100
flowstar_vdp_stock_reach_v1,stepwise,381,3.8100000000000001,0x1.e7ae147ae147bp+1,0.01,0x1.47ae147ae147bp-7,2,-1.9912137021001026,-1.9590889627243016,-0x1.fdc02e61ddf58p+0,-0x1.f586dab0dafep+0,-0.52334944923987359,-0.33150025411377904,-0x1.0bf47581bad02p-1,-0x1.5374cd782332p-2,-1.9913757009916579,-1.9547183698380792,-0x1.fdcacc45cee93p+0,-0x1.f4686c4f5850dp+0,-0.55574962388421945,-0.33109045732215175,-0x1.1c8b36f6b1adp-1,-0x1.53096078dd847p-2,-1.9913757009916579,2.0616309700712008,-0x1.fdcacc45cee93p+0,0x1.07e3860c70333p+1,-2.7032997893301021,2.4610649331786534,-0x1.5a05ba3d3a6dep+1,0x1.3b042cfcaad8dp+1,33,16,3,3,-5.1694176735807361e-09,3.2154327151604748e-09,-0x1.633d5b822a7a5p-28,0x1.b9ecfb27d98bbp-29,-5.1692937049244579e-07,3.215308711473817e-07,-0x1.15863b50a73dep-21,0x1.593dbb9df3288p-22,0,0.0099999999989999998,0x0p+0,0x1.47ae147a548aep-7,81,81,3,100
flowstar_vdp_stock_reach_v1,stepwise,382,3.8200000000000003,0x1.e8f5c28f5c29p+1,0.01,0x1.47ae147ae147bp-7,2,-1.9944189604238751,-1.9641134167813841,-0x1.fe923db18af9p+0,-0x1.f6d0230ab5fb1p+0,-0.48934466007002664,-0.30203687090201042,-0x1.f516c43de45a8p-2,-0x1.3549274ad75b3p-2,-1.9945768731789448,-1.9600627355613953,-0x1.fe9c9707a9589p+0,-0x1.f5c6abe358307p+0,-0.5209277377389655,-0.301629440422302,-0x1.0ab70a5a56141p-1,-0x1.34de59187f8eap-2,-1.9945768731789448,2.0616309700712008,-0x1.fe9c9707a9589p+0,0x1.07e3860c70333p+1,-2.7032997893301021,2.4610649331786534,-0x1.5a05ba3d3a6dep+1,0x1.3b042cfcaad8dp+1,33,16,3,3,-4.7710761979174608e-09,2.8704438939902353e-09,-0x1.47dda8fcb268fp-28,0x1.8a82c41a4c2a2p-29,-4.7709570113707463e-07,2.8703246948409776e-07,-0x1.002388abb8d45p-21,0x1.3432e26a727fep-22,0,0.0099999999989999998,0x0p+0,0x1.47ae147a548aep-7,82,82,3,100
flowstar_vdp_stock_reach_v1,stepwise,383,3.8300000000000001,0x1.ea3d70a3d70a4p+1,0.01,0x1.47ae147ae147bp-7,2,-1.997332615698783,-1.9688029193860455,-0x1.ff5130b7a9109p+0,-0x1.f80377d7084abp+0,-0.45615299334626425,-0.27338287392866112,-0x1.d319c531942fp-2,-0x1.17f1ae1b3d886p-2,-1.9974864698916543,-1.965064005133097,-0x1.ff5b45f6631bep+0,-0x1.f70e6f4497eaep+0,-0.48692447759234608,-0.27297859199338498,-0x1.f29c548b8627dp-2,-0x1.1787b3347a96dp-2,-1.9974864698916543,2.0616309700712008,-0x1.ff5b45f6631bep+0,0x1.07e3860c70333p+1,-2.7032997893301021,2.4610649331786534,-0x1.5a05ba3d3a6dep+1,0x1.3b042cfcaad8dp+1,33,16,3,3,-4.4010767159885224e-09,2.5569261940214254e-09,-0x1.2e708f7549a35p-28,0x1.5f6bd7b58f474p-29,-4.4009622402424652e-07,2.5568117275176338e-07,-0x1.d88cba9a174e2p-22,0x1.12891b09526ccp-22,0,0.0099999999989999998,0x0p+0,0x1.47ae147a548aep-7,83,83,3,100
flowstar_vdp_stock_reach_v1,stepwise,384,3.8399999999999999,0x1.eb851eb851eb8p+1,0.01,0x1.47ae147ae147bp-7,2,-1.9999627180756132,-1.9731655816541798,-0x1.fffd8e835aa18p+0,-0x1.f921612acc2a4p+0,-0.42377310294458997,-0.24552638429398385,-0x1.b1f19388492b9p-2,-0x1.f6d68976c8457p-3,-2.0001125487639997,-1.9697303523009966,-0x1.0003b020a15adp+1,-0x1.f8403f9512434p+0,-0.45373999436876572,-0.24512596535579731,-0x1.d0a13792cde61p-2,-0x1.f6049a24d420fp-3,-2.0001125487639997,2.0616309700712008,-0x1.0003b020a15adp+1,0x1.07e3860c70333p+1,-2.7032997893301021,2.4610649331786534,-0x1.5a05ba3d3a6dep+1,0x1.3b042cfcaad8dp+1,33,16,3,3,-4.0581139464205849e-09,2.2729908304209979e-09,-0x1.16df1874f926fp-28,0x1.3865c15055453p-29,-4.0580040992561388e-07,2.2728810134199031e-07,-0x1.b3b9913bb60e6p-22,0x1.e818f48413872p-23,0,0.0099999999989999998,0x0p+0,0x1.47ae147a548aep-7,84,84,3,100
flowstar_vdp_stock_reach_v1,stepwise,385,3.8500000000000001,0x1.ecccccccccccdp+1,0.01,0x1.47ae147ae147bp-7,2,-2.0023171943068752,-1.9772094918085807,-0x1.004bee08e21cep+1,-0x1.fa2a66b8a89c4p+0,-0.39220172667607556,-0.21845465519378399,-0x1.919d545608adcp-2,-0x1.bf65277dbae5ep-3,-2.0024630433649691,-1.9740699422197252,-0x1.0050b58159cp+1,-0x1.f95ca5d1d9af3p+0,-0.42137238957730355,-0.21805874809599116,-0x1.af7c3e62b003fp-2,-0x1.be9595bd6e8f5p-3,-2.0024630433649691,2.0616309700712008,-0x1.0050b58159cp+1,0x1.07e3860c70333p+1,-2.7032997893301021,2.4610649331786534,-0x1.5a05ba3d3a6dep+1,0x1.3b042cfcaad8dp+1,33,16,3,3,-3.7408247244227447e-09,2.0167232604346984e-09,-0x1.011148d5c080cp-28,0x1.152d243f978d2p-29,-3.7407194142048935e-07,2.0166180000967982e-07,-0x1.91a81cbff6dc1p-22,0x1.b110bf3b0714cp-23,0,0.0099999999989999998,0x0p+0,0x1.47ae147a548aep-7,85,85,3,100
flowstar_vdp_stock_reach_v1,stepwise,386,3.8599999999999999,0x1.ee147ae147ae1p+1,0.01,0x1.47ae147ae147bp-7,2,-2.0044038407327083,-1.9809426954726614,-0x1.00904e17f63e4p+1,-0x1.fb1f0f7c4e1f8p+0,-0.36143389574553536,-0.19215412098072748,-0x1.721bba279260fp-2,-0x1.8988198b3b16cp-3,-2.0045457562071105,-1.9780909104334352,-0x1.0094f4911f606p+1,-0x1.fa642a78d3938p+0,-0.38981792933721199,-0.19176331136134786,-0x1.8f2c6e67974f9p-2,-0x1.88bb33f6f50d5p-3,-2.0045457562071105,2.0616309700712008,-0x1.0094f4911f606p+1,0x1.07e3860c70333p+1,-2.7032997893301021,2.4610649331786534,-0x1.5a05ba3d3a6dep+1,0x1.3b042cfcaad8dp+1,33,16,3,3,-3.447814867028574e-09,1.7862119177694757e-09,-0x1.d9dd3380336cdp-29,0x1.eafd7d4f20388p-30,-3.447713994100509e-07,1.7861111130072175e-07,-0x1.72320a67a4f9fp-22,0x1.7f907f3262a21p-23,0,0.0099999999989999998,0x0p+0,0x1.47ae147a548aep-7,86,86,3,100
flowstar_vdp_stock_reach_v1,stepwise,387,3.8700000000000001,0x1.ef5c28f5c28f6p+1,0.01,0x1.47ae147ae147bp-7,2,-2.0062303158751029,-1.984373179139248,-0x1.00cc27ad76b25p+1,-0x1.fbffe173766e4p+0,-0.33146339704154143,-0.16661018372669378,-0x1.536b2408753b3p-2,-0x1.5537b8524b2ap-3,-2.0063683513657238,-1.9818013450814189,-0x1.00d0ad9a6c303p+1,-0x1.fb57553c4b232p+0,-0.35907151165601309,-0.16622499660962339,-0x1.6fb0713df3915p-2,-0x1.546dc561ba74fp-3,-2.0063683513657238,2.0616309700712008,-0x1.00d0ad9a6c303p+1,0x1.07e3860c70333p+1,-2.7032997893301021,2.4610649331786534,-0x1.5a05ba3d3a6dep+1,0x1.3b042cfcaad8dp+1,33,16,3,3,-3.1776944517970654e-09,1.5795763064058266e-09,-0x1.b4bd2f1917e96p-29,0x1.b230cd0f4a7a2p-30,-3.1775979097218692e-07,1.5794798491823697e-07,-0x1.55312570dcd8p-22,0x1.5330d2b02c6d4p-23,0,0.0099999999989999998,0x0p+0,0x1.47ae147a548aep-7,87,87,3,100
flowstar_vdp_stock_reach_v1,stepwise,388,3.8799999999999999,0x1.f0a3d70a3d70ap+1,0.01,0x1.47ae147ae147bp-7,2,-2.0078041276073901,-1.9875088613843193,-0x1.00ffb9c46c7c9p+1,-0x1.fccd617827e5bp+0,-0.30228223830610623,-0.1418079865274072,-0x1.3589799ebee0ep-2,-0x1.226c39c39317bp-3,-2.0079383416749841,-1.9852092769002891,-0x1.01041fa2f073bp+1,-0x1.fc36acd800a72p+0,-0.32912613691919307,-0.1414288890577993,-0x1.510671294e983p-2,-0x1.21a57829b3f01p-3,-2.0079383416749841,2.0616309700712008,-0x1.01041fa2f073bp+1,0x1.07e3860c70333p+1,-2.7032997893301021,2.4610649331786534,-0x1.5a05ba3d3a6dep+1,0x1.3b042cfcaad8dp+1,33,16,3,3,-2.929059229267859e-09,1.3949718257290831e-09,-0x1.92911c1b61511p-29,0x1.7f726a60d09fep-30,-2.9289669061021343e-07,1.3948796023850264e-07,-0x1.3a7ed44ac2c61p-22,0x1.2b8c512e05b75p-23,0,0.0099999999989999998,0x0p+0,0x1.47ae147a548aep-7,88,88,3,100
flowstar_vdp_stock_reach_v1,stepwise,389,3.8900000000000001,0x1.f1eb851eb851fp+1,0.01,0x1.47ae147ae147bp-7,2,-2.0091326357619499,-1.9903575712167412,-0x1.012b4219f640ep+1,-0x1.fd8812e3b8ce1p+0,-0.27388157053676748,-0.11773171865389104,-0x1.18746911baea1p-2,-0x1.e23aa7952017cp-4,-2.0092630913635325,-1.9883226564166601,-0x1.012f88713bad8p+1,-0x1.fd02b6af34951p+0,-0.29997383586216975,-0.1173591229385699,-0x1.332c575abc198p-2,-0x1.e0b3f5ae88cfap-4,-2.0092630913635325,2.0616309700712008,-0x1.012f88713bad8p+1,0x1.07e3860c70333p+1,-2.7032997893301021,2.4610649331786534,-0x1.5a05ba3d3a6dep+1,0x1.3b042cfcaad8dp+1,33,16,3,3,-2.7005441292105589e-09,1.2306197487500397e-09,-0x1.7328f31169cacp-29,0x1.52452a914fa9bp-30,-2.7004559085406152e-07,1.23053164108578e-07,-0x1.21f591195fa37p-22,0x1.08413140358f6p-23,0,0.0099999999989999998,0x0p+0,0x1.47ae147a548aep-7,89,89,3,100
flowstar_vdp_stock_reach_v1,stepwise,390,3.8999999999999999,0x1.f333333333333p+1,0.01,0x1.47ae147ae147bp-7,2,-2.0102230382153548,-1.9929270447292569,-0x1.014efd0f667d9p+1,-0x1.fe3077806d141p+0,-0.24625106401813027,-0.09436545576559878,-0x1.f8527a54812bdp-3,-0x1.82855a262a85bp-4,-2.010349802168367,-1.991149349497719,-0x1.0153246eeaa68p+1,-0x1.fdbbf6b98b5c5p+0,-0.27160505134691582,-0.093999721783026027,-0x1.161fa273da86ap-2,-0x1.8105da2e42565p-4,-2.010349802168367,2.0616309700712008,-0x1.0153246eeaa68p+1,0x1.07e3860c70333p+1,-2.7032997893301021,2.4610649331786534,-0x1.5a05ba3d3a6dep+1,0x1.3b042cfcaad8dp+1,33,16,3,3,-2.4907992255064094e-09,1.084805922545288e-09,-0x1.565534ed7d247p-29,0x1.2a306e31b5969p-30,-2.4907149875203511e-07,1.0847218089376408e-07,-0x1.0b704093df83dp-22,0x1.d1e26c974064ap-24,0,0.0099999999989999998,0x0p+0,0x1.47ae147a548aep-7,90,90,3,100
flowstar_vdp_stock_reach_v1,stepwise,391,3.9100000000000001,0x1.f47ae147ae148p+1,0.01,0x1.47ae147ae147bp-7,2,-2.0110823735855763,-1.995224907694344,-0x1.016b25b00e597p+1,-0x1.fec70f3eb63a4p+0,-0.21937965930598755,-0.071692613554298318,-0x1.c14a1f7103c3fp-3,-0x1.25a7276949a2ep-4,-2.0112055160613411,-1.9936971189047037,-0x1.016f2eae82567p+1,-0x1.fe62ef33d33b7p+0,-0.24400939519904008,-0.071334052102272408,-0x1.f3bb32a25f788p-3,-0x1.242f2ccded3d9p-4,-2.0112055160613411,2.0616309700712008,-0x1.016f2eae82567p+1,0x1.07e3860c70333p+1,-2.7032997893301021,2.4610649331786534,-0x1.5a05ba3d3a6dep+1,0x1.3b042cfcaad8dp+1,33,16,3,3,-2.2985273107008752e-09,9.5589965690464249e-10,-0x1.3be83d7addca2p-29,0x1.06c1755ac444fp-30,-2.2984469330637494e-07,9.5581941321846579e-08,-0x1.ed9674d9057b1p-23,0x1.9a8574b5206d7p-24,0,0.0099999999989999998,0x0p+0,0x1.47ae147a548aep-7,91,91,3,100
flowstar_vdp_stock_reach_v1,stepwise,392,3.9199999999999999,0x1.f5c28f5c28f5cp+1,0.01,0x1.47ae147ae147bp-7,2,-2.0117175132979441,-1.9972586704557009,-0x1.017ff5a033dadp+1,-0x1.ff4c581f427a3p+0,-0.19325513924577306,-0.049696568879178643,-0x1.8bc959b6c1947p-3,-0x1.971d4241e74a4p-5,-2.0118371073446446,-1.9959736182008205,-0x1.0183e0da7655bp+1,-0x1.fef82085d9efcp+0,-0.21717522612699558,-0.049345444532018119,-0x1.bcc65d6dbc1c4p-3,-0x1.943ce5cf17589p-5,-2.0118371073446446,2.0616309700712008,-0x1.0183e0da7655bp+1,0x1.07e3860c70333p+1,-2.7032997893301021,2.4610649331786534,-0x1.5a05ba3d3a6dep+1,0x1.3b042cfcaad8dp+1,33,16,3,3,-2.1224673797694643e-09,8.4235230952458936e-10,-0x1.23b5ae99ecef4p-29,0x1.cf168c60d961p-31,-2.122390738512477e-07,8.4227581002545473e-08,-0x1.c7c7aa2f478dcp-23,0x1.69c13466ad98dp-24,0,0.0099999999989999998,0x0p+0,0x1.47ae147a548aep-7,92,92,3,100
flowstar_vdp_stock_reach_v1,stepwise,393,3.9300000000000002,0x1.f70a3d70a3d71p+1,0.01,0x1.47ae147ae147bp-7,2,-2.0121351617679619,-1.9990357167399055,-0x1.018da51d76689p+1,-0x1.ffc0ce02ef0e7p+0,-0.16786475482286947,-0.028360215014533497,-0x1.57c97a00ec195p-3,-0x1.d0a75cffad40dp-6,-2.0122512828631161,-1.9979863796383583,-0x1.019173359d95ap+1,-0x1.ff7c090e6672dp+0,-0.19109028146783713,-0.028016749064929836,-0x1.875a576be7014p-3,-0x1.cb06c33e57dadp-6,-2.0122512828631161,2.0616309700712008,-0x1.019173359d95ap+1,0x1.07e3860c70333p+1,-2.7032997893301021,2.4610649331786534,-0x1.5a05ba3d3a6dep+1,0x1.3b042cfcaad8dp+1,33,16,3,3,-1.9614221294532119e-09,7.4270830723756886e-10,-0x1.0d9367f15114fp-29,0x1.984ee6d883c5ep-31,-1.9613490996413175e-07,7.4263542531761595e-08,-0x1.a5324e9b6e33bp-23,0x1.3ef5a0e792735p-24,0,0.0099999999989999998,0x0p+0,0x1.47ae147a548aep-7,93,93,3,100
flowstar_vdp_stock_reach_v1,stepwise,394,3.9399999999999999,0x1.f851eb851eb85p+1,0.01,0x1.47ae147ae147bp-7,2,-2.0123418516830931,-2.000563299061711,-0x1.01946af4acec8p+1,-0x1.0012754b86222p+1,-0.14319476202044729,-0.007666594493502682,-0x1.25434b9eb0caap-3,-0x1.f6701c9f0cb6p-8,-2.0124545773152622,-1.9997428086981621,-0x1.01981c9120954p+1,-0x1.ffef250bc511p+0,-0.16574121988882404,-0.00733096785749986,-0x1.537021f82c53bp-3,-0x1.e0713b322c574p-8,-2.0124545773152622,2.0616309700712008,-0x1.01981c9120954p+1,0x1.07e3860c70333p+1,-2.7032997893301021,2.4610649331786534,-0x1.5a05ba3d3a6dep+1,0x1.3b042cfcaad8dp+1,33,16,3,3,-1.8142458372596326e-09,6.5560748804471022e-10,-0x1.f2b23381ae2aap-30,0x1.686c8d1c6259cp-31,-1.8141762937477462e-07,6.5553809696039664e-08,-0x1.8597658067c7ap-23,0x1.198d2d0eb780ep-24,0,0.0099999999989999998,0x0p+0,0x1.47ae147a548aep-7,94,94,3,100
flowstar_vdp_stock_reach_v1,stepwise,395,3.9500000000000002,0x1.f99999999999ap+1,0.01,0x1.47ae147ae147bp-7,2,-2.0123439459206804,-2.0018485291985653,-0x1.01947c8604369p+1,-0x1.003c92963a0d9p+1,-0.11923115312401983,0.012401674059671906,-0x1.e85eecf550024p-4,0x1.9660c8403fa5fp-7,-2.0124533551999511,-2.0012501737563486,-0x1.01981250a795ep+1,-0x1.0028f737b2ec4p+1,-0.14111435844400957,0.012729317993031777,-0x1.210090941ab61p-3,0x1.a11d423d7f93bp-7,-2.0124545773152622,2.0616309700712008,-0x1.01981c9120954p+1,0x1.07e3860c70333p+1,-2.7032997893301021,2.4610649331786534,-0x1.5a05ba3d3a6dep+1,0x1.3b042cfcaad8dp+1,33,16,3,3,-1.6806382940646017e-09,5.8055936948424027e-10,-0x1.cdf867fac5793p-30,0x1.3f2a77ae3c27cp-31,-1.6805721120608437e-07,5.8049334295377131e-08,-0x1.68e66dce1dfeep-23,0x1.f2a3d609a810cp-25,0,0.0099999999989999998,0x0p+0,0x1.47ae147a548aep-7,95,95,3,100
flowstar_vdp_stock_reach_v1,stepwise,396,3.96,0x1.fae147ae147aep+1,0.01,0x1.47ae147ae147bp-7,2,-2.0121476341911047,-2.0028983753673071,-0x1.018e0dbdc98b6p+1,-0x1.005ef955b501cp+1,-0.095959152583012811,0.031861744677856983,-0x1.890c76e188dd1p-4,0x1.0502ebec51153p-5,-2.0122538074877125,-2.0025156025101016,-0x1.0191886334a26p+1,-0x1.00526e67415c1p+1,-0.11719517406203786,0.032181297267805102,-0x1.e0080bfd87162p-4,0x1.07a11269dbc47p-5,-2.0124545773152622,2.0616309700712008,-0x1.01981c9120954p+1,0x1.07e3860c70333p+1,-2.7032997893301021,2.4610649331786534,-0x1.5a05ba3d3a6dep+1,0x1.3b042cfcaad8dp+1,33,16,3,3,-1.5711852241315741e-09,5.2609170032518332e-10,-0x1.afe254c27cbe8p-30,0x1.2138d31599c61p-31,-1.5711243668331533e-07,5.2603011147890396e-08,-0x1.516579ba6b01dp-23,0x1.c3db3eacef3fdp-25,0,0.0099999999989999998,0x0p+0,0x1.47ae147a548aep-7,96,96,3,100
flowstar_vdp_stock_reach_v1,stepwise,397,3.9700000000000002,0x1.fc28f5c28f5c3p+1,0.01,0x1.47ae147ae147bp-7,2,-2.0120453511878109,-2.0034332393764056,-0x1.018ab3bab5d26p+1,-0x1.007080196ba5fp+1,-0.073363797734292177,0.050730988741166307,-0x1.2c7f847faa92bp-4,0x1.9f9698312f8adp-5,-2.0121483697981315,-2.0032596584345268,-0x1.018e13e97dc8cp+1,-0x1.006acfff2fab9p+1,-0.093968889741552375,0.051042373400316789,-0x1.80e585c4809a8p-4,0x1.a2239d8eddd8dp-5,-2.0124545773152622,2.0616309700712008,-0x1.01981c9120954p+1,0x1.07e3860c70333p+1,-2.7032997893301021,2.4610649331786534,-0x1.5a05ba3d3a6dep+1,0x1.3b042cfcaad8dp+1,33,16,3,3,-1.476249382576129e-09,4.8476762120045808e-10,-0x1.95c9d0ad56a14p-30,0x1.0a80fa39c0befp-31,-1.4761899819860176e-07,4.8470825689358609e-08,-0x1.3d02670a3d7fcp-23,0x1.a05c791069f82p-25,0,0.0099999999989999998,0x0p+0,0x1.47ae147a548aep-7,97,97,3,100
flowstar_vdp_stock_reach_v1,stepwise,398,3.98,0x1.fd70a3d70a3d7p+1,0.01,0x1.47ae147ae147bp-7,2,-2.012351800161968,-2.0031509296448378,-0x1.0194be68df065p+1,-0x1.00673fe9e366dp+1,-0.051429527447027154,0.069026458116835998,-0x1.a54f894de1006p-5,0x1.1abb7cc2ba77cp-4,-2.012482140081453,-2.0031499190795254,-0x1.019903c7b78b1p+1,-0x1.0067376fb73efp+1,-0.07142006849015152,0.069329627710612976,-0x1.24895ea717adbp-4,0x1.1bf9623a9333dp-4,-2.012482140081453,2.0616309700712008,-0x1.019903c7b78b1p+1,0x1.07e3860c70333p+1,-2.7032997893301021,2.4610649331786534,-0x1.5a05ba3d3a6dep+1,0x1.3b042cfcaad8dp+1,33,16,3,3,-1.4024535674353284e-09,4.6402863876185371e-10,-0x1.8180e5746f63cp-30,0x1.fe3473461c9abp-32,-1.4023938142946688e-07,4.6396946721006552e-08,-0x1.2d296a4f965b1p-23,0x1.8e8bf6fed7e41p-25,0,0.0099999999989999998,0x0p+0,0x1.47ae147a548aep-7,98,98,3,100
flowstar_vdp_stock_reach_v1,stepwise,399,3.9900000000000002,0x1.feb851eb851ecp+1,0.01,0x1.47ae147ae147bp-7,2,-2.0126032092624295,-2.0025274026506534,-0x1.019cfb61cdaafp+1,-0x1.0052d163dd3b9p+1,-0.030140539265499439,0.086765128556006904,-0x1.edd2959b76c45p-6,0x1.6363d4d94cf1ep-4,-2.0129274323766633,-2.0025264195361583,-0x1.01a79b29a3b6fp+1,-0x1.0052c924a452cp+1,-0.049532975946028568,0.087060063285944664,-0x1.95c62df8603cp-5,0x1.649917c99cf83p-4,-2.0129274323766633,2.0616309700712008,-0x1.01a79b29a3b6fp+1,0x1.07e3860c70333p+1,-2.7032997893301021,2.4610649331786534,-0x1.5a05ba3d3a6dep+1,0x1.3b042cfcaad8dp+1,33,16,3,3,-1.3367582711373868e-09,4.4959675889341351e-10,-0x1.6f720035057ep-30,0x1.ee563cbbad14cp-32,-1.3366971007690555e-07,4.495366002692511e-08,-0x1.1f0db343f1d0dp-23,0x1.822624d17a783p-25,0,0.0099999999989999998,0x0p+0,0x1.47ae147a548aep-7,99,99,3,100
flowstar_vdp_stock_reach_v1,stepwise,400,4,0x1p+2,0.01,0x1.47ae147ae147bp-7,2,-2.0126489842761575,-2.0017251090268577,-0x1.019e7b5ee5987p+1,-0x1.003887436d1b1p+1,-0.0094810069651731794,0.10396402066291453,-0x1.36ac736c9dd81p-7,0x1.a9d62d4b53807p-4,-2.0131612742206788,-2.0017241533485599,-0x1.01af44c52cfe1p+1,-0x1.00387f3f1f67cp+1,-0.028291803151952035,0.10425072639027567,-0x1.cf886c52148a7p-6,0x1.ab02cf46e33d1p-4,-2.0131612742206788,2.0616309700712008,-0x1.01af44c52cfe1p+1,0x1.07e3860c70333p+1,-2.7032997893301021,2.4610649331786534,-0x1.5a05ba3d3a6dep+1,0x1.3b042cfcaad8dp+1,33,16,3,3,-1.2760861331149207e-09,4.3932275289810419e-10,-0x1.5ec4942265289p-30,0x1.e30a5c947807dp-32,-1.2760216739563469e-07,4.3925851774101493e-08,-0x1.1206088c46f59p-23,0x1.7951f835d11a1p-25,0,0.0099999999989999998,0x0p+0,0x1.47ae147a548aep-7,0,0,3,100
flowstar_vdp_stock_reach_v1,stepwise,401,4.0099999999999998,0x1.00a3d70a3d70ap+2,0.01,0x1.47ae147ae147bp-7,2,-2.0125013423133997,-2.0007433838438309,-0x1.0199a4dc32321p+1,-0x1.00185bf4a618bp+1,0.010556351147412827,0.12064773968452072,0x1.59e91778bbc42p-7,0x1.ee2c5304805c2p-4,-2.0131960471485151,-2.0007424555128117,-0x1.01b06877783c8p+1,-0x1.0018542b12b8bp+1,-0.0076892360574930497,0.12092624290498644,-0x1.f7ebf965ed97bp-8,0x1.ef505b2814c3p-4,-2.0131960471485151,2.0616309700712008,-0x1.01b06877783c8p+1,0x1.07e3860c70333p+1,-2.7032997893301021,2.4610649331786534,-0x1.5a05ba3d3a6dep+1,0x1.3b042cfcaad8dp+1,33,16,3,3,-1.2257257626266198e-09,4.3806705968877247e-10,-0x1.50ecc859ee723p-30,0x1.e1a8ea593383fp-32,-1.2256592826515556e-07,4.3800079660687079e-08,-0x1.073554e6e7fbfp-23,0x1.783d64ce09924p-25,0,0.0099999999989999998,0x0p+0,0x1.47ae147a548aep-7,1,1,3,100
flowstar_vdp_stock_reach_v1,stepwise,402,4.0200000000000005,0x1.0147ae147ae15p+2,0.01,0x1.47ae147ae147bp-7,2,-2.0121602178322768,-1.9995934542343456,-0x1.018e774cf3705p+1,-0x1.ffe55b4b3b70ap+0,0.029998947837077301,0.13682339366657473,0x1.eb80b4f7fa612p-6,0x1.1836dd0901605p-3,-2.0130318493010471,-1.9995925530945859,-0x1.01ab071346f68p+1,-0x1.ffe54c2cddcbcp+0,0.012302211233468231,0.13709374101572352,0x1.931e6d7547054p-7,0x1.18c49a7130cbep-3,-2.0131960471485151,2.0616309700712008,-0x1.01b06877783c8p+1,0x1.07e3860c70333p+1,-2.7032997893301021,2.4610649331786534,-0x1.5a05ba3d3a6dep+1,0x1.3b042cfcaad8dp+1,33,16,3,3,-1.1781908404089269e-09,4.373419521888671e-10,-0x1.43dbcf51c0c8bp-30,0x1.e0dcd0d8b97c2p-32,-1.1781224401376678e-07,4.3727376121937261e-08,-0x1.f9ffeea3d7604p-24,0x1.779d8459e06dfp-25,0,0.0099999999989999998,0x0p+0,0x1.47ae147a548aep-7,2,2,3,100
flowstar_vdp_stock_reach_v1,stepwise,403,4.0300000000000002,0x1.01eb851eb851fp+2,0.01,0x1.47ae147ae147bp-7,2,-2.0116313361185236,-1.9982804846552251,-0x1.017d22b81e71ap+1,-0x1.ff8f4f51d447ep+0,0.048861624413332,0.15250767726350653,0x1.904640dc4f6e4p-5,0x1.3855f1f1e2adfp-3,-2.0126745685229617,-1.9982796104904121,-0x1.019f51fca6052p+1,-0x1.ff8f40a751e78p+0,0.03169749139953399,0.15276993347479417,0x1.03aa751da3c19p-5,0x1.38df7160b0d14p-3,-2.0131960471485151,2.0616309700712008,-0x1.01b06877783c8p+1,0x1.07e3860c70333p+1,-2.7032997893301021,2.4610649331786534,-0x1.5a05ba3d3a6dep+1,0x1.3b042cfcaad8dp+1,33,16,3,3,-1.1333136047185583e-09,4.369698808669004e-10,-0x1.3785dae95fc64p-30,0x1.e074164845647p-32,-1.1332433876787793e-07,4.3689986518609049e-08,-0x1.e6b96d9d8d67ep-24,0x1.774b4be029341p-25,0,0.0099999999989999998,0x0p+0,0x1.47ae147a548aep-7,3,3,3,100
flowstar_vdp_stock_reach_v1,stepwise,404,4.04,0x1.028f5c28f5c29p+2,0.01,0x1.47ae147ae147bp-7,2,-2.0109203865787579,-1.9968093372994205,-0x1.0165d6d79b93ap+1,-0x1.ff2ee5900c66dp+0,0.067160537951917565,0.16771663588740438,0x1.1316eda15d32p-4,0x1.577bd1d10d65cp-3,-2.0121300553138988,-1.9968084898393619,-0x1.018d7a476f995p+1,-0x1.ff2ed7583c369p+0,0.0505129071571171,0.16797088186797887,0x1.9dcd3e8880a21p-5,0x1.58011e226d0dap-3,-2.0131960471485151,2.0616309700712008,-0x1.01b06877783c8p+1,0x1.07e3860c70333p+1,-2.7032997893301021,2.4610649331786534,-0x1.5a05ba3d3a6dep+1,0x1.3b042cfcaad8dp+1,33,16,3,3,-1.0909033458218736e-09,4.3679523061885438e-10,-0x1.2bdd7f9b61e47p-30,0x1.e042ed67d7cb8p-32,-1.0908314179977889e-07,4.3672349597879282e-08,-0x1.d4822ecc30b0ap-24,0x1.7724832c034d8p-25,0,0.0099999999989999998,0x0p+0,0x1.47ae147a548aep-7,4,4,3,100
flowstar_vdp_stock_reach_v1,stepwise,405,4.0499999999999998,0x1.0333333333333p+2,0.01,0x1.47ae147ae147bp-7,2,-2.0100328903570155,-1.995184722062266,-0x1.0148c1fbfbdecp+1,-0x1.fec46d0abc7dp+0,0.08491182826722074,0.18246599698658922,0x1.5bcc81573872ep-4,0x1.75b0bb8d83f6ap-3,-2.0114039901401695,-1.995183900988913,-0x1.0175af9a59146p+1,-0x1.fec45f4440ca1p+0,0.068764774501556894,0.18271232801017731,0x1.19a917999db3dp-4,0x1.7631e18b09b33p-3,-2.0131960471485151,2.0616309700712008,-0x1.01b06877783c8p+1,0x1.07e3860c70333p+1,-2.7032997893301021,2.4610649331786534,-0x1.5a05ba3d3a6dep+1,0x1.3b042cfcaad8dp+1,33,16,3,3,-1.0508133862456169e-09,4.3671758176606715e-10,-0x1.20d86b1953439p-30,0x1.e02d123753f59p-32,-1.0507398554601042e-07,4.3664423584600302e-08,-0x1.c34a11a26be93p-24,0x1.771315391e56ap-25,0,0.0099999999989999998,0x0p+0,0x1.47ae147a548aep-7,5,5,3,100
flowstar_vdp_stock_reach_v1,stepwise,406,4.0600000000000005,0x1.03d70a3d70a3ep+2,0.01,0x1.47ae147ae147bp-7,2,-2.0089742028905277,-1.9934111978515736,-0x1.01261111f614p+1,-0x1.fe50323e40b09p+0,0.10213151600556682,0.19677121612982276,0x1.a254a812282e9p-4,0x1.92fcc99092ea9p-3,-2.010501885720692,-1.9934104028046591,-0x1.01582033dbbcep+1,-0x1.fe5024e78d5cdp+0,0.086469317301601553,0.19700974014503467,0x1.622da69eaf69fp-4,0x1.9379d7b754c03p-3,-2.0131960471485151,2.0616309700712008,-0x1.01b06877783c8p+1,0x1.07e3860c70333p+1,-2.7032997893301021,2.4610649331786534,-0x1.5a05ba3d3a6dep+1,0x1.3b042cfcaad8dp+1,33,16,3,3,-1.0129631616993603e-09,4.3671095255517578e-10,-0x1.1670f211fdae5p-30,0x1.e02b3487f8a35p-32,-1.0128881369929518e-07,4.3663610434789054e-08,-0x1.b3083a7a208b5p-24,0x1.77114b75e16a4p-25,0,0.0099999999989999998,0x0p+0,0x1.47ae147a548aep-7,6,6,3,100
flowstar_vdp_stock_reach_v1,stepwise,407,4.0700000000000003,0x1.047ae147ae148p+2,0.01,0x1.47ae147ae147bp-7,2,-2.0077495147414095,-1.9914931757841927,-0x1.00fdefa42fe69p+1,-0x1.fdd27f2c3346p+0,0.11883549577465463,0.21064743477748349,0x1.e6c00c7f4c22cp-4,0x1.af67ec1ad83ccp-3,-2.0094290876215326,-1.9914924063664927,-0x1.0134f8eb7b98dp+1,-0x1.fdd272439390dp+0,0.10364265715846845,0.21087827082913616,0x1.a88533ef75669p-4,0x1.afe0f2652f741p-3,-2.0131960471485151,2.0616309700712008,-0x1.01b06877783c8p+1,0x1.07e3860c70333p+1,-2.7032997893301021,2.4610649331786534,-0x1.5a05ba3d3a6dep+1,0x1.3b042cfcaad8dp+1,33,16,3,3,-9.771351927451621e-10,4.366195743160679e-10,-0x1.0c97c6c27f07fp-30,0x1.e0117c08fb02ep-32,-9.7705878381353591e-08,4.3654333354788484e-08,-0x1.a3a4bfd785d21p-24,0x1.76fce4edc05f1p-25,0,0.0099999999989999998,0x0p+0,0x1.47ae147a548aep-7,7,7,3,100
flowstar_vdp_stock_reach_v1,stepwise,408,4.0800000000000001,0x1.051eb851eb852p+2,0.01,0x1.47ae147ae147bp-7,2,-2.0063638541986615,-1.9894349214285385,-0x1.00d087e0d4732p+1,-0x1.fd4b9b650e4fap+0,0.13503950346737412,0.22410947002850959,0x1.148f97587bcd7p-3,0x1.caf9e7e3f8819p-3,-2.0081907766512184,-1.9894341772107671,-0x1.010c6536ec43fp+1,-0x1.fd4b8ee8aa37cp+0,0.12030077768231036,0.22433274678895318,0x1.ecc0821d4321dp-4,0x1.cb6ef7970b10bp-3,-2.0131960471485151,2.0616309700712008,-0x1.01b06877783c8p+1,0x1.07e3860c70333p+1,-2.7032997893301021,2.4610649331786534,-0x1.5a05ba3d3a6dep+1,0x1.3b042cfcaad8dp+1,33,16,3,3,-9.4319461491801824e-10,4.3637598382431656e-10,-0x1.03436baa45ff7p-30,0x1.dfcceb7d85381p-32,-9.4311693159552687e-08,4.3629846042829776e-08,-0x1.9510cda2b87ep-24,0x1.76c70bcc2edc5p-25,0,0.0099999999989999998,0x0p+0,0x1.47ae147a548aep-7,8,8,3,100
flowstar_vdp_stock_reach_v1,stepwise,409,4.0899999999999999,0x1.05c28f5c28f5cp+2,0.01,0x1.47ae147ae147bp-7,2,-2.0048220892205872,-1.9872405576775005,-0x1.009e029dc01acp+1,-0x1.fcbbcc1482798p+0,0.150759087770449,0.23717180594551934,0x1.34c12e3c6417p-3,0x1.e5ba54f08dda4p-3,-2.0067919706247528,-1.9872398382028489,-0x1.00de8f2ddab6ep+1,-0x1.fcbbc00263babp+0,0.13645949316999764,0.2373876603524526,0x1.1778132326a81p-3,0x1.e62b806d807dbp-3,-2.0131960471485151,2.0616309700712008,-0x1.01b06877783c8p+1,0x1.07e3860c70333p+1,-2.7032997893301021,2.4610649331786534,-0x1.5a05ba3d3a6dep+1,0x1.3b042cfcaad8dp+1,33,16,3,3,-9.1101709770539284e-10,4.3592764068484464e-10,-0x1.f4d6421812906p-31,0x1.df4eb8f65e8d6p-32,-9.1093824948699921e-08,4.3584894431290491e-08,-0x1.873eb84183f73p-24,0x1.7664324a3b542p-25,0,0.0099999999989999998,0x0p+0,0x1.47ae147a548aep-7,9,9,3,100
flowstar_vdp_stock_reach_v1,stepwise,410,4.0999999999999996,0x1.0666666666666p+2,0.01,0x1.47ae147ae147bp-7,2,-2.0031289302360209,-1.9849140673418926,-0x1.0066875e8480ap+1,-0x1.fc23540c9a90bp+0,0.16600958587336062,0.24984858599852924,0x1.53fcd571304eap-3,0x1.ffb09d8e8632dp-3,-2.0052375270126452,-1.984913372130227,-0x1.00ab9f8f9d98ep+1,-0x1.fc234862b1415p+0,0.1521344216922543,0.25005716199539624,0x1.3792406e1ce33p-3,0x1.000efc139a6b9p-2,-2.0131960471485151,2.0616309700712008,-0x1.01b06877783c8p+1,0x1.07e3860c70333p+1,-2.7032997893301021,2.4610649331786534,-0x1.5a05ba3d3a6dep+1,0x1.3b042cfcaad8dp+1,33,16,3,3,-8.804880777797319e-10,4.352350146093573e-10,-0x1.e40dae3b60a9ep-31,0x1.de8bc3fe6a826p-32,-8.8040817338411882e-08,4.3515525418506222e-08,-0x1.7a21e70289e5p-24,0x1.75cba701e85fcp-25,0,0.0099999999989999998,0x0p+0,0x1.47ae147a548aep-7,10,10,3,100
flowstar_vdp_stock_reach_v1,stepwise,411,4.1100000000000003,0x1.070a3d70a3d71p+2,0.01,0x1.47ae147ae147bp-7,2,-2.0012889325476024,-1.982459296446939,-0x1.002a3c5991c1p+1,-0x1.fb8273d3e409ap+0,0.18080610195551056,0.26215360767065837,0x1.724a7836877eap-3,0x1.0c71fecde5441p-2,-2.0035321452161683,-1.98245862499867,-0x1.0073bdc81815dp+1,-0x1.fb8268900adbcp+0,0.16734096115998665,0.26235505504542028,0x1.56b6db9bb4f04p-3,0x1.0ca6cdb571023p-2,-2.0131960471485151,2.0616309700712008,-0x1.01b06877783c8p+1,0x1.07e3860c70333p+1,-2.7032997893301021,2.4610649331786534,-0x1.5a05ba3d3a6dep+1,0x1.3b042cfcaad8dp+1,33,16,3,3,-8.5150201307215827e-10,4.3426982089515854e-10,-0x1.d41e4130b1fedp-31,0x1.dd7c1674fd19cp-32,-8.5142116004543054e-08,4.3418910420957492e-08,-0x1.6daebf1e95e55p-24,0x1.74f731995d727p-25,0,0.0099999999989999998,0x0p+0,0x1.47ae147a548aep-7,11,11,3,100
flowstar_vdp_stock_reach_v1,stepwise,412,4.1200000000000001,0x1.07ae147ae147bp+2,0.01,0x1.47ae147ae147bp-7,2,-1.999306499308465,-1.9798799571464321,-0x1.ffd28cfd35c96p+0,-0x1.fad969b1f3269p+0,0.19516348792898047,0.27410031934916151,0x1.8fb1dff039e16p-3,0x1.18adc10db6127p-2,-2.0016803694382963,-1.9798793089460707,-0x1.00370ff5e42eep+1,-0x1.fad95ed1f350fp+0,0.18209426783853783,0.27429479266701967,0x1.74edd6e93ea32p-3,0x1.18e0bbefdf2e5p-2,-2.0131960471485151,2.0616309700712008,-0x1.01b06877783c8p+1,0x1.07e3860c70333p+1,-2.7032997893301021,2.4610649331786534,-0x1.5a05ba3d3a6dep+1,0x1.3b042cfcaad8dp+1,33,16,3,3,-8.2396170462817866e-10,4.3301344001636236e-10,-0x1.c4fa4d01e81ffp-31,0x1.dc1a72ac755afp-32,-8.2388000898720323e-08,4.329318733621773e-08,-0x1.61da90a25b3f1p-24,0x1.73e2b9cb5cbe6p-25,0,0.0099999999989999998,0x0p+0,0x1.47ae147a548aep-7,12,12,3,100
flowstar_vdp_stock_reach_v1,stepwise,413,4.1299999999999999,0x1.0851eb851eb85p+2,0.01,0x1.47ae147ae147bp-7,2,-1.997192466613297,-1.9771730487393488,-0x1.ff480167ebf36p+0,-0x1.fa28034ede3cfp+0,0.20909632664262556,0.2857018189372158,0x1.ac3ab1e52686p-3,0x1.248f0482f8e38p-2,-1.9996931736894392,-1.9771724232587657,-0x1.ffebe44f07d4bp+0,-0x1.fa27f8d073106p+0,0.19640923750660977,0.2858894765627184,0x1.923f019dc9158p-3,0x1.24c036006e033p-2,-2.0131960471485151,2.0616309700712008,-0x1.01b06877783c8p+1,0x1.07e3860c70333p+1,-2.7032997893301021,2.4610649331786534,-0x1.5a05ba3d3a6dep+1,0x1.3b042cfcaad8dp+1,33,16,3,3,-7.9802029450398215e-10,4.3171467935596024e-10,-0x1.b6b75f352baf3p-31,0x1.daace11af1671p-32,-7.9793785751920512e-08,4.3163236430724317e-08,-0x1.56b631fc7616ep-24,0x1.72c4f5f02d2d1p-25,0,0.0099999999989999998,0x0p+0,0x1.47ae147a548aep-7,13,13,3,100
flowstar_vdp_stock_reach_v1,stepwise,414,4.1399999999999997,0x1.08f5c28f5c28fp+2,0.01,0x1.47ae147ae147bp-7,2,-1.9949492961515596,-1.9743436712873457,-0x1.feb4ff40262fdp+0,-0x1.f96e963b3e64bp+0,0.2226188785753466,0.29697089272628457,0x1.c7ec6817a0605p-3,0x1.301923407e46bp-2,-1.9975731543740367,-1.9743430679887457,-0x1.ff60f449676fap+0,-0x1.f96e8c1c18915p+0,0.21030045027848279,0.29715189593016766,0x1.aeb200a23dc35p-3,0x1.3048962bdb9cep-2,-2.0131960471485151,2.0616309700712008,-0x1.01b06877783c8p+1,0x1.07e3860c70333p+1,-2.7032997893301021,2.4610649331786534,-0x1.5a05ba3d3a6dep+1,0x1.3b042cfcaad8dp+1,33,16,3,3,-7.7354073014413068e-10,4.3030960403132625e-10,-0x1.a9422df3c793fp-31,0x1.d92162c20671ap-32,-7.7345765109409741e-08,4.302266401884189e-08,-0x1.4c32916ece89p-24,0x1.718fd6b49989ap-25,0,0.0099999999989999998,0x0p+0,0x1.47ae147a548aep-7,14,14,3,100
flowstar_vdp_stock_reach_v1,stepwise,415,4.1500000000000004,0x1.099999999999ap+2,0.01,0x1.47ae147ae147bp-7,2,-1.9925756694311636,-1.9714004379037673,-0x1.fe197067031c9p+0,-0x1.f8adb2f81de3fp+0,0.23574445437069524,0.30792060851551462,0x1.e2cdfd0de24ep-3,0x1.3b4f8a3d5aaep-2,-1.9953191244646251,-1.9713998562424,-0x1.fecd3bf0a8aeep+0,-0x1.f8ada935e6742p+0,0.22378154143236023,0.30809512066160133,0x1.ca4dfa0f34226p-3,0x1.3b7d498d31ebfp-2,-2.0131960471485151,2.0616309700712008,-0x1.01b06877783c8p+1,0x1.07e3860c70333p+1,-2.7032997893301021,2.4610649331786534,-0x1.5a05ba3d3a6dep+1,0x1.3b042cfcaad8dp+1,33,16,3,3,-7.5025866002316393e-10,4.2859819709849964e-10,-0x1.9c7584f9440a7p-31,0x1.d73faae454501p-32,-7.5017503769646959e-08,4.2851468358103059e-08,-0x1.42329e205f381p-24,0x1.7017601dc12e1p-25,0,0.0099999999989999998,0x0p+0,0x1.47ae147a548aep-7,15,15,3,100
flowstar_vdp_stock_reach_v1,stepwise,416,4.1600000000000001,0x1.0a3d70a3d70a4p+2,0.01,0x1.47ae147ae147bp-7,2,-1.9900754234716538,-1.9683465450296196,-0x1.fd75953c6254ap+0,-0x1.f7e58f2618c86p+0,0.24848708172873726,0.31856273526293449,0x1.fce6cb8c06f99p-3,0x1.46354f46b6e57p-2,-1.9929350491609175,-1.9683459844562357,-0x1.fe30fdcb32c35p+0,-0x1.f7e585be73d43p+0,0.23686686675142973,0.31873092107043444,0x1.e51a74b1a085fp-3,0x1.46616608e2c9ep-2,-2.0131960471485151,2.0616309700712008,-0x1.01b06877783c8p+1,0x1.07e3860c70333p+1,-2.7032997893301021,2.4610649331786534,-0x1.5a05ba3d3a6dep+1,0x1.3b042cfcaad8dp+1,33,16,3,3,-7.280906701932539e-10,4.2657378718878061e-10,-0x1.9045a6f7c15c1p-31,0x1.d505d8c8d311p-32,-7.280066014167824e-08,4.2648982116036355e-08,-0x1.38ad2c1e2ea57p-24,0x1.6e5a1a7ee57ap-25,0,0.0099999999989999998,0x0p+0,0x1.47ae147a548aep-7,16,16,3,100
flowstar_vdp_stock_reach_v1,stepwise,417,4.1699999999999999,0x1.0ae147ae147aep+2,0.01,0x1.47ae147ae147bp-7,2,-1.9874522582206195,-1.9651850724753503,-0x1.fcc9abd36b3d9p+0,-0x1.f7165e70de781p+0,0.26086057091787429,0.3289085313008297,0x1.0b1f0893a1f46p-2,0x1.50cd65e53ff47p-2,-1.9904247532861237,-1.9651845324384243,-0x1.fd8c7a048344ep+0,-0x1.f71655616d96ep+0,0.24957056663108393,0.32907055617743836,0x1.ff1eda6dcc2c9p-3,0x1.50f7df336f3c5p-2,-2.0131960471485151,2.0616309700712008,-0x1.01b06877783c8p+1,0x1.07e3860c70333p+1,-2.7032997893301021,2.4610649331786534,-0x1.5a05ba3d3a6dep+1,0x1.3b042cfcaad8dp+1,33,16,3,3,-7.0697127087769401e-10,4.242466820799806e-10,-0x1.84a95c6aac4a2p-31,0x1.d276d33073279p-32,-7.0688684944395742e-08,4.2416235767143625e-08,-0x1.2f9b07f2cc5a9p-24,0x1.6c5a49f30d3f6p-25,0,0.0099999999989999998,0x0p+0,0x1.47ae147a548aep-7,17,17,3,100
flowstar_vdp_stock_reach_v1,stepwise,418,4.1799999999999997,0x1.0b851eb851eb8p+2,0.01,0x1.47ae147ae147bp-7,2,-1.9847097425175593,-1.9619189832712054,-0x1.fc15f00c2a5e1p+0,-0x1.f640528e8d287p+0,0.27287801050334398,0.33896934060272554,0x1.176d554ba33b9p-2,0x1.5b1ac760f10a6p-2,-1.9877919272433797,-1.9619184632189359,-0x1.fcdfee86c35c5p+0,-0x1.f64049d4f1a4p+0,0.26190606053990856,0.33912537004401355,0x1.0c311a329289bp-2,0x1.5b43ae5654ed4p-2,-2.0131960471485151,2.0616309700712008,-0x1.01b06877783c8p+1,0x1.07e3860c70333p+1,-2.7032997893301021,2.4610649331786534,-0x1.5a05ba3d3a6dep+1,0x1.3b042cfcaad8dp+1,33,16,3,3,-6.8684554344180345e-10,4.2163576207309813e-10,-0x1.7998eaab04fadp-31,0x1.cf97ea934932fp-32,-6.8676086078900014e-08,4.215511710597131e-08,-0x1.26f627bac9841p-24,0x1.6a1c153616378p-25,0,0.0099999999989999998,0x0p+0,0x1.47ae147a548aep-7,18,18,3,100
flowstar_vdp_stock_reach_v1,stepwise,419,4.1900000000000004,0x1.0c28f5c28f5c3p+2,0.01,0x1.47ae147ae147bp-7,2,-1.9818513154648341,-1.9585511292121311,-0x1.fb5a9b9974bf2p+0,-0x1.f5639b57828dap+0,0.2845521641175382,0.34875617260153668,0x1.2361a47b903b5p-2,0x1.6520568e682c4p-2,-1.9850401283906363,-1.9585506285942356,-0x1.fc2b9700af77fp+0,-0x1.f56392f15f5b2p+0,0.27388644265067474,0.34890637165223437,0x1.1875b008027c6p-2,0x1.6547b63e7310ap-2,-2.0131960471485151,2.0616309700712008,-0x1.01b06877783c8p+1,0x1.07e3860c70333p+1,-2.7032997893301021,2.4610649331786534,-0x1.5a05ba3d3a6dep+1,0x1.3b042cfcaad8dp+1,33,16,3,3,-6.6765404977459433e-10,4.1875319023243116e-10,-0x1.6f0bf43cfbdcfp-31,0x1.cc6c8b62445e9p-32,-6.6756919430475277e-08,4.186684213475468e-08,-0x1.1eb802578b39dp-24,0x1.67a228d464704p-25,0,0.0099999999989999998,0x0p+0,0x1.47ae147a548aep-7,19,19,3,100
flowstar_vdp_stock_reach_v1,stepwise,420,4.2000000000000002,0x1.0cccccccccccdp+2,0.01,0x1.47ae147ae147bp-7,2,-1.978880290045842,-1.9550842537736566,-0x1.fa97e61072259p+0,-0x1.f48066d2e1e64p+0,0.2958954708217626,0.35827970409499799,0x1.2eff38e8db20ep-2,0x1.6ee0dfefa2612p-2,-1.9821727846729467,-1.9550837720429737,-0x1.fb6facf53109dp+0,-0x1.f4805ebddd698p+0,0.28552448118230572,0.35842423686791836,0x1.246087938a9e9p-2,0x1.6f06c35dc40fep-2,-2.0131960471485151,2.0616309700712008,-0x1.01b06877783c8p+1,0x1.07e3860c70333p+1,-2.7032997893301021,2.4610649331786534,-0x1.5a05ba3d3a6dep+1,0x1.3b042cfcaad8dp+1,33,16,3,3,-6.4934470185707941e-10,4.1561611237685288e-10,-0x1.64fb2475636d6p-31,0x1.c8f98919ed08bp-32,-6.4925975883053643e-08,4.1553125120526963e-08,-0x1.16dadd8cb2877p-24,0x1.64f049d9e2627p-25,0,0.0099999999989999998,0x0p+0,0x1.47ae147a548aep-7,20,20,3,100
flowstar_vdp_stock_reach_v1,stepwise,421,4.21,0x1.0d70a3d70a3d7p+2,0.01,0x1.47ae147ae147bp-7,2,-1.9757998563490111,-1.9515209954437398,-0x1.f9ce04f675e36p+0,-0x1.f396e144e362ep+0,0.30692004786284122,0.36755028034121479,0x1.3a493fc03b0aap-2,0x1.785f19c6cdfa1p-2,-1.9791931978696367,-1.9515205320576536,-0x1.faac67c950d4cp+0,-0x1.f396d97ea8ff1p+0,0.29683262024786189,0.36768930958971102,0x1.2ff4e3f166f7bp-2,0x1.78838bdf1b446p-2,-2.0131960471485151,2.0616309700712008,-0x1.01b06877783c8p+1,0x1.07e3860c70333p+1,-2.7032997893301021,2.4610649331786534,-0x1.5a05ba3d3a6dep+1,0x1.3b042cfcaad8dp+1,33,16,3,3,-6.3187072569107852e-10,4.1224445188181928e-10,-0x1.5b5fe61e3f08dp-31,0x1.c5447f5bababfp-32,-6.3178577714540411e-08,4.1215958077515555e-08,-0x1.0f5994b0d918cp-24,0x1.620ad9ae1157cp-25,0,0.0099999999989999998,0x0p+0,0x1.47ae147a548aep-7,21,21,3,100
flowstar_vdp_stock_reach_v1,stepwise,422,4.2199999999999998,0x1.0e147ae147ae1p+2,0.01,0x1.47ae147ae147bp-7,2,-1.9726130850178303,-1.947863890773758,-0x1.f8fd2bcfd0311p+0,-0x1.f2a7353beebf5p+0,0.31763768788112406,0.37657792390692146,0x1.4542d065b4b81p-2,0x1.819da4ae4d9fap-2,-1.9761045470755481,-1.9478634451954566,-0x1.f9e1fcd32a975p+0,-0x1.f2a72dc230395p+0,0.30782297625706068,0.37671161064694181,0x1.3b35f23fed03ep-2,0x1.81c0b03f0226ap-2,-2.0131960471485151,2.0616309700712008,-0x1.01b06877783c8p+1,0x1.07e3860c70333p+1,-2.7032997893301021,2.4610649331786534,-0x1.5a05ba3d3a6dep+1,0x1.3b042cfcaad8dp+1,33,16,3,3,-6.15188820984781e-10,4.0865901217602262e-10,-0x1.52342128db4fep-31,0x1.c153493306aaep-32,-6.151039456746382e-08,4.0857421019155066e-08,-0x1.082f64e0dae64p-24,0x1.5ef66b42784f4p-25,0,0.0099999999989999998,0x0p+0,0x1.47ae147a548aep-7,22,22,3,100
flowstar_vdp_stock_reach_v1,stepwise,423,4.2300000000000004,0x1.0eb851eb851ecp+2,0.01,0x1.47ae147ae147bp-7,2,-1.9693229306358859,-1.9441153774329838,-0x1.f8258c2e5810dp+0,-0x1.f1b18b9db9b15p+0,0.32805986084513133,0.38537233983525243,0x1.4feeec95d7319p-2,0x1.8a9f0bf1806acp-2,-1.9729098921243737,-1.9441149491325653,-0x1.f9109f68a10afp+0,-0x1.f1b1846e3067p+0,0.31850733914086621,0.38550084301323023,0x1.4626c9b495815p-2,0x1.8ac0bba549fcfp-2,-2.0131960471485151,2.0616309700712008,-0x1.01b06877783c8p+1,0x1.07e3860c70333p+1,-2.7032997893301021,2.4610649331786534,-0x1.5a05ba3d3a6dep+1,0x1.3b042cfcaad8dp+1,33,16,3,3,-5.9939535283263419e-10,4.0501755561953861e-10,-0x1.4985658056541p-31,0x1.bd524e99df806p-32,-5.9931062619550876e-08,4.049328984844196e-08,-0x1.0166e6748050fp-24,0x1.5bd5afa2517ffp-25,0,0.0099999999989999998,0x0p+0,0x1.47ae147a548aep-7,23,23,3,100
flowstar_vdp_stock_reach_v1,stepwise,424,4.2400000000000002,0x1.0f5c28f5c28f6p+2,0.01,0x1.47ae147ae147bp-7,2,-1.9659322351073873,-1.9402777971931895,-0x1.f74755bff03bcp+0,-0x1.f0b60bb41983fp+0,0.33819771426661027,0.3939429236892894,0x1.5a5080696d9cep-2,0x1.9365c616f1c9ep-2,-1.969612177013677,-1.9402773856486275,-0x1.f83880ee13bd3p+0,-0x1.f0b604cc877bfp+0,0.3288971719445784,0.39406639989228609,0x1.50ca6b94fed35p-2,0x1.9386246ff5952p-2,-2.0131960471485151,2.0616309700712008,-0x1.01b06877783c8p+1,0x1.07e3860c70333p+1,-2.7032997893301021,2.4610649331786534,-0x1.5a05ba3d3a6dep+1,0x1.3b042cfcaad8dp+1,33,16,3,3,-5.8431334922092144e-10,4.0120175246282037e-10,-0x1.413acb0df717cp-31,0x1.b92041019afcbp-32,-5.8422884334095618e-08,4.0111731253685639e-08,-0x1.f5d94803bdfe7p-25,0x1.588ea13dac4fcp-25,0,0.0099999999989999998,0x0p+0,0x1.47ae147a548aep-7,24,24,3,100
flowstar_vdp_stock_reach_v1,stepwise,425,4.25,0x1.1p+2,0.01,0x1.47ae147ae147bp-7,2,-1.9624437309834211,-1.9363533988684418,-0x1.f662b65cd0635p+0,-0x1.efb4db39a36e4p+0,0.34806207655999344,0.40229876810070347,0x1.646a628f364aep-2,0x1.9bf43550dabc7p-2,-1.9662142332810364,-1.9363530035664211,-0x1.f759d0e4df2c1p+0,-0x1.efb4d497d4433p+0,0.33900361364643372,0.40241737130540711,0x1.5b23c3675958ap-2,0x1.9c134ca465638p-2,-2.0131960471485151,2.0616309700712008,-0x1.01b06877783c8p+1,0x1.07e3860c70333p+1,-2.7032997893301021,2.4610649331786534,-0x1.5a05ba3d3a6dep+1,0x1.3b042cfcaad8dp+1,33,16,3,3,-5.6991460131948239e-10,3.9723927263885491e-10,-0x1.3950597d3491fp-31,0x1.b4c4ea3e653edp-32,-5.6983038492724016e-08,3.9715511891404116e-08,-0x1.e97b06dd833d7p-25,0x1.55275591c2334p-25,0,0.0099999999989999998,0x0p+0,0x1.47ae147a548aep-7,25,25,3,100
flowstar_vdp_stock_reach_v1,stepwise,426,4.2599999999999998,0x1.10a3d70a3d70ap+2,0.01,0x1.47ae147ae147bp-7,2,-1.9588601254398832,-1.9323442605071761,-0x1.f577db7033e7dp+0,-0x1.eeae1d0b7ddb3p+0,0.3576552750210239,0.41045685527351206,0x1.6e3d2f35d427ep-2,0x1.a44ecd474663ap-2,-1.9627188640365154,-1.9323438809438094,-0x1.f674be5447736p+0,-0x1.eeae16ad47856p+0,0.34882929666987028,0.41057073663087912,0x1.653381d455c9p-2,0x1.a46ca7ba18d65p-2,-2.0131960471485151,2.0616309700712008,-0x1.01b06877783c8p+1,0x1.07e3860c70333p+1,-2.7032997893301021,2.4610649331786534,-0x1.5a05ba3d3a6dep+1,0x1.3b042cfcaad8dp+1,33,16,3,3,-5.5634269675664146e-10,3.9324209055303764e-10,-0x1.31da46182c6ffp-31,0x1.b05fceeb71414p-32,-5.5625883394577511e-08,3.9315828739809545e-08,-0x1.ddd29c774b9p-25,0x1.51b86bf5321f7p-25,0,0.0099999999989999998,0x0p+0,0x1.47ae147a548aep-7,26,26,3,100
flowstar_vdp_stock_reach_v1,stepwise,427,4.2700000000000005,0x1.1147ae147ae15p+2,0.01,0x1.47ae147ae147bp-7,2,-1.9551838734693663,-1.9282525222590043,-0x1.f486ee2a37b01p+0,-0x1.eda1f511882cfp+0,0.36699447927942658,0.41841872495991211,0x1.77cd6699454fbp-2,0x1.ac75f54ef2869p-2,-1.9591286172130509,-1.928252157940441,-0x1.f58973fb96773p+0,-0x1.eda1eef4cbaddp+0,0.35839168993809645,0.41852803261242272,0x1.6efe3b2dc4e96p-2,0x1.ac929cd21e497p-2,-2.0131960471485151,2.0616309700712008,-0x1.01b06877783c8p+1,0x1.07e3860c70333p+1,-2.7032997893301021,2.4610649331786534,-0x1.5a05ba3d3a6dep+1,0x1.3b042cfcaad8dp+1,33,16,3,3,-5.4340640509178799e-10,3.8914715787527209e-10,-0x1.2abda7115f128p-31,0x1.abdf2fec562adp-32,-5.4332295774503314e-08,3.8906376740608497e-08,-0x1.d2b5fb6022b5p-25,0x1.4e3406f952a97p-25,0,0.0099999999989999998,0x0p+0,0x1.47ae147a548aep-7,27,27,3,100
flowstar_vdp_stock_reach_v1,stepwise,428,4.2800000000000002,0x1.11eb851eb851fp+2,0.01,0x1.47ae147ae147bp-7,2,-1.9514173904121159,-1.9240801797847493,-0x1.f3901710aa6b7p+0,-0x1.ec9084c70eab2p+0,0.37609046695685616,0.42619172092005164,0x1.811ddbffab135p-2,0x1.b46b9a3cb5d7cp-2,-1.955445998159256,-1.9240798302276845,-0x1.f4981be330261p+0,-0x1.ec907ee9b89c7p+0,0.36770186419631756,0.42629659984873275,0x1.7886d6659b0d2p-2,0x1.b487188afc379p-2,-2.0131960471485151,2.0616309700712008,-0x1.01b06877783c8p+1,0x1.07e3860c70333p+1,-2.7032997893301021,2.4610649331786534,-0x1.5a05ba3d3a6dep+1,0x1.3b042cfcaad8dp+1,33,16,3,3,-5.3105821016968836e-10,3.8496411703180365e-10,-0x1.23f3cc759f0a4p-31,0x1.a745c410727f4p-32,-5.3097523702408888e-08,3.8488119819998126e-08,-0x1.c81ab07ebc209p-25,0x1.4a9c45428b8c1p-25,0,0.0099999999989999998,0x0p+0,0x1.47ae147a548aep-7,28,28,3,100
flowstar_vdp_stock_reach_v1,stepwise,429,4.29,0x1.128f5c28f5c29p+2,0.01,0x1.47ae147ae147bp-7,2,-1.9475630035484095,-1.9198291384808104,-0x1.f2937d2f23d3dp+0,-0x1.eb79ec23aed4ep+0,0.3849528549030467,0.43378377239456989,0x1.8a3114c93dde7p-2,0x1.bc31d02fe1784p-2,-1.9516734212964206,-1.9198288032129038,-0x1.f3a0de8cf0c85p+0,-0x1.eb79e683b7debp+0,0.37676972296902916,0.43388436429311589,0x1.81cfec19198f3p-2,0x1.bc4c2ecb89ea5p-2,-2.0131960471485151,2.0616309700712008,-0x1.01b06877783c8p+1,0x1.07e3860c70333p+1,-2.7032997893301021,2.4610649331786534,-0x1.5a05ba3d3a6dep+1,0x1.3b042cfcaad8dp+1,33,16,3,3,-5.1927217948156931e-10,3.8071235932251125e-10,-0x1.1d790ff3bf378p-31,0x1.a29900a21eda2p-32,-5.1918973602969732e-08,3.8062996782033591e-08,-0x1.bdfb07c57f544p-25,0x1.46f56a43f9353p-25,0,0.0099999999989999998,0x0p+0,0x1.47ae147a548aep-7,29,29,3,100
flowstar_vdp_stock_reach_v1,stepwise,430,4.2999999999999998,0x1.1333333333333p+2,0.01,0x1.47ae147ae147bp-7,2,-1.9436229466942525,-1.9155012245706373,-0x1.f19145ffce955p+0,-0x1.ea5e49cafa953p+0,0.39359096285743417,0.44120254363343481,0x1.93098265e533dp-2,0x1.c3ca997f453dp-2,-1.9478132047810865,-1.9155009031308501,-0x1.f2a3e2dd40709p+0,-0x1.ea5e446667cc9p+0,0.38560486599448301,0.44129898680693019,0x1.8adc00827fc2fp-2,0x1.c3e3e1b05ff31p-2,-2.0131960471485151,2.0616309700712008,-0x1.01b06877783c8p+1,0x1.07e3860c70333p+1,-2.7032997893301021,2.4610649331786534,-0x1.5a05ba3d3a6dep+1,0x1.3b042cfcaad8dp+1,33,16,3,3,-5.0802413296279052e-10,3.7641043864560672e-10,-0x1.174a0a5e04327p-31,0x1.9dde1e945e463p-32,-5.0794227150388021e-08,3.7632862695747403e-08,-0x1.b451afcef2277p-25,0x1.43438a4d3b01ep-25,0,0.0099999999989999998,0x0p+0,0x1.47ae147a548aep-7,30,30,3,100
flowstar_vdp_stock_reach_v1,stepwise,431,4.3100000000000005,0x1.13d70a3d70a3ep+2,0.01,0x1.47ae147ae147bp-7,2,-1.9395993632033892,-1.9110981876559818,-0x1.f08995784d0d3p+0,-0x1.e93dbb176d646p+0,0.40201381718884671,0.44845544373193724,0x1.9ba9829577023p-2,0x1.cb37e7622ad7cp-2,-1.9438675735757325,-1.9110978795948395,-0x1.f1a14e28433cbp+0,-0x1.e93db5ec50958p+0,0.39421659278409621,0.44854787301785237,0x1.93ad83b631669p-2,0x1.cb50223535492p-2,-2.0131960471485151,2.0616309700712008,-0x1.01b06877783c8p+1,0x1.07e3860c70333p+1,-2.7032997893301021,2.4610649331786534,-0x1.5a05ba3d3a6dep+1,0x1.3b042cfcaad8dp+1,33,16,3,3,-4.9732198502126728e-10,3.721064910416976e-10,-0x1.1167d8d9f550fp-31,0x1.9922aa78698bfp-32,-4.9724075472105529e-08,3.7202530850431543e-08,-0x1.ab2065f88f7f9p-25,0x1.3f913b026863cp-25,0,0.0099999999989999998,0x0p+0,0x1.47ae147a548aep-7,31,31,3,100
flowstar_vdp_stock_reach_v1,stepwise,432,4.3200000000000003,0x1.147ae147ae148p+2,0.01,0x1.47ae147ae147bp-7,2,-1.9354943088770118,-1.9066217032231592,-0x1.ef7c8e16388c2p+0,-0x1.e8185c252ff2p+0,0.41023015934572421,0.45554963205443622,0x1.a4135ff8e419bp-2,0x1.d27b9a4d83b96p-2,-1.9398386624285202,-1.9066214081029471,-0x1.f099443ea599dp+0,-0x1.e8185731a7d73p+0,0.40261391093476806,0.45563817876372897,0x1.9c46d2318497ep-2,0x1.d292d09265995p-2,-2.0131960471485151,2.0616309700712008,-0x1.01b06877783c8p+1,0x1.07e3860c70333p+1,-2.7032997893301021,2.4610649331786534,-0x1.5a05ba3d3a6dep+1,0x1.3b042cfcaad8dp+1,33,16,3,3,-4.8717185937837356e-10,3.6784445076820363e-10,-0x1.0bd35808eedb9p-31,0x1.9473021a415bbp-32,-4.8709130633436084e-08,3.6776394363651419e-08,-0x1.a26882d23fc35p-25,0x1.3be8257e782f3p-25,0,0.0099999999989999998,0x0p+0,0x1.47ae147a548aep-7,32,32,3,100
flowstar_vdp_stock_reach_v1,stepwise,433,4.3300000000000001,0x1.151eb851eb852p+2,0.01,0x1.47ae147ae147bp-7,2,-1.9313097548171558,-1.9020733750657077,-0x1.ee6a50eb62adbp+0,-0x1.e6ee47dc7fe2fp+0,0.41824845064796978,0.46249202753621776,0x1.ac4952648af5p-2,0x1.d9978293b713ep-2,-1.9357285187977209,-1.9020730924606073,-0x1.ef8be77a2bb52p+0,-0x1.e6ee431eb84aep+0,0.4108055408210281,0.46257681941252826,0x1.a4aa352b5e1d5p-2,0x1.d9adbcdd0edaep-2,-2.0131960471485151,2.0616309700712008,-0x1.01b06877783c8p+1,0x1.07e3860c70333p+1,-2.7032997893301021,2.4610649331786534,-0x1.5a05ba3d3a6dep+1,0x1.3b042cfcaad8dp+1,33,16,3,3,-4.7749687577943605e-10,3.6358293224007874e-10,-0x1.0681b603bfe3cp-31,0x1.8fc37f549a036p-32,-4.7741704308819977e-08,3.6350314375501523e-08,-0x1.9a191e3787099p-25,0x1.383f2fc8d7861p-25,0,0.0099999999989999998,0x0p+0,0x1.47ae147a548aep-7,33,33,3,100
flowstar_vdp_stock_reach_v1,stepwise,434,4.3399999999999999,0x1.15c28f5c28f5cp+2,0.01,0x1.47ae147ae147bp-7,2,-1.9270475902029109,-1.897454737642529,-0x1.ed52fda9c1d22p+0,-0x1.e5bf97fbd09ecp+0,0.42607687983569242,0.46928931537777274,0x1.b44d7f61e772p-2,0x1.e08d60d7a3992p-2,-1.9315391056995939,-1.8974544671386981,-0x1.ee7958c9ecc28p+0,-0x1.e5bf937202834p+0,0.41879992307839681,0.46937047657284614,0x1.acd9e314c1911p-2,0x1.e0a2a77a5a6d8p-2,-2.0131960471485151,2.0616309700712008,-0x1.01b06877783c8p+1,0x1.07e3860c70333p+1,-2.7032997893301021,2.4610649331786534,-0x1.5a05ba3d3a6dep+1,0x1.3b042cfcaad8dp+1,33,16,3,3,-4.6834796059298236e-10,3.5940614082072325e-10,-0x1.017a1d9b4053ap-31,0x1.8b2bd5ca3d4fbp-32,-4.6826888843187342e-08,3.5932711129172887e-08,-0x1.923d6ae4a4a4ep-25,0x1.34a8de0e74c64p-25,0,0.0099999999989999998,0x0p+0,0x1.47ae147a548aep-7,34,34,3,100
flowstar_vdp_stock_reach_v1,stepwise,435,4.3500000000000005,0x1.1666666666667p+2,0.01,0x1.47ae147ae147bp-7,2,-1.922709624991582,-1.892767258368151,-0x1.ec36b2af0b13bp+0,-0x1.e48c6521a17b8p+0,0.43372336996718247,0.47594795447586691,0x1.bc21faa6146fbp-2,0x1.e75ee68c49acp-2,-1.9272723044815596,-1.8927669995637579,-0x1.ed61b7be3c1f5p+0,-0x1.e48c60ca130bp+0,0.42660522546670931,0.4760256055394792,0x1.b4d8000eba98ap-2,0x1.e773419f67135p-2,-2.0131960471485151,2.0616309700712008,-0x1.01b06877783c8p+1,0x1.07e3860c70333p+1,-2.7032997893301021,2.4610649331786534,-0x1.5a05ba3d3a6dep+1,0x1.3b042cfcaad8dp+1,33,16,3,3,-4.5965121269326618e-10,3.5527134470217434e-10,-0x1.f964507bb9111p-32,0x1.869ffe5471939p-32,-4.5957293839490155e-08,3.5519311158232159e-08,-0x1.8ac5286d22afep-25,0x1.311bca8fe4babp-25,0,0.0099999999989999998,0x0p+0,0x1.47ae147a548aep-7,35,35,3,100
flowstar_vdp_stock_reach_v1,stepwise,436,4.3600000000000003,0x1.170a3d70a3d71p+2,0.01,0x1.47ae147ae147bp-7,2,-1.91829759254733,-1.8880123398320454,-0x1.eb158d0ffc7f3p+0,-0x1.e354c6d605e82p+0,0.44119558514156115,0.48247418505954731,0x1.c3c8c6854a54bp-2,0x1.ee0db677fae34p-2,-1.9229299175229151,-1.888012092337259,-0x1.ec45229442ca3p+0,-0x1.e354c2af0a82ep+0,0.43422934958552861,0.48254844294234289,0x1.bca69e5dbb97ep-2,0x1.ee212dd4b13d2p-2,-2.0131960471485151,2.0616309700712008,-0x1.01b06877783c8p+1,0x1.07e3860c70333p+1,-2.7032997893301021,2.4610649331786534,-0x1.5a05ba3d3a6dep+1,0x1.3b042cfcaad8dp+1,33,16,3,3,-4.52243768237426e-10,3.520448403326662e-10,-0x1.f13f4ddb9b16ap-32,0x1.8313d030162dcp-32,-4.52166326411901e-08,3.5196743834159636e-08,-0x1.84686d3d3df36p-25,0x1.2e56754d5150ap-25,0,0.0099999999989999998,0x0p+0,0x1.47ae147a548aep-7,36,36,3,100
flowstar_vdp_stock_reach_v1,stepwise,437,4.3700000000000001,0x1.17ae147ae147bp+2,0.01,0x1.47ae147ae147bp-7,2,-1.9138131521947617,-1.8831913219494854,-0x1.e9efa8a354c7bp+0,-0x1.e218d393e250ep+0,0.44850093771654231,0.48887403581032673,0x1.cb43d46edf1c8p-2,0x1.f49b652eacf08p-2,-1.9185136708603185,-1.8831910853864262,-0x1.eb23b64146235p+0,-0x1.e218cf9bda7b5p+0,0.44167993810902834,0.48894501387810141,0x1.c447bee5e90afp-2,0x1.f4ae00709847ep-2,-2.0131960471485151,2.0616309700712008,-0x1.01b06877783c8p+1,0x1.07e3860c70333p+1,-2.7032997893301021,2.4610649331786534,-0x1.5a05ba3d3a6dep+1,0x1.3b042cfcaad8dp+1,33,16,3,3,-4.454290440588227e-10,3.4905729689758746e-10,-0x1.e9c1213ac00dp-32,0x1.7fcae4feee3eep-32,-4.4535246661312378e-08,3.4898075804154313e-08,-0x1.7e8e0b089983bp-25,0x1.2bc5ae26004cfp-25,0,0.0099999999989999998,0x0p+0,0x1.47ae147a548aep-7,37,37,3,100
flowstar_vdp_stock_reach_v1,stepwise,438,4.3799999999999999,0x1.1851eb851eb85p+2,0.01,0x1.47ae147ae147bp-7,2,-1.9092578916965108,-1.8783054840453237,-0x1.e8c5200c77679p+0,-0x1.e0d8a0d1df42fp+0,0.45564659537744556,0.49515333106596499,0x1.d2950566b830cp-2,0x1.fb09798dbc30fp-2,-1.9140252167368734,-1.8783052580479833,-0x1.e9fd8e7d9aabcp+0,-0x1.e0d89d07388edp+0,0.44896438189367033,0.49522113912404764,0x1.cbbd51a5356bbp-2,0x1.fb1b40134d776p-2,-2.0131960471485151,2.0616309700712008,-0x1.01b06877783c8p+1,0x1.07e3860c70333p+1,-2.7032997893301021,2.4610649331786534,-0x1.5a05ba3d3a6dep+1,0x1.3b042cfcaad8dp+1,33,16,3,3,-4.3899808132701237e-10,3.4612520150035575e-10,-0x1.e2aef98716c41p-32,0x1.7c91954189c84p-32,-4.3892239757467287e-08,3.4604955518259279e-08,-0x1.79080e53b7ccp-25,0x1.29411a18dedd3p-25,0,0.0099999999989999998,0x0p+0,0x1.47ae147a548aep-7,38,38,3,100
flowstar_vdp_stock_reach_v1,stepwise,439,4.3899999999999997,0x1.18f5c28f5c28fp+2,0.01,0x1.47ae147ae147bp-7,2,-1.9046333296909945,-1.8733560468353609,-0x1.e7960cc5e4f7ep+0,-0x1.df94430aebf5dp+0,0.46263948822522388,0.50131769790083902,0x1.d9be2a7f0fe2dp-2,0x1.00acb69ac7bcbp-1,-1.909466136110805,-1.8733558310494904,-0x1.e8d2c5cf6a572p+0,-0x1.df943f6c20e2fp+0,0.45608982712385843,0.50138244222733586,0x1.d309362e241cbp-2,0x1.00b533104f5e6p-1,-2.0131960471485151,2.0616309700712008,-0x1.01b06877783c8p+1,0x1.07e3860c70333p+1,-2.7032997893301021,2.4610649331786534,-0x1.5a05ba3d3a6dep+1,0x1.3b042cfcaad8dp+1,33,16,3,3,-4.3293577385865227e-10,3.4325718373731772e-10,-0x1.dc04963cb954fp-32,0x1.796a4ecbdd563p-32,-4.3286101042392051e-08,3.4318245666302565e-08,-0x1.73d32490cb7a1p-25,0x1.26ca9ecca1f36p-25,0,0.0099999999989999998,0x0p+0,0x1.47ae147a548aep-7,39,39,3,100
flowstar_vdp_stock_reach_v1,stepwise,440,4.4000000000000004,0x1.199999999999ap+2,0.01,0x1.47ae147ae147bp-7,2,-1.8999409179286382,-1.8683441744682454,-0x1.e662872ad5f1dp+0,-0x1.de4bcdc703633p+0,0.46948630343394976,0.50737258599057933,0x1.e0c1047caccbfp-2,0x1.03c656ef6ed74p-1,-1.9048379409618588,-1.8683439685512186,-0x1.e7a375949c752p+0,-0x1.de4bca529b38ep+0,0.46306317004364428,0.50743436937734909,0x1.da2d3b4d47354p-2,0x1.03ce700aaf278p-1,-2.0131960471485151,2.0616309700712008,-0x1.01b06877783c8p+1,0x1.07e3860c70333p+1,-2.7032997893301021,2.4610649331786534,-0x1.5a05ba3d3a6dep+1,0x1.3b042cfcaad8dp+1,33,16,3,3,-4.2722787251850839e-10,3.4046111972662493e-10,-0x1.d5bdf499811c1p-32,0x1.76574926a5487p-32,-4.2715405376651017e-08,3.4038733633368809e-08,-0x1.6eec2b7797ad3p-25,0x1.2463f7836fd92p-25,0,0.0099999999989999998,0x0p+0,0x1.47ae147a548aep-7,40,40,3,100
flowstar_vdp_stock_reach_v1,stepwise,441,4.4100000000000001,0x1.1a3d70a3d70a4p+2,0.01,0x1.47ae147ae147bp-7,2,-1.8951820436036262,-1.8632709763323758,-0x1.e52aa6813e782p+0,-0x1.dcff53a2eefccp+0,0.47619352944846621,0.51332323529283075,0x1.e79f46ce31207p-2,0x1.06d24d97b8204p-1,-1.90014207669233,-1.8632707799530299,-0x1.e66fb60d25a72p+0,-0x1.dcff50577d9cfp+0,0.46989110124302713,0.51338215709315815,0x1.e12b220214b64p-2,0x1.06da06ae214e1p-1,-2.0131960471485151,2.0616309700712008,-0x1.01b06877783c8p+1,0x1.07e3860c70333p+1,-2.7032997893301021,2.4610649331786534,-0x1.5a05ba3d3a6dep+1,0x1.3b042cfcaad8dp+1,33,16,3,3,-4.2191837685697547e-10,3.3780161331293523e-10,-0x1.cfe7771de0251p-32,0x1.736ab384784c4p-32,-4.2184552489749692e-08,3.3772879577631351e-08,-0x1.6a5ccfdbf4c26p-25,0x1.221b58fc318e1p-25,0,0.0099999999989999998,0x0p+0,0x1.47ae147a548aep-7,41,41,3,100
flowstar_vdp_stock_reach_v1,stepwise,442,4.4199999999999999,0x1.1ae147ae147aep+2,0.01,0x1.47ae147ae147bp-7,2,-1.8903580315311925,-1.8581375088795988,-0x1.e3ee8103284bfp+0,-0x1.dbaee6581bd97p+0,0.48276742685798529,0.51917472183231927,0x1.ee5a9597b76afp-2,0x1.09d144e65c02cp-1,-1.8953799243726217,-1.8581373217180563,-0x1.e5379e64ace4ap+0,-0x1.dbaee334418eap+0,0.47658007663265389,0.51923087801434331,0x1.e8049b8c3febap-2,0x1.09d8a1304a398p-1,-2.0131960471485151,2.0616309700712008,-0x1.01b06877783c8p+1,0x1.07e3860c70333p+1,-2.7032997893301021,2.4610649331786534,-0x1.5a05ba3d3a6dep+1,0x1.3b042cfcaad8dp+1,33,16,3,3,-4.1694986240491538e-10,3.3524041337182769e-10,-0x1.ca70f3eb5a153p-32,0x1.7099c99ca27bep-32,-4.1687799712152388e-08,3.3516858163335808e-08,-0x1.661870e7fc469p-25,0x1.1fe859bdebc1cp-25,0,0.0099999999989999998,0x0p+0,0x1.47ae147a548aep-7,42,42,3,100
flowstar_vdp_stock_reach_v1,stepwise,443,4.4299999999999997,0x1.1b851eb851eb8p+2,0.01,0x1.47ae147ae147bp-7,2,-1.8854701462482835,-1.8529447773899665,-0x1.e2ae2be7b880cp+0,-0x1.da5a96c42f148p+0,0.48921404610538421,0.52493195143324911,0x1.f4f486e310db4p-2,0x1.0cc3e1781002p-1,-1.8905528029090493,-1.8529445991374405,-0x1.e3fb44bbdb021p+0,-0x1.da5a93c6985aep+0,0.48313633526486993,0.52498543463828884,0x1.eebb4a9de33bdp-2,0x1.0ccae4114babfp-1,-2.0131960471485151,2.0616309700712008,-0x1.01b06877783c8p+1,0x1.07e3860c70333p+1,-2.7032997893301021,2.4610649331786534,-0x1.5a05ba3d3a6dep+1,0x1.3b042cfcaad8dp+1,33,16,3,3,-4.1229923045736398e-10,3.3277225019120794e-10,-0x1.c553ea9208cdap-32,0x1.6de30fb61c128p-32,-4.1222836959872981e-08,3.3270142205154806e-08,-0x1.6219fa257e106p-25,0x1.1dc9d10134d3bp-25,0,0.0099999999989999998,0x0p+0,0x1.47ae147a548aep-7,43,43,3,100
flowstar_vdp_stock_reach_v1,stepwise,444,4.4400000000000004,0x1.1c28f5c28f5c3p+2,0.01,0x1.47ae147ae147bp-7,2,-1.8805195940543686,-1.8476937376630074,-0x1.e169bb6bf361bp+0,-0x1.d90274f0495ffp+0,0.49553923500655767,0.53059966591852847,0x1.fb6ea320f3bc7p-2,0x1.0faac268c6f75p-1,-1.8856619711505842,-1.8476935680215927,-0x1.e2babe3167146p+0,-0x1.d9027217aeaabp+0,0.48956590697384295,0.53065056552352896,0x1.f550c3dec1c68p-2,0x1.0fb16e510e0f8p-1,-2.0131960471485151,2.0616309700712008,-0x1.01b06877783c8p+1,0x1.07e3860c70333p+1,-2.7032997893301021,2.4610649331786534,-0x1.5a05ba3d3a6dep+1,0x1.3b042cfcaad8dp+1,33,16,3,3,-4.0896023596501115e-10,3.3140744563391564e-10,-0x1.c1a812a92ba14p-32,0x1.6c62e72dbb0c2p-32,-4.088903952382543e-08,3.3133763684650992e-08,-0x1.5f3bf2e5379adp-25,0x1.1c9deab9130e9p-25,0,0.0099999999989999998,0x0p+0,0x1.47ae147a548aep-7,44,44,3,100
flowstar_vdp_stock_reach_v1,stepwise,445,4.4500000000000002,0x1.1cccccccccccdp+2,0.01,0x1.47ae147ae147bp-7,2,-1.8755075249806876,-1.8423852976496813,-0x1.e02142db31a72p+0,-0x1.d7a69018095f1p+0,0.50174864550791443,0.53618244931414949,0x1.00e532ce899edp-1,0x1.12868188fca57p-1,-1.880708629922746,-1.8423851363321357,-0x1.e1761eead2babp+0,-0x1.d7a68d632edabp+0,0.49587461926136589,0.53623085149754146,0x1.fbc68e6293798p-2,0x1.128cd9a4938b7p-1,-2.0131960471485151,2.0616309700712008,-0x1.01b06877783c8p+1,0x1.07e3860c70333p+1,-2.7032997893301021,2.4610649331786534,-0x1.5a05ba3d3a6dep+1,0x1.3b042cfcaad8dp+1,33,16,3,3,-4.0623789936167613e-10,3.3046640386718226e-10,-0x1.bea9cda290f39p-32,0x1.6b5a05f918d86p-32,-4.0616909132371443e-08,3.3039762702986452e-08,-0x1.5ce5871aabf1dp-25,0x1.1bcf34dfec2bap-25,0,0.0099999999989999998,0x0p+0,0x1.47ae147a548aep-7,45,45,3,100
flowstar_vdp_stock_reach_v1,stepwise,446,4.46,0x1.1d70a3d70a3d7p+2,0.01,0x1.47ae147ae147bp-7,2,-1.8704350346910423,-1.8370203190244905,-0x1.ded4d4974a683p+0,-0x1.d646f6b04c345p+0,0.50784774098102636,0.54168473325169908,0x1.04049e7db8d35p-1,0x1.1557b38c1df7dp-1,-1.8756939239916923,-1.8370201657540055,-0x1.e02d7a1cd9a89p+0,-0x1.d646f41e01862p+0,0.50206810472599872,0.5417307210620349,0x1.010f121453636p-1,0x1.155dbaa4665e5p-1,-2.0131960471485151,2.0616309700712008,-0x1.01b06877783c8p+1,0x1.07e3860c70333p+1,-2.7032997893301021,2.4610649331786534,-0x1.5a05ba3d3a6dep+1,0x1.3b042cfcaad8dp+1,33,16,3,3,-4.036883002758696e-10,3.2951948047242004e-10,-0x1.bbdc27a8bd623p-32,0x1.6a4f7cf393933p-32,-4.0362053687739165e-08,3.2945174757230254e-08,-0x1.5ab5183e56193p-25,0x1.1aff349854868p-25,0,0.0099999999989999998,0x0p+0,0x1.47ae147a548aep-7,46,46,3,100
flowstar_vdp_stock_reach_v1,stepwise,447,4.4699999999999998,0x1.1e147ae147ae1p+2,0.01,0x1.47ae147ae147bp-7,2,-1.8653031663157869,-1.8315996186987913,-0x1.dd8482207399p+0,-0x1.d4e3b66dad68bp+0,0.5138418020881006,0.54711080352465224,0x1.071645ce927b4p-1,0x1.181ee840da739p-1,-1.8706189439601071,-1.831599473208755,-0x1.dee0e21396331p+0,-0x1.d4e3b3fccd6c2p+0,0.50815180706802221,0.54715445695144527,0x1.042c7941855aap-1,0x1.1824a104ef276p-1,-2.0131960471485151,2.0616309700712008,-0x1.01b06877783c8p+1,0x1.07e3860c70333p+1,-2.7032997893301021,2.4610649331786534,-0x1.5a05ba3d3a6dep+1,0x1.3b042cfcaad8dp+1,33,16,3,3,-4.0131064462002297e-10,3.2857912123214821e-10,-0x1.b93ee7835c687p-32,0x1.6946cced55756p-32,-4.0124393602701177e-08,3.2851244246722466e-08,-0x1.58aa79827ba28p-25,0x1.1a30a66b246cep-25,0,0.0099999999989999998,0x0p+0,0x1.47ae147a548aep-7,47,47,3,100
flowstar_vdp_stock_reach_v1,stepwise,448,4.4800000000000004,0x1.1eb851eb851ecp+2,0.01,0x1.47ae147ae147bp-7,2,-1.86011291221991,-1.8261239702772074,-0x1.dc305c1cda11bp+0,-0x1.d37cdc4ac843ap+0,0.51973593344523561,0.55246480556351563,0x1.0a1ad40968198p-1,0x1.1adcaac02c2f5p-1,-1.8654847280957489,-1.8261238323109639,-0x1.dd90683a5bd36p+0,-0x1.d37cd9fa38c67p+0,0.51413098789605005,0.55250620160976349,0x1.073c2d45bf568p-1,0x1.1ae217c580926p-1,-2.0131960471485151,2.0616309700712008,-0x1.01b06877783c8p+1,0x1.07e3860c70333p+1,-2.7032997893301021,2.4610649331786534,-0x1.5a05ba3d3a6dep+1,0x1.3b042cfcaad8dp+1,33,16,3,3,-3.9910425281803644e-10,3.276569179470888e-10,-0x1.b6d1dc3a76a0ep-32,0x1.6843392d59b3ap-32,-3.9903860749560352e-08,3.2759130181066955e-08,-0x1.56c5848ce02adp-25,0x1.196616cf3ef4p-25,0,0.0099999999989999998,0x0p+0,0x1.47ae147a548aep-7,48,48,3,100
flowstar_vdp_stock_reach_v1,stepwise,449,4.4900000000000002,0x1.1f5c28f5c28f6p+2,0.01,0x1.47ae147ae147bp-7,2,-1.8548652157066798,-1.8205941054585619,-0x1.dad8725ff2bbap+0,-0x1.d212748e3c225p+0,0.52553506993799215,0.5577507499681208,0x1.0d12eec491caap-1,0x1.1d91819cdd777p-1,-1.8602922640940913,-1.8205939747691644,-0x1.dc3c1d234931ep+0,-0x1.d212725ced9f3p+0,0.52001073318887292,0.55778996272405124,0x1.0a3ed8c93afa5p-1,0x1.1d96a55fdfacp-1,-2.0131960471485151,2.0616309700712008,-0x1.01b06877783c8p+1,0x1.07e3860c70333p+1,-2.7032997893301021,2.4610649331786534,-0x1.5a05ba3d3a6dep+1,0x1.3b042cfcaad8dp+1,33,16,3,3,-3.9706824224011302e-10,3.2676335432709955e-10,-0x1.b494c63466accp-32,0x1.6747b521f05a5p-32,-3.970036670346158e-08,3.2669880769047255e-08,-0x1.55060796265a1p-25,0x1.18a1d3db7270bp-25,0,0.0099999999989999998,0x0p+0,0x1.47ae147a548aep-7,49,49,3,100
flowstar_vdp_stock_reach_v1,stepwise,450,4.5,0x1.2p+2,0.01,0x1.47ae147ae147bp-7,2,-1.8495609726624174,-1.8150107153768109,-0x1.d97cd3f18b043p+0,-0x1.d0a48ad06ed6fp+0,0.53124398203845191,0.56297251910803769,0x1.0fff36121a9adp-1,0x1.203def1c3b448p-1,-1.8550424907806131,-1.8150105917267734,-0x1.dae4108e97d66p+0,-0x1.d0a488bd5c2f8p+0,0.52579595876081531,0.563009619825662,0x1.0d3520be7e4b1p-1,0x1.2042cc00f81fp-1,-2.0131960471485151,2.0616309700712008,-0x1.01b06877783c8p+1,0x1.07e3860c70333p+1,-2.7032997893301021,2.4610649331786534,-0x1.5a05ba3d3a6dep+1,0x1.3b042cfcaad8dp+1,33,15,3,3,-3.9520159562133275e-10,3.2590793545365487e-10,-0x1.b2875c23f2c8fp-32,0x1.6656edb4e7956p-32,-3.9513809584075527e-08,3.2584446364659045e-08,-0x1.536bc943cd774p-25,0x1.17e5f49030c31p-25,0,0.0099999999989999998,0x0p+0,0x1.47ae147a548aep-7,50,50,3,100
flowstar_vdp_stock_reach_v1,stepwise,451,4.5099999999999998,0x1.20a3d70a3d70ap+2,0.01,0x1.47ae147ae147bp-7,2,-1.8442056597749055,-1.8093698252577251,-0x1.d81ddcb3d4d18p+0,-0x1.cf32dc61d9e5ep+0,0.53686728449446508,0.56813386858502501,0x1.12e044ca64616p-1,0x1.22e27142a531ap-1,-1.8497409263852209,-1.8093697084187725,-0x1.d9889f10e5b35p+0,-0x1.cf32da6c081c7p+0,0.53149141910052689,0.56816892575312838,0x1.101fa4ae4864ap-1,0x1.22e709956d208p-1,-2.0131960471485151,2.0616309700712008,-0x1.01b06877783c8p+1,0x1.07e3860c70333p+1,-2.7032997893301021,2.4610649331786534,-0x1.5a05ba3d3a6dep+1,0x1.3b042cfcaad8dp+1,33,16,3,3,-3.9362481590285081e-10,3.252127643781825e-10,-0x1.b0cb8930055b7p-32,0x1.65934159fce99p-32,-3.9356239396565042e-08,3.251503698465742e-08,-0x1.5211492298294p-25,0x1.174d528e565a3p-25,0,0.0099999999989999998,0x0p+0,0x1.47ae147a548aep-7,51,51,3,100
flowstar_vdp_stock_reach_v1,stepwise,452,4.5200000000000005,0x1.2147ae147ae15p+2,0.01,0x1.47ae147ae147bp-7,2,-1.83879656668992,-1.8036755650365992,-0x1.d6bb5f2dee277p+0,-0x1.cdbdae8c6d301p+0,0.54240942599361519,0.57323844931396339,0x1.15b6b0335e924p-1,0x1.257f829139f8dp-1,-1.8443849007532964,-1.8036754547894172,-0x1.d8299bddf8bbbp+0,-0x1.cdbdacb2eb211p+0,0.53710169718503942,0.57327152873320619,0x1.12fefe6012599p-1,0x1.2583d887462acp-1,-2.0131960471485151,2.0616309700712008,-0x1.01b06877783c8p+1,0x1.07e3860c70333p+1,-2.7032997893301021,2.4610649331786534,-0x1.5a05ba3d3a6dep+1,0x1.3b042cfcaad8dp+1,33,16,3,3,-3.9224313221994857e-10,3.2459741548355186e-10,-0x1.af46a062bb4abp-32,0x1.64e60cca69a34p-32,-3.9218179030378812e-08,3.2453610042360927e-08,-0x1.50e1b00ef4a42p-25,0x1.16c63e42fecdfp-25,0,0.0099999999989999998,0x0p+0,0x1.47ae147a548aep-7,52,52,3,100
flowstar_vdp_stock_reach_v1,stepwise,453,4.5300000000000002,0x1.21eb851eb851fp+2,0.01,0x1.47ae147ae147bp-7,2,-1.8333331225160636,-1.797929845481185,-0x1.d55551cbe14b4p+0,-0x1.cc45215ed811ep+0,0.54787473607016302,0.57828977190024922,0x1.1883099373b3ep-1,0x1.281598d3d8827p-1,-1.8389738819035406,-1.7979297416151692,-0x1.d6c6fe08f94fcp+0,-0x1.cc451fa0be2d8p+0,0.54263125153673109,0.57832093675808638,0x1.15d3c36e468fp-1,0x1.2819ae8befa64p-1,-2.0131960471485151,2.0616309700712008,-0x1.01b06877783c8p+1,0x1.07e3860c70333p+1,-2.7032997893301021,2.4610649331786534,-0x1.5a05ba3d3a6dep+1,0x1.3b042cfcaad8dp+1,33,16,3,3,-3.9102029482963029e-10,3.2403625511664592e-10,-0x1.adee6daa5940cp-32,0x1.644818ecbd724p-32,-3.9096003421743851e-08,3.2397602082543118e-08,-0x1.4fd5054e23904p-25,0x1.164b1495551aep-25,0,0.0099999999989999998,0x0p+0,0x1.47ae147a548aep-7,53,53,3,100
flowstar_vdp_stock_reach_v1,stepwise,454,4.54,0x1.228f5c28f5c29p+2,0.01,0x1.47ae147ae147bp-7,2,-1.8278160565977997,-1.7921331999886949,-0x1.d3ebc0ca30f4cp+0,-0x1.cac93dcc06fb5p+0,0.55326739075187481,0.58329125033546703,0x1.1b45dd0a71f2cp-1,0x1.2aa5269877b2p-1,-1.8335086368525255,-1.7921331023017033,-0x1.d560d27037134p+0,-0x1.cac93c2876ffap+0,0.54808438201955734,0.58332056128063114,0x1.189e842071da6p-1,0x1.2aa8fe1b91c0ep-1,-2.0131960471485151,2.0616309700712008,-0x1.01b06877783c8p+1,0x1.07e3860c70333p+1,-2.7032997893301021,2.4610649331786534,-0x1.5a05ba3d3a6dep+1,0x1.3b042cfcaad8dp+1,33,16,3,3,-3.8995525685361732e-10,3.2353599321887582e-10,-0x1.acc2a59760589p-32,0x1.63bb49418ac29p-32,-3.8989607758455202e-08,3.2347683974777064e-08,-0x1.4eeb0ddf1d164p-25,0x1.15dd4f2fd7e58p-25,0,0.0099999999989999998,0x0p+0,0x1.47ae147a548aep-7,54,54,3,100
flowstar_vdp_stock_reach_v1,stepwise,455,4.5499999999999998,0x1.2333333333333p+2,0.01,0x1.47ae147ae147bp-7,2,-1.8222460578624184,-1.786286127680345,-0x1.d27eb7b7c8b4fp+0,-0x1.c94a0c33af81p+0,0.5585914312340553,0.58824619373071751,0x1.1dffb231f3c37p-1,0x1.2d2e9ae823cb8p-1,-1.8279898910116925,-1.7862860359784518,-0x1.d3f7253f5056cp+0,-0x1.c94a0aa9d434cp+0,0.55346524866138924,0.5882737089470409,0x1.1b5fcc0cf243fp-1,0x1.2d32362a0c5f2p-1,-2.0131960471485151,2.0616309700712008,-0x1.01b06877783c8p+1,0x1.07e3860c70333p+1,-2.7032997893301021,2.4610649331786534,-0x1.5a05ba3d3a6dep+1,0x1.3b042cfcaad8dp+1,33,16,3,3,-3.8904687870105939e-10,3.2310265062239532e-10,-0x1.abc2f60c12ef7p-32,0x1.63414fa1918a7p-32,-3.8898877964032556e-08,3.2304457684724619e-08,-0x1.4e238989b9effp-25,0x1.157e40f2ec309p-25,0,0.0099999999989999998,0x0p+0,0x1.47ae147a548aep-7,55,55,3,100
flowstar_vdp_stock_reach_v1,stepwise,456,4.5600000000000005,0x1.23d70a3d70a3ep+2,0.01,0x1.47ae147ae147bp-7,2,-1.8166237761254054,-1.7803890944440048,-0x1.d10e417b983a7p+0,-0x1.c7c79466cac43p+0,0.56385076917076926,0.59315781079535512,0x1.20b10c4ad3678p-1,0x1.2fb2616d774c9p-1,-1.8224183295412848,-1.780389008541257,-0x1.d28a01f502c1cp+0,-0x1.c7c792f5d7b24p+0,0.55877787709202087,0.5931835860747342,0x1.1e182247ad54cp-1,0x1.2fb5c24d6e127p-1,-2.0131960471485151,2.0616309700712008,-0x1.01b06877783c8p+1,0x1.07e3860c70333p+1,-2.7032997893301021,2.4610649331786534,-0x1.5a05ba3d3a6dep+1,0x1.3b042cfcaad8dp+1,33,16,3,3,-3.8829394444967349e-10,3.2274161612307808e-10,-0x1.aaef076aa262dp-32,0x1.62dbb05a8ece3p-32,-3.8823692335616111e-08,3.2268461981212422e-08,-0x1.4d7e33cabf195p-25,0x1.152f192b574dfp-25,0,0.0099999999989999998,0x0p+0,0x1.47ae147a548aep-7,56,56,3,100
flowstar_vdp_stock_reach_v1,stepwise,457,4.5700000000000003,0x1.247ae147ae148p+2,0.01,0x1.47ae147ae147bp-7,2,-1.8109498233437478,-1.7744425339326519,-0x1.cf9a6859f558p+0,-0x1.c641ddabdf42ap+0,0.56904919182267166,0.59802921416887644,0x1.235a6a6963204p-1,0x1.3230e299d0d8dp-1,-1.8167945986507692,-1.7744424536508296,-0x1.d1197368c126ep+0,-0x1.c641dc5310769p+0,0.56402616383590265,0.59805330298320947,0x1.20c8098f86eebp-1,0x1.32340ae327c39p-1,-2.0131960471485151,2.0616309700712008,-0x1.01b06877783c8p+1,0x1.07e3860c70333p+1,-2.7032997893301021,2.4610649331786534,-0x1.5a05ba3d3a6dep+1,0x1.3b042cfcaad8dp+1,33,16,3,3,-3.876951765174002e-10,3.2245770111418487e-10,-0x1.aa467da3d4006p-32,0x1.628bc61f0cd31p-32,-3.8763923010908541e-08,3.2240177899353262e-08,-0x1.4cfac4a7466bcp-25,0x1.14f0e6a590791p-25,0,0.0099999999989999998,0x0p+0,0x1.47ae147a548aep-7,57,57,3,100
flowstar_vdp_stock_reach_v1,stepwise,458,4.5800000000000001,0x1.251eb851eb852p+2,0.01,0x1.47ae147ae147bp-7,2,-1.8052247748183952,-1.7684468485203964,-0x1.ce2335f9c623p+0,-0x1.c4b8eec31bff9p+0,0.57419036712074978,0.60286342453792641,0x1.25fc47a0ec782p-1,0x1.34aa83c8b09e5p-1,-1.8111193068469809,-1.7684467736887766,-0x1.cfa583d00fdd6p+0,-0x1.c4b8ed81b5c32p+0,0.56921388151858487,0.60288587810987782,0x1.2370007b1a639p-1,0x1.34ad753367828p-1,-2.0131960471485151,2.0616309700712008,-0x1.01b06877783c8p+1,0x1.07e3860c70333p+1,-2.7032997893301021,2.4610649331786534,-0x1.5a05ba3d3a6dep+1,0x1.3b042cfcaad8dp+1,33,16,3,3,-3.8724924949945414e-10,3.2225518934741417e-10,-0x1.a9c8f93640a5ap-32,0x1.6252c59c510a3p-32,-3.8719437351647483e-08,3.2220033716437527e-08,-0x1.4c98f1741fbe3p-25,0x1.14c49a7adad4fp-25,0,0.0099999999989999998,0x0p+0,0x1.47ae147a548aep-7,58,58,3,100
flowstar_vdp_stock_reach_v1,stepwise,459,4.5899999999999999,0x1.25c28f5c28f5cp+2,0.01,0x1.47ae147ae147bp-7,2,-1.7994491701892601,-1.7624024103779123,-0x1.cca8b368c6f74p+0,-0x1.c32ccdeaf6f6ep+0,0.57927784251629377,0.60766338064278158,0x1.28971af9cf51bp-1,0x1.371fa795acd2ep-1,-1.8053930259734092,-1.7624023408330376,-0x1.ce2e3cc2fb762p+0,-0x1.c32cccc04590ep+0,0.57434467785691967,0.60768424801524901,0x1.261081700de36p-1,0x1.372263c70a297p-1,-2.0131960471485151,2.0616309700712008,-0x1.01b06877783c8p+1,0x1.07e3860c70333p+1,-2.7032997893301021,2.4610649331786534,-0x1.5a05ba3d3a6dep+1,0x1.3b042cfcaad8dp+1,33,16,3,3,-3.8695479977071616e-10,3.2213788137479088e-10,-0x1.a97617df76c3cp-32,0x1.6231c0ae2af34p-32,-3.8690098903631354e-08,3.2208409395890019e-08,-0x1.4c586d602b98ap-25,0x1.14ab0a91b67d9p-25,0,0.0099999999989999998,0x0p+0,0x1.47ae147a548aep-7,59,59,3,100
flowstar_vdp_stock_reach_v1,stepwise,460,4.6000000000000005,0x1.2666666666667p+2,0.01,0x1.47ae147ae147bp-7,2,-1.7936235154032922,-1.7563095614764654,-0x1.cb2ae923fe62ap+0,-0x1.c19d80e0318a9p+0,0.5843150064805015,0.61243198667547361,0x1.2b2b5626caa3fp-1,0x1.3990af7397477p-1,-1.7996162932211786,-1.7563094970619169,-0x1.ccb3a744bbd45p+0,-0x1.c19d7fcb88ffp+0,0.57942203729619668,0.61245131477965098,0x1.28aa015989a7ap-1,0x1.399337febdd9dp-1,-2.0131960471485151,2.0616309700712008,-0x1.01b06877783c8p+1,0x1.07e3860c70333p+1,-2.7032997893301021,2.4610649331786534,-0x1.5a05ba3d3a6dep+1,0x1.3b042cfcaad8dp+1,33,16,3,3,-3.8681044822926369e-10,3.221091484770079e-10,-0x1.a94d763f85a8bp-32,0x1.6229aa41c1811p-32,-3.8675769670816449e-08,3.2205641979870258e-08,-0x1.4c38eabc1693fp-25,0x1.14a4f4a7085ddp-25,0,0.0099999999989999998,0x0p+0,0x1.47ae147a548aep-7,60,60,3,100
flowstar_vdp_stock_reach_v1,stepwise,461,4.6100000000000003,0x1.270a3d70a3d71p+2,0.01,0x1.47ae147ae147bp-7,2,-1.787748282123282,-1.7501686160829313,-0x1.c9a9df15331e1p+0,-0x1.c00b0ce88fd02p+0,0.58930526011165518,0.6171719487438676,0x1.2db96b4714a67p-1,0x1.3bfdf62fba1cap-1,-1.7937896105794131,-1.750168556649107,-0x1.cb35cbc157d9p+0,-0x1.c00b0be94ba1dp+0,0.5844494527519537,0.61718978246581724,0x1.2b3cf56b782fap-1,0x1.3c004c963b698p-1,-2.0131960471485151,2.0616309700712008,-0x1.01b06877783c8p+1,0x1.07e3860c70333p+1,-2.7032997893301021,2.4610649331786534,-0x1.5a05ba3d3a6dep+1,0x1.3b042cfcaad8dp+1,33,16,3,3,-3.8681479743971895e-10,3.2217195974942552e-10,-0x1.a94eafa44b57p-32,0x1.623b5849391d9p-32,-3.8676309829468923e-08,3.2212028297652314e-08,-0x1.4c3a1ad1276bbp-25,0x1.14b2ffd46bc3bp-25,0,0.0099999999989999998,0x0p+0,0x1.47ae147a548aep-7,61,61,3,100
flowstar_vdp_stock_reach_v1,stepwise,462,4.6200000000000001,0x1.27ae147ae147bp+2,0.01,0x1.47ae147ae147bp-7,2,-1.7818239100869053,-1.7439798602095204,-0x1.c8259c9d0dd9bp+0,-0x1.be7576d07b87ep+0,0.59425184103552109,0.62188595918094447,0x1.3041c6fdabb38p-1,0x1.3e67d6210c28ap-1,-1.7879134472345266,-1.7439798056134181,-0x1.c9b4b217f36f1p+0,-0x1.be7575e5fe7b4p+0,0.58943024964195889,0.62190234142660605,0x1.2dc9cd3af87d1p-1,0x1.3e69fbd37758cp-1,-2.0131960471485151,2.0616309700712008,-0x1.01b06877783c8p+1,0x1.07e3860c70333p+1,-2.7032997893301021,2.4610649331786534,-0x1.5a05ba3d3a6dep+1,0x1.3b042cfcaad8dp+1,33,16,3,3,-3.8696645074401191e-10,3.2232892890174434e-10,-0x1.a9795f69fc8cap-32,0x1.6267871b00dedp-32,-3.8691579638988693e-08,3.222782964537592e-08,-0x1.4c5baef49ff3ap-25,0x1.14d5bf329eb7fp-25,0,0.0099999999989999998,0x0p+0,0x1.47ae147a548aep-7,62,62,3,100
flowstar_vdp_stock_reach_v1,stepwise,463,4.6299999999999999,0x1.2851eb851eb85p+2,0.01,0x1.47ae147ae147bp-7,2,-1.7758508076786308,-1.737743552775556,-0x1.c69e28958e0e4p+0,-0x1.bcdcc2f001804p+0,0.59915789042100154,0.62657663737728109,0x1.32c4d2b0ff426p-1,0x1.40cea72bf236bp-1,-1.7819882401810891,-1.7377435028805621,-0x1.c830619d6f32fp+0,-0x1.bcdcc219b56p+0,0.59436765303025763,0.62659160913585887,0x1.3050f4ff21661p-1,0x1.40d09d8a5f80bp-1,-2.0131960471485151,2.0616309700712008,-0x1.01b06877783c8p+1,0x1.07e3860c70333p+1,-2.7032997893301021,2.4610649331786534,-0x1.5a05ba3d3a6dep+1,0x1.3b042cfcaad8dp+1,33,16,3,3,-3.8726401981088773e-10,3.2258234729271578e-10,-0x1.a9cd2186684d7p-32,0x1.62aedbd334896p-32,-3.8721440196659942e-08,3.2253275089289478e-08,-0x1.4c9d58f48278ap-25,0x1.150db3b58e263p-25,0,0.0099999999989999998,0x0p+0,0x1.47ae147a548aep-7,63,63,3,100
flowstar_vdp_stock_reach_v1,stepwise,464,4.6399999999999997,0x1.28f5c28f5c28fp+2,0.01,0x1.47ae147ae147bp-7,2,-1.7698293528586053,-1.7314599263344164,-0x1.c5138956074f5p+0,-0x1.bb40f52df0dep+0,0.60402645714759928,0.63124653320418089,0x1.3542f4aebc412p-1,0x1.4332bedfa6925p-1,-1.7760143951884222,-1.7314598810101001,-0x1.c6a8e1208f3afp+0,-0x1.bb40f46b46412p+0,0.5992647919197458,0.63126013360986433,0x1.32d2d5b5e10d2p-1,0x1.4334873a3ef45p-1,-2.0131960471485151,2.0616309700712008,-0x1.01b06877783c8p+1,0x1.07e3860c70333p+1,-2.7032997893301021,2.4610649331786534,-0x1.5a05ba3d3a6dep+1,0x1.3b042cfcaad8dp+1,33,16,3,3,-3.877066699889863e-10,3.2293475293791646e-10,-0x1.aa49b9d4f4fddp-32,0x1.63120d53f3ce7p-32,-3.8765807972742555e-08,3.2288618366321569e-08,-0x1.4cfee9cae780ap-25,0x1.155b6c34926c7p-25,0,0.0099999999989999998,0x0p+0,0x1.47ae147a548aep-7,64,64,3,100
flowstar_vdp_stock_reach_v1,stepwise,465,4.6500000000000004,0x1.299999999999ap+2,0.01,0x1.47ae147ae147bp-7,2,-1.7637598941496786,-1.7251291876676087,-0x1.c385c4b75e89ep+0,-0x1.b9a21102684d1p+0,0.60886050183668772,0.63589813033477416,0x1.37bc904e6dfp-1,0x1.45947092c0348p-1,-1.7699922878241161,-1.7251291467895224,-0x1.c51e36ee6075dp+0,-0x1.b9a21052d65ebp+0,0.60412470340517954,0.63591039672675753,0x1.354fd547a971cp-1,0x1.45960c2a41703p-1,-2.0131960471485151,2.0616309700712008,-0x1.01b06877783c8p+1,0x1.07e3860c70333p+1,-2.7032997893301021,2.4610649331786534,-0x1.5a05ba3d3a6dep+1,0x1.3b042cfcaad8dp+1,33,16,3,3,-3.882949301983347e-10,3.2338976279116849e-10,-0x1.aaef4e727cd3p-32,0x1.6392203e442dep-32,-3.8824735799409258e-08,3.2334221112004918e-08,-0x1.4d807f35ba2fp-25,0x1.15bfb444d7c83p-25,0,0.0099999999989999998,0x0p+0,0x1.47ae147a548aep-7,65,65,3,100
flowstar_vdp_stock_reach_v1,stepwise,466,4.6600000000000001,0x1.2a3d70a3d70a4p+2,0.01,0x1.47ae147ae147bp-7,2,-1.7576427511854607,-1.7187515187455338,-0x1.c1f4e016649cep+0,-0x1.b800197af65fcp+0,0.61366290076686614,0.6405338494399796,0x1.3a3206131fd68p-1,0x1.47f40d7ea6c23p-1,-1.7639222640373928,-1.7187514821950183,-0x1.c39068d4ba14cp+0,-0x1.b80018ddfaa84p+0,0.60895033670684551,0.64054481742075697,0x1.37c856aa1692fp-1,0x1.47f57d84e38dfp-1,-2.0131960471485151,2.0616309700712008,-0x1.01b06877783c8p+1,0x1.07e3860c70333p+1,-2.7032997893301021,2.4610649331786534,-0x1.5a05ba3d3a6dep+1,0x1.3b042cfcaad8dp+1,33,16,3,3,-3.8902511808709497e-10,3.2394651877586023e-10,-0x1.abbcd60798e73p-32,0x1.642ed6bd6d6cbp-32,-3.8897855386212784e-08,3.2389997463403278e-08,-0x1.4e2149e0bb438p-25,0x1.163a5b903700fp-25,0,0.0099999999989999998,0x0p+0,0x1.47ae147a548aep-7,66,66,3,100
flowstar_vdp_stock_reach_v1,stepwise,467,4.6699999999999999,0x1.2ae147ae147aep+2,0.01,0x1.47ae147ae147bp-7,2,-1.7514782158279405,-1.7123270770486982,-0x1.c060e058a32eep+0,-0x1.b65b113bfabcp+0,0.61843644947701237,0.64515605146651156,0x1.3ca3b3ca50f5bp-1,0x1.4a51e4dbbaf64p-1,-1.7578046413108881,-1.7123270447126941,-0x1.c1ff7c272ff14p+0,-0x1.b65b10b118ecp+0,0.61374455688846463,0.64516575495843287,0x1.3a3cb9ffde30fp-1,0x1.4a532a74175b6p-1,-2.0131960471485151,2.0616309700712008,-0x1.01b06877783c8p+1,0x1.07e3860c70333p+1,-2.7032997893301021,2.4610649331786534,-0x1.5a05ba3d3a6dep+1,0x1.3b042cfcaad8dp+1,33,16,3,3,-3.898959630752039e-10,3.2460632882314917e-10,-0x1.acb1f50638861p-32,0x1.64e88f1081cd7p-32,-3.8985039624256119e-08,3.2456078162737755e-08,-0x1.4ee1023d98284p-25,0x1.16cbabb0a0ac6p-25,0,0.0099999999989999998,0x0p+0,0x1.47ae147a548aep-7,67,67,3,100
flowstar_vdp_stock_reach_v1,stepwise,468,4.6799999999999997,0x1.2b851eb851eb8p+2,0.01,0x1.47ae147ae147bp-7,2,-1.7452665528337452,-1.705855996272635,-0x1.bec9c9ef393d5p+0,-0x1.b4b2fa83ad2cdp+0,0.62318386704300466,0.64976704001666652,0x1.3f11f4b0b0649p-1,0x1.4cae43f5c7d63p-1,-1.7516397093599529,-1.7058559680435004,-0x1.c06b75c21371p+0,-0x1.b4b2fa0a6ee9dp+0,0.61851014924527847,0.64977551131674616,0x1.3cad5cbe814e4p-1,0x1.4caf6035b1b77p-1,-2.0131960471485151,2.0616309700712008,-0x1.01b06877783c8p+1,0x1.07e3860c70333p+1,-2.7032997893301021,2.4610649331786534,-0x1.5a05ba3d3a6dep+1,0x1.3b042cfcaad8dp+1,33,16,3,3,-3.9090623056609062e-10,3.2537031110168781e-10,-0x1.adce527812385p-32,0x1.65bf99ca137adp-32,-3.9086165007170802e-08,3.2532574980158582e-08,-0x1.4fbf62c52c1f9p-25,0x1.1773e391db81p-25,0,0.0099999999989999998,0x0p+0,0x1.47ae147a548aep-7,68,68,3,100
flowstar_vdp_stock_reach_v1,stepwise,469,4.6900000000000004,0x1.2c28f5c28f5c3p+2,0.01,0x1.47ae147ae147bp-7,2,-1.7390080006484168,-1.6993383868359637,-0x1.bd2fa0da446d9p+0,-0x1.b307d72c4c40ap+0,0.62790779899488114,0.65436906492581282,0x1.417d218b2c36ep-1,0x1.4f09764abdaddp-1,-1.7454277309589012,-1.699338362611297,-0x1.bed45a0dfffdep+0,-0x1.b307d6c440f32p+0,0.62324982232908055,0.65437633475879298,0x1.3f1a99c8484cep-1,0x1.4f0a6a3a21776p-1,-2.0131960471485151,2.0616309700712008,-0x1.01b06877783c8p+1,0x1.07e3860c70333p+1,-2.7032997893301021,2.4610649331786534,-0x1.5a05ba3d3a6dep+1,0x1.3b042cfcaad8dp+1,33,16,3,3,-3.9205474199821501e-10,3.2623942804295596e-10,-0x1.af119970867a1p-32,0x1.66b43c43dc9e6p-32,-3.9201113636073821e-08,3.26195841160888e-08,-0x1.50bc2918721e7p-25,0x1.1833395bd8a9ap-25,0,0.0099999999989999998,0x0p+0,0x1.47ae147a548aep-7,69,69,3,100
flowstar_vdp_stock_reach_v1,stepwise,470,4.7000000000000002,0x1.2cccccccccccdp+2,0.01,0x1.47ae147ae147bp-7,2,-1.7327029000185219,-1.6927742085220825,-0x1.bb926ad1438f9p+0,-0x1.b159a6891d585p+0,0.63259801012687578,0.65897713551329751,0x1.43e3e2ea04eb6p-1,0x1.5165737baec87p-1,-1.7391690705840399,-1.6927741882045515,-0x1.bd3a2f285f87ep+0,-0x1.b159a631d9fbcp+0,0.62795340086263918,0.65898323308297146,0x1.41831bb03be93p-1,0x1.51664015684c6p-1,-2.0131960471485151,2.0616309700712008,-0x1.01b06877783c8p+1,0x1.07e3860c70333p+1,-2.7032997893301021,2.4610649331786534,-0x1.5a05ba3d3a6dep+1,0x1.3b042cfcaad8dp+1,33,16,3,3,-3.9361561200462007e-10,3.2744177370557831e-10,-0x1.b0c8f1fa10d73p-32,0x1.6806aa66969c3p-32,-3.935729683301497e-08,3.2739914835883293e-08,-0x1.52139c6b3f4b1p-25,0x1.193bd588292bdp-25,0,0.0099999999989999998,0x0p+0,0x1.47ae147a548aep-7,70,70,3,100
flowstar_vdp_stock_reach_v1,stepwise,471,4.71,0x1.2d70a3d70a3d7p+2,0.01,0x1.47ae147ae147bp-7,2,-1.7263514242375462,-1.6861635413979359,-0x1.b9f22abc80d72p+0,-0x1.afa869f202fd4p+0,0.63725845043176732,0.6635919608441927,0x1.4646bd57687cep-1,0x1.53c253536dbb6p-1,-1.7328639246894801,-1.6861635248951126,-0x1.bb9cf85cf5a36p+0,-0x1.afa869ab21f17p+0,0.63262489177496428,0.66359691388299968,0x1.43e768e99e36bp-1,0x1.53c2f985b5411p-1,-2.0131960471485151,2.0616309700712008,-0x1.01b06877783c8p+1,0x1.07e3860c70333p+1,-2.7032997893301021,2.4610649331786534,-0x1.5a05ba3d3a6dep+1,0x1.3b042cfcaad8dp+1,33,16,3,3,-3.9555696368342646e-10,3.2895450170658282e-10,-0x1.b2eb631ba44c7p-32,0x1.69b075f0e0409p-32,-3.9551526890397252e-08,3.2891282483677727e-08,-0x1.53beba387f32fp-25,0x1.1a88b1f130fa5p-25,0,0.0099999999989999998,0x0p+0,0x1.47ae147a548aep-7,71,71,3,100
flowstar_vdp_stock_reach_v1,stepwise,472,4.7199999999999998,0x1.2e147ae147ae1p+2,0.01,0x1.47ae147ae147bp-7,2,-1.7199536200343666,-1.6795065460626348,-0x1.b84ee164af35dp+0,-0x1.adf42418c1c67p+0,0.64190323268728289,0.66820397793190134,0x1.48a78a5f2d578p-1,0x1.561ed4f08c9b4p-1,-1.7265123626245478,-1.6795065332868353,-0x1.b9fcb6d59cb44p+0,-0x1.adf423e1e2a29p+0,0.63727846188519144,0.66820781274881136,0x1.46495cd07bf1ep-1,0x1.561f559d602c2p-1,-2.0131960471485151,2.0616309700712008,-0x1.01b06877783c8p+1,0x1.07e3860c70333p+1,-2.7032997893301021,2.4610649331786534,-0x1.5a05ba3d3a6dep+1,0x1.3b042cfcaad8dp+1,33,16,3,3,-3.9762714448270099e-10,3.3057165818726427e-10,-0x1.b532175b0845ep-32,0x1.6b77a6589a2d8p-32,-3.9758638616089278e-08,3.3053091735982081e-08,-0x1.55862bc1cc359p-25,0x1.1bec84740502ep-25,0,0.0099999999989999998,0x0p+0,0x1.47ae147a548aep-7,72,72,3,100
flowstar_vdp_stock_reach_v1,stepwise,473,4.7300000000000004,0x1.2eb851eb851ecp+2,0.01,0x1.47ae147ae147bp-7,2,-1.7135096271425463,-1.6728032450700694,-0x1.b6a89121f5591p+0,-0x1.ac3cd55e37f79p+0,0.6465347273247275,0.67281526249230006,0x1.4b06998b2d0cp-1,0x1.587b3df94ee42p-1,-1.7201145462310781,-1.6728032359382004,-0x1.b8596d496fb55p+0,-0x1.ac3cd536ff5efp+0,0.64191653286528882,0.67281800401900771,0x1.48a948a6d6147p-1,0x1.587b99f6d7e08p-1,-2.0131960471485151,2.0616309700712008,-0x1.01b06877783c8p+1,0x1.07e3860c70333p+1,-2.7032997893301021,2.4610649331786534,-0x1.5a05ba3d3a6dep+1,0x1.3b042cfcaad8dp+1,33,16,3,3,-3.9982550695588535e-10,3.3229379786110105e-10,-0x1.b79ce010f4d65p-32,0x1.6d5c63966cb98p-32,-3.9978567236433949e-08,3.3225398035164946e-08,-0x1.5769cc90482c7p-25,0x1.1d676c46bba3dp-25,0,0.0099999999989999998,0x0p+0,0x1.47ae147a548aep-7,73,73,3,100
flowstar_vdp_stock_reach_v1,stepwise,474,4.7400000000000002,0x1.2f5c28f5c28f6p+2,0.01,0x1.47ae147ae147bp-7,2,-1.7070195623009676,-1.6660536401302644,-0x1.b4ff3be9b7031p+0,-0x1.aa827dc9bdc1dp+0,0.65115524795128565,0.6774278488867459,0x1.4d64387d239b2p-1,0x1.5ad7d2b0bc853p-1,-1.7136706138711402,-1.6660536345636747,-0x1.b6b31e0ab15acp+0,-0x1.aa827db1d53a2p+0,0.64654146685308089,0.67742952072219798,0x1.4b077baf48a0ap-1,0x1.5ad80ac9b18f1p-1,-2.0131960471485151,2.0616309700712008,-0x1.01b06877783c8p+1,0x1.07e3860c70333p+1,-2.7032997893301021,2.4610649331786534,-0x1.5a05ba3d3a6dep+1,0x1.3b042cfcaad8dp+1,33,16,3,3,-4.0215147017062434e-10,3.341214120321691e-10,-0x1.ba2b93611a822p-32,0x1.6f5ed1114dcb4p-32,-4.0211254632324743e-08,3.3408250485785251e-08,-0x1.59697bec1a864p-25,0x1.1ef9850e0b53ap-25,0,0.0099999999989999998,0x0p+0,0x1.47ae147a548aep-7,74,74,3,100
flowstar_vdp_stock_reach_v1,stepwise,475,4.75,0x1.3p+2,0.01,0x1.47ae147ae147bp-7,2,-1.700483530861133,-1.6592577012641296,-0x1.b352e3806f678p+0,-0x1.a8c51cda90c98p+0,0.65576478205757105,0.68204600469577681,0x1.4fc066c99c967p-1,0x1.5d35224912578p-1,-1.7071806920605559,-1.6592576991884671,-0x1.b509cb38c3429p+0,-0x1.a8c51cd1a6927p+0,0.65115329724721571,0.68204662914906211,0x1.4d63f708b7fddp-1,0x1.5d35373d15a36p-1,-2.0131960471485151,2.0616309700712008,-0x1.01b06877783c8p+1,0x1.07e3860c70333p+1,-2.7032997893301021,2.4610649331786534,-0x1.5a05ba3d3a6dep+1,0x1.3b042cfcaad8dp+1,33,16,3,3,-4.0460452789857619e-10,3.360549437671986e-10,-0x1.bcde0cd135885p-32,0x1.717f0eb660dcbp-32,-4.0456650158028287e-08,3.3601693371638832e-08,-0x1.5b851d52717f7p-25,0x1.20a2e7b7ebc4bp-25,0,0.0099999999989999998,0x0p+0,0x1.47ae147a548aep-7,75,75,3,100
flowstar_vdp_stock_reach_v1,stepwise,476,4.7599999999999998,0x1.30a3d70a3d70ap+2,0.01,0x1.47ae147ae147bp-7,2,-1.6939016291381814,-1.6524153654213356,-0x1.b1a38983ca23ep+0,-0x1.a704b181e47c9p+0,0.66036065217391648,0.68667657467505394,0x1.521aca994ded8p-1,0x1.5f94126e513bbp-1,-1.7006448991903671,-1.6524153654213356,-0x1.b35d76d021c08p+0,-0x1.a704b181e47c9p+0,0.65574898642548374,0.68667657632882739,0x1.4fbe54c62a4aap-1,0x1.5f94127c85eb6p-1,-2.0131960471485151,2.0616309700712008,-0x1.01b06877783c8p+1,0x1.07e3860c70333p+1,-2.7032997893301021,2.4610649331786534,-0x1.5a05ba3d3a6dep+1,0x1.3b042cfcaad8dp+1,33,16,3,3,-4.0718425488919281e-10,3.3809480103666772e-10,-0x1.bfb42dbcc8f98p-32,0x1.73bd39eb600a8p-32,-4.0714711265966176e-08,3.3805767467273799e-08,-0x1.5dbc98cf8c83ap-25,0x1.2263ab389845bp-25,0,0.0099999999989999998,0x0p+0,0x1.47ae147a548aep-7,76,76,3,100
flowstar_vdp_stock_reach_v1,stepwise,477,4.7700000000000005,0x1.3147ae147ae15p+2,0.01,0x1.47ae147ae147bp-7,2,-1.6872738762251247,-1.6455266055184898,-0x1.aff12e45c8354p+0,-0x1.a5413b4b6659cp+0,0.66495125394514454,0.69131524768525576,0x1.54747da241d62p-1,0x1.61f4127811918p-1,-1.6940632753399172,-1.6455266055184898,-0x1.b1ae217cf088dp+0,-0x1.a5413b4b6659cp+0,0.66033677161666937,0.69131524924149124,0x1.5217a94ce12f9p-1,0x1.61f412856fc43p-1,-2.0131960471485151,2.0616309700712008,-0x1.01b06877783c8p+1,0x1.07e3860c70333p+1,-2.7032997893301021,2.4610649331786534,-0x1.5a05ba3d3a6dep+1,0x1.3b042cfcaad8dp+1,33,16,3,3,-4.0989029158731288e-10,3.4024135424874763e-10,-0x1.c2addc3b35979p-32,0x1.76196d611e76ap-32,-4.0985401982199452e-08,3.4020509795107342e-08,-0x1.600fda23077bap-25,0x1.243be4678ef2cp-25,0,0.0099999999989999998,0x0p+0,0x1.47ae147a548aep-7,77,77,3,100
flowstar_vdp_stock_reach_v1,stepwise,478,4.7800000000000002,0x1.31eb851eb851fp+2,0.01,0x1.47ae147ae147bp-7,2,-1.6806002957002817,-1.6385913495371578,-0x1.ae3bd22bae3e6p+0,-0x1.a37ab901c545ep+0,0.66953981038498089,0.69596280705731828,0x1.56cdec09f2731p-1,0x1.64553caf164aep-1,-1.6874358619525325,-1.6385913495371578,-0x1.affbcbf12f06dp+0,-0x1.a37ab901c545ep+0,0.66492053589528566,0.69596280851907011,0x1.547076e837d4ep-1,0x1.64553cbba4b8p-1,-2.0131960471485151,2.0616309700712008,-0x1.01b06877783c8p+1,0x1.07e3860c70333p+1,-2.7032997893301021,2.4610649331786534,-0x1.5a05ba3d3a6dep+1,0x1.3b042cfcaad8dp+1,33,16,3,3,-4.1272232369373397e-10,3.4249492944347016e-10,-0x1.c5cb01a6af5dap-32,0x1.7893c095fca5cp-32,-4.1268690865786618e-08,3.4245952948141496e-08,-0x1.627ecf99c466dp-25,0x1.262ba59df554ap-25,0,0.0099999999989999998,0x0p+0,0x1.47ae147a548aep-7,78,78,3,100
flowstar_vdp_stock_reach_v1,stepwise,479,4.79,0x1.328f5c28f5c29p+2,0.01,0x1.47ae147ae147bp-7,2,-1.6738808960404687,-1.6316095008671312,-0x1.ac837559e49afp+0,-0x1.a1b129061134dp+0,0.67412837978100915,0.7006211275095392,0x1.59275ae0ee07ap-1,0x1.66b7cffb148a3p-1,-1.6807626870834813,-1.6316095008671312,-0x1.ae4676a55c528p+0,-0x1.a1b129061134dp+0,0.66950237264280854,0.70062112887973926,0x1.56c903d630c6fp-1,0x1.66b7d006d9a44p-1,-2.0131960471485151,2.0616309700712008,-0x1.01b06877783c8p+1,0x1.07e3860c70333p+1,-2.7032997893301021,2.4610649331786534,-0x1.5a05ba3d3a6dep+1,0x1.3b042cfcaad8dp+1,33,16,3,3,-4.1568013448065397e-10,3.4485585214158778e-10,-0x1.c90b8e614a2fep-32,0x1.7b2c4afec6e26p-32,-4.156455623146367e-08,3.4482129465988137e-08,-0x1.65096cfe963d6p-25,0x1.2833012d3f345p-25,0,0.0099999999989999998,0x0p+0,0x1.47ae147a548aep-7,79,79,3,100
flowstar_vdp_stock_reach_v1,stepwise,480,4.7999999999999998,0x1.3333333333333p+2,0.01,0x1.47ae147ae147bp-7,2,-1.6671156654285597,-1.6245809442102843,-0x1.aac8179daa39ap+0,-0x1.9fe4896916855p+0,0.67871897981756002,0.70529205545853701,0x1.5b810ddafb57dp-1,0x1.691c0a50a564dp-1,-1.6740437581541974,-1.6245809442102843,-0x1.ac8e21b9585fcp+0,-0x1.9fe4896916855p+0,0.67408433243973942,0.70529205673999806,0x1.592194e5263b8p-1,0x1.691c0a5ba75b4p-1,-2.0131960471485151,2.0616309700712008,-0x1.01b06877783c8p+1,0x1.07e3860c70333p+1,-2.7032997893301021,2.4610649331786534,-0x1.5a05ba3d3a6dep+1,0x1.3b042cfcaad8dp+1,33,16,3,3,-4.1876358387158156e-10,3.4732443868287884e-10,-0x1.cc6f785311874p-32,0x1.7de32366ed8a5p-32,-4.1872984061366169e-08,3.4729070972431088e-08,-0x1.67afaa6d4d14fp-25,0x1.2a5208e2e4436p-25,0,0.0099999999989999998,0x0p+0,0x1.47ae147a548aep-7,80,80,3,100
flowstar_vdp_stock_reach_v1,stepwise,481,4.8100000000000005,0x1.33d70a3d70a3ep+2,0.01,0x1.47ae147ae147bp-7,2,-1.6603045722429497,-1.6175055457582588,-0x1.a909b86f2ec7fp+0,-0x1.9e14d7ec215edp+0,0.68331358994090152,0.70997741101164291,0x1.5ddb47636ac4p-1,0x1.6b8228c263341p-1,-1.6672790624633811,-1.6175055457582588,-0x1.aad2ccf695f49p+0,-0x1.9e14d7ec215edp+0,0.67866842549831319,0.70997741220706168,0x1.5b7a6d88afa69p-1,0x1.6b8228cca7f5p-1,-2.0131960471485151,2.0616309700712008,-0x1.01b06877783c8p+1,0x1.07e3860c70333p+1,-2.7032997893301021,2.4610649331786534,-0x1.5a05ba3d3a6dep+1,0x1.3b042cfcaad8dp+1,33,16,3,3,-4.2197261193753714e-10,3.4990100514203175e-10,-0x1.cff6bb2a86c8fp-32,0x1.80b86094fd215p-32,-4.2193968354523983e-08,3.4986809066885933e-08,-0x1.6a71848514351p-25,0x1.2c88ce88d92bep-25,0,0.0099999999989999998,0x0p+0,0x1.47ae147a548aep-7,81,81,3,100
flowstar_vdp_stock_reach_v1,stepwise,482,4.8200000000000003,0x1.347ae147ae148p+2,0.01,0x1.47ae147ae147bp-7,2,-1.6534475652186249,-1.610383153655627,-0x1.a74856f243cb5p+0,-0x1.9c421202faf26p+0,0.68791415365628839,0.71467898989402867,0x1.603648b0d18cdp-1,0x1.6dea67917761cp-1,-1.6604685673690476,-1.610383153655627,-0x1.a91477d0e2d3p+0,-0x1.9c421202faf26p+0,0.68325662402428178,0.71467899100598908,0x1.5dd3cfedeb585p-1,0x1.6dea679b049bdp-1,-2.0131960471485151,2.0616309700712008,-0x1.01b06877783c8p+1,0x1.07e3860c70333p+1,-2.7032997893301021,2.4610649331786534,-0x1.5a05ba3d3a6dep+1,0x1.3b042cfcaad8dp+1,33,16,3,3,-4.2530723425644842e-10,3.5258586750739444e-10,-0x1.d3a1580706a4p-32,0x1.83ac194dea6fep-32,-4.2527510662680982e-08,3.5255375342158096e-08,-0x1.6d4efc258cdc4p-25,0x1.2ed763e81eb8bp-25,0,0.0099999999989999998,0x0p+0,0x1.47ae147a548aep-7,82,82,3,100
flowstar_vdp_stock_reach_v1,stepwise,483,4.8300000000000001,0x1.351eb851eb852p+2,0.01,0x1.47ae147ae147bp-7,2,-1.6465445738091973,-1.6032135982205182,-0x1.a583f1f7eab0dp+0,-0x1.9a6c34d4dc0f6p+0,0.69252258075043605,0.71939856532252289,0x1.629251d82118cp-1,0x1.7055023db2f8fp-1,-1.6536122206708987,-1.6032135982205182,-0x1.a75321680c256p+0,-0x1.9a6c34d4dc0f6p+0,0.6878508645014173,0.71939856635349964,0x1.602dfd0f1e2a1p-1,0x1.705502468e1d4p-1,-2.0131960471485151,2.0616309700712008,-0x1.01b06877783c8p+1,0x1.07e3860c70333p+1,-2.7032997893301021,2.4610649331786534,-0x1.5a05ba3d3a6dep+1,0x1.3b042cfcaad8dp+1,33,16,3,3,-4.2876754220465193e-10,3.5537934722327206e-10,-0x1.d76f557e29a4fp-32,0x1.86be64bb4f461p-32,-4.2873620119331784e-08,3.5534801938555036e-08,-0x1.70481672fd843p-25,0x1.313ddb189cf73p-25,0,0.0099999999989999998,0x0p+0,0x1.47ae147a548aep-7,83,83,3,100
flowstar_vdp_stock_reach_v1,stepwise,484,4.8399999999999999,0x1.35c28f5c28f5cp+2,0.01,0x1.47ae147ae147bp-7,2,-1.639595508703684,-1.5959966919692667,-0x1.a3bc88008d01ap+0,-0x1.98933d3c883d6p+0,0.6971407495700187,0.72413788987011851,0x1.64efa1e0396c9p-1,0x1.72c2339592be6p-1,-1.646709951146843,-1.5959966919692667,-0x1.a58ec88a2c672p+0,-0x1.98933d3c883d6p+0,0.69245305002941437,0.72413789082248015,0x1.628934c7c8984p-1,0x1.72c2339dc1025p-1,-2.0131960471485151,2.0616309700712008,-0x1.01b06877783c8p+1,0x1.07e3860c70333p+1,-2.7032997893301021,2.4610649331786534,-0x1.5a05ba3d3a6dep+1,0x1.3b042cfcaad8dp+1,33,15,3,3,-4.3235370859143601e-10,3.5828177982807878e-10,-0x1.db60c003b4965p-32,0x1.89ef5b0ac3004p-32,-4.3232314003058881e-08,3.5825122407590379e-08,-0x1.735cdd27815a9p-25,0x1.33bc46fd9c463p-25,0,0.0099999999989999998,0x0p+0,0x1.47ae147a548aep-7,84,84,3,100
flowstar_vdp_stock_reach_v1,stepwise,485,4.8500000000000005,0x1.3666666666667p+2,0.01,0x1.47ae147ae147bp-7,2,-1.6326002760430522,-1.5887322097514487,-0x1.a1f217790ba4bp+0,-0x1.96b72772fbfa1p+0,0.70176910725531005,0.72890040122228794,0x1.674e47ca02648p-1,0x1.75326ef294feap-1,-1.6397616827886903,-1.5887322097514487,-0x1.a3c76bf0cfb4bp+0,-0x1.96b72772fbfa1p+0,0.69706365061439135,0.72890040209830032,0x1.64e586dd3d055p-1,0x1.75326efa1b5dcp-1,-2.0131960471485151,2.0616309700712008,-0x1.01b06877783c8p+1,0x1.07e3860c70333p+1,-2.7032997893301021,2.4610649331786534,-0x1.5a05ba3d3a6dep+1,0x1.3b042cfcaad8dp+1,33,16,3,3,-4.3609620277860618e-10,3.6131925487505141e-10,-0x1.df7e2b242c6ap-32,0x1.8d46542f9560ap-32,-4.3606639241468171e-08,3.6128945696072841e-08,-0x1.76940387a3e3p-25,0x1.3658644bf8cfdp-25,0,0.0099999999989999998,0x0p+0,0x1.47ae147a548aep-7,85,85,3,100
flowstar_vdp_stock_reach_v1,stepwise,486,4.8600000000000003,0x1.370a3d70a3d71p+2,0.01,0x1.47ae147ae147bp-7,2,-1.6255587385318353,-1.5814199497122892,-0x1.a0249e13b8a3bp+0,-0x1.94d7f01541996p+0,0.70641058997791983,0.73368609078484859,0x1.69aea61b01a78p-1,0x1.77a5b40ae6ebp-1,-1.6327672959323687,-1.5814199497122892,-0x1.a1fd099a02044p+0,-0x1.94d7f01541996p+0,0.70168562346102059,0.73368609158667841,0x1.67435689ad49dp-1,0x1.77a5b411ca291p-1,-2.0131960471485151,2.0616309700712008,-0x1.01b06877783c8p+1,0x1.07e3860c70333p+1,-2.7032997893301021,2.4610649331786534,-0x1.5a05ba3d3a6dep+1,0x1.3b042cfcaad8dp+1,33,16,3,3,-4.3997132052389533e-10,3.6447175299862104e-10,-0x1.e3c0eacd79f0ep-32,0x1.90bdad9da96eap-32,-4.3994225417985109e-08,3.6444269875071989e-08,-0x1.79e853265d516p-25,0x1.390dcc07554fcp-25,0,0.0099999999989999998,0x0p+0,0x1.47ae147a548aep-7,86,86,3,100
flowstar_vdp_stock_reach_v1,stepwise,487,4.8700000000000001,0x1.37ae147ae147bp+2,0.01,0x1.47ae147ae147bp-7,2,-1.6184707488884957,-1.5740596724079636,-0x1.9e541958023b5p+0,-0x1.92f5931ef1d66p+0,0.71106730464196199,0.73849665599851999,0x1.6c110385625a6p-1,0x1.7a1c3bd370218p-1,-1.6257266607263519,-1.5740596724079636,-0x1.a02f9f580e127p+0,-0x1.92f5931ef1d66p+0,0.70632109472571014,0.73849665672823794,0x1.69a2eb24a4c8ap-1,0x1.7a1c3bd9b4cc3p-1,-2.0131960471485151,2.0616309700712008,-0x1.01b06877783c8p+1,0x1.07e3860c70333p+1,-2.7032997893301021,2.4610649331786534,-0x1.5a05ba3d3a6dep+1,0x1.3b042cfcaad8dp+1,33,16,3,3,-4.4397276262705874e-10,3.6773395355488721e-10,-0x1.e8273917e1103p-32,0x1.9453e7f070bep-32,-4.4394442616783593e-08,3.6770562884398752e-08,-0x1.7d5869673d954p-25,0x1.3bdb52a9bd7e8p-25,0,0.0099999999989999998,0x0p+0,0x1.47ae147a548aep-7,87,87,3,100
flowstar_vdp_stock_reach_v1,stepwise,488,4.8799999999999999,0x1.3851eb851eb85p+2,0.01,0x1.47ae147ae147bp-7,2,-1.6113361456641755,-1.5666511208870335,-0x1.9c8086907d86p+0,-0x1.91100c407398ep+0,0.71574092592775274,0.74333388138148326,0x1.6e75983a89732p-1,0x1.7c96422d159d1p-1,-1.618639632967966,-1.5666511208870335,-0x1.9e5f2abf9b5bp+0,-0x1.91100c407398ep+0,0.71097175661001077,0.74333388204106732,0x1.6c047d760a11fp-1,0x1.7c964232c00dep-1,-2.0131960471485151,2.0616309700712008,-0x1.01b06877783c8p+1,0x1.07e3860c70333p+1,-2.7032997893301021,2.4610649331786534,-0x1.5a05ba3d3a6dep+1,0x1.3b042cfcaad8dp+1,33,16,3,3,-4.4811925484237669e-10,3.7112449922322792e-10,-0x1.ecb65b5894292p-32,0x1.980e4280a78dap-32,-4.4809163417099514e-08,3.7109688995810776e-08,-0x1.80e864756086dp-25,0x1.3ec511b1115aap-25,0,0.0099999999989999998,0x0p+0,0x1.47ae147a548aep-7,88,88,3,100
flowstar_vdp_stock_reach_v1,stepwise,489,4.8899999999999997,0x1.38f5c28f5c28fp+2,0.01,0x1.47ae147ae147bp-7,2,-1.6041547490404531,-1.559194022095074,-0x1.9aa9e2b8da11cp+0,-0x1.8f2756e5045dp+0,0.72043326512679484,0.74819938079578374,0x1.70dca1015714ep-1,0x1.7f13fd3ecf88fp-1,-1.6115060499182197,-1.559194022095074,-0x1.9c8ba915b4742p+0,-0x1.8f2756e5045dp+0,0.7156394362430859,0.74819938138712272,0x1.6e684accc8ab3p-1,0x1.7f13fd43e3e73p-1,-2.0131960471485151,2.0616309700712008,-0x1.01b06877783c8p+1,0x1.07e3860c70333p+1,-2.7032997893301021,2.4610649331786534,-0x1.5a05ba3d3a6dep+1,0x1.3b042cfcaad8dp+1,33,16,3,3,-4.5250403615953695e-10,3.7473649448788094e-10,-0x1.f18890235b08p-32,0x1.9c06f230e5a27p-32,-4.5247711723104079e-08,3.7470958662945052e-08,-0x1.84acc534fa2d4p-25,0x1.41df826f17cb6p-25,0,0.0099999999989999998,0x0p+0,0x1.47ae147a548aep-7,89,89,3,100
flowstar_vdp_stock_reach_v1,stepwise,490,4.9000000000000004,0x1.399999999999ap+2,0.01,0x1.47ae147ae147bp-7,2,-1.5969263620588274,-1.5516880861041789,-0x1.98d02a8329b51p+0,-0x1.8d3b6e2f69082p+0,0.72514608639959421,0.75309478453071144,0x1.7346590bd13a4p-1,0x1.8195a3bcb1f5p-1,-1.6043257315478938,-1.5516880861041789,-0x1.9ab5175521259p+0,-0x1.8d3b6e2f69082p+0,0.72032591198487417,0.75309478505560823,0x1.70ce8ed4df71p-1,0x1.8195a3c13437ap-1,-2.0131960471485151,2.0616309700712008,-0x1.01b06877783c8p+1,0x1.07e3860c70333p+1,-2.7032997893301021,2.4610649331786534,-0x1.5a05ba3d3a6dep+1,0x1.3b042cfcaad8dp+1,33,16,3,3,-4.5700789651802329e-10,3.7845054597247175e-10,-0x1.f67c497abb78fp-32,0x1.a01c5bce1c1e5p-32,-4.5698166534907728e-08,3.7842432554336333e-08,-0x1.888b54b8e6671p-25,0x1.451063a4d0ea1p-25,0,0.0099999999989999998,0x0p+0,0x1.47ae147a548aep-7,90,90,3,100
flowstar_vdp_stock_reach_v1,stepwise,491,4.9100000000000001,0x1.3a3d70a3d70a4p+2,0.01,0x1.47ae147ae147bp-7,2,-1.589650770739033,-1.5441330062120471,-0x1.96f35a5862a5bp+0,-0x1.8b4c4cfa5adb3p+0,0.72988110034398113,0.75802174898566665,0x1.75b2f9bfe44c2p-1,0x1.841b6d3b19ae8p-1,-1.5970984806720216,-1.5441330062120471,-0x1.98db722efa456p+0,-0x1.8b4c4cfa5adb3p+0,0.72503290703769174,0.75802174944584144,0x1.73378360805bp-1,0x1.841b6d3f0d9dep-1,-2.0131960471485151,2.0616309700712008,-0x1.01b06877783c8p+1,0x1.07e3860c70333p+1,-2.7032997893301021,2.4610649331786534,-0x1.5a05ba3d3a6dep+1,0x1.3b042cfcaad8dp+1,33,16,3,3,-4.6163194548075956e-10,3.8226753283829436e-10,-0x1.fb91d752883f1p-32,0x1.a44ebeb1f4d53p-32,-4.6160638816261434e-08,3.8224198593578801e-08,-0x1.8c845178b5091p-25,0x1.4857e6d15ccb2p-25,0,0.0099999999989999998,0x0p+0,0x1.47ae147a548aep-7,91,91,3,100
flowstar_vdp_stock_reach_v1,stepwise,492,4.9199999999999999,0x1.3ae147ae147aep+2,0.01,0x1.47ae147ae147bp-7,2,-1.5823277441213113,-1.5365284591120945,-0x1.95136e588df2fp+0,-0x1.8959edd9427cfp+0,0.73464000110456951,0.76298192280372745,0x1.7822bbf627b2p-1,0x1.86a5910bc32d7p-1,-1.5898240830079007,-1.5365284591120945,-0x1.96feb60ae980ep+0,-0x1.8959edd9427cfp+0,0.72976212659699047,0.76298192320082114,0x1.75a361a72fdd6p-1,0x1.86a5910f2c655p-1,-2.0131960471485151,2.0616309700712008,-0x1.01b06877783c8p+1,0x1.07e3860c70333p+1,-2.7032997893301021,2.4610649331786534,-0x1.5a05ba3d3a6dep+1,0x1.3b042cfcaad8dp+1,33,16,3,3,-4.6637737070025137e-10,3.8618836629706681e-10,-0x1.0064c79f89de9p-31,0x1.a89e5c8553742p-32,-4.6635247340933074e-08,3.8616347910370022e-08,-0x1.9097fe5180ac3p-25,0x1.4bb63f41e7d95p-25,0,0.0099999999989999998,0x0p+0,0x1.47ae147a548aep-7,92,92,3,100
flowstar_vdp_stock_reach_v1,stepwise,493,4.9299999999999997,0x1.3b851eb851eb8p+2,0.01,0x1.47ae147ae147bp-7,2,-1.5749570344243986,-1.5288741050021291,-0x1.9330625b753b7p+0,-0x1.87644b18af775p+0,0.73942446722295496,0.76797694886886547,0x1.7a95d8012b6cfp-1,0x1.8934464ef2812p-1,-1.5825023073484201,-1.5288741050021291,-0x1.951edf07e7effp+0,-0x1.87644b18af775p+0,0.73451525874095036,0.76797694920444293,0x1.7812624d6924fp-1,0x1.89344651d4727p-1,-2.0131960471485151,2.0616309700712008,-0x1.01b06877783c8p+1,0x1.07e3860c70333p+1,-2.7032997893301021,2.4610649331786534,-0x1.5a05ba3d3a6dep+1,0x1.3b042cfcaad8dp+1,33,16,3,3,-4.7124544173269932e-10,3.9021399488641285e-10,-0x1.0311e65dc5cccp-31,0x1.ad0b79a1a6436p-32,-4.7122119074049716e-08,3.9018975367985955e-08,-0x1.94c6a2bce3b99p-25,0x1.4f2ba25daf3a5p-25,0,0.0099999999989999998,0x0p+0,0x1.47ae147a548aep-7,93,93,3,100
flowstar_vdp_stock_reach_v1,stepwise,494,4.9400000000000004,0x1.3c28f5c28f5c3p+2,0.01,0x1.47ae147ae147bp-7,2,-1.5675383771805445,-1.5211695876421445,-0x1.914a31f137214p+0,-0x1.856b5ebe97c2dp+0,0.74423616488363353,0.77300846444800786,0x1.7d0c85c959f16p-1,0x1.8bc7c3f4abb5fp-1,-1.5751329057120298,-1.5211695876421445,-0x1.933be8fce2f98p+0,-0x1.856b5ebe97c2dp+0,0.73929397771396765,0.77300846472356111,0x1.7a84bd80d28e9p-1,0x1.8bc7c3f709a8ap-1,-2.0131960471485151,2.0616309700712008,-0x1.01b06877783c8p+1,0x1.07e3860c70333p+1,-2.7032997893301021,2.4610649331786534,-0x1.5a05ba3d3a6dep+1,0x1.3b042cfcaad8dp+1,33,16,3,3,-4.7623750837285165e-10,3.9434540320059678e-10,-0x1.05d07885a0a74p-31,0x1.b1965cf97c36ep-32,-4.7621389005508204e-08,3.9432179436279036e-08,-0x1.99108ab8f659fp-25,0x1.52b84793b3439p-25,0,0.0099999999989999998,0x0p+0,0x1.47ae147a548aep-7,94,94,3,100
flowstar_vdp_stock_reach_v1,stepwise,495,4.9500000000000002,0x1.3cccccccccccdp+2,0.01,0x1.47ae147ae147bp-7,2,-1.5600714948121914,-1.513414530951497,-0x1.8f60d871a3e3ep+0,-0x1.836f227bba55p+0,0.74907640161434486,0.7780784497702794,0x1.7f86f12e47277p-1,0x1.8e604c6ef8b17p-1,-1.567715616934009,-1.513414530951497,-0x1.9155cf8828f7ep+0,-0x1.836f227bba55p+0,0.74409959766281775,0.77807844998723075,0x1.7cfa9f59db6c4p-1,0x1.8e604c70d5c63p-1,-2.0131960471485151,2.0616309700712008,-0x1.01b06877783c8p+1,0x1.07e3860c70333p+1,-2.7032997893301021,2.4610649331786534,-0x1.5a05ba3d3a6dep+1,0x1.3b042cfcaad8dp+1,33,15,3,3,-4.8136235281943685e-10,3.9858995332275045e-10,-0x1.08a1ba8096e4p-31,0x1.b641190b4beeep-32,-4.8133935364952055e-08,3.9856696333345111e-08,-0x1.9d77a4abf37efp-25,0x1.565dcd58298cep-25,0,0.0099999999989999998,0x0p+0,0x1.47ae147a548aep-7,95,95,3,100
flowstar_vdp_stock_reach_v1,stepwise,496,4.96,0x1.3d70a3d70a3d7p+2,0.01,0x1.47ae147ae147bp-7,2,-1.5525561115203323,-1.5056085309882348,-0x1.8d74513c2f4c3p+0,-0x1.816f8f892c4e6p+0,0.75394465671641575,0.78319036925441665,0x1.820508b72e915p-1,0x1.90fe53fcfad2p-1,-1.5602501815690581,-1.5056085309882348,-0x1.8f6c8e4f6acb7p+0,-0x1.816f8f892c4e6p+0,0.74893160310114959,0.78319036941412212,0x1.7f73f68c8544bp-1,0x1.90fe53fe5a043p-1,-2.0131960471485151,2.0616309700712008,-0x1.01b06877783c8p+1,0x1.07e3860c70333p+1,-2.7032997893301021,2.4610649331786534,-0x1.5a05ba3d3a6dep+1,0x1.3b042cfcaad8dp+1,33,16,3,3,-4.8666839631568993e-10,4.0298921607534419e-10,-0x1.0b8c7cddcc915p-31,0x1.bb176155681e6p-32,-4.8664600279554242e-08,4.0296683144326925e-08,-0x1.a2069675ec9f7p-25,0x1.5a2557e62d875p-25,0,0.0099999999989999998,0x0p+0,0x1.47ae147a548aep-7,96,96,3,100
flowstar_vdp_stock_reach_v1,stepwise,497,4.9699999999999998,0x1.3e147ae147ae1p+2,0.01,0x1.47ae147ae147bp-7,2,-1.5449918880799058,-1.4977511976727838,-0x1.8b84969fe373fp+0,-0x1.7f6c9f5b8ca7fp+0,0.75884510364511204,0.78834398420990659,0x1.8487586dc55e8p-1,0x1.93a1d29c5c1a7p-1,-1.5527362767005983,-1.4977511976727838,-0x1.8d801fe7bdebap+0,-0x1.7f6c9f5b8ca7fp+0,0.75379417132239457,0.78834398431365904,0x1.81f14f437d7e8p-1,0x1.93a1d29d4041ep-1,-2.0131960471485151,2.0616309700712008,-0x1.01b06877783c8p+1,0x1.07e3860c70333p+1,-2.7032997893301021,2.4610649331786534,-0x1.5a05ba3d3a6dep+1,0x1.3b042cfcaad8dp+1,33,16,3,3,-4.9210224695296129e-10,4.0749692046610223e-10,-0x1.0e893bf7d1c0bp-31,0x1.c00c2faaa9b8p-32,-4.9208044582694916e-08,4.074751279418621e-08,-0x1.a6b1a267e1536p-25,0x1.5e04ba6df51ep-25,0,0.0099999999989999998,0x0p+0,0x1.47ae147a548aep-7,97,97,3,100
flowstar_vdp_stock_reach_v1,stepwise,498,4.9800000000000004,0x1.3eb851eb851ecp+2,0.01,0x1.47ae147ae147bp-7,2,-1.537378494297909,-1.4898421126274901,-0x1.8991a312954f5p+0,-0x1.7d664aedf0495p+0,0.76377937276465568,0.79354058675649564,0x1.870e1706c465dp-1,0x1.964af3a855e9dp-1,-1.54517358841247,-1.4898421126274901,-0x1.8b907f0cdfe0cp+0,-0x1.7d664aedf0495p+0,0.75868893518582503,0.79354058680552797,0x1.8472e048eb9dp-1,0x1.964af3a8c1bc9p-1,-2.0131960471485151,2.0616309700712008,-0x1.01b06877783c8p+1,0x1.07e3860c70333p+1,-2.7032997893301021,2.4610649331786534,-0x1.5a05ba3d3a6dep+1,0x1.3b042cfcaad8dp+1,33,16,3,3,-4.9766560458457456e-10,4.1211422230053034e-10,-0x1.1198350d07a06p-31,0x1.c51fd753e9ea2p-32,-4.9764438273110807e-08,4.1209300876880832e-08,-0x1.ab79283537fbbp-25,0x1.61fc360258a17p-25,0,0.0099999999989999998,0x0p+0,0x1.47ae147a548aep-7,98,98,3,100
flowstar_vdp_stock_reach_v1,stepwise,499,4.9900000000000002,0x1.3f5c28f5c28f6p+2,0.01,0x1.47ae147ae147bp-7,2,-1.5297155838346532,-1.4818808379243817,-0x1.879b70c4c05a9p+0,-0x1.7b5c8ae7744ccp+0,0.7687490836247185,0.79878181235803269,0x1.89997ad9ff0b9p-1,0x1.98f9ee016f49bp-1,-1.5375617866234674,-1.4818808379243817,-0x1.899da635208b2p+0,-0x1.7b5c8ae7744ccp+0,0.76361751541813772,0.79878181235803269,0x1.86f8dffebf52ap-1,0x1.98f9ee016f49bp-1,-2.0131960471485151,2.0616309700712008,-0x1.01b06877783c8p+1,0x1.07e3860c70333p+1,-2.7032997893301021,2.4610649331786534,-0x1.5a05ba3d3a6dep+1,0x1.3b042cfcaad8dp+1,33,16,3,3,-5.0336022937296101e-10,4.1684229957140065e-10,-0x1.14b9a78810395p-31,0x1.ca52ad334a4a5p-32,-5.0333957381020383e-08,4.1682165205661193e-08,-0x1.b05d8af6915fbp-25,0x1.660c0cf605d38p-25,0,0.0099999999989999998,0x0p+0,0x1.47ae147a548aep-7,99,99,3,100
flowstar_vdp_stock_reach_v1,stepwise,500,5,0x1.4p+2,0.01,0x1.47ae147ae147bp-7,2,-1.5220027941644936,-1.4738669191085352,-0x1.85a1f9a15b6c3p+0,-0x1.794f57a83a394p+0,0.77375585222732257,0.80406929842368502,0x1.8c29ba20cf56dp-1,0x1.9baef898e5108p-1,-1.5299005250610653,-1.4738669191085352,-0x1.87a78f91453fcp+0,-0x1.794f57a83a394p+0,0.76858152787421774,0.80406929842368502,0x1.8983849d0f17bp-1,0x1.9baef898e5108p-1,-2.0131960471485151,2.0616309700712008,-0x1.01b06877783c8p+1,0x1.07e3860c70333p+1,-2.7032997893301021,2.4610649331786534,-0x1.5a05ba3d3a6dep+1,0x1.3b042cfcaad8dp+1,33,16,3,3,-5.0918795074973649e-10,4.2168235973286719e-10,-0x1.17edd55272d15p-31,0x1.cfa5084a63df6p-32,-5.0916784863802396e-08,4.2166226540157425e-08,-0x1.b55f31aadd61dp-25,0x1.6a34834448afdp-25,0,0.0099999999989999998,0x0p+0,0x1.47ae147a548aep-7,0,0,3,100
flowstar_vdp_stock_reach_v1,stepwise,501,5.0099999999999998,0x1.40a3d70a3d70ap+2,0.01,0x1.47ae147ae147bp-7,2,-1.5142397466504602,-1.4657998845311935,-0x1.83a5374e2ac3fp+0,-0x1.773ea9468ac3fp+0,0.77880136504592745,0.8094046543865866,0x1.8ebf0d71e7a31p-1,0x1.9e6a496fa4221p-1,-1.5221894413487636,-1.4657998845311935,-0x1.85ae350ce8d1bp+0,-0x1.773ea9468ac3fp+0,0.77358265771444645,0.8094046543865866,0x1.8c1306af45ca6p-1,0x1.9e6a496fa4221p-1,-2.0131960471485151,2.0616309700712008,-0x1.01b06877783c8p+1,0x1.07e3860c70333p+1,-2.7032997893301021,2.4610649331786534,-0x1.5a05ba3d3a6dep+1,0x1.3b042cfcaad8dp+1,33,16,3,3,-5.1514913975781829e-10,4.2663431805065336e-10,-0x1.1b34cbca73b9dp-31,0x1.d516e27e245a8p-32,-5.1512957841537102e-08,4.2661476422727251e-08,-0x1.ba7e3137ad3fcp-25,0x1.6e75942a41499p-25,0,0.0099999999989999998,0x0p+0,0x1.47ae147a548aep-7,1,1,3,100
flowstar_vdp_stock_reach_v1,stepwise,502,5.0200000000000005,0x1.4147ae147ae15p+2,0.01,0x1.47ae147ae147bp-7,2,-1.5064260458013796,-1.457679249051945,-0x1.81a523288f3cfp+0,-0x1.752a779ebc66cp+0,0.78388708659517159,0.81478959018210928,0x1.9159a5f15dafdp-1,0x1.a12c19e5e8245p-1,-1.5144281562756639,-1.457679249051945,-0x1.83b1904b58763p+0,-0x1.752a779ebc66cp+0,0.7786223668587765,0.81478959018210928,0x1.8ea797432f63fp-1,0x1.a12c19e5e8245p-1,-2.0131960471485151,2.0616309700712008,-0x1.01b06877783c8p+1,0x1.07e3860c70333p+1,-2.7032997893301021,2.4610649331786534,-0x1.5a05ba3d3a6dep+1,0x1.3b042cfcaad8dp+1,33,16,3,3,-5.2124881662245183e-10,4.3170208320979964e-10,-0x1.1e8f3fcf7aaa9p-31,0x1.daa955750ef5ep-32,-5.2122978351756335e-08,4.3168305736884566e-08,-0x1.bfbba43c3cb47p-25,0x1.72d01bb42fea3p-25,0,0.0099999999989999998,0x0p+0,0x1.47ae147a548aep-7,2,2,3,100
flowstar_vdp_stock_reach_v1,stepwise,503,5.0300000000000002,0x1.41eb851eb851fp+2,0.01,0x1.47ae147ae147bp-7,2,-1.498561297741517,-1.4495044914485349,-0x1.7fa1b694d9e3fp+0,-0x1.7312b9f22d33ap+0,0.78901306323319853,0.82022736558765508,0x1.93f9852d681fdp-1,0x1.a3f4d75cf767ep-1,-1.5066162922783135,-1.4495044914485349,-0x1.81b19af6f4c53p+0,-0x1.7312b9f22d33ap+0,0.78370069786270269,0.82022736558765508,0x1.914137c6586a3p-1,0x1.a3f4d75cf767ep-1,-2.0131960471485151,2.0616309700712008,-0x1.01b06877783c8p+1,0x1.07e3860c70333p+1,-2.7032997893301021,2.4610649331786534,-0x1.5a05ba3d3a6dep+1,0x1.3b042cfcaad8dp+1,33,15,3,3,-5.2752234123301634e-10,4.3691588994733126e-10,-0x1.22022b5af1dc3p-31,0x1.e064e3d398709p-32,-5.2750382393861237e-08,4.3689737966816656e-08,-0x1.c51f514fc3bebp-25,0x1.774abff41298cp-25,0,0.0099999999989999998,0x0p+0,0x1.47ae147a548aep-7,3,3,3,100
flowstar_vdp_stock_reach_v1,stepwise,504,5.04,0x1.428f5c28f5c29p+2,0.01,0x1.47ae147ae147bp-7,2,-1.4906451024972156,-1.4412750643996581,-0x1.7d9aeadd2b093p+0,-0x1.70f767122307p+0,0.79417903776420828,0.8257215095311019,0x1.969ea284bb677p-1,0x1.a6c4f83e14654p-1,-1.4987534657393047,-1.4412750643996581,-0x1.7fae4ea01df1cp+0,-0x1.70f767122307p+0,0.78881738854337047,0.8257215095311019,0x1.93dfdf6c9eab6p-1,0x1.a6c4f83e14654p-1,-2.0131960471485151,2.0616309700712008,-0x1.01b06877783c8p+1,0x1.07e3860c70333p+1,-2.7032997893301021,2.4610649331786534,-0x1.5a05ba3d3a6dep+1,0x1.3b042cfcaad8dp+1,33,16,3,3,-5.3401345719866849e-10,4.4231331250532846e-10,-0x1.2593b6746e2bp-31,0x1.e654211c2e35dp-32,-5.339954433882856e-08,4.4229530546810214e-08,-0x1.cab2d6ff8e27p-25,0x1.7bedc42942a76p-25,0,0.0099999999989999998,0x0p+0,0x1.47ae147a548aep-7,4,4,3,100
flowstar_vdp_stock_reach_v1,stepwise,505,5.0499999999999998,0x1.4333333333333p+2,0.01,0x1.47ae147ae147bp-7,2,-1.4826769812931528,-1.4329904665482072,-0x1.7b90b7f92fa3fp+0,-0x1.6ed876954de8bp+0,0.79938935315747384,0.83127096154312652,0x1.99498fb129f4ap-1,0x1.a99c58f3e2685p-1,-1.4908392142952631,-1.4329904665482072,-0x1.7da7a384fe13ep+0,-0x1.6ed876954de8bp+0,0.79397677572117498,0.83127096154312652,0x1.96841fbb030efp-1,0x1.a99c58f3e2685p-1,-2.0131960471485151,2.0616309700712008,-0x1.01b06877783c8p+1,0x1.07e3860c70333p+1,-2.7032997893301021,2.4610649331786534,-0x1.5a05ba3d3a6dep+1,0x1.3b042cfcaad8dp+1,33,16,3,3,-5.4066428168739687e-10,4.4784360965012548e-10,-0x1.293bbba90aad8p-31,0x1.ec68c504431cp-32,-5.4064675930521101e-08,4.4782609380518754e-08,-0x1.d0697acbfcbc3p-25,0x1.80adffdd66ab1p-25,0,0.0099999999989999998,0x0p+0,0x1.47ae147a548aep-7,5,5,3,100
flowstar_vdp_stock_reach_v1,stepwise,506,5.0600000000000005,0x1.43d70a3d70a3ep+2,0.01,0x1.47ae147ae147bp-7,2,-1.4746564668485582,-1.4246501522745534,-0x1.79831611f3103p+0,-0x1.6cb5df5442b87p+0,0.80464644013124142,0.83687658700274303,0x1.9bfa9e4269baep-1,0x1.ac7b1687ee04cp-1,-1.4828730871445734,-1.4246501522745534,-0x1.7b9d9215678d6p+0,-0x1.6cb5df5442b87p+0,0.79918128282534584,0.83687658700274303,0x1.992e4a029ed0dp-1,0x1.ac7b1687ee04cp-1,-2.0131960471485151,2.0616309700712008,-0x1.01b06877783c8p+1,0x1.07e3860c70333p+1,-2.7032997893301021,2.4610649331786534,-0x1.5a05ba3d3a6dep+1,0x1.3b042cfcaad8dp+1,33,16,3,3,-5.4745969853933655e-10,4.5349306974559381e-10,-0x1.2cf81a5ad00aap-31,0x1.f29ef384cc423p-32,-5.4744265572733198e-08,4.5347603324083646e-08,-0x1.d63fe9c116cbcp-25,0x1.85886f2dd6f17p-25,0,0.0099999999989999998,0x0p+0,0x1.47ae147a548aep-7,6,6,3,100
flowstar_vdp_stock_reach_v1,stepwise,507,5.0700000000000003,0x1.447ae147ae148p+2,0.01,0x1.47ae147ae147bp-7,2,-1.466583083770933,-1.4162535509781169,-0x1.7771fd2da9b97p+0,-0x1.6a8f97bc4b7d5p+0,0.80995191527227606,0.84254008047869988,0x1.9eb20476da9e4p-1,0x1.af6169d673509p-1,-1.4748546254523947,-1.4162535509781169,-0x1.7990129eac201p+0,-0x1.6a8f97bc4b7d5p+0,0.80443251803436233,0.84254008047869988,0x1.9bde943997d1p-1,0x1.af6169d673509p-1,-2.0131960471485151,2.0616309700712008,-0x1.01b06877783c8p+1,0x1.07e3860c70333p+1,-2.7032997893301021,2.4610649331786534,-0x1.5a05ba3d3a6dep+1,0x1.3b042cfcaad8dp+1,33,16,3,3,-5.5440206168604508e-10,4.5926311727106971e-10,-0x1.30c92758ee012p-31,0x1.f8f71342cb218p-32,-5.5438548675778588e-08,4.5924654842593487e-08,-0x1.dc36a8650ff45p-25,0x1.8a7d624df5894p-25,0,0.0099999999989999998,0x0p+0,0x1.47ae147a548aep-7,7,7,3,100
flowstar_vdp_stock_reach_v1,stepwise,508,5.0800000000000001,0x1.451eb851eb852p+2,0.01,0x1.47ae147ae147bp-7,2,-1.4584563404347481,-1.4078000750981325,-0x1.755d650ccfa35p+0,-0x1.686595f1da52ap+0,0.81530740094944598,0.84826314804985825,0x1.a16ff8be877d9p-1,0x1.b24f8c1e8d633p-1,-1.4667833542404516,-1.4078000750981325,-0x1.777f1d28c7a9p+0,-0x1.686595f1da52ap+0,0.80973209420967107,0.84826314804985825,0x1.9e95347e4de3cp-1,0x1.b24f8c1e8d633p-1,-2.0131960471485151,2.0616309700712008,-0x1.01b06877783c8p+1,0x1.07e3860c70333p+1,-2.7032997893301021,2.4610649331786534,-0x1.5a05ba3d3a6dep+1,0x1.3b042cfcaad8dp+1,33,16,3,3,-5.614937752609134e-10,4.6515518368543374e-10,-0x1.34af39419c0a1p-31,0x1.ff718b64012a6p-32,-5.6147765670385241e-08,4.6513907099316031e-08,-0x1.e24e3e11a06c5p-25,0x1.8f8d29d5c2c4fp-25,0,0.0099999999989999998,0x0p+0,0x1.47ae147a548aep-7,8,8,3,100
flowstar_vdp_stock_reach_v1,stepwise,509,5.0899999999999999,0x1.45c28f5c28f5cp+2,0.01,0x1.47ae147ae147bp-7,2,-1.4502757289044697,-1.3992891200003947,-0x1.73454529d3c74p+0,-0x1.6637cfd00ce17p+0,0.82071452666280154,0.85404750848430011,0x1.a434b1c6bcda4p-1,0x1.b545b70c57385p-1,-1.4586587823209527,-1.3992891200003947,-0x1.756aa9761778p+0,-0x1.6637cfd00ce17p+0,0.81508163026424763,0.85404750848430011,0x1.a15261231c514p-1,0x1.b545b70c57385p-1,-2.0131960471485151,2.0616309700712008,-0x1.01b06877783c8p+1,0x1.07e3860c70333p+1,-2.7032997893301021,2.4610649331786534,-0x1.5a05ba3d3a6dep+1,0x1.3b042cfcaad8dp+1,33,16,3,3,-5.687372835099658e-10,4.7117069711539492e-10,-0x1.38aaa8250ae59p-31,0x1.030761685c088p-31,-5.6872160998738235e-08,4.7115502924506283e-08,-0x1.e88734629d0f6p-25,0x1.94b8162d40f67p-25,0,0.0099999999989999998,0x0p+0,0x1.47ae147a548aep-7,9,9,3,100
flowstar_vdp_stock_reach_v1,stepwise,510,5.1000000000000005,0x1.4666666666667p+2,0.01,0x1.47ae147ae147bp-7,2,-1.4420407248680704,-1.3907200638382735,-0x1.712994b8cef9ap+0,-0x1.64063ae813901p+0,0.82617492883474308,0.85989489534133212,0x1.a70066783d9e6p-1,0x1.b84424cafa0aep-1,-1.4504804022408022,-1.3907200638382735,-0x1.7352af031cf8cp+0,-0x1.64063ae813901p+0,0.82048275097267953,0.85989489534133212,0x1.a41650acb833ep-1,0x1.b84424cafa0aep-1,-2.0131960471485151,2.0616309700712008,-0x1.01b06877783c8p+1,0x1.07e3860c70333p+1,-2.7032997893301021,2.4610649331786534,-0x1.5a05ba3d3a6dep+1,0x1.3b042cfcaad8dp+1,33,16,3,3,-5.7613508004990964e-10,4.7731108879195832e-10,-0x1.3cbbcddac88e8p-31,0x1.066790553e94ap-31,-5.7611984040265228e-08,4.7729585459004422e-08,-0x1.eee217bb62d2ep-25,0x1.99fe77e93501cp-25,0,0.0099999999989999998,0x0p+0,0x1.47ae147a548aep-7,10,10,3,100
flowstar_vdp_stock_reach_v1,stepwise,511,5.1100000000000003,0x1.470a3d70a3d71p+2,0.01,0x1.47ae147ae147bp-7,2,-1.4337507874457454,-1.3820922675125245,-0x1.6f0a4aa6b197ep+0,-0x1.61d0cc8105519p+0,0.83169025473138569,0.86580705543125891,0x1.a9d34e18f248bp-1,0x1.bb4b0ff772568p-1,-1.4422476901008321,-1.3820922675125245,-0x1.71372505b6f12p+0,-0x1.61d0cc8105519p+0,0.82593709091096734,0.86580705543125891,0x1.a6e139f4082fp-1,0x1.bb4b0ff772568p-1,-2.0131960471485151,2.0616309700712008,-0x1.01b06877783c8p+1,0x1.07e3860c70333p+1,-2.7032997893301021,2.4610649331786534,-0x1.5a05ba3d3a6dep+1,0x1.3b042cfcaad8dp+1,33,16,3,3,-5.8368968742628485e-10,4.8357777305062648e-10,-0x1.40e3054535461p-31,0x1.09d9856d9982ep-31,-5.8367487067407811e-08,4.8356296154244642e-08,-0x1.f55f76203c0c4p-25,0x1.9f609eaaebb67p-25,0,0.0099999999989999998,0x0p+0,0x1.47ae147a548aep-7,11,11,3,100
flowstar_vdp_stock_reach_v1,stepwise,512,5.1200000000000001,0x1.47ae147ae147bp+2,0.01,0x1.47ae147ae147bp-7,2,-1.4254053593857823,-1.3734050742859272,-0x1.6ce75d9a1ae55p+0,-0x1.5f97799637f02p+0,0.83726216137400156,0.87178575161887917,0x1.acada0428f293p-1,0x1.be5ab3b8a4cb8p-1,-1.4339601057620042,-1.3734050742859272,-0x1.6f18026e0439fp+0,-0x1.5f97799637f02p+0,0.83144629338601062,0.87178575161887917,0x1.a9b3541cf2593p-1,0x1.be5ab3b8a4cb8p-1,-2.0131960471485151,2.0616309700712008,-0x1.01b06877783c8p+1,0x1.07e3860c70333p+1,-2.7032997893301021,2.4610649331786534,-0x1.5a05ba3d3a6dep+1,0x1.3b042cfcaad8dp+1,33,16,3,3,-5.9140366935719273e-10,4.8997215665757782e-10,-0x1.4520aac27143bp-31,0x1.0d5d73608d8cep-31,-5.9138926469979077e-08,4.8995775704842064e-08,-0x1.fbffdfe6d3435p-25,0x1.a4ded9a6a0321p-25,0,0.0099999999989999998,0x0p+0,0x1.47ae147a548aep-7,12,12,3,100
flowstar_vdp_stock_reach_v1,stepwise,513,5.1299999999999999,0x1.4851eb851eb85p+2,0.01,0x1.47ae147ae147bp-7,2,-1.4170038666932026,-1.3646578097208795,-0x1.6ac0c3f1c0babp+0,-0x1.5d5a36d6fb6f6p+0,0.84289231605300863,0.87783276471320759,0x1.af8f94e6fea7p-1,0x1.c1734bcf99d9cp-1,-1.4256170924842055,-1.3646578097208795,-0x1.6cf53de4d698ep+0,-0x1.5d5a36d6fb6f6p+0,0.83701201096734301,0.87783276471320759,0x1.ac8cd69aed887p-1,0x1.c1734bcf99d9cp-1,-2.0131960471485151,2.0616309700712008,-0x1.01b06877783c8p+1,0x1.07e3860c70333p+1,-2.7032997893301021,2.4610649331786534,-0x1.5a05ba3d3a6dep+1,0x1.3b042cfcaad8dp+1,33,16,3,3,-5.9927961196040527e-10,4.9649561966411703e-10,-0x1.49751b7f3678fp-31,0x1.10f38be6d4b5fp-31,-5.9926560877848426e-08,4.9648162134006516e-08,-0x1.0161f353d33ecp-24,0x1.aa79768f901c8p-25,0,0.0099999999989999998,0x0p+0,0x1.47ae147a548aep-7,13,13,3,100
flowstar_vdp_stock_reach_v1,stepwise,514,5.1399999999999997,0x1.48f5c28f5c28fp+2,0.01,0x1.47ae147ae147bp-7,2,-1.4085457185806767,-1.3558497815922805,-0x1.689673c4398e3p+0,-0x1.5b18f8a63a433p+0,0.84858239946035507,0.8839498920369282,0x1.b279646b49701p-1,0x1.c495148b33e28p-1,-1.4172180768871396,-1.3558497815922805,-0x1.6acecdcb87c05p+0,-0x1.5b18f8a63a433p+0,0.84263590863705795,0.8839498920369282,0x1.af6df94c1014bp-1,0x1.c495148b33e28p-1,-2.0131960471485151,2.0616309700712008,-0x1.01b06877783c8p+1,0x1.07e3860c70333p+1,-2.7032997893301021,2.4610649331786534,-0x1.5a05ba3d3a6dep+1,0x1.3b042cfcaad8dp+1,33,16,3,3,-6.0732012947800839e-10,5.0314951854325367e-10,-0x1.4de0b5aba58p-31,0x1.149bffdfb0548p-31,-6.0730651733377703e-08,5.0313591107184438e-08,-0x1.04d60ec843343p-24,0x1.b030c1c52f001p-25,0,0.0099999999989999998,0x0p+0,0x1.47ae147a548aep-7,14,14,3,100
flowstar_vdp_stock_reach_v1,stepwise,515,5.1500000000000004,0x1.499999999999ap+2,0.01,0x1.47ae147ae147bp-7,2,-1.4000303072483145,-1.3469802796472337,-0x1.666862df0a53ep+0,-0x1.58d3b319711ap+0,0.8543341066884893,0.89013894858482112,0x1.b56b47b02b3b4p-1,0x1.c7c04ad222a0bp-1,-1.4087624687399205,-1.3469802796472337,-0x1.68a4a83b11f76p+0,-0x1.58d3b319711ap+0,0.84831966480621335,0.89013894858482112,0x1.b256f481caf0dp-1,0x1.c7c04ad222a0bp-1,-2.0131960471485151,2.0616309700712008,-0x1.01b06877783c8p+1,0x1.07e3860c70333p+1,-2.7032997893301021,2.4610649331786534,-0x1.5a05ba3d3a6dep+1,0x1.3b042cfcaad8dp+1,33,16,3,3,-6.1552785079576045e-10,5.0993517177602232e-10,-0x1.5263d7feef57fp-31,0x1.1856fecbf7bb4p-31,-6.155146194334259e-08,5.0992194490669696e-08,-0x1.085c8c5127839p-24,0x1.b60505836c698p-25,0,0.0099999999989999998,0x0p+0,0x1.47ae147a548aep-7,15,15,3,100
flowstar_vdp_stock_reach_v1,stepwise,516,5.1600000000000001,0x1.4a3d70a3d70a4p+2,0.01,0x1.47ae147ae147bp-7,2,-1.391457008037124,-1.3380485754141387,-0x1.643686c74f389p+0,-0x1.568a59f7dcf52p+0,0.86014914628025307,0.89640176978656039,0x1.b8657809e979cp-1,0x1.caf52c3a9e9ddp-1,-1.4002496611241593,-1.3380485754141387,-0x1.6676c304c36abp+0,-0x1.568a59f7dcf52p+0,0.85406497038215579,0.89640176978656039,0x1.b54800f8e6b0dp-1,0x1.caf52c3a9e9ddp-1,-2.0131960471485151,2.0616309700712008,-0x1.01b06877783c8p+1,0x1.07e3860c70333p+1,-2.7032997893301021,2.4610649331786534,-0x1.5a05ba3d3a6dep+1,0x1.3b042cfcaad8dp+1,33,16,3,3,-6.2390542369535126e-10,5.1685386118938631e-10,-0x1.56fee1de8dc18p-31,0x1.1c24b6da6f425p-31,-6.2389256304131196e-08,5.1684100485368077e-08,-0x1.0bf5b6771760ep-24,0x1.bbf689f5faf1fp-25,0,0.0099999999989999998,0x0p+0,0x1.47ae147a548aep-7,16,16,3,100
flowstar_vdp_stock_reach_v1,stepwise,517,5.1699999999999999,0x1.4ae147ae147aep+2,0.01,0x1.47ae147ae147bp-7,2,-1.3828251790024442,-1.3290539219980875,-0x1.6200d4b7e69dbp+0,-0x1.543ce0b99a31bp+0,0.86602924205270615,0.9027402118011586,0x1.bb682f4ffdf91p-1,0x1.ce33f70cf0af9p-1,-1.3916790300168509,-1.3290539219980875,-0x1.644513b0738d7p+0,-0x1.543ce0b99a31bp+0,0.85987353060987637,0.9027402118011586,0x1.b84157e954b9p-1,0x1.ce33f70cf0af9p-1,-2.0131960471485151,2.0616309700712008,-0x1.01b06877783c8p+1,0x1.07e3860c70333p+1,-2.7032997893301021,2.4610649331786534,-0x1.5a05ba3d3a6dep+1,0x1.3b042cfcaad8dp+1,33,16,3,3,-6.3245550327986741e-10,5.2390681887012878e-10,-0x1.5bb232f381a64p-31,0x1.2005546f1593cp-31,-6.3244300344278444e-08,5.2389432318172752e-08,-0x1.0fa1d7f76bb9bp-24,0x1.c205947bb8859p-25,0,0.0099999999989999998,0x0p+0,0x1.47ae147a548aep-7,17,17,3,100
flowstar_vdp_stock_reach_v1,stepwise,518,5.1799999999999997,0x1.4b851eb851eb8p+2,0.01,0x1.47ae147ae147bp-7,2,-1.3741341608449777,-1.3199955538747457,-0x1.5fc741a12544fp+0,-0x1.51eb3a86c1e78p+0,0.87197613429046716,0.90915615186443255,0x1.be73a7e757123p-1,0x1.d17cea466e0d9p-1,-1.3830499342306828,-1.3199955538747457,-0x1.620f8f7c4177cp+0,-0x1.51eb3a86c1e78p+0,0.8657470662830935,0.90915615186443255,0x1.bb4333109671p-1,0x1.d17cea466e0d9p-1,-2.0131960471485151,2.0616309700712008,-0x1.01b06877783c8p+1,0x1.07e3860c70333p+1,-2.7032997893301021,2.4610649331786534,-0x1.5a05ba3d3a6dep+1,0x1.3b042cfcaad8dp+1,33,16,3,3,-6.411807439488571e-10,5.3109521754202409e-10,-0x1.607e2ae04ec0ep-31,0x1.23f901ca6268ap-31,-6.4116859521949149e-08,5.3108307279666586e-08,-0x1.13613b8a6b622p-24,0x1.c832671bffdefp-25,0,0.0099999999989999998,0x0p+0,0x1.47ae147a548aep-7,18,18,3,100
flowstar_vdp_stock_reach_v1,stepwise,519,5.1900000000000004,0x1.4c28f5c28f5c3p+2,0.01,0x1.47ae147ae147bp-7,2,-1.3653832767434542,-1.31087268666942,-0x1.5d89c2281e52fp+0,-0x1.4f955a3676fe1p+0,0.87799158063337113,0.91565148943444408,0x1.c1881cc9f7a46p-1,0x1.d4d045a34f2b4p-1,-1.374361715255799,-1.31087268666942,-0x1.5fd62b5be5eb4p+0,-0x1.4f955a3676fe1p+0,0.87168731464997906,0.91565148943444408,0x1.be4dccb984fa4p-1,0x1.d4d045a34f2b4p-1,-2.0131960471485151,2.0616309700712008,-0x1.01b06877783c8p+1,0x1.07e3860c70333p+1,-2.7032997893301021,2.4610649331786534,-0x1.5a05ba3d3a6dep+1,0x1.3b042cfcaad8dp+1,33,16,3,3,-6.5008381293147754e-10,5.3842018144099698e-10,-0x1.656329bdcddaep-31,0x1.27ffe76d94c75p-31,-6.5007200578249268e-08,5.384083781161352e-08,-0x1.17342c44cf449p-24,0x1.ce7d412361e0bp-25,0,0.0099999999989999998,0x0p+0,0x1.47ae147a548aep-7,19,19,3,100
flowstar_vdp_stock_reach_v1,stepwise,520,5.2000000000000002,0x1.4cccccccccccdp+2,0.01,0x1.47ae147ae147bp-7,2,-1.3565718321778026,-1.3016845169301743,-0x1.5b484aa5e0e2fp+0,-0x1.4d3b324decb65p+0,0.88407735702232682,0.9222281469830842,0x1.c4a5c98f170b8p-1,0x1.d82e49a57c6e2p-1,-1.3656136970918844,-1.3016845169301743,-0x1.5d98dbf7fab3p+0,-0x1.4d3b324decb65p+0,0.87769603037752797,0.9222281469830842,0x1.c1615fc499dbdp-1,0x1.d82e49a57c6e2p-1,-2.0131960471485151,2.0616309700712008,-0x1.01b06877783c8p+1,0x1.07e3860c70333p+1,-2.7032997893301021,2.4610649331786534,-0x1.5a05ba3d3a6dep+1,0x1.3b042cfcaad8dp+1,33,16,3,3,-6.5916821284278929e-10,5.4588360691419149e-10,-0x1.6a61adbdeaefbp-31,0x1.2c1a49ab63c88p-31,-6.5915673792823101e-08,5.4587213566858446e-08,-0x1.1b1b0cbee654ep-24,0x1.d4e68d55b987p-25,0,0.0099999999989999998,0x0p+0,0x1.47ae147a548aep-7,20,20,3,100
flowstar_vdp_stock_reach_v1,stepwise,521,5.21,0x1.4d70a3d70a3d7p+2,0.01,0x1.47ae147ae147bp-7,2,-1.347699114742867,-1.2924302218921708,-0x1.5902cf26ab343p+0,-0x1.4adcb4ff638ecp+0,0.89023525862858122,0.92888807081741198,0x1.c7ccea731c997p-1,0x1.db97379b9c527p-1,-1.3568051860706123,-1.2924302218921708,-0x1.5b5795ad376aep+0,-0x1.4adcb4ff638ecp+0,0.88377498649990904,0.92888807081741198,0x1.c47e27b014747p-1,0x1.db97379b9c527p-1,-2.0131960471485151,2.0616309700712008,-0x1.01b06877783c8p+1,0x1.07e3860c70333p+1,-2.7032997893301021,2.4610649331786534,-0x1.5a05ba3d3a6dep+1,0x1.3b042cfcaad8dp+1,33,16,3,3,-6.6843664631224632e-10,5.5348652470063242e-10,-0x1.6f7a1840015f3p-31,0x1.30484da6b3226p-31,-6.6842549446705169e-08,5.5347537637389356e-08,-0x1.1f16290c7da57p-24,0x1.db6e85bc25db6p-25,0,0.0099999999989999998,0x0p+0,0x1.47ae147a548aep-7,21,21,3,100
flowstar_vdp_stock_reach_v1,stepwise,522,5.2199999999999998,0x1.4e147ae147ae1p+2,0.01,0x1.47ae147ae147bp-7,2,-1.3387643939529119,-1.2831089592339311,-0x1.56b9436913b76p+0,-0x1.4879d4291d44dp+0,0.89646710076694158,0.93563323187812641,0x1.cafdbc5f77c86p-1,0x1.df0b51a7ef46ep-1,-1.347935470668679,-1.2831089592339311,-0x1.59124c8ba3ed9p+0,-0x1.4879d4291d44dp+0,0.88992597535147333,0.93563323187812641,0x1.c7a4609ffdaf9p-1,0x1.df0b51a7ef46ep-1,-2.0131960471485151,2.0616309700712008,-0x1.01b06877783c8p+1,0x1.07e3860c70333p+1,-2.7032997893301021,2.4610649331786534,-0x1.5a05ba3d3a6dep+1,0x1.3b042cfcaad8dp+1,33,16,3,3,-6.7789077292845278e-10,5.6122885455843083e-10,-0x1.74aca50f11f62p-31,0x1.3489f07b69074p-31,-6.7787993516771902e-08,5.6121802017016986e-08,-0x1.2325afe57a2c7p-24,0x1.e21525d4d69e2p-25,0,0.0099999999989999998,0x0p+0,0x1.47ae147a548aep-7,22,22,3,100
flowstar_vdp_stock_reach_v1,stepwise,523,5.2300000000000004,0x1.4eb851eb851ecp+2,0.01,0x1.47ae147ae147bp-7,2,-1.329766921037425,-1.273719866825368,-0x1.546b9add2889fp+0,-0x1.4612815447ca5p+0,0.9027747197781496,0.94246562652855548,0x1.ce387cf234975p-1,0x1.e28adac716adfp-1,-1.3390038213119411,-1.273719866825368,-0x1.56c8f455c0fap+0,-0x1.4612815447ca5p+0,0.896150809469759,0.94246562652855548,0x1.cad44765e9bfep-1,0x1.e28adac716adfp-1,-2.0131960471485151,2.0616309700712008,-0x1.01b06877783c8p+1,0x1.07e3860c70333p+1,-2.7032997893301021,2.4610649331786534,-0x1.5a05ba3d3a6dep+1,0x1.3b042cfcaad8dp+1,33,16,3,3,-6.8758649214450759e-10,5.6916468546760501e-10,-0x1.7a01322890915p-31,0x1.38e6ceec4ea18p-31,-6.8757595966305085e-08,5.6915415621695926e-08,-0x1.274fc6b929f44p-24,0x1.e8e65292bc788p-25,0,0.0099999999989999998,0x0p+0,0x1.47ae147a548aep-7,23,23,3,100
flowstar_vdp_stock_reach_v1,stepwise,524,5.2400000000000002,0x1.4f5c28f5c28f6p+2,0.01,0x1.47ae147ae147bp-7,2,-1.3207059287278082,-1.264262062468434,-0x1.5219c8a384ed2p+0,-0x1.43a6adb3e01c6p+0,0.90915997393262393,0.94938727727966865,0x1.d17d6a85bee3ep-1,0x1.e61616d64f2fbp-1,-1.3300094901702253,-1.264262062468434,-0x1.547b807fa697ap+0,-0x1.43a6adb3e01c6p+0,0.90245132252085014,0.94938727727966865,0x1.ce0e1988eb02p-1,0x1.e61616d64f2fbp-1,-2.0131960471485151,2.0616309700712008,-0x1.01b06877783c8p+1,0x1.07e3860c70333p+1,-2.7032997893301021,2.4610649331786534,-0x1.5a05ba3d3a6dep+1,0x1.3b042cfcaad8dp+1,33,16,3,3,-6.9754230969268059e-10,5.7731063999925978e-10,-0x1.7f7a5a49be18bp-31,0x1.3d613fdd8c43ap-31,-6.9753207386382734e-08,5.7730040726390714e-08,-0x1.2b96766cb0fd3p-24,0x1.efe5b3bce91e3p-25,0,0.0099999999989999998,0x0p+0,0x1.47ae147a548aep-7,24,24,3,100
flowstar_vdp_stock_reach_v1,stepwise,525,5.25,0x1.5p+2,0.01,0x1.47ae147ae147bp-7,2,-1.3115806310354083,-1.2547346436303612,-0x1.4fc3bf8c5d371p+0,-0x1.41364a238cf53p+0,0.91562474428477758,0.95640023352068282,0x1.d4ccc43839144p-1,0x1.e9ad4a99b7585p-1,-1.3209517109432574,-1.2547346436303612,-0x1.5229e42e18b69p+0,-0x1.41364a238cf53p+0,0.90882937017645204,0.95640023352068282,0x1.d152154d1ab2p-1,0x1.e9ad4a99b7585p-1,-2.0131960471485151,2.0616309700712008,-0x1.01b06877783c8p+1,0x1.07e3860c70333p+1,-2.7032997893301021,2.4610649331786534,-0x1.5a05ba3d3a6dep+1,0x1.3b042cfcaad8dp+1,33,16,3,3,-7.0769853236012249e-10,5.8560506650787131e-10,-0x1.850fb6c5e4bdap-31,0x1.41f0961311b5ep-31,-7.0768858473045353e-08,5.8559512183863833e-08,-0x1.2ff32eca60d6ep-24,0x1.f705baa802066p-25,0,0.0099999999989999998,0x0p+0,0x1.47ae147a548aep-7,25,25,3,100
flowstar_vdp_stock_reach_v1,stepwise,526,5.2599999999999998,0x1.50a3d70a3d70ap+2,0.01,0x1.47ae147ae147bp-7,2,-1.3023902230211366,-1.2451366871696887,-0x1.4d69721681848p+0,-0x1.3ec14726718f8p+0,0.92217093550564855,0.96350657222443647,0x1.d826c9f2a3109p-1,0x1.ed50bbc25eba8p-1,-1.3118296986379481,-1.2451366871696887,-0x1.4fd41235924f5p+0,-0x1.3ec14726718f8p+0,0.91528683097058117,0.96350657222443647,0x1.d4a079baf4ccfp-1,0x1.ed50bbc25eba8p-1,-2.0131960471485151,2.0616309700712008,-0x1.01b06877783c8p+1,0x1.07e3860c70333p+1,-2.7032997893301021,2.4610649331786534,-0x1.5a05ba3d3a6dep+1,0x1.3b042cfcaad8dp+1,33,16,3,3,-7.1805789033476641e-10,5.9404865849349985e-10,-0x1.8ac1a9fa8e7e8p-31,0x1.4694ea8947b0ap-31,-7.1804822262661002e-08,5.9403899361674073e-08,-0x1.34663cac91827p-24,0x1.fe468e60f2665p-25,0,0.0099999999989999998,0x0p+0,0x1.47ae147a548aep-7,26,26,3,100
flowstar_vdp_stock_reach_v1,stepwise,527,5.2700000000000005,0x1.5147ae147ae15p+2,0.01,0x1.47ae147ae147bp-7,2,-1.2931338805568073,-1.2354672490554475,-0x1.4b0ad26e574f9p+0,-0x1.3c4794e5f8e45p+0,0.92880047671756483,0.97070839860122105,0x1.db8bbc7005b58p-1,0x1.f100b0f3e3b9cp-1,-1.3026426493371457,-1.2354672490554475,-0x1.4d79fd1947205p+0,-0x1.3c4794e5f8e45p+0,0.92182560715976625,0.97070839860122105,0x1.d7f986a6bbab1p-1,0x1.f100b0f3e3b9cp-1,-2.0131960471485151,2.0616309700712008,-0x1.01b06877783c8p+1,0x1.07e3860c70333p+1,-2.7032997893301021,2.4610649331786534,-0x1.5a05ba3d3a6dep+1,0x1.3b042cfcaad8dp+1,33,16,3,3,-7.2862303737100247e-10,6.0264195170914798e-10,-0x1.909093844bbfep-31,0x1.4b4e508da136cp-31,-7.2861364148760575e-08,6.026325585320533e-08,-0x1.38efeac6e18afp-24,0x1.02d42689ac8edp-24,0,0.0099999999989999998,0x0p+0,0x1.47ae147a548aep-7,27,27,3,100
flowstar_vdp_stock_reach_v1,stepwise,528,5.2800000000000002,0x1.51eb851eb851fp+2,0.01,0x1.47ae147ae147bp-7,2,-1.2838107600784494,-1.225725364079733,-0x1.48a7d26cca332p+0,-0x1.39c9233099a33p+0,0.9355153222916911,0.9780078467372314,0x1.defbdd444ca73p-1,0x1.f4bd71c9ef821p-1,-1.2933897399601038,-1.225725364079733,-0x1.4b1b970a1c4fap+0,-0x1.39c9233099a33p+0,0.92844762554778137,0.9780078467372314,0x1.db5d7cb78d9b4p-1,0x1.f4bd71c9ef821p-1,-2.0131960471485151,2.0616309700712008,-0x1.01b06877783c8p+1,0x1.07e3860c70333p+1,-2.7032997893301021,2.4610649331786534,-0x1.5a05ba3d3a6dep+1,0x1.3b042cfcaad8dp+1,33,16,3,3,-7.3939654205529747e-10,6.1138531398401615e-10,-0x1.967ccfee23d39p-31,0x1.501cd560be6d1p-31,-7.3938741007426121e-08,6.1137618458807829e-08,-0x1.3d90816730488p-24,0x1.069585bb59baap-24,0,0.0099999999989999998,0x0p+0,0x1.47ae147a548aep-7,28,28,3,100
flowstar_vdp_stock_reach_v1,stepwise,529,5.29,0x1.528f5c28f5c29p+2,0.01,0x1.47ae147ae147bp-7,2,-1.2744199983317588,-1.215910045564071,-0x1.46406396340a1p+0,-0x1.3745e17893579p+0,0.9423174526300182,0.98540708019256684,0x1.e2776ee2fdee2p-1,0x1.f88746dd590c9p-1,-1.2840701280148041,-1.215910045564071,-0x1.48b8d1e598181p+0,-0x1.3745e17893579p+0,0.93515483829666979,0.98540708019256684,0x1.decc9d6e5c58dp-1,0x1.f88746dd590c9p-1,-2.0131960471485151,2.0616309700712008,-0x1.01b06877783c8p+1,0x1.07e3860c70333p+1,-2.7032997893301021,2.4610649331786534,-0x1.5a05ba3d3a6dep+1,0x1.3b042cfcaad8dp+1,33,16,3,3,-7.5038086966968599e-10,6.2027892381045702e-10,-0x1.9c86b80a4d59bp-31,0x1.55007f70ec7a7p-31,-7.5037199384186146e-08,6.2027005045028465e-08,-0x1.424845f2f7ff7p-24,0x1.0a6769ccec54dp-24,0,0.0099999999989999998,0x0p+0,0x1.47ae147a548aep-7,29,29,3,100
flowstar_vdp_stock_reach_v1,stepwise,530,5.2999999999999998,0x1.5333333333333p+2,0.01,0x1.47ae147ae147bp-7,2,-1.2649607121098845,-1.2060202850599306,-0x1.43d477193ca09p+0,-0x1.34bdbed2a51ebp+0,0.94920887492619832,0.99290829256053903,0x1.e5feb4a5c30f5p-1,0x1.fc5e79c8f30dep-1,-1.2746829513423146,-1.2060202850599306,-0x1.46519f34c8b44p+0,-0x1.34bdbed2a51ebp+0,0.94194922371865908,0.99290829256053903,0x1.e2472b2cba7c2p-1,0x1.fc5e79c8f30dep-1,-2.0131960471485151,2.0616309700712008,-0x1.01b06877783c8p+1,0x1.07e3860c70333p+1,-2.7032997893301021,2.4610649331786534,-0x1.5a05ba3d3a6dep+1,0x1.3b042cfcaad8dp+1,33,16,3,3,-7.615783650306603e-10,6.2932275078176251e-10,-0x1.a2aea053e5ba2p-31,0x1.59f94da5b78fap-31,-7.6156973777896682e-08,6.2931412588392808e-08,-0x1.47177a6ba511cp-24,0x1.0e49d1e4871b1p-24,0,0.0099999999989999998,0x0p+0,0x1.47ae147a548aep-7,30,30,3,100
flowstar_vdp_stock_reach_v1,stepwise,531,5.3100000000000005,0x1.53d70a3d70a3ep+2,0.01,0x1.47ae147ae147bp-7,2,-1.255431997983852,-1.1960550520437214,-0x1.4163fdcdb14d1p+0,-0x1.3230a9f4be4cfp+0,0.95619162390135182,1.0005137079872322,0x1.e991f2d2bb1abp-1,0x1.0021aa97013e4p+0,-1.2652273278534649,-1.1960550520437214,-0x1.43e5f02b22d79p+0,-0x1.3230a9f4be4cfp+0,0.94883278704530882,1.0005137079872322,0x1.e5cd693b76da4p-1,0x1.0021aa97013e4p+0,-2.0131960471485151,2.0616309700712008,-0x1.01b06877783c8p+1,0x1.07e3860c70333p+1,-2.7032997893301021,2.4610649331786534,-0x1.5a05ba3d3a6dep+1,0x1.3b042cfcaad8dp+1,33,16,3,3,-7.7299123411342012e-10,6.3851653430118288e-10,-0x1.a8f4d84574a11p-31,0x1.5f07369b8affp-31,-7.729828480315842e-08,6.3850815046298991e-08,-0x1.4bfe5cea2c936p-24,0x1.123cb6ad98d73p-24,0,0.0099999999989999998,0x0p+0,0x1.47ae147a548aep-7,31,31,3,100
flowstar_vdp_stock_reach_v1,stepwise,532,5.3200000000000003,0x1.547ae147ae148p+2,0.01,0x1.47ae147ae147bp-7,2,-1.2458329320258912,-1.1860132936066745,-0x1.3eeee83354bcp+0,-0x1.2f9e9134a9732p+0,0.96326776251480006,1.0082255816506172,0x1.ed316ea295962p-1,0x1.021b125c2e131p+0,-1.2557023552580757,-1.1860132936066745,-0x1.4175b5a557f6cp+0,-0x1.2f9e9134a9732p+0,0.95580756117407306,1.0082255816506172,0x1.e95f9bd1063a4p-1,0x1.021b125c2e131p+0,-2.0131960471485151,2.0616309700712008,-0x1.01b06877783c8p+1,0x1.07e3860c70333p+1,-2.7032997893301021,2.4610649331786534,-0x1.5a05ba3d3a6dep+1,0x1.3b042cfcaad8dp+1,33,16,3,3,-7.8462152380840362e-10,6.4785976116942446e-10,-0x1.af59a99e3574dp-31,0x1.642a27d4f9363p-31,-7.8461337165983804e-08,6.4785161115770606e-08,-0x1.50fd270d2df05p-24,0x1.164009b75ca8fp-24,0,0.0099999999989999998,0x0p+0,0x1.47ae147a548aep-7,32,32,3,100
flowstar_vdp_stock_reach_v1,stepwise,533,5.3300000000000001,0x1.551eb851eb852p+2,0.01,0x1.47ae147ae147bp-7,2,-1.2361625695258975,-1.1758939341400632,-0x1.3c752670a72ebp+0,-0x1.2d076286b243fp+0,0.97043938264598606,1.016046200188083,0x1.f0dd6e466e0cap-1,0x1.041b9a91086b3p+0,-1.246107110786955,-1.1758939341400632,-0x1.3f00e028249dp+0,-0x1.2d076286b243fp+0,0.96287560738877553,1.016046200188083,0x1.ecfe0817b3acbp-1,0x1.041b9a91086b3p+0,-2.0131960471485151,2.0616309700712008,-0x1.01b06877783c8p+1,0x1.07e3860c70333p+1,-2.7032997893301021,2.4610649331786534,-0x1.5a05ba3d3a6dep+1,0x1.3b042cfcaad8dp+1,33,16,3,3,-7.9647110023272476e-10,6.5735164123743322e-10,-0x1.b5dd579a0caa2p-31,0x1.696204da2b80dp-31,-7.9646317494924245e-08,6.5734371798735109e-08,-0x1.56140d5caa488p-24,0x1.1a53b4c569565p-24,0,0.0099999999989999998,0x0p+0,0x1.47ae147a548aep-7,33,33,3,100
flowstar_vdp_stock_reach_v1,stepwise,534,5.3399999999999999,0x1.55c28f5c28f5cp+2,0.01,0x1.47ae147ae147bp-7,2,-1.2264199447013451,-1.1656958750162594,-0x1.39f6a851a7872p+0,-0x1.2a6b0b7c46e56p+0,0.97770860574854757,1.0239778820785161,0x1.f49638ed6a60cp-1,0x1.06236a1b5ac53p+0,-1.2364406509069419,-1.1656958750162594,-0x1.3c875fdf171bdp+0,-0x1.2a6b0b7c46e56p+0,0.97003901605522103,1.0239778820785161,0x1.f0a8f4339a36p-1,0x1.06236a1b5ac53p+0,-2.0131960471485151,2.0616309700712008,-0x1.01b06877783c8p+1,0x1.07e3860c70333p+1,-2.7032997893301021,2.4610649331786534,-0x1.5a05ba3d3a6dep+1,0x1.3b042cfcaad8dp+1,33,16,3,3,-8.0854162506458873e-10,6.6699108158999804e-10,-0x1.bc801e1740fc1p-31,0x1.6eaea64ac4ca3p-31,-8.085339197452004e-08,6.6698337820381516e-08,-0x1.5b433e9f7d4bp-24,0x1.1e779915aa668p-24,0,0.0099999999989999998,0x0p+0,0x1.47ae147a548aep-7,34,34,3,100
flowstar_vdp_stock_reach_v1,stepwise,535,5.3500000000000005,0x1.5666666666667p+2,0.01,0x1.47ae147ae147bp-7,2,-1.2166040704009637,-1.1554179942660843,-0x1.37735d468d789p+0,-0x1.27c97942952efp+0,0.98507758347124108,1.0320229779686367,0x1.f85c16ca1039cp-1,0x1.0832a86b1887ep+0,-1.2267020110292866,-1.1554179942660843,-0x1.3a09249b4ee75p+0,-0x1.27c97942952efp+0,0.9772999072869073,1.0320229779686367,0x1.f460a7485cb9p-1,0x1.0832a86b1887ep+0,-2.0131960471485151,2.0616309700712008,-0x1.01b06877783c8p+1,0x1.07e3860c70333p+1,-2.7032997893301021,2.4610649331786534,-0x1.5a05ba3d3a6dep+1,0x1.3b042cfcaad8dp+1,33,16,3,3,-8.2083454766830002e-10,6.7677667612770162e-10,-0x1.c342314dd91f8p-31,0x1.740fd97dcab11p-31,-8.2082705557807085e-08,6.7676918587358558e-08,-0x1.608ae3a29e862p-24,0x1.22ab8f154e47cp-24,0,0.0099999999989999998,0x0p+0,0x1.47ae147a548aep-7,35,35,3,100
flowstar_vdp_stock_reach_v1,stepwise,536,5.3600000000000003,0x1.570a3d70a3d71p+2,0.01,0x1.47ae147ae147bp-7,2,-1.2067139377054528,-1.1450591464121409,-0x1.34eb346212825p+0,-0x1.252298a1d369p+0,0.99254849819777902,1.0401838709876257,0x1.fc2f5116e820ep-1,0x1.0a497d7bb7f1fp+0,-1.2168902051145969,-1.1450591464121409,-0x1.37861dd1ca389p+0,-0x1.252298a1d369p+0,0.98466043153318761,1.0401838709876257,0x1.f825697e3358fp-1,0x1.0a497d7bb7f1fp+0,-2.0131960471485151,2.0616309700712008,-0x1.01b06877783c8p+1,0x1.07e3860c70333p+1,-2.7032997893301021,2.4610649331786534,-0x1.5a05ba3d3a6dep+1,0x1.3b042cfcaad8dp+1,33,16,3,3,-8.3335104654248859e-10,6.8670664616922863e-10,-0x1.ca23bbb3904b8p-31,0x1.79855e5dccb1fp-31,-8.3334376111129225e-08,6.8669936248017519e-08,-0x1.65eb1d9338418p-24,0x1.26ef64b4c5214p-24,0,0.0099999999989999998,0x0p+0,0x1.47ae147a548aep-7,36,36,3,100
flowstar_vdp_stock_reach_v1,stepwise,537,5.3700000000000001,0x1.57ae147ae147bp+2,0.01,0x1.47ae147ae147bp-7,2,-1.1967485159097551,-1.134618161666255,-0x1.325e1c595e727p+0,-0x1.227655f9cde07p+0,1.0001235637079737,1.0484629768435092,0x1.0008190e15b03p+0,0x1.0c6811d49c13dp+0,-1.2070042256588494,-1.134618161666255,-0x1.34fe3a9b56acp+0,-0x1.227655f9cde07p+0,0.99212277029258145,1.0484629768435092,0x1.fbf784080c0fcp-1,0x1.0c6811d49c13dp+0,-2.0131960471485151,2.0616309700712008,-0x1.01b06877783c8p+1,0x1.07e3860c70333p+1,-2.7032997893301021,2.4610649331786534,-0x1.5a05ba3d3a6dep+1,0x1.3b042cfcaad8dp+1,33,16,3,3,-8.4609198857270926e-10,6.9677879584372294e-10,-0x1.d124dc840225p-31,0x1.7f0ee5cd75559p-31,-8.4608490339416958e-08,6.9677171231633647e-08,-0x1.6b6404d90a26dp-24,0x1.2b42dc2651fbdp-24,0,0.0099999999989999998,0x0p+0,0x1.47ae147a548aep-7,37,37,3,100
flowstar_vdp_stock_reach_v1,stepwise,538,5.3799999999999999,0x1.5851eb851eb85p+2,0.01,0x1.47ae147ae147bp-7,2,-1.1867067519200967,-1.1240938460718799,-0x1.2fcc0381706f7p+0,-0x1.1fc49d42837a2p+0,1.0078050256192188,1.0568627440282095,0x1.01ff8299c76bbp+0,0x1.0e8e8e89f6444p+0,-1.1970430430936174,-1.1240938460718799,-0x1.327169b1fdcccp+0,-0x1.1fc49d42837a2p+0,0.99968913661057468,1.0568627440282095,0x1.ffd74127d15aap-1,0x1.0e8e8e89f6444p+0,-2.0131960471485151,2.0616309700712008,-0x1.01b06877783c8p+1,0x1.07e3860c70333p+1,-2.7032997893301021,2.4610649331786534,-0x1.5a05ba3d3a6dep+1,0x1.3b042cfcaad8dp+1,33,16,3,3,-8.5905794074416131e-10,7.0699052410290321e-10,-0x1.d845a82cb29f6p-31,0x1.84ac121654ff4p-31,-8.590510495745524e-08,7.0698363449638158e-08,-0x1.70f5a96acf55ap-24,0x1.2fa5ac349993ap-24,0,0.0099999999989999998,0x0p+0,0x1.47ae147a548aep-7,38,38,3,100
flowstar_vdp_stock_reach_v1,stepwise,539,5.3899999999999997,0x1.58f5c28f5c28fp+2,0.01,0x1.47ae147ae147bp-7,2,-1.1765875700367099,-1.1134849810121306,-0x1.2d34d7ce30124p+0,-0x1.1d0d5a0a08c6bp+0,1.0155951618590719,1.0653856538764612,0x1.03fe0b6629193p+0,0x1.10bd1d3d06e7fp+0,-1.1870056055714022,-1.1134849810121306,-0x1.2fdf9970190c9p+0,-0x1.1d0d5a0a08c6bp+0,1.0073617756130431,1.0653856538764612,0x1.01e276197f9e6p+0,0x1.10bd1d3d06e7fp+0,-2.0131960471485151,2.0616309700712008,-0x1.01b06877783c8p+1,0x1.07e3860c70333p+1,-2.7032997893301021,2.4610649331786534,-0x1.5a05ba3d3a6dep+1,0x1.3b042cfcaad8dp+1,33,16,3,3,-8.7224911527705965e-10,7.1733876831550803e-10,-0x1.df862653048b4p-31,0x1.8a5c74e0a2131p-31,-8.7224241203425525e-08,7.1733206655051438e-08,-0x1.76a01142e71a3p-24,0x1.34177eac3040bp-24,0,0.0099999999989999998,0x0p+0,0x1.47ae147a548aep-7,39,39,3,100
flowstar_vdp_stock_reach_v1,stepwise,540,5.4000000000000004,0x1.599999999999ap+2,0.01,0x1.47ae147ae147bp-7,2,-1.1663898716282,-1.1027903228817555,-0x1.2a9886d1075cap+0,-0x1.1a5077731f56fp+0,1.0234962830944103,1.074034220542571,0x1.0603da3777d22p+0,0x1.12f3e81c03e3cp+0,-1.1768908386419721,-1.1027903228817555,-0x1.2d48b7ceede58p+0,-0x1.1a5077731f56fp+0,1.0151429650010861,1.074034220542571,0x1.03e068cb71b3p+0,0x1.12f3e81c03e3cp+0,-2.0131960471485151,2.0616309700712008,-0x1.01b06877783c8p+1,0x1.07e3860c70333p+1,-2.7032997893301021,2.4610649331786534,-0x1.5a05ba3d3a6dep+1,0x1.3b042cfcaad8dp+1,33,16,3,3,-8.8566533177862524e-10,7.2781996570171068e-10,-0x1.e6e6507723808p-31,0x1.901f8dcf848bfp-31,-8.8565881054112242e-08,7.2781344585945615e-08,-0x1.7c63374e9bcf6p-24,0x1.3897ef45b567bp-24,0,0.0099999999989999998,0x0p+0,0x1.47ae147a548aep-7,40,40,3,100
flowstar_vdp_stock_reach_v1,stepwise,541,5.4100000000000001,0x1.5a3d70a3d70a4p+2,0.01,0x1.47ae147ae147bp-7,2,-1.1561125348053152,-1.0920086027563216,-0x1.27f6fdb77c079p+0,-0x1.178de033c9ffap+0,1.0315107331031652,1.082810990898875,0x1.0811166026ad2p+0,0x1.153319e1a8f73p+0,-1.1666976449274218,-1.0920086027563216,-0x1.2aacb26548934p+0,-0x1.178de033c9ffap+0,1.0230350154937009,1.082810990898875,0x1.05e59f6e35531p+0,0x1.153319e1a8f73p+0,-2.0131960471485151,2.0616309700712008,-0x1.01b06877783c8p+1,0x1.07e3860c70333p+1,-2.7032997893301021,2.4610649331786534,-0x1.5a05ba3d3a6dep+1,0x1.3b042cfcaad8dp+1,33,16,3,3,-8.9930597651083177e-10,7.3843001235850704e-10,-0x1.ee66107c538dep-31,0x1.95f4c907296a7p-31,-8.9929963151681866e-08,7.3842366867990777e-08,-0x1.823f0a48a134bp-24,0x1.3d268a7e92cbap-24,0,0.0099999999989999998,0x0p+0,0x1.47ae147a548aep-7,41,41,3,100
flowstar_vdp_stock_reach_v1,stepwise,542,5.4199999999999999,0x1.5ae147ae147aep+2,0.01,0x1.47ae147ae147bp-7,2,-1.1457544140933749,-1.0811385260607542,-0x1.25502949c758p+0,-0x1.14c57e93e067cp+0,1.0396408890902868,1.091718544343514,0x1.0a25e7c23a263p+0,0x1.177addd46461ep+0,-1.1564249037951571,-1.0811385260607542,-0x1.280b766614847p+0,-0x1.14c57e93e067cp+0,1.0310402712203333,1.091718544343514,0x1.07f24155c013cp+0,0x1.177addd46461ep+0,-2.0131960471485151,2.0616309700712008,-0x1.01b06877783c8p+1,0x1.07e3860c70333p+1,-2.7032997893301021,2.4610649331786534,-0x1.5a05ba3d3a6dep+1,0x1.3b042cfcaad8dp+1,33,16,3,3,-9.1316995856924388e-10,7.4916421975206927e-10,-0x1.f6053f14c36e1p-31,0x1.9bdb7d9b792e4p-31,-9.131637842157247e-08,7.4915804663673738e-08,-0x1.88336b7d50c2cp-24,0x1.41c2cc5f7ace5p-24,0,0.0099999999989999998,0x0p+0,0x1.47ae147a548aep-7,42,42,3,100
flowstar_vdp_stock_reach_v1,stepwise,543,5.4299999999999997,0x1.5b851eb851eb8p+2,0.01,0x1.47ae147ae147bp-7,2,-1.1353143401007681,-1.0701787722413569,-0x1.22a3f5e969a18p+0,-0x1.11f73c6ba66a6p+0,1.0478891619556774,1.1007594924981725,0x1.0c4276d06eb72p+0,0x1.19cb5fc50a8cap+0,-1.1460714710261499,-1.0701787722413569,-0x1.2564f09eef98dp+0,-0x1.11f73c6ba66a6p+0,1.0391611100714753,1.1007594924981725,0x1.0a0676670833fp+0,0x1.19cb5fc50a8cap+0,-2.0131960471485151,2.0616309700712008,-0x1.01b06877783c8p+1,0x1.07e3860c70333p+1,-2.7032997893301021,2.4610649331786534,-0x1.5a05ba3d3a6dep+1,0x1.3b042cfcaad8dp+1,33,16,3,3,-9.2725566215633357e-10,7.6001726838178726e-10,-0x1.fdc3a2095915ap-31,0x1.a1d2ebe4b825ep-31,-9.2724965299846656e-08,7.6001126038737544e-08,-0x1.8e402d72c1decp-24,0x1.466c1f2e8655ap-24,0,0.0099999999989999998,0x0p+0,0x1.47ae147a548aep-7,43,43,3,100
flowstar_vdp_stock_reach_v1,stepwise,544,5.4400000000000004,0x1.5c28f5c28f5c3p+2,0.01,0x1.47ae147ae147bp-7,2,-1.124791119185528,-1.0591279944409433,-0x1.1ff24f8fbbab3p+0,-0x1.0f23032266e45p+0,1.0562579964878844,1.1099364788094583,0x1.0e66ec8f0dcf7p+0,0x1.1c24cc0d1fbfdp+0,-1.1356361784804103,-1.0591279944409433,-0x1.22b90d76ba4fep+0,-0x1.0f23032266e45p+0,1.0473999439815587,1.1099364788094583,0x1.0c2267193ba7ap+0,0x1.1c24cc0d1fbfdp+0,-2.0131960471485151,2.0616309700712008,-0x1.01b06877783c8p+1,0x1.07e3860c70333p+1,-2.7032997893301021,2.4610649331786534,-0x1.5a05ba3d3a6dep+1,0x1.3b042cfcaad8dp+1,33,16,3,3,-9.4156089591224224e-10,7.709831582452428e-10,-0x1.02d075332d2cp-30,0x1.a7da3bb6a528cp-31,-9.4155504666246259e-08,7.7097731008668453e-08,-0x1.9465127bad35dp-24,0x1.4b21da0a449bap-24,0,0.0099999999989999998,0x0p+0,0x1.47ae147a548aep-7,44,44,3,100
flowstar_vdp_stock_reach_v1,stepwise,545,5.4500000000000002,0x1.5cccccccccccdp+2,0.01,0x1.47ae147ae147bp-7,2,-1.1141835331205323,-1.0479848191782952,-0x1.1d3b21cc7e924p+0,-0x1.0c48bbad1343bp+0,1.0647498714932953,1.1192521780307718,0x1.109372947be14p+0,0x1.1e874f8c9e728p+0,-1.1251178337601595,-1.0479848191782952,-0x1.2007b8ec2570ap+0,-0x1.0c48bbad1343bp+0,1.0557592191543639,1.1192521780307718,0x1.0e463c76b7eefp+0,0x1.1e874f8c9e728p+0,-2.0131960471485151,2.0616309700712008,-0x1.01b06877783c8p+1,0x1.07e3860c70333p+1,-2.7032997893301021,2.4610649331786534,-0x1.5a05ba3d3a6dep+1,0x1.3b042cfcaad8dp+1,33,16,3,3,-9.5608294069295271e-10,7.8205525999532784e-10,-0x1.06ce5b1a0cf63p-30,0x1.adf07e3850ebdp-31,-9.5607724622044277e-08,7.8204956654434123e-08,-0x1.9aa1ce0fb48cdp-24,0x1.4fe3425a5be52p-24,0,0.0099999999989999998,0x0p+0,0x1.47ae147a548aep-7,45,45,3,100
flowstar_vdp_stock_reach_v1,stepwise,546,5.46,0x1.5d70a3d70a3d7p+2,0.01,0x1.47ae147ae147bp-7,2,-1.1034903386712736,-1.036747846183995,-0x1.1a7e57c40b8aap+0,-0x1.09684e8d8f06cp+0,1.0733672998525319,1.1287092955775959,0x1.12c8330976632p+0,0x1.20f317a7326ccp+0,-1.1145152197845745,-1.036747846183995,-0x1.1d50de93de76cp+0,-0x1.09684e8d8f06cp+0,1.0642414162231564,1.1287092955775959,0x1.1072201dba288p+0,0x1.20f317a7326ccp+0,-2.0131960471485151,2.0616309700712008,-0x1.01b06877783c8p+1,0x1.07e3860c70333p+1,-2.7032997893301021,2.4610649331786534,-0x1.5a05ba3d3a6dep+1,0x1.3b042cfcaad8dp+1,33,16,3,3,-9.7081837778782103e-10,7.9322614705003465e-10,-0x1.0adb452346c59p-30,0x1.b414a7d79a74cp-31,-9.7081283311806687e-08,7.9322060333443777e-08,-0x1.a0f5fff590302p-24,0x1.54af8715c262bp-24,0,0.0099999999989999998,0x0p+0,0x1.47ae147a548aep-7,46,46,3,100
flowstar_vdp_stock_reach_v1,stepwise,547,5.4699999999999998,0x1.5e147ae147ae1p+2,0.01,0x1.47ae147ae147bp-7,2,-1.0927102676029194,-1.025415647597171,-0x1.17bbdc2f5ba27p+0,-0x1.0681a3cf3c8bfp+0,1.0821128284911488,1.1383105667562849,0x1.150558a8f3983p+0,0x1.23685240e8d2fp+0,-1.1038270947927409,-1.025415647597171,-0x1.1a94699892d1dp+0,-0x1.0681a3cf3c8bfp+0,1.0728490503331862,1.1383105667562849,0x1.12a63c40b9c7p+0,0x1.23685240e8d2fp+0,-2.0131960471485151,2.0616309700712008,-0x1.01b06877783c8p+1,0x1.07e3860c70333p+1,-2.7032997893301021,2.4610649331786534,-0x1.5a05ba3d3a6dep+1,0x1.3b042cfcaad8dp+1,33,16,3,3,-9.8576275982405104e-10,8.0448726949879112e-10,-0x1.0ef6e330f78b7p-30,0x1.ba45848980349p-31,-9.8575736013820458e-08,8.0448187070217705e-08,-0x1.a7612affac7ffp-24,0x1.5985b794fe374p-24,0,0.0099999999989999998,0x0p+0,0x1.47ae147a548aep-7,47,47,3,100
flowstar_vdp_stock_reach_v1,stepwise,548,5.4800000000000004,0x1.5eb851eb851ecp+2,0.01,0x1.47ae147ae147bp-7,2,-1.0818420258393686,-1.0139867682506907,-0x1.14f399586b213p+0,-0x1.0394a30836a48p+0,1.0909890382756311,1.1480587558378286,0x1.174b0ebfb0364p+0,0x1.25e72dba35bd8p+0,-1.093052191497446,-1.0139867682506907,-0x1.17d244b74d7b2p+0,-0x1.0394a30836a48p+0,1.0815846711581221,1.1480587558378286,0x1.14e2bba67aa2fp+0,0x1.25e72dba35bd8p+0,-2.0131960471485151,2.0616309700712008,-0x1.01b06877783c8p+1,0x1.07e3860c70333p+1,-2.7032997893301021,2.4610649331786534,-0x1.5a05ba3d3a6dep+1,0x1.3b042cfcaad8dp+1,33,16,3,3,-1.0009109948208163e-09,8.1582934731130377e-10,-0x1.1320d98881625p-30,0x1.c081c5f4d628fp-31,-1.0009057354555823e-07,8.1582408877268615e-08,-0x1.ade2bfdb91b76p-24,0x1.5e64cea383b45p-24,0,0.0099999999989999998,0x0p+0,0x1.47ae147a548aep-7,48,48,3,100
flowstar_vdp_stock_reach_v1,stepwise,549,5.4900000000000002,0x1.5f5c28f5c28f6p+2,0.01,0x1.47ae147ae147bp-7,2,-1.0708842934647482,-1.0024597250914744,-0x1.1225791a3b2d5p+0,-0x1.00a13356d3356p+0,1.0999985437892195,1.1579566550001079,0x1.1999812b38ea1p+0,0x1.286fd8eb69388p+0,-1.0821892170801601,-1.0024597250914744,-0x1.150a5a3f71712p+0,-0x1.00a13356d3356p+0,1.0904508628055438,1.1579566550001079,0x1.1727c9a9a5113p+0,0x1.286fd8eb69388p+0,-2.0131960471485151,2.0616309700712008,-0x1.01b06877783c8p+1,0x1.07e3860c70333p+1,-2.7032997893301021,2.4610649331786534,-0x1.5a05ba3d3a6dep+1,0x1.3b042cfcaad8dp+1,33,16,3,3,-1.016257098353575e-09,8.2724212842117805e-10,-0x1.1758bc5b9ad22p-30,0x1.c6c7fabafcf58p-31,-1.0162519748007702e-07,8.2723700563472552e-08,-0x1.b47a16180b2c7p-24,0x1.634babb0848f9p-24,0,0.0099999999989999998,0x0p+0,0x1.47ae147a548aep-7,49,49,3,100
flowstar_vdp_stock_reach_v1,stepwise,550,5.5,0x1.6p+2,0.01,0x1.47ae147ae147bp-7,2,-1.0598357243119627,-0.99083300694853293,-0x1.0f5164df0d66fp+0,-0x1.fb4e76c148572p-1,1.109143992923816,1.1680070831893294,0x1.1bf0dc5829a32p+0,0x1.2b02831fcb65cp+0,-1.071236852771724,-0.99083300694853293,-0x1.123c9410ecad7p+0,-0x1.fb4e76c148572p-1,1.0994502435483819,1.1680070831893294,0x1.197592379e99ep+0,0x1.2b02831fcb65cp+0,-2.0131960471485151,2.0616309700712008,-0x1.01b06877783c8p+1,0x1.07e3860c70333p+1,-2.7032997893301021,2.4610649331786534,-0x1.5a05ba3d3a6dep+1,0x1.3b042cfcaad8dp+1,33,16,3,3,-1.0317941112041063e-09,8.3871431603942449e-10,-0x1.1b9e0e4c8923p-30,0x1.cd168bd977c23p-31,-1.0317891191106123e-07,8.3870932465439736e-08,-0x1.bb2669d3c32b3p-24,0x1.683910c32d583p-24,0,0.0099999999989999998,0x0p+0,0x1.47ae147a548aep-7,50,50,3,100
flowstar_vdp_stock_reach_v1,stepwise,551,5.5099999999999998,0x1.60a3d70a3d70ap+2,0.01,0x1.47ae147ae147bp-7,2,-1.0486949456415886,-0.97910507426222859,-0x1.0c77459f02d8dp+0,-0x1.f54d42a29b9bdp-1,1.1184280657444365,1.1782128854210927,0x1.1e514d3d4d075p+0,0x1.2d9f5c129c00ep+0,-1.060193753521937,-0.97910507426222859,-0x1.0f68db9accda3p+0,-0x1.f54d42a29b9bdp-1,1.1085854648394415,1.1782128854210927,0x1.1bcc41cc4e6d9p+0,0x1.2d9f5c129c00ep+0,-2.0131960471485151,2.0616309700712008,-0x1.01b06877783c8p+1,0x1.07e3860c70333p+1,-2.7032997893301021,2.4610649331786534,-0x1.5a05ba3d3a6dep+1,0x1.3b042cfcaad8dp+1,33,16,3,3,-1.0475140223713088e-09,8.5023350250219069e-10,-0x1.1ff03f0b138eep-30,0x1.d36bba47c69aep-31,-1.0475091575390142e-07,8.5022863832283522e-08,-0x1.c1e6d9927eedfp-24,0x1.6d2ba09df7fd8p-24,0,0.0099999999989999998,0x0p+0,0x1.47ae147a548aep-7,51,51,3,100
flowstar_vdp_stock_reach_v1,stepwise,552,5.5200000000000005,0x1.6147ae147ae15p+2,0.01,0x1.47ae147ae147bp-7,2,-1.0374605578212435,-0.96727435883313417,-0x1.099703debb6ebp+0,-0x1.ef3e95b2e5365p-1,1.1278534759855405,1.1885769291237602,0x1.20bb016209ae7p+0,0x1.304693df5ddd7p+0,-1.0490585476680592,-0.96727435883313417,-0x1.0c8f19d9d2d59p+0,-0x1.ef3e95b2e5365p-1,1.1178592129690408,1.1885769291237602,0x1.1e2c05793bfdp+0,0x1.304693df5ddd7p+0,-2.0131960471485151,2.0616309700712008,-0x1.01b06877783c8p+1,0x1.07e3860c70333p+1,-2.7032997893301021,2.4610649331786534,-0x1.5a05ba3d3a6dep+1,0x1.3b042cfcaad8dp+1,33,16,3,3,-1.0635743673885649e-09,8.6178626652309995e-10,-0x1.245a647fa4c2ep-30,0x1.d9c5a2786506fp-31,-1.063569635260284e-07,8.6178152750200923e-08,-0x1.c8ccb7d4dd81ep-24,0x1.7221e189d0016p-24,0,0.0099999999989999998,0x0p+0,0x1.47ae147a548aep-7,52,52,3,100
flowstar_vdp_stock_reach_v1,stepwise,553,5.5300000000000002,0x1.61eb851eb851fp+2,0.01,0x1.47ae147ae147bp-7,2,-1.026131136262405,-0.95533926133622582,-0x1.06b087b7a7837p+0,-0x1.e9223a480c3afp-1,1.1374225137195184,1.1991025590199604,0x1.232e1f3228d14p+0,0x1.32f862a38a676p+0,-1.0378298388590972,-0.95533926133622582,-0x1.09af3760b6784p+0,-0x1.e9223a480c3afp-1,1.1272737519067906,1.1991025590199604,0x1.2095033a1431bp+0,0x1.32f862a38a676p+0,-2.0131960471485151,2.0616309700712008,-0x1.01b06877783c8p+1,0x1.07e3860c70333p+1,-2.7032997893301021,2.4610649331786534,-0x1.5a05ba3d3a6dep+1,0x1.3b042cfcaad8dp+1,33,16,3,3,-1.0805016516621477e-09,8.739832315439892e-10,-0x1.29018b57dba7ap-30,0x1.e07a347280b7bp-31,-1.0804968420335054e-07,8.739784220467435e-08,-0x1.d011e25840586p-24,0x1.775ef19960144p-24,0,0.0099999999989999998,0x0p+0,0x1.47ae147a548aep-7,53,53,3,100
flowstar_vdp_stock_reach_v1,stepwise,554,5.54,0x1.628f5c28f5c29p+2,0.01,0x1.47ae147ae147bp-7,2,-1.0147052270923322,-0.94329815512629733,-0x1.03c3b8c5711b2p+0,-0x1.e2f7f9cd4a06ap-1,1.1471378626521378,1.2097927770214223,0x1.25aad3b418223p+0,0x1.35b4fabc3e78bp+0,-1.0265062017133881,-0.94329815512629733,-0x1.06c91c45800bep+0,-0x1.e2f7f9cd4a06ap-1,1.1368317407830968,1.2097927770214223,0x1.230767abb7d8bp+0,0x1.35b4fabc3e78bp+0,-2.0131960471485151,2.0616309700712008,-0x1.01b06877783c8p+1,0x1.07e3860c70333p+1,-2.7032997893301021,2.4610649331786534,-0x1.5a05ba3d3a6dep+1,0x1.3b042cfcaad8dp+1,33,16,3,3,-1.0981168871745302e-09,8.8695443745778597e-10,-0x1.2dd91b372e899p-30,0x1.e79bbd6469932p-31,-1.0981119914011512e-07,8.8694954178080703e-08,-0x1.d7a2b0b874dbap-24,0x1.7cf1222960735p-24,0,0.0099999999989999998,0x0p+0,0x1.47ae147a548aep-7,54,54,3,100
flowstar_vdp_stock_reach_v1,stepwise,555,5.5499999999999998,0x1.6333333333333p+2,0.01,0x1.47ae147ae147bp-7,2,-1.003181345560068,-0.93114938734003705,-0x1.00d07e1f2344bp+0,-0x1.dcbf9ccca1bd1p-1,1.1570028457164747,1.2206499933651964,0x1.283156a7bb2f7p+0,0x1.387c84995dbb1p+0,-1.0150861802083444,-0.93114938734003705,-0x1.03dcb01a9dcc8p+0,-0x1.dcbf9ccca1bd1p-1,1.146536479682726,1.2206499933651964,0x1.25836a2be884dp+0,0x1.387c84995dbb1p+0,-2.0131960471485151,2.0616309700712008,-0x1.01b06877783c8p+1,0x1.07e3860c70333p+1,-2.7032997893301021,2.4610649331786534,-0x1.5a05ba3d3a6dep+1,0x1.3b042cfcaad8dp+1,33,16,3,3,-1.1159425642128251e-09,8.9998209856326987e-10,-0x1.32bf7a10bf902p-30,0x1.eec538598eef8p-31,-1.1159375803839323e-07,8.9997711479795771e-08,-0x1.df4aa271e5b54p-24,0x1.828987be27584p-24,0,0.0099999999989999998,0x0p+0,0x1.47ae147a548aep-7,55,55,3,100
flowstar_vdp_stock_reach_v1,stepwise,556,5.5600000000000005,0x1.63d70a3d70a3ep+2,0.01,0x1.47ae147ae147bp-7,2,-0.99155798140256368,-0.91889127307193508,-0x1.fbad7cdc6c6f6p-1,-0x1.d678eabcd8f7fp-1,1.1670202977175101,1.231677150367168,0x1.2ac1d79c7703p+0,0x1.3b4f31980eb5cp+0,-1.003568293028251,-0.91889127307193508,-0x1.00e9da05dbdfcp+0,-0x1.d678eabcd8f7fp-1,1.1563907825034836,1.231677150367168,0x1.280939f03f915p+0,0x1.3b4f31980eb5cp+0,-2.0131960471485151,2.0616309700712008,-0x1.01b06877783c8p+1,0x1.07e3860c70333p+1,-2.7032997893301021,2.4610649331786534,-0x1.5a05ba3d3a6dep+1,0x1.3b042cfcaad8dp+1,33,16,3,3,-1.1339735379746994e-09,9.1305664238706227e-10,-0x1.37b44b3658351p-30,0x1.f5f54c6f75145p-31,-1.1339684642989727e-07,9.1305156874442741e-08,-0x1.e70926b53a0f4p-24,0x1.882714e7a0bf6p-24,0,0.0099999999989999998,0x0p+0,0x1.47ae147a548aep-7,56,56,3,100
flowstar_vdp_stock_reach_v1,stepwise,557,5.5700000000000003,0x1.647ae147ae148p+2,0.01,0x1.47ae147ae147bp-7,2,-0.97983359598568009,-0.90652209781374382,-0x1.f5acbfc48fa74p-1,-0x1.d023aa166c352p-1,1.1771930788526246,1.2428772048359822,0x1.2d5c868ebfe3fp+0,0x1.3e2d3353b6e55p+0,-0.99195103068471446,-0.90652209781374382,-0x1.fbe101680c767p-1,-0x1.d023aa166c352p-1,1.1663974907061312,1.2428772048359822,0x1.2a9906a4b823ep+0,0x1.3e2d3353b6e55p+0,-2.0131960471485151,2.0616309700712008,-0x1.01b06877783c8p+1,0x1.07e3860c70333p+1,-2.7032997893301021,2.4610649331786534,-0x1.5a05ba3d3a6dep+1,0x1.3b042cfcaad8dp+1,33,16,3,3,-1.1522483818299138e-09,9.2621228359637386e-10,-0x1.3cba45883d97bp-30,0x1.fd30ca5cb6d5dp-31,-1.1522432166493485e-07,9.2620711842102822e-08,-0x1.eee27b41d3d71p-24,0x1.8dcd8cb56c12p-24,0,0.0099999999989999998,0x0p+0,0x1.47ae147a548aep-7,57,57,3,100
flowstar_vdp_stock_reach_v1,stepwise,558,5.5800000000000001,0x1.651eb851eb852p+2,0.01,0x1.47ae147ae147bp-7,2,-0.96800662204499099,-0.89404011733711652,-0x1.ef9e905ffd454p-1,-0x1.c9bfa0528cc21p-1,1.1875240800200082,1.2542531182275365,0x1.300193fee5ffp+0,0x1.4116bb7bb17b8p+0,-0.98023285523455628,-0.89404011733711652,-0x1.f5e114af64ed2p-1,-0x1.c9bfa0528cc21p-1,1.1765594788685114,1.2542531182275365,0x1.2d33008389ffdp+0,0x1.4116bb7bb17b8p+0,-2.0131960471485151,2.0616309700712008,-0x1.01b06877783c8p+1,0x1.07e3860c70333p+1,-2.7032997893301021,2.4610649331786534,-0x1.5a05ba3d3a6dep+1,0x1.3b042cfcaad8dp+1,33,16,3,3,-1.1706986038102612e-09,9.3937627504489809e-10,-0x1.41cc972efbf78p-30,0x1.0236ba91aabdbp-30,-1.1706933456145023e-07,9.393710168293499e-08,-0x1.f6cf18381e8d8p-24,0x1.9374ef822b21fp-24,0,0.0099999999989999998,0x0p+0,0x1.47ae147a548aep-7,58,58,3,100
flowstar_vdp_stock_reach_v1,stepwise,559,5.5899999999999999,0x1.65c28f5c28f5cp+2,0.01,0x1.47ae147ae147bp-7,2,-0.95607546344280747,-0.8814435576078995,-0x1.e982b91ffd63cp-1,-0x1.c34c91ea64429p-1,1.1980162147958107,1.2658078596259179,0x1.32b130cea02f1p+0,0x1.440bfbe01cf29p+0,-0.96841220001136641,-0.8814435576078995,-0x1.efd3b9503145p-1,-0x1.c34c91ea64429p-1,1.1868796469256875,1.2658078596259179,0x1.2fd75833d5778p+0,0x1.440bfbe01cf29p+0,-2.0131960471485151,2.0616309700712008,-0x1.01b06877783c8p+1,0x1.07e3860c70333p+1,-2.7032997893301021,2.4610649331786534,-0x1.5a05ba3d3a6dep+1,0x1.3b042cfcaad8dp+1,33,16,3,3,-1.1893074856443699e-09,9.5252778559768512e-10,-0x1.46ea12ff283c7p-30,0x1.05d42f1f01235p-30,-1.1893021330861207e-07,9.525224329974338e-08,-0x1.fecd27056fa71p-24,0x1.991af2f6e514ep-24,0,0.0099999999989999998,0x0p+0,0x1.47ae147a548aep-7,59,59,3,100
flowstar_vdp_stock_reach_v1,stepwise,560,5.6000000000000005,0x1.6666666666667p+2,0.01,0x1.47ae147ae147bp-7,2,-0.94403849494341907,-0.86873061473529489,-0x1.e359037be4e34p-1,-0x1.bcca4256a4e6p-1,1.2086724195029821,1.2775444000925138,0x1.356b8e4157ae2p+0,0x1.470d265995d55p+0,-0.95648746937256401,-0.86873061473529489,-0x1.e9b8b9bffa598p-1,-0x1.bcca4256a4e6p-1,1.1973609205200828,1.2775444000925138,0x1.32863ecb2467fp+0,0x1.470d265995d55p+0,-2.0131960471485151,2.0616309700712008,-0x1.01b06877783c8p+1,0x1.07e3860c70333p+1,-2.7032997893301021,2.4610649331786534,-0x1.5a05ba3d3a6dep+1,0x1.3b042cfcaad8dp+1,33,16,3,3,-1.2080562499395535e-09,9.6564411222998866e-10,-0x1.4c1166b551ef8p-30,0x1.096f29db25d4p-30,-1.2080508018500505e-07,9.6563866407946427e-08,-0x1.036d4b90d85fep-23,0x1.9ebd180c5b444p-24,0,0.0099999999989999998,0x0p+0,0x1.47ae147a548aep-7,60,60,3,100
flowstar_vdp_stock_reach_v1,stepwise,561,5.6100000000000003,0x1.670a3d70a3d71p+2,0.01,0x1.47ae147ae147bp-7,2,-0.93189406200877378,-0.85589945495926012,-0x1.dd2137ef541c7p-1,-0x1.b638740f6db1dp-1,1.2194956501649483,1.2894657095527646,0x1.3830ddef129d2p+0,0x1.4a1a6cbbd7b1fp+0,-0.94445703846398532,-0.85589945495926012,-0x1.e38fdf795c12dp-1,-0x1.b638740f6db1dp-1,1.2080062482558336,1.2894657095527646,0x1.353fe5c19f59bp+0,0x1.4a1a6cbbd7b1fp+0,-2.0131960471485151,2.0616309700712008,-0x1.01b06877783c8p+1,0x1.07e3860c70333p+1,-2.7032997893301021,2.4610649331786534,-0x1.5a05ba3d3a6dep+1,0x1.3b042cfcaad8dp+1,33,16,3,3,-1.2269243962047741e-09,9.7870106639890638e-10,-0x1.51412103a5202p-30,0x1.0d05f70821be6p-30,-1.2269188516093386e-07,9.7869552172692725e-08,-0x1.077a93c2565adp-23,0x1.a458b5eb223a3p-24,0,0.0099999999989999998,0x0p+0,0x1.47ae147a548aep-7,61,61,3,100
flowstar_vdp_stock_reach_v1,stepwise,562,5.6200000000000001,0x1.67ae147ae147bp+2,0.01,0x1.47ae147ae147bp-7,2,-0.9196404806169709,-0.84294821467974457,-0x1.d6db1df8a7bccp-1,-0x1.af96e88c8acc5p-1,1.2304888826082907,1.3015747499167847,0x1.3b0151c4e4e9cp+0,0x1.4d3400b83124ep+0,-0.93231925300417462,-0.84294821467974457,-0x1.dd58f2fa2b0c8p-1,-0x1.af96e88c8acc5p-1,1.2188186021215035,1.3015747499179295,0x1.38047ef3de488p+0,0x1.4d3400b832672p+0,-2.0131960471485151,2.0616309700712008,-0x1.01b06877783c8p+1,0x1.07e3860c70333p+1,-2.7032997893301021,2.4610649331786534,-0x1.5a05ba3d3a6dep+1,0x1.3b042cfcaad8dp+1,33,16,3,3,-1.2458886056853022e-09,9.9167193727782482e-10,-0x1.56779dd75b5dep-30,0x1.1096b57802cd6p-30,-1.2458829638212414e-07,9.9166629532551671e-08,-0x1.0b8d23e94a424p-23,0x1.a9eadcbcf7592p-24,0,0.0099999999989999998,0x0p+0,0x1.47ae147a548aep-7,62,62,3,100
flowstar_vdp_stock_reach_v1,stepwise,563,5.6299999999999999,0x1.6851eb851eb85p+2,0.01,0x1.47ae147ae147bp-7,2,-0.90727603710610694,-0.82987500053159724,-0x1.d0867c17a1637p-1,-0x1.a8e560461a35fp-1,1.2416551048284301,1.3138744752780425,0x1.3ddd1be426498p+0,0x1.505a13de5e4c6p+0,-0.9200724290907113,-0.82987500053159724,-0x1.d713bbc1cab15p-1,-0x1.a8e560461a35fp-1,1.2298009700245587,1.3138744754578096,0x1.3ad43c82d834dp+0,0x1.505a13df23f45p+0,-2.0131960471485151,2.0616309700712008,-0x1.01b06877783c8p+1,0x1.07e3860c70333p+1,-2.7032997893301021,2.4610649331786534,-0x1.5a05ba3d3a6dep+1,0x1.3b042cfcaad8dp+1,33,16,3,3,-1.2649223318591753e-09,1.0045271478530796e-09,-0x1.5bb2fef83b456p-30,0x1.141f505ae2818p-30,-1.2649165921930093e-07,1.0045214080907871e-07,-0x1.0fa3866a9aa9fp-23,0x1.af704bfea94f6p-24,0,0.0099999999989999998,0x0p+0,0x1.47ae147a548aep-7,63,63,3,100
flowstar_vdp_stock_reach_v1,stepwise,564,5.6399999999999997,0x1.68f5c28f5c28fp+2,0.01,0x1.47ae147ae147bp-7,2,-0.89479898842532479,-0.81667788912622941,-0x1.ca2317cf8fb1bp-1,-0x1.a2239ab253b24p-1,1.2529972462200192,1.3263678952903211,0x1.40c46d727e38p+0,0x1.538cd8acbc7cfp+0,-0.90771485341019775,-0.81667788912622941,-0x1.d0c00052faffep-1,-0x1.a2239ab253b24p-1,1.2409562859002237,1.326367895664943,0x1.3daf4fa7b503ap+0,0x1.538cd8ae5863ap+0,-2.0131960471485151,2.0616309700712008,-0x1.01b06877783c8p+1,0x1.07e3860c70333p+1,-2.7032997893301021,2.4610649331786534,-0x1.5a05ba3d3a6dep+1,0x1.3b042cfcaad8dp+1,33,15,3,3,-1.2839967250302445e-09,1.0172352518982743e-09,-0x1.60f13cb0874ep-30,0x1.179d9134a177cp-30,-1.2839908872783827e-07,1.0172294140467533e-07,-0x1.13bc254131fa9p-23,0x1.b4e58e9014ffap-24,0,0.0099999999989999998,0x0p+0,0x1.47ae147a548aep-7,64,64,3,100
flowstar_vdp_stock_reach_v1,stepwise,565,5.6500000000000004,0x1.699999999999ap+2,0.01,0x1.47ae147ae147bp-7,2,-0.88220845255532931,-0.80335403672446304,-0x1.c3b0d387f5b66p-1,-0x1.9b513865aeab7p-1,1.2645184765375896,1.3390577646006345,0x1.43b77b9deaac4p+0,0x1.56cc7d5a6a22bp+0,-0.89524567361393592,-0.80335403672446304,-0x1.ca5da4141d5c5p-1,-0x1.9b513865aeab7p-1,1.252287728562046,1.3390577651874014,0x1.4095edb75b2a3p+0,0x1.56cc7d5cef4aep+0,-2.0131960471485151,2.0616309700712008,-0x1.01b06877783c8p+1,0x1.07e3860c70333p+1,-2.7032997893301021,2.4610649331786534,-0x1.5a05ba3d3a6dep+1,0x1.3b042cfcaad8dp+1,33,15,3,3,-1.303127021540907e-09,1.0298018018809986e-09,-0x1.6633697979a1ep-30,0x1.1b11dc0b7c661p-30,-1.3031210856640588e-07,1.0297958659056283e-07,-0x1.17d7d6dca6f8cp-23,0x1.ba4b40bcbc864p-24,0,0.0099999999989999998,0x0p+0,0x1.47ae147a548aep-7,65,65,3,100
flowstar_vdp_stock_reach_v1,stepwise,566,5.6600000000000001,0x1.6a3d70a3d70a4p+2,0.01,0x1.47ae147ae147bp-7,2,-0.86950290059670898,-0.78990118732217451,-0x1.bd2f7bf3ae15p-1,-0x1.946dedad3d993p-1,1.2762217499544808,1.3519470314693338,0x1.46b677f67f962p+0,0x1.5a19335e15c74p+0,-0.88266339035738861,-0.78990118732217451,-0x1.c3ec74b5ec454p-1,-0x1.946dedad3d993p-1,1.2637982663382528,1.3519470322866478,0x1.4388487eaa0f2p+0,0x1.5a193361986cbp+0,-2.0131960471485151,2.0616309700712008,-0x1.01b06877783c8p+1,0x1.07e3860c70333p+1,-2.7032997893301021,2.4610649331786534,-0x1.5a05ba3d3a6dep+1,0x1.3b042cfcaad8dp+1,33,15,3,3,-1.3222916660884866e-09,1.0422013680560113e-09,-0x1.6b780104c8885p-30,0x1.1e7a66c573265p-30,-1.3222856322797449e-07,1.0421953341546654e-07,-0x1.1bf56be0a6623p-23,0x1.bf9e96bdac883p-24,0,0.0099999999989999998,0x0p+0,0x1.47ae147a548aep-7,66,66,3,100
flowstar_vdp_stock_reach_v1,stepwise,567,5.6699999999999999,0x1.6ae147ae147aep+2,0.01,0x1.47ae147ae147bp-7,2,-0.85667936137018552,-0.77631846829680973,-0x1.b69ead607c794p-1,-0x1.8d799d413b315p-1,1.2881101031220048,1.3650385308383661,0x1.49c1956e8e63p+0,0x1.5d732a47bb0d3p+0,-0.86996506184728206,-0.77631846829680973,-0x1.bd6c0f8297e84p-1,-0x1.8d799d413b315p-1,1.2754909555727922,1.3650385319057978,0x1.4686934487681p+0,0x1.5d732a4c50b48p+0,-2.0131960471485151,2.0616309700712008,-0x1.01b06877783c8p+1,0x1.07e3860c70333p+1,-2.7032997893301021,2.4610649331786534,-0x1.5a05ba3d3a6dep+1,0x1.3b042cfcaad8dp+1,33,15,3,3,-1.3413931405878034e-09,1.0543451120681587e-09,-0x1.70b82697a9c5fp-30,0x1.21d0f103ec073p-30,-1.3413870093614958e-07,1.0543389807605976e-07,-0x1.200f87dc6a81fp-23,0x1.c4d5cc0166a7p-24,0,0.0099999999989999998,0x0p+0,0x1.47ae147a548aep-7,67,67,3,100
flowstar_vdp_stock_reach_v1,stepwise,568,5.6799999999999997,0x1.6b851eb851eb8p+2,0.01,0x1.47ae147ae147bp-7,2,-0.84373597031220648,-0.76260384192917852,-0x1.affe293de6462p-1,-0x1.867402c1c790ap-1,1.30018655771557,1.3783350670471188,0x1.4cd906b816521p+0,0x1.60da9123e5b84p+0,-0.85714885267949603,-0.76260384192917852,-0x1.b6dc36e41fed5p-1,-0x1.867402c1c790ap-1,1.2873688436413795,1.3783350683854645,0x1.49910129543d7p+0,0x1.60da9129a53f1p+0,-2.0131960471485151,2.0616309700712008,-0x1.01b06877783c8p+1,0x1.07e3860c70333p+1,-2.7032997893301021,2.4610649331786534,-0x1.5a05ba3d3a6dep+1,0x1.3b042cfcaad8dp+1,33,15,3,3,-1.3603887164574979e-09,1.0661903989425171e-09,-0x1.75f0d877503c8p-30,0x1.25127abbc8e3cp-30,-1.3603824886976508e-07,1.0661841711182607e-07,-0x1.2423d1775815p-23,0x1.c9ec307935deep-24,0,0.0099999999989999998,0x0p+0,0x1.47ae147a548aep-7,68,68,3,100
flowstar_vdp_stock_reach_v1,stepwise,569,5.6900000000000004,0x1.6c28f5c28f5c3p+2,0.01,0x1.47ae147ae147bp-7,2,-0.83067083281313459,-0.74875524255957493,-0x1.a94daff958d49p-1,-0x1.7f5cd8df00fbep-1,1.3124541290801108,1.3918393940174267,0x1.4ffcfe69e6348p+0,0x1.644f962696dccp+0,-0.84421289711470338,-0.74875524255957493,-0x1.b03cac3ff0292p-1,-0x1.7f5cd8df00fbep-1,1.2994349780962686,1.3918393956487667,0x1.4ca7c54e33b3p+0,0x1.644f962d988a2p+0,-2.0131960471485151,2.0616309700712008,-0x1.01b06877783c8p+1,0x1.07e3860c70333p+1,-2.7032997893301021,2.4610649331786534,-0x1.5a05ba3d3a6dep+1,0x1.3b042cfcaad8dp+1,33,15,3,3,-1.3792315291258322e-09,1.0776914249979466e-09,-0x1.7b1eca670b384p-30,0x1.283bcaccd7951p-30,-1.3792252060625535e-07,1.0776851018932093e-07,-0x1.282fb52344432p-23,0x1.cedcbae54b5dp-24,0,0.0099999999989999998,0x0p+0,0x1.47ae147a548aep-7,69,69,3,100
flowstar_vdp_stock_reach_v1,stepwise,570,5.7000000000000002,0x1.6cccccccccccdp+2,0.01,0x1.47ae147ae147bp-7,2,-0.81748202432105932,-0.73477057711771443,-0x1.a28d00ff0dbc3p-1,-0x1.7833d95d9137ep-1,1.3249158186417729,1.4055542094039659,0x1.532daedf04fccp+0,0x1.67d266922529dp+0,-0.83115529911448649,-0.73477057711771443,-0x1.a98d2ff73008dp-1,-0x1.7833d95d9137ep-1,1.3116923996081016,1.4055542113517236,0x1.4fcb12b6ba82ep+0,0x1.67d2669a82beep+0,-2.0131960471485151,2.0616309700712008,-0x1.01b06877783c8p+1,0x1.07e3860c70333p+1,-2.7032997893301021,2.4610649331786534,-0x1.5a05ba3d3a6dep+1,0x1.3b042cfcaad8dp+1,33,15,3,3,-1.3978702743435928e-09,1.088799058118717e-09,-0x1.803e602fc3feap-30,0x1.2b496c2133f79p-30,-1.3978638573796149e-07,1.0887926411422821e-07,-0x1.2c3060d5c4826p-23,0x1.d3a20454b0ff1p-24,0,0.0099999999989999998,0x0p+0,0x1.47ae147a548aep-7,70,70,3,100
flowstar_vdp_stock_reach_v1,stepwise,571,5.71,0x1.6d70a3d70a3d7p+2,0.01,0x1.47ae147ae147bp-7,2,-0.8041675905142478,-0.72064772572328917,-0x1.9bbbdabb860c8p-1,-0x1.70f8bd1bd62c1p-1,1.3375746094339112,1.4194821446077872,0x1.566b4a237a86fp+0,0x1.6b632e8c58acfp+0,-0.81797413244063177,-0.72064772572328917,-0x1.a2cd81679cebcp-1,-0x1.70f8bd1bd62c1p-1,1.3241441380543049,1.4194821468967884,0x1.52fb1c3822232p+0,0x1.6b632e962d758p+0,-2.0131960471485151,2.0616309700712008,-0x1.01b06877783c8p+1,0x1.07e3860c70333p+1,-2.7032997893301021,2.4610649331786534,-0x1.5a05ba3d3a6dep+1,0x1.3b042cfcaad8dp+1,33,15,3,3,-1.4162489144646168e-09,1.0994607002473047e-09,-0x1.854ba855730e7p-30,0x1.2e37ab332410cp-30,-1.4162424055035367e-07,1.0994541913094707e-07,-0x1.3022bfe7c0ed2p-23,0x1.d836444a114f8p-24,0,0.0099999999989999998,0x0p+0,0x1.47ae147a548aep-7,71,71,3,100
flowstar_vdp_stock_reach_v1,stepwise,572,5.7199999999999998,0x1.6e147ae147ae1p+2,0.01,0x1.47ae147ae147bp-7,2,-0.79072554754125879,-0.70638454237014903,-0x1.94d9fa9d9a511p-1,-0x1.69ab3c17c26a3p-1,1.3504334592111957,1.4336257559604642,0x1.59b601d6bc79fp+0,0x1.6f0218f88db04p+0,-0.80466744081629471,-0.70638454237014903,-0x1.9bfd5eecec8b7p-1,-0x1.69ab3c17c26a3p-1,1.3367932062292529,1.4336257586169969,0x1.5638145e45062p+0,0x1.6f021903f693cp+0,-2.0131960471485151,2.0616309700712008,-0x1.01b06877783c8p+1,0x1.07e3860c70333p+1,-2.7032997893301021,2.4610649331786534,-0x1.5a05ba3d3a6dep+1,0x1.3b042cfcaad8dp+1,33,15,3,3,-1.434306381193669e-09,1.1096201602058679e-09,-0x1.8a4256bc4ac24p-30,0x1.310293c29628cp-30,-1.4342997825934906e-07,1.10961356167153e-07,-0x1.340376e523f7fp-23,0x1.dc934d2497345p-24,0,0.0099999999989999998,0x0p+0,0x1.47ae147a548aep-7,72,72,3,100
flowstar_vdp_stock_reach_v1,stepwise,573,5.7300000000000004,0x1.6eb851eb851ecp+2,0.01,0x1.47ae147ae147bp-7,2,-0.7771538824074099,-0.69197885562708294,-0x1.8de71d19cc6b3p-1,-0x1.624b0d74e2372p-1,1.3634953078041707,1.4479875004734331,0x1.5d0e074b44b3bp+0,0x1.72af4f0f8cd89p+0,-0.79123323822738567,-0.69197885562708294,-0x1.951c85e363bcap-1,-0x1.624b0d74e2372p-1,1.3496426078299733,1.447987503525306,0x1.59822d8deafacp+0,0x1.72af4f1ca86a7p+0,-2.0131960471485151,2.0616309700712008,-0x1.01b06877783c8p+1,0x1.07e3860c70333p+1,-2.7032997893301021,2.4610649331786534,-0x1.5a05ba3d3a6dep+1,0x1.3b042cfcaad8dp+1,33,15,3,3,-1.4538446433854098e-09,1.121085953327929e-09,-0x1.8fa138c6ddb53p-30,0x1.342969206af1ap-30,-1.4538379579353723e-07,1.1210792679934884e-07,-0x1.383596447dea9p-23,0x1.e17ff815bdc0ap-24,0,0.0099999999989999998,0x0p+0,0x1.47ae147a548aep-7,73,73,3,100
flowstar_vdp_stock_reach_v1,stepwise,574,5.7400000000000002,0x1.6f5c28f5c28f6p+2,0.01,0x1.47ae147ae147bp-7,2,-0.763450552810227,-0.67742847006414075,-0x1.86e2fda8ddb83p-1,-0x1.5ad7e7889c0ebp-1,1.3767630553026224,1.4625697395086985,0x1.60738b28dda54p+0,0x1.766af86f4f212p+0,-0.77766950866644236,-0.67742847006414075,-0x1.8e2ab2a5a3345p-1,-0x1.5ad7e7889c0ebp-1,1.3626953163071593,1.4625697429852997,0x1.5cd999a9f39dbp+0,0x1.766af87e3db16p+0,-2.0131960471485151,2.0616309700712008,-0x1.01b06877783c8p+1,0x1.07e3860c70333p+1,-2.7032997893301021,2.4610649331786534,-0x1.5a05ba3d3a6dep+1,0x1.3b042cfcaad8dp+1,33,15,3,3,-1.4735223736214171e-09,1.1325251727545571e-09,-0x1.9509eb4045136p-30,0x1.374e5fc8b591ap-30,-1.4735156045561492e-07,1.1325184038620974e-07,-0x1.3c6f6086153c1p-23,0x1.e669b7229903cp-24,0,0.0099999999989999998,0x0p+0,0x1.47ae147a548aep-7,74,74,3,100
flowstar_vdp_stock_reach_v1,stepwise,575,5.75,0x1.7p+2,0.01,0x1.47ae147ae147bp-7,2,-0.74961348835347386,-0.66273116649333519,-0x1.7fcd56d23cbf5p-1,-0x1.53517fdc41f2dp-1,1.3902394924781969,1.4773747885034483,0x1.63e6bc41cd2ebp+0,0x1.7a353bf08ea67p+0,-0.76397420724821929,-0.66273116649333519,-0x1.8727a0963cbcdp-1,-0x1.53517fdc41f2dp-1,1.3759542059933318,1.4773747924358021,0x1.603e88eb88f64p+0,0x1.7a353c017251ap+0,-2.0131960471485151,2.0616309700712008,-0x1.01b06877783c8p+1,0x1.07e3860c70333p+1,-2.7032997893301021,2.4610649331786534,-0x1.5a05ba3d3a6dep+1,0x1.3b042cfcaad8dp+1,33,15,3,3,-1.4928555868005913e-09,1.1434642938159153e-09,-0x1.9a5a5f752df3cp-30,0x1.3a5025785c9f2p-30,-1.492848737821216e-07,1.1434574450740906e-07,-0x1.40963a2f7f6a4p-23,0x1.eb1c79c5adf46p-24,0,0.0099999999989999998,0x0p+0,0x1.47ae147a548aep-7,75,75,3,100
flowstar_vdp_stock_reach_v1,stepwise,576,5.7599999999999998,0x1.70a3d70a3d70ap+2,0.01,0x1.47ae147ae147bp-7,2,-0.73564059144343708,-0.64788470270863119,-0x1.78a5e233b8255p-1,-0x1.4bb78b336cac8p-1,1.4039273754173724,1.49240482204076,0x1.6767c8d360715p+0,0x1.7e0e3e0f0ec9ap+0,-0.75014526100028289,-0.64788470270863119,-0x1.80130a267dbf3p-1,-0x1.4bb78b336cac8p-1,1.3894221274806133,1.4924048264615812,0x1.63b12b25de33cp+0,0x1.7e0e3e220b883p+0,-2.0131960471485151,2.0616309700712008,-0x1.01b06877783c8p+1,0x1.07e3860c70333p+1,-2.7032997893301021,2.4610649331786534,-0x1.5a05ba3d3a6dep+1,0x1.3b042cfcaad8dp+1,33,15,3,3,-1.5117705721966618e-09,1.1538422964222378e-09,-0x1.9f8d658ade8b9p-30,0x1.3d2a6ef1e16dfp-30,-1.511763647490302e-07,1.1538353720258294e-07,-0x1.44a615df9b903p-23,0x1.ef918a7267647p-24,0,0.0099999999989999998,0x0p+0,0x1.47ae147a548aep-7,76,76,3,100
flowstar_vdp_stock_reach_v1,stepwise,577,5.7700000000000005,0x1.7147ae147ae15p+2,0.01,0x1.47ae147ae147bp-7,2,-0.72152973683027732,-0.63288681585304241,-0x1.716c587d8e182p-1,-0x1.4409bda05118bp-1,1.4178294553486244,1.5076618194734892,0x1.6af6df0607202p+0,0x1.81f620001105ap+0,-0.73618056829102085,-0.63288681585304241,-0x1.78eca8d185713p-1,-0x1.4409bda05118bp-1,1.4031019382332623,1.5076618244172355,0x1.6731b049aa83dp+0,0x1.81f620154cba8p+0,-2.0131960471485151,2.0616309700712008,-0x1.01b06877783c8p+1,0x1.07e3860c70333p+1,-2.7032997893301021,2.4610649331786534,-0x1.5a05ba3d3a6dep+1,0x1.3b042cfcaad8dp+1,33,15,3,3,-1.530185933425128e-09,1.1635932451623067e-09,-0x1.a49d4332c55b5p-30,0x1.3fd8986bd9fffp-30,-1.5301789376832356e-07,1.1635862498107041e-07,-0x1.489a7a0ad92b9p-23,0x1.f3c1a941b28d8p-24,0,0.0099999999989999998,0x0p+0,0x1.47ae147a548aep-7,77,77,3,100
flowstar_vdp_stock_reach_v1,stepwise,578,5.7800000000000002,0x1.71eb851eb851fp+2,0.01,0x1.47ae147ae147bp-7,2,-0.70727877468076239,-0.61773522140541648,-0x1.6a20718cd151dp-1,-0x1.3c47ca7b0c131p-1,1.4319479653364866,1.5231480593224722,0x1.6e942450b1a6dp+0,0x1.85ed07fdc181cp+0,-0.7220780017809727,-0.61773522140541648,-0x1.71b435359ee0ap-1,-0x1.3c47ca7b0c131p-1,1.4169959901089146,1.5231480648253923,0x1.6ac03fcc14b7bp+0,0x1.85ed081564081p+0,-2.0131960471485151,2.0616309700712008,-0x1.01b06877783c8p+1,0x1.07e3860c70333p+1,-2.7032997893301021,2.4610649331786534,-0x1.5a05ba3d3a6dep+1,0x1.3b042cfcaad8dp+1,33,15,3,3,-1.5480123568083481e-09,1.1726463351803826e-09,-0x1.a983af7e3ef28p-30,0x1.4255a66482f0dp-30,-1.5480052952440447e-07,1.1726392740942298e-07,-0x1.4c6e7db8a9b45p-23,0x1.f7a50d3c8fae3p-24,0,0.0099999999989999998,0x0p+0,0x1.47ae147a548aep-7,78,78,3,100
flowstar_vdp_stock_reach_v1,stepwise,579,5.79,0x1.728f5c28f5c29p+2,0.01,0x1.47ae147ae147bp-7,2,-0.69288552671783032,-0.60242761941014322,-0x1.62c1e44a3fe7dp-1,-0x1.3471649725bcp-1,1.4462854998657861,1.5388652086546952,0x1.723fc43a9a41ap+0,0x1.89f312001fc72p+0,-0.70783540443250548,-0.60242761941014322,-0x1.6a6966f1fa228p-1,-0x1.3471649725bcp-1,1.4311070098129659,1.5388652147548725,0x1.6e5d076c39192p+0,0x1.89f3121a52fe6p+0,-2.0131960471485151,2.0616309700712008,-0x1.01b06877783c8p+1,0x1.07e3860c70333p+1,-2.7032997893301021,2.4610649331786534,-0x1.5a05ba3d3a6dep+1,0x1.3b042cfcaad8dp+1,33,15,3,3,-1.5651524163346386e-09,1.1809259864210568e-09,-0x1.ae39cf5b1e489p-30,0x1.449c47546024ap-30,-1.5651452946978176e-07,1.1809188653580315e-07,-0x1.501cc5c4c9116p-23,0x1.fb3367032b81fp-24,0,0.0099999999989999998,0x0p+0,0x1.47ae147a548aep-7,79,79,3,100
flowstar_vdp_stock_reach_v1,stepwise,580,5.7999999999999998,0x1.7333333333333p+2,0.01,0x1.47ae147ae147bp-7,2,-0.67834778820218633,-0.58696169511413465,-0x1.5b5066bb48dedp-1,-0x1.2c863e490a347p-1,1.4608448898486357,1.5548144223288187,0x1.75f9ee426db99p+0,0x1.8e085167405c5p+0,-0.69345059135260123,-0.58696169511413465,-0x1.630bf4b680a82p-1,-0x1.2c863e490a347p-1,1.4454379748197212,1.5548144290662089,0x1.7208391e3f46dp+0,0x1.8e08518430331p+0,-2.0131960471485151,2.0616309700712008,-0x1.01b06877783c8p+1,0x1.07e3860c70333p+1,-2.7032997893301021,2.4610649331786534,-0x1.5a05ba3d3a6dep+1,0x1.3b042cfcaad8dp+1,33,15,3,3,-1.5903982028521089e-09,1.1972497974246289e-09,-0x1.b52a5303d33acp-30,0x1.4918f6f759229p-30,-1.590391027465399e-07,1.1972426227147371e-07,-0x1.5588abdeeee8ep-23,0x1.011b1bf79fc72p-23,0,0.0099999999989999998,0x0p+0,0x1.47ae147a548aep-7,80,80,3,100
flowstar_vdp_stock_reach_v1,stepwise,581,5.8100000000000005,0x1.73d70a3d70a3ep+2,0.01,0x1.47ae147ae147bp-7,2,-0.66366333172529746,-0.57133511807709314,-0x1.53cbae22a10cfp-1,-0x1.2486095e65136p-1,1.4756285471371404,1.5709969690697627,0x1.79c2cadeff7dcp+0,0x1.922cdb7c450eap+0,-0.67892135343767834,-0.57133511807709314,-0x1.5b9b9463244b2p-1,-0x1.2486095e65136p-1,1.4599914588441765,1.5709969764862259,0x1.75c200102cd14p+0,0x1.922cdb9c1f8b7p+0,-2.0131960471485151,2.0616309700712008,-0x1.01b06877783c8p+1,0x1.07e3860c70333p+1,-2.7032997893301021,2.4610649331786534,-0x1.5a05ba3d3a6dep+1,0x1.3b042cfcaad8dp+1,33,15,3,3,-1.6312448738936544e-09,1.2291426509018822e-09,-0x1.c064a73991142p-30,0x1.51dd3989d126p-30,-1.6312376516630536e-07,1.2291354294579621e-07,-0x1.5e4e3d00255dbp-23,0x1.07f46f51ad016p-23,0,0.0099999999989999998,0x0p+0,0x1.47ae147a548aep-7,81,81,3,100
flowstar_vdp_stock_reach_v1,stepwise,582,5.8200000000000003,0x1.747ae147ae148p+2,0.01,0x1.47ae147ae147bp-7,2,-0.64882990687741038,-0.55554554571046577,-0x1.4c336efd69106p-1,-0x1.1c70773c87a41p-1,1.490638745856991,1.5874139187937621,0x1.7d9a80379b32p+0,0x1.9660c2326f356p+0,-0.66424545688361503,-0.55554554571046577,-0x1.5417fb03a9d53p-1,-0x1.1c70773c87a41p-1,1.4747699141803521,1.5874139269330851,0x1.798a85668782cp+0,0x1.9660c255647d2p+0,-2.0131960471485151,2.0616309700712008,-0x1.01b06877783c8p+1,0x1.07e3860c70333p+1,-2.7032997893301021,2.4610649331786534,-0x1.5a05ba3d3a6dep+1,0x1.3b042cfcaad8dp+1,33,15,3,3,-1.6725017391163433e-09,1.2614481467724313e-09,-0x1.cbbbd8d6140d8p-30,0x1.5abe859d710a2p-30,-1.6724944774825421e-07,1.261440886041774e-07,-0x1.672a5b3474a6ep-23,0x1.0ee47233764d1p-23,0,0.0099999999989999998,0x0p+0,0x1.47ae147a548aep-7,82,82,3,100
flowstar_vdp_stock_reach_v1,stepwise,583,5.8300000000000001,0x1.751eb851eb852p+2,0.01,0x1.47ae147ae147bp-7,2,-0.63384524315844326,-0.53959062389699741,-0x1.44875d1c2e6ddp-1,-0x1.144538e5bb4f6p-1,1.5058773024545029,1.6040664291874589,0x1.81812cc5d4aebp+0,0x1.9aa418f5f8bd2p+0,-0.64942064592837312,-0.53959062389699741,-0x1.4c80dce73818p-1,-0x1.144538e5bb4f6p-1,1.4897753527992774,1.6040664380953689,0x1.7d61eae2a8e5fp+0,0x1.9aa4191c3b16ep+0,-2.0131960471485151,2.0616309700712008,-0x1.01b06877783c8p+1,0x1.07e3860c70333p+1,-2.7032997893301021,2.4610649331786534,-0x1.5a05ba3d3a6dep+1,0x1.3b042cfcaad8dp+1,33,15,3,3,-1.7140668600583991e-09,1.2941037097155838e-09,-0x1.d728bb7d2e598p-30,0x1.63b873f07d891p-30,-1.7140595670402069e-07,1.2940964177228098e-07,-0x1.70176bd5ee347p-23,0x1.15e7b3f3b5d9ap-23,0,0.0099999999989999998,0x0p+0,0x1.47ae147a548aep-7,83,83,3,100
flowstar_vdp_stock_reach_v1,stepwise,584,5.8399999999999999,0x1.75c28f5c28f5cp+2,0.01,0x1.47ae147ae147bp-7,2,-0.61870704676331689,-0.52346799408043931,-0x1.3cc72b874e6ecp-1,-0x1.0c03ff36280afp-1,1.5213464551376377,1.6209548307198407,0x1.8576f616b3a1ap+0,0x1.9ef6e5523c248p+0,-0.63444463945831364,-0.52346799408043931,-0x1.44d5ed833122cp-1,-0x1.0c03ff36280afp-1,1.505010226887485,1.6209548404440071,0x1.814859a8a095fp+0,0x1.9ef6e57bfffap+0,-2.0131960471485151,2.0616309700712008,-0x1.01b06877783c8p+1,0x1.07e3860c70333p+1,-2.7032997893301021,2.4610649331786534,-0x1.5a05ba3d3a6dep+1,0x1.3b042cfcaad8dp+1,33,15,3,3,-1.7558773301241048e-09,1.3270914071990145e-09,-0x1.e2a6e1f5682d9p-30,0x1.6cc9c177c13c1p-30,-1.7558700143217246e-07,1.3270840925492815e-07,-0x1.7911f991c4addp-23,0x1.1cfd3833c1624p-23,0,0.0099999999989999998,0x0p+0,0x1.47ae147a548aep-7,84,84,3,100
flowstar_vdp_stock_reach_v1,stepwise,585,5.8500000000000005,0x1.7666666666667p+2,0.01,0x1.47ae147ae147bp-7,2,-0.60341300585568169,-0.50717529223311586,-0x1.34f28cac432dep-1,-0x1.03ac7adaf600ep-1,1.5370481224736579,1.6380793303032619,0x1.897bfc5a670e6p+0,0x1.a3592abfe7f5ap+0,-0.61931513609170641,-0.50717529223311586,-0x1.3d16df9edd03ap-1,-0x1.03ac7adaf600ep-1,1.5204766885887031,1.6380793408932854,0x1.853df5d3d1a09p+0,0x1.a3592aed63d04p+0,-2.0131960471485151,2.0616309700712008,-0x1.01b06877783c8p+1,0x1.07e3860c70333p+1,-2.7032997893301021,2.4610649331786534,-0x1.5a05ba3d3a6dep+1,0x1.3b042cfcaad8dp+1,33,15,3,3,-1.7982048399113683e-09,1.3607340862069837e-09,-0x1.ee496a967cdbp-30,0x1.7609261828875p-30,-1.7981975105069384e-07,1.3607267580864487e-07,-0x1.8228f41e9b282p-23,0x1.2436bea08975ep-23,0,0.0099999999989999998,0x0p+0,0x1.47ae147a548aep-7,85,85,3,100
flowstar_vdp_stock_reach_v1,stepwise,586,5.8600000000000003,0x1.770a3d70a3d71p+2,0.01,0x1.47ae147ae147bp-7,2,-0.58796079147382174,-0.49071015258031009,-0x1.2d0932656bb1bp-1,-0x1.f67cb8e49724fp-2,1.5529839772554046,1.6554398973624147,0x1.8d905ba18622fp+0,0x1.a7cae8bbaa487p+0,-0.60402981488274066,-0.49071015258031009,-0x1.3543655975ea9p-1,-0x1.f67cb8e49724fp-2,1.5361766650604645,1.6554399088698017,0x1.8942dfb950237p+0,0x1.a7cae8ed16c9fp+0,-2.0131960471485151,2.0616309700712008,-0x1.01b06877783c8p+1,0x1.07e3860c70333p+1,-2.7032997893301021,2.4610649331786534,-0x1.5a05ba3d3a6dep+1,0x1.3b042cfcaad8dp+1,33,15,3,3,-1.8407756738226838e-09,1.3948158977920371e-09,-0x1.f9fd128e0781dp-30,0x1.7f67716e20b65p-30,-1.8404667432442417e-07,1.3945070596481628e-07,-0x1.8b3cbaaf4003p-23,0x1.2b77d61b5b8b4p-23,0,0.0099999999989999998,0x0p+0,0x1.47ae147a548aep-7,86,86,3,100
flowstar_vdp_stock_reach_v1,stepwise,587,5.8700000000000001,0x1.77ae147ae147bp+2,0.01,0x1.47ae147ae147bp-7,2,-0.57234806030448071,-0.47407020986933773,-0x1.250ace11dfa1bp-1,-0x1.e572a93d962e9p-2,1.5691553280240105,1.6730363398389523,0x1.91b429e035102p+0,0x1.ac4c1c0ca0ba4p+0,-0.58858633788132708,-0.47407020986933773,-0x1.2d5b30402539bp-1,-0x1.e572a93d962e9p-2,1.5521117412328116,1.6730363523170706,0x1.8d5731f055216p+0,0x1.ac4c1c4238905p+0,-2.0131960471485151,2.0616309700712008,-0x1.01b06877783c8p+1,0x1.07e3860c70333p+1,-2.7032997893301021,2.4610649331786534,-0x1.5a05ba3d3a6dep+1,0x1.3b042cfcaad8dp+1,33,15,3,3,-1.8827991457557974e-09,1.428611748881503e-09,-0x1.02c51b0ffe98ep-29,0x1.88b19d5c13f2fp-30,-1.8824891940380263e-07,1.4283018995505513e-07,-0x1.9442f01a3d296p-23,0x1.32b9ba32121c8p-23,0,0.0099999999989999998,0x0p+0,0x1.47ae147a548aep-7,87,87,3,100
flowstar_vdp_stock_reach_v1,stepwise,588,5.8799999999999999,0x1.7851eb851eb85p+2,0.01,0x1.47ae147ae147bp-7,2,-0.55657245510419406,-0.45725310442818895,-0x1.1cf710990dcb5p-1,-0x1.d43a28660dde9p-2,1.5855633095204067,1.6908680687695219,0x1.95e77a2020af2p+0,0x1.b0dcbad1373d1p+0,-0.5729823503525302,-0.45725310440348077,-0x1.255df14fe60ecp-1,-0x1.d43a2865a133ap-2,1.5682833416571114,1.6908680921568271,0x1.917b045f47653p+0,0x1.b0dcbb35a9da4p+0,-2.0131960471485151,2.0616309700712008,-0x1.01b06877783c8p+1,0x1.07e3860c70333p+1,-2.7032997893301021,2.4610649331786534,-0x1.5a05ba3d3a6dep+1,0x1.3b042cfcaad8dp+1,33,15,3,3,-1.924386244548351e-09,1.4623061279522751e-09,-0x1.087c525904d0bp-29,0x1.91f4a554f02dcp-30,-1.924075707036706e-07,1.4619957027991043e-07,-0x1.9d312e3dcb64cp-23,0x1.39f61051dfe91p-23,0,0.0099999999989999998,0x0p+0,0x1.47ae147a548aep-7,88,88,3,100
flowstar_vdp_stock_reach_v1,stepwise,589,5.8899999999999997,0x1.78f5c28f5c28fp+2,0.01,0x1.47ae147ae147bp-7,2,-0.54063160840352809,-0.44025648440386883,-0x1.14cdaa8a8dd72p-1,-0x1.c2d2988977591p-2,1.602208532918292,1.7089344004973737,0x1.9a2a56a241969p+0,0x1.b57cb99125452p+0,-0.55721548428274947,-0.44025648423875469,-0x1.1d4b5913a36fap-1,-0x1.c2d29886a12b1p-2,1.5846923654334761,1.7089344811298446,0x1.95ae661bc1f61p+0,0x1.b57cbaeb759cp+0,-2.0131960471485151,2.0616309700712008,-0x1.01b06877783c8p+1,0x1.07e3860c70333p+1,-2.7032997893301021,2.4610649331786534,-0x1.5a05ba3d3a6dep+1,0x1.3b042cfcaad8dp+1,33,15,3,3,-1.965318033830322e-09,1.4957625965414605e-09,-0x1.0e1c7b213072bp-29,0x1.9b26ef7d5b5dcp-30,-1.9650073660909177e-07,1.4954520510506118e-07,-0x1.a5fb6c215da9ap-23,0x1.4125588fe3bbcp-23,0,0.0099999999989999998,0x0p+0,0x1.47ae147a548aep-7,89,89,3,100
flowstar_vdp_stock_reach_v1,stepwise,590,5.9000000000000004,0x1.799999999999ap+2,0.01,0x1.47ae147ae147bp-7,2,-0.52452314055144711,-0.42307801414942381,-0x1.0c8e4c0d53cd7p-1,-0x1.b13b5ce9b6aeap-2,1.6190924356734377,1.7272331565996859,0x1.9e7cd7846b1c3p+0,0x1.ba2bf3c029997p+0,-0.5412833559091631,-0.42307801383278476,-0x1.1523178eff7adp-1,-0x1.b13b5ce44616cp-2,1.6013406421646352,1.7272332989833707,0x1.99f175d7da4dap+0,0x1.ba2bf623b21ddp+0,-2.0131960471485151,2.0616309700712008,-0x1.01b06877783c8p+1,0x1.07e3860c70333p+1,-2.7032997893301021,2.4610649331786534,-0x1.5a05ba3d3a6dep+1,0x1.3b042cfcaad8dp+1,33,15,3,3,-2.0053984226020675e-09,1.5288772787079826e-09,-0x1.139eaf2d71f52p-29,0x1.a4412c921be1fp-30,-2.0050881002611732e-07,1.5285670883089591e-07,-0x1.ae96e250f1eacp-23,0x1.4841dd477489bp-23,0,0.0099999999989999998,0x0p+0,0x1.47ae147a548aep-7,90,90,3,100
flowstar_vdp_stock_reach_v1,stepwise,591,5.9100000000000001,0x1.7a3d70a3d70a4p+2,0.01,0x1.47ae147ae147bp-7,2,-0.5082446678403254,-0.40571537304617961,-0x1.0438a5257b2d6p-1,-0x1.9f73d9cadf021p-2,1.6362155330537453,1.7457623593867377,0x1.a2df056bac4c9p+0,0x1.beea48302761ep+0,-0.52518357387856318,-0.40571537256630447,-0x1.0ce4dc8468df5p-1,-0x1.9f73d9c2a07ebp-2,1.6182290645932746,1.745762568266062,0x1.9e44428ddd62ap+0,0x1.beea4bb148a0dp+0,-2.0131960471485151,2.0616309700712008,-0x1.01b06877783c8p+1,0x1.07e3860c70333p+1,-2.7032997893301021,2.4610649331786534,-0x1.5a05ba3d3a6dep+1,0x1.3b042cfcaad8dp+1,33,15,3,3,-2.0443074707921562e-09,1.5614329997340715e-09,-0x1.18f7acba359cap-29,0x1.ad34144d95b26p-30,-2.0439979886862007e-07,1.5611236589374016e-07,-0x1.b6f1fa5027922p-23,0x1.4f3fae46ef907p-23,0,0.0099999999989999998,0x0p+0,0x1.47ae147a548aep-7,91,91,3,100
flowstar_vdp_stock_reach_v1,stepwise,592,5.9199999999999999,0x1.7ae147ae147aep+2,0.01,0x1.47ae147ae147bp-7,2,-0.49179380349243651,-0.38816626200821663,-0x1.f798cb79807ap-2,-0x1.8d7b74e2f184bp-2,1.6535780444595745,1.7645195497914326,0x1.a750e4065666dp+0,0x1.c3b78d9f81c0bp+0,-0.50891373984756427,-0.38816626135278814,-0x1.0490577a42bcp-1,-0x1.8d7b74d7aee9dp-2,1.6353582584233726,1.7645198301545575,0x1.a2a6d6bd2c01cp+0,0x1.c3b79253a844cp+0,-2.0131960471485151,2.0616309700712008,-0x1.01b06877783c8p+1,0x1.07e3860c70333p+1,-2.7032997893301021,2.4610649331786534,-0x1.5a05ba3d3a6dep+1,0x1.3b042cfcaad8dp+1,33,15,3,3,-2.0852427083169538e-09,1.5967414882608054e-09,-0x1.1e97f4917c89dp-29,0x1.b6e8b17c748e4p-30,-2.0849345801664571e-07,1.5964335103180884e-07,-0x1.bfbc7d9ea9e2ap-23,0x1.56d4dc41c093ap-23,0,0.0099999999989999998,0x0p+0,0x1.47ae147a548aep-7,92,92,3,100
flowstar_vdp_stock_reach_v1,stepwise,593,5.9299999999999997,0x1.7b851eb851eb8p+2,0.01,0x1.47ae147ae147bp-7,2,-0.47516816054139949,-0.37042840866422566,-0x1.e6927b7680cebp-2,-0x1.7b5195b2e3812p-2,1.6711798654426357,1.7835017566719462,0x1.abd27193cf4f2p+0,0x1.c893923543ba2p+0,-0.4924714510683833,-0.37042840782030845,-0x1.f84a6fa235a0ap-2,-0x1.7b5195a463eadp-2,1.6527285558088722,1.7835021137553462,0x1.a71937f85d4a7p+0,0x1.c8939832ed13dp+0,-2.0131960471485151,2.0616309700712008,-0x1.01b06877783c8p+1,0x1.07e3860c70333p+1,-2.7032997893301021,2.4610649331786534,-0x1.5a05ba3d3a6dep+1,0x1.3b042cfcaad8dp+1,33,15,3,3,-2.1616871792050328e-09,1.6684123409703593e-09,-0x1.29199b2646dcp-29,0x1.ca9c14c9d3207p-30,-2.16138094102625e-07,1.6681062612731823e-07,-0x1.d0272c807d3cdp-23,0x1.66391c8d58f19p-23,0,0.0099999999989999998,0x0p+0,0x1.47ae147a548aep-7,93,93,3,100
flowstar_vdp_stock_reach_v1,stepwise,594,5.9400000000000004,0x1.7c28f5c28f5c3p+2,0.01,0x1.47ae147ae147bp-7,2,-0.45836535536850292,-0.35249957255602216,-0x1.d55dba4bb563bp-2,-0x1.68f5a5dfedaa2p-2,1.6890205486774992,1.8027054542219181,0x1.b063a692d7828p+0,0x1.cd7e1aca3436fp+0,-0.47585430361467651,-0.35249957151005307,-0x1.e74659bebe5ap-2,-0x1.68f5a5cdf571ap-2,1.6703399778211205,1.802705893514025,0x1.ab9b6699f16d9p+0,0x1.cd7e2228f2fe8p+0,-2.0131960471485151,2.0616309700712008,-0x1.01b06877783c8p+1,0x1.07e3860c70333p+1,-2.7032997893301021,2.4610649331786534,-0x1.5a05ba3d3a6dep+1,0x1.3b042cfcaad8dp+1,33,15,3,3,-2.237509434452797e-09,1.7404539528133909e-09,-0x1.33855d4f7b902p-29,0x1.de698f17e7fc7p-30,-2.2372056329000701e-07,1.7401503172229058e-07,-0x1.e06fae2bbe732p-23,0x1.75b1c6802bc59p-23,0,0.0099999999989999998,0x0p+0,0x1.47ae147a548aep-7,94,94,3,100
flowstar_vdp_stock_reach_v1,stepwise,595,5.9500000000000002,0x1.7cccccccccccdp+2,0.01,0x1.47ae147ae147bp-7,2,-0.44138301096209603,-0.33437755090718468,-0x1.c3f9e8745e6cdp-2,-0x1.56671196a6d8p-2,1.7070992727885357,1.8221265285378301,0x1.b504753ba6f2ep+0,0x1.d276e2593e763p+0,-0.45905989531538133,-0.33437754964496574,-0x1.d613cc1523949p-2,-0x1.56671180f78bdp-2,1.6881922047920679,1.8221270557815792,0x1.b02d5d44f1ae5p+0,0x1.d276eb31bd183p+0,-2.0131960471485151,2.0616309700712008,-0x1.01b06877783c8p+1,0x1.07e3860c70333p+1,-2.7032997893301021,2.4610649331786534,-0x1.5a05ba3d3a6dep+1,0x1.3b042cfcaad8dp+1,33,15,3,3,-2.3122246029965601e-09,1.812535615476783e-09,-0x1.3dca2bb88d30ep-29,0x1.f239dae3cbc41p-30,-2.3119237991695204e-07,1.8122349841204742e-07,-0x1.f07b5ae05bebdp-23,0x1.852cabff5aac9p-23,0,0.0099999999989999998,0x0p+0,0x1.47ae147a548aep-7,95,95,3,100
flowstar_vdp_stock_reach_v1,stepwise,596,5.96,0x1.7d70a3d70a3d7p+2,0.01,0x1.47ae147ae147bp-7,2,-0.42421876119953805,-0.31606018462048785,-0x1.b2666726ce7d4p-2,-0x1.43a547f20d05dp-2,1.7254148132685627,1.8417602390683363,0x1.b9b4c90305bd9p+0,0x1.d77d9959df243p+0,-0.44208582969589627,-0.3160601831271822,-0x1.c4b225d2468dcp-2,-0x1.43a547d865652p-2,1.7062845487626388,1.8417608602624322,0x1.b4cf106e9b0bfp+0,0x1.d77da3c5e145ep+0,-2.0131960471485151,2.0616309700712008,-0x1.01b06877783c8p+1,0x1.07e3860c70333p+1,-2.7032997893301021,2.4610649331786534,-0x1.5a05ba3d3a6dep+1,0x1.3b042cfcaad8dp+1,33,15,3,3,-2.3852879939832354e-09,1.8842821065063532e-09,-0x1.47d4dc3de339bp-29,0x1.02f94862ac93ap-29,-2.3849907616356408e-07,1.8839850519785075e-07,-0x1.0016207a275b7p-22,0x1.94952c6e73188p-23,0,0.0099999999989999998,0x0p+0,0x1.47ae147a548aep-7,96,96,3,100
flowstar_vdp_stock_reach_v1,stepwise,597,5.9699999999999998,0x1.7e147ae147ae1p+2,0.01,0x1.47ae147ae147bp-7,2,-0.4068702549398478,-0.29754536481782867,-0x1.a0a2989aba315p-2,-0x1.30afbb6be037ep-2,1.7439655118734032,1.861601178548947,0x1.be748616d9217p+0,0x1.dc91e5141012ap+0,-0.42492971971464061,-0.29754536307796026,-0x1.b320c6c517603p-2,-0x1.30afbb4dfc323p-2,1.7246159244125239,1.8616018999476533,0x1.b9806de18339ap+0,0x1.dc91f12e7256bp+0,-2.0131960471485151,2.0616309700712008,-0x1.01b06877783c8p+1,0x1.07e3860c70333p+1,-2.7032997893301021,2.4610649331786534,-0x1.5a05ba3d3a6dep+1,0x1.3b042cfcaad8dp+1,33,15,3,3,-2.4560906956366696e-09,1.9552703122165536e-09,-0x1.5190024887533p-29,0x1.0cbaf54c8c30ap-29,-2.4557976191108239e-07,1.9549774175070495e-07,-0x1.07b07370ee10cp-22,0x1.a3d4052733b56p-23,0,0.0099999999989999998,0x0p+0,0x1.47ae147a548aep-7,97,97,3,100
flowstar_vdp_stock_reach_v1,stepwise,598,5.9800000000000004,0x1.7eb851eb851ecp+2,0.01,0x1.47ae147ae147bp-7,2,-0.3893351605528394,-0.27883103941878806,-0x1.8eade0570787fp-2,-0x1.1d85e24da74d8p-2,1.7627492417780706,1.8816432341343292,0x1.c34388c87c50fp+0,0x1.e1b35ef958bbcp+0,-0.40758919192077375,-0.2788310374162451,-0x1.a15f0fa602db9p-2,-0x1.1d85e22b40069p-2,1.7431848157479251,1.8816440622455626,0x1.be415c2e85686p+0,0x1.e1b36cde0ea9ep+0,-2.0131960471485151,2.0616309700712008,-0x1.01b06877783c8p+1,0x1.07e3860c70333p+1,-2.7032997893301021,2.4610649331786534,-0x1.5a05ba3d3a6dep+1,0x1.3b042cfcaad8dp+1,33,15,3,3,-2.5239551533067233e-09,2.0250258283768634e-09,-0x1.5ae3c6f9d2393p-29,0x1.16514321d707ap-29,-2.5236668251780703e-07,2.0247376845136339e-07,-0x1.0efa068564463p-22,0x1.b2cf21a132e9fp-23,0,0.0099999999989999998,0x0p+0,0x1.47ae147a548aep-7,98,98,3,100
flowstar_vdp_stock_reach_v1,stepwise,599,5.9900000000000002,0x1.7f5c28f5c28f6p+2,0.01,0x1.47ae147ae147bp-7,2,-0.37161117077888361,-0.25991522060370059,-0x1.7c87a3854b578p-2,-0x1.0a273730e6ee9p-2,1.7817633723296225,1.9018795459061864,0x1.c821a4f55dcc6p+0,0x1.e6e193f29930dp+0,-0.39006189092730353,-0.25991521832174413,-0x1.8f6c6263cb74dp-2,-0x1.0a273709b2c8p-2,1.7619892423717955,1.9018804874876865,0x1.c311ba1be4039p+0,0x1.e6e1a3bea8ffap+0,-2.0131960471485151,2.0616309700712008,-0x1.01b06877783c8p+1,0x1.07e3860c70333p+1,-2.7032997893301021,2.4610649331786534,-0x1.5a05ba3d3a6dep+1,0x1.3b042cfcaad8dp+1,33,15,3,3,-2.5881307740911172e-09,2.0930195792086509e-09,-0x1.63b5c1945e6b9p-29,0x1.1fa99464dd9b9p-29,-2.5878477925079483e-07,2.0927367826004964e-07,-0x1.15de37ed9cb56p-22,0x1.c1696bdb717c3p-23,0,0.0099999999989999998,0x0p+0,0x1.47ae147a548aep-7,99,99,3,100
flowstar_vdp_stock_reach_v1,stepwise,600,6,0x1.8p+2,0.01,0x1.47ae147ae147bp-7,2,-0.35369600793524708,-0.24079599246530931,-0x1.6a2f494b3b06bp-2,-0x1.ed2673052bc1ep-3,1.8010047531836257,1.9223024430134199,0x1.cd0ea5c2dd3ddp+0,0x1.ec1c034dc3778p+0,-0.3723454842157381,-0.24079598988658665,-0x1.7d482276145b4p-2,-0x1.ed2672ac9112bp-3,1.7810267451115975,1.922303505066739,0x1.c7f15e678e3e6p+0,0x1.ec1c151f3f70cp+0,-2.0131960471485151,2.0616309700712008,-0x1.01b06877783c8p+1,0x1.07e3860c70333p+1,-2.7032997893301021,2.4610649331786534,-0x1.5a05ba3d3a6dep+1,0x1.3b042cfcaad8dp+1,33,15,3,3,-2.6477896297207387e-09,2.1586645053348801e-09,-0x1.6be8d0c78f617p-29,0x1.28af4152dd3a4p-29,-2.6475125954265838e-07,2.1583876548021344e-07,-0x1.1c4645a749eb1p-22,0x1.cf829dbe4f74ep-23,0,0.0099999999989999998,0x0p+0,0x1.47ae147a548aep-7,0,0,3,100
flowstar_vdp_stock_reach_v1,stepwise,601,6.0099999999999998,0x1.80a3d70a3d70ap+2,0.01,0x1.47ae147ae147bp-7,2,-0.33558795812308168,-0.22147096803098998,-0x1.57a45ea447bc1p-2,-0x1.c5929225a70acp-3,1.820468488563513,1.9429056999885741,0x1.d20a390dc761fp+0,0x1.f1624498a9b4bp+0,-0.35443819592668413,-0.2214709651375544,-0x1.6af1d8afd5596p-2,-0x1.c59291c23c1d1p-3,1.800293161730391,1.9429068897506221,0x1.cce0033cd82f1p+0,0x1.f162588ea6e97p+0,-2.0131960471485151,2.0616309700712008,-0x1.01b06877783c8p+1,0x1.07e3860c70333p+1,-2.7032997893301021,2.4610649331786534,-0x1.5a05ba3d3a6dep+1,0x1.3b042cfcaad8dp+1,33,15,3,3,-2.7020966580144808e-09,2.2213758468943772e-09,-0x1.735f93011a355p-29,0x1.314db6df65c5cp-29,-2.7018261701945483e-07,2.2211055395334756e-07,-0x1.221b3b7552bddp-22,0x1.dcfa918027a14p-23,0,0.0099999999989999998,0x0p+0,0x1.47ae147a548aep-7,1,1,3,100
flowstar_vdp_stock_reach_v1,stepwise,602,6.0200000000000005,0x1.8147ae147ae15p+2,0.01,0x1.47ae147ae147bp-7,2,-0.31728390877339357,-0.2019393450746941,-0x1.44e612aeea437p-2,-0x1.9d926016f8c53p-3,1.8401391128689155,1.963688831477008,0x1.d7135b5ddcc93p+0,0x1.f6b44faeb6d62p+0,-0.33633684397519176,-0.201939341848031,-0x1.5868af8540d29p-2,-0x1.9d925fa81abddp-3,1.8197738039322477,1.9636901564088627,0x1.d1dcb22e01ab5p+0,0x1.f6b465e940d11p+0,-2.0131960471485151,2.0616309700712008,-0x1.01b06877783c8p+1,0x1.07e3860c70333p+1,-2.7032997893301021,2.4610649331786534,-0x1.5a05ba3d3a6dep+1,0x1.3b042cfcaad8dp+1,33,14,3,3,-2.7504795258283602e-09,2.2807814328318425e-09,-0x1.7a05e5229de16p-29,0x1.3977dcd2708ffp-29,-2.7502161779925507e-07,2.2805182599030509e-07,-0x1.274d5dddc21bp-22,0x1.e9bcd13468a6bp-23,0,0.0099999999989999998,0x0p+0,0x1.47ae147a548aep-7,2,2,3,100
flowstar_vdp_stock_reach_v1,stepwise,603,6.0300000000000002,0x1.81eb851eb851fp+2,0.01,0x1.47ae147ae147bp-7,2,-0.29878273774955622,-0.18219843046723996,-0x1.31f41a1cf9898p-2,-0x1.75247361ea239p-3,1.859989222983691,1.9846651087658471,0x1.dc2840f3a09d9p+0,0x1.fc130337a95e6p+0,-0.31804022870904369,-0.18219842688830049,-0x1.45ac567478872p-2,-0x1.752472e6f1745p-3,1.8394420909958549,1.9846665765385278,0x1.d6e5ad47b68aap+0,0x1.fc131bd7b27f8p+0,-2.0131960471485151,2.0616309700712008,-0x1.01b06877783c8p+1,0x1.07e3860c70333p+1,-2.7032997893301021,2.4610649331786534,-0x1.5a05ba3d3a6dep+1,0x1.3b042cfcaad8dp+1,33,15,3,3,-2.7983572593206366e-09,2.3424329313966537e-09,-0x1.809a716bafd78p-29,0x1.41f1082769b4cp-29,-2.7981016238025868e-07,2.3421774628876448e-07,-0x1.2c71a1bc1eefap-22,0x1.f6fa915746efdp-23,0,0.0099999999989999998,0x0p+0,0x1.47ae147a548aep-7,3,3,3,100
flowstar_vdp_stock_reach_v1,stepwise,604,6.04,0x1.828f5c28f5c29p+2,0.01,0x1.47ae147ae147bp-7,2,-0.2800820928333736,-0.16224693525763748,-0x1.1ecdd713a8868p-2,-0x1.4c481f0676569p-3,1.880029203255186,2.0058069894811155,0x1.e14998078186ap+0,0x1.00be488ef46ep+1,-0.29954591193780489,-0.16224693130688034,-0x1.32bc29ddb1876p-2,-0x1.4c481e7eb71c6p-3,1.8593092759891605,2.0058086079579991,0x1.dbfbb15585dbap+0,0x1.00be56229b819p+1,-2.0131960471485151,2.0616309700712008,-0x1.01b06877783c8p+1,0x1.07e3860c70333p+1,-2.7032997893301021,2.4610649331786534,-0x1.5a05ba3d3a6dep+1,0x1.3b042cfcaad8dp+1,33,15,3,3,-2.8398923343089038e-09,2.4009285986801021e-09,-0x1.864fd41dfc59cp-29,0x1.49fb2a48e3433p-29,-2.8396449825456931e-07,2.4006814036093655e-07,-0x1.30e791221a588p-22,0x1.01c56d8de4651p-22,0,0.0099999999989999998,0x0p+0,0x1.47ae147a548aep-7,4,4,3,100
flowstar_vdp_stock_reach_v1,stepwise,605,6.0499999999999998,0x1.8333333333333p+2,0.01,0x1.47ae147ae147bp-7,2,-0.26117969007670611,-0.14208367985679682,-0x1.0b72b04d0914dp-2,-0x1.22fcc4b23e018p-3,1.9002600934807554,2.0270947422763088,0x1.e677720b64ccap+0,0x1.0377d72bfc32ap+1,-0.28085151481565074,-0.14208367551423912,-0x1.1f978a1ca93fp-2,-0x1.22fcc41d0876ep-3,1.8793773148804462,2.0270965194918555,0x1.e11edf28417cdp+0,0x1.0377e61486c6fp+1,-2.0131960471485151,2.0616309700712008,-0x1.01b06877783c8p+1,0x1.07e3860c70333p+1,-2.7032997893301021,2.4610649331786534,-0x1.5a05ba3d3a6dep+1,0x1.3b042cfcaad8dp+1,33,15,3,3,-2.8728443697354143e-09,2.4544137534893315e-09,-0x1.8ad739aa83695p-29,0x1.515501bb33899p-29,-2.8726058590138731e-07,2.4541753867067322e-07,-0x1.347196ae7ebp-22,0x1.0783dbfed4681p-22,0,0.0099999999989999998,0x0p+0,0x1.47ae147a548aep-7,5,5,3,100
flowstar_vdp_stock_reach_v1,stepwise,606,6.0600000000000005,0x1.83d70a3d70a3ep+2,0.01,0x1.47ae147ae147bp-7,2,-0.24207355389516619,-0.12170737359617917,-0x1.efc44269a65d1p-3,-0x1.f2836e54713a4p-4,1.920675518824291,2.0485141076366835,0x1.ebb1640b94027p+0,0x1.0635b5d4d8daep+1,-0.26195495745570685,-0.12170736884145708,-0x1.0c3deb9d3077ep-2,-0x1.f2836d0db345ap-4,1.8996407974459204,2.0485160517711245,0x1.e64edbfb2d767p+0,0x1.0635c623d8112p+1,-2.0131960471485151,2.0616309700712008,-0x1.01b06877783c8p+1,0x1.07e3860c70333p+1,-2.7032997893301021,2.4610649331786534,-0x1.5a05ba3d3a6dep+1,0x1.3b042cfcaad8dp+1,33,15,3,3,-2.8958967357326408e-09,2.5019443822185722e-09,-0x1.8e024eeb7e6ep-29,0x1.57dd57932e1f9p-29,-2.89566760162762e-07,2.5017153769086589e-07,-0x1.36eb8144abed2p-22,0x1.0c9ea0efb1725p-22,0,0.0099999999989999998,0x0p+0,0x1.47ae147a548aep-7,6,6,3,100
flowstar_vdp_stock_reach_v1,stepwise,607,6.0700000000000003,0x1.847ae147ae148p+2,0.01,0x1.47ae147ae147bp-7,2,-0.22276179852242867,-0.10111685213168604,-0x1.c837567b9da3ap-3,-0x1.9e2cb44fae52dp-4,1.9412669758928514,2.0700509918385657,0x1.f0f6df5e43bdfp+0,0x1.08f76e4f7fdf5p+1,-0.24285423989589963,-0.10111684694412629,-0x1.f15d905061f35p-3,-0x1.9e2cb2eb31ceap-4,1.92009223417917,2.0700531111881957,0x1.eb8b2a271a655p+0,0x1.08f78016c4a73p+1,-2.0131960471485151,2.0616309700712008,-0x1.01b06877783c8p+1,0x1.07e3860c70333p+1,-2.7032997893301021,2.4610649331786534,-0x1.5a05ba3d3a6dep+1,0x1.3b042cfcaad8dp+1,33,15,3,3,-2.9134418358254831e-09,2.5482984153283949e-09,-0x1.906b9f21e38fp-29,0x1.5e3c479660149p-29,-2.9132225872536564e-07,2.548079278140301e-07,-0x1.38ce0d7f5c747p-22,0x1.119911e3046afp-22,0,0.0099999999989999998,0x0p+0,0x1.47ae147a548aep-7,7,7,3,100
flowstar_vdp_stock_reach_v1,stepwise,608,6.0800000000000001,0x1.851eb851eb852p+2,0.01,0x1.47ae147ae147bp-7,2,-0.2032427416155651,-0.080310983727105503,-0x1.a03dbb031b188p-3,-0x1.48f42b89e14e5p-4,1.9620133376245354,2.0917018635609721,0x1.f646818f69c69p+0,0x1.0bbce2fc7d023p+1,-0.22354755520845682,-0.080310978085808518,-0x1.c9d34cf5c4c3cp-3,-0x1.48f42a06368f5p-4,1.9407115618267057,2.0917041665036842,0x1.f0d2791103c8dp+0,0x1.0bbcf64e05275p+1,-2.0131960471485151,2.0616309700712008,-0x1.01b06877783c8p+1,0x1.07e3860c70333p+1,-2.7032997893301021,2.4610649331786534,-0x1.5a05ba3d3a6dep+1,0x1.3b042cfcaad8dp+1,33,15,3,3,-2.919590066393253e-09,2.5878865210645918e-09,-0x1.9143f1785cd52p-29,0x1.63ad298b3c31ep-29,-2.9193811767854899e-07,2.5876777233739498e-07,-0x1.397756b7f82c8p-22,0x1.15d98b2c4bf74p-22,0,0.0099999999989999998,0x0p+0,0x1.47ae147a548aep-7,8,8,3,100
flowstar_vdp_stock_reach_v1,stepwise,609,6.0899999999999999,0x1.85c28f5c28f5cp+2,0.01,0x1.47ae147ae147bp-7,2,-0.18351473223542974,-0.059288862693445729,-0x1.77d6926a486eep-3,-0x1.e5b1c1c921dd6p-5,1.9828985413184046,2.1134559661900041,0x1.fb9f3d223fa7bp+0,0x1.0e85b9a0293c3p+1,-0.20403311697906998,-0.059288856577381338,-0x1.a1dc1d65cef23p-3,-0x1.e5b1be808bfacp-5,1.9614838318513124,2.1134584611457052,0x1.f623cded6f247p+0,0x1.0e85ce8e09a32p+1,-2.0131960471485151,2.0616309700712008,-0x1.01b06877783c8p+1,0x1.07e3860c70333p+1,-2.7032997893301021,2.4610649331786534,-0x1.5a05ba3d3a6dep+1,0x1.3b042cfcaad8dp+1,33,15,3,3,-2.9130381251225261e-09,2.6197795883672615e-09,-0x1.905d6ad463019p-29,0x1.680f4cc18472fp-29,-2.9128400286805118e-07,2.6195815626396837e-07,-0x1.38c3897b1a27ap-22,0x1.1946827bbf8f5p-22,0,0.0099999999989999998,0x0p+0,0x1.47ae147a548aep-7,9,9,3,100
flowstar_vdp_stock_reach_v1,stepwise,610,6.1000000000000005,0x1.8666666666667p+2,0.01,0x1.47ae147ae147bp-7,2,-0.16357601989094822,-0.038049962176825561,-0x1.4f00f1bebb53ap-3,-0x1.37b48de53b6a2p-5,2.0039264874244616,2.1352803191370264,0x1.0080a9c389c18p+1,0x1.1150dd913e345p+1,-0.18430902784688324,-0.038049955564942166,-0x1.797702f7ade8ep-3,-0x1.37b48a588072fp-5,1.9824141094099368,2.135283014522563,0x1.fb7f7db70b6ddp+0,0x1.1150f42d8a12ep+1,-2.0131960471485151,2.0616309700712008,-0x1.01b06877783c8p+1,0x1.07e3860c70333p+1,-2.7032997893301021,2.4610649331786534,-0x1.5a05ba3d3a6dep+1,0x1.3b042cfcaad8dp+1,33,15,3,3,-2.9889968053694259e-09,2.7397716098580652e-09,-0x1.9acdf9cc3920bp-29,0x1.788d24cd6ef13p-29,-2.9888099036086788e-07,2.7395847563093507e-07,-0x1.40ebc7f344f2p-22,0x1.262921e310dd1p-22,0,0.0099999999989999998,0x0p+0,0x1.47ae147a548aep-7,10,10,3,100
flowstar_vdp_stock_reach_v1,stepwise,611,6.1100000000000003,0x1.870a3d70a3d71p+2,0.01,0x1.47ae147ae147bp-7,2,-0.14342511837777228,-0.016593793625622737,-0x1.25bc1186dc144p-3,-0x1.0fdf6a3c1265ep-6,2.0250849032814662,2.1571557536144002,0x1.0335fb6b9bcdep+1,0x1.141dae0313777p+1,-0.16437364283838912,-0.016593786496970915,-0x1.50a320e285aa2p-3,-0x1.0fdf6294901f2p-6,2.0034913370004177,2.1571586577926456,0x1.007267751e38dp+1,0x1.141dc65fc0577p+1,-2.0131960471485151,2.0616309700712008,-0x1.01b06877783c8p+1,0x1.07e3860c70333p+1,-2.7032997893301021,2.4610649331786534,-0x1.5a05ba3d3a6dep+1,0x1.3b042cfcaad8dp+1,33,15,3,3,-3.1445444946937817e-09,2.9454119984775591e-09,-0x1.b02ed2d44045cp-29,0x1.94d078c1f190cp-29,-3.1443691364080999e-07,2.9452366651645254e-07,-0x1.519fc2bc6ac89p-22,0x1.3c3e0c8b19e51p-22,0,0.0099999999989999998,0x0p+0,0x1.47ae147a548aep-7,11,11,3,100
flowstar_vdp_stock_reach_v1,stepwise,612,6.1200000000000001,0x1.87ae147ae147bp+2,0.01,0x1.47ae147ae147bp-7,2,-0.12306066706392202,0.0050799304543821065,-0x1.f80e76476a73ep-4,0x1.4ceb172ae2f4ap-8,2.0463602852612537,2.1790618707801559,0x1.05ef224283e16p+1,0x1.16eb7fd77b0d7p+1,-0.14422543015082415,0.005079938120510794,-0x1.275fa98dfe9c9p-3,0x1.4ceb3817e2597p-8,2.0247032762002282,2.1790649920029166,0x1.03297a19b1281p+1,0x1.16eb9a0641696p+1,-2.0131960471485151,2.0616309700712008,-0x1.01b06877783c8p+1,0x1.07e3860c70333p+1,-2.7032997893301021,2.4610649331786534,-0x1.5a05ba3d3a6dep+1,0x1.3b042cfcaad8dp+1,33,15,3,3,-3.3065225992737171e-09,3.1640321722082867e-09,-0x1.c671ebe457a71p-29,0x1.b2dc7c3936b4dp-29,-3.3063590679517545e-07,3.1638686425849878e-07,-0x1.6304818a8d5f2p-22,0x1.53b7c24feb00bp-22,0,0.0099999999989999998,0x0p+0,0x1.47ae147a548aep-7,12,12,3,100
flowstar_vdp_stock_reach_v1,stepwise,613,6.1299999999999999,0x1.8851eb851eb85p+2,0.01,0x1.47ae147ae147bp-7,2,-0.10248144135796225,0.026971281863563096,-0x1.a3c39471452e2p-4,0x1.b9e5c16240bd8p-6,2.0677379792527439,2.2009768624339019,0x1.08aba35acb388p+1,0x1.19b99c1db401ap+1,-0.12386298112394496,0.026971290087481236,-0x1.fb57bfd1cc6d5p-4,0x1.b9e5ca36d3883p-6,2.0460365873927482,2.2009802087783337,0x1.05e486e2a2b9fp+1,0x1.19b9b82fec502p+1,-2.0131960471485151,2.0616309700712008,-0x1.01b06877783c8p+1,0x1.07e3860c70333p+1,-2.7032997893301021,2.4610649331786534,-0x1.5a05ba3d3a6dep+1,0x1.3b042cfcaad8dp+1,33,14,3,3,-3.470806814478113e-09,3.3920146751216956e-09,-0x1.dd06288d7ee02p-29,0x1.d231e80dc7954p-29,-3.4706553289176374e-07,3.3918631688020216e-07,-0x1.74a8a5b26aff6p-22,0x1.6c32d3293e4f5p-22,0,0.0099999999989999998,0x0p+0,0x1.47ae147a548aep-7,13,13,3,100
flowstar_vdp_stock_reach_v1,stepwise,614,6.1400000000000006,0x1.88f5c28f5c29p+2,0.01,0x1.47ae147ae147bp-7,2,-0.08168654654206034,0.049080229732317703,-0x1.4e968d5ebdc5ap-4,0x1.9210b3b29338bp-5,2.0891839467026196,2.222892885364935,0x1.0b6a612b353e2p+1,0x1.1c87c10a93a5p+1,-0.10328520358625522,0.049080238533770401,-0x1.a70e62b904c8dp-4,0x1.9210b86c3cceep-5,2.0674585946587349,2.2228964646631733,0x1.08a27bb4f25a8p+1,0x1.1c87df110fa92p+1,-2.0131960471485151,2.0616309700712008,-0x1.01b06877783c8p+1,0x1.07e3860c70333p+1,-2.7032997893301021,2.4610649331786534,-0x1.5a05ba3d3a6dep+1,0x1.3b042cfcaad8dp+1,33,15,3,3,-3.6368788835342532e-09,3.629165628109568e-09,-0x1.f3d94cc4f4511p-29,0x1.f2c9e9f0dae6p-29,-3.6367395897044648e-07,3.6290262928841695e-07,-0x1.867defc86a24cp-22,0x1.85a9ea4823ee1p-22,0,0.0099999999989999998,0x0p+0,0x1.47ae147a548aep-7,14,14,3,100
flowstar_vdp_stock_reach_v1,stepwise,615,6.1500000000000004,0x1.899999999999ap+2,0.01,0x1.47ae147ae147bp-7,2,-0.060674906008074889,0.071406292818781317,-0x1.f10c801fc303ep-5,0x1.247aecc62a0c1p-4,2.1106958400337987,2.2447759177276407,0x1.0e2b48025fccp+1,0x1.1f54d138be8a9p+1,-0.082490809617948482,0.071406302216757145,-0x1.51e1e21879735p-4,0x1.247aef4bfcfc8p-4,2.0889683596129935,2.2447797374894183,0x1.0b6350b175525p+1,0x1.1f54f1439ec94p+1,-2.0131960471485151,2.0616309700712008,-0x1.01b06877783c8p+1,0x1.07e3860c70333p+1,-2.7032997893301021,2.4610649331786534,-0x1.5a05ba3d3a6dep+1,0x1.3b042cfcaad8dp+1,33,15,3,3,-3.8037753892604586e-09,3.8752215022402171e-09,-0x1.0564b96cf9007p-28,0x1.0a4d9e1d0c2f5p-28,-3.803637832917765e-07,3.8750839539307894e-07,-0x1.986999c2cad4ap-22,0x1.a0157f24617e8p-22,0,0.0099999999989999998,0x0p+0,0x1.47ae147a548aep-7,15,15,3,100
flowstar_vdp_stock_reach_v1,stepwise,616,6.1600000000000001,0x1.8a3d70a3d70a4p+2,0.01,0x1.47ae147ae147bp-7,2,-0.039446346368864654,0.093949351550594654,-0x1.4324fbf33b14cp-5,0x1.80d109063e4ddp-4,2.1321412509026967,2.2667109214273689,0x1.10ea01278a30cp+1,0x1.2223955e821f2p+1,-0.06147943567403294,0.09394939702985014,-0x1.f7a3b8b316964p-5,0x1.80d1153b8dd3ep-4,2.1104242875854013,2.2667256287748483,0x1.0e22620fee83dp+1,0x1.222410be4be7cp+1,-2.0131960471485151,2.0616309700712008,-0x1.01b06877783c8p+1,0x1.07e3860c70333p+1,-2.7032997893301021,2.4610649331786534,-0x1.5a05ba3d3a6dep+1,0x1.3b042cfcaad8dp+1,33,15,3,3,-4.001179203899641e-09,4.160414791824287e-09,-0x1.12f57d2bf62b7p-28,0x1.1de6ca819421bp-28,-4.0010261528369452e-07,4.1602617861223764e-07,-0x1.ad9b5e94680bdp-22,0x1.beb467bbe5d4ep-22,0,0.0099999999989999998,0x0p+0,0x1.47ae147a548aep-7,16,16,3,100
flowstar_vdp_stock_reach_v1,stepwise,617,6.1699999999999999,0x1.8ae147ae147aep+2,0.01,0x1.47ae147ae147bp-7,2,-0.017999823652751004,0.11670798113753289,-0x1.26e8bb7b07804p-6,0x1.de093022afacp-4,2.1535984329106173,2.2885720055582013,0x1.13a91d0b08b2ap+1,0x1.24efed6f34f1p+1,-0.040249767787625831,0.11670806855564998,-0x1.49b9e18a38e96p-5,0x1.de09479a03739p-4,2.1319150155916549,2.2885993593188672,0x1.10e2975ae8a37p+1,0x1.24f0d2e4f5e63p+1,-2.0131960471485151,2.0616309700712008,-0x1.01b06877783c8p+1,0x1.07e3860c70333p+1,-2.7032997893301021,2.4610649331786534,-0x1.5a05ba3d3a6dep+1,0x1.3b042cfcaad8dp+1,33,15,3,3,-4.2036366648579356e-09,4.4598356627754675e-09,-0x1.20df288477f0ep-28,0x1.327a423aa0599p-28,-4.2034668823228675e-07,4.4596659740938458e-07,-0x1.c3580491f517dp-22,0x1.deda5d67a67eap-22,0,0.0099999999989999998,0x0p+0,0x1.47ae147a548aep-7,17,17,3,100
flowstar_vdp_stock_reach_v1,stepwise,618,6.1799999999999997,0x1.8b851eb851eb8p+2,0.01,0x1.47ae147ae147bp-7,2,0.0036650669488462375,0.13968090464863689,0x1.e0633d5daafacp-9,0x1.1e1105aabb937p-3,2.1750559261896978,2.3103199854193606,0x1.16683b8afa55cp+1,0x1.27b890b655eedp+1,-0.018801142349294898,0.13968103657788652,-0x1.3409b4e12160ap-6,0x1.1e11175fc9873p-3,2.1534316033340564,2.3103607586588928,0x1.13a3a5933f0e1p+1,0x1.27b9e6be336abp+1,-2.0131960471485151,2.0616309700712008,-0x1.01b06877783c8p+1,0x1.07e3860c70333p+1,-2.7032997893301021,2.4610649331786534,-0x1.5a05ba3d3a6dep+1,0x1.3b042cfcaad8dp+1,33,15,3,3,-4.4076772637661691e-09,4.7705507352021194e-09,-0x1.2ee4adaec33f2p-28,0x1.47d46a836eba2p-28,-4.4074896613806799e-07,4.7703632886057775e-07,-0x1.d940273ea7412p-22,0x1.001b5fb1cc20cp-21,0,0.0099999999989999998,0x0p+0,0x1.47ae147a548aep-7,18,18,3,100
flowstar_vdp_stock_reach_v1,stepwise,619,6.1900000000000004,0x1.8c28f5c28f5c3p+2,0.01,0x1.47ae147ae147bp-7,2,0.025548467427992407,0.16286658642151894,0x1.a2960a043bc77p-6,0x1.4d8cff325528bp-3,2.1964910506606214,2.3319238159919435,0x1.19269e6645a36p+1,0x1.2a7c7ac739763p+1,0.0028668536081041052,0.16286676549079632,0x1.77c3a4fa7bed2p-9,0x1.4d8d173b1b2e2p-3,2.1749529226877593,2.3319787985667646,0x1.1664db7ca44b2p+1,0x1.2a7e480167a1dp+1,-2.0131960471485151,2.0616309700712008,-0x1.01b06877783c8p+1,0x1.07e3860c70333p+1,-2.7032997893301021,2.4610649331786534,-0x1.5a05ba3d3a6dep+1,0x1.3b042cfcaad8dp+1,33,15,3,3,-4.6127735650057092e-09,5.0925599366781223e-09,-0x1.3cfcc54efa216p-28,0x1.5df543087ed87p-28,-4.6125670517567553e-07,5.0923536563632937e-07,-0x1.ef454716348bfp-22,0x1.1164c695d8e8dp-21,0,0.0099999999989999998,0x0p+0,0x1.47ae147a548aep-7,19,19,3,100
flowstar_vdp_stock_reach_v1,stepwise,620,6.2000000000000002,0x1.8cccccccccccdp+2,0.01,0x1.47ae147ae147bp-7,2,0.047650292425242803,0.18626316499095552,0x1.8659e7f38f655p-5,0x1.7d778ad0af524p-3,2.2178796938869354,2.353350737722494,0x1.1be37b57da7bp+1,0x1.2d3a98d3448e1p+1,0.024754421551896708,0.18626339387816937,0x1.959391bfcb78cp-6,0x1.7d77a989308bcp-3,2.1964564460185936,2.3534207339668152,0x1.19257c1d5e7efp+1,0x1.2d3ce3ff0ed22p+1,-2.0131960471485151,2.0616309700712008,-0x1.01b06877783c8p+1,0x1.07e3860c70333p+1,-2.7032997893301021,2.4610649331786534,-0x1.5a05ba3d3a6dep+1,0x1.3b042cfcaad8dp+1,33,15,3,3,-4.8184320855200844e-09,5.4258793144541123e-09,-0x1.4b1ec0f1e23bbp-28,0x1.74dd140f091d4p-28,-4.8182055764180302e-07,5.4256531324489465e-07,-0x1.02ace9c7b5cb9p-21,0x1.23499bdd1b941p-21,0,0.0099999999989999998,0x0p+0,0x1.47ae147a548aep-7,20,20,3,100
flowstar_vdp_stock_reach_v1,stepwise,621,6.21,0x1.8d70a3d70a3d7p+2,0.01,0x1.47ae147ae147bp-7,2,0.069970215541288419,0.2098684353141155,0x1.1e9916b71a3bdp-4,0x1.adcf80911833dp-3,2.2391966190246606,2.3745658933705949,0x1.1e9dfeac0329p+1,0x1.2ff1c6731ca32p+1,0.046861538042877293,0.20986871673740568,0x1.7fe3c4aab38dp-5,0x1.adcfa656b9a43p-3,2.2179185493913378,2.3746517194302639,0x1.1be4c14969ed6p+1,0x1.2ff496692bec6p+1,-2.0131960471485151,2.0616309700712008,-0x1.01b06877783c8p+1,0x1.07e3860c70333p+1,-2.7032997893301021,2.4610649331786534,-0x1.5a05ba3d3a6dep+1,0x1.3b042cfcaad8dp+1,33,16,3,3,-5.0240825780946219e-09,5.7704217253869383e-09,-0x1.5940986d34b5cp-28,0x1.8c8a5521d961bp-28,-5.0238350039759136e-07,5.7701745912670708e-07,-0x1.0db7100260175p-21,0x1.35c8acfbd190ep-21,0,0.0099999999989999998,0x0p+0,0x1.47ae147a548aep-7,21,21,3,100
flowstar_vdp_stock_reach_v1,stepwise,622,6.2199999999999998,0x1.8e147ae147ae1p+2,0.01,0x1.47ae147ae147bp-7,2,0.092498660376331795,0.23368882521478337,0x1.7adfe013d7adfp-4,0x1.de983f2de7bdbp-3,2.2604144883907602,2.3955332950166999,0x1.2155430f857d5p+1,0x1.32a0d5c349b55p+1,0.069178946001815525,0.23368916192250008,0x1.1b5b61ea648c1p-4,0x1.de986c5f18237p-3,2.2393135306837286,2.3956357758100779,0x1.1ea1d365e371bp+1,0x1.32a4316f1daep+1,-2.0131960471485151,2.0616309700712008,-0x1.01b06877783c8p+1,0x1.07e3860c70333p+1,-2.7032997893301021,2.4610649331786534,-0x1.5a05ba3d3a6dep+1,0x1.3b042cfcaad8dp+1,33,16,3,3,-5.2301552400223144e-09,6.1273886308313274e-09,-0x1.6769dd30a766cp-28,0x1.a512292791a63p-28,-5.2298855469658221e-07,6.1271195111464964e-07,-0x1.18c6ffe819e34p-21,0x1.48f27d457365cp-21,0,0.0099999999989999998,0x0p+0,0x1.47ae147a548aep-7,22,22,3,100
flowstar_vdp_stock_reach_v1,stepwise,623,6.2300000000000004,0x1.8eb851eb851ecp+2,0.01,0x1.47ae147ae147bp-7,2,0.11524296207528802,0.25771320171890244,0x1.d8090113520b5p-4,0x1.07e5f8348542ap-2,2.2815048589401163,2.416214798927891,0x1.240859e9680cep+1,0x1.354686cac0d54p+1,0.091714316419753736,0.25771359647828623,0x1.77a96e5990bebp-4,0x1.07e612b26f641p-2,2.2606145988567925,2.4163347647155913,0x1.215bd1b5799c5p+1,0x1.354a75235216cp+1,-2.0131960471485151,2.0616309700712008,-0x1.01b06877783c8p+1,0x1.07e3860c70333p+1,-2.7032997893301021,2.4610649331786534,-0x1.5a05ba3d3a6dep+1,0x1.3b042cfcaad8dp+1,33,16,3,3,-5.4366154663362579e-09,6.4969205558362652e-09,-0x1.7599f3636ad12p-28,0x1.be7708fe8bc01p-28,-5.436322648230039e-07,6.4966284662055202e-07,-0x1.23dc3fe291219p-21,0x1.5cc8fb53e9de4p-21,0,0.0099999999989999998,0x0p+0,0x1.47ae147a548aep-7,23,23,3,100
flowstar_vdp_stock_reach_v1,stepwise,624,6.2400000000000002,0x1.8f5c28f5c28f6p+2,0.01,0x1.47ae147ae147bp-7,2,0.13820193531976141,0.28193826982201259,0x1.1b099dc389cb7p-3,0x1.20b46d0181669p-2,2.3024376214839855,2.4365706092069552,0x1.26b646a6ad478p+1,0x1.37e18bb478265p+1,0.11446681644516161,0.28193872540652093,0x1.d4db2811bf4cdp-4,0x1.20b48b9463421p-2,2.2817933061787858,2.4367088917544009,0x1.2411cd9522824p+1,0x1.37e613b3fa913p+1,-2.0131960471485151,2.0616309700712008,-0x1.01b06877783c8p+1,0x1.07e3860c70333p+1,-2.7032997893301021,2.4610649331786534,-0x1.5a05ba3d3a6dep+1,0x1.3b042cfcaad8dp+1,33,16,3,3,-5.6419868133433258e-09,6.8778997348988376e-09,-0x1.83b6e1b5cfd0ap-28,0x1.d8a54aaee504ap-28,-5.6416699156155727e-07,6.8775837434817108e-07,-0x1.2ee28559f1568p-21,0x1.713cca8cdee7bp-21,0,0.0099999999989999998,0x0p+0,0x1.47ae147a548aep-7,24,24,3,100
flowstar_vdp_stock_reach_v1,stepwise,625,6.25,0x1.9p+2,0.01,0x1.47ae147ae147bp-7,2,0.16137407990315469,0.30636033366633109,0x1.4a7e7e5cd9601p-3,0x1.39b685f78ddd6p-2,2.3231794955043199,2.4565607964600953,0x1.295df219f6e4p+1,0x1.3a70958cb745fp+1,0.13743531497611106,0.30636085284156522,0x1.1977afb91a544p-3,0x1.39b6a8ceeab12p-2,2.3028180352258767,2.4567182247795381,0x1.26c2bdcaf7912p+1,0x1.3a75be2775285p+1,-2.0131960471485151,2.0616309700712008,-0x1.01b06877783c8p+1,0x1.07e3860c70333p+1,-2.7032997893301021,2.4610649331786534,-0x1.5a05ba3d3a6dep+1,0x1.3b042cfcaad8dp+1,33,16,3,3,-5.8451804208431813e-09,7.2695269438555821e-09,-0x1.91ad805d7f3bap-28,0x1.f38eded5e3d68p-28,-5.8448385547674684e-07,7.2691861851775997e-07,-0x1.39cad9737552ep-21,0x1.8642ef26f873fp-21,0,0.0099999999989999998,0x0p+0,0x1.47ae147a548aep-7,25,25,3,100
flowstar_vdp_stock_reach_v1,stepwise,626,6.2599999999999998,0x1.90a3d70a3d70ap+2,0.01,0x1.47ae147ae147bp-7,2,0.18475758708322479,0.33097525742303852,0x1.7a622f91aebd9p-3,0x1.52eb2d89ab249p-2,2.3436986814709653,2.4761406584816341,0x1.2bfe51824c4d9p+1,0x1.3cf22d563cbd3p+1,0.16061838894333297,0.33097584293123744,0x1.48f24b3d2ebdep-3,0x1.52eb54d49f6f3p-2,2.3236586425408903,2.476318054143579,0x1.296da57a63f3dp+1,0x1.3cf7fd7085407p+1,-2.0131960471485151,2.0616309700712008,-0x1.01b06877783c8p+1,0x1.07e3860c70333p+1,-2.7032997893301021,2.476318054143579,-0x1.5a05ba3d3a6dep+1,0x1.3cf7fd7085407p+1,33,16,3,3,-6.0457366535894432e-09,7.6715498157227178e-09,-0x1.9f75b9571cf47p-28,0x1.0797aa721ace2p-27,-6.0453690117098167e-07,7.6711835054769839e-07,-0x1.448eeb45b0d16p-21,0x1.9bd7f17b59f34p-21,0,0.0099999999989999998,0x0p+0,0x1.47ae147a548aep-7,26,26,3,100
flowstar_vdp_stock_reach_v1,stepwise,627,6.2700000000000005,0x1.9147ae147ae15p+2,0.01,0x1.47ae147ae147bp-7,2,0.20835030104952626,0.35577847100313914,0x1.aab39008f4ac9p-3,0x1.6c51310651459p-2,2.3639604147193904,2.4952651981416558,0x1.2e96413f21129p+1,0x1.3f64d99a6ec48p+1,0.18401428461295119,0.3557791255462176,0x1.78dc7b334693bp-3,0x1.6c515cf3482cap-2,2.3442820029889222,2.495463370149603,0x1.2c116ec3b82a7p+1,0x1.3f6b57fd94495p+1,-2.0131960471485151,2.0616309700712008,-0x1.01b06877783c8p+1,0x1.07e3860c70333p+1,-2.7032997893301021,2.495463370149603,-0x1.5a05ba3d3a6dep+1,0x1.3f6b57fd94495p+1,33,16,3,3,-6.2431949553269473e-09,8.0836186348555272e-09,-0x1.ad077279730d4p-28,0x1.15c042ef9531cp-27,-6.2428008277871715e-07,8.0832260854485311e-07,-0x1.4f2866b85aa6bp-21,0x1.b1f7036d4686ep-21,0,0.0099999999989999998,0x0p+0,0x1.47ae147a548aep-7,27,27,3,100
flowstar_vdp_stock_reach_v1,stepwise,628,6.2800000000000002,0x1.91eb851eb851fp+2,0.01,0x1.47ae147ae147bp-7,2,0.23214970880350558,0.38076494781966347,0x1.db714e78b2227p-3,0x1.85e73f1964f7bp-2,2.3839283044207926,2.5138878366598494,0x1.3124900bbf7e2p+1,0x1.41c7139e22144p+1,0.20762090719790841,0.38076567404078843,0x1.a93526730c045p-3,0x1.85e76fd5c740ap-2,2.3646533383309443,2.5141075758869005,0x1.2eacf5e9411acp+1,0x1.41ce46ec87b09p+1,-2.0131960471485151,2.0616309700712008,-0x1.01b06877783c8p+1,0x1.07e3860c70333p+1,-2.7032997893301021,2.5141075758869005,-0x1.5a05ba3d3a6dep+1,0x1.41ce46ec87b09p+1,33,16,3,3,-6.4372335217543439e-09,8.5054113085686658e-09,-0x1.ba5d027d681a4p-28,0x1.243e63999668fp-27,-6.4368123135324288e-07,8.5049919453984278e-07,-0x1.5992dff355fp-21,0x1.c89bb81f3792fp-21,0,0.0099999999989999998,0x0p+0,0x1.47ae147a548aep-7,28,28,3,100
flowstar_vdp_stock_reach_v1,stepwise,629,6.29,0x1.928f5c28f5c29p+2,0.01,0x1.47ae147ae147bp-7,2,0.25615292404195494,0.40592918917850662,0x1.064cf3be23cedp-2,0x1.9fabe6c00dce8p-2,2.4035643461573972,2.5319604754776535,0x1.33a7ff1a49f04p+1,0x1.441747e67877p+1,0.23143580436002764,0.40592998964222382,0x1.d9fb03d6cc55cp-3,0x1.9fac1c77ea772p-2,2.3847362185270353,2.5322025486689119,0x1.313f095214859p+1,0x1.441f368eb0beep+1,-2.0131960471485151,2.0616309700712008,-0x1.01b06877783c8p+1,0x1.07e3860c70333p+1,-2.7032997893301021,2.5322025486689119,-0x1.5a05ba3d3a6dep+1,0x1.441f368eb0beep+1,33,16,3,3,-6.627648038874703e-09,8.936596848388168e-09,-0x1.c772d13cfbea2p-28,0x1.330f231e41165p-27,-6.6271992877518729e-07,8.936150226674758e-07,-0x1.63cb889090dcep-21,0x1.dfc183763222cp-21,0,0.0099999999989999998,0x0p+0,0x1.47ae147a548aep-7,29,29,3,100
flowstar_vdp_stock_reach_v1,stepwise,630,6.2999999999999998,0x1.9333333333333p+2,0.01,0x1.47ae147ae147bp-7,2,0.28035666989640751,0.43126521067570361,0x1.1f15d1a1aea18p-2,0x1.b99d965f04cf5p-2,2.4228290540057822,2.5494334625307999,0x1.361f432f60712p+1,0x1.4653d5f072ecp+1,0.25545614844662101,0.43126608784664455,0x1.05964bec8fba2p-2,0x1.b99dd13cb368p-2,2.4044926816818659,2.5496986058815767,0x1.33c66a8ba5c1p+1,0x1.465c861f75867p+1,-2.0131960471485151,2.0616309700712008,-0x1.01b06877783c8p+1,0x1.07e3860c70333p+1,-2.7032997893301021,2.5496986058815767,-0x1.5a05ba3d3a6dep+1,0x1.465c861f75867p+1,33,16,3,3,-6.8143747451798326e-09,9.3768430883062964e-09,-0x1.d447bf902ae9fp-28,0x1.422f9584ea8c6p-27,-6.8138981402721184e-07,9.3763689102999558e-07,-0x1.6dd180c11810cp-21,0x1.f763d5421a60ap-21,0,0.0099999999989999998,0x0p+0,0x1.47ae147a548aep-7,30,30,3,100
flowstar_vdp_stock_reach_v1,stepwise,631,6.3100000000000005,0x1.93d70a3d70a3ep+2,0.01,0x1.47ae147ae147bp-7,2,0.30475726252490726,0.45676652885143809,0x1.381249af0d463p-2,0x1.d3ba9add4c26ep-2,2.4416814833730718,2.5662556933389622,0x1.388904d32b05bp+1,0x1.487b110a08466p+1,0.27967871944964118,0.4567674850716627,0x1.1e641925b1876p-2,0x1.d3badb09092cbp-2,2.4238832438995148,2.5665446056656394,0x1.3641ce5eef76ap+1,0x1.4884889c8791dp+1,-2.0131960471485151,2.0616309700712008,-0x1.01b06877783c8p+1,0x1.07e3860c70333p+1,-2.7032997893301021,2.5665446056656394,-0x1.5a05ba3d3a6dep+1,0x1.4884889c8791dp+1,33,16,3,3,-6.9975092434187698e-09,9.8258215262288591e-09,-0x1.e0dd7c056c354p-28,0x1.519cd7150251dp-27,-6.9970046441032133e-07,9.8253196586272289e-07,-0x1.77a6197d941d5p-21,0x1.07bf152356c61p-20,0,0.0099999999989999998,0x0p+0,0x1.47ae147a548aep-7,31,31,3,100
flowstar_vdp_stock_reach_v1,stepwise,632,6.3200000000000003,0x1.947ae147ae148p+2,0.01,0x1.47ae147ae147bp-7,2,0.32935059414903739,0.48242614977279946,0x1.5141483b27341p-2,0x1.ee011ee00998bp-2,2.46007918255104,2.5823748105380391,0x1.3ae3dfe95045dp+1,0x1.4a8b41fea335ap+1,0.30409988727215903,0.48242718723785272,0x1.3765f5fa34705p-2,0x1.ee01647f8d278p-2,2.4428668370487845,2.5826881460659745,0x1.38afdc4acdc24p+1,0x1.4a9586718f63cp+1,-2.0131960471485151,2.0616309700712008,-0x1.01b06877783c8p+1,0x1.07e3860c70333p+1,-2.7032997893301021,2.5826881460659745,-0x1.5a05ba3d3a6dep+1,0x1.4a9586718f63cp+1,33,16,3,3,-7.1773356811459042e-09,1.0283220558710156e-08,-0x1.ed39064c933cbp-28,0x1.61542a2360474p-27,-7.176803136029104e-07,1.0282691049945547e-06,-0x1.814d3b31d39p-21,0x1.14061d66170edp-20,0,0.0099999999989999998,0x0p+0,0x1.47ae147a548aep-7,32,32,3,100
flowstar_vdp_stock_reach_v1,stepwise,633,6.3300000000000001,0x1.951eb851eb852p+2,0.01,0x1.47ae147ae147bp-7,2,0.3541321174272008,0.50823655793264144,0x1.6aa19c1b40929p-2,0x1.04379505e7947p-1,2.4779781002542367,2.5977374761886094,0x1.3d2e62ea65e87p+1,0x1.4c82a95fe96d9p+1,0.32871559518560217,0.5082376786664301,0x1.509ad22c07833p-2,0x1.0437baa0ef3e9p-1,2.4614007017565713,2.5980758369896964,0x1.3b0f2d9e32adap+1,0x1.4c8dbfc033047p+1,-2.0131960471485151,2.0616309700712008,-0x1.01b06877783c8p+1,0x1.07e3860c70333p+1,-2.7032997893301021,2.5980758369896964,-0x1.5a05ba3d3a6dep+1,0x1.4c8dbfc033047p+1,33,16,3,3,-7.3543471273924771e-09,1.074875263244518e-08,-0x1.f9630afb83ae4p-28,0x1.7153072cd29fep-27,-7.3537868930896169e-07,1.0748195729628509e-06,-0x1.8acdad6e4bcc6p-21,0x1.208509e44938p-20,0,0.0099999999989999998,0x0p+0,0x1.47ae147a548aep-7,33,33,3,100
flowstar_vdp_stock_reach_v1,stepwise,634,6.3399999999999999,0x1.95c28f5c28f5cp+2,0.01,0x1.47ae147ae147bp-7,2,0.37909682660255811,0.53418971029377305,0x1.8431f56119fa9p-2,0x1.1181504f2497bp-1,2.4953327542256662,2.6122894083495556,0x1.3f67104e04b74p+1,0x1.4e5f7fd446364p+1,0.35352133990925827,0.53419091612239888,0x1.6a017f8564b98p-2,0x1.118178c521c87p-1,2.4794405407809115,2.6126533364708679,0x1.3d5e4ec183e9bp+1,0x1.4e6b6cadf6bdap+1,-2.0131960471485151,2.0616309700712008,-0x1.01b06877783c8p+1,0x1.07e3860c70333p+1,-2.7032997893301021,2.6126533364708679,-0x1.5a05ba3d3a6dep+1,0x1.4e6b6cadf6bdap+1,33,15,3,3,-7.5346266357157839e-09,1.1227519271037216e-08,-0x1.02e346dac008cp-27,0x1.81c64dcd7bb97p-27,-7.5340391962410106e-07,1.1226935437394793e-06,-0x1.947b0bd75b6dep-21,0x1.2d5ee9b13c837p-20,0,0.0099999999989999998,0x0p+0,0x1.47ae147a548aep-7,34,34,3,100
flowstar_vdp_stock_reach_v1,stepwise,635,6.3500000000000005,0x1.9666666666667p+2,0.01,0x1.47ae147ae147bp-7,2,0.40422323623340967,0.56028940895854829,0x1.9decb22f9f83fp-2,0x1.1ede40df8b553p-1,2.5120965359622893,2.6259755946777421,0x1.418c61192d2c8p+1,0x1.501ff7e19e164p+1,0.37849614911379731,0.56029070148326277,0x1.83947e986c3c5p-2,0x1.1ede6c3e3f3dp-1,2.4969408079019151,2.6263655640120729,0x1.3f9bc1a2fe471p+1,0x1.502cbf2e62df9p+1,-2.0131960471485151,2.0616309700712008,-0x1.01b06877783c8p+1,0x1.07e3860c70333p+1,-2.7032997893301021,2.6263655640120729,-0x1.5a05ba3d3a6dep+1,0x1.502cbf2e62df9p+1,33,16,3,3,-7.9945183632610859e-09,1.1996217533587919e-08,-0x1.12b086f5fd306p-27,0x1.9c2fd8683526p-27,-7.9939044777998202e-07,1.1995607495633821e-06,-0x1.ad2b62f57dad1p-21,0x1.42012fe0bdee8p-20,0,0.0099999999989999998,0x0p+0,0x1.47ae147a548aep-7,35,35,3,100
flowstar_vdp_stock_reach_v1,stepwise,636,6.3600000000000003,0x1.970a3d70a3d71p+2,0.01,0x1.47ae147ae147bp-7,2,0.42952048382720442,0.58651868645741445,0x1.b7d437bbfff04p-2,0x1.2c4c2d61a7aa9p-1,2.5282211697767405,2.6387401749202808,0x1.439cc0549f7bcp+1,0x1.51c23cf0f6433p+1,0.40364968266500878,0.58652006702689574,0x1.9d5657a859142p-2,0x1.2c4c5bb4a80fcp-1,2.5138541506517984,2.6391565828791506,0x1.41c5f909fb4e7p+1,0x1.51cfe2063e99bp+1,-2.0131960471485151,2.0616309700712008,-0x1.01b06877783c8p+1,0x1.07e3860c70333p+1,-2.7032997893301021,2.6391565828791506,-0x1.5a05ba3d3a6dep+1,0x1.51cfe2063e99bp+1,33,16,3,3,-8.4795928849700288e-09,1.2797742540025702e-08,-0x1.235b49adb2531p-27,0x1.b7ba224468a35p-27,-8.4789529329715349e-07,1.2797106627952635e-06,-0x1.c735d77de26fap-21,0x1.57850c101b573p-20,0,0.0099999999989999998,0x0p+0,0x1.47ae147a548aep-7,36,36,3,100
flowstar_vdp_stock_reach_v1,stepwise,637,6.3700000000000001,0x1.97ae147ae147bp+2,0.01,0x1.47ae147ae147bp-7,2,0.45498210396065197,0.61286424894889424,0x1.d1e6d4231ae72p-2,0x1.39c957c43f076p-1,2.5436583955751773,2.6505262442554498,0x1.4596992a9879dp+1,0x1.534471a82228ap+1,0.42897600518648654,0.61286571863107764,0x1.b7457c642dc23p-2,0x1.39c98914b8541p-1,2.5301330763884171,2.650969403315226,0x1.43db6690cedd1p+1,0x1.5352f724f7bf7p+1,-2.0131960471485151,2.0616309700712008,-0x1.01b06877783c8p+1,0x1.07e3860c70333p+1,-2.7032997893301021,2.650969403315226,-0x1.5a05ba3d3a6dep+1,0x1.5352f724f7bf7p+1,33,16,3,3,-8.9649804084153086e-09,1.3605623144871087e-08,-0x1.3408cd369edbdp-27,0x1.d37c53a9a635cp-27,-8.964315080802973e-07,1.3604961982919186e-06,-0x1.e1449bbb81d7bp-21,0x1.6d34963baa9d3p-20,0,0.0099999999989999998,0x0p+0,0x1.47ae147a548aep-7,37,37,3,100
flowstar_vdp_stock_reach_v1,stepwise,638,6.3799999999999999,0x1.9851eb851eb85p+2,0.01,0x1.47ae147ae147bp-7,2,0.48060112316460019,0.63931587953217039,0x1.ec22b369a6bbdp-2,0x1.47546934ceec7p-1,2.5583580393157432,2.6612774694423007,0x1.477846b728ef3p+1,0x1.54a4bd786b0c9p+1,0.45446867921762724,0.63931743908590022,0x1.d1603cc92f20ep-2,0x1.47549d8945d8p-1,2.545728005821434,2.6617475986442143,0x1.45da6a50c1d67p+1,0x1.54b4253331146p+1,-2.0131960471485151,2.0616309700712008,-0x1.01b06877783c8p+1,0x1.07e3860c70333p+1,-2.7032997893301021,2.6617475986442143,-0x1.5a05ba3d3a6dep+1,0x1.54b4253331146p+1,33,16,3,3,-9.4491843315111493e-09,1.4416535541606985e-08,-0x1.44abe784658a2p-27,0x1.ef59300bec7e8p-27,-9.4484949831840797e-07,1.4415850398677248e-06,-0x1.fb43205118912p-21,0x1.82f8f8385f04dp-20,0,0.0099999999989999998,0x0p+0,0x1.47ae147a548aep-7,38,38,3,100
flowstar_vdp_stock_reach_v1,stepwise,639,6.3900000000000006,0x1.98f5c28f5c29p+2,0.01,0x1.47ae147ae147bp-7,2,0.50637005066726326,0.66586280901092676,0x1.0342ef6e945b4p-1,0x1.54ebf858a6353p-1,2.5722698873939041,2.6709367184847457,0x1.494023c16bd47p+1,0x1.55e1411fc9ecep+1,0.48012075405988075,0.66586445885772794,0x1.eba4c66345ae2p-2,0x1.54ec2fb4b9b11p-1,2.5605891304023398,2.6714339349796696,0x1.47c16276c91acp+1,0x1.55f18c1414c55p+1,-2.0131960471485151,2.0616309700712008,-0x1.01b06877783c8p+1,0x1.07e3860c70333p+1,-2.7032997893301021,2.6714339349796696,-0x1.5a05ba3d3a6dep+1,0x1.55f18c1414c55p+1,33,16,3,3,-9.9523986161361514e-09,1.5248623109583556e-08,-0x1.55f639597b3cdp-27,0x1.05f82756abc39p-26,-9.9516868917767283e-07,1.5247915523392266e-06,-0x1.0b2378b9c058ap-20,0x1.994ee0aaeec04p-20,0,0.0099999999989999998,0x0p+0,0x1.47ae147a548aep-7,39,39,3,100
flowstar_vdp_stock_reach_v1,stepwise,640,6.4000000000000004,0x1.999999999999ap+2,0.01,0x1.47ae147ae147bp-7,2,0.53228086953995202,0.6924937183667963,0x1.10871e3debcb7p-1,0x1.628e896224432p-1,2.5853427228684005,2.6794474312267833,0x1.4aec82a5d5ef8p+1,0x1.56f822283c30fp+1,0.5059247548566036,0.69249545856310024,0x1.030891c8b11dbp-1,0x1.628ec3c650676p-1,2.5746654258324746,2.679971747809919,0x1.498ea2fd0bd38p+1,0x1.5709507186168p+1,-2.0131960471485151,2.0616309700712008,-0x1.01b06877783c8p+1,0x1.07e3860c70333p+1,-2.7032997893301021,2.679971747809919,-0x1.5a05ba3d3a6dep+1,0x1.5709507186168p+1,33,16,3,3,-1.0442568276940316e-08,1.6067563337567023e-08,-0x1.66cdcd4ce7a63p-27,0x1.1409e410a0de9p-26,-1.044183608311786e-06,1.6066835085439227e-06,-0x1.184bc04d4ca18p-20,0x1.af4a73326177ap-20,0,0.0099999999989999998,0x0p+0,0x1.47ae147a548aep-7,40,40,3,100
flowstar_vdp_stock_reach_v1,stepwise,641,6.4100000000000001,0x1.9a3d70a3d70a4p+2,0.01,0x1.47ae147ae147bp-7,2,0.55832496294359135,0.71919681035608352,0x1.1ddcc500c42a8p-1,0x1.703a9077bbd96p-1,2.5975184030670118,2.6867599804369711,0x1.4c7b7ba7f729cp+1,0x1.57e7c04416d58p+1,0.53187260660805946,0.71919864056627092,0x1.10519b360a2eep-1,0x1.703acde11e9d2p-1,2.5878987262105042,2.6873112902487777,0x1.4b4043f53793p+1,0x1.57f9d0fce520dp+1,-2.0131960471485151,2.0616309700712008,-0x1.01b06877783c8p+1,0x1.07e3860c70333p+1,-2.7032997893301021,2.6873112902487777,-0x1.5a05ba3d3a6dep+1,0x1.57f9d0fce520dp+1,33,15,3,3,-1.0912945389395158e-08,1.6864079217142309e-08,-0x1.76f7486504543p-27,0x1.21b90138358dap-26,-1.0912194920532377e-06,1.6863332341212777e-06,-0x1.24ec0851ca569p-20,0x1.c4abeffccfa24p-20,0,0.0099999999989999998,0x0p+0,0x1.47ae147a548aep-7,41,41,3,100
flowstar_vdp_stock_reach_v1,stepwise,642,6.4199999999999999,0x1.9ae147ae147aep+2,0.01,0x1.47ae147ae147bp-7,2,0.58449281992701596,0.7459601061020299,0x1.2b42a494aaacfp-1,0x1.7dee7ba7a866bp-1,2.6087062478489775,2.6928577538199563,0x1.4dea1619b0ecep+1,0x1.58af9018b7e6dp+1,0.55795533757800864,0.74596202557268099,0x1.1dac526f0d686p-1,0x1.7deebc0fc9005p-1,2.6001980914824463,2.6934358202339679,0x1.4cd34a8304f4ep+1,0x1.58c28144e3d16p+1,-2.0131960471485151,2.0616309700712008,-0x1.01b06877783c8p+1,0x1.07e3860c70333p+1,-2.7032997893301021,2.6934358202339679,-0x1.5a05ba3d3a6dep+1,0x1.58c28144e3d16p+1,33,16,3,3,-1.1359703164250209e-08,1.7631392932810002e-08,-0x1.8651017801db8p-27,0x1.2ee7afa91a3acp-26,-1.1358936876731414e-06,1.763062971428653e-06,-0x1.30ea05148989cp-20,0x1.d944c3cd28242p-20,0,0.0099999999989999998,0x0p+0,0x1.47ae147a548aep-7,42,42,3,100
flowstar_vdp_stock_reach_v1,stepwise,643,6.4299999999999997,0x1.9b851eb851eb8p+2,0.01,0x1.47ae147ae147bp-7,2,0.61077524752511392,0.77277024024509422,0x1.38b78882a7413p-1,0x1.8ba88a7a5977ep-1,2.6188946949707135,2.6976460001238509,0x1.4f37f0fd48971p+1,0x1.594c76d15bcbap+1,0.58416428884783356,0.77277224778086306,0x1.2b1794e82f61cp-1,0x1.8ba8cdd6f34f7p-1,2.6115514413840804,2.6982504533444027,0x1.4e475150487c1p+1,0x1.59604556c4046p+1,-2.0131960471485151,2.0616309700712008,-0x1.01b06877783c8p+1,0x1.07e3860c70333p+1,-2.7032997893301021,2.6982504533444027,-0x1.5a05ba3d3a6dep+1,0x1.59604556c4046p+1,33,16,3,3,-1.1774226433443347e-08,1.8358447755249355e-08,-0x1.948f30e39d155p-27,0x1.3b654e9e0e9c2p-26,-1.1773447110800448e-06,1.8357670779115787e-06,-0x1.3c0a83321b51ap-20,0x1.ecc8f3f805884p-20,0,0.0099999999989999998,0x0p+0,0x1.47ae147a548aep-7,43,43,3,100
flowstar_vdp_stock_reach_v1,stepwise,644,6.4400000000000004,0x1.9c28f5c28f5c3p+2,0.01,0x1.47ae147ae147bp-7,2,0.63716210478501822,0.79961373933483171,0x1.463a1c849ab72p-1,0x1.9966f8d7c030ap-1,2.6280353267624457,2.7010683339551353,0x1.5063762a96b45p+1,0x1.59bc9b6f4c9c1p+1,0.61048984565677133,0.79961583327637953,0x1.3892200345976p-1,0x1.99673f1a92597p-1,2.6219095717378078,2.7016986644514005,0x1.4f9abb9bd774cp+1,0x1.59d14307bb9a3p+1,-2.0131960471485151,2.0616309700712008,-0x1.01b06877783c8p+1,0x1.07e3860c70333p+1,-2.7032997893301021,2.7016986644514005,-0x1.5a05ba3d3a6dep+1,0x1.59d14307bb9a3p+1,33,17,3,3,-1.2149670206150657e-08,1.903547428709616e-08,-0x1.a175a11b46ae6p-27,0x1.4706e6b9fef77p-26,-1.214888091471666e-06,1.903468639945715e-06,-0x1.461e79540c743p-20,0x1.fef55e7192299p-20,0,0.0099999999989999998,0x0p+0,0x1.47ae147a548aep-7,44,44,3,100
flowstar_vdp_stock_reach_v1,stepwise,645,6.4500000000000002,0x1.9cccccccccccdp+2,0.01,0x1.47ae147ae147bp-7,2,0.66364182660292281,0.82647742334266816,0x1.53c8dc8b08d5dp-1,0x1.a7280c804739p-1,2.6360720368997255,2.7030734728105315,0x1.516acefa3134ep+1,0x1.59fe4fc234043p+1,0.63692095842384788,0.82647960154710165,0x1.461a80fd22829p-1,0x1.a7285596e96d6p-1,2.6312153083541965,2.7037290255136908,0x1.50cba9c90ed38p+1,0x1.5a13caeee9e36p+1,-2.0131960471485151,2.0616309700712008,-0x1.01b06877783c8p+1,0x1.07e3860c70333p+1,-2.7032997893301021,2.7037290255136908,-0x1.5a05ba3d3a6dep+1,0x1.5a13caeee9e36p+1,33,16,3,3,-1.2479791370349138e-08,1.9653266408635209e-08,-0x1.accd67e1f0f4ep-27,0x1.51a3fad1921b3p-26,-1.2478995434083983e-06,1.9652470693887274e-06,-0x1.4efb00eeb09bap-20,0x1.07c56008b1ec9p-19,0,0.0099999999989999998,0x0p+0,0x1.47ae147a548aep-7,45,45,3,100
flowstar_vdp_stock_reach_v1,stepwise,646,6.46,0x1.9d70a3d70a3d7p+2,0.01,0x1.47ae147ae147bp-7,2,0.69019362359612924,0.85335724949923231,0x1.61610f0281978p-1,0x1.b4eb3dccceb3cp-1,2.6429580847324639,2.703612052287216,0x1.524c73554ff72p+1,0x1.5a0ff5b0d2908p+1,0.66343733969183327,0.85335950932350346,0x1.53ae0f19d7e4bp-1,0x1.b4eb89a08cd3fp-1,2.6394205500627779,2.7042920216871509,0x1.51d888577479ap+1,0x1.5a263daffd71dp+1,-2.0131960471485151,2.0616309700712008,-0x1.01b06877783c8p+1,0x1.07e3860c70333p+1,-2.7032997893301021,2.7042920216871509,-0x1.5a05ba3d3a6dep+1,0x1.5a263daffd71dp+1,33,17,3,3,-1.2760610103034799e-08,2.0206245779865975e-08,-0x1.b6738373d89a7p-27,0x1.5b24023dbea53p-26,-1.2759811065395486e-06,2.0205445525571624e-06,-0x1.5684c103f17c6p-20,0x1.0f3161d6fdafap-19,0,0.0099999999989999998,0x0p+0,0x1.47ae147a548aep-7,46,46,3,100
flowstar_vdp_stock_reach_v1,stepwise,647,6.4699999999999998,0x1.9e147ae147ae1p+2,0.01,0x1.47ae147ae147bp-7,2,0.71681490489679989,0.88022764635420014,0x1.6f025cfba25bbp-1,0x1.c2ad32b440b01p-1,2.648643487616174,2.7026372931042046,0x1.5306bff30994ap+1,0x1.59f004d16a903p+1,0.69003688389813822,0.88022998464191871,0x1.614c83b2c0a43p-1,0x1.c2ad8129fdc25p-1,2.646473651589198,2.7033407193814178,0x1.52bfa60ba6912p+1,0x1.5a071195d81a5p+1,-2.0131960471485151,2.0616309700712008,-0x1.01b06877783c8p+1,0x1.07e3860c70333p+1,-2.7032997893301021,2.7042920216871509,-0x1.5a05ba3d3a6dep+1,0x1.5a263daffd71dp+1,33,19,3,3,-1.2982590291518561e-08,2.0680410977220716e-08,-0x1.be1412664bc0ep-27,0x1.634968caefb26p-26,-1.2981791948970687e-06,2.0679609711463435e-06,-0x1.5c7a31ea6608ap-20,0x1.158e99118923bp-19,0,0.0099999999989999998,0x0p+0,0x1.47ae147a548aep-7,47,47,3,100
flowstar_vdp_stock_reach_v1,stepwise,648,6.4800000000000004,0x1.9eb851eb851ecp+2,0.01,0x1.47ae147ae147bp-7,2,0.74349276254799768,0.90707467335519021,0x1.7cab1557e9a5ep-1,0x1.d06c17722e4c2p-1,2.6529487026596223,2.7002356666037715,0x1.5393d2b5f1c12p+1,0x1.59a15283c729ap+1,0.71670714867438146,0.90707708642729179,0x1.6ef43d48bb546p-1,0x1.d06c686a4ff75p-1,2.6521930979630497,2.700961432928858,0x1.537b103d36dp+1,0x1.59b91aaf17e73p+1,-2.0131960471485151,2.0616309700712008,-0x1.01b06877783c8p+1,0x1.07e3860c70333p+1,-2.7032997893301021,2.7042920216871509,-0x1.5a05ba3d3a6dep+1,0x1.5a263daffd71dp+1,33,19,3,3,-1.314839986388718e-08,2.1074787499836994e-08,-0x1.c3c68c5d1f65p-27,0x1.6a0fe54865399p-26,-1.3147606051765363e-06,2.1073988783835334e-06,-0x1.60eda92b8df0ep-20,0x1.1ad9ac91b45cdp-19,0,0.0099999999989999998,0x0p+0,0x1.47ae147a548aep-7,48,48,3,100
flowstar_vdp_stock_reach_v1,stepwise,649,6.4900000000000002,0x1.9f5c28f5c28f6p+2,0.01,0x1.47ae147ae147bp-7,2,0.77017586277764216,0.93392115265505282,0x1.8a547d9d98dc7p-1,0x1.de2ae9cf6464p-1,2.6519686884942661,2.7002236557980019,0x1.5373b5c18ca84p+1,0x1.59a0edc2c4dc8p+1,0.74339372803447201,0.93392715124430703,0x1.7c9e1a4beb4d8p-1,0x1.de2bb316e1a94p-1,2.651968573411505,2.7016734748373561,0x1.5373b4ca693d8p+1,0x1.59d06fb972d4fp+1,-2.0131960471485151,2.0616309700712008,-0x1.01b06877783c8p+1,0x1.07e3860c70333p+1,-2.7032997893301021,2.7042920216871509,-0x1.5a05ba3d3a6dep+1,0x1.5a263daffd71dp+1,33,19,3,3,-1.3547564924773328e-08,2.1665928050328495e-08,-0x1.d17da42c6a0ffp-27,0x1.7437c25f9f424p-26,-1.3546774591202056e-06,2.1665130575013026e-06,-0x1.6ba4b9e419d91p-20,0x1.22c8d2633a642p-19,0,0.0099999999989999998,0x0p+0,0x1.47ae147a548aep-7,49,49,3,100
flowstar_vdp_stock_reach_v1,stepwise,650,6.5,0x1.ap+2,0.01,0x1.47ae147ae147bp-7,2,0.79684969742077583,0.96075222009384531,0x1.97fcaefc7fdc5p-1,0x1.ebe7b709b9945p-1,2.6455377904827118,2.7026834522875931,0x1.52a0fb793a48dp+1,0x1.59f1880781fedp+1,0.77008205971717159,0.96076578519385991,0x1.8a48321b7171cp-1,0x1.ebe97e350bf9bp-1,2.6455376622648927,2.7056530360845645,0x1.52a0fa65e1cbp+1,0x1.5a52d6b427354p+1,-2.0131960471485151,2.0616309700712008,-0x1.01b06877783c8p+1,0x1.07e3860c70333p+1,-2.7032997893301021,2.7056530360845645,-0x1.5a05ba3d3a6dep+1,0x1.5a52d6b427354p+1,33,19,3,3,-1.4241473147846689e-08,2.2514173919359166e-08,-0x1.e9555294b77a2p-27,0x1.82ca6251859e9p-26,-1.4240685024917352e-06,2.251337615262906e-06,-0x1.7e453e092bfdap-20,0x1.2e2b5f1697734p-19,0,0.0099999999989999998,0x0p+0,0x1.47ae147a548aep-7,50,50,3,100
flowstar_vdp_stock_reach_v1,stepwise,651,6.5099999999999998,0x1.a0a3d70a3d70ap+2,0.01,0x1.47ae147ae147bp-7,2,0.82353943291985998,0.98751253020760532,0x1.a5a6f5e6b6e0ep-1,0x1.f99b3e0b43856p-1,2.6375078945121055,2.703685431095769,0x1.5199dbd2ef872p+1,0x1.5a125d3c9d2ecp+1,0.79680148977204723,0.98753385017631323,0x1.97f65d67f336p-1,0x1.f99e096c66847p-1,2.637507753373864,2.7082119123591633,0x1.5199daa3d7f58p+1,0x1.5aa6b01d1c305p+1,-2.0131960471485151,2.0616309700712008,-0x1.01b06877783c8p+1,0x1.07e3860c70333p+1,-2.7032997893301021,2.7082119123591633,-0x1.5a05ba3d3a6dep+1,0x1.5aa6b01d1c305p+1,33,19,3,3,-1.5007482305503044e-08,2.3402852422940257e-08,-0x1.01d39aee015b6p-26,0x1.920ed55ce316fp-26,-1.5006699578056686e-06,2.3402057278340125e-06,-0x1.92d54116c79aep-20,0x1.3a18db45ebf9cp-19,0,0.0099999999989999998,0x0p+0,0x1.47ae147a548aep-7,51,51,3,100
flowstar_vdp_stock_reach_v1,stepwise,652,6.5200000000000005,0x1.a147ae147ae15p+2,0.01,0x1.47ae147ae147bp-7,2,0.85023099482267528,1.0141852323285341,0x1.b3517a199e2cdp-1,0x1.03a1a4b4efed6p+0,2.627855051713432,2.7031821436553005,0x1.505d8de8de69p+1,0x1.5a01df5b10ba7p+1,0.82353831507611408,1.0142144788489784,0x1.a5a6d064827c3p-1,0x1.03a38f61c93a5p+0,2.6278548980070648,2.7092992690462294,0x1.505d8c9ec970fp+1,0x1.5aca5185d0ac6p+1,-2.0131960471485151,2.0616309700712008,-0x1.01b06877783c8p+1,0x1.07e3860c70333p+1,-2.7032997893301021,2.7092992690462294,-0x1.5a05ba3d3a6dep+1,0x1.5aca5185d0ac6p+1,33,19,3,3,-1.5937509166610976e-08,2.4416894781310138e-08,-0x1.11cde816037dap-26,0x1.a37aa38f4617p-26,-1.5936734225138166e-06,2.4416104410047473e-06,-0x1.abcc6757c892ap-20,0x1.47b51890257d8p-19,0,0.0099999999989999998,0x0p+0,0x1.47ae147a548aep-7,52,52,3,100
flowstar_vdp_stock_reach_v1,stepwise,653,6.5300000000000002,0x1.a1eb851eb851fp+2,0.01,0x1.47ae147ae147bp-7,2,0.87690988838221784,1.0407532157765373,0x1.c0fa553848017p-1,0x1.0a6ecd80f7913p+0,2.6165594456087979,2.7011289580880691,0x1.4eeb6b7f76ffbp+1,0x1.59be97fca226ep+1,0.85027837835250231,1.0407905423430672,0x1.b357b0070a31ep-1,0x1.0a713fbd597dep+0,2.6165592798288615,2.7088667871499412,0x1.4eeb6a1b7483dp+1,0x1.5abc259a03c9ap+1,-2.0131960471485151,2.0616309700712008,-0x1.01b06877783c8p+1,0x1.07e3860c70333p+1,-2.7032997893301021,2.7092992690462294,-0x1.5a05ba3d3a6dep+1,0x1.5aca5185d0ac6p+1,33,19,3,3,-1.6916748959020739e-08,2.5444478363724633e-08,-0x1.22a0a613b8fep-26,0x1.b521ffd1c2ac5p-26,-1.691598604623753e-06,2.5443696787108581e-06,-0x1.c615c55d71a9p-20,0x1.557fe06077ae6p-19,0,0.0099999999989999998,0x0p+0,0x1.47ae147a548aep-7,53,53,3,100
flowstar_vdp_stock_reach_v1,stepwise,654,6.54,0x1.a28f5c28f5c29p+2,0.01,0x1.47ae147ae147bp-7,2,0.90356122532007088,1.0671991559356231,0x1.ce9f93b15de58p-1,0x1.1133f6c10ff34p+0,2.6036058685982995,2.6974841678402166,0x1.4d42f504a6d4dp+1,0x1.594729452cfe2p+1,0.87700709192317472,1.0672446963966193,0x1.c10712d457178p-1,0x1.1136f2cbda599p+0,2.603605691384224,2.7068687838105858,0x1.4d42f388165cfp+1,0x1.5a7aad2283cf3p+1,-2.0131960471485151,2.0616309700712008,-0x1.01b06877783c8p+1,0x1.07e3860c70333p+1,-2.7032997893301021,2.7092992690462294,-0x1.5a05ba3d3a6dep+1,0x1.5aca5185d0ac6p+1,33,19,3,3,-1.795099228799687e-08,2.6476723923769097e-08,-0x1.34654c8b773fap-26,0x1.c6dddcffd0204p-26,-1.7950263030013419e-06,2.6475964441619202e-06,-0x1.e1d944ad512c5p-20,0x1.635ab89bad731p-19,0,0.0099999999989999998,0x0p+0,0x1.47ae147a548aep-7,54,54,3,100
flowstar_vdp_stock_reach_v1,stepwise,655,6.5499999999999998,0x1.a333333333333p+2,0.01,0x1.47ae147ae147bp-7,2,0.93016974460557122,1.0935055714555775,0x1.dc3f35719e84p-1,0x1.17effb2b653f4p+0,2.5889821080696263,2.6922111680499161,0x1.4b63c4060b499p+1,0x1.589a602459a51p+1,0.90370945559623794,1.0935594386300209,0x1.ceb30179be5d6p-1,0x1.17f382e925e73p+0,2.5889819202061393,2.7032644040225975,0x1.4b63c2729c3e4p+1,0x1.5a049167dbe7p+1,-2.0131960471485151,2.0616309700712008,-0x1.01b06877783c8p+1,0x1.07e3860c70333p+1,-2.7032997893301021,2.7092992690462294,-0x1.5a05ba3d3a6dep+1,0x1.5aca5185d0ac6p+1,33,19,3,3,-1.9034976367158779e-08,2.7509428911853979e-08,-0x1.4704b61e5859bp-26,0x1.d89bbf72fb81ap-26,-1.9034170203477131e-06,2.7508633128288625e-06,-0x1.fef1d25791912p-20,0x1.7136f1974d36cp-19,0,0.0099999999989999998,0x0p+0,0x1.47ae147a548aep-7,55,55,3,100
flowstar_vdp_stock_reach_v1,stepwise,656,6.5600000000000005,0x1.a3d70a3d70a3ep+2,0.01,0x1.47ae147ae147bp-7,2,0.95671979423406184,1.1196549260708815,0x1.e9d72d4757a05p-1,0x1.1ea1b48a479cap+0,2.5726692262371276,2.6852887066248052,0x1.494d39a70e9a7p+1,0x1.57b78a53a2c65p+1,0.93037003570582066,1.1197172104561675,0x1.dc59761911d82p-1,0x1.1ea5c97fad767p+0,2.5726690286523097,2.6980278905400783,0x1.494d37febf337p+1,0x1.5958fa58c8627p+1,-2.0131960471485151,2.0616309700712008,-0x1.01b06877783c8p+1,0x1.07e3860c70333p+1,-2.7032997893301021,2.7092992690462294,-0x1.5a05ba3d3a6dep+1,0x1.5aca5185d0ac6p+1,33,19,3,3,-2.0169864947545031e-08,2.8577015535455074e-08,-0x1.5a840110c297ep-26,0x1.eaf30b2113d8cp-26,-2.0168950612085288e-06,2.857606603304997e-06,-0x1.0eb3fc930d53fp-19,0x1.7f8a9d80e86dep-19,0,0.0099999999989999998,0x0p+0,0x1.47ae147a548aep-7,56,56,3,100
flowstar_vdp_stock_reach_v1,stepwise,657,6.5700000000000003,0x1.a47ae147ae148p+2,0.01,0x1.47ae147ae147bp-7,2,0.98319462049599082,1.1456304279648994,0x1.f7654909444e9p-1,0x1.254809256966fp+0,2.5545751533769425,2.6767777739457497,0x1.46fc519176cdbp+1,0x1.56a0a772e0dacp+1,0.95697225183105405,1.1457011965531152,0x1.e9f844599673fp-1,0x1.254cac722f06dp+0,2.5545749471377932,2.6912154958392809,0x1.46fc4fd691a1dp+1,0x1.5879bfd68f1f1p+1,-2.0131960471485151,2.0616309700712008,-0x1.01b06877783c8p+1,0x1.07e3860c70333p+1,-2.7032997893301021,2.7092992690462294,-0x1.5a05ba3d3a6dep+1,0x1.5aca5185d0ac6p+1,33,19,3,3,-2.1349733886944988e-08,2.9653134603906679e-08,-0x1.6ec91f64f91d2p-26,0x1.fd6fdd7cf61bdp-26,-2.1348706913052984e-06,2.9652069380708856e-06,-0x1.1e899930ec61dp-19,0x1.8dfbbc0eafac7p-19,0,0.0099999999989999998,0x0p+0,0x1.47ae147a548aep-7,57,57,3,100
flowstar_vdp_stock_reach_v1,stepwise,658,6.5800000000000001,0x1.a51eb851eb852p+2,0.01,0x1.47ae147ae147bp-7,2,1.0095787470475908,1.1714137440037675,0x1.0273c0b54e59ep+0,0x1.2be1c56894c2dp+0,2.5347776409654674,2.6665790931647599,0x1.447397ff4a134p+1,0x1.555276b6ab848p+1,0.98350075353919897,1.1714930392231644,0x1.f78d6928159d5p-1,0x1.2be6f7c2f483dp+0,2.5347774272709014,2.6827229979990714,0x1.44739634623ecp+1,0x1.5763779a5108fp+1,-2.0131960471485151,2.0616309700712008,-0x1.01b06877783c8p+1,0x1.07e3860c70333p+1,-2.7032997893301021,2.7092992690462294,-0x1.5a05ba3d3a6dep+1,0x1.5aca5185d0ac6p+1,33,19,3,3,-2.2554671124625466e-08,3.0716879270940853e-08,-0x1.837c7e1e3a9c7p-26,0x1.07db21c13c28fp-25,-2.2553524001923516e-06,3.0715691047967832e-06,-0x1.2eb551828c37p-19,0x1.9c424f91e71b5p-19,0,0.0099999999989999998,0x0p+0,0x1.47ae147a548aep-7,58,58,3,100
flowstar_vdp_stock_reach_v1,stepwise,659,6.5899999999999999,0x1.a5c28f5c28f5cp+2,0.01,0x1.47ae147ae147bp-7,2,1.0358560383379003,1.1969870337803263,0x1.092ddc800680ep+0,0x1.326dbe03d2929p+0,2.5133115815115032,2.6546461891608844,0x1.41b431a39ffe3p+1,0x1.53cb724272d1dp+1,1.0099394817076872,1.1970748726111504,0x1.028b64d4dfab4p+0,0x1.32737fb4ba6f1p+0,2.5133113483956633,2.6724988116820949,0x1.41b42faf03346p+1,0x1.561470e96300cp+1,-2.0131960471485151,2.0616309700712008,-0x1.01b06877783c8p+1,0x1.07e3860c70333p+1,-2.7032997893301021,2.7092992690462294,-0x1.5a05ba3d3a6dep+1,0x1.5aca5185d0ac6p+1,33,19,3,3,-2.3772146692062442e-08,3.1757117984966782e-08,-0x1.986701befca0cp-26,0x1.10caa417268fep-25,-2.3770872110662943e-06,3.1755799755563575e-06,-0x1.3f0c183afe1f7p-19,0x1.aa3818dd4ce7bp-19,0,0.0099999999989999998,0x0p+0,0x1.47ae147a548aep-7,59,59,3,100
flowstar_vdp_stock_reach_v1,stepwise,660,6.6000000000000005,0x1.a666666666667p+2,0.01,0x1.47ae147ae147bp-7,2,1.0620099152218709,1.222332835072597,0x1.0fdfe1bde7d9ep+0,0x1.38eacdff76b96p+0,2.490179619214397,2.640975108239656,0x1.3ebe34acd8855p+1,0x1.520b78ebb83dbp+1,1.0362718802626754,1.2224292104090699,0x1.09491d2b7e1c4p+0,0x1.38f11ee861ce9p+0,2.4901784921813697,2.6605345755641103,0x1.3ebe2b388f8fcp+1,0x1.548c659ff6698p+1,-2.0131960471485151,2.0616309700712008,-0x1.01b06877783c8p+1,0x1.07e3860c70333p+1,-2.7032997893301021,2.7092992690462294,-0x1.5a05ba3d3a6dep+1,0x1.5aca5185d0ac6p+1,33,19,3,3,-2.4991641739239995e-08,3.276510946661903e-08,-0x1.ad5a671b2664p-26,0x1.19733cd91b994p-25,-2.4990232638584128e-06,3.2763654542200595e-06,-0x1.4f69c917f393dp-19,0x1.b7bf0f4f60a4bp-19,0,0.0099999999989999998,0x0p+0,0x1.47ae147a548aep-7,60,60,3,100
flowstar_vdp_stock_reach_v1,stepwise,661,6.6100000000000003,0x1.a70a3d70a3d71p+2,0.01,0x1.47ae147ae147bp-7,2,1.0880237633473888,1.247433759521801,0x1.1688b9b0d90e9p+0,0x1.3f57d1a1128dp+0,2.4654182231096273,2.6255386104103562,0x1.3b92d3079bf0ap+1,0x1.5011a6310c839p+1,1.0624813095286068,1.2475386352731912,0x1.0ffec66d095fep+0,0x1.3f5eb126fead1p+0,2.4654161879006007,2.6467968067753009,0x1.3b92c1f507f1fp+1,0x1.52ca3cde20ea4p+1,-2.0131960471485151,2.0616309700712008,-0x1.01b06877783c8p+1,0x1.07e3860c70333p+1,-2.7032997893301021,2.7092992690462294,-0x1.5a05ba3d3a6dep+1,0x1.5aca5185d0ac6p+1,33,19,3,3,-2.6201141710273287e-08,3.3731137274715099e-08,-0x1.c221d702c1a1bp-26,0x1.21bf8e285bab1p-25,-2.6199591400959268e-06,3.3729539400237999e-06,-0x1.5fa51c4f87edbp-19,0x1.c4b5d09db6ea8p-19,0,0.0099999999989999998,0x0p+0,0x1.47ae147a548aep-7,61,61,3,100
flowstar_vdp_stock_reach_v1,stepwise,662,6.6200000000000001,0x1.a7ae147ae147bp+2,0.01,0x1.47ae147ae147bp-7,2,1.1138808290732634,1.2722727030946217,0x1.1d274b4482d3p+0,0x1.45b3a9f3628ap+0,2.4390535803219846,2.6083304723119118,0x1.3832e860565a6p+1,0x1.4dddc5dddeb4ep+1,1.088550934579755,1.2723860159091194,0x1.16ab46280cdf6p+0,0x1.45bb170637a7cp+0,2.4390506290291287,2.6312738170627528,0x1.3832cf9e7bf27p+1,0x1.50cd94978d84ap+1,-2.0131960471485151,2.0616309700712008,-0x1.01b06877783c8p+1,0x1.07e3860c70333p+1,-2.7032997893301021,2.7092992690462294,-0x1.5a05ba3d3a6dep+1,0x1.5aca5185d0ac6p+1,33,19,3,3,-2.7399553839837062e-08,3.4656896866381248e-08,-0x1.d6b8831da5335p-26,0x1.29b3527a0629bp-25,-2.7397856100769459e-06,3.4655150308418879e-06,-0x1.6fba51164f0cep-19,0x1.d1223094c5efcp-19,0,0.0099999999989999998,0x0p+0,0x1.47ae147a548aep-7,62,62,3,100
flowstar_vdp_stock_reach_v1,stepwise,663,6.6299999999999999,0x1.a851eb851eb85p+2,0.01,0x1.47ae147ae147bp-7,2,1.1395643223762266,1.2968328511644325,0x1.23ba7cc84b56ep+0,0x1.4bfd3cdc21324p+0,2.4111171152726816,2.5893500907858114,0x1.349f7c5276051p+1,0x1.4b6fd2e2e8ebap+1,1.1144638295236047,1.2969545102086095,0x1.1d4d806460f92p+0,0x1.4c0535f5bee4ap+0,2.4111132465989193,2.6139595006857408,0x1.349f5bde8c208p+1,0x1.4e96399441c27p+1,-2.0131960471485151,2.0616309700712008,-0x1.01b06877783c8p+1,0x1.07e3860c70333p+1,-2.7032997893301021,2.7092992690462294,-0x1.5a05ba3d3a6dep+1,0x1.5aca5185d0ac6p+1,33,19,3,3,-2.8563204370333543e-08,3.5521949329077322e-08,-0x1.eab64d23c26b9p-26,0x1.312197b861894p-25,-2.8561353533183555e-06,3.5520048948789439e-06,-0x1.7f581040764dbp-19,0x1.dcbdf5787f5bdp-19,0,0.0099999999989999998,0x0p+0,0x1.47ae147a548aep-7,63,63,3,100
flowstar_vdp_stock_reach_v1,stepwise,664,6.6400000000000006,0x1.a8f5c28f5c29p+2,0.01,0x1.47ae147ae147bp-7,2,1.1650574666657039,1.3210977375597242,0x1.2a4134c54a30ep+0,0x1.52337619a37bbp+0,2.3816449767757533,2.5686030458891387,0x1.30d9be1af79fp+1,0x1.48c7fc0f3ffabp+1,1.140203026941119,1.3212276244967149,0x1.23e458778326fp+0,0x1.523bf93dc9003p+0,2.3816401962142653,2.5948539374128123,0x1.30d99600ca264p+1,0x1.4c242c7f8adcbp+1,-2.0131960471485151,2.0616309700712008,-0x1.01b06877783c8p+1,0x1.07e3860c70333p+1,-2.7032997893301021,2.7092992690462294,-0x1.5a05ba3d3a6dep+1,0x1.5aca5185d0ac6p+1,33,19,3,3,-2.9677955843599822e-08,3.6315783555973652e-08,-0x1.fddd07b836f48p-26,0x1.37f340a94a8d3p-25,-2.9675946897372485e-06,3.6313724900073578e-06,-0x1.8e4dc6f171943p-19,0x1.e76502386b99p-19,0,0.0099999999989999998,0x0p+0,0x1.47ae147a548aep-7,64,64,3,100
flowstar_vdp_stock_reach_v1,stepwise,665,6.6500000000000004,0x1.a99999999999ap+2,0.01,0x1.47ae147ae147bp-7,2,1.1903435281208232,1.3450513239799704,0x1.30ba5a7c48c0dp+0,0x1.58554897ef7b3p+0,2.3506758048268908,2.5461032897957425,0x1.2ce2f1dc9d6fdp+1,0x1.45e6b66cf492ap+1,1.1657515472482691,1.3451892931515406,0x1.2a6eb182b155cp+0,0x1.585e535503e5bp+0,2.3506701247547093,2.5739656223586382,0x1.2ce2c236c0bb5p+1,0x1.4977b49c87817p+1,-2.0131960471485151,2.0616309700712008,-0x1.01b06877783c8p+1,0x1.07e3860c70333p+1,-2.7032997893301021,2.7092992690462294,-0x1.5a05ba3d3a6dep+1,0x1.5aca5185d0ac6p+1,33,19,3,3,-3.073048175641444e-08,3.7029010314998831e-08,-0x1.07f90b45fcc15p-25,0x1.3e13a7a1cf11bp-25,-3.0728309418004457e-06,3.7026788671200235e-06,-0x1.9c6daace3b85bp-19,0x1.f0f713bf1dff2p-19,0,0.0099999999989999998,0x0p+0,0x1.47ae147a548aep-7,65,65,3,100
flowstar_vdp_stock_reach_v1,stepwise,666,6.6600000000000001,0x1.aa3d70a3d70a4p+2,0.01,0x1.47ae147ae147bp-7,2,1.2154058933279923,1.3686780303747137,0x1.3724d733359abp+0,0x1.5e61aef3368d1p+0,2.3182570880980236,2.5218666573201363,0x1.28bca5f48cf43p+1,0x1.42cc86d1080aap+1,1.1910924767666189,1.3688239091897978,0x1.30eb6fc23969ap+0,0x1.5e6b3e63f3fb7p+0,2.3182505277796914,2.5513050178727075,0x1.28bc6eec5fcf5p+1,0x1.469129aef1261p+1,-2.0131960471485151,2.0616309700712008,-0x1.01b06877783c8p+1,0x1.07e3860c70333p+1,-2.7032997893301021,2.7092992690462294,-0x1.5a05ba3d3a6dep+1,0x1.5aca5185d0ac6p+1,33,19,3,3,-3.1707486832856742e-08,3.7652538654305176e-08,-0x1.105d803c54729p-25,0x1.436ecee1b2d9p-25,-3.1705146964162628e-06,3.7650150451950524e-06,-0x1.a98a0e32ad2dep-19,0x1.f954ee914ad91p-19,0,0.0099999999989999998,0x0p+0,0x1.47ae147a548aep-7,66,66,3,100
flowstar_vdp_stock_reach_v1,stepwise,667,6.6699999999999999,0x1.aae147ae147aep+2,0.01,0x1.47ae147ae147bp-7,2,1.2402281110787996,1.3919628017222845,0x1.3d7f96e8a9cep+0,0x1.6457ac96a54f8p+0,2.284438686821614,2.4959172850028768,0x1.24687ca4ced9bp+1,0x1.3f7a37b44de24p+1,1.2162090103669738,1.3921163912518693,0x1.37597944a06dfp+0,0x1.6461bd64a6fe6p+0,2.2844312723206492,2.5268910138745113,0x1.24683e7249d68p+1,0x1.43712a2c92dbp+1,-2.0131960471485151,2.0616309700712008,-0x1.01b06877783c8p+1,0x1.07e3860c70333p+1,-2.7032997893301021,2.7092992690462294,-0x1.5a05ba3d3a6dep+1,0x1.5aca5185d0ac6p+1,33,19,3,3,-3.2810604520006107e-08,3.8392381387135181e-08,-0x1.19d7484948804p-25,0x1.49c9bd5049773p-25,-3.2808094014712189e-06,3.8389824067042197e-06,-0x1.b857c0aef83e5p-19,0x1.01a1372e14293p-18,0,0.0099999999989999998,0x0p+0,0x1.47ae147a548aep-7,67,67,3,100
flowstar_vdp_stock_reach_v1,stepwise,668,6.6799999999999997,0x1.ab851eb851eb8p+2,0.01,0x1.47ae147ae147bp-7,2,1.2647939610883592,1.4148911405356523,0x1.43c9897b0d844p+0,0x1.6a364e4800324p+0,2.2492759984098676,2.4682839177764184,0x1.1fe846a26c8f8p+1,0x1.3bf0ba380bd61p+1,1.241084521445049,1.4150522163111174,0x1.3db7b7172da4dp+0,0x1.6a40dcaf3045fp+0,2.2492677624076602,2.5007472750993029,0x1.1fe8018bbe76cp+1,0x1.40187c990e6a6p+1,-2.0131960471485151,2.0616309700712008,-0x1.01b06877783c8p+1,0x1.07e3860c70333p+1,-2.7032997893301021,2.7092992690462294,-0x1.5a05ba3d3a6dep+1,0x1.5aca5185d0ac6p+1,33,19,3,3,-3.3860386193927959e-08,3.9073549953230651e-08,-0x1.22dbc6d4a8b6fp-25,0x1.4fa3a5204d1a7p-25,-3.3857703180292387e-06,3.9070822154684522e-06,-0x1.c66e2eab51bc8p-19,0x1.0633294e6c22ap-18,0,0.0099999999989999998,0x0p+0,0x1.47ae147a548aep-7,68,68,3,100
flowstar_vdp_stock_reach_v1,stepwise,669,6.6900000000000004,0x1.ac28f5c28f5c3p+2,0.01,0x1.47ae147ae147bp-7,2,1.2890874971095851,1.4374491666464551,0x1.4a01a361c4a65p+0,0x1.6ffcab2868b2dp+0,2.2128291315761106,2.4390005536330697,0x1.1b3dfc27e0b37p+1,0x1.38312b8e63d4bp+1,1.2657026066979433,1.4376174796557133,0x1.440516063ac83p+0,0x1.7007b2fb477bep+0,2.2128201130998169,2.4729029251218084,0x1.1b3db080d8ed1p+1,0x1.3c881542ca5b1p+1,-2.0131960471485151,2.0616309700712008,-0x1.01b06877783c8p+1,0x1.07e3860c70333p+1,-2.7032997893301021,2.7092992690462294,-0x1.5a05ba3d3a6dep+1,0x1.5aca5185d0ac6p+1,33,19,3,3,-3.4796531332307307e-08,3.9640206246742248e-08,-0x1.2ae661b157c6fp-25,0x1.5481bc429d6f1p-25,-3.4793674933024986e-06,3.9637307551533948e-06,-0x1.d2fe2821293c3p-19,0x1.0a006037f9f8bp-18,0,0.0099999999989999998,0x0p+0,0x1.47ae147a548aep-7,69,69,3,100
flowstar_vdp_stock_reach_v1,stepwise,670,6.7000000000000002,0x1.acccccccccccdp+2,0.01,0x1.47ae147ae147bp-7,2,1.3130931017324057,1.459623659350427,0x1.5026de988b3bfp+0,0x1.75a9e56960bffp+0,2.175161347494126,2.4081075483408858,0x1.166bafe1815a2p+1,0x1.343cde3eaffaep+1,1.2900471429782059,1.4597989372234828,0x1.4a40879163bedp+0,0x1.75b562161c443p+0,2.1751515915570594,2.4433936886617316,0x1.166b5e0aca3adp+1,0x1.38c11fd807086p+1,-2.0131960471485151,2.0616309700712008,-0x1.01b06877783c8p+1,0x1.07e3860c70333p+1,-2.7032997893301021,2.7092992690462294,-0x1.5a05ba3d3a6dep+1,0x1.5aca5185d0ac6p+1,33,19,3,3,-3.5606378590802247e-08,4.0084058780880748e-08,-0x1.31db412b5047bp-25,0x1.5851c7060cdfep-25,-3.5603349012513493e-06,4.008098978908016e-06,-0x1.dddc2cfb4b7cep-19,0x1.0cfa9dbaf7f3p-18,0,0.0099999999989999998,0x0p+0,0x1.47ae147a548aep-7,70,70,3,100
flowstar_vdp_stock_reach_v1,stepwise,671,6.71,0x1.ad70a3d70a3d7p+2,0.01,0x1.47ae147ae147bp-7,2,1.3367955378379031,1.481402098509714,0x1.56383b7c73d8ap+0,0x1.7b3d2afd5332bp+0,2.1363393174168563,2.375650840465382,0x1.11739116bb703p+1,0x1.301553a541c1ep+1,1.3141023411778636,1.4815840468826496,0x1.506902d2f4b9bp+0,0x1.7b491793a2e54p+0,2.1363288745767584,2.412261151910839,0x1.1173397ce7618p+1,0x1.34c4f9326f25dp+1,-2.0131960471485151,2.0616309700712008,-0x1.01b06877783c8p+1,0x1.07e3860c70333p+1,-2.7032997893301021,2.7092992690462294,-0x1.5a05ba3d3a6dep+1,0x1.5aca5185d0ac6p+1,33,19,3,3,-3.6277478203788869e-08,4.0396849083603458e-08,-0x1.379f04aa41bd5p-25,0x1.5b019c4f5b00ap-25,-3.6274276768058653e-06,4.0393611433113431e-06,-0x1.e6dd7746c9c4dp-19,0x1.0f13b22ef53cap-18,0,0.0099999999989999998,0x0p+0,0x1.47ae147a548aep-7,71,71,3,100
flowstar_vdp_stock_reach_v1,stepwise,672,6.7199999999999998,0x1.ae147ae147ae1p+2,0.01,0x1.47ae147ae147bp-7,2,1.3601799980729554,1.502772702267491,0x1.5c34c1a0658d4p+0,0x1.80b5b6398f77ap+0,2.0964328022849679,2.3416816997551306,0x1.0c57e8fa09ac5p+1,0x1.2bbc39d70b846p+1,1.3378527984852004,1.5029610063114467,0x1.567d85605b23cp+0,0x1.80c20d71455a9p+0,2.0964217281272939,2.3795525434565663,0x1.0c578c14771bap+1,0x1.30952d80a139ap+1,-2.0131960471485151,2.0616309700712008,-0x1.01b06877783c8p+1,0x1.07e3860c70333p+1,-2.7032997893301021,2.7092992690462294,-0x1.5a05ba3d3a6dep+1,0x1.5aca5185d0ac6p+1,33,19,3,3,-3.680018021012117e-08,4.0572858098349071e-08,-0x1.3c1c73bc34fe1p-25,0x1.5c84a8939e5bdp-25,-3.6796809283290701e-06,4.0569454387184592e-06,-0x1.ede0dfbcd522bp-19,0x1.1041cabb84cafp-18,0,0.0099999999989999998,0x0p+0,0x1.47ae147a548aep-7,72,72,3,100
flowstar_vdp_stock_reach_v1,stepwise,673,6.7300000000000004,0x1.aeb851eb851ecp+2,0.01,0x1.47ae147ae147bp-7,2,1.3832289864619951,1.5237276265988939,0x1.621b4b7bbbc66p+0,0x1.861303844102dp+0,2.0551953473054363,2.306575399014466,0x1.0710a421c8bb2p+1,0x1.273ddcd8433c7p+1,1.3612803831033027,1.52392195269838,0x1.5c7cdf061d73p+0,0x1.861fbfc47ef9fp+0,2.0551837018603916,2.3456394354875894,0x1.07104271619ccp+1,0x1.2c3de9bbd044cp+1,-2.0131960471485151,2.0616309700712008,-0x1.01b06877783c8p+1,0x1.07e3860c70333p+1,-2.7032997893301021,2.7092992690462294,-0x1.5a05ba3d3a6dep+1,0x1.5aca5185d0ac6p+1,33,19,3,3,-3.7311728873293294e-08,4.0751488757232224e-08,-0x1.40815c08028fbp-25,0x1.5e0d78b29ea14p-25,-3.7308190893272961e-06,4.07479215857037e-06,-0x1.f4bdf7c23d962p-19,0x1.1174656fbcc88p-18,0,0.0099999999989999998,0x0p+0,0x1.47ae147a548aep-7,73,73,3,100
flowstar_vdp_stock_reach_v1,stepwise,674,6.7400000000000002,0x1.af5c28f5c28f6p+2,0.01,0x1.47ae147ae147bp-7,2,1.4059304533542065,1.5442549049235144,0x1.67eb0ee59b555p+0,0x1.8b544a1955868p+0,2.0128788268238846,2.2702159810182114,0x1.01a6036e027ccp+1,0x1.22966ff0aa361p+1,1.3843723725967354,1.544454902486432,0x1.62663a51c9f5bp+0,0x1.8b616580537afp+0,2.0128666739273058,2.3104025364530645,0x1.01a59d7bdcfp+1,0x1.27bb453354a77p+1,-2.0131960471485151,2.0616309700712008,-0x1.01b06877783c8p+1,0x1.07e3860c70333p+1,-2.7032997893301021,2.7092992690462294,-0x1.5a05ba3d3a6dep+1,0x1.5aca5185d0ac6p+1,33,19,3,3,-3.7716288537565798e-08,4.0841842131849961e-08,-0x1.43fafee01d52ap-25,0x1.5ed42920322b3p-25,-3.7712587595146985e-06,4.0838115639359294e-06,-0x1.fa2b76dc08b8p-19,0x1.120f593365f69p-18,0,0.0099999999989999998,0x0p+0,0x1.47ae147a548aep-7,74,74,3,100
flowstar_vdp_stock_reach_v1,stepwise,675,6.75,0x1.bp+2,0.01,0x1.47ae147ae147bp-7,2,1.4282725823163569,1.5643437286436932,0x1.6da3459ed27d1p+0,0x1.9078d4a23a345p+0,1.9697046911097549,2.2325242746261793,0x1.f83e910f181c2p+0,0x1.1dc35afd85d5p+1,1.4071162444407614,1.5645490320237849,0x1.6838c52b8b1d1p+0,0x1.9086490d87d64p+0,1.9696920977190451,2.2737597290124953,0x1.f83dbdc6e4976p+0,0x1.230a8f0d8905dp+1,-2.0131960471485151,2.0616309700712008,-0x1.01b06877783c8p+1,0x1.07e3860c70333p+1,-2.7032997893301021,2.7092992690462294,-0x1.5a05ba3d3a6dep+1,0x1.5aca5185d0ac6p+1,33,19,3,3,-3.7965075194974448e-08,4.0798825928443501e-08,-0x1.461e155009aa3p-25,0x1.5e759127f3a54p-25,-3.7961216977771822e-06,4.0794945745717952e-06,-0x1.fd81bf93c7fbdp-19,0x1.11c52ee179b22p-18,0,0.0099999999989999998,0x0p+0,0x1.47ae147a548aep-7,75,75,3,100
flowstar_vdp_stock_reach_v1,stepwise,676,6.7599999999999998,0x1.b0a3d70a3d70ap+2,0.01,0x1.47ae147ae147bp-7,2,1.450242748003979,1.5839855491314951,0x1.73431bd5f031cp+0,0x1.958013b2db3b4p+0,1.9257526504199165,2.1935684333637471,0x1.ecfe202dbd261p+0,0x1.18c6d9b56ae97p+1,1.429498637766849,1.5841957796426285,0x1.6df39f6ae29a5p+0,0x1.958ddac806bc6p+0,1.9257396858970603,2.2357766262903973,0x1.ecfd46ab89851p+0,0x1.1e2dedb18a0b5p+1,-2.0131960471485151,2.0616309700712008,-0x1.01b06877783c8p+1,0x1.07e3860c70333p+1,-2.7032997893301021,2.7092992690462294,-0x1.5a05ba3d3a6dep+1,0x1.5aca5185d0ac6p+1,33,19,3,3,-3.8055032327747331e-08,4.0621759454807443e-08,-0x1.46e3e6ad2565ap-25,0x1.5cf03197cd3f9p-25,-3.8051023562829402e-06,4.061773216297201e-06,-0x1.feb65248ee64ap-19,0x1.1094bb85d84a5p-18,0,0.0099999999989999998,0x0p+0,0x1.47ae147a548aep-7,76,76,3,100
flowstar_vdp_stock_reach_v1,stepwise,677,6.7700000000000005,0x1.b147ae147ae15p+2,0.01,0x1.47ae147ae147bp-7,2,1.4718289678647658,1.6031726779473154,0x1.78c9c88248dbdp+0,0x1.9a69864d9fdcap+0,1.8811028553212317,2.1534209457489828,0x1.e18ff4ec04543p+0,0x1.13a34c2c41b2ep+1,1.4515068091168306,1.6033874459480475,0x1.7395f34313fe8p+0,0x1.9a77998329f0ep+0,1.8810895906954161,2.19652359553718,0x1.e18f1660e201bp+0,0x1.1927af67dcbd1p+1,-2.0131960471485151,2.0616309700712008,-0x1.01b06877783c8p+1,0x1.07e3860c70333p+1,-2.7032997893301021,2.7092992690462294,-0x1.5a05ba3d3a6dep+1,0x1.5aca5185d0ac6p+1,33,19,3,3,-3.7993369836631472e-08,4.0319687212271071e-08,-0x1.465c4dc7a4461p-25,0x1.5a57ee09c1918p-25,-3.7989216281219197e-06,4.0315518341959137e-06,-0x1.fde1f40668e88p-19,0x1.0e8d887a8d696p-18,0,0.0099999999989999998,0x0p+0,0x1.47ae147a548aep-7,77,77,3,100
flowstar_vdp_stock_reach_v1,stepwise,678,6.7800000000000002,0x1.b1eb851eb851fp+2,0.01,0x1.47ae147ae147bp-7,2,1.4930199363633236,1.6218982963211408,0x1.7e368df6f4dbap+0,0x1.9f34ba0c232dcp+0,1.8358357424911886,2.1121579566230646,0x1.d5f954cad3d93p+0,0x1.0e5b3121d753fp+1,1.4731286708515874,1.6221172033474303,0x1.791ef5e81b863p+0,0x1.9f4312b2a7fc6p+0,1.8358222497137373,2.1560750883496023,0x1.d5f8726bca265p+0,0x1.13fa44bc1746fp+1,-2.0131960471485151,2.0616309700712008,-0x1.01b06877783c8p+1,0x1.07e3860c70333p+1,-2.7032997893301021,2.7092992690462294,-0x1.5a05ba3d3a6dep+1,0x1.5aca5185d0ac6p+1,33,19,3,3,-3.778595940030897e-08,3.989976041795636e-08,-0x1.449434159a289p-25,0x1.56bc8044d0bc2p-25,-3.7781659668273455e-06,3.9895448286975021e-06,-0x1.fb18cb4c2c7bap-19,0x1.0bbbdbb6f998fp-18,0,0.0099999999989999998,0x0p+0,0x1.47ae147a548aep-7,78,78,3,100
flowstar_vdp_stock_reach_v1,stepwise,679,6.79,0x1.b28f5c28f5c29p+2,0.01,0x1.47ae147ae147bp-7,2,1.513805052479245,1.6401564629511054,0x1.8388ba58eafcep+0,0x1.a3e14b40b2b25p+0,1.7900337130373192,2.0698567411597786,0x1.ca3fa6403b948p+0,0x1.08f110d157db8p+1,1.4943528229219085,1.6403791038748416,0x1.7e8de81722874p+0,0x1.a3efe28c2f29dp+0,1.7900200642415116,2.1145071190994114,0x1.ca3ec14319e27p+0,0x1.0ea82b55d8779p+1,-2.0131960471485151,2.0616309700712008,-0x1.01b06877783c8p+1,0x1.07e3860c70333p+1,-2.7032997893301021,2.7092992690462294,-0x1.5a05ba3d3a6dep+1,0x1.5aca5185d0ac6p+1,33,19,3,3,-3.7430925008380477e-08,3.9360827070284999e-08,-0x1.4187797d6f9e5p-25,0x1.521b5fc40e2c3p-25,-3.7426487741526557e-06,3.9356379968278301e-06,-0x1.f6546ec453869p-19,0x1.081dbef5fea7ap-18,0,0.0099999999989999998,0x0p+0,0x1.47ae147a548aep-7,79,79,3,100
flowstar_vdp_stock_reach_v1,stepwise,680,6.7999999999999998,0x1.b333333333333p+2,0.01,0x1.47ae147ae147bp-7,2,1.5341744435457074,1.65794211694606,0x1.88bfa8056347ap+0,0x1.a86ee502f1bffp+0,1.7437749434769532,2.0266010401285581,0x1.be6808e1d158ep+0,0x1.0367a9b2b2249p+1,1.5151685810241473,1.6581680821372522,0x1.83e2168f6ce99p+0,0x1.a87db4140cf03p+0,1.7437612102548508,2.0719026001924115,0x1.be67227a13f57p+0,0x1.09341aba29715p+1,-2.0131960471485151,2.0616309700712008,-0x1.01b06877783c8p+1,0x1.07e3860c70333p+1,-2.7032997893301021,2.7092992690462294,-0x1.5a05ba3d3a6dep+1,0x1.5aca5185d0ac6p+1,33,19,3,3,-3.6926518561212091e-08,3.8701321574343796e-08,-0x1.3d3245e76f87ap-25,0x1.4c711b2d78821p-25,-3.6921953243448055e-06,3.8696748591861244e-06,-0x1.ef8edd8772fd4p-19,0x1.03b082037809fp-18,0,0.0099999999989999998,0x0p+0,0x1.47ae147a548aep-7,80,80,3,100
flowstar_vdp_stock_reach_v1,stepwise,681,6.8100000000000005,0x1.b3d70a3d70a3ep+2,0.01,0x1.47ae147ae147bp-7,2,1.5541190100300553,1.675251051291347,0x1.8ddabe522bc59p+0,0x1.acdd40bde2cdep+0,1.6971419284624711,1.9824716659221349,0x1.b277e4b76aabep+0,0x1.fb83435a61d85p+0,1.5355660256980188,1.6754799287623576,0x1.891adae538c07p+0,0x1.acec40ab23843p+0,1.6971281803520046,2.0283419446067441,0x1.b276fe0fbb5a8p+0,0x1.03a0b5769873p+1,-2.0131960471485151,2.0616309700712008,-0x1.01b06877783c8p+1,0x1.07e3860c70333p+1,-2.7032997893301021,2.7092992690462294,-0x1.5a05ba3d3a6dep+1,0x1.5aca5185d0ac6p+1,33,19,3,3,-3.6277502540587308e-08,3.7925673895486504e-08,-0x1.379f125d8f1fdp-25,0x1.45c7705a5a037p-25,-3.6272819396523278e-06,3.7920984838311949e-06,-0x1.e6d8755be49a2p-19,0x1.fcf783035e009p-19,0,0.0099999999989999998,0x0p+0,0x1.47ae147a548aep-7,81,81,3,100
flowstar_vdp_stock_reach_v1,stepwise,682,6.8200000000000003,0x1.b47ae147ae148p+2,0.01,0x1.47ae147ae147bp-7,2,1.5736304290713585,1.6920799190925495,0x1.92d9719cda184p+0,0x1.b12c264ab8881p+0,1.6502145476739165,1.9375525960830435,0x1.a67475e9a4956p+0,0x1.f003726a74e1cp+0,1.5555360101386106,1.6923112966036318,0x1.8e379ba34bb03p+0,0x1.b13b5029905f5p+0,1.6502008369823127,1.9839091646974114,0x1.a6738fe2abbd8p+0,0x1.fbe178949c2cep+0,-2.0131960471485151,2.0616309700712008,-0x1.01b06877783c8p+1,0x1.07e3860c70333p+1,-2.7032997893301021,2.7092992690462294,-0x1.5a05ba3d3a6dep+1,0x1.5aca5185d0ac6p+1,33,18,3,3,-3.5492481636280114e-08,3.7041677006188497e-08,-0x1.30e0cae24a973p-25,0x1.3e2f825864579p-25,-3.5487691299516393e-06,3.7036882079492867e-06,-0x1.dc4ec761a3167p-19,0x1.f119c2009bc3ap-19,0,0.0099999999989999998,0x0p+0,0x1.47ae147a548aep-7,82,82,3,100
flowstar_vdp_stock_reach_v1,stepwise,683,6.8300000000000001,0x1.b51eb851eb852p+2,0.01,0x1.47ae147ae147bp-7,2,1.5926996276769803,1.7084277618293366,0x1.97bb29ad39588p+0,0x1.b55b8594a2aebp+0,1.6029061831577198,1.892094031742737,0x1.9a580f4337f5bp+0,0x1.e46046434ab62p+0,1.5750686375835701,1.7086612289359235,0x1.9337b2bf60701p+0,0x1.b56ad2823913fp+0,1.6028925765101534,1.9388548716642142,0x1.9a572afb1cbedp+0,0x1.f058caf97cf2ap+0,-2.0131960471485151,2.0616309700712008,-0x1.01b06877783c8p+1,0x1.07e3860c70333p+1,-2.7032997893301021,2.7092992690462294,-0x1.5a05ba3d3a6dep+1,0x1.5aca5185d0ac6p+1,33,18,3,3,-3.4613951538653393e-08,3.6092387693079916e-08,-0x1.2954e2680aa5fp-25,0x1.3607fff87eb2fp-25,-3.460906455788503e-06,3.6087497005643905e-06,-0x1.d083d720539d9p-19,0x1.e45bb20f5e1a5p-19,0,0.0099999999989999998,0x0p+0,0x1.47ae147a548aep-7,83,83,3,100
flowstar_vdp_stock_reach_v1,stepwise,684,6.8399999999999999,0x1.b5c28f5c28f5cp+2,0.01,0x1.47ae147ae147bp-7,2,1.6113184130484699,1.7242943723783348,0x1.9c7f5d0f7c5d4p+0,0x1.b96b5b220ab3p+0,1.5551777101773616,1.8462976141957861,0x1.8e20205cae103p+0,0x1.d8a6f5dfa75aap+0,1.5941548957071776,1.7245295224019832,0x1.981a8905d2141p+0,0x1.b97ac44bb3f8fp+0,1.5551642712812352,1.8933815251032775,0x1.8e1f3ee50f82p+0,0x1.e4b4a6d12b4f6p+0,-2.0131960471485151,2.0616309700712008,-0x1.01b06877783c8p+1,0x1.07e3860c70333p+1,-2.7032997893301021,2.7092992690462294,-0x1.5a05ba3d3a6dep+1,0x1.5aca5185d0ac6p+1,33,18,3,3,-3.3737723466771556e-08,3.5174351264302957e-08,-0x1.21ce09daaa3d6p-25,0x1.2e253767e6b7ap-25,-3.373275022608648e-06,3.5169374755246482e-06,-0x1.c4c0d8e36b544p-19,0x1.d8090d30210abp-19,0,0.0099999999989999998,0x0p+0,0x1.47ae147a548aep-7,84,84,3,100
flowstar_vdp_stock_reach_v1,stepwise,685,6.8500000000000005,0x1.b666666666667p+2,0.01,0x1.47ae147ae147bp-7,2,1.6294829224445024,1.7396768307117263,0x1.a125caf54a26p+0,0x1.bd5b75f5840bp+0,1.5072960400666868,1.8000571181005114,0x1.81de273d7a0abp+0,0x1.ccd08b152c78p+0,1.6127901103934117,1.7399132626183136,0x1.9cdfd00b73b1ep+0,0x1.bd6af4a0d2835p+0,1.5072828292058302,1.8473840904538119,0x1.81dd499942eacp+0,0x1.d8ee29eba65b2p+0,-2.0131960471485151,2.0616309700712008,-0x1.01b06877783c8p+1,0x1.07e3860c70333p+1,-2.7032997893301021,2.7092992690462294,-0x1.5a05ba3d3a6dep+1,0x1.5aca5185d0ac6p+1,33,18,3,3,-3.2855212985230303e-08,3.4275782821734282e-08,-0x1.1a39609ea3864p-25,0x1.266d3e57cd2a4p-25,-3.2850165200419028e-06,3.4270731803892238e-06,-0x1.b8e84ee3c8879p-19,0x1.cbf9567d160eep-19,0,0.0099999999989999998,0x0p+0,0x1.47ae147a548aep-7,85,85,3,100
flowstar_vdp_stock_reach_v1,stepwise,686,6.8600000000000003,0x1.b70a3d70a3d71p+2,0.01,0x1.47ae147ae147bp-7,2,1.6471884947294007,1.7545746104601647,0x1.a5ae252b35d29p+0,0x1.c12bcd3a517f3p+0,1.4593809162573845,1.7534109320256928,0x1.7599fcdbbb632p+0,0x1.c0df89f17fcd8p+0,1.6309688210043736,1.7548119306308128,0x1.a1872c33026c2p+0,0x1.c13b5accb0a15p+0,1.459367989852155,1.800902497617844,0x1.759923fd3e883p+0,0x1.cd07f2328da8ep+0,-2.0131960471485151,2.0616309700712008,-0x1.01b06877783c8p+1,0x1.07e3860c70333p+1,-2.7032997893301021,2.7092992690462294,-0x1.5a05ba3d3a6dep+1,0x1.5aca5185d0ac6p+1,33,18,3,3,-3.1865165581179108e-08,3.3292934499728638e-08,-0x1.11b83d7accc75p-25,0x1.1dfbefed068ap-25,-3.1860055244506654e-06,3.3287820607909593e-06,-0x1.ab9e50f65bb1ap-19,0x1.bec814a849b26p-19,0,0.0099999999989999998,0x0p+0,0x1.47ae147a548aep-7,86,86,3,100
flowstar_vdp_stock_reach_v1,stepwise,687,6.8700000000000001,0x1.b7ae147ae147bp+2,0.01,0x1.47ae147ae147bp-7,2,1.6644314063447572,1.7689878139970532,0x1.aa182d38af9efp+0,0x1.c4dc62a823cedp+0,1.4115626376484434,1.7063836520059295,0x1.695c2b44f49fcp+0,0x1.b4d58f1bcb652p+0,1.6486865198532044,1.7692256378792661,0x1.a61051dc20253p+0,0x1.c4ebf8adefa9fp+0,1.4115500478853409,1.75396321015414,0x1.695b580c55b3bp+0,0x1.c103bba1ffccp+0,-2.0131960471485151,2.0616309700712008,-0x1.01b06877783c8p+1,0x1.07e3860c70333p+1,-2.7032997893301021,2.7092992690462294,-0x1.5a05ba3d3a6dep+1,0x1.5aca5185d0ac6p+1,33,17,3,3,-3.0770157748644933e-08,3.2225097704288857e-08,-0x1.08504adf11d91p-25,0x1.14cfbd406a9a8p-25,-3.076499727115025e-06,3.2219933053621519e-06,-0x1.9cebb9c852012p-19,0x1.b072d8d4b5a9p-19,0,0.0099999999989999998,0x0p+0,0x1.47ae147a548aep-7,87,87,3,100
flowstar_vdp_stock_reach_v1,stepwise,688,6.8799999999999999,0x1.b851eb851eb85p+2,0.01,0x1.47ae147ae147bp-7,2,1.6812075248479381,1.7829185435054109,0x1.ae639dc902d1p+0,0x1.c86d5983c9a64p+0,1.3638425441748827,1.6591279233485348,0x1.5d24c8f41fe2fp+0,0x1.a8bc9b8aa98fep+0,1.6659383090009765,1.7831564971340308,0x1.aa7aeeda500f8p+0,0x1.c87cf1b6d7304p+0,1.3638303387077217,1.7067210407139763,0x1.5d23fc2e0ad21p+0,0x1.b4ebab8d42f91p+0,-2.0131960471485151,2.0616309700712008,-0x1.01b06877783c8p+1,0x1.07e3860c70333p+1,-2.7032997893301021,2.7092992690462294,-0x1.5a05ba3d3a6dep+1,0x1.5aca5185d0ac6p+1,33,18,3,3,-2.9595504142768558e-08,3.1096196294986859e-08,-0x1.fc72675b783fep-26,0x1.0b1d42417eea6p-25,-2.9590305563944919e-06,3.1090992675249466e-06,-0x1.8d27840793fc9p-19,0x1.a14bd65f57742p-19,0,0.0099999999989999998,0x0p+0,0x1.47ae147a548aep-7,88,88,3,100
flowstar_vdp_stock_reach_v1,stepwise,689,6.8900000000000006,0x1.b8f5c28f5c29p+2,0.01,0x1.47ae147ae147bp-7,2,1.6975131576836913,1.7963697995959744,0x1.b29038e8c7f92p+0,0x1.cbdee424c96abp+0,1.3160347172624396,1.6119703098296483,0x1.50e7a6b70af3fp+0,0x1.9caa1612d7613p+0,1.6827196549712895,1.7966076180281081,0x1.aec6b71e7026dp+0,0x1.cbee7a132cd8ep+0,1.3159938232659363,1.6595341080085679,0x1.50e4f8a0aa4a9p+0,0x1.a8d73a307e4afp+0,-2.0131960471485151,2.0616309700712008,-0x1.01b06877783c8p+1,0x1.07e3860c70333p+1,-2.7032997893301021,2.7092992690462294,-0x1.5a05ba3d3a6dep+1,0x1.5aca5185d0ac6p+1,33,18,3,3,-2.8343976126720352e-08,2.9905054406289669e-08,-0x1.e6f22014a3c65p-26,0x1.00e1e8fc2e5f1p-25,-2.8338751681513087e-06,2.9899823877928338e-06,-0x1.7c5b3597a67e8p-19,0x1.914f0337c10b2p-19,0,0.0099999999989999998,0x0p+0,0x1.47ae147a548aep-7,89,89,3,100
flowstar_vdp_stock_reach_v1,stepwise,690,6.9000000000000004,0x1.b99999999999ap+2,0.01,0x1.47ae147ae147bp-7,2,1.7133477219927014,1.8093430367399772,0x1.b69df4d0a27f2p+0,0x1.cf311af20b24bp+0,1.2684698016810929,1.5647248011968899,0x1.44ba6fda2f141p+0,0x1.9091cdf861787p+0,1.6990293339985563,1.8095803896223037,0x1.b2f3962077edp+0,0x1.cf40a910e925cp+0,1.2683947269067963,1.6121954982862705,0x1.44b5844e7bc96p+0,0x1.9cb8d81be5e07p+0,-2.0131960471485151,2.0616309700712008,-0x1.01b06877783c8p+1,0x1.07e3860c70333p+1,-2.7032997893301021,2.7092992690462294,-0x1.5a05ba3d3a6dep+1,0x1.5aca5185d0ac6p+1,33,18,3,3,-2.7031135981927139e-08,2.8664372224059422e-08,-0x1.d064317be1018p-26,0x1.ec733e044b176p-26,-2.7025897807267826e-06,2.8659126814657446e-06,-0x1.6abc471cb54e3p-19,0x1.80a8028a29aa3p-19,0,0.0099999999989999998,0x0p+0,0x1.47ae147a548aep-7,90,90,3,100
flowstar_vdp_stock_reach_v1,stepwise,691,6.9100000000000001,0x1.ba3d70a3d70a4p+2,0.01,0x1.47ae147ae147bp-7,2,1.7287103932741863,1.8218413110348219,0x1.ba8cc3ab5e309p+0,0x1.d264313165758p+0,1.2212784589632084,1.5173969415927286,0x1.38a5b4808e66fp+0,0x1.8474203f30f1fp+0,1.7148658520828426,1.8220778590565621,0x1.b70172cfb9156p+0,0x1.d273b1cf69e3cp+0,1.2211706826210091,1.56470667418108,0x1.389ea450b0f47p+0,0x1.90909dd970cf8p+0,-2.0131960471485151,2.0616309700712008,-0x1.01b06877783c8p+1,0x1.07e3860c70333p+1,-2.7032997893301021,2.7092992690462294,-0x1.5a05ba3d3a6dep+1,0x1.5aca5185d0ac6p+1,33,18,3,3,-2.571996122999371e-08,2.7434307383645466e-08,-0x1.b9dd95f3edb42p-26,0x1.d7515c20a65a5p-26,-2.5714721298032459e-06,2.742905901915741e-06,-0x1.59231c0ec9aa7p-19,0x1.70258776e3d93p-19,0,0.0099999999989999998,0x0p+0,0x1.47ae147a548aep-7,91,91,3,100
flowstar_vdp_stock_reach_v1,stepwise,692,6.9199999999999999,0x1.bae147ae147aep+2,0.01,0x1.47ae147ae147bp-7,2,1.7436007411919801,1.8338686183832107,0x1.be5c9e40b36f2p+0,0x1.d57869ed1dd92p+0,1.1745181909287066,1.470059603460893,0x1.2cad3962988b8p+0,0x1.7855d38009071p+0,1.7302281153380694,1.8341040371654489,0x1.baf03ad1ff295p+0,0x1.d587d7991650ep+0,1.1743792786038703,1.5171434945121511,0x1.2ca41ed2b4256p+0,0x1.8463841c44d3p+0,-2.0131960471485151,2.0616309700712008,-0x1.01b06877783c8p+1,0x1.07e3860c70333p+1,-2.7032997893301021,2.7092992690462294,-0x1.5a05ba3d3a6dep+1,0x1.5aca5185d0ac6p+1,33,18,3,3,-2.4505139771227695e-08,2.6306797592429623e-08,-0x1.a4febe95e9466p-26,0x1.c3f284f569b62p-26,-2.4499909848177203e-06,2.6301558052341982e-06,-0x1.48d50c9b24a0ep-19,0x1.610377203085cp-19,0,0.0099999999989999998,0x0p+0,0x1.47ae147a548aep-7,92,92,3,100
flowstar_vdp_stock_reach_v1,stepwise,693,6.9299999999999997,0x1.bb851eb851eb8p+2,0.01,0x1.47ae147ae147bp-7,2,1.7580190488271934,1.8454295151304139,0x1.c20d89507533ep+0,0x1.d86e11968eea7p+0,1.1282424319313908,1.4227835471011148,0x1.20d47efb1ad62p+0,0x1.6c3b8ae4160edp+0,1.7451157739729752,1.8456634960648701,0x1.bebfe848f299ap+0,0x1.d87d672305074p+0,1.1280740206042306,1.4695798737236603,0x1.20c97581f65fep+0,0x1.783662f880c01p+0,-2.0131960471485151,2.0616309700712008,-0x1.01b06877783c8p+1,0x1.07e3860c70333p+1,-2.7032997893301021,2.7092992690462294,-0x1.5a05ba3d3a6dep+1,0x1.5aca5185d0ac6p+1,33,18,3,3,-2.3262477519201167e-08,2.5155035690336508e-08,-0x1.8fa575459480dp-26,0x1.b029045722ab4p-26,-2.3257268669472923e-06,2.5149816106132481e-06,-0x1.38275dddacb86p-19,0x1.518e1c3233638p-19,0,0.0099999999989999998,0x0p+0,0x1.47ae147a548aep-7,93,93,3,100
flowstar_vdp_stock_reach_v1,stepwise,694,6.9400000000000004,0x1.bc28f5c28f5c3p+2,0.01,0x1.47ae147ae147bp-7,2,1.7719662894009369,1.8565290780550605,0x1.c59f952e976c4p+0,0x1.db457d5a51cbdp+0,1.0825007433791263,1.3756369397960784,0x1.151ec4cab5836p+0,0x1.6029be1397fb4p+0,1.7595292005425553,1.8567613289935487,0x1.c2708174aff2fp+0,0x1.db54b5e08139dp+0,1.0823045267083546,1.4220872711479149,0x1.1511e8d2866fbp+0,0x1.6c0de951a35fbp+0,-2.0131960471485151,2.0616309700712008,-0x1.01b06877783c8p+1,0x1.07e3860c70333p+1,-2.7032997893301021,2.7092992690462294,-0x1.5a05ba3d3a6dep+1,0x1.5aca5185d0ac6p+1,33,18,3,3,-2.2003854609270613e-08,2.3988462425699884e-08,-0x1.7a05f9dad1513p-26,0x1.9c1e5f9c42bcp-26,-2.1998677388062923e-06,2.3983273466392645e-06,-0x1.2742e144604e7p-19,0x1.41e5e670518b4p-19,0,0.0099999999989999998,0x0p+0,0x1.47ae147a548aep-7,94,94,3,100
flowstar_vdp_stock_reach_v1,stepwise,695,6.9500000000000002,0x1.bcccccccccccdp+2,0.01,0x1.47ae147ae147bp-7,2,1.7854440791989705,1.867172885568102,0x1.c912dcf8ff14ep+0,0x1.ddff0acf7e31ep+0,1.0373346035324853,1.3286893368637598,0x1.098ec2b52e5fep+0,0x1.5424fc005fafcp+0,1.7734694441059524,1.8674031313655672,0x1.c60217eee3efp+0,0x1.de0e21b1a9c12p+0,1.0371123175568944,1.3747386427717658,0x1.0980315e2f855p+0,0x1.5feedf27408dap+0,-2.0131960471485151,2.0616309700712008,-0x1.01b06877783c8p+1,0x1.07e3860c70333p+1,-2.7032997893301021,2.7092992690462294,-0x1.5a05ba3d3a6dep+1,0x1.5aca5185d0ac6p+1,33,18,3,3,-2.0739775318160137e-08,2.2815349140825516e-08,-0x1.644e7f19415a4p-26,0x1.87f6f778e48cbp-26,-2.0734639715338747e-06,2.2810200948781729e-06,-0x1.164badf8c8763p-19,0x1.322740f0a8b2bp-19,0,0.0099999999989999998,0x0p+0,0x1.47ae147a548aep-7,95,95,3,100
flowstar_vdp_stock_reach_v1,stepwise,696,6.96,0x1.bd70a3d70a3d7p+2,0.01,0x1.47ae147ae147bp-7,2,1.7984547080475763,1.8773669193483418,0x1.cc67871a66cd3p+0,0x1.e09b1e5131828p+0,0.99278920530081982,1.281999711089753,0x1.fc4edde12d7dep-1,0x1.483122109ca7fp+0,1.7869382616473481,1.8775949022638805,0x1.c974c931bf177p+0,0x1.e0aa0f3c5c143p+0,0.99254261469563621,1.3275964422640538,0x1.fc2e8bac0217ap-1,0x1.53dd5c45cf605p+0,-2.0131960471485151,2.0616309700712008,-0x1.01b06877783c8p+1,0x1.07e3860c70333p+1,-2.7032997893301021,2.7092992690462294,-0x1.5a05ba3d3a6dep+1,0x1.5aca5185d0ac6p+1,33,18,3,3,-1.9480253392123088e-08,2.1643702843398586e-08,-0x1.4eab0f7abe072p-26,0x1.73d60303de5fbp-26,-1.9475168789226095e-06,2.1638604982746718e-06,-0x1.05642ba11b57cp-19,0x1.226dae3adb14p-19,0,0.0099999999989999998,0x0p+0,0x1.47ae147a548aep-7,96,96,3,100
flowstar_vdp_stock_reach_v1,stepwise,697,6.9699999999999998,0x1.be147ae147ae1p+2,0.01,0x1.47ae147ae147bp-7,2,1.8108815237805784,1.8872371104465078,0x1.cf95ee7991779p+0,0x1.e321f8a52a508p+0,0.94889652622210996,1.2356332642275845,0x1.e5d5c3f6d2ed9p-1,0x1.3c52762bb50b3p+0,1.7998185032098986,1.8874625904081088,0x1.ccc0e7ca05adfp+0,0x1.e330bf9239ecep+0,0.94862741122722449,1.2807294052183777,0x1.e5b27df69ec1dp-1,0x1.47dde1de703f3p+0,-2.0131960471485151,2.0616309700712008,-0x1.01b06877783c8p+1,0x1.07e3860c70333p+1,-2.7032997893301021,2.7092992690462294,-0x1.5a05ba3d3a6dep+1,0x1.5aca5185d0ac6p+1,33,18,3,3,-1.8302458940078432e-08,2.0545827381738478e-08,-0x1.3a6f10d0ccd12p-26,0x1.60f98122962ccp-26,-1.8297431261839899e-06,2.0540786029059031e-06,-0x1.eb2afd7d4414ep-20,0x1.13b19a7751808p-19,0,0.0099999999989999998,0x0p+0,0x1.47ae147a548aep-7,97,97,3,100
flowstar_vdp_stock_reach_v1,stepwise,698,6.9800000000000004,0x1.beb851eb851ecp+2,0.01,0x1.47ae147ae147bp-7,2,1.8228463275458164,1.8966718739815862,0x1.d2a60e9271678p+0,0x1.e58c49b5fe734p+0,0.90569727569332814,1.1896394132289085,0x1.cfb78da65bb84p-1,0x1.308c3565d9cd8p+0,1.8122315076035986,1.8968946287214674,0x1.cfee6771f02ffp+0,0x1.e59ae2ea51178p+0,0.90540741981107942,1.2341905095009684,0x1.cf918fb349e57p-1,0x1.3bf3e8c35719cp+0,-2.0131960471485151,2.0616309700712008,-0x1.01b06877783c8p+1,0x1.07e3860c70333p+1,-2.7032997893301021,2.7092992690462294,-0x1.5a05ba3d3a6dep+1,0x1.5aca5185d0ac6p+1,33,18,3,3,-1.7143724780410844e-08,1.9460483189430447e-08,-0x1.2686e6221967cp-26,0x1.4e541c35c89a1p-26,-1.7138762145202869e-06,1.9455506674106551e-06,-0x1.cc10ad39129ddp-20,0x1.05209ca663f95p-19,0,0.0099999999989999998,0x0p+0,0x1.47ae147a548aep-7,98,98,3,100
flowstar_vdp_stock_reach_v1,stepwise,699,6.9900000000000002,0x1.bf5c28f5c28f6p+2,0.01,0x1.47ae147ae147bp-7,2,1.8343573039294236,1.9056741079799775,0x1.d59870b58e3c4p+0,0x1.e7da42229ba45p+0,0.86322220134925498,1.1440704656813561,0x1.b9f842a7f3cd8p-1,0x1.24e1cd526bc11p+0,1.8241850326800868,1.9058939330483409,0x1.d2fdca5136b2bp+0,0x1.e7e8aa3016625p+0,0.86291337989001948,1.1880356263703373,0x1.b9cfc853d1216p-1,0x1.30231a51be545p+0,-2.0131960471485151,2.0616309700712008,-0x1.01b06877783c8p+1,0x1.07e3860c70333p+1,-2.7032997893301021,2.7092992690462294,-0x1.5a05ba3d3a6dep+1,0x1.5aca5185d0ac6p+1,33,18,3,3,-1.6009669841837336e-08,1.8392245816702308e-08,-0x1.130b45c893d67p-26,0x1.3bf9f3da05d9bp-26,-1.6004779347788692e-06,1.8387341450133886e-06,-0x1.ada00196af502p-20,0x1.ed94d92a50d2p-20,0,0.0099999999989999998,0x0p+0,0x1.47ae147a548aep-7,99,99,3,100
flowstar_vdp_stock_reach_v1,stepwise,700,7,0x1.cp+2,0.01,0x1.47ae147ae147bp-7,2,1.8454189659233569,1.9142511778884563,0x1.d86d609a0f17cp+0,0x1.ea0c5d7d5c431p+0,0.82149823561805302,1.0989755008046325,0x1.a49b6aaf6708fp-1,0x1.1956755b0fa57p+0,1.8356832002162018,1.9144678865542297,0x1.d5ef558ebec5ep+0,0x1.ea1a9141fe1eap+0,0.82117220515296496,1.1423173788695422,0x1.a470aeeb0849bp-1,0x1.246ee967e5aap+0,-2.0131960471485151,2.0616309700712008,-0x1.01b06877783c8p+1,0x1.07e3860c70333p+1,-2.7032997893301021,2.7092992690462294,-0x1.5a05ba3d3a6dep+1,0x1.5aca5185d0ac6p+1,33,18,3,3,-1.4905650790714093e-08,1.7345560418237593e-08,-0x1.0013bed6318eap-26,0x1.29fe94dbe92e6p-26,-1.4900837835613578e-06,1.7340733808462459e-06,-0x1.8ffdc72465d2fp-20,0x1.d17c9d87cfef9p-20,0,0.0099999999989999998,0x0p+0,0x1.47ae147a548aep-7,0,0,3,100
flowstar_vdp_stock_reach_v1,stepwise,701,7.0099999999999998,0x1.c0a3d70a3d70ap+2,0.01,0x1.47ae147ae147bp-7,2,1.8559534225054066,1.9224927434534949,0x1.db1fc3748f5bap+0,0x1.ec287c03ee19ap+0,0.78045886162283407,1.0544901376543085,0x1.8f984dcd1640ap-1,0x1.0df310cf2e06fp+0,1.8466477631931972,1.9227061665011986,0x1.d8bde86625763p+0,0x1.ec3678a8f0af9p+0,0.78011735038486174,1.0971748892531772,0x1.8f6b8a95e3eb4p-1,0x1.18e0741b55b6ap+0,-2.0131960471485151,2.0616309700712008,-0x1.01b06877783c8p+1,0x1.07e3860c70333p+1,-2.7032997893301021,2.7092992690462294,-0x1.5a05ba3d3a6dep+1,0x1.5aca5185d0ac6p+1,33,18,3,3,-1.3887128801580274e-08,1.6376017522069736e-08,-0x1.dd287a0c4b232p-27,0x1.19567c9a40d09p-26,-1.3882397492573328e-06,1.637127298095801e-06,-0x1.74a71bf174cbdp-20,0x1.b7768801a98d9p-20,0,0.0099999999989999998,0x0p+0,0x1.47ae147a548aep-7,1,1,3,100
flowstar_vdp_stock_reach_v1,stepwise,702,7.0200000000000005,0x1.c147ae147ae15p+2,0.01,0x1.47ae147ae147bp-7,2,1.8660487863379656,1.9303256239179969,0x1.ddb55f8e0fe2cp+0,0x1.ee29d1f15bccbp+0,0.74021331517605171,1.0105672214945123,0x1.7afd3d597d614p-1,0x1.02b4888eba803p+0,1.8571665129965111,1.9305356093502517,0x1.db6f43bc8bdf3p+0,0x1.ee3794e9ec3a3p+0,0.73985801443368471,1.0525644464871693,0x1.7aceab6f5a333p-1,0x1.0d74dd1298408p+0,-2.0131960471485151,2.0616309700712008,-0x1.01b06877783c8p+1,0x1.07e3860c70333p+1,-2.7032997893301021,2.7092992690462294,-0x1.5a05ba3d3a6dep+1,0x1.5aca5185d0ac6p+1,33,18,3,3,-1.290212147219181e-08,1.5430525717565935e-08,-0x1.bb5042ba2b7afp-27,0x1.09182b77caeddp-26,-1.289747762309741e-06,1.5425869243004583e-06,-0x1.5a36ca95bd75fp-20,0x1.9e15c42977553p-20,0,0.0099999999989999998,0x0p+0,0x1.47ae147a548aep-7,2,2,3,100
flowstar_vdp_stock_reach_v1,stepwise,703,7.0300000000000002,0x1.c1eb851eb851fp+2,0.01,0x1.47ae147ae147bp-7,2,1.8757132427059642,1.9377546470669729,0x1.e02ebe3a18a25p+0,0x1.f010b044d31dap+0,0.70078559201450419,0.96723822929818171,0x1.66cd5e7e6babbp-1,0x1.ef39d9648da3bp-1,1.8672473476757365,1.9379610597223864,0x1.de03ec13cf5e2p+0,0x1.f01e374c6ddcfp+0,0.70041814842667749,1.0085208948234115,0x1.669d352208efbp-1,0x1.022e6ce49965bp+0,-2.0131960471485151,2.0616309700712008,-0x1.01b06877783c8p+1,0x1.07e3860c70333p+1,-2.7032997893301021,2.7092992690462294,-0x1.5a05ba3d3a6dep+1,0x1.5aca5185d0ac6p+1,33,18,3,3,-1.1952801648790801e-08,1.4510820750818007e-08,-0x1.9ab1f4869875bp-27,0x1.f29687768e826p-27,-1.1948250497139826e-06,1.4506257747203946e-06,-0x1.40bbc090aa321p-20,0x1.85663e827c1c4p-20,0,0.0099999999989999998,0x0p+0,0x1.47ae147a548aep-7,3,3,3,100
flowstar_vdp_stock_reach_v1,stepwise,704,7.04,0x1.c28f5c28f5c29p+2,0.01,0x1.47ae147ae147bp-7,2,1.8849529409422501,1.9447880342586807,0x1.e28c46a3d8926p+0,0x1.f1dda0eccb0cap+0,0.66218928404553257,0.92453846683386431,0x1.530a794d79748p-1,0x1.d95d1b1de40f2p-1,1.8768961625325775,1.9449907553549104,0x1.e07c445410b8ep+0,0x1.f1eaea05458cap+0,0.66181129299229291,0.96508281592087641,0x1.52d8ee070cfd9p-1,0x1.ee1f55b89f9ep-1,-2.0131960471485151,2.0616309700712008,-0x1.01b06877783c8p+1,0x1.07e3860c70333p+1,-2.7032997893301021,2.7092992690462294,-0x1.5a05ba3d3a6dep+1,0x1.5aca5185d0ac6p+1,33,18,3,3,-1.1043560999027545e-08,1.3621223137246753e-08,-0x1.7b7430999bb0cp-27,0x1.d4058bb8fd74bp-27,-1.1039107124743107e-06,1.3616758329968566e-06,-0x1.28542aa1597fbp-20,0x1.6d85a69615848p-20,0,0.0099999999989999998,0x0p+0,0x1.47ae147a548aep-7,4,4,3,100
flowstar_vdp_stock_reach_v1,stepwise,705,7.0499999999999998,0x1.c333333333333p+2,0.01,0x1.47ae147ae147bp-7,2,1.8937743500023267,1.9514341445505847,0x1.e4ce6553437eap+0,0x1.f3913027247acp+0,0.6244347465326614,0.88250013062791577,0x1.3fb5e93db00a8p-1,0x1.c3d70e9f8676fp-1,1.886119204718204,1.9516330711623016,0x1.e2d8b54c9f498p+0,0x1.f39e39966f22ep+0,0.62404774640357641,0.92228557778695786,0x1.3f832fabe4481p-1,0x1.d835d0b455bbcp-1,-2.0131960471485151,2.0616309700712008,-0x1.01b06877783c8p+1,0x1.07e3860c70333p+1,-2.7032997893301021,2.7092992690462294,-0x1.5a05ba3d3a6dep+1,0x1.5aca5185d0ac6p+1,33,18,3,3,-1.0176325793492718e-08,1.2763749556631606e-08,-0x1.5da7e88699feep-27,0x1.b68f20dfa0db2p-27,-1.0171972713644022e-06,1.2759386584546142e-06,-0x1.110d43a4476dp-20,0x1.5681d642c3892p-20,0,0.0099999999989999998,0x0p+0,0x1.47ae147a548aep-7,5,5,3,100
flowstar_vdp_stock_reach_v1,stepwise,706,7.0600000000000005,0x1.c3d70a3d70a3ep+2,0.01,0x1.47ae147ae147bp-7,2,1.9021842290147422,1.9577014417264631,0x1.e6f58bae95d5bp+0,0x1.f52bebf38c15ep+0,0.58752983149367377,0.84115178438880756,0x1.2cd0b5c76122fp-1,0x1.aeab7259d80cbp-1,1.8949230426855386,1.9578964862077417,0x1.e519ad30c56d6p+0,0x1.f538b441372f5p+0,0.58713529890515037,0.8801608000862754,0x1.2c9cff763fe68p-1,0x1.c2a46fb72ef97p-1,-2.0131960471485151,2.0616309700712008,-0x1.01b06877783c8p+1,0x1.07e3860c70333p+1,-2.7032997893301021,2.7092992690462294,-0x1.5a05ba3d3a6dep+1,0x1.5aca5185d0ac6p+1,33,17,3,3,-9.3479786698931902e-09,1.1935509066847189e-08,-0x1.4131b0a0901fcp-27,0x1.9a19d917cc8f6p-27,-9.3478080345863029e-07,1.193533864894364e-06,-0x1.f5db4b9c423e2p-21,0x1.406305cd313c4p-20,0,0.0099999999989999998,0x0p+0,0x1.47ae147a548aep-7,6,6,3,100
flowstar_vdp_stock_reach_v1,stepwise,707,7.0700000000000003,0x1.c47ae147ae148p+2,0.01,0x1.47ae147ae147bp-7,2,1.9101897849961522,1.9635982763916469,0x1.e902329fb634fp+0,0x1.f6ae606b95871p+0,0.55148826685216223,0.80051022694678431,0x1.1a5cab8c83f8dp-1,0x1.99dc79f9b3302p-1,1.9033147227042231,1.9637893657520056,0x1.e73fa238028bep+0,0x1.f6bae65e232fbp+0,0.55108761275568618,0.83872821280952825,0x1.1a2827d408639p-1,0x1.ad6dc8c87fb83p-1,-2.0131960471485151,2.0616309700712008,-0x1.01b06877783c8p+1,0x1.07e3860c70333p+1,-2.7032997893301021,2.7092992690462294,-0x1.5a05ba3d3a6dep+1,0x1.5aca5185d0ac6p+1,33,17,3,3,-8.568523001658243e-09,1.1146570111623457e-08,-0x1.2669867faa43fp-27,0x1.7efe448026396p-27,-8.5683573219000804e-07,1.1146404637727259e-06,-0x1.cc029b386ad3bp-21,0x1.2b3582694c866p-20,0,0.0099999999989999998,0x0p+0,0x1.47ae147a548aep-7,7,7,3,100
flowstar_vdp_stock_reach_v1,stepwise,708,7.0800000000000001,0x1.c51eb851eb852p+2,0.01,0x1.47ae147ae147bp-7,2,1.9177978071190109,1.9691336938222601,0x1.eaf4cc0deaaacp+0,0x1.f81925506b14bp+0,0.51629293144743704,0.76061746956584453,0x1.08578c0f72075p-1,0x1.856fa7291a686p-1,1.9113009018442662,1.9693207690651799,0x1.e94b04123c86ap+0,0x1.f82567ea77f0bp+0,0.51588749808324152,0.79803262608099823,0x1.082267f95d96p-1,0x1.9897bb7c51594p-1,-2.0131960471485151,2.0616309700712008,-0x1.01b06877783c8p+1,0x1.07e3860c70333p+1,-2.7032997893301021,2.7092992690462294,-0x1.5a05ba3d3a6dep+1,0x1.5aca5185d0ac6p+1,33,16,3,3,-7.8352755640826503e-09,1.0395445159507649e-08,-0x1.0d37d00e2cfbbp-27,0x1.652f4d792dc35p-27,-7.8351149263646169e-07,1.0395284712131249e-06,-0x1.a4a4ffe48e5f3p-21,0x1.170bda4398b1p-20,0,0.0099999999989999998,0x0p+0,0x1.47ae147a548aep-7,8,8,3,100
flowstar_vdp_stock_reach_v1,stepwise,709,7.0899999999999999,0x1.c5c28f5c28f5cp+2,0.01,0x1.47ae147ae147bp-7,2,1.9250160992867884,1.9743161780445437,0x1.eccddae6b5d2ap+0,0x1.f96cc8f8aa3f5p+0,0.48195558578227471,0.72149254868877666,0x1.ed85c3dc3cd16p-2,0x1.716778a9da1a8p-1,1.9188892792004566,1.9744991934768359,0x1.eb3c53eacf9cp+0,0x1.f978c775f61d7p+0,0.48154664442703188,0.75809573707255795,0x1.ed1a904540256p-2,0x1.84251fdbed63bp-1,-2.0131960471485151,2.0616309700712008,-0x1.01b06877783c8p+1,0x1.07e3860c70333p+1,-2.7032997893301021,2.7092992690462294,-0x1.5a05ba3d3a6dep+1,0x1.5aca5185d0ac6p+1,33,16,3,3,-7.1470946593112427e-09,9.6813391055889315e-09,-0x1.eb2504d82e40fp-28,0x1.4ca5f5981cc2ep-27,-7.1469391252147409e-07,9.6811837428768272e-07,-0x1.7fb2c88c3b397p-21,0x1.03e0968db14a3p-20,0,0.0099999999989999998,0x0p+0,0x1.47ae147a548aep-7,9,9,3,100
flowstar_vdp_stock_reach_v1,stepwise,710,7.1000000000000005,0x1.c666666666667p+2,0.01,0x1.47ae147ae147bp-7,2,1.9318518488428382,1.9791541796612429,0x1.ee8dd7bf7f43ap+0,0x1.faa9d92b6301dp+0,0.44845493393736996,0.68314260042279762,0x1.cb37c52bf69ffp-2,0x1.5dc4ddeea3ffep-1,1.9260869631998732,1.9793331021811076,0x1.ed14090432067p+0,0x1.fab592fdc211cp+0,0.44804368339007355,0.7189272002275231,0x1.cacbf69d5be5fp-2,0x1.701739da5d366p-1,-2.0131960471485151,2.0616309700712008,-0x1.01b06877783c8p+1,0x1.07e3860c70333p+1,-2.7032997893301021,2.7092992690462294,-0x1.5a05ba3d3a6dep+1,0x1.5aca5185d0ac6p+1,33,16,3,3,-6.5030169531587852e-09,9.0033925377040097e-09,-0x1.bee248ba1ea21p-28,0x1.355aada39160cp-27,-6.5028665625101485e-07,9.0032422966144124e-07,-0x1.5d1eb7ad8d59ep-21,0x1.e35b9eb26e89ep-21,0,0.0099999999989999998,0x0p+0,0x1.47ae147a548aep-7,10,10,3,100
flowstar_vdp_stock_reach_v1,stepwise,711,7.1100000000000003,0x1.c70a3d70a3d71p+2,0.01,0x1.47ae147ae147bp-7,2,1.9383130969771918,1.9836563709972512,0x1.f0354980ecee9p+0,0x1.fbd0e767ef6bbp+0,0.4158061097725369,0.6455799717868117,0x1.a9c913abccd53p-2,0x1.4a8975438dcd9p-1,1.9329019405718877,1.9838311793683125,0x1.eed2a95d2195ep+0,0x1.fbdc5c342c09p+0,0.41539367551971301,0.68054173570276899,0x1.a95cf5ad4a241p-2,0x1.5c6ff764d01cap-1,-2.0131960471485151,2.0616309700712008,-0x1.01b06877783c8p+1,0x1.07e3860c70333p+1,-2.7032997893301021,2.7092992690462294,-0x1.5a05ba3d3a6dep+1,0x1.5aca5185d0ac6p+1,33,16,3,3,-5.9027191604756765e-09,8.362192572466563e-09,-0x1.95a1bbcfc46c9p-28,0x1.1f529fad3aeccp-27,-5.9025739283747366e-07,8.3620474658891363e-07,-0x1.3ce45bbcdefd6p-21,0x1.c0ef1af2495aep-21,0,0.0099999999989999998,0x0p+0,0x1.47ae147a548aep-7,11,11,3,100
flowstar_vdp_stock_reach_v1,stepwise,712,7.1200000000000001,0x1.c7ae147ae147bp+2,0.01,0x1.47ae147ae147bp-7,2,1.9444076975249356,1.9878313192939085,0x1.f1c4b3eef5d38p+0,0x1.fce2836a54f58p+0,0.3840047565121692,0.60881418869762738,0x1.89388afae9afdp-2,0x1.37b67e4b981b3p-1,1.9393420336587723,1.988002003441435,0x1.f078b83252933p+0,0x1.fcedb30529d76p+0,0.38359217870368761,0.64295110769627561,0x1.88cc635a22891p-2,0x1.4930e338f7075p-1,-2.0131960471485151,2.0616309700712008,-0x1.01b06877783c8p+1,0x1.07e3860c70333p+1,-2.7032997893301021,2.7092992690462294,-0x1.5a05ba3d3a6dep+1,0x1.5aca5185d0ac6p+1,33,16,3,3,-5.3451999026988075e-09,7.7574231859800038e-09,-0x1.6f51c04a3e6fp-28,0x1.0a8b0415b9deap-27,-5.345059822931613e-07,7.7572832061242586e-07,-0x1.1ef5f15d5d95ap-21,0x1.a07749df4d3dcp-21,0,0.0099999999989999998,0x0p+0,0x1.47ae147a548aep-7,12,12,3,100
flowstar_vdp_stock_reach_v1,stepwise,713,7.1299999999999999,0x1.c851eb851eb85p+2,0.01,0x1.47ae147ae147bp-7,2,1.9501435735101709,1.9916875529392071,0x1.f33c9bf6bb12dp+0,0x1.fddf3c47b962cp+0,0.353040181662787,0.57285689879588753,0x1.69835d89a98afp-2,0x1.254d7fdb3b8e2p-1,1.9454151548052658,1.9918541139325443,0x1.f206ba4308097p+0,0x1.fdea26b5be4b4p+0,0.35262812866120824,0.60616934200710626,0x1.69175920ff8f3p-2,0x1.365bd3f78447dp-1,-2.0131960471485151,2.0616309700712008,-0x1.01b06877783c8p+1,0x1.07e3860c70333p+1,-2.7032997893301021,2.7092992690462294,-0x1.5a05ba3d3a6dep+1,0x1.5aca5185d0ac6p+1,33,16,3,3,-4.8291824792755912e-09,7.1885096802326638e-09,-0x1.4bdbe06a07063p-28,0x1.edfd99846a2b9p-28,-4.8290475256957105e-07,7.1883747999893741e-07,-0x1.0341ec7f749d3p-21,0x1.81ec455e2056ap-21,0,0.0099999999989999998,0x0p+0,0x1.47ae147a548aep-7,13,13,3,100
flowstar_vdp_stock_reach_v1,stepwise,714,7.1400000000000006,0x1.c8f5c28f5c29p+2,0.01,0x1.47ae147ae147bp-7,2,1.9555287390694491,1.9952334988613258,0x1.f49d880cb0ffbp+0,0x1.fec79f617e386p+0,0.32290951908761539,0.53770799966130356,0x1.4aa8cb00318ebp-2,0x1.134e7682af8dbp-1,1.9511293291175773,1.9953959466009181,0x1.f37d3632d38ffp+0,0x1.fed244cd38cedp+0,0.32249892136714053,0.5701979352421821,0x1.4a3d2841118e4p-2,0x1.23f0fbd8394abp-1,-2.0131960471485151,2.0616309700712008,-0x1.01b06877783c8p+1,0x1.07e3860c70333p+1,-2.7032997893301021,2.7092992690462294,-0x1.5a05ba3d3a6dep+1,0x1.5aca5185d0ac6p+1,33,16,3,3,-4.3531618299181058e-09,6.6546529282616456e-09,-0x1.2b25a1febf0c1p-28,0x1.c94de472b0122p-28,-4.3530319594427104e-07,6.6545231041616744e-07,-0x1.d3673b3c30f3dp-22,0x1.654311b272388p-21,0,0.0099999999989999998,0x0p+0,0x1.47ae147a548aep-7,14,14,3,100
flowstar_vdp_stock_reach_v1,stepwise,715,7.1500000000000004,0x1.c99999999999ap+2,0.01,0x1.47ae147ae147bp-7,2,1.9605712270262596,1.9984775171604865,0x1.f5e7fef58e6ebp+0,0x1.ff9c38f9fedd9p+0,0.2936027233094855,0.50337093178218972,0x1.2ca6313a85ea7p-2,0x1.01b9d5b385ea2p-1,1.9564926181671025,1.9986358704939107,0x1.f4dcb341e4a39p+0,0x1.ffa699b462433p+0,0.29319443982226451,0.53504211757286047,0x1.2c3b29c99f66fp-2,0x1.11f10a59ea81fp-1,-2.0131960471485151,2.0616309700712008,-0x1.01b06877783c8p+1,0x1.07e3860c70333p+1,-2.7032997893301021,2.7092992690462294,-0x1.5a05ba3d3a6dep+1,0x1.5aca5185d0ac6p+1,33,16,3,3,-3.9154536181338881e-09,6.1548671183156029e-09,-0x1.0d116374a3228p-28,0x1.a6f59142b4215p-28,-3.9153287719488187e-07,6.1547422916846287e-07,-0x1.a467bcdf5a48cp-22,0x1.4a6e224a47498p-21,0,0.0099999999989999998,0x0p+0,0x1.47ae147a548aep-7,15,15,3,100
flowstar_vdp_stock_reach_v1,stepwise,716,7.1600000000000001,0x1.ca3d70a3d70a4p+2,0.01,0x1.47ae147ae147bp-7,2,1.9652790874569246,2.0014278676005257,0x1.f71c87c023e52p+0,0x1.002ec9d252d9fp+1,0.26510852066204776,0.46984700989846345,0x1.0f789ba889a97p-2,0x1.e11f93168c957p-2,1.9615131179647802,2.0015821536149203,0x1.f625b944556ecp+0,0x1.0033d81104443p+1,0.26470334036820192,0.5007048519648698,0x1.0f0e647817f1fp-2,0x1.005c62e846786p-1,-2.0131960471485151,2.0616309700712008,-0x1.01b06877783c8p+1,0x1.07e3860c70333p+1,-2.7032997893301021,2.7092992690462294,-0x1.5a05ba3d3a6dep+1,0x1.5aca5185d0ac6p+1,33,16,3,3,-3.51423825428296e-09,5.6880143065366383e-09,-0x1.e2fe442f5985ep-29,0x1.86e09b1c847a6p-28,-3.5141183596297665e-07,5.6878944052273207e-07,-0x1.79535995fc5bbp-22,0x1.315dd350c7e8fp-21,0,0.0099999999989999998,0x0p+0,0x1.47ae147a548aep-7,16,16,3,100
flowstar_vdp_stock_reach_v1,stepwise,717,7.1699999999999999,0x1.cae147ae147aep+2,0.01,0x1.47ae147ae147bp-7,2,1.96966036821861,2.0040926969280188,0x1.f83ba971b9eb6p+0,0x1.00861c07baa8fp+1,0.2374145428545742,0.43713556562107081,0x1.e63998893dd28p-3,0x1.bfa077390b396p-2,1.9661989380909681,2.0042429502595218,0x1.f758d04887d7dp+0,0x1.008b08724d35bp+1,0.23701318659387582,0.46718698019051758,0x1.e5672b6921ac8p-3,0x1.de664384241e9p-2,-2.0131960471485151,2.0616309700712008,-0x1.01b06877783c8p+1,0x1.07e3860c70333p+1,-2.7032997893301021,2.7092992690462294,-0x1.5a05ba3d3a6dep+1,0x1.5aca5185d0ac6p+1,33,16,3,3,-3.1476007024775523e-09,5.2528363178074937e-09,-0x1.b09a5ab39a9e3p-29,0x1.68f8dfaefae83p-28,-3.1474856743773681e-07,5.2527212578573547e-07,-0x1.51f56d6c1ca92p-22,0x1.1a00d9ebe9dabp-21,0,0.0099999999989999998,0x0p+0,0x1.47ae147a548aep-7,17,17,3,100
flowstar_vdp_stock_reach_v1,stepwise,718,7.1799999999999997,0x1.cb851eb851eb8p+2,0.01,0x1.47ae147ae147bp-7,2,1.9737230956687624,2.0064800286955942,0x1.f945eab341d8cp+0,0x1.00d4566ba9906p+1,0.21050741611464091,0.40523412685193433,0x1.af1e831e39076p-3,0x1.9ef5b1e8356cfp-2,1.9705581810539161,2.0066262908589394,0x1.f876803e7de7bp+0,0x1.00d9215b4437p+1,0.21011053876635086,0.43448740627174925,0x1.ae4e6f245f0ffp-3,0x1.bcea4441d817dp-2,-2.0131960471485151,2.0616309700712008,-0x1.01b06877783c8p+1,0x1.07e3860c70333p+1,-2.7032997893301021,2.7092992690462294,-0x1.5a05ba3d3a6dep+1,0x1.5aca5185d0ac6p+1,33,16,3,3,-2.8135662248530674e-09,4.8479841309128699e-09,-0x1.82b18f9a89869p-29,0x1.4d26a38685addp-28,-2.8134559677489557e-07,4.8478738181228519e-07,-0x1.2e17b05330e54p-22,0x1.0444aba02ade2p-21,0,0.0099999999989999998,0x0p+0,0x1.47ae147a548aep-7,18,18,3,100
flowstar_vdp_stock_reach_v1,stepwise,719,7.1900000000000004,0x1.cc28f5c28f5c3p+2,0.01,0x1.47ae147ae147bp-7,2,1.977475257941361,2.0085977533249126,0x1.fa3bd18981df1p+0,0x1.0119bb2eacbeep+1,0.18437298320501136,0.37413845560060494,0x1.79988ae90d45fp-3,0x1.7f1e26bbec145p-2,1.9745989242479929,2.0087400720658124,0x1.f97f50aa5ca63p+0,0x1.011e6509d7fbp+1,0.1839811760855303,0.40260313884646981,0x1.78cb1f72ef8dfp-3,0x1.9c43ff4a733c6p-2,-2.0131960471485151,2.0616309700712008,-0x1.01b06877783c8p+1,0x1.07e3860c70333p+1,-2.7032997893301021,2.7092992690462294,-0x1.5a05ba3d3a6dep+1,0x1.5aca5185d0ac6p+1,33,16,3,3,-2.5101313752943323e-09,4.4720438311696504e-09,-0x1.58fd6573ee2e2p-29,0x1.335106ee7ff84p-28,-2.5100257846059083e-07,4.4719381625903093e-07,-0x1.0d83103b4bee2p-22,0x1.e02bb34110f59p-22,0,0.0099999999989999998,0x0p+0,0x1.47ae147a548aep-7,19,19,3,100
flowstar_vdp_stock_reach_v1,stepwise,720,7.2000000000000002,0x1.ccccccccccccdp+2,0.01,0x1.47ae147ae147bp-7,2,1.9809247896265729,2.0104536190604141,0x1.fb1de3134824cp+0,0x1.01568b4ffea21p+1,0.15899636376393686,0.34384273784773856,0x1.459fe2b46468fp-3,0x1.60184f8817b1ap-2,1.9783292033630382,2.0105920477328731,0x1.fa73c85d2a7ddp+0,0x1.015b14894e205p+1,0.15861015721535465,0.37152948601099939,0x1.44d566f06d4b8p-3,0x1.7c7239bfaaf03p-2,-2.0131960471485151,2.0616309700712008,-0x1.01b06877783c8p+1,0x1.07e3860c70333p+1,-2.7032997893301021,2.7092992690462294,-0x1.5a05ba3d3a6dep+1,0x1.5aca5185d0ac6p+1,33,16,3,3,-2.2352910625064762e-09,4.1235600577619922e-09,-0x1.33374ffe09d52p-29,0x1.1b5e6f8a21b4p-28,-2.2351900260856793e-07,4.1234589230860029e-07,-0x1.e000df06dd89p-23,0x1.bac0c69bcb899p-22,0,0.0099999999989999998,0x0p+0,0x1.47ae147a548aep-7,20,20,3,100
flowstar_vdp_stock_reach_v1,stepwise,721,7.21,0x1.cd70a3d70a3d7p+2,0.01,0x1.47ae147ae147bp-7,2,1.9840777932312392,2.0120569887804773,0x1.fbec85b2a5e4dp+0,0x1.018b155a400ccp+1,0.13436202402213904,0.31433975358312943,0x1.132c6597fee18p-3,0x1.41e247c5e392dp-2,1.9817552326261008,2.0121915857507306,0x1.fb544f98ce546p+0,0x1.018f7e6f0afa7p+1,0.13398189014837333,0.34126023067619426,0x1.126518e38c587p-3,0x1.5d735268b7fb8p-2,-2.0131960471485151,2.0616309700712008,-0x1.01b06877783c8p+1,0x1.07e3860c70333p+1,-2.7032997893301021,2.7092992690462294,-0x1.5a05ba3d3a6dep+1,0x1.5aca5185d0ac6p+1,33,15,3,3,-1.9872756969235636e-09,3.8012525747614323e-09,-0x1.11210c2d21a81p-29,0x1.053857ade2754p-28,-1.9871790954043879e-07,3.8011558566117827e-07,-0x1.aabe537add852p-23,0x1.98256067c3fe7p-22,0,0.0099999999989999998,0x0p+0,0x1.47ae147a548aep-7,21,21,3,100
flowstar_vdp_stock_reach_v1,stepwise,722,7.2199999999999998,0x1.ce147ae147ae1p+2,0.01,0x1.47ae147ae147bp-7,2,1.986939354573487,2.0134180051292558,0x1.fca80ebb074a2p+0,0x1.01b7ae629a966p+1,0.11045391609478873,0.28562096673400889,0x1.c46b535579d69p-4,0x1.2479d29cb2a8dp-2,1.9848822190318236,2.0135488332076075,0x1.fc213db92751cp+0,0x1.01bbf7d9c347fp+1,0.11008027160570596,0.31178772607002619,0x1.c2e387e7b36c6p-4,0x1.3f45481b0f541p-2,-2.0131960471485151,2.0616309700712008,-0x1.01b06877783c8p+1,0x1.07e3860c70333p+1,-2.7032997893301021,2.7092992690462294,-0x1.5a05ba3d3a6dep+1,0x1.5aca5185d0ac6p+1,33,16,3,3,-1.7643810266155648e-09,3.5038607736452405e-09,-0x1.e4fd46ef9f1eap-30,0x1.e19124262affap-29,-1.7642887343152378e-07,3.5037683484183237e-07,-0x1.7ae0cc85261b6p-23,0x1.7836d9db54ebap-22,0,0.0099999999989999998,0x0p+0,0x1.47ae147a548aep-7,22,22,3,100
flowstar_vdp_stock_reach_v1,stepwise,723,7.2300000000000004,0x1.ceb851eb851ecp+2,0.01,0x1.47ae147ae147bp-7,2,1.9895209680163828,2.0145401481719567,0x1.fd513f04562d2p+0,0x1.01dc739a70538p+1,0.087255520945678317,0.25767669949374633,0x1.65660b8db6cf6p-4,0x1.07dc66951143dp-2,1.9877217864685779,2.0146672740734193,0x1.fcdb55c26de28p+0,0x1.01e09e033bc04p+1,0.086888730073312631,0.28310307582126043,0x1.63e56fe0e4c26p-4,0x1.21e5c5d032817p-2,-2.0131960471485151,2.0616309700712008,-0x1.01b06877783c8p+1,0x1.07e3860c70333p+1,-2.7032997893301021,2.7092992690462294,-0x1.5a05ba3d3a6dep+1,0x1.5aca5185d0ac6p+1,33,16,3,3,-1.5642034401219867e-09,3.2294431664313272e-09,-0x1.adf7081ec95ddp-30,0x1.bbd9ee14f7f6fp-29,-1.5641153298319443e-07,3.2293549090428475e-07,-0x1.4fe4264d46c8bp-23,0x1.5abfd4f201466p-22,0,0.0099999999989999998,0x0p+0,0x1.47ae147a548aep-7,23,23,3,100
flowstar_vdp_stock_reach_v1,stepwise,724,7.2400000000000002,0x1.cf5c28f5c28f6p+2,0.01,0x1.47ae147ae147bp-7,2,1.9918310950266249,2.0154296617265657,0x1.fde8a4844b93bp+0,0x1.01f9996240813p+1,0.064750032526734336,0.23049615432615336,0x1.09375481e04c4p-4,0x1.d80e5e257a0e5p-3,1.9902825332277954,2.0155531555608643,0x1.fd8327f6036f2p+0,0x1.01fda5533de3cp+1,0.064390409981405036,0.25519616183133198,0x1.07be3d10bd193p-4,0x1.05522484856bep-2,-2.0131960471485151,2.0616309700712008,-0x1.01b06877783c8p+1,0x1.07e3860c70333p+1,-2.7032997893301021,2.7092992690462294,-0x1.5a05ba3d3a6dep+1,0x1.5aca5185d0ac6p+1,33,16,3,3,-1.3848390680392566e-09,2.9764793398290544e-09,-0x1.7ca962d7d9416p-30,0x1.99158e7dd0564p-29,-1.3847550102393029e-07,2.976395122880725e-07,-0x1.295fb6367d92dp-23,0x1.3f9686b286736p-22,0,0.0099999999989999998,0x0p+0,0x1.47ae147a548aep-7,24,24,3,100
flowstar_vdp_stock_reach_v1,stepwise,725,7.25,0x1.dp+2,0.01,0x1.47ae147ae147bp-7,2,1.9938772017410213,2.0160935025678581,0x1.fe6ebc7db7b9fp+0,0x1.020f5a159a806p+1,0.042920364568065479,0.20406760148525316,0x1.5f9a8744df231p-5,0x1.a1ee31d46b288p-3,1.9925720685800672,2.0162134373590499,0x1.fe1933fd79761p+0,0x1.0213482b9b3f2p+1,0.042568178505786605,0.2280558377134595,0x1.5cb7f0d10b6aap-5,0x1.d30ef06521294p-3,-2.0131960471485151,2.0616309700712008,-0x1.01b06877783c8p+1,0x1.07e3860c70333p+1,-2.7032997893301021,2.7092992690462294,-0x1.5a05ba3d3a6dep+1,0x1.5aca5185d0ac6p+1,33,16,3,3,-1.2245674167815173e-09,2.7435795381400473e-09,-0x1.509b457297d34p-30,0x1.79131f923df15p-29,-1.224487280079601e-07,2.743499232321594e-07,-0x1.06f4e66ea10e3p-23,0x1.2694bb9026607p-22,0,0.0099999999989999998,0x0p+0,0x1.47ae147a548aep-7,25,25,3,100
flowstar_vdp_stock_reach_v1,stepwise,726,7.2599999999999998,0x1.d0a3d70a3d70ap+2,0.01,0x1.47ae147ae147bp-7,2,1.995666631651408,2.0165384567418947,0x1.fee40224a9496p+0,0x1.021deea16a978p+1,0.021749241145500885,0.17837847098084725,0x1.6456eddbb2136p-6,0x1.6d51b11962c34p-3,1.9945978845289072,2.0166549079775917,0x1.fe9df78ab8f1ep+0,0x1.0221bf7e8a736p+1,0.021404716121539082,0.20167002667554235,0x1.5eb1e2ee381aap-6,0x1.9d052cc93d3d4p-3,-2.0131960471485151,2.0616309700712008,-0x1.01b06877783c8p+1,0x1.07e3860c70333p+1,-2.7032997893301021,2.7092992690462294,-0x1.5a05ba3d3a6dep+1,0x1.5aca5185d0ac6p+1,33,16,3,3,-1.0817518393225052e-09,2.5293960766825821e-09,-0x1.295984b8cfcc1p-30,0x1.5ba33674f379cp-29,-1.0816754912977247e-07,2.5293195515822573e-07,-0x1.d0937a5f45513p-24,0x1.0f95680c00b15p-22,0,0.0099999999989999998,0x0p+0,0x1.47ae147a548aep-7,26,26,3,100
flowstar_vdp_stock_reach_v1,stepwise,727,7.2700000000000005,0x1.d147ae147ae15p+2,0.01,0x1.47ae147ae147bp-7,2,1.9972065983390535,2.0167711372602639,0x1.ff48ee7f38bd9p+0,0x1.02258e7f0658p+1,0.0012192643232045537,0.15341545590098896,0x1.3f9f7192c88acp-10,0x1.3a31e1ee5d8c5p-3,1.996367347672962,2.0168841824702173,0x1.ff11ee350ec11p+0,0x1.022942c9c3bf7p+1,0.00088258420993927739,0.17602583071093725,0x1.ceba728a8ece8p-11,0x1.68803b113cd78p-3,-2.0131960471485151,2.0616309700712008,-0x1.01b06877783c8p+1,0x1.07e3860c70333p+1,-2.7032997893301021,2.7092992690462294,-0x1.5a05ba3d3a6dep+1,0x1.5aca5185d0ac6p+1,33,16,3,3,-9.5485648680404049e-10,2.3326421910896115e-09,-0x1.06780d45cc84p-30,0x1.40988d0152262p-29,-9.5478379476343749e-08,2.3325693159311065e-07,-0x1.9a1396a3b4a2cp-24,0x1.f4ea5ab1a271bp-23,0,0.0099999999989999998,0x0p+0,0x1.47ae147a548aep-7,27,27,3,100
flowstar_vdp_stock_reach_v1,stepwise,728,7.2800000000000002,0x1.d1eb851eb851fp+2,0.01,0x1.47ae147ae147bp-7,2,1.9985041790606908,2.0167979828504135,0x1.ff9df849fc28ap+0,0x1.02266fb17d9b1p+1,-0.018687024207525871,0.12916461003548918,-0x1.322b0f752d33dp-6,0x1.0887747f39624p-3,1.9978876919781117,2.0169077012140004,0x1.ff75915a207d4p+0,0x1.022a0813e1e0cp+1,-0.019015713357175567,0.1511096340006195,-0x1.378daebeaae03p-6,0x1.3578f7c12541p-3,-2.0131960471485151,2.0616309700712008,-0x1.01b06877783c8p+1,0x1.07e3860c70333p+1,-2.7032997893301021,2.7092992690462294,-0x1.5a05ba3d3a6dep+1,0x1.5aca5185d0ac6p+1,33,16,3,3,-8.4248121353448918e-10,2.1521290834233793e-09,-0x1.cf28b0a27d4eep-31,0x1.27c94f79eff13p-29,-8.4241204515819406e-08,2.1520597276681959e-07,-0x1.69d02f1444589p-24,0x1.ce26bc16159d4p-23,0,0.0099999999989999998,0x0p+0,0x1.47ae147a548aep-7,28,28,3,100
flowstar_vdp_stock_reach_v1,stepwise,729,7.29,0x1.d28f5c28f5c29p+2,0.01,0x1.47ae147ae147bp-7,2,1.999565995425014,2.0166255708969549,0x1.ffe38e9c8b4b8p+0,0x1.0220c965a3ceep+1,-0.03798708999761654,0.10561144305496457,-0x1.3730b3a6b816bp-5,0x1.b0959fe0122edp-4,1.9991656986972242,2.0167320428789495,0x1.ffc952bf30878p+0,0x1.0224468c7aedp+1,-0.038307677157029547,0.12690720374663675,-0x1.39d1059267c71p-5,0x1.03e7ec8dbfb87p-3,-2.0131960471485151,2.0616309700712008,-0x1.01b06877783c8p+1,0x1.07e3860c70333p+1,-2.7032997893301021,2.7092992690462294,-0x1.5a05ba3d3a6dep+1,0x1.5aca5185d0ac6p+1,33,15,3,3,-7.6612574083373381e-10,2.0116230312755545e-09,-0x1.a52e9cceb8735p-31,0x1.1479b177d70a1p-29,-7.6606128500079231e-08,2.0115593533198152e-07,-0x1.4905543c46ab4p-24,0x1.affaa51b3c5dbp-23,0,0.0099999999989999998,0x0p+0,0x1.47ae147a548aep-7,29,29,3,100
flowstar_vdp_stock_reach_v1,stepwise,730,7.2999999999999998,0x1.d333333333333p+2,0.01,0x1.47ae147ae147bp-7,2,2.0003525321212594,2.016306293998531,0x1.000b8d40f73eap+1,0x1.0216531bb8a8dp+1,-0.056698516410391732,0.082741167847753247,-0x1.d0796836dbf85p-5,0x1.52e8671f05ed3p-4,2.0001620143977932,2.0164096010123913,0x1.00054f13451edp+1,0x1.0219b5b5d825p+1,-0.057010922869488778,0.10340394301017213,-0x1.d3089227a7cb8p-5,0x1.a78ae49819233p-4,-2.0131960471485151,2.0616309700712008,-0x1.01b06877783c8p+1,0x1.07e3860c70333p+1,-2.7032997893301021,2.7092992690462294,-0x1.5a05ba3d3a6dep+1,0x1.5aca5185d0ac6p+1,33,16,3,3,-6.981561762417499e-10,1.882088977507549e-09,-0x1.7fd0bf294e3c8p-31,0x1.02ac1e6f8101ap-29,-6.9809416745016643e-08,1.882026932672583e-07,-0x1.2bd443f3d6419p-24,0x1.9429865a25fcap-23,0,0.0099999999989999998,0x0p+0,0x1.47ae147a548aep-7,30,30,3,100
flowstar_vdp_stock_reach_v1,stepwise,731,7.3100000000000005,0x1.d3d70a3d70a3ep+2,0.01,0x1.47ae147ae147bp-7,2,2.0008163808591397,2.0159001124819529,0x1.001ac04c8ba8bp+1,0x1.020903cf8e6d4p+1,-0.074838543225478463,0.060538365548254001,-0x1.3289e67a23af9p-4,0x1.efee2785db7f3p-5,2.0008153669366413,2.0160143638981625,0x1.001ab7cb29deep+1,0x1.020cc2389abbap+1,-0.075142719975046748,0.080584561063916205,-0x1.33c8da4d347a1p-4,0x1.4a1309655004p-4,-2.0131960471485151,2.0616309700712008,-0x1.01b06877783c8p+1,0x1.07e3860c70333p+1,-2.7032997893301021,2.7092992690462294,-0x1.5a05ba3d3a6dep+1,0x1.5aca5185d0ac6p+1,33,16,3,3,-6.3990788447587138e-10,1.7635779260736763e-09,-0x1.5fcb0747d6702p-31,0x1.e4c4c39014c5cp-30,-6.3984658014164631e-08,1.7635160657547457e-07,-0x1.12cfe01fd71fbp-24,0x1.7ab6522d46a5ap-23,0,0.0099999999989999998,0x0p+0,0x1.47ae147a548aep-7,31,31,3,100
flowstar_vdp_stock_reach_v1,stepwise,732,7.3200000000000003,0x1.d47ae147ae148p+2,0.01,0x1.47ae147ae147bp-7,2,2.000131018204065,2.0162457742923681,0x1.00044b0f7368fp+1,0x1.0214576ea4577p+1,-0.092424595605922422,0.03898763262901446,-0x1.7a923677934dp-4,0x1.3f62fde2e1eeap-5,2.0001300317866701,2.0165544453863649,0x1.000442c922b65p+1,0x1.021e74c0c4d87p+1,-0.092720521087188035,0.058433725874673326,-0x1.7bc8835bcd024p-4,0x1.deb067b3af51p-5,-2.0131960471485151,2.0616309700712008,-0x1.01b06877783c8p+1,0x1.07e3860c70333p+1,-2.7032997893301021,2.7092992690462294,-0x1.5a05ba3d3a6dep+1,0x1.5aca5185d0ac6p+1,33,16,3,3,-6.2866055051992318e-10,1.6909664230636096e-09,-0x1.599c1b5e56d51p-31,0x1.d0cf2f02df64p-30,-6.2859857157934513e-08,1.6909031075115382e-07,-0x1.0dfb24d45e5b8p-24,0x1.6b1e61a3ed46dp-23,0,0.0099999999989999998,0x0p+0,0x1.47ae147a548aep-7,32,32,3,100
flowstar_vdp_stock_reach_v1,stepwise,733,7.3300000000000001,0x1.d51eb851eb852p+2,0.01,0x1.47ae147ae147bp-7,2,1.99926886404426,2.0163827552967,0x1.ffd01592fb2dcp+0,0x1.0218d4831bdd8p+1,-0.10947369343916563,0.018073082889452974,-0x1.c0677cd17f2a4p-4,0x1.281c00fcada2p-6,1.9992679051220956,2.0168800100589723,0x1.ffd0057c711bep+0,0x1.02291fc994687p+1,-0.10976137222490859,0.036935571831373595,-0x1.c19524011efcap-4,0x1.2e93822264d4ap-5,-2.0131960471485151,2.0616309700712008,-0x1.01b06877783c8p+1,0x1.07e3860c70333p+1,-2.7032997893301021,2.7092992690462294,-0x1.5a05ba3d3a6dep+1,0x1.5aca5185d0ac6p+1,33,16,3,3,-6.2131290940859878e-10,1.6233809730771824e-09,-0x1.559204b2c6b21p-31,0x1.be3b47c81effcp-30,-6.2124652879522461e-08,1.6233143129977716e-07,-0x1.0ad2c738f0981p-24,0x1.5c9aa5ec18fa1p-23,0,0.0099999999989999998,0x0p+0,0x1.47ae147a548aep-7,33,33,3,100
flowstar_vdp_stock_reach_v1,stepwise,734,7.3399999999999999,0x1.d5c28f5c28f5cp+2,0.01,0x1.47ae147ae147bp-7,2,1.998235180613684,2.0163173601045563,0x1.ff8c573e73d23p+0,0x1.0216aff000c8bp+1,-0.12600263098946249,-0.0022213515247095032,-0x1.020daada7a42bp-3,-0x1.2328304d97934p-9,1.9982342491019012,2.0169975273174443,0x1.ff8c479da3c8dp+0,0x1.022cf997f87c3p+1,-0.1262820883531186,0.016074001233499245,-0x1.02a02efc60b88p-3,0x1.075b3f6747906p-6,-2.0131960471485151,2.0616309700712008,-0x1.01b06877783c8p+1,0x1.07e3860c70333p+1,-2.7032997893301021,2.7092992690462294,-0x1.5a05ba3d3a6dep+1,0x1.5aca5185d0ac6p+1,33,16,3,3,-6.2728555293347283e-10,1.5698816885808092e-09,-0x1.58da97dc0cb14p-31,0x1.af869a59d0343p-30,-6.272170860233795e-08,1.5698129511714241e-07,-0x1.0d633f77d51d7p-24,0x1.511d61318cb2dp-23,0,0.0099999999989999998,0x0p+0,0x1.47ae147a548aep-7,34,34,3,100
flowstar_vdp_stock_reach_v1,stepwise,735,7.3500000000000005,0x1.d666666666667p+2,0.01,0x1.47ae147ae147bp-7,2,1.997035073587023,2.0160557218838191,0x1.ff3db0ca056e8p+0,0x1.020e1d2833cc6p+1,-0.14202796171228535,-0.021911862446539258,-0x1.22df8e555fdbbp-3,-0x1.670103268caf1p-6,1.9970341693330447,2.0169132944019892,0x1.ff3da19e47abp+0,0x1.022a36ff297e3p+1,-0.1422992432555707,-0.0041672486272085274,-0x1.236dc92039cdep-3,-0x1.111ad49173089p-8,-2.0131960471485151,2.0616309700712008,-0x1.01b06877783c8p+1,0x1.07e3860c70333p+1,-2.7032997893301021,2.7092992690462294,-0x1.5a05ba3d3a6dep+1,0x1.5aca5185d0ac6p+1,33,16,3,3,-6.3312634502675362e-10,1.5191281148867266e-09,-0x1.5c109c92840d5p-31,0x1.a193233f9f81ap-30,-6.3305589496126364e-08,1.51905740382924e-07,-0x1.0fe53b543e5bdp-24,0x1.4637105e45952p-23,0,0.0099999999989999998,0x0p+0,0x1.47ae147a548aep-7,35,35,3,100
flowstar_vdp_stock_reach_v1,stepwise,736,7.3600000000000003,0x1.d70a3d70a3d71p+2,0.01,0x1.47ae147ae147bp-7,2,1.9956734936555398,2.0156038020524707,0x1.fee47544be9e9p+0,0x1.01ff4e2dc11a7p+1,-0.1575660325140025,-0.041014653011874617,-0x1.42b1fae4dd6a9p-3,-0x1.4ffdf62af8217p-5,1.9956726164459153,2.0166334356979787,0x1.fee4668d286ffp+0,0x1.02210b5f2be56p+1,-0.15782920211072951,-0.023804490362172158,-0x1.433bf4eb5ad81p-3,-0x1.860344e69f5c6p-6,-2.0131960471485151,2.0616309700712008,-0x1.01b06877783c8p+1,0x1.07e3860c70333p+1,-2.7032997893301021,2.7092992690462294,-0x1.5a05ba3d3a6dep+1,0x1.5aca5185d0ac6p+1,33,16,3,3,-6.386498628927918e-10,1.470902219747629e-09,-0x1.5f19fa46bf1b7p-31,0x1.94518ac148b0fp-30,-6.3857753615806432e-08,1.4708296419317279e-07,-0x1.124457b638c83p-24,0x1.3bdbb6f5dd05bp-23,0,0.0099999999989999998,0x0p+0,0x1.47ae147a548aep-7,36,36,3,100
flowstar_vdp_stock_reach_v1,stepwise,737,7.3700000000000001,0x1.d7ae147ae147bp+2,0.01,0x1.47ae147ae147bp-7,2,1.9941552386875452,2.0149673907471168,0x1.fe80f52d4f617p+0,0x1.01ea7392e1f6p+1,-0.17263285704258668,-0.059545990837082265,-0x1.618d55d9b420cp-3,-0x1.e7ccfe681a155p-5,1.9941543882544088,2.0161639028589975,0x1.fe80e6e8ba423p+0,0x1.0211a8a513dadp+1,-0.17288799490078419,-0.04285413566966751,-0x1.621319dfc251fp-3,-0x1.5f0fa2e662de9p-5,-2.0131960471485151,2.0616309700712008,-0x1.01b06877783c8p+1,0x1.07e3860c70333p+1,-2.7032997893301021,2.7092992690462294,-0x1.5a05ba3d3a6dep+1,0x1.5aca5185d0ac6p+1,33,16,3,3,-6.43705229372678e-10,1.4250056180239552e-09,-0x1.61e1750c92b9dp-31,0x1.87b3db14d2515p-30,-6.4363113508092679e-08,1.4249312828209349e-07,-0x1.146ffde02ee76p-24,0x1.32006cfb79058p-23,0,0.0099999999989999998,0x0p+0,0x1.47ae147a548aep-7,37,37,3,100
flowstar_vdp_stock_reach_v1,stepwise,738,7.3799999999999999,0x1.d851eb851eb85p+2,0.01,0x1.47ae147ae147bp-7,2,1.9924835666226761,2.0141534968597741,0x1.fe13672c763a9p+0,0x1.01cfc8231181ap+1,-0.18724413466243739,-0.077522125587895077,-0x1.7f79da55f1a4p-3,-0x1.3d87d721dcd51p-4,1.9924827426498144,2.0155118645357373,0x1.fe135959867c8p+0,0x1.01fc4af370c3cp+1,-0.18749133550406707,-0.061332609145495862,-0x1.7ffb75122fc89p-3,-0x1.f66fcdceaa06ep-5,-2.0131960471485151,2.0616309700712008,-0x1.01b06877783c8p+1,0x1.07e3860c70333p+1,-2.7032997893301021,2.7092992690462294,-0x1.5a05ba3d3a6dep+1,0x1.5aca5185d0ac6p+1,33,15,3,3,-6.4830911493738439e-10,1.3813885394998552e-09,-0x1.64696581f3982p-31,0x1.7bb693a5a0978p-30,-6.4823336356131057e-08,1.3813125575176697e-07,-0x1.166a0317558aap-24,0x1.28a275ff747bap-23,0,0.0099999999989999998,0x0p+0,0x1.47ae147a548aep-7,38,38,3,100
flowstar_vdp_stock_reach_v1,stepwise,739,7.3900000000000006,0x1.d8f5c28f5c29p+2,0.01,0x1.47ae147ae147bp-7,2,1.9906541771266177,2.0131763699052185,0x1.fd9b831c6794dp+0,0x1.01afc366e9553p+1,-0.20141529332526481,-0.094959189843960914,-0x1.9c7f9f0df856ep-3,-0x1.84f3ed6d59fa9p-4,1.9906533792551504,2.0146917279706864,0x1.fd9b75b992a02p+0,0x1.01e16b2593f22p+1,-0.20165466468192292,-0.07925624562294882,-0x1.9cfd1eef285b3p-3,-0x1.44a2326f44d8dp-4,-2.0131960471485151,2.0616309700712008,-0x1.01b06877783c8p+1,0x1.07e3860c70333p+1,-2.7032997893301021,2.7092992690462294,-0x1.5a05ba3d3a6dep+1,0x1.5aca5185d0ac6p+1,33,16,3,3,-6.5311192314138071e-10,1.3405963495998387e-09,-0x1.670d54e8d6b23p-31,0x1.708014e1cdeb4p-30,-6.5303462261675193e-08,1.3405188287950304e-07,-0x1.1879ea84ec45bp-24,0x1.1fdfcd4e468a3p-23,0,0.0099999999989999998,0x0p+0,0x1.47ae147a548aep-7,39,39,3,100
flowstar_vdp_stock_reach_v1,stepwise,740,7.4000000000000004,0x1.d99999999999ap+2,0.01,0x1.47ae147ae147bp-7,2,1.9886812894774479,2.0120314264101959,0x1.fd1a378c7906p+0,0x1.018a3eeb7a5efp+1,-0.21516144531450324,-0.11187319358649454,-0x1.b8a69057e3171p-3,-0x1.ca3b8bbc0c943p-4,1.988680517311129,2.013699065147621,0x1.fd1a2a980b2d6p+0,0x1.01c0e41665bc3p+1,-0.21539310593673913,-0.096641281365478282,-0x1.b920054e41dc1p-3,-0x1.8bd7ba6e883f4p-4,-2.0131960471485151,2.0616309700712008,-0x1.01b06877783c8p+1,0x1.07e3860c70333p+1,-2.7032997893301021,2.7092992690462294,-0x1.5a05ba3d3a6dep+1,0x1.5aca5185d0ac6p+1,33,16,3,3,-6.5728886057476717e-10,1.3017647239212784e-09,-0x1.69592ef0c2ee1p-31,0x1.65d38c8096f9cp-30,-6.5721012377206152e-08,1.3016857770957819e-07,-0x1.1a45046da36b7p-24,0x1.1788eeb08bae7p-23,0,0.0099999999989999998,0x0p+0,0x1.47ae147a548aep-7,40,40,3,100
flowstar_vdp_stock_reach_v1,stepwise,741,7.4100000000000001,0x1.da3d70a3d70a4p+2,0.01,0x1.47ae147ae147bp-7,2,1.9865697962763271,2.0107231007083088,0x1.fc8fd6923a6bdp+0,0x1.015f5fe36d4cap+1,-0.22849736167228124,-0.12828000635738143,-0x1.d3f66cbcd67dap-3,-0x1.06b7ab0048f5fp-3,1.9865690493864772,2.0125384633774637,0x1.fc8fca0a5c58bp+0,0x1.019adc4112fb8p+1,-0.22872144004953709,-0.11350383315505722,-0x1.d46be80741194p-3,-0x1.d0e96535f21eap-4,-2.0131960471485151,2.0616309700712008,-0x1.01b06877783c8p+1,0x1.07e3860c70333p+1,-2.7032997893301021,2.7092992690462294,-0x1.5a05ba3d3a6dep+1,0x1.5aca5185d0ac6p+1,33,16,3,3,-6.6075545570377728e-10,1.2647269477023215e-09,-0x1.6b41103156636p-31,0x1.5ba53f3dd8de5p-30,-6.6067539599541264e-08,1.2646466880782292e-07,-0x1.1bc2072b8c68bp-24,0x1.0f94afda8c2cap-23,0,0.0099999999989999998,0x0p+0,0x1.47ae147a548aep-7,41,41,3,100
flowstar_vdp_stock_reach_v1,stepwise,742,7.4199999999999999,0x1.dae147ae147aep+2,0.01,0x1.47ae147ae147bp-7,2,1.9843237543141565,2.0092563591133255,0x1.fbfca43d748abp+0,0x1.012f4ff7d5fc6p+1,-0.24143747818548472,-0.14419531368941657,-0x1.ee76c5c6aed6ap-3,-0x1.274fdf6442922p-3,1.9843230322442384,2.0112150392910761,0x1.fbfc982030455p+0,0x1.016f7e917d406p+1,-0.24165411117315383,-0.12985985186941396,-0x1.eee859c3760ep-3,-0x1.09f3f646bd844p-3,-2.0131960471485151,2.0616309700712008,-0x1.01b06877783c8p+1,0x1.07e3860c70333p+1,-2.7032997893301021,2.7092992690462294,-0x1.5a05ba3d3a6dep+1,0x1.5aca5185d0ac6p+1,33,16,3,3,-6.6348156494569684e-10,1.229362662282247e-09,-0x1.6cc0baa116babp-31,0x1.51ecb4e93945p-30,-6.6340029540128886e-08,1.2292812027085614e-07,-0x1.1ceda2451116dp-24,0x1.07fc72e52955dp-23,0,0.0099999999989999998,0x0p+0,0x1.47ae147a548aep-7,42,42,3,100
flowstar_vdp_stock_reach_v1,stepwise,743,7.4299999999999997,0x1.db851eb851eb8p+2,0.01,0x1.47ae147ae147bp-7,2,1.9819470823870966,2.0076360074596158,0x1.fb60e24d4154ap+0,0x1.00fa377927d0ep+1,-0.25399588459384043,-0.15963459563086443,-0x1.04177f4698b6dp-2,-0x1.46ee80bc5ba47p-3,1.9819463846569467,2.0097337462255869,0x1.fb60d69886eafp+0,0x1.013ef494da6d4p+1,-0.25420521614354008,-0.145725098363924,-0x1.044e5f473c88ep-2,-0x1.2a71eb9d6f7c8p-3,-2.0131960471485151,2.0616309700712008,-0x1.01b06877783c8p+1,0x1.07e3860c70333p+1,-2.7032997893301021,2.7092992690462294,-0x1.5a05ba3d3a6dep+1,0x1.5aca5185d0ac6p+1,33,16,3,3,-6.6545243736360615e-10,1.1955631161107994e-09,-0x1.6dd61acaa2e72p-31,0x1.48a2466ab7351p-30,-6.6537007028734581e-08,1.1954805686140103e-07,-0x1.1dc63680f9ae3p-24,0x1.00ba3d42abc56p-23,0,0.0099999999989999998,0x0p+0,0x1.47ae147a548aep-7,43,43,3,100
flowstar_vdp_stock_reach_v1,stepwise,744,7.4400000000000004,0x1.dc28f5c28f5c3p+2,0.01,0x1.47ae147ae147bp-7,2,1.9794435642502408,2.0058666938040397,0x1.fabcd03cbb827p+0,0x1.00c03d6503125p+1,-0.26618631985468771,-0.17461310419991652,-0x1.10932589ac85dp-2,-0x1.659b8e1feef6dp-3,1.9794428903599699,2.0080993767965554,0x1.fabcc4ee65522p+0,0x1.0109667f3ac6ap+1,-0.26638849984353713,-0.16111511848561527,-0x1.10c8259b6f18dp-2,-0x1.49f6b9264b892p-3,-2.0131960471485151,2.0616309700712008,-0x1.01b06877783c8p+1,0x1.07e3860c70333p+1,-2.7032997893301021,2.7092992690462294,-0x1.5a05ba3d3a6dep+1,0x1.5aca5185d0ac6p+1,33,16,3,3,-6.6666634885253734e-10,1.1632300397425978e-09,-0x1.6e80f28feb27p-31,0x1.3fbf097e7ee47p-30,-6.6658299536469746e-08,1.1631465151181608e-07,-0x1.1e4b934f41edfp-24,0x1.f3914fd34d2f6p-24,0,0.0099999999989999998,0x0p+0,0x1.47ae147a548aep-7,44,44,3,100
flowstar_vdp_stock_reach_v1,stepwise,745,7.4500000000000002,0x1.dcccccccccccdp+2,0.01,0x1.47ae147ae147bp-7,2,1.976816851564255,2.0039529113844208,0x1.fa10ab4fa671p+0,0x1.0081876c8f5e9p+1,-0.27802216929343587,-0.18914584353351896,-0x1.1cb1d7f2b68fbp-2,-0x1.835ee56134d51p-3,1.9768162009978345,2.0063165657491551,0x1.fa10a0657d18fp+0,0x1.00cefb31a8676p+1,-0.27821735244790674,-0.17604522097512421,-0x1.1ce50277c61bbp-2,-0x1.688a6595a45bp-3,-2.0131960471485151,2.0616309700712008,-0x1.01b06877783c8p+1,0x1.07e3860c70333p+1,-2.7032997893301021,2.7092992690462294,-0x1.5a05ba3d3a6dep+1,0x1.5aca5185d0ac6p+1,33,16,3,3,-6.6713247990150402e-10,1.1322746107678835e-09,-0x1.6ec28cb40048fp-31,0x1.373cbe0f7fa1bp-30,-6.6704824956144712e-08,1.1321902182139129e-07,-0x1.1e7ebb0d0f987p-24,0x1.e645a187c6f13p-24,0,0.0099999999989999998,0x0p+0,0x1.47ae147a548aep-7,45,45,3,100
flowstar_vdp_stock_reach_v1,stepwise,746,7.46,0x1.dd70a3d70a3d7p+2,0.01,0x1.47ae147ae147bp-7,2,1.974070467235213,2.0018990013904689,0x1.f95caea0c6516p+0,0x1.003e39fa6efdep+1,-0.2895164679390364,-0.20324754805983872,-0x1.28770145ce6eap-2,-0x1.a040401f46085p-3,1.9740698394637608,2.0043897926424354,0x1.f95ca418844e8p+0,0x1.008fd83feaf11p+1,-0.28970481284879557,-0.19053045357685422,-0x1.28a860e2b7aecp-2,-0x1.8634d498097e2p-3,-2.0131960471485151,2.0616309700712008,-0x1.01b06877783c8p+1,0x1.07e3860c70333p+1,-2.7032997893301021,2.7092992690462294,-0x1.5a05ba3d3a6dep+1,0x1.5aca5185d0ac6p+1,33,16,3,3,-6.6686900649689313e-10,1.1026164950029163e-09,-0x1.6e9d7812c4c1p-31,0x1.2f15bcf1b13e9p-30,-6.6678400696656321e-08,1.102531341792723e-07,-0x1.1e61ad487f79dp-24,0x1.d9889a6019653p-24,0,0.0099999999989999998,0x0p+0,0x1.47ae147a548aep-7,46,46,3,100
flowstar_vdp_stock_reach_v1,stepwise,747,7.4699999999999998,0x1.de147ae147ae1p+2,0.01,0x1.47ae147ae147bp-7,2,1.9712078081440614,1.9997091565104284,0x1.f8a1132d993cfp+0,0x1.ffecf074b95a6p+0,-0.30068190316219889,-0.21693266522271212,-0x1.33e5f4f2529eap-2,-0x1.bc473174867b7p-3,1.971207202628843,2.0023233853281259,0x1.f8a10904ee36fp+0,0x1.004c21f8000a1p+1,-0.3008635713792765,-0.20458558387643433,-0x1.3415947e86ea9p-2,-0x1.a2fdc43fdbda8p-3,-2.0131960471485151,2.0616309700712008,-0x1.01b06877783c8p+1,0x1.07e3860c70333p+1,-2.7032997893301021,2.7092992690462294,-0x1.5a05ba3d3a6dep+1,0x1.5aca5185d0ac6p+1,33,16,3,3,-6.6591344295379615e-10,1.0741952491570657e-09,-0x1.6e16fc44b4aadp-31,0x1.2745c54b9948ap-30,-6.6582777907729799e-08,1.0741094397257091e-07,-0x1.1df889dc6488bp-24,0x1.cd5394f401923p-24,0,0.0099999999989999998,0x0p+0,0x1.47ae147a548aep-7,47,47,3,100
flowstar_vdp_stock_reach_v1,stepwise,748,7.4800000000000004,0x1.deb851eb851ecp+2,0.01,0x1.47ae147ae147bp-7,2,1.9682321312808364,1.9973874413680712,0x1.f7de0f9ac99e4p+0,0x1.ff54c88a1df2ap+0,-0.31153424666804097,-0.23021187901196619,-0x1.3f02d56417ca6p-2,-0x1.d779535c0e8c5p-3,1.9682315474759979,2.000121540336981,0x1.f7de05cf5d68fp+0,0x1.0003fb8de2e09p+1,-0.31170940188662816,-0.21822162111000587,-0x1.3f30bfdbd5ccbp-2,-0x1.beeafa2f94a4p-3,-2.0131960471485151,2.0616309700712008,-0x1.01b06877783c8p+1,0x1.07e3860c70333p+1,-2.7032997893301021,2.7092992690462294,-0x1.5a05ba3d3a6dep+1,0x1.5aca5185d0ac6p+1,33,16,3,3,-6.6431757225683395e-10,1.0469657487147824e-09,-0x1.6d3662f78b80dp-31,0x1.1fc9aa391ecd9p-30,-6.6423134551443669e-08,1.0468793841206394e-07,-0x1.1d4902403c0e4p-24,0x1.c1a19b06c39c7p-24,0,0.0099999999989999998,0x0p+0,0x1.47ae147a548aep-7,48,48,3,100
flowstar_vdp_stock_reach_v1,stepwise,749,7.4900000000000002,0x1.df5c28f5c28f6p+2,0.01,0x1.47ae147ae147bp-7,2,1.9651465962026515,1.9949377559685981,0x1.f713d8ea893e4p+0,0x1.feb43da370d58p+0,-0.32208452534628235,-0.24310006450238481,-0x1.49d0869ba3ce1p-2,-0x1.f1de72558bbdep-3,1.9651460335576993,1.9977882862896617,0x1.f713cf79fe937p+0,0x1.ff6f0d99f22bep+0,-0.3222533326584785,-0.23145376913873303,-0x1.49fcc7132e421p-2,-0x1.da046f07e4f37p-3,-2.0131960471485151,2.0616309700712008,-0x1.01b06877783c8p+1,0x1.07e3860c70333p+1,-2.7032997893301021,2.7092992690462294,-0x1.5a05ba3d3a6dep+1,0x1.5aca5185d0ac6p+1,33,16,3,3,-6.6209057800085246e-10,1.0208413335313516e-09,-0x1.6bfcf70aff821p-31,0x1.189b5298e11a1p-30,-6.6200388817508822e-08,1.0207545131312296e-07,-0x1.1c5418e690a62p-24,0x1.b6692547f5943p-24,0,0.0099999999989999998,0x0p+0,0x1.47ae147a548aep-7,49,49,3,100
flowstar_vdp_stock_reach_v1,stepwise,750,7.5,0x1.ep+2,0.01,0x1.47ae147ae147bp-7,2,1.9619542539744554,1.9923638539469304,0x1.f642a24d11805p+0,0x1.fe0b8eba6f411p+0,-0.33234172057379141,-0.25561338380146548,-0x1.54516353d7dd2p-2,-0x1.05bf83cf6385ep-2,1.9619537119364978,1.9953275021241508,0x1.f64299350876dp+0,0x1.fecdc87e6ebecp+0,-0.33250434579667654,-0.24429852097937951,-0x1.547c04ebe5fdcp-2,-0x1.f452c8708a747p-3,-2.0131960471485151,2.0616309700712008,-0x1.01b06877783c8p+1,0x1.07e3860c70333p+1,-2.7032997893301021,2.7092992690462294,-0x1.5a05ba3d3a6dep+1,0x1.5aca5185d0ac6p+1,33,16,3,3,-6.5927206388247241e-10,9.957684186506742e-10,-0x1.6a704b5eb1711p-31,0x1.11b6f91de2036p-30,-6.5918500717504744e-08,9.9568123822094886e-08,-0x1.1b1e28744a731p-24,0x1.aba44f557d9b9p-24,0,0.0099999999989999998,0x0p+0,0x1.47ae147a548aep-7,50,50,3,100
flowstar_vdp_stock_reach_v1,stepwise,751,7.5099999999999998,0x1.e0a3d70a3d70ap+2,0.01,0x1.47ae147ae147bp-7,2,1.9586580301729828,1.9896693662878486,0x1.f56a9cd7a407bp+0,0x1.fd5af8ba0f31ep+0,-0.34231707663158945,-0.26776510829869699,-0x1.5e885e23fae1fp-2,-0x1.1231043c9c781p-2,1.958657508188749,1.9927429408077812,0x1.f56a9415bc4bap+0,0x1.fe2466c01ab26p+0,-0.34247368570108661,-0.25676947977451881,-0x1.5eb16bff4e978p-2,-0x1.06ee9418f84fcp-2,-2.0131960471485151,2.0616309700712008,-0x1.01b06877783c8p+1,0x1.07e3860c70333p+1,-2.7032997893301021,2.7092992690462294,-0x1.5a05ba3d3a6dep+1,0x1.5aca5185d0ac6p+1,33,16,3,3,-6.5590801531048701e-10,9.7170140805327752e-10,-0x1.6896d8bf29e5ap-31,0x1.0b1968659b027p-30,-6.5582068603831769e-08,9.7161396148975823e-08,-0x1.19ac3f3b9f58dp-24,0x1.a14e15b7dc774p-24,0,0.0099999999989999998,0x0p+0,0x1.47ae147a548aep-7,51,51,3,100
flowstar_vdp_stock_reach_v1,stepwise,752,7.5200000000000005,0x1.e147ae147ae15p+2,0.01,0x1.47ae147ae147bp-7,2,1.9552607397790558,1.9868577923813353,0x1.f48bf7c480f9cp+0,0x1.fca2b65814a1cp+0,-0.35202152998088476,-0.27956815604918084,-0x1.687854fb05ec2p-2,-0x1.1e471d5cefe0ep-2,1.9552602372967078,1.9900382203959504,0x1.f48bef565bca9p+0,0x1.fd73251264017p+0,-0.35217228840799208,-0.26887989502625348,-0x1.689fda351448p-2,-0x1.1355404ec2395p-2,-2.0131960471485151,2.0616309700712008,-0x1.01b06877783c8p+1,0x1.07e3860c70333p+1,-2.7032997893301021,2.7092992690462294,-0x1.5a05ba3d3a6dep+1,0x1.5aca5185d0ac6p+1,33,16,3,3,-6.5203796009792802e-10,9.4859137872938986e-10,-0x1.66762f5022934p-31,0x1.04bf2f1e7cb1bp-30,-6.5195044943294387e-08,9.4850375679096796e-08,-0x1.1802b5c1cef19p-24,0x1.976117490780ep-24,0,0.0099999999989999998,0x0p+0,0x1.47ae147a548aep-7,52,52,3,100
flowstar_vdp_stock_reach_v1,stepwise,753,7.5300000000000002,0x1.e1eb851eb851fp+2,0.01,0x1.47ae147ae147bp-7,2,1.9517650912549946,1.9839325029858228,0x1.f3a6e0846a27p+0,0x1.fbe30021cba7fp+0,-0.361465682556254,-0.29103512067913584,-0x1.72240f54d25bep-2,-0x1.2a051c55379aep-2,1.9517646077257449,1.987216827009008,0x1.f3a6d867ac1ebp+0,0x1.fcba3df210884p+0,-0.36161075494136291,-0.2806426904722662,-0x1.724a16f96b8b7p-2,-0x1.1f60cc25c263ep-2,-2.0131960471485151,2.0616309700712008,-0x1.01b06877783c8p+1,0x1.07e3860c70333p+1,-2.7032997893301021,2.7092992690462294,-0x1.5a05ba3d3a6dep+1,0x1.5aca5185d0ac6p+1,33,16,3,3,-6.47703991964399e-10,9.2639502407780538e-10,-0x1.64143ba7a4c62p-31,0x1.fd4a8248291f8p-31,-6.4761638782464914e-08,9.2630731428127954e-08,-0x1.16262cc49e274p-24,0x1.8dd890f8af335p-24,0,0.0099999999989999998,0x0p+0,0x1.47ae147a548aep-7,53,53,3,100
flowstar_vdp_stock_reach_v1,stepwise,754,7.54,0x1.e28f5c28f5c29p+2,0.01,0x1.47ae147ae147bp-7,2,1.9481736889359669,1.9808967443099454,0x1.f2bb82c8e85c1p+0,0x1.fb1c0c8d90683p+0,-0.3706598055725554,-0.30217827148388499,-0x1.7b8e3e7b80dd4p-2,-0x1.356e388657234p-2,1.9481732238155158,1.9842821189368058,0x1.f2bb7afb3b03fp+0,0x1.fbf9e9b6df049p+0,-0.37079935517372536,-0.29207046326640168,-0x1.7bb2d37f656a7p-2,-0x1.2b1484ff6d53bp-2,-2.0131960471485151,2.0616309700712008,-0x1.01b06877783c8p+1,0x1.07e3860c70333p+1,-2.7032997893301021,2.7092992690462294,-0x1.5a05ba3d3a6dep+1,0x1.5aca5185d0ac6p+1,33,16,3,3,-6.4295020652913954e-10,9.0507425004686761e-10,-0x1.6177327bfda99p-31,0x1.f191e07128daap-31,-6.4286259349522809e-08,9.0498653658554306e-08,-0x1.141b7d5a6cc3ep-24,0x1.84b0526e4ea14p-24,0,0.0099999999989999998,0x0p+0,0x1.47ae147a548aep-7,54,54,3,100
flowstar_vdp_stock_reach_v1,stepwise,755,7.5499999999999998,0x1.e333333333333p+2,0.01,0x1.47ae147ae147bp-7,2,1.9444890364467358,1.9777536411273373,0x1.f1ca0892f822ep+0,0x1.fa4e10082fd46p+0,-0.37961384641914914,-0.31300955214720672,-0x1.84b97dfdea823p-2,-0x1.408593773b3f8p-2,1.9444885891965438,1.9812373297844053,0x1.f1ca01120b598p+0,0x1.fb325ea109d3cp+0,-0.37974803477037533,-0.30317548188455951,-0x1.84dcab383c732p-2,-0x1.3673a22e92a93p-2,-2.0131960471485151,2.0616309700712008,-0x1.01b06877783c8p+1,0x1.07e3860c70333p+1,-2.7032997893301021,2.7092992690462294,-0x1.5a05ba3d3a6dep+1,0x1.5aca5185d0ac6p+1,33,16,3,3,-6.3782026736066306e-10,8.8459384010857023e-10,-0x1.5ea538f28379cp-31,0x1.e64f83e8d4d4cp-31,-6.3773272661455181e-08,8.8450620379299938e-08,-0x1.11e7746fe8c3p-24,0x1.7be47c4fb1c8dp-24,0,0.0099999999989999998,0x0p+0,0x1.47ae147a548aep-7,55,55,3,100
flowstar_vdp_stock_reach_v1,stepwise,756,7.5600000000000005,0x1.e3d70a3d70a3ep+2,0.01,0x1.47ae147ae147bp-7,2,1.9407135397991042,1.974506200133376,0x1.f0d29a40576fap+0,0x1.f9793d035273ep+0,-0.38833743644686192,-0.32354058025286536,-0x1.8da8543568314p-2,-0x1.4b4e38cc75adap-2,1.9407131098875088,1.9780855718668862,0x1.f0d29309e2a35p+0,0x1.fa63d0e7db947p+0,-0.38846642302254769,-0.31396968491896515,-0x1.8dca2459e75ddp-2,-0x1.418144e2a646ep-2,-2.0131960471485151,2.0616309700712008,-0x1.01b06877783c8p+1,0x1.07e3860c70333p+1,-2.7032997893301021,2.7092992690462294,-0x1.5a05ba3d3a6dep+1,0x1.5aca5185d0ac6p+1,33,16,3,3,-6.3250014743551375e-10,8.6506431138506842e-10,-0x1.5bb87b6d29ca2p-31,0x1.db92fa7bb5c75p-31,-6.3241275672623221e-08,8.6497682961029946e-08,-0x1.0f9e8498dbcb6p-24,0x1.7381354c06fcap-24,0,0.0099999999989999998,0x0p+0,0x1.47ae147a548aep-7,56,56,3,100
flowstar_vdp_stock_reach_v1,stepwise,757,7.5700000000000003,0x1.e47ae147ae148p+2,0.01,0x1.47ae147ae147bp-7,2,1.936849510258509,1.9711573134599547,0x1.efd55e97d57b5p+0,0x1.f89dc40494ecp+0,-0.39683989775096568,-0.33378264887983933,-0x1.965d32ba5a80bp-2,-0x1.55cb1e63a5076p-2,1.9368490971617001,1.9748298397684501,0x1.efd557a998bcap+0,0x1.f98e72c8f86dp+0,-0.39696383967299365,-0.32446468204494161,-0x1.967db0545c41ep-2,-0x1.4c4078385c396p-2,-2.0131960471485151,2.0616309700712008,-0x1.01b06877783c8p+1,0x1.07e3860c70333p+1,-2.7032997893301021,2.7092992690462294,-0x1.5a05ba3d3a6dep+1,0x1.5aca5185d0ac6p+1,33,16,3,3,-6.2689350911522013e-10,8.4631732939806028e-10,-0x1.58a36afe0f204p-31,0x1.d144934646931p-31,-6.2680634272227905e-08,8.4623007610843291e-08,-0x1.0d3616126d937p-24,0x1.6b73fb18b0cd4p-24,0,0.0099999999989999998,0x0p+0,0x1.47ae147a548aep-7,57,57,3,100
flowstar_vdp_stock_reach_v1,stepwise,758,7.5800000000000001,0x1.e51eb851eb852p+2,0.01,0x1.47ae147ae147bp-7,2,1.9328991672358611,1.9677097620740194,0x1.eed27ad5be606p+0,0x1.f7bbd3b420bb1p+0,-0.40513024993938057,-0.34374672941648815,-0x1.9eda76d870959p-2,-0x1.5fff2483cd98bp-2,1.9328987704387264,1.9714730137907375,0x1.eed2742d83502p+0,0x1.f8b274972d82ap+0,-0.40524930172335943,-0.33467175628839435,-0x1.9ef9ac4683c0dp-2,-0x1.56b431609d389p-2,-2.0131960471485151,2.0616309700712008,-0x1.01b06877783c8p+1,0x1.07e3860c70333p+1,-2.7032997893301021,2.7092992690462294,-0x1.5a05ba3d3a6dep+1,0x1.5aca5185d0ac6p+1,33,16,3,3,-6.2104194261441839e-10,8.2832596276002053e-10,-0x1.556be217394aap-31,0x1.c76083fa52535p-31,-6.2095507134886159e-08,8.2823900845043421e-08,-0x1.0ab2bb6cb4735p-24,0x1.63b9d78fbacffp-24,0,0.0099999999989999998,0x0p+0,0x1.47ae147a548aep-7,58,58,3,100
flowstar_vdp_stock_reach_v1,stepwise,759,7.5899999999999999,0x1.e5c28f5c28f5cp+2,0.01,0x1.47ae147ae147bp-7,2,1.9288646411420394,1.9641662191125977,0x1.edca12b81da76p+0,0x1.f6d398eaff1fbp+0,-0.41321721749342505,-0.35344347476435267,-0x1.a7226a0d1d0f9p-2,-0x1.69ed161463d6p-2,1.9288642601388892,1.9680178633423395,0x1.edca0c53b8429p+0,0x1.f7d004c8ffc8p+0,-0.41333153083087704,-0.34460186675804622,-0x1.a740617d4c03ap-2,-0x1.60df4fcf77269p-2,-2.0131960471485151,2.0616309700712008,-0x1.01b06877783c8p+1,0x1.07e3860c70333p+1,-2.7032997893301021,2.7092992690462294,-0x1.5a05ba3d3a6dep+1,0x1.5aca5185d0ac6p+1,33,16,3,3,-6.1496987850467674e-10,8.1104956120137294e-10,-0x1.521550ece873ap-31,0x1.bde1140349bf9p-31,-6.148833696955559e-08,8.1096297290412385e-08,-0x1.081724376b67dp-24,0x1.5c4e526421b3ep-24,0,0.0099999999989999998,0x0p+0,0x1.47ae147a548aep-7,59,59,3,100
flowstar_vdp_stock_reach_v1,stepwise,760,7.6000000000000005,0x1.e666666666667p+2,0.01,0x1.47ae147ae147bp-7,2,1.924747976174159,1.9605292531761027,0x1.ecbc488ab5cfbp+0,0x1.f5e53ec13e1f5p+0,-0.42110923754961788,-0.36288322296208708,-0x1.af37428d46c33p-2,-0x1.7397a8db8e95p-2,1.9247476104693422,1.9644670502905919,0x1.ecbc4268051cep+0,0x1.f6e7500711537p+0,-0.42121896112305518,-0.35426565186663295,-0x1.af5405f9ea1abp-2,-0x1.6ac49d7374078p-2,-2.0131960471485151,2.0616309700712008,-0x1.01b06877783c8p+1,0x1.07e3860c70333p+1,-2.7032997893301021,2.7092992690462294,-0x1.5a05ba3d3a6dep+1,0x1.5aca5185d0ac6p+1,33,16,3,3,-6.0871377182861158e-10,7.944629006427196e-10,-0x1.4ea4d8ed884c5p-31,0x1.b4c2b6961b49cp-31,-6.0862768938041382e-08,7.943767419853078e-08,-0x1.05675278295e6p-24,0x1.552ea57eb7049p-24,0,0.0099999999989999998,0x0p+0,0x1.47ae147a548aep-7,60,60,3,100
flowstar_vdp_stock_reach_v1,stepwise,761,7.6100000000000003,0x1.e70a3d70a3d71p+2,0.01,0x1.47ae147ae147bp-7,2,1.9205511330438212,1.9568013315619326,0x1.eba93d32b80d9p+0,0x1.f4f0ee9bd3e7ap+0,-0.42881446728610018,-0.37207600191725698,-0x1.b71b23c42e8dap-2,-0x1.7d017dcf71b7ap-2,1.9205507821522401,1.9608231322570542,0x1.eba9374fa6adfp+0,0x1.f5f8813a48c9ep+0,-0.42891974661412224,-0.36367343372287581,-0x1.b736bcf143da2p-2,-0x1.7466cf010e1b1p-2,-2.0131960471485151,2.0616309700712008,-0x1.01b06877783c8p+1,0x1.07e3860c70333p+1,-2.7032997893301021,2.7092992690462294,-0x1.5a05ba3d3a6dep+1,0x1.5aca5185d0ac6p+1,33,16,3,3,-6.0230936230805074e-10,7.7854337201078136e-10,-0x1.4b1f81c1d9107p-31,0x1.ac023d1ee2038p-31,-6.0222376673331513e-08,7.7845770324817555e-08,-0x1.02a73412537b8p-24,0x1.4e585463a2aeep-24,0,0.0099999999989999998,0x0p+0,0x1.47ae147a548aep-7,61,61,3,100
flowstar_vdp_stock_reach_v1,stepwise,762,7.6200000000000001,0x1.e7ae147ae147bp+2,0.01,0x1.47ae147ae147bp-7,2,1.9162759916358612,1.9529848234433371,0x1.ea91103a2f9d4p+0,0x1.f3f6d03a4601fp+0,-0.43634079160177042,-0.38103153444060722,-0x1.bed01ed75c862p-2,-0x1.862d216cab1dcp-2,1.9162756550833973,1.9570885658610646,0x1.ea910a94b4445p+0,0x1.f503c199bfb25p+0,-0.4364417689114925,-0.37283522288327492,-0x1.beea9750553f7p-2,-0x1.7dc8844452783p-2,-2.0131960471485151,2.0616309700712008,-0x1.01b06877783c8p+1,0x1.07e3860c70333p+1,-2.7032997893301021,2.7092992690462294,-0x1.5a05ba3d3a6dep+1,0x1.5aca5185d0ac6p+1,33,16,3,3,-5.9579052487112726e-10,7.632697522725312e-10,-0x1.478a0fe2eb5cdp-31,0x1.a39caaf9b0026p-31,-5.9570547332552926e-08,7.631846303216971e-08,-0x1.ffb504d89ccf6p-25,0x1.47c9099ac54c5p-24,0,0.0099999999989999998,0x0p+0,0x1.47ae147a548aep-7,62,62,3,100
flowstar_vdp_stock_reach_v1,stepwise,763,7.6299999999999999,0x1.e851eb851eb85p+2,0.01,0x1.47ae147ae147bp-7,2,1.9119243536039028,1.949082002981827,0x1.e973dfdb279a9p+0,0x1.f2f709c407748p+0,-0.4436958314873734,-0.3897592430767286,-0x1.c6583336706e5p-2,-0x1.8f1d0c0950246p-2,1.9119240309277576,1.953265709899126,0x1.e973da71456e2p+0,0x1.f40938b86a3b7p+0,-0.44379264561167087,-0.38176072295244878,-0x1.c671944c6e05ep-2,-0x1.86ec486fe98eep-2,-2.0131960471485151,2.0616309700712008,-0x1.01b06877783c8p+1,0x1.07e3860c70333p+1,-2.7032997893301021,2.7092992690462294,-0x1.5a05ba3d3a6dep+1,0x1.5aca5185d0ac6p+1,33,16,3,3,-5.891892004118871e-10,7.4862203991019417e-10,-0x1.43e9021b7eee5p-31,0x1.9b8f2f8514b39p-31,-5.8910474674816301e-08,7.4853751840387299e-08,-0x1.fa0980f9662b2p-25,0x1.417e920e5497p-24,0,0.0099999999989999998,0x0p+0,0x1.47ae147a548aep-7,63,63,3,100
flowstar_vdp_stock_reach_v1,stepwise,764,7.6400000000000006,0x1.e8f5c28f5c29p+2,0.01,0x1.47ae147ae147bp-7,2,1.9074979448962828,1.9450950523751567,0x1.e851c90a84496p+0,0x1.f1f1bfd5900d7p+0,-0.45088695090884962,-0.39826825681388683,-0x1.cdb54f1162fc9p-2,-0x1.97d3a24833c97p-2,1.9074976356452451,1.9493568284616904,0x1.e851c3da4b2ccp+0,0x1.f3090c927a2c9p+0,-0.45097973720607143,-0.39045933710992192,-0x1.cdcda1d9d5c2ep-2,-0x1.8fd4928d3845dp-2,-2.0131960471485151,2.0616309700712008,-0x1.01b06877783c8p+1,0x1.07e3860c70333p+1,-2.7032997893301021,2.7092992690462294,-0x1.5a05ba3d3a6dep+1,0x1.5aca5185d0ac6p+1,33,16,3,3,-5.8257056958692476e-10,7.346165259027166e-10,-0x1.404584cd05c93p-31,0x1.93dc15b2d2909p-31,-5.8248676441929107e-08,7.3453265525268634e-08,-0x1.f45a31b099297p-25,0x1.3b7ab833faddp-24,0,0.0099999999989999998,0x0p+0,0x1.47ae147a548aep-7,64,64,3,100
flowstar_vdp_stock_reach_v1,stepwise,765,7.6500000000000004,0x1.e99999999999ap+2,0.01,0x1.47ae147ae147bp-7,2,1.9029984182272492,1.9410260648225379,0x1.e72ae782a0323p+0,0x1.f0e7158d18ac2p+0,-0.45792126483117679,-0.40656741695705723,-0x1.d4e94fe25f168p-2,-0x1.a053357dcc8dp-2,1.902998121961895,1.9453640939685601,0x1.e72ae28a2cfe8p+0,0x1.f203619a685aep+0,-0.45801015512514393,-0.39894017384287095,-0x1.d5009d35fe575p-2,-0x1.9883c5dedcdcap-2,-2.0131960471485151,2.0616309700712008,-0x1.01b06877783c8p+1,0x1.07e3860c70333p+1,-2.7032997893301021,2.7092992690462294,-0x1.5a05ba3d3a6dep+1,0x1.5aca5185d0ac6p+1,33,16,3,3,-5.760164989340183e-10,7.212891172575134e-10,-0x1.3cab1d8508f6ap-31,0x1.8c886b3299c1ep-31,-5.7593338970791753e-08,7.2120594472419164e-08,-0x1.eeb9177db1324p-25,0x1.35c16ea644821p-24,0,0.0099999999989999998,0x0p+0,0x1.47ae147a548aep-7,65,65,3,100
flowstar_vdp_stock_reach_v1,stepwise,766,7.6600000000000001,0x1.ea3d70a3d70a4p+2,0.01,0x1.47ae147ae147bp-7,2,1.8984273554610378,1.9368770474368207,0x1.e5ff55cd8973ep+0,0x1.efd72c971d3b4p+0,-0.46480564692649606,-0.41466528354121007,-0x1.dbf602f22e838p-2,-0x1.a89e041e625ebp-2,1.898427071753868,1.9412895901522678,0x1.e5ff510b061eep+0,0x1.f0f85ac5c4ec8p+0,-0.4648907694647556,-0.40721205325766291,-0x1.dc0c536c40ec2p-2,-0x1.a0fc324d1d5c5p-2,-2.0131960471485151,2.0616309700712008,-0x1.01b06877783c8p+1,0x1.07e3860c70333p+1,-2.7032997893301021,2.7092992690462294,-0x1.5a05ba3d3a6dep+1,0x1.5aca5185d0ac6p+1,33,16,3,3,-5.6946735235029338e-10,7.0853703894992747e-10,-0x1.391167a591c5ap-31,0x1.8585b928206bcp-31,-5.6938498341120282e-08,7.0845460870974252e-08,-0x1.e91914fd2ff6ap-25,0x1.30476872deddcp-24,0,0.0099999999989999998,0x0p+0,0x1.47ae147a548aep-7,66,66,3,100
flowstar_vdp_stock_reach_v1,stepwise,767,7.6699999999999999,0x1.eae147ae147aep+2,0.01,0x1.47ae147ae147bp-7,2,1.8937862699344408,1.9326499240761503,0x1.e4cf2d4efb74dp+0,0x1.eec2253a86218p+0,-0.47154673814845866,-0.4225701410317021,-0x1.e2dd25eb884cdp-2,-0x1.b0b63a1ffd33ep-2,1.8937859983699663,1.9371353149615926,0x1.e4cf28c09f28bp+0,0x1.efe81999afcb9p+0,-0.47162821757691392,-0.4152835127131313,-0x1.e2f281e974583p-2,-0x1.a94014c6af003p-2,-2.0131960471485151,2.0616309700712008,-0x1.01b06877783c8p+1,0x1.07e3860c70333p+1,-2.7032997893301021,2.7092992690462294,-0x1.5a05ba3d3a6dep+1,0x1.5aca5185d0ac6p+1,33,16,3,3,-5.6300932304068137e-10,6.9640604661342327e-10,-0x1.3584849e9f38ap-31,0x1.7eda7018a17e3p-31,-5.6292773572085964e-08,6.9632439984523787e-08,-0x1.e38d1e42a719dp-25,0x1.2b11ad6c46734p-24,0,0.0099999999989999998,0x0p+0,0x1.47ae147a548aep-7,67,67,3,100
flowstar_vdp_stock_reach_v1,stepwise,768,7.6799999999999997,0x1.eb851eb851eb8p+2,0.01,0x1.47ae147ae147bp-7,2,1.8890766087259461,1.9283465380858245,0x1.e39a864e1dd4bp+0,0x1.eda81e646ef59p+0,-0.47815095268840319,-0.43029000673233142,-0x1.e9a0674164491p-2,-0x1.b89df18ad80cp-2,1.8890763489007225,1.9329031833756296,0x1.e39a81f22cf9fp+0,0x1.eed2be36eec03p+0,-0.47822891004058143,-0.4231628151925288,-0x1.e9b4d6e2810c4p-2,-0x1.b15197d08a72bp-2,-2.0131960471485151,2.0616309700712008,-0x1.01b06877783c8p+1,0x1.07e3860c70333p+1,-2.7032997893301021,2.7092992690462294,-0x1.5a05ba3d3a6dep+1,0x1.5aca5185d0ac6p+1,33,16,3,3,-5.5661758498429472e-10,6.8483344120957662e-10,-0x1.3200f5fc90d7p-31,0x1.787dbd0b8e313p-31,-5.5653681768223563e-08,6.847526161726277e-08,-0x1.de0fbd8f2430dp-25,0x1.261958ab41f4p-24,0,0.0099999999989999998,0x0p+0,0x1.47ae147a548aep-7,68,68,3,100
flowstar_vdp_stock_reach_v1,stepwise,769,7.6900000000000004,0x1.ec28f5c28f5c3p+2,0.01,0x1.47ae147ae147bp-7,2,1.8842997548296525,1.9239686549915258,0x1.e26177fedaab4p+0,0x1.ec8935b3b7bbep+0,-0.48462448686159504,-0.43783263629579988,-0x1.f04166c7a5345p-2,-0x1.c05732d80c359p-2,1.8842995063522723,1.9285950301693096,0x1.e26173d3a6e67p+0,0x1.edb86765ce295p+0,-0.48469903956094723,-0.43085795480555694,-0x1.f054f1ed447bdp-2,-0x1.b932d3e471fc1p-2,-2.0131960471485151,2.0616309700712008,-0x1.01b06877783c8p+1,0x1.07e3860c70333p+1,-2.7032997893301021,2.7092992690462294,-0x1.5a05ba3d3a6dep+1,0x1.5aca5185d0ac6p+1,33,16,3,3,-5.5157472903796575e-10,6.7506639414391428e-10,-0x1.2f3b3df40b65ep-31,0x1.731f2616c471fp-31,-5.514948173629827e-08,6.7498642632200033e-08,-0x1.d9bafe2cb66d3p-25,0x1.21e78adce6f99p-24,0,0.0099999999989999998,0x0p+0,0x1.47ae147a548aep-7,69,69,3,100
flowstar_vdp_stock_reach_v1,stepwise,770,7.7000000000000002,0x1.ecccccccccccdp+2,0.01,0x1.47ae147ae147bp-7,2,1.8794570292767327,1.9195179651010985,0x1.e124188afb1b1p+0,0x1.eb65878431958p+0,-0.49097332618832706,-0.44520553102104132,-0x1.f6c1b62cbfb2bp-2,-0x1.c7e3f56eef4b6p-2,1.8794567917677785,1.9242126125872976,0x1.e124148ee33fbp+0,0x1.ec9932a19cf82p+0,-0.49104458806208273,-0.43837666410184989,-0x1.f6d4647a6af1ap-2,-0x1.c0e5cfee968d1p-2,-2.0131960471485151,2.0616309700712008,-0x1.01b06877783c8p+1,0x1.07e3860c70333p+1,-2.7032997893301021,2.7092992690462294,-0x1.5a05ba3d3a6dep+1,0x1.5aca5185d0ac6p+1,33,16,3,3,-5.4701979554725262e-10,6.6621085555891198e-10,-0x1.2cba312ddb46ap-31,0x1.6e40d7afcfa88p-31,-5.4694077231347582e-08,6.6613177765332923e-08,-0x1.d5d18c3ad4bf4p-25,0x1.1e19f6a8fd9dbp-24,0,0.0099999999989999998,0x0p+0,0x1.47ae147a548aep-7,70,70,3,100
flowstar_vdp_stock_reach_v1,stepwise,771,7.71,0x1.ed70a3d70a3d7p+2,0.01,0x1.47ae147ae147bp-7,2,1.8745496932011949,1.9149960860185344,0x1.dfe27d1b06a5bp+0,0x1.ea3d2ef96ae86p+0,-0.49720325137989074,-0.45241594618246267,-0x1.fd22d96090e4cp-2,-0x1.cf4620342b985p-2,1.874549466293159,1.9197576129297103,0x1.dfe2794c769f9p+0,0x1.eb753c23c7b6cp+0,-0.49727133268310958,-0.44572642243812149,-0x1.fd34b23c72fc9p-2,-0x1.c86c81dd56d91p-2,-2.0131960471485151,2.0616309700712008,-0x1.01b06877783c8p+1,0x1.07e3860c70333p+1,-2.7032997893301021,2.7092992690462294,-0x1.5a05ba3d3a6dep+1,0x1.5aca5185d0ac6p+1,33,16,3,3,-5.4255368315916489e-10,6.5783682939707024e-10,-0x1.2a45a485be28ap-31,0x1.69a64d9912fb1p-31,-5.4247557849954719e-08,6.5775867143951317e-08,-0x1.d1fba42a33bc9p-25,0x1.1a8154ac26ca7p-24,0,0.0099999999989999998,0x0p+0,0x1.47ae147a548aep-7,71,71,3,100
flowstar_vdp_stock_reach_v1,stepwise,772,7.7199999999999998,0x1.ee147ae147ae1p+2,0.01,0x1.47ae147ae147bp-7,2,1.869578949633049,1.9104045652878863,0x1.de9cb9ddf6c73p+0,0x1.e910460a0a62bp+0,-0.50331984749376468,-0.45947089608712011,-0x1.01b32398d3acbp-1,-0x1.d67f89e0a1c98p-2,1.8695787329702231,1.9152316412671884,0x1.de9cb63b677b5p+0,0x1.ea4c9eef81c95p+0,-0.50338485494233787,-0.45291446109239475,-0x1.01bba8e28edfp-1,-0x1.cfc8cef91bf48p-2,-2.0131960471485151,2.0616309700712008,-0x1.01b06877783c8p+1,0x1.07e3860c70333p+1,-2.7032997893301021,2.7092992690462294,-0x1.5a05ba3d3a6dep+1,0x1.5aca5185d0ac6p+1,33,16,3,3,-5.3819013432503082e-10,6.4992925800958265e-10,-0x1.27df871b71d1ap-31,0x1.654d695042654p-31,-5.3811297556804814e-08,6.4985204723809673e-08,-0x1.ce3c4b7401389p-25,0x1.171bfcfc75bcfp-24,0,0.0099999999989999998,0x0p+0,0x1.47ae147a548aep-7,72,72,3,100
flowstar_vdp_stock_reach_v1,stepwise,773,7.7300000000000004,0x1.eeb851eb851ecp+2,0.01,0x1.47ae147ae147bp-7,2,1.8645459458986233,1.9057448822885796,0x1.dd52e21386231p+0,0x1.e7dee587f2e5dp+0,-0.5093285739555321,-0.46637709883955175,-0x1.04c6b7001d5a1p-1,-0x1.dd91f54c7a189p-2,1.8645457391369624,1.9106362374066206,0x1.dd52de9b7d496p+0,0x1.e91f74da36c3fp+0,-0.50939061076699399,-0.45994770810264757,-0x1.04ced89c4474fp-1,-0x1.d6fc8830af215p-2,-2.0131960471485151,2.0616309700712008,-0x1.01b06877783c8p+1,0x1.07e3860c70333p+1,-2.7032997893301021,2.7092992690462294,-0x1.5a05ba3d3a6dep+1,0x1.5aca5185d0ac6p+1,33,16,3,3,-5.3394159352583148e-10,6.4247374434409932e-10,-0x1.2589994b0a328p-31,0x1.6134241fff2bp-31,-5.3386540568218261e-08,6.4239750568899929e-08,-0x1.ca963e86b545p-25,0x1.13e85a4b976f4p-24,0,0.0099999999989999998,0x0p+0,0x1.47ae147a548aep-7,73,73,3,100
flowstar_vdp_stock_reach_v1,stepwise,774,7.7400000000000002,0x1.ef5c28f5c28f6p+2,0.01,0x1.47ae147ae147bp-7,2,1.8594517751252804,1.9010184508863941,0x1.dc050812a6f84p+0,0x1.e6a9252ba64f2p+0,-0.51523458071783002,-0.47314117122398808,-0x1.07ccd3b3e717ap-1,-0x1.e47f1e8331523p-2,1.8594515779322434,1.9059728736116495,0x1.dc0504c3b6eecp+0,0x1.e7edd69739a52p+0,-0.51529374665893601,-0.46683298323741312,-0x1.07d494fb77856p-1,-0x1.de09772ecb93bp-2,-2.0131960471485151,2.0616309700712008,-0x1.01b06877783c8p+1,0x1.07e3860c70333p+1,-2.7032997893301021,2.7092992690462294,-0x1.5a05ba3d3a6dep+1,0x1.5aca5185d0ac6p+1,33,16,3,3,-5.2988469896477755e-10,6.3552194411133482e-10,-0x1.234ea443305e6p-31,0x1.5d61c3201fc3p-31,-5.2980950475726612e-08,6.3544670022407567e-08,-0x1.c71a579a3f37ep-25,0x1.10ec1a83bfadp-24,0,0.0099999999989999998,0x0p+0,0x1.47ae147a548aep-7,74,74,3,100
flowstar_vdp_stock_reach_v1,stepwise,775,7.75,0x1.fp+2,0.01,0x1.47ae147ae147bp-7,2,1.8542974780159081,1.8962266216765609,0x1.dab33d512233ep+0,0x1.e56f1b9de7c7ep+0,-0.52104289793825198,-0.47976945706459762,-0x1.0ac6227cea6c6p-1,-0x1.eb48af3ed936cp-2,1.8542972900702799,1.9012429569142799,0x1.dab33a29e9cc9p+0,0x1.e6b7dbc1b279bp+0,-0.5210992893783748,-0.4735768264569995,-0x1.0acd86abb2aaep-1,-0x1.e4f152d71ae94p-2,-2.0131960471485151,2.0616309700712008,-0x1.01b06877783c8p+1,0x1.07e3860c70333p+1,-2.7032997893301021,2.7092992690462294,-0x1.5a05ba3d3a6dep+1,0x1.5aca5185d0ac6p+1,33,16,3,3,-5.2598685278103849e-10,6.290180252444857e-10,-0x1.212a118db1a22p-31,0x1.59ce6ac0b7b4bp-31,-5.2591267264319219e-08,6.2894379649553164e-08,-0x1.c3c16b74f1e95p-25,0x1.0e211a0c0e089p-24,0,0.0099999999989999998,0x0p+0,0x1.47ae147a548aep-7,75,75,3,100
flowstar_vdp_stock_reach_v1,stepwise,776,7.7599999999999998,0x1.f0a3d70a3d70ap+2,0.01,0x1.47ae147ae147bp-7,2,1.8490840446583541,1.8913706840558551,0x1.d95d926b5cefdp+0,0x1.e430de80a20f5p+0,-0.52675839101674737,-0.4862680827826959,-0x1.0db3469c9efb3p-1,-0x1.f1f042a28faabp-2,1.8490838656500512,1.8964478312543587,0x1.d95d8f6a8739fp+0,0x1.e57d9ae5cebebp+0,-0.52681210098622422,-0.48018555358244208,-0x1.0dba50d1beea7p-1,-0x1.ebb5c30297cd6p-2,-2.0131960471485151,2.0616309700712008,-0x1.01b06877783c8p+1,0x1.07e3860c70333p+1,-2.7032997893301021,2.7092992690462294,-0x1.5a05ba3d3a6dep+1,0x1.5aca5185d0ac6p+1,33,16,3,3,-5.2223635563628536e-10,6.2292868896969019e-10,-0x1.1f1a3ba73464ap-31,0x1.56756b4acc329p-31,-5.221632078068191e-08,6.2285549354238441e-08,-0x1.c088e759efecp-25,0x1.0b83af8dcc0abp-24,0,0.0099999999989999998,0x0p+0,0x1.47ae147a548aep-7,76,76,3,100
flowstar_vdp_stock_reach_v1,stepwise,777,7.7700000000000005,0x1.f147ae147ae15p+2,0.01,0x1.47ae147ae147bp-7,2,1.8438124161652303,1.8864518683305342,0x1.d804172b636e9p+0,0x1.e2ee8277f52eap+0,-0.5323857636998246,-0.49264296828290383,-0x1.1094dde7e4b9ep-1,-0x1.f87765f5848b3p-2,1.8438122457950916,1.8915887796536894,0x1.d804144fa77bcp+0,0x1.e43f298a17d87p+0,-0.53243688195247219,-0.48666526730252474,-0x1.109b91265714dp-1,-0x1.f258613ca75d5p-2,-2.0131960471485151,2.0616309700712008,-0x1.01b06877783c8p+1,0x1.07e3860c70333p+1,-2.7032997893301021,2.7092992690462294,-0x1.5a05ba3d3a6dep+1,0x1.5aca5185d0ac6p+1,33,16,3,3,-5.1967329473006266e-10,6.1827397499892281e-10,-0x1.1db183a6e9d7ep-31,0x1.53e6538c1ebfcp-31,-5.1960119538593581e-08,6.1820182902157182e-08,-0x1.be5582dfbf95p-25,0x1.0984028aea023p-24,0,0.0099999999989999998,0x0p+0,0x1.47ae147a548aep-7,77,77,3,100
flowstar_vdp_stock_reach_v1,stepwise,778,7.7800000000000002,0x1.f1eb851eb851fp+2,0.01,0x1.47ae147ae147bp-7,2,1.8384834863143309,1.881471347692298,0x1.d6a6da8ff4c3fp+0,0x1.e1a81b32b3102p+0,-0.53792956192735741,-0.49889983611504979,-0x1.136b80e80f28ap-1,-0x1.fedf99406026fp-2,1.8384833242938978,1.8866670262568788,0x1.d6a6d7d8156a5p+0,0x1.e2fc9c3837019p+0,-0.53797817500644252,-0.49302186646416762,-0x1.1371e0173a974p-1,-0x1.f8dab962b4b6fp-2,-2.0131960471485151,2.0616309700712008,-0x1.01b06877783c8p+1,0x1.07e3860c70333p+1,-2.7032997893301021,2.7092992690462294,-0x1.5a05ba3d3a6dep+1,0x1.5aca5185d0ac6p+1,33,16,3,3,-5.177165889492592e-10,6.1445418777881754e-10,-0x1.1c9e21e587caap-31,0x1.51ccbd357cca2p-31,-5.1764555068672602e-08,6.1438310380520641e-08,-0x1.bca775dd627fp-25,0x1.07e022fbc698ep-24,0,0.0099999999989999998,0x0p+0,0x1.47ae147a548aep-7,78,78,3,100
flowstar_vdp_stock_reach_v1,stepwise,779,7.79,0x1.f28f5c28f5c29p+2,0.01,0x1.47ae147ae147bp-7,2,1.833098103068503,1.8764302401860384,0x1.d545ead309f29p+0,0x1.e05dbb72d30fdp+0,-0.54339417938668044,-0.50504421866376759,-0x1.1637c30a9ae7dp-1,-0x1.029527e463b6ep-1,1.8330979491197903,1.8816837383626244,0x1.d545e83dd58c4p+0,0x1.e1b60685aeb7dp+0,-0.54344037069370377,-0.49926105339677757,-0x1.163dd0f6e9411p-1,-0x1.ff3e4a2205ce3p-2,-2.0131960471485151,2.0616309700712008,-0x1.01b06877783c8p+1,0x1.07e3860c70333p+1,-2.7032997893301021,2.7092992690462294,-0x1.5a05ba3d3a6dep+1,0x1.5aca5185d0ac6p+1,33,16,3,3,-5.1580317617807228e-10,6.108890118279768e-10,-0x1.1b90d7efae848p-31,0x1.4fd6fc3550e5ep-31,-5.1573321125091488e-08,6.1081900207493755e-08,-0x1.bb02eeb9a39a2p-25,0x1.065842703780fp-24,0,0.0099999999989999998,0x0p+0,0x1.47ae147a548aep-7,79,79,3,100
flowstar_vdp_stock_reach_v1,stepwise,780,7.7999999999999998,0x1.f333333333333p+2,0.01,0x1.47ae147ae147bp-7,2,1.8276570700810879,1.8713296105659478,0x1.d3e155704d2cp+0,0x1.df0f75156acb2p+0,-0.54878386532825407,-0.51108146280074218,-0x1.18fa32e4508c3p-1,-0x1.05ac7830a45ddp-1,1.8276569239363469,1.8766400283419586,0x1.d3e152fc9d547p+0,0x1.e06b7b1c17ddap+0,-0.54882771519396711,-0.505388338704299,-0x1.18fff23fcb00ep-1,-0x1.02c242a5078b6p-1,-2.0131960471485151,2.0616309700712008,-0x1.01b06877783c8p+1,0x1.07e3860c70333p+1,-2.7032997893301021,2.7092992690462294,-0x1.5a05ba3d3a6dep+1,0x1.5aca5185d0ac6p+1,33,16,3,3,-5.139477648120098e-10,6.0757716581459565e-10,-0x1.1a8bb7b25f00dp-31,0x1.4e04e26167e3cp-31,-5.1387888369270201e-08,6.0750824072255242e-08,-0x1.b96b295d2890fp-25,0x1.04ec3cca77d89p-24,0,0.0099999999989999998,0x0p+0,0x1.47ae147a548aep-7,80,80,3,100
flowstar_vdp_stock_reach_v1,stepwise,781,7.8100000000000005,0x1.f3d70a3d70a3ep+2,0.01,0x1.47ae147ae147bp-7,2,1.8221611481340914,1.8661704720956491,0x1.d279272b47199p+0,0x1.ddbd591a6964cp+0,-0.55410272883903766,-0.51701673779498725,-0x1.1bb35a55f9de2p-1,-0x1.08b66af8a0cecp-1,1.8221610095355667,1.871536955499074,0x1.d27924d800691p+0,0x1.df1d0bc11fb9ep+0,-0.55414431459617175,-0.51140904931923348,-0x1.1bb8cdb8e8e7cp-1,-0x1.05d7682b68bbfp-1,-2.0131960471485151,2.0616309700712008,-0x1.01b06877783c8p+1,0x1.07e3860c70333p+1,-2.7032997893301021,2.7092992690462294,-0x1.5a05ba3d3a6dep+1,0x1.5aca5185d0ac6p+1,33,16,3,3,-5.1216448758193017e-10,6.045179713667329e-10,-0x1.1990be5d0881cp-31,0x1.4c565748e14e4p-31,-5.12096698996745e-08,6.0445013963437314e-08,-0x1.b7e34148e4e2dp-25,0x1.039bfee5cb541p-24,0,0.0099999999989999998,0x0p+0,0x1.47ae147a548aep-7,81,81,3,100
flowstar_vdp_stock_reach_v1,stepwise,782,7.8200000000000003,0x1.f47ae147ae148p+2,0.01,0x1.47ae147ae147bp-7,2,1.8166110567019451,1.8609537881031371,0x1.d10d6c16163c3p+0,0x1.dc6777ab45319p+0,-0.55935474646404515,-0.52285503958421065,-0x1.1e63becdd9d4p-1,-0x1.0bb3a7df203dap-1,1.8166109254016285,1.8663755276854912,0x1.d10d69e22802ap+0,0x1.ddcac95d76c3fp+0,-0.55939414252128494,-0.51732833292070901,-0x1.1e68e8b767e02p-1,-0x1.08df425e60962p-1,-2.0131960471485151,2.0616309700712008,-0x1.01b06877783c8p+1,0x1.07e3860c70333p+1,-2.7032997893301021,2.7092992690462294,-0x1.5a05ba3d3a6dep+1,0x1.5aca5185d0ac6p+1,33,16,3,3,-5.1046606082201903e-10,6.0171044782837495e-10,-0x1.18a1b61726334p-31,0x1.4acb3796c899ep-31,-5.103993718356981e-08,6.0164371649661516e-08,-0x1.b66e0242970c6p-25,0x1.02676d1be0da4p-24,0,0.0099999999989999998,0x0p+0,0x1.47ae147a548aep-7,82,82,3,100
flowstar_vdp_stock_reach_v1,stepwise,783,7.8300000000000001,0x1.f51eb851eb852p+2,0.01,0x1.47ae147ae147bp-7,2,1.811007178698149,1.855680770231664,0x1.cf9e2a9d546c5p+0,0x1.db0de51bf609dp+0,-0.56457372709539133,-0.52857123749000623,-0x1.210fcebc1c6f1p-1,-0x1.0ea0e3a5406c4p-1,1.8110070544575301,1.8611569996086823,0x1.cf9e2887b86bp+0,0x1.dc74c8fe0a704p+0,-0.56461100501217409,-0.52312120479844526,-0x1.2114b192fa5b9p-1,-0x1.0bd68ae4e8296p-1,-2.0131960471485151,2.0616309700712008,-0x1.01b06877783c8p+1,0x1.07e3860c70333p+1,-2.7032997893301021,2.7092992690462294,-0x1.5a05ba3d3a6dep+1,0x1.5aca5185d0ac6p+1,33,16,3,3,-5.0951192846951563e-10,5.9997778584032615e-10,-0x1.181b6dd97d5bcp-31,0x1.49d75ddca7596p-31,-5.0944634098413833e-08,5.9991215674586936e-08,-0x1.b59c6f648c6f1p-25,0x1.01a90a08ebd17p-24,0,0.0099999999989999998,0x0p+0,0x1.47ae147a548aep-7,83,83,3,100
flowstar_vdp_stock_reach_v1,stepwise,784,7.8399999999999999,0x1.f5c28f5c28f5cp+2,0.01,0x1.47ae147ae147bp-7,2,1.8053501279170219,1.850352313888008,0x1.ce2b6d0d3ba79p+0,0x1.d9b0b0723a178p+0,-0.56976604322942681,-0.53416735425532591,-0x1.23b85ff4155b1p-1,-0x1.117e622a3c253p-1,1.8053500105068367,1.8558823083365725,0x1.ce2b6b14f5ca7p+0,0x1.db1b1a5b87d34p+0,-0.56980127179119588,-0.52878982804027796,-0x1.23bcfe071ff21p-1,-0x1.0ebd8a53c7ea1p-1,-2.0131960471485151,2.0616309700712008,-0x1.01b06877783c8p+1,0x1.07e3860c70333p+1,-2.7032997893301021,2.7092992690462294,-0x1.5a05ba3d3a6dep+1,0x1.5aca5185d0ac6p+1,33,16,3,3,-5.0938387145103581e-10,5.9939402640798504e-10,-0x1.1809681bf7603p-31,0x1.498535b63aadp-31,-5.0931938573623817e-08,5.9932949975951598e-08,-0x1.b58084729b117p-25,0x1.0168f9b2dcd0fp-24,0,0.0099999999989999998,0x0p+0,0x1.47ae147a548aep-7,84,84,3,100
flowstar_vdp_stock_reach_v1,stepwise,785,7.8500000000000005,0x1.f666666666667p+2,0.01,0x1.47ae147ae147bp-7,2,1.7996408339504391,1.844968916096466,0x1.ccb542fe5d016p+0,0x1.d84fe204c559p+0,-0.5749021506206401,-0.5396810575976051,-0x1.2659931ea1a57p-1,-0x1.145113594e083p-1,1.7996407231504192,1.85055199120626,0x1.ccb541227b186p+0,0x1.d9bdc679c7502p+0,-0.57493539591422027,-0.53437200523591311,-0x1.265deea5875dep-1,-0x1.1199351cc5ba6p-1,-2.0131960471485151,2.0616309700712008,-0x1.01b06877783c8p+1,0x1.07e3860c70333p+1,-2.7032997893301021,2.7092992690462294,-0x1.5a05ba3d3a6dep+1,0x1.5aca5185d0ac6p+1,33,15,3,3,-5.0937808168899681e-10,5.9904621657653336e-10,-0x1.18089782d647p-31,0x1.4954428ac1722p-31,-5.0931470062249701e-08,5.9898279524483573e-08,-0x1.b57f7cb3003d8p-25,0x1.0142dad58baa6p-24,0,0.0099999999989999998,0x0p+0,0x1.47ae147a548aep-7,85,85,3,100
flowstar_vdp_stock_reach_v1,stepwise,786,7.8600000000000003,0x1.f70a3d70a3d71p+2,0.01,0x1.47ae147ae147bp-7,2,1.7938747057538784,1.8395365146004534,0x1.cb3b5f6a55a3dp+0,0x1.d6ebdd7201bbfp+0,-0.57998555752721637,-0.54511670101216925,-0x1.28f3ddf376a42p-1,-0x1.17198946b38bfp-1,1.7938746013524998,1.8451720249788353,0x1.cb3b5da9ef1c3p+0,0x1.d85d319ec737ap+0,-0.58001688301601806,-0.53987221943091368,-0x1.28f7f90f5d01fp-1,-0x1.146a21acf30d3p-1,-2.0131960471485151,2.0616309700712008,-0x1.01b06877783c8p+1,0x1.07e3860c70333p+1,-2.7032997893301021,2.7092992690462294,-0x1.5a05ba3d3a6dep+1,0x1.5aca5185d0ac6p+1,33,16,3,3,-5.0966875030660501e-10,5.9911196113215038e-10,-0x1.18317ff3a2fc2p-31,0x1.495d833d40626p-31,-5.0960647383285749e-08,5.9904964504436583e-08,-0x1.b5bfa6121c0eap-25,0x1.014a347d1dff2p-24,0,0.0099999999989999998,0x0p+0,0x1.47ae147a548aep-7,86,86,3,100
flowstar_vdp_stock_reach_v1,stepwise,787,7.8700000000000001,0x1.f7ae147ae147bp+2,0.01,0x1.47ae147ae147bp-7,2,1.7880568426227574,1.8340512794537487,0x1.c9be17de7429cp+0,0x1.d584627870d8cp+0,-0.58501967293702795,-0.55047848641290775,-0x1.2b87b2d58ff31p-1,-0x1.19d850f0970ccp-1,1.7880567444169915,1.8397386174823427,0x1.c9be1638a9c81p+0,0x1.d6f91c2b4660ep+0,-0.58504913953582305,-0.54529479691735283,-0x1.2b8b8f91b7f64p-1,-0x1.1730e12ee0c39p-1,-2.0131960471485151,2.0616309700712008,-0x1.01b06877783c8p+1,0x1.07e3860c70333p+1,-2.7032997893301021,2.7092992690462294,-0x1.5a05ba3d3a6dep+1,0x1.5aca5185d0ac6p+1,33,16,3,3,-5.1011321954866201e-10,5.9943082280902161e-10,-0x1.18700da4d0a9cp-31,0x1.498a63712026p-31,-5.1005204780170375e-08,5.9936961209413828e-08,-0x1.b621a1a7bde66p-25,0x1.016d62c2b1e9fp-24,0,0.0099999999989999998,0x0p+0,0x1.47ae147a548aep-7,87,87,3,100
flowstar_vdp_stock_reach_v1,stepwise,788,7.8799999999999999,0x1.f851eb851eb85p+2,0.01,0x1.47ae147ae147bp-7,2,1.7821885474065551,1.8285131022501464,0x1.c83d82366ab9fp+0,0x1.d4196f4678cd5p+0,-0.59000778621659,-0.55577049487808861,-0x1.2e1580245f08cp-1,-0x1.1c8df3472a8f8p-1,1.7821884552016214,1.8342516968916625,0x1.c83d80aa66546p+0,0x1.d59184eac83dfp+0,-0.59003545236563071,-0.55064393812852419,-0x1.2e192076c82a9p-1,-0x1.19ee0094015c8p-1,-2.0131960471485151,2.0616309700712008,-0x1.01b06877783c8p+1,0x1.07e3860c70333p+1,-2.7032997893301021,2.7092992690462294,-0x1.5a05ba3d3a6dep+1,0x1.5aca5185d0ac6p+1,33,16,3,3,-5.1069135025989615e-10,5.9997335040907067e-10,-0x1.18c16aff73635p-31,0x1.49d6be0f05667p-31,-5.1063128241851484e-08,5.9991324424387576e-08,-0x1.b6a101aa50e3bp-25,0x1.01a928a52b8fp-24,0,0.0099999999989999998,0x0p+0,0x1.47ae147a548aep-7,88,88,3,100
flowstar_vdp_stock_reach_v1,stepwise,789,7.8900000000000006,0x1.f8f5c28f5c29p+2,0.01,0x1.47ae147ae147bp-7,2,1.7762702747466452,1.8229226502518299,0x1.c6b9a612e4ce8p+0,0x1.d2ab0f0df8212p+0,-0.59495309569375032,-0.56099666754070221,-0x1.309db13151362p-1,-0x1.1f3af488812d9p-1,1.7762701883557672,1.8287119659056372,0x1.c6b9a49fd9082p+0,0x1.d42677a75e5b3p+0,-0.59497901743203563,-0.55592369867667013,-0x1.30a116fb5a867p-1,-0x1.1ca207f1c67afp-1,-2.0131960471485151,2.0616309700712008,-0x1.01b06877783c8p+1,0x1.07e3860c70333p+1,-2.7032997893301021,2.7092992690462294,-0x1.5a05ba3d3a6dep+1,0x1.5aca5185d0ac6p+1,33,16,3,3,-5.1140873567224342e-10,6.0073826738694036e-10,-0x1.1926618800ac1p-31,0x1.4a426518e2a29p-31,-5.1134976977439023e-08,6.0067926380822481e-08,-0x1.b73f00e85bb2p-25,0x1.01fd622dd9757p-24,0,0.0099999999989999998,0x0p+0,0x1.47ae147a548aep-7,89,89,3,100
flowstar_vdp_stock_reach_v1,stepwise,790,7.9000000000000004,0x1.f99999999999ap+2,0.01,0x1.47ae147ae147bp-7,2,1.7703024473317592,1.8172805523964197,0x1.c5328a8b51944p+0,0x1.d1394c5c330e5p+0,-0.59985870497397742,-0.56616081869454282,-0x1.3320ae202b152p-1,-0x1.21dfd4b123a8cp-1,1.7703023665759232,1.8231200878014173,0x1.c532893079993p+0,0x1.d2b7ff81c9a91p+0,-0.59988293601149378,-0.56113800260457125,-0x1.3323db2f32165p-1,-0x1.1f4d7af375737p-1,-2.0131960471485151,2.0616309700712008,-0x1.01b06877783c8p+1,0x1.07e3860c70333p+1,-2.7032997893301021,2.7092992690462294,-0x1.5a05ba3d3a6dep+1,0x1.5aca5185d0ac6p+1,33,16,3,3,-5.1227033235551979e-10,6.0172422993006663e-10,-0x1.199fa3d2c219ap-31,0x1.4acd28243c25bp-31,-5.12212465365197e-08,6.0166632590135902e-08,-0x1.b7fcb65a171f1p-25,0x1.0269e981cf264p-24,0,0.0099999999989999998,0x0p+0,0x1.47ae147a548aep-7,90,90,3,100
flowstar_vdp_stock_reach_v1,stepwise,791,7.9100000000000001,0x1.fa3d70a3d70a4p+2,0.01,0x1.47ae147ae147bp-7,2,1.7642854568383786,1.8115874005236106,0x1.c3a83631ede3bp+0,0x1.cfc4311f18352p+0,-0.60472762705736605,-0.57126664101708469,-0x1.359edc0a65eccp-1,-0x1.247d0fa8eda53p-1,1.7642853815460973,1.8174766877069599,0x1.c3a834ee8d269p+0,0x1.d14626f6f19ccp+0,-0.60475021884615576,-0.56629064775173032,-0x1.35a1d21862dbap-1,-0x1.21f0d9083fa93p-1,-2.0131960471485151,2.0616309700712008,-0x1.01b06877783c8p+1,0x1.07e3860c70333p+1,-2.7032997893301021,2.7092992690462294,-0x1.5a05ba3d3a6dep+1,0x1.5aca5185d0ac6p+1,33,16,3,3,-5.1328052061211774e-10,6.0292984554013636e-10,-0x1.1a2dcfb0e046p-31,0x1.4b76d5058a419p-31,-5.1322374848395302e-08,6.0287303701609199e-08,-0x1.b8db1887c6ac2p-25,0x1.02ee9767c5966p-24,0,0.0099999999989999998,0x0p+0,0x1.47ae147a548aep-7,91,91,3,100
flowstar_vdp_stock_reach_v1,stepwise,792,7.9199999999999999,0x1.fae147ae147aep+2,0.01,0x1.47ae147ae147bp-7,2,1.7582196648302912,1.8058437505528329,0x1.c21aaf17a153ap+0,0x1.ce4bc6aa4f765p+0,-0.60956278833427979,-0.57631771052311376,-0x1.38189d218233ep-1,-0x1.27131d6d9ad01p-1,1.7582195948373707,1.8117823538231481,0x1.c21aadeb034bfp+0,0x1.cfd0f7e523ec2p+0,-0.60958379013821007,-0.57138531084884336,-0x1.381b5dd5a1743p-1,-0x1.248c9d8f056a4p-1,-2.0131960471485151,2.0616309700712008,-0x1.01b06877783c8p+1,0x1.07e3860c70333p+1,-2.7032997893301021,2.7092992690462294,-0x1.5a05ba3d3a6dep+1,0x1.5aca5185d0ac6p+1,33,16,3,3,-5.1444316225835315e-10,6.0435369192502918e-10,-0x1.1ad170455328ap-31,0x1.4c3f387e78a48p-31,-5.1438747999991709e-08,6.0429797391353002e-08,-0x1.b9db00ca67c5bp-25,0x1.038b43d03868fp-24,0,0.0099999999989999998,0x0p+0,0x1.47ae147a548aep-7,92,92,3,100
flowstar_vdp_stock_reach_v1,stepwise,793,7.9300000000000006,0x1.fb851eb851eb9p+2,0.01,0x1.47ae147ae147bp-7,2,1.7521054036185562,1.8000501236124296,0x1.c089facfafc3ap+0,0x1.ccd015bc137e1p+0,-0.61436703244932511,-0.58131749137167799,-0x1.3a8e50d038894p-1,-0x1.29a2723c11781p-1,1.7521053387678682,1.8060376385960386,0x1.c089f9b927adcp+0,0x1.ce587b911d742p+0,-0.61438649141245327,-0.57642555246288252,-0x1.3a90ddbf70fbep-1,-0x1.27214000d049cp-1,-2.0131960471485151,2.0616309700712008,-0x1.01b06877783c8p+1,0x1.07e3860c70333p+1,-2.7032997893301021,2.7092992690462294,-0x1.5a05ba3d3a6dep+1,0x1.5aca5185d0ac6p+1,33,16,3,3,-5.1576165431307739e-10,6.0599433473084088e-10,-0x1.1b8afff412bd1p-31,0x1.4d261ee172e7ep-31,-5.1570705604478274e-08,6.0593970135282097e-08,-0x1.bafd2e5164dbfp-25,0x1.043fc655278c7p-24,0,0.0099999999989999998,0x0p+0,0x1.47ae147a548aep-7,93,93,3,100
flowstar_vdp_stock_reach_v1,stepwise,794,7.9400000000000004,0x1.fc28f5c28f5c3p+2,0.01,0x1.47ae147ae147bp-7,2,1.7459429770833095,1.7942070071216465,0x1.bef61e7340f1fp+0,0x1.cb512681d76d4p+0,-0.61914312401442606,-0.58626934054982716,-0x1.3d0053da5ed6cp-1,-0x1.2c2b7eb89e348p-1,1.7459429172245684,1.8002430598405714,0x1.bef61d7229903p+0,0x1.ccdcbaaaddc0fp+0,-0.61916108522786906,-0.58141482181607151,-0x1.3d02ae8804e5ep-1,-0x1.29af341a3829ep-1,-2.0131960471485151,2.0616309700712008,-0x1.01b06877783c8p+1,0x1.07e3860c70333p+1,-2.7032997893301021,2.7092992690462294,-0x1.5a05ba3d3a6dep+1,0x1.5aca5185d0ac6p+1,33,16,3,3,-5.172389780267083e-10,6.0785034354214557e-10,-0x1.1c5aea264d89cp-31,0x1.4e2b54a5381d2p-31,-5.171854570395719e-08,6.077967880892237e-08,-0x1.bc4248e522b2ap-25,0x1.050bf6ad5e757p-24,0,0.0099999999989999998,0x0p+0,0x1.47ae147a548aep-7,94,94,3,100
flowstar_vdp_stock_reach_v1,stepwise,795,7.9500000000000002,0x1.fcccccccccccdp+2,0.01,0x1.47ae147ae147bp-7,2,1.7397326614584767,1.7883148558270396,0x1.bd5f1ea4bf485p+0,0x1.c9cf009cba642p+0,-0.62389375224471288,-0.59117651237294966,-0x1.3f6f007c23b8bp-1,-0x1.2eaeb0159c3dbp-1,1.7397326064480219,1.7943991018173764,0x1.bd5f1db87aa5dp+0,0x1.cb5dbd5247041p+0,-0.62391025881195061,-0.58635646141839515,-0x1.3f712a5a78f25p-1,-0x1.2c36ea032e3aep-1,-2.0131960471485151,2.0616309700712008,-0x1.01b06877783c8p+1,0x1.07e3860c70333p+1,-2.7032997893301021,2.7092992690462294,-0x1.5a05ba3d3a6dep+1,0x1.5aca5185d0ac6p+1,33,16,3,3,-5.1887774500845984e-10,6.099203064545325e-10,-0x1.1d418cf3db777p-31,0x1.4f4ea6eb433bcp-31,-5.1882529381951952e-08,6.0986782144428745e-08,-0x1.bdaae37fbb2afp-25,0x1.05efad15715b4p-24,0,0.0099999999989999998,0x0p+0,0x1.47ae147a548aep-7,95,95,3,100
flowstar_vdp_stock_reach_v1,stepwise,796,7.96,0x1.fd70a3d70a3d7p+2,0.01,0x1.47ae147ae147bp-7,2,1.7334747060804456,1.7823740927948948,0x1.bbc4ff930f08bp+0,0x1.c849ab25caafap+0,-0.62862153445143687,-0.59604216286681588,-0x1.41daae880f7e1p-1,-0x1.312c703919a41p-1,1.7334746557810292,1.7885062162643008,0x1.bbc4febb063dap+0,0x1.c9db8b1b8c419p+0,-0.62863662755199001,-0.59125371157862394,-0x1.41dca8f8ce9b7p-1,-0x1.2eb8ce75bcd43p-1,-2.0131960471485151,2.0616309700712008,-0x1.01b06877783c8p+1,0x1.07e3860c70333p+1,-2.7032997893301021,2.7092992690462294,-0x1.5a05ba3d3a6dep+1,0x1.5aca5185d0ac6p+1,33,16,3,3,-5.2068023947778965e-10,6.1220284386240991e-10,-0x1.1e3f3aa8f13a2p-31,0x1.508fe3fef6a96p-31,-5.2062884988337125e-08,6.121514210915361e-08,-0x1.bf377eaddda8ep-25,0x1.06eac2b313514p-24,0,0.0099999999989999998,0x0p+0,0x1.47ae147a548aep-7,96,96,3,100
flowstar_vdp_stock_reach_v1,stepwise,797,7.9699999999999998,0x1.fe147ae147ae1p+2,0.01,0x1.47ae147ae147bp-7,2,1.727169334212157,1.7763851102487382,0x1.ba27c4fd18662p+0,0x1.c6c12cb19ea3bp+0,-0.63332901942260189,-0.60086935401001229,-0x1.4443b3840e3efp-1,-0x1.33a525e148864p-1,1.7271692884927374,1.782564823271769,0x1.ba27c438bb5d9p+0,0x1.c8562b12f3c7dp+0,-0.63334273837403676,-0.59610971477243047,-0x1.44457fd8f37e3p-1,-0x1.31354ae38d0b5p-1,-2.0131960471485151,2.0616309700712008,-0x1.01b06877783c8p+1,0x1.07e3860c70333p+1,-2.7032997893301021,2.7092992690462294,-0x1.5a05ba3d3a6dep+1,0x1.5aca5185d0ac6p+1,33,16,3,3,-5.2264867342171627e-10,6.1469683682901981e-10,-0x1.1f5442f7897f8p-31,0x1.51eee38ff3ad6p-31,-5.2259833654849174e-08,6.1464646742439983e-08,-0x1.c0e896ebfb45ap-25,0x1.07fd1802a6c18p-24,0,0.0099999999989999998,0x0p+0,0x1.47ae147a548aep-7,97,97,3,100
flowstar_vdp_stock_reach_v1,stepwise,798,7.9800000000000004,0x1.feb851eb851ecp+2,0.01,0x1.47ae147ae147bp-7,2,1.7208167433965555,1.7703482708106753,0x1.b88772334c246p+0,0x1.c5358b55a978fp+0,-0.63801869069829475,-0.60566105776901491,-0x1.46aa62c592638p-1,-0x1.361934c728498p-1,1.7208167021320959,1.7765753125607506,0x1.b887718211639p+0,0x1.c6cda3c25453bp+0,-0.63803107301652273,-0.60092751979976755,-0x1.46ac0240e0213p-1,-0x1.33acc5999cdfbp-1,-2.0131960471485151,2.0616309700712008,-0x1.01b06877783c8p+1,0x1.07e3860c70333p+1,-2.7032997893301021,2.7092992690462294,-0x1.5a05ba3d3a6dep+1,0x1.5aca5185d0ac6p+1,33,16,3,3,-5.247873059718516e-10,6.1740352243240547e-10,-0x1.20813f533276fp-31,0x1.536bd23042397p-31,-5.2473801232580514e-08,6.1735419689990075e-08,-0x1.c2bf1bf5b03c3p-25,0x1.0926cfd1c84bep-24,0,0.0099999999989999998,0x0p+0,0x1.47ae147a548aep-7,98,98,3,100
flowstar_vdp_stock_reach_v1,stepwise,799,7.9900000000000002,0x1.ff5c28f5c28f6p+2,0.01,0x1.47ae147ae147bp-7,2,1.7144171064292195,1.7642639080388129,0x1.b6e40a1bd102dp+0,0x1.c3a6ccaa8a33dp+0,-0.64269296973290757,-0.61042016020253986,-0x1.490f0d8cbe71p-1,-0x1.3888fdc1c729ap-1,1.7144170695004928,1.7705380440556211,0x1.b6e4097d35725p+0,0x1.c541fb338aee6p+0,-0.64270405119075391,-0.60571008600808707,-0x1.49108161bdf37p-1,-0x1.361fa1e4862f8p-1,-2.0131960471485151,2.0616309700712008,-0x1.01b06877783c8p+1,0x1.07e3860c70333p+1,-2.7032997893301021,2.7092992690462294,-0x1.5a05ba3d3a6dep+1,0x1.5aca5185d0ac6p+1,33,16,3,3,-5.270949724004892e-10,6.2031899949043025e-10,-0x1.21c605c53495ep-31,0x1.55062351d46b9p-31,-5.2704671191360657e-08,6.2027070776162143e-08,-0x1.c4bacc313815ep-25,0x1.0a677c4d59bb6p-24,0,0.0099999999989999998,0x0p+0,0x1.47ae147a548aep-7,99,99,3,100
flowstar_vdp_stock_reach_v1,stepwise,800,8,0x1p+3,0.01,0x1.47ae147ae147bp-7,2,1.7079705715286522,1.7581323277044385,0x1.b53d8f333ef93p+0,0x1.c214f5d187ea4p+0,-0.64735428667806894,-0.61514939754790643,-0x1.4b7205646a599p-1,-0x1.3af4dca13ea61p-1,1.7079705388220519,1.764453349195624,0x1.b53d8ea6c5afap+0,0x1.c3b336f61ce54p+0,-0.6473641013620951,-0.61046021949409413,-0x1.4b734eb7e8c4fp-1,-0x1.388e3dec78e43p-1,-2.0131960471485151,2.0616309700712008,-0x1.01b06877783c8p+1,0x1.07e3860c70333p+1,-2.7032997893301021,2.7092992690462294,-0x1.5a05ba3d3a6dep+1,0x1.5aca5185d0ac6p+1,33,16,3,3,-5.2957300821180181e-10,6.2344213125067728e-10,-0x1.2322c66b69eeap-31,0x1.56bdadfff9822p-31,-5.2952577028696661e-08,6.2339486272763657e-08,-0x1.c6dbf2c597847p-25,0x1.0bbefd7260337p-24,0,0.0099999999989999998,0x0p+0,0x1.47ae147a548aep-7,0,0,3,100
flowstar_vdp_stock_reach_v1,stepwise,801,8.0099999999999998,0x1.0051eb851eb85p+3,0.01,0x1.47ae147ae147bp-7,2,1.7014772752586123,1.7519537933504459,0x1.b39403c41f785p+0,0x1.c0800b368b163p+0,-0.65200393317440342,-0.61985262081520887,-0x1.4dd375a3b1e2ap-1,-0x1.3d5d529d7b8p-1,1.7014772466659684,1.758321516526465,0x1.b394034951869p+0,0x1.c2215be155941p+0,-0.65201251353997736,-0.61518183780981106,-0x1.4dd4958c7952dp-1,-0x1.3af91d24f8fe4p-1,-2.0131960471485151,2.0616309700712008,-0x1.01b06877783c8p+1,0x1.07e3860c70333p+1,-2.7032997893301021,2.7092992690462294,-0x1.5a05ba3d3a6dep+1,0x1.5aca5185d0ac6p+1,33,16,3,3,-5.321972094585691e-10,6.2674179899639573e-10,-0x1.2494193bcff39p-31,0x1.588e110f31007p-31,-5.3215098310374777e-08,6.266955426867205e-08,-0x1.c91d3d1d798dep-25,0x1.0d29e75407a53p-24,0,0.0099999999989999998,0x0p+0,0x1.47ae147a548aep-7,1,1,3,100
flowstar_vdp_stock_reach_v1,stepwise,802,8.0199999999999996,0x1.00a3d70a3d70ap+3,0.01,0x1.47ae147ae147bp-7,2,1.6949373057888553,1.7457285748373226,0x1.b1e76949222c1p+0,0x1.bee811609e761p+0,-0.65664607358270943,-0.62453034573834698,-0x1.5033ea062b49bp-1,-0x1.3fc271049c8e5p-1,1.6949372812072574,1.7521428402783794,0x1.b1e768df8e6b6p+0,0x1.c08c6ee4ea8b8p+0,-0.65665345050732193,-0.61987552002199542,-0x1.5034e18d7810bp-1,-0x1.3d6052fc2bc1ep-1,-2.0131960471485151,2.0616309700712008,-0x1.01b06877783c8p+1,0x1.07e3860c70333p+1,-2.7032997893301021,2.7092992690462294,-0x1.5a05ba3d3a6dep+1,0x1.5aca5185d0ac6p+1,33,16,3,3,-5.3501942800290902e-10,6.3027733537043747e-10,-0x1.26214a5f6a837p-31,0x1.5a7fa62e84df5p-31,-5.349742015966137e-08,6.3023207965014768e-08,-0x1.cb8a122fe1f77p-25,0x1.0eaebffe82cdp-24,0,0.0099999999989999998,0x0p+0,0x1.47ae147a548aep-7,2,2,3,100
flowstar_vdp_stock_reach_v1,stepwise,803,8.0299999999999994,0x1.00f5c28f5c28fp+3,0.01,0x1.47ae147ae147bp-7,2,1.6883507445231003,1.7394568938878197,0x1.b037c11fe76a6p+0,0x1.bd4d0c080cc81p+0,-0.66128194473437629,-0.62918623073188384,-0x1.52938c0c238bcp-1,-0x1.4224b2982c84ep-1,1.6883507238547251,1.7459175659418362,0x1.b037c0c7224bfp+0,0x1.bef4741f3b6b9p+0,-0.6612881475692115,-0.62454498477388409,-0x1.52945c2e15995p-1,-0x1.3fc45c38f8241p-1,-2.0131960471485151,2.0616309700712008,-0x1.01b06877783c8p+1,0x1.07e3860c70333p+1,-2.7032997893301021,2.7092992690462294,-0x1.5a05ba3d3a6dep+1,0x1.5aca5185d0ac6p+1,33,16,3,3,-5.380151483727012e-10,6.3401763414881498e-10,-0x1.27c6e692e7b11p-31,0x1.5c8e0ca5ae562p-31,-5.3797090997966063e-08,6.3397336708057561e-08,-0x1.ce1d0ddf1b168p-25,0x1.104a1bdf98547p-24,0,0.0099999999989999998,0x0p+0,0x1.47ae147a548aep-7,3,3,3,100
flowstar_vdp_stock_reach_v1,stepwise,804,8.0400000000000009,0x1.0147ae147ae15p+3,0.01,0x1.47ae147ae147bp-7,2,1.6817176486115826,1.7331389509745403,0x1.ae850c3de48c6p+0,0x1.bbaefe89dc018p+0,-0.66591370160825503,-0.63382278726406238,-0x1.54f2a404bb44ap-1,-0x1.44846b9d84761p-1,1.6817176317635276,1.7396459171851446,0x1.ae850bf587ea8p+0,0x1.bd596f50ee1c6p+0,-0.66591875822802538,-0.62919280075961548,-0x1.54f34db0c3bcdp-1,-0x1.42258f0c484a6p-1,-2.0131960471485151,2.0616309700712008,-0x1.01b06877783c8p+1,0x1.07e3860c70333p+1,-2.7032997893301021,2.7092992690462294,-0x1.5a05ba3d3a6dep+1,0x1.5aca5185d0ac6p+1,33,16,3,3,-5.4118520066310716e-10,6.3796193068775927e-10,-0x1.29850bbe8e453p-31,0x1.5eb928e815575p-31,-5.4114193797879463e-08,6.3791863996450088e-08,-0x1.d0d65ee0c134dp-25,0x1.11fbe56ec766cp-24,0,0.0099999999989999998,0x0p+0,0x1.47ae147a548aep-7,4,4,3,100
flowstar_vdp_stock_reach_v1,stepwise,805,8.0500000000000007,0x1.019999999999ap+3,0.01,0x1.47ae147ae147bp-7,2,1.6750380536721765,1.7267749220851616,0x1.accf4b3c13d67p+0,0x1.ba0debd9e8a1bp+0,-0.67054345413128924,-0.63844246200229726,-0x1.575178bc14defp-1,-0x1.46e1ee2d5aedp-1,1.6750380405562999,1.7333280926487169,0x1.accf4b03bec76p+0,0x1.bbbb63cf2a0f6p+0,-0.67054739098235272,-0.63382146896767344,-0x1.5751fcd55fe9cp-1,-0x1.44843f61700b5p-1,-2.0131960471485151,2.0616309700712008,-0x1.01b06877783c8p+1,0x1.07e3860c70333p+1,-2.7032997893301021,2.7092992690462294,-0x1.5a05ba3d3a6dep+1,0x1.5aca5185d0ac6p+1,33,16,3,3,-5.4453034614225657e-10,6.4210957320740297e-10,-0x1.2b5bd54fd3ccap-31,0x1.6100e37a1e2fbp-31,-5.4448804652827917e-08,6.4206724618772806e-08,-0x1.d3b6300b0c3ebp-25,0x1.13c40a5115a6p-24,0,0.0099999999989999998,0x0p+0,0x1.47ae147a548aep-7,5,5,3,100
flowstar_vdp_stock_reach_v1,stepwise,806,8.0600000000000005,0x1.01eb851eb851fp+3,0.01,0x1.47ae147ae147bp-7,2,1.6683119741451811,1.7203649592955625,0x1.ab167e587a8f6p+0,0x1.b869d6855bdb2p+0,-0.67517326958555157,-0.64304764006744519,-0x1.59b04f9001b53p-1,-0x1.493d8a4fb824ep-1,1.6683119646779474,1.7269642665462897,0x1.ab167e2fd13ap+0,0x1.ba1a54862d4cp+0,-0.67517611173233072,-0.638433426029694,-0x1.59b0aeeddc922p-1,-0x1.46e0befaf108ep-1,-2.0131960471485151,2.0616309700712008,-0x1.01b06877783c8p+1,0x1.07e3860c70333p+1,-2.7032997893301021,2.7092992690462294,-0x1.5a05ba3d3a6dep+1,0x1.5aca5185d0ac6p+1,33,16,3,3,-5.48051290755038e-10,6.4646002272732134e-10,-0x1.2d4b5cb5e984ep-31,0x1.636528f091536p-31,-5.4800994127278519e-08,6.464186464691649e-08,-0x1.d6bca9176588bp-25,0x1.15a27b58950abp-24,0,0.0099999999989999998,0x0p+0,0x1.47ae147a548aep-7,6,6,3,100
flowstar_vdp_stock_reach_v1,stepwise,807,8.0700000000000003,0x1.023d70a3d70a4p+3,0.01,0x1.47ae147ae147bp-7,2,1.6615394037479714,1.7139091913785802,0x1.a95aa5781ce58p+0,0x1.b6c2c0b548e92p+0,-0.67980517503975069,-0.64764064807924981,-0x1.5c0f6c84e5028p-1,-0x1.4b978e161f0ap-1,1.6615393978503019,1.7205545893008638,0x1.a95aa55ec8572p+0,0x1.b87643fc07a8fp+0,-0.67980694620947946,-0.64303104735707606,-0x1.5c0fa7f3206edp-1,-0x1.493b5d8d6c2b7p-1,-2.0131960471485151,2.0616309700712008,-0x1.01b06877783c8p+1,0x1.07e3860c70333p+1,-2.7032997893301021,2.7092992690462294,-0x1.5a05ba3d3a6dep+1,0x1.5aca5185d0ac6p+1,33,16,3,3,-5.5174870177912372e-10,6.5101285766057713e-10,-0x1.2f53b9fb5c496p-31,0x1.65e5ea1afabf9p-31,-5.5170828922182077e-08,6.5097241895323544e-08,-0x1.d9e9ef926bcfcp-25,0x1.17972ca57b659p-24,0,0.0099999999989999998,0x0p+0,0x1.47ae147a548aep-7,7,7,3,100
flowstar_vdp_stock_reach_v1,stepwise,808,8.0800000000000001,0x1.028f5c28f5c29p+3,0.01,0x1.47ae147ae147bp-7,2,1.6547203141630709,1.7074077260759741,0x1.a79bc0215b73cp+0,0x1.b518ac386f1cfp+0,-0.68444150174787999,-0.65222341510309367,-0x1.5e6f1dd41085ep-1,-0x1.4df03a3b1b3fap-1,1.6547203117601998,1.7140991898429727,0x1.a79bc0170977bp+0,0x1.b6cf345a79c51p+0,-0.68444222437370428,-0.64761630817558058,-0x1.5e6f36135f84p-1,-0x1.4b945d5ff0d52p-1,-2.0131960471485151,2.0616309700712008,-0x1.01b06877783c8p+1,0x1.07e3860c70333p+1,-2.7032997893301021,2.7092992690462294,-0x1.5a05ba3d3a6dep+1,0x1.5aca5185d0ac6p+1,33,16,3,3,-5.5562322225299779e-10,6.5576777773922919e-10,-0x1.3175044b27cb5p-31,0x1.68831c27ded2dp-31,-5.555837331761022e-08,6.5572826313378704e-08,-0x1.dd3e27abdb237p-25,0x1.19a215c268b45p-24,0,0.0099999999989999998,0x0p+0,0x1.47ae147a548aep-7,8,8,3,100
flowstar_vdp_stock_reach_v1,stepwise,809,8.0899999999999999,0x1.02e147ae147aep+3,0.01,0x1.47ae147ae147bp-7,2,1.6478546427932559,1.7008606632526768,0x1.a5d9cd475bda1p+0,0x1.b36b9abbb91e2p+0,-0.68908741120602368,-0.6567949515782151,-0x1.60d010ae6e2b8p-1,-0x1.50476d8a69a51p-1,1.6478546427932559,1.707598189811729,0x1.a5d9cd475bda1p+0,0x1.b52527abf33ecp+0,-0.68908741286947806,-0.65218795613714331,-0x1.60d010bcb8251p-1,-0x1.4deb946ce8818p-1,-2.0131960471485151,2.0616309700712008,-0x1.01b06877783c8p+1,0x1.07e3860c70333p+1,-2.7032997893301021,2.7092992690462294,-0x1.5a05ba3d3a6dep+1,0x1.5aca5185d0ac6p+1,33,16,3,3,-5.5967549218138751e-10,6.6072461955147473e-10,-0x1.33af52b44c7a7p-31,0x1.6b3cb93408575p-31,-5.5963691291228166e-08,6.606860153704814e-08,-0x1.e0b97567dabf8p-25,0x1.1bc3321435d21p-24,0,0.0099999999989999998,0x0p+0,0x1.47ae147a548aep-7,9,9,3,100
flowstar_vdp_stock_reach_v1,stepwise,810,8.0999999999999996,0x1.0333333333333p+3,0.01,0x1.47ae147ae147bp-7,2,1.6409423054982686,1.6942680830174248,0x1.a414cb80bce75p+0,0x1.b1bb8d9737697p+0,-0.69374842125908087,-0.66135382832946765,-0x1.6332fe39eb345p-1,-0x1.529cf80f84d83p-1,1.6409423054982686,1.7010516909724116,0x1.a414cb80bce75p+0,0x1.b3781fa588319p+0,-0.69374842282469407,-0.65674420871930927,-0x1.6332fe475e063p-1,-0x1.5040c6e492db9p-1,-2.0131960471485151,2.0616309700712008,-0x1.01b06877783c8p+1,0x1.07e3860c70333p+1,-2.7032997893301021,2.7092992690462294,-0x1.5a05ba3d3a6dep+1,0x1.5aca5185d0ac6p+1,33,16,3,3,-5.639061551234381e-10,6.6588335087874427e-10,-0x1.3602bc6693685p-31,0x1.6e12c0164d5adp-31,-5.6386847178505525e-08,6.6584564323985169e-08,-0x1.e45bfcfe2286ap-25,0x1.1dfa80b140018p-24,0,0.0099999999989999998,0x0p+0,0x1.47ae147a548aep-7,10,10,3,100
flowstar_vdp_stock_reach_v1,stepwise,811,8.1099999999999994,0x1.03851eb851eb8p+3,0.01,0x1.47ae147ae147bp-7,2,1.6339832536247896,1.687629989501807,0x1.a24cb9fc87b79p+0,0x1.b00884dca8b9cp+0,-0.69841906787187469,-0.66590951955006061,-0x1.65972f1ed334p-1,-0x1.54f217b1200aep-1,1.6339832536247896,1.6944597150117877,0x1.a24cb9fc87b79p+0,0x1.b1c81ca45d77cp+0,-0.69841906934271647,-0.66129529856374236,-0x1.65972f2b759e5p-1,-0x1.52954c20a8df6p-1,-2.0131960471485151,2.0616309700712008,-0x1.01b06877783c8p+1,0x1.07e3860c70333p+1,-2.7032997893301021,2.7092992690462294,-0x1.5a05ba3d3a6dep+1,0x1.5aca5185d0ac6p+1,33,16,3,3,-5.6831583160741551e-10,6.7124401739350485e-10,-0x1.386f57bd59863p-31,0x1.71053273eeedap-31,-5.682790302130183e-08,6.7120719230431775e-08,-0x1.e825e15bdf14dp-25,0x1.204802e1d7171p-24,0,0.0099999999989999998,0x0p+0,0x1.47ae147a548aep-7,11,11,3,100
flowstar_vdp_stock_reach_v1,stepwise,812,8.120000000000001,0x1.03d70a3d70a3ep+3,0.01,0x1.47ae147ae147bp-7,2,1.6269773827277705,1.680946402894397,0x1.a08196fa25bf4p+0,0x1.ae5280e2c2a16p+0,-0.70310122394136665,-0.67046408987515482,-0x1.67fce2353623dp-1,-0x1.574711b64ff8cp-1,1.6269773827277705,1.6878223017120448,0x1.a08196fa25bf4p+0,0x1.b0151f53500bap+0,-0.70310122532038355,-0.66584332561771331,-0x1.67fce2410ea15p-1,-0x1.54e96a97936f3p-1,-2.0131960471485151,2.0616309700712008,-0x1.01b06877783c8p+1,0x1.07e3860c70333p+1,-2.7032997893301021,2.7092992690462294,-0x1.5a05ba3d3a6dep+1,0x1.5aca5185d0ac6p+1,33,15,3,3,-5.7290518402826585e-10,6.7680682731062987e-10,-0x1.3af53c9622acap-31,0x1.741417cd5e88p-31,-5.7286925045988299e-08,6.7677087064712446e-08,-0x1.ec1747c94a418p-25,0x1.22abbe8160e8ep-24,0,0.0099999999989999998,0x0p+0,0x1.47ae147a548aep-7,12,12,3,100
flowstar_vdp_stock_reach_v1,stepwise,813,8.1300000000000008,0x1.0428f5c28f5c3p+3,0.01,0x1.47ae147ae147bp-7,2,1.6199245361658554,1.6742173232922626,0x1.9eb35fd8d2006p+0,0x1.ac9981a9efda7p+0,-0.70779839984027837,-0.67501952845462887,-0x1.6a648d46f343ep-1,-0x1.599c28ddbf795p-1,1.6199245361658554,1.6811394704218237,0x1.9eb35fd8d2006p+0,0x1.ae5f280579fb6p+0,-0.70779840113029724,-0.67039031213893219,-0x1.6a648d52080bfp-1,-0x1.573d66246246bp-1,-2.0131960471485151,2.0616309700712008,-0x1.01b06877783c8p+1,0x1.07e3860c70333p+1,-2.7032997893301021,2.7092992690462294,-0x1.5a05ba3d3a6dep+1,0x1.5aca5185d0ac6p+1,33,15,3,3,-5.7767491799115614e-10,6.8257213790516104e-10,-0x1.3d94845cfdf41p-31,0x1.773f7d01e4014p-31,-5.7763983802275361e-08,6.8253703543487538e-08,-0x1.f03057fdacf48p-25,0x1.2525bd9d858ebp-24,0,0.0099999999989999998,0x0p+0,0x1.47ae147a548aep-7,13,13,3,100
flowstar_vdp_stock_reach_v1,stepwise,814,8.1400000000000006,0x1.047ae147ae148p+3,0.01,0x1.47ae147ae147bp-7,2,1.6128246393142465,1.6674427468400694,0x1.9ce2135809a5bp+0,0x1.aadd8721a168dp+0,-0.71250911013534246,-0.67957621480488606,-0x1.6ccdfe7c44478p-1,-0x1.5bf169e373f22p-1,1.6128246393142465,1.6744112362170229,0x1.9ce2135809a5bp+0,0x1.aca636fb9b674p+0,-0.71250911133907369,-0.67493666861521151,-0x1.6ccdfe869b4ffp-1,-0x1.59914c8d25a4dp-1,-2.0131960471485151,2.0616309700712008,-0x1.01b06877783c8p+1,0x1.07e3860c70333p+1,-2.7032997893301021,2.7092992690462294,-0x1.5a05ba3d3a6dep+1,0x1.5aca5185d0ac6p+1,33,15,3,3,-5.8266763690748379e-10,6.8858885403120014e-10,-0x1.40532e0508618p-31,0x1.7a8e440d29477p-31,-5.8263339611840594e-08,6.8855459132588517e-08,-0x1.f47a7052167ebp-25,0x1.27bb60c178a0ap-24,0,0.0099999999989999998,0x0p+0,0x1.47ae147a548aep-7,14,14,3,100
flowstar_vdp_stock_reach_v1,stepwise,815,8.1500000000000004,0x1.04ccccccccccdp+3,0.01,0x1.47ae147ae147bp-7,2,1.6056775156618777,1.6606226171213105,0x1.9b0dae81b0b7p+0,0x1.a91e905788b18p+0,-0.71723678970281046,-0.68413775776112185,-0x1.6f39a91685f08p-1,-0x1.5e474ddf15e86p-1,1.6056775156618777,1.6676375613130672,0x1.9b0dae81b0b7p+0,0x1.aaea4b936bbacp+0,-0.71723679082285108,-0.67948603278179542,-0x1.6f39a92024ef5p-1,-0x1.5be597e1c5efdp-1,-2.0131960471485151,2.0616309700712008,-0x1.01b06877783c8p+1,0x1.07e3860c70333p+1,-2.7032997893301021,2.7092992690462294,-0x1.5a05ba3d3a6dep+1,0x1.5aca5185d0ac6p+1,33,15,3,3,-5.8784168303597251e-10,6.9480838189201169e-10,-0x1.432b5cad69611p-31,0x1.7df9962883dd4p-31,-5.8780826705566249e-08,6.9477494457405639e-08,-0x1.f8ec67a7ed4ep-25,0x1.2a6750226255fp-24,0,0.0099999999989999998,0x0p+0,0x1.47ae147a548aep-7,15,15,3,100
flowstar_vdp_stock_reach_v1,stepwise,816,8.1600000000000001,0x1.051eb851eb852p+3,0.01,0x1.47ae147ae147bp-7,2,1.5984829873121496,1.6537568753216807,0x1.99362e59b7d32p+0,0x1.a75c9c4f0ab15p+0,-0.72198321621277772,-0.6887060624534217,-0x1.71a7c8bbca204p-1,-0x1.609e14bd96b8fp-1,1.5984829873121496,1.6608184052486776,0x1.99362e59b7d32p+0,0x1.a92b651f23506p+0,-0.72198321725161485,-0.6840403366598008,-0x1.71a7c8c4b68d9p-1,-0x1.5e3a88f632857p-1,-2.0131960471485151,2.0616309700712008,-0x1.01b06877783c8p+1,0x1.07e3860c70333p+1,-2.7032997893301021,2.7092992690462294,-0x1.5a05ba3d3a6dep+1,0x1.5aca5185d0ac6p+1,33,15,3,3,-5.9319790738534151e-10,7.0123151105314699e-10,-0x1.461d2eff4c797p-31,0x1.81818fc668b55p-31,-5.9316530179705693e-08,7.0119888469843683e-08,-0x1.fd866de6daffep-25,0x1.2d29a1f958438p-24,0,0.0099999999989999998,0x0p+0,0x1.47ae147a548aep-7,16,16,3,100
flowstar_vdp_stock_reach_v1,stepwise,817,8.1699999999999999,0x1.0570a3d70a3d7p+3,0.01,0x1.47ae147ae147bp-7,2,1.5912408581134392,1.6468454443194991,0x1.975b8f95a7fc9p+0,0x1.a597a9bceb38fp+0,-0.72675025960447259,-0.69328288919824477,-0x1.74189c2ab8b04p-1,-0x1.62f5f98ff7388p-1,1.5912408581134392,1.6539537089960865,0x1.975b8f95a7fc9p+0,0x1.a76982a13c709p+0,-0.72675026056448699,-0.68860136550740625,-0x1.74189c32f7c85p-1,-0x1.60905bb1aba63p-1,-2.0131960471485151,2.0616309700712008,-0x1.01b06877783c8p+1,0x1.07e3860c70333p+1,-2.7032997893301021,2.7092992690462294,-0x1.5a05ba3d3a6dep+1,0x1.5aca5185d0ac6p+1,33,15,3,3,-5.9873721522974553e-10,7.0785916562657595e-10,-0x1.4928c5985fd46p-31,0x1.852652324581fp-31,-5.987054055889941e-08,7.07827335782949e-08,-0x1.01245b026caa4p-24,0x1.30027049145fap-24,0,0.0099999999989999998,0x0p+0,0x1.47ae147a548aep-7,17,17,3,100
flowstar_vdp_stock_reach_v1,stepwise,818,8.1799999999999997,0x1.05c28f5c28f5cp+3,0.01,0x1.47ae147ae147bp-7,2,1.5839509156066249,1.6398882272454842,0x1.957dcea4ffedp+0,0x1.a3cfb7011d61ap+0,-0.73153953341726019,-0.69787020587790727,-0x1.768c59878436fp-1,-0x1.654f3e5e32615p-1,1.5839509156066249,1.6470433935400164,0x1.957dcea4ffedp+0,0x1.a5a4a2c658e3fp+0,-0.73153953430072916,-0.6931711102564847,-0x1.768c598f1afbcp-1,-0x1.62e752e22acf3p-1,-2.0131960471485151,2.0616309700712008,-0x1.01b06877783c8p+1,0x1.07e3860c70333p+1,-2.7032997893301021,2.7092992690462294,-0x1.5a05ba3d3a6dep+1,0x1.5aca5185d0ac6p+1,33,15,3,3,-6.0446056774576114e-10,7.1469240163977574e-10,-0x1.4c4e4319ed783p-31,0x1.88e803783ca4dp-31,-6.0442953959761818e-08,7.1466135384436491e-08,-0x1.0399bb0ee2bc5p-24,0x1.32f1d8cafdc74p-24,0,0.0099999999989999998,0x0p+0,0x1.47ae147a548aep-7,18,18,3,100
flowstar_vdp_stock_reach_v1,stepwise,819,8.1899999999999995,0x1.06147ae147ae1p+3,0.01,0x1.47ae147ae147bp-7,2,1.5766129293967561,1.632885109579572,0x1.939ce7aa35b71p+0,0x1.a204c22fc507p+0,-0.73635275690703494,-0.70246982976379113,-0x1.79033a827866p-1,-0x1.67aa2022863b3p-1,1.5766129293967561,1.6400873619931458,0x1.939ce7aa35b71p+0,0x1.a3dcc3ee57edfp+0,-0.73635275771613629,-0.69775140939048397,-0x1.79033a896ba19p-1,-0x1.653fac3823dbcp-1,-2.0131960471485151,2.0616309700712008,-0x1.01b06877783c8p+1,0x1.07e3860c70333p+1,-2.7032997893301021,2.7092992690462294,-0x1.5a05ba3d3a6dep+1,0x1.5aca5185d0ac6p+1,33,15,3,3,-6.1036898526258131e-10,7.217324062346621e-10,-0x1.4f8dcc46d595dp-31,0x1.8cc6ce5dc1b6bp-31,-6.1033872415799647e-08,7.2170212603020508e-08,-0x1.062373d119b27p-24,0x1.35f7fce961208p-24,0,0.0099999999989999998,0x0p+0,0x1.47ae147a548aep-7,19,19,3,100
flowstar_vdp_stock_reach_v1,stepwise,820,8.1999999999999993,0x1.0666666666666p+3,0.01,0x1.47ae147ae147bp-7,2,1.5692266519099032,1.6258359587759819,0x1.91b8d67df6f0bp+0,0x1.a036c90f9a889p+0,-0.74119163452241987,-0.70708355159134773,-0x1.7b7d784caf666p-1,-0x1.6a06daf33fad1p-1,1.5692266519099032,1.633085499239284,0x1.91b8d67df6f0bp+0,0x1.a211e42acdf78p+0,-0.7411916352592347,-0.70234407307170788,-0x1.7b7d785303ac4p-1,-0x1.6799a470c3cc8p-1,-2.0131960471485151,2.0616309700712008,-0x1.01b06877783c8p+1,0x1.07e3860c70333p+1,-2.7032997893301021,2.7092992690462294,-0x1.5a05ba3d3a6dep+1,0x1.5aca5185d0ac6p+1,33,15,3,3,-6.164635520179724e-10,7.2898049958286911e-10,-0x1.52e7882f6c387p-31,0x1.90c2e27343dafp-31,-6.164340435290356e-08,7.2895097253304448e-08,-0x1.08c1a3cdfa349p-24,0x1.391501cd3be01p-24,0,0.0099999999989999998,0x0p+0,0x1.47ae147a548aep-7,20,20,3,100
flowstar_vdp_stock_reach_v1,stepwise,821,8.2100000000000009,0x1.06b851eb851ecp+3,0.01,0x1.47ae147ae147bp-7,2,1.5617918185405006,1.6187406246362104,0x1.8fd196afcab48p+0,0x1.9e65c91b84e61p+0,-0.74605785748278808,-0.71171313753690213,-0x1.7dfb4ba59ff36p-1,-0x1.6c65aa13b586ep-1,1.5617918185405006,1.626037672323968,0x1.8fd196afcab48p+0,0x1.a0440140b2063p+0,-0.74605785814930459,-0.70695088516808324,-0x1.7dfb4bab59a2dp-1,-0x1.69f5776759afcp-1,-2.0131960471485151,2.0616309700712008,-0x1.01b06877783c8p+1,0x1.07e3860c70333p+1,-2.7032997893301021,2.7092992690462294,-0x1.5a05ba3d3a6dep+1,0x1.5aca5185d0ac6p+1,33,15,3,3,-6.2278245562119906e-10,7.3647517154432264e-10,-0x1.5660d6ae3866cp-31,0x1.94e1aa770f4a7p-31,-6.227536853559609e-08,7.3644638324853698e-08,-0x1.0b787de88015ep-24,0x1.3c4d22db7b7a7p-24,0,0.0099999999989999998,0x0p+0,0x1.47ae147a548aep-7,21,21,3,100
flowstar_vdp_stock_reach_v1,stepwise,822,8.2200000000000006,0x1.070a3d70a3d71p+3,0.01,0x1.47ae147ae147bp-7,2,1.5543081478388705,1.6115989394127384,0x1.8de72386dfd0fp+0,0x1.9c91bf830bc67p+0,-0.75095310535386839,-0.71636033108304187,-0x1.807cece8a625dp-1,-0x1.6ec6c8044e8a1p-1,1.5543081478388705,1.6189437305752803,0x1.8de72386dfd0fp+0,0x1.9e7318a8e2939p+0,-0.75095310595198506,-0.71157360516627743,-0x1.807cecedc96b9p-1,-0x1.6c536025c59efp-1,-2.0131960471485151,2.0616309700712008,-0x1.01b06877783c8p+1,0x1.07e3860c70333p+1,-2.7032997893301021,2.7092992690462294,-0x1.5a05ba3d3a6dep+1,0x1.5aca5185d0ac6p+1,33,15,3,3,-6.2941194693186955e-10,7.4430303874565112e-10,-0x1.5a05db46fe64fp-31,0x1.992f571a833ebp-31,-6.2938390054832667e-08,7.4427497485307036e-08,-0x1.0e517ddff8cep-24,0x1.3fa9e61f0e1ecp-24,0,0.0099999999989999998,0x0p+0,0x1.47ae147a548aep-7,22,22,3,100
flowstar_vdp_stock_reach_v1,stepwise,823,8.2300000000000004,0x1.075c28f5c28f6p+3,0.01,0x1.47ae147ae147bp-7,2,1.5467753415289773,1.6044107180778948,0x1.8bf97802204dep+0,0x1.9abaa92b7f165p+0,-0.7558790476235111,-0.72102685479194306,-0x1.8302941a8c994p-1,-0x1.712a6e91bcff7p-1,1.5467753415289773,1.6118035058893585,0x1.8bf97802204dep+0,0x1.9c9f27915f78ep+0,-0.75587904815503992,-0.71621396999060061,-0x1.8302941f1d716p-1,-0x1.6eb398f4188d9p-1,-2.0131960471485151,2.0616309700712008,-0x1.01b06877783c8p+1,0x1.07e3860c70333p+1,-2.7032997893301021,2.7092992690462294,-0x1.5a05ba3d3a6dep+1,0x1.5aca5185d0ac6p+1,33,15,3,3,-6.3622006878028703e-10,7.5233257119540213e-10,-0x1.5dc403b7ac862p-31,0x1.9d99657f94277p-31,-6.3619273199611063e-08,7.5230521741472925e-08,-0x1.113e217134a26p-24,0x1.431cd55ae897ep-24,0,0.0099999999989999998,0x0p+0,0x1.47ae147a548aep-7,23,23,3,100
flowstar_vdp_stock_reach_v1,stepwise,824,8.2400000000000002,0x1.07ae147ae147bp+3,0.01,0x1.47ae147ae147bp-7,2,1.5391930846405728,1.5971757585184401,0x1.8a088ed8c2b8p+0,0x1.98e082b0ccfa4p+0,-0.76083734508474365,-0.72571441223218813,-0x1.858c78f56dcb2p-1,-0x1.7390d6e58bd52p-1,1.5391930846405728,1.6046168129411778,0x1.8a088ed8c2b8p+0,0x1.9ac82ade31b11p+0,-0.76083734555141358,-0.7208736959733244,-0x1.858c78f97002fp-1,-0x1.71165b69811p-1,-2.0131960471485151,2.0616309700712008,-0x1.01b06877783c8p+1,0x1.07e3860c70333p+1,-2.7032997893301021,2.7092992690462294,-0x1.5a05ba3d3a6dep+1,0x1.5aca5185d0ac6p+1,33,15,3,3,-6.4320863010284108e-10,7.6056606366319635e-10,-0x1.619b912cc114p-31,0x1.a2202853c596fp-31,-6.4318198870892063e-08,7.6053940577616656e-08,-0x1.143e9b877d4cfp-24,0x1.46a6312720689p-24,0,0.0099999999989999998,0x0p+0,0x1.47ae147a548aep-7,24,24,3,100
flowstar_vdp_stock_reach_v1,stepwise,825,8.25,0x1.08p+3,0.01,0x1.47ae147ae147bp-7,2,1.5315610455844071,1.589893841719642,0x1.8814627a9cd2fp+0,0x1.970348664c33ap+0,-0.76582965155623928,-0.73042468992962017,-0x1.881ad2f77b748p-1,-0x1.75fa3996e097fp-1,1.5315610455844071,1.5973834493844041,0x1.8814627a9cd2fp+0,0x1.98ee1f2a47168p+0,-0.76582965195969943,-0.72555448084704532,-0x1.881ad2faf2ac6p-1,-0x1.737be07d689c6p-1,-2.0131960471485151,2.0616309700712008,-0x1.01b06877783c8p+1,0x1.07e3860c70333p+1,-2.7032997893301021,2.7092992690462294,-0x1.5a05ba3d3a6dep+1,0x1.5aca5185d0ac6p+1,33,14,3,3,-6.5037951680649214e-10,7.6900594605180569e-10,-0x1.658cc798a7f78p-31,0x1.a6c3f722fd414p-31,-6.5035355667778584e-08,7.6897996992413345e-08,-0x1.17532138d23p-24,0x1.4a463de99bef9p-24,0,0.0099999999989999998,0x0p+0,0x1.47ae147a548aep-7,25,25,3,100
flowstar_vdp_stock_reach_v1,stepwise,826,8.2599999999999998,0x1.0851eb851eb85p+3,0.01,0x1.47ae147ae147bp-7,2,1.5238788392704636,1.5825647510057637,0x1.861cec71bbab4p+0,0x1.9522f6a95f447p+0,-0.77086040220449015,-0.73515745124199405,-0x1.8aae36f27fd79p-1,-0x1.78668eb4fd7bp-1,1.5238788392704636,1.5901032151072514,0x1.861cec71bbab4p+0,0x1.9711011a266cdp+0,-0.77086040254631327,-0.73025609765892907,-0x1.8aae36f56f84ep-1,-0x1.75e420924ca33p-1,-2.0131960471485151,2.0616309700712008,-0x1.01b06877783c8p+1,0x1.07e3860c70333p+1,-2.7032997893301021,2.7092992690462294,-0x1.5a05ba3d3a6dep+1,0x1.5aca5185d0ac6p+1,33,15,3,3,-6.577835884226238e-10,7.7771058180701368e-10,-0x1.699ecf63c25c3p-31,0x1.ab8d08b1013f1p-31,-6.5775829543560505e-08,7.7768527330519791e-08,-0x1.1a814a16c2012p-24,0x1.4e03666b4f62ap-24,0,0.0099999999989999998,0x0p+0,0x1.47ae147a548aep-7,26,26,3,100
flowstar_vdp_stock_reach_v1,stepwise,827,8.2699999999999996,0x1.08a3d70a3d70ap+3,0.01,0x1.47ae147ae147bp-7,2,1.5161461384157096,1.5751882236926726,0x1.8422274073c0ep+0,0x1.933f8911cdeaap+0,-0.7759284321989206,-0.73991538640934418,-0x1.8d467dd0a96ep-1,-0x1.7ad63084dee46p-1,1.5161461384157096,1.582775863900072,0x1.8422274073c0ep+0,0x1.9530cc8c59553p+0,-0.77592843248060606,-0.73498124485883409,-0x1.8d467dd314dcdp-1,-0x1.784f7633af229p-1,-2.0131960471485151,2.0616309700712008,-0x1.01b06877783c8p+1,0x1.07e3860c70333p+1,-2.7032997893301021,2.7092992690462294,-0x1.5a05ba3d3a6dep+1,0x1.5aca5185d0ac6p+1,33,15,3,3,-6.653965184886064e-10,7.86652458045802e-10,-0x1.6dce3c1a0c5fap-31,0x1.b0777dbc4341fp-31,-6.6537187867945171e-08,7.8662780319635761e-08,-0x1.1dc66967d0511p-24,0x1.51daa4422ac1ep-24,0,0.0099999999989999998,0x0p+0,0x1.47ae147a548aep-7,27,27,3,100
flowstar_vdp_stock_reach_v1,stepwise,828,8.2799999999999994,0x1.08f5c28f5c28fp+3,0.01,0x1.47ae147ae147bp-7,2,1.5083625619709429,1.5677639819271754,0x1.82240c822d0c9p+0,0x1.9158faf63955p+0,-0.78103537111119958,-0.74470104406714177,-0x1.8fe3de3fe236fp-1,-0x1.7d49748b217fep-1,1.5083625619709429,1.5754011343093075,0x1.82240c822d0c9p+0,0x1.934d7d1df0956p+0,-0.78103537133417666,-0.73973247784846852,-0x1.8fe3de41cc8bep-1,-0x1.7abe37204be31p-1,-2.0131960471485151,2.0616309700712008,-0x1.01b06877783c8p+1,0x1.07e3860c70333p+1,-2.7032997893301021,2.7092992690462294,-0x1.5a05ba3d3a6dep+1,0x1.5aca5185d0ac6p+1,33,15,3,3,-6.7319723615698424e-10,7.9580792599227327e-10,-0x1.72181693421cap-31,0x1.b580023b4df59p-31,-6.7317323571915124e-08,7.9578391097920637e-08,-0x1.21202e15aa36bp-24,0x1.55c95dc7ece89p-24,0,0.0099999999989999998,0x0p+0,0x1.47ae147a548aep-7,28,28,3,100
flowstar_vdp_stock_reach_v1,stepwise,829,8.2900000000000009,0x1.0947ae147ae15p+3,0.01,0x1.47ae147ae147bp-7,2,1.5005277123762755,1.5602917405928842,0x1.8022958b65d61p+0,0x1.8f6f478e10bbp+0,-0.78618286059880271,-0.74951605416047362,-0x1.92868f55e529dp-1,-0x1.7fc09178e4743p-1,1.5005277123762755,1.5679787575576185,0x1.8022958b65d61p+0,0x1.91670e4c885ep+0,-0.78618286076443411,-0.74451143192988667,-0x1.92868f575164p-1,-0x1.7d309a374624p-1,-2.0131960471485151,2.0616309700712008,-0x1.01b06877783c8p+1,0x1.07e3860c70333p+1,-2.7032997893301021,2.7092992690462294,-0x1.5a05ba3d3a6dep+1,0x1.5aca5185d0ac6p+1,33,15,3,3,-6.8118798860986822e-10,8.0518001360415068e-10,-0x1.767cafc5fc50dp-31,0x1.baa703461c621p-31,-6.8116461385688979e-08,8.0515662473150205e-08,-0x1.248ed761d4861p-24,0x1.59cfe8382f61dp-24,0,0.0099999999989999998,0x0p+0,0x1.47ae147a548aep-7,29,29,3,100
flowstar_vdp_stock_reach_v1,stepwise,830,8.3000000000000007,0x1.099999999999ap+3,0.01,0x1.47ae147ae147bp-7,2,1.4926411756449536,1.5527711983331836,0x1.7e1dbb6a0edd8p+0,0x1.8d8269cb03024p+0,-0.79137254204838392,-0.75436203720607886,-0x1.952ec82619b3p-1,-0x1.823bbdae49c02p-1,1.4926411756449536,1.5605084485807772,0x1.7e1dbb6a0edd8p+0,0x1.8f7d7b4fc9403p+0,-0.79137254215796859,-0.74931973160024012,-0x1.952ec8270aadbp-1,-0x1.7fa6d5faf0e93p-1,-2.0131960471485151,2.0616309700712008,-0x1.01b06877783c8p+1,0x1.07e3860c70333p+1,-2.7032997893301021,2.7092992690462294,-0x1.5a05ba3d3a6dep+1,0x1.5aca5185d0ac6p+1,33,15,3,3,-6.8937109496036304e-10,8.147718727179687e-10,-0x1.7afc5b4045fbap-31,0x1.bfecf26b3e225p-31,-6.8934833233333243e-08,8.1474909641731637e-08,-0x1.2812a69433257p-24,0x1.5dee9c4b3da26p-24,0,0.0099999999989999998,0x0p+0,0x1.47ae147a548aep-7,30,30,3,100
flowstar_vdp_stock_reach_v1,stepwise,831,8.3100000000000005,0x1.09eb851eb851fp+3,0.01,0x1.47ae147ae147bp-7,2,1.4847025213667147,1.5452020376386206,0x1.7c1576e58f0c4p+0,0x1.8b925c595ed4fp+0,-0.79660605747955482,-0.7592406056619676,-0x1.97dcbfc957226p-1,-0x1.84bb2f463a0d6p-1,1.4847025213667147,1.5529899061286674,0x1.7c1576e58f0c4p+0,0x1.8d90bf19d73a8p+0,-0.79660605753433134,-0.75415899195258507,-0x1.97dcbfc9cf96dp-1,-0x1.8221209cd7636p-1,-2.0131960471485151,2.0616309700712008,-0x1.01b06877783c8p+1,0x1.07e3860c70333p+1,-2.7032997893301021,2.7092992690462294,-0x1.5a05ba3d3a6dep+1,0x1.5aca5185d0ac6p+1,33,15,3,3,-6.9774894549482084e-10,8.2458677939231153e-10,-0x1.7f976f209f30cp-31,0x1.c55245b301d6dp-31,-6.9772678156930015e-08,8.2456460222964001e-08,-0x1.2babdef592315p-24,0x1.6225d6388d075p-24,0,0.0099999999989999998,0x0p+0,0x1.47ae147a548aep-7,31,31,3,100
flowstar_vdp_stock_reach_v1,stepwise,832,8.3200000000000003,0x1.0a3d70a3d70a4p+3,0.01,0x1.47ae147ae147bp-7,2,1.4767113026895784,1.5375839249190306,0x1.7a09c07eaf6f9p+0,0x1.899f19a061ef3p+0,-0.80188505098792717,-0.76415336555140001,-0x1.9a90ad6a49f4p-1,-0x1.873f1c2457db7p-1,1.4767113026895784,1.5454228128507137,0x1.7a09c07eaf6f9p+0,0x1.8ba0d457afa72p+0,-0.80188505098907692,-0.75903082032960079,-0x1.9a90ad6a4c7b4p-1,-0x1.849fb00bf181p-1,-2.0131960471485151,2.0616309700712008,-0x1.01b06877783c8p+1,0x1.07e3860c70333p+1,-2.7032997893301021,2.7092992690462294,-0x1.5a05ba3d3a6dep+1,0x1.5aca5185d0ac6p+1,33,15,3,3,-7.0632399800236102e-10,8.3462812898493502e-10,-0x1.844e43f4226bp-31,0x1.cad777720d548p-31,-7.0630241949467214e-08,8.3460653766700403e-08,-0x1.2f5ac5b532019p-24,0x1.6675f59342ce3p-24,0,0.0099999999989999998,0x0p+0,0x1.47ae147a548aep-7,32,32,3,100
flowstar_vdp_stock_reach_v1,stepwise,833,8.3300000000000001,0x1.0a8f5c28f5c29p+3,0.01,0x1.47ae147ae147bp-7,2,1.4686670562774828,1.5299165105056838,0x1.77fa906f6ca43p+0,0x1.87a89bc23b7b7p+0,-0.80721117126336817,-0.76910191655127325,-0x1.9d4ac85b1583dp-1,-0x1.89c7b9f5c1dd1p-1,1.4686670562774828,1.5378068353110417,0x1.77fa906f6ca43p+0,0x1.89adb57139e71p+0,-0.80721117126336817,-0.76393681638899236,-0x1.9d4ac85b1583dp-1,-0x1.8722b9f533c0ap-1,-2.0131960471485151,2.0616309700712008,-0x1.01b06877783c8p+1,0x1.07e3860c70333p+1,-2.7032997893301021,2.7092992690462294,-0x1.5a05ba3d3a6dep+1,0x1.5aca5185d0ac6p+1,33,15,3,3,-7.150987781094727e-10,8.4489943788377972e-10,-0x1.892134b99a9b1p-31,0x1.d07d065954e1fp-31,-7.1507777187794516e-08,8.4487841925936648e-08,-0x1.331fa1eb27177p-24,0x1.6adf5d56a3c8p-24,0,0.0099999999989999998,0x0p+0,0x1.47ae147a548aep-7,33,33,3,100
flowstar_vdp_stock_reach_v1,stepwise,834,8.3399999999999999,0x1.0ae147ae147aep+3,0.01,0x1.47ae147ae147bp-7,2,1.4605693021966764,1.5221994289139025,0x1.75e7deaa79ec9p+0,0x1.85aedc9d2cd29p+0,-0.81258606927275379,-0.77408785674386393,-0x1.a00b48016c5fcp-1,-0x1.8c553e59e4297p-1,1.4605693021966764,1.5301416242638302,0x1.75e7deaa79ec9p+0,0x1.87b75c8a7622fp+0,-0.81258606927275379,-0.76887857703627982,-0x1.a00b48016c5fcp-1,-0x1.89aa73edee826p-1,-2.0131960471485151,2.0616309700712008,-0x1.01b06877783c8p+1,0x1.07e3860c70333p+1,-2.7032997893301021,2.7092992690462294,-0x1.5a05ba3d3a6dep+1,0x1.5aca5185d0ac6p+1,33,15,3,3,-7.2407589941680591e-10,8.5540436440403484e-10,-0x1.8e109f9b3dcefp-31,0x1.d6437636d9036p-31,-7.2405545247640482e-08,8.5538390547856192e-08,-0x1.36fabd298c9efp-24,0x1.6f62747cc151cp-24,0,0.0099999999989999998,0x0p+0,0x1.47ae147a548aep-7,34,34,3,100
flowstar_vdp_stock_reach_v1,stepwise,835,8.3499999999999996,0x1.0b33333333333p+3,0.01,0x1.47ae147ae147bp-7,2,1.4524175441767937,1.5144322985540126,0x1.73d1a2dc603f3p+0,0x1.83b1d5ca4babfp+0,-0.81801140281384488,-0.77911278060226363,-0x1.a2d263fdae5c1p-1,-0x1.8ee7ded12a293p-1,1.4524175441767937,1.5224268143767365,0x1.73d1a2dc603f3p+0,0x1.85bdc3824d322p+0,-0.81801140281384488,-0.77385769428328344,-0x1.a2d263fdae5c1p-1,-0x1.8c37136168ca5p-1,-2.0131960471485151,2.0616309700712008,-0x1.01b06877783c8p+1,0x1.07e3860c70333p+1,-2.7032997893301021,2.7092992690462294,-0x1.5a05ba3d3a6dep+1,0x1.5aca5185d0ac6p+1,33,15,3,3,-7.3325800252324579e-10,8.661466470065921e-10,-0x1.931ce3bc45dc6p-31,0x1.dc2b4dbbd0edap-31,-7.3323810204558669e-08,8.6612673494218302e-08,-0x1.3aec61c508bf2p-24,0x1.73ffa4412f9cap-24,0,0.0099999999989999998,0x0p+0,0x1.47ae147a548aep-7,35,35,3,100
flowstar_vdp_stock_reach_v1,stepwise,836,8.3599999999999994,0x1.0b851eb851eb8p+3,0.01,0x1.47ae147ae147bp-7,2,1.4442112691932012,1.506614721978865,0x1.71b7d469b30f4p+0,0x1.81b1809e92448p+0,-0.82348883657373539,-0.78417828139097767,-0x1.a5a0542b691acp-1,-0x1.917fd0d19d8f6p-1,1.4442112691932012,1.5146620244906335,0x1.71b7d469b30f4p+0,0x1.83c0e3f3ae302p+0,-0.82348883657373539,-0.77887575772245943,-0x1.a5a0542b691acp-1,-0x1.8ec8cda6215fap-1,-2.0131960471485151,2.0616309700712008,-0x1.01b06877783c8p+1,0x1.07e3860c70333p+1,-2.7032997893301021,2.7092992690462294,-0x1.5a05ba3d3a6dep+1,0x1.5aca5185d0ac6p+1,33,15,3,3,-7.4264778881929397e-10,8.7713013968458595e-10,-0x1.98466270a0be8p-31,0x1.e23517c30ca12p-31,-7.4262842213686339e-08,8.7711076180432769e-08,-0x1.3ef4dbc856256p-24,0x1.78b759200a15dp-24,0,0.0099999999989999998,0x0p+0,0x1.47ae147a548aep-7,36,36,3,100
flowstar_vdp_stock_reach_v1,stepwise,837,8.370000000000001,0x1.0bd70a3d70a3ep+3,0.01,0x1.47ae147ae147bp-7,2,1.4359499475433823,1.4987462858011733,0x1.6f9a6a6f64494p+0,0x1.7fadd62a847b7p+0,-0.82902004327298984,-0.78928595241471,-0x1.a87550ab2c07bp-1,-0x1.941d49d1a074ep-1,1.4359499475433823,1.5068468575489284,0x1.6f9a6a6f64494p+0,0x1.81c0b73540c5dp+0,-0.82902004327298984,-0.78393435580047932,-0x1.a87550ab2c07bp-1,-0x1.915fd808bf6e1p-1,-2.0131960471485151,2.0616309700712008,-0x1.01b06877783c8p+1,0x1.07e3860c70333p+1,-2.7032997893301021,2.7092992690462294,-0x1.5a05ba3d3a6dep+1,0x1.5aca5185d0ac6p+1,33,15,3,3,-7.5224802361305578e-10,8.8835881674617488e-10,-0x1.9d8d7f59c59d3p-31,0x1.e861637d11efdp-31,-7.5222917822317467e-08,8.8833996053796477e-08,-0x1.4314790ac9f9bp-24,0x1.7d8a02f8694edp-24,0,0.0099999999989999998,0x0p+0,0x1.47ae147a548aep-7,37,37,3,100
flowstar_vdp_stock_reach_v1,stepwise,838,8.3800000000000008,0x1.0c28f5c28f5c3p+3,0.01,0x1.47ae147ae147bp-7,2,1.4276330327244235,1.4908265607230542,0x1.6d795bc23d9e5p+0,0x1.7da6cf3a504d1p+0,-0.83460670481536714,-0.79443738819892129,-0x1.ab5191ec689dap-1,-0x1.96c07f52116b8p-1,1.4276330327244235,1.4989809006388457,0x1.6d795bc23d9e5p+0,0x1.7fbd3659928d4p+0,-0.83460670481536714,-0.78903507702144449,-0x1.ab5191ec689dap-1,-0x1.93fc67d6686b8p-1,-2.0131960471485151,2.0616309700712008,-0x1.01b06877783c8p+1,0x1.07e3860c70333p+1,-2.7032997893301021,2.7092992690462294,-0x1.5a05ba3d3a6dep+1,0x1.5aca5185d0ac6p+1,33,14,3,3,-7.6206152144621622e-10,8.9983675792647897e-10,-0x1.a2f29fdf45212p-31,0x1.eeb0c3e6cb0bap-31,-7.6204318501439853e-08,8.998184110465367e-08,-0x1.474b88c68382cp-24,0x1.827814a11abeap-24,0,0.0099999999989999998,0x0p+0,0x1.47ae147a548aep-7,38,38,3,100
flowstar_vdp_stock_reach_v1,stepwise,839,8.3900000000000006,0x1.0c7ae147ae148p+3,0.01,0x1.47ae147ae147bp-7,2,1.419259906811428,1.4828551560410721,0x1.6b549e0447728p+0,0x1.7b9c653fe6c0fp+0,-0.84025626494712513,-0.79962843437099518,-0x1.ae3611b469fdbp-1,-0x1.9968e5ed26746p-1,1.419259906811428,1.4910637795079975,0x1.6b549e0447728p+0,0x1.7db65b193cac5p+0,-0.84025626494712513,-0.79417375984980498,-0x1.ae3611b469fdbp-1,-0x1.969df16bcae3fp-1,-2.0131960471485151,2.0616309700712008,-0x1.01b06877783c8p+1,0x1.07e3860c70333p+1,-2.7032997893301021,2.7092992690462294,-0x1.5a05ba3d3a6dep+1,0x1.5aca5185d0ac6p+1,33,15,3,3,-7.7224088741381966e-10,9.1173741929616316e-10,-0x1.a88b3e2eb0444p-31,0x1.f53ba26a17227p-31,-7.722230475776026e-08,9.1171956937169194e-08,-0x1.4baad26ee8683p-24,0x1.8794a0749f3a7p-24,0,0.0099999999989999998,0x0p+0,0x1.47ae147a548aep-7,39,39,3,100
flowstar_vdp_stock_reach_v1,stepwise,840,8.4000000000000004,0x1.0cccccccccccdp+3,0.01,0x1.47ae147ae147bp-7,2,1.4108300412687862,1.4748315586933802,0x1.692c285776b97p+0,0x1.798e8f9fb25fbp+0,-0.84596494206148443,-0.80486617696228291,-0x1.b122511f6ee79p-1,-0x1.9c176b676b4aap-1,1.4108300412687862,1.483094997622834,0x1.692c285776b97p+0,0x1.7bac1d1fa6b9ap+0,-0.84596494206148443,-0.79935748203332568,-0x1.b122511f6ee79p-1,-0x1.994562464ac5fp-1,-2.0131960471485151,2.0616309700712008,-0x1.01b06877783c8p+1,0x1.07e3860c70333p+1,-2.7032997893301021,2.7092992690462294,-0x1.5a05ba3d3a6dep+1,0x1.5aca5185d0ac6p+1,33,15,3,3,-7.8264642306978601e-10,9.239036859540677e-10,-0x1.ae43b11d49497p-31,0x1.fbebe25dc69b2p-31,-7.8262906784179113e-08,9.2388632098859091e-08,-0x1.5022f9dd4856dp-24,0x1.8cce60117fc2dp-24,0,0.0099999999989999998,0x0p+0,0x1.47ae147a548aep-7,40,40,3,100
flowstar_vdp_stock_reach_v1,stepwise,841,8.4100000000000001,0x1.0d1eb851eb852p+3,0.01,0x1.47ae147ae147bp-7,2,1.4023428415949961,1.4667552884631752,0x1.66fff0c26e22bp+0,0x1.777d464b2f33cp+0,-0.85173415293109411,-0.81015252048420916,-0x1.b4167fb7735c1p-1,-0x1.9ecc4fa880d81p-1,1.4023428415949961,1.4750740913832037,0x1.66fff0c26e22bp+0,0x1.799e74a5aaf35p+0,-0.85173415293109411,-0.80458813869937107,-0x1.b4167fb7735c1p-1,-0x1.9bf2f9fced371p-1,-2.0131960471485151,2.0616309700712008,-0x1.01b06877783c8p+1,0x1.07e3860c70333p+1,-2.7032997893301021,2.7092992690462294,-0x1.5a05ba3d3a6dep+1,0x1.5aca5185d0ac6p+1,33,15,3,3,-7.9327337304549829e-10,9.3633124781291481e-10,-0x1.b41b4d5687814p-31,0x1.0160743c27ce2p-30,-7.9325649062480395e-08,9.3631435599655429e-08,-0x1.54b37938f0795p-24,0x1.9224da27a0dc8p-24,0,0.0099999999989999998,0x0p+0,0x1.47ae147a548aep-7,41,41,3,100
flowstar_vdp_stock_reach_v1,stepwise,842,8.4199999999999999,0x1.0d70a3d70a3d7p+3,0.01,0x1.47ae147ae147bp-7,2,1.3937976930257325,1.4586258520839077,0x1.64cfecf4c9282p+0,0x1.756880fbcceebp+0,-0.85756563199500824,-0.81548907140466353,-0x1.b712d7af2f2bep-1,-0x1.a187c897db5c5p-1,1.3937976930257325,1.467000584238471,0x1.64cfecf4c9282p+0,0x1.778d59ac84626p+0,-0.85756563199500824,-0.80986732585081012,-0x1.b712d7af2f2bep-1,-0x1.9ea6ee1d41a41p-1,-2.0131960471485151,2.0616309700712008,-0x1.01b06877783c8p+1,0x1.07e3860c70333p+1,-2.7032997893301021,2.7092992690462294,-0x1.5a05ba3d3a6dep+1,0x1.5aca5185d0ac6p+1,33,15,3,3,-8.041248222889234e-10,9.4902472172342981e-10,-0x1.ba1282000a5c6p-31,0x1.04ddad88505abp-30,-8.0410840105246841e-08,9.4900829142431329e-08,-0x1.595ca7588d77fp-24,0x1.979890ac35449p-24,0,0.0099999999989999998,0x0p+0,0x1.47ae147a548aep-7,42,42,3,100
flowstar_vdp_stock_reach_v1,stepwise,843,8.4299999999999997,0x1.0dc28f5c28f5cp+3,0.01,0x1.47ae147ae147bp-7,2,1.3851939635264992,1.4504427400428246,0x1.629c1253f682ap+0,0x1.73503725345e2p+0,-0.86346112725470336,-0.82087744431507792,-0x1.ba1793adda3cdp-1,-0x1.a44a0c62b6f2cp-1,1.3851939635264992,1.4588739835017719,0x1.629c1253f682ap+0,0x1.7578c3f020173p+0,-0.86346112725470336,-0.81519664655202928,-0x1.ba1793adda3cdp-1,-0x1.a16174717feaap-1,-2.0131960471485151,2.0616309700712008,-0x1.01b06877783c8p+1,0x1.07e3860c70333p+1,-2.7032997893301021,2.7092992690462294,-0x1.5a05ba3d3a6dep+1,0x1.5aca5185d0ac6p+1,33,15,3,3,-8.1520387346544041e-10,9.6198880586848593e-10,-0x1.c029bee2db5ap-31,0x1.086df1b5e8487p-30,-8.1518790196975404e-08,9.619728256344158e-08,-0x1.5e1edb927a074p-24,0x1.9d2a07de82211p-24,0,0.0099999999989999998,0x0p+0,0x1.47ae147a548aep-7,43,43,3,100
flowstar_vdp_stock_reach_v1,stepwise,844,8.4399999999999995,0x1.0e147ae147ae1p+3,0.01,0x1.47ae147ae147bp-7,2,1.3765310033287323,1.4422054268164983,0x1.606455f93a1aep+0,0x1.71345ff64a639p+0,-0.86942240284844985,-0.82631926144883305,-0x1.bd24eee549a4p-1,-0x1.a7135177f4898p-1,1.3765310033287323,1.4506937805960716,0x1.606455f93a1aep+0,0x1.7360aae82bb4cp+0,-0.86942240284844985,-0.82057771046578309,-0x1.bd24eee549a4p-1,-0x1.a422c2fc8ddf7p-1,-2.0131960471485151,2.0616309700712008,-0x1.01b06877783c8p+1,0x1.07e3860c70333p+1,-2.7032997893301021,2.7092992690462294,-0x1.5a05ba3d3a6dep+1,0x1.5aca5185d0ac6p+1,33,15,3,3,-8.265136519095846e-10,9.7522828891686198e-10,-0x1.c66174991a017p-31,0x1.0c119708c5d37p-30,-8.2649811889232967e-08,9.7521274747685159e-08,-0x1.62fa6de06ceaep-24,0x1.a2d9c689d4765p-24,0,0.0099999999989999998,0x0p+0,0x1.47ae147a548aep-7,44,44,3,100
flowstar_vdp_stock_reach_v1,stepwise,845,8.4499999999999993,0x1.0e66666666666p+3,0.01,0x1.47ae147ae147bp-7,2,1.3678081450804545,1.433913370477965,0x1.5e28acb252ae8p+0,0x1.6f14f2577fff7p+0,-0.87545123888394405,-0.83181615464566316,-0x1.c03b25107f9a3p-1,-0x1.a9e3ce98f9a6fp-1,1.3678081450804545,1.4424594506716475,0x1.5e28acb252ae8p+0,0x1.714505c670dbap+0,-0.87545123888394405,-0.82601213583563837,-0x1.c03b25107f9a3p-1,-0x1.a6eb100b06bf1p-1,-2.0131960471485151,2.0616309700712008,-0x1.01b06877783c8p+1,0x1.07e3860c70333p+1,-2.7032997893301021,2.7092992690462294,-0x1.5a05ba3d3a6dep+1,0x1.5aca5185d0ac6p+1,33,15,3,3,-8.3805727945624029e-10,9.887480235550163e-10,-0x1.ccba139c9e88dp-31,0x1.0fc8f4ebf9f43p-30,-8.3804217383733302e-08,9.8873290982052813e-08,-0x1.67efb622e73fdp-24,0x1.a8a85546c757cp-24,0,0.0099999999989999998,0x0p+0,0x1.47ae147a548aep-7,45,45,3,100
flowstar_vdp_stock_reach_v1,stepwise,846,8.4600000000000009,0x1.0eb851eb851ecp+3,0.01,0x1.47ae147ae147bp-7,2,1.3590247036402314,1.425566012678825,0x1.5be90b0097445p+0,0x1.6cf1e4eabea3p+0,-0.88154943284611409,-0.83736976636789495,-0x1.c35a727fc347fp-1,-0x1.acbbbae26b256p-1,1.3590247036402314,1.4341704525983574,0x1.5be90b0097445p+0,0x1.6f25cb76cca9ap+0,-0.88154943284611409,-0.83150155051994046,-0x1.c35a727fc347fp-1,-0x1.a9ba923c1ce53p-1,-2.0131960471485151,2.0616309700712008,-0x1.01b06877783c8p+1,0x1.07e3860c70333p+1,-2.7032997893301021,2.7092992690462294,-0x1.5a05ba3d3a6dep+1,0x1.5aca5185d0ac6p+1,33,15,3,3,-8.4983786995786751e-10,1.002552924986459e-09,-0x1.d3340c1da12edp-31,0x1.139463eae4bebp-30,-8.4982318084048381e-08,1.002538228052347e-07,-0x1.6cff0c00e705p-24,0x1.ae963e707330dp-24,0,0.0099999999989999998,0x0p+0,0x1.47ae147a548aep-7,46,46,3,100
flowstar_vdp_stock_reach_v1,stepwise,847,8.4700000000000006,0x1.0f0a3d70a3d71p+3,0.01,0x1.47ae147ae147bp-7,2,1.3501799757564383,1.4171627785877854,0x1.59a5651796859p+0,0x1.6acb2e0b249d7p+0,-0.88771880063251751,-0.84298175035678968,-0x1.c683142185a2bp-1,-0x1.af9b4dd1d082dp-1,1.3501799757564383,1.4258262289141717,0x1.59a5651796859p+0,0x1.6d02f29ef722fp+0,-0.88771880063251751,-0.83704759266566608,-0x1.c683142185a2bp-1,-0x1.ac918087639e1p-1,-2.0131960471485151,2.0616309700712008,-0x1.01b06877783c8p+1,0x1.07e3860c70333p+1,-2.7032997893301021,2.7092992690462294,-0x1.5a05ba3d3a6dep+1,0x1.5aca5185d0ac6p+1,33,15,3,3,-8.61858526507787e-10,1.0166479717304298e-09,-0x1.d9cfcde91de58p-31,0x1.17743db4e44c1p-30,-8.6184424317910817e-08,1.0166336808756077e-07,-0x1.7228c6d3e47dap-24,0x1.b4a40e2a2e908p-24,0,0.0099999999989999998,0x0p+0,0x1.47ae147a548aep-7,47,47,3,100
flowstar_vdp_stock_reach_v1,stepwise,848,8.4800000000000004,0x1.0f5c28f5c28f6p+3,0.01,0x1.47ae147ae147bp-7,2,1.341273239913787,1.4087030765999404,0x1.575daedc6dff5p+0,0x1.68a0c3cbc575bp+0,-0.8939611787645807,-0.84865377158744593,-0x1.c9b547955ffdep-1,-0x1.b282bf4530b57p-1,1.341273239913787,1.4174262055442688,0x1.575daedc6dff5p+0,0x1.6adc719d4e569p+0,-0.8939611787645807,-0.84265191068071499,-0x1.c9b547955ffdep-1,-0x1.af70123c92381p-1,-2.0131960471485151,2.0616309700712008,-0x1.01b06877783c8p+1,0x1.07e3860c70333p+1,-2.7032997893301021,2.7092992690462294,-0x1.5a05ba3d3a6dep+1,0x1.5aca5185d0ac6p+1,33,15,3,3,-8.7412231930458913e-10,1.0310381845279316e-09,-0x1.e08dc79caa228p-31,0x1.1b68dcbc0d5e4p-30,-8.7410843123622514e-08,1.0310242892159678e-07,-0x1.776d3d0850a39p-24,0x1.bad251c78e869p-24,0,0.0099999999989999998,0x0p+0,0x1.47ae147a548aep-7,48,48,3,100
flowstar_vdp_stock_reach_v1,stepwise,849,8.4900000000000002,0x1.0fae147ae147bp+3,0.01,0x1.47ae147ae147bp-7,2,1.3323037562271851,1.4001862986048086,0x1.5511dbe5556e7p+0,0x1.66729bf8d0a02p+0,-0.90027842014466164,-0.85438751233192711,-0x1.ccf14b07a1b9ap-1,-0x1.b57247af2721p-1,1.3323037562271851,1.408969792078717,0x1.5511dbe5556e7p+0,0x1.68b23e8a07aebp+0,-0.90027842014466164,-0.8483161693144069,-0x1.ccf14b07a1b9ap-1,-0x1.b2567f37bf2b3p-1,-2.0131960471485151,2.0616309700712008,-0x1.01b06877783c8p+1,0x1.07e3860c70333p+1,-2.7032997893301021,2.7092992690462294,-0x1.5a05ba3d3a6dep+1,0x1.5aca5185d0ac6p+1,33,15,3,3,-8.8663229154918638e-10,1.0457286373104539e-09,-0x1.e76e66dcd8e48p-31,0x1.1f729c67c0f57p-30,-8.8661878839751598e-08,1.0457151271898189e-07,-0x1.7cccc44813246p-24,0x1.c121981b6fb8ep-24,0,0.0099999999989999998,0x0p+0,0x1.47ae147a548aep-7,49,49,3,100
flowstar_vdp_stock_reach_v1,stepwise,850,8.5,0x1.1p+3,0.01,0x1.47ae147ae147bp-7,2,1.3232707661814971,1.3916118194660649,0x1.52c1df78809cdp+0,0x1.6440ac1555744p+0,-0.90667240082258704,-0.86018466748355205,-0x1.d0375d6b70088p-1,-0x1.b86a1feeb9986p-1,1.3232707661814971,1.4004563812616726,0x1.52c1df78809cdp+0,0x1.66844f34fe4eep+0,-0.90667240082258704,-0.85404204499922731,-0x1.d0375d6b70088p-1,-0x1.b544ffb95c7d1p-1,-2.0131960471485151,2.0616309700712008,-0x1.01b06877783c8p+1,0x1.07e3860c70333p+1,-2.7032997893301021,2.7092992690462294,-0x1.5a05ba3d3a6dep+1,0x1.5aca5185d0ac6p+1,33,15,3,3,-8.9939143409485784e-10,1.0607244333450046e-09,-0x1.ee72176b6acf6p-31,0x1.2391d8a6a9563p-30,-8.993783057011097e-08,1.0607112982491275e-07,-0x1.8247b0c3df7dp-24,0x1.c79270cc1162cp-24,0,0.0099999999989999998,0x0p+0,0x1.47ae147a548aep-7,50,50,3,100
flowstar_vdp_stock_reach_v1,stepwise,851,8.5099999999999998,0x1.1051eb851eb85p+3,0.01,0x1.47ae147ae147bp-7,2,1.3141734924186608,1.3829789969969122,0x1.506dac8b355p+0,0x1.620ae95b28184p+0,-0.91314501853111307,-0.86604694761459822,-0x1.d387be6e31613p-1,-0x1.bb6a81699c538p-1,1.3141734924186608,1.3918853489760452,0x1.506dac8b355p+0,0x1.64529925a237ap+0,-0.91314501853111307,-0.85983122892617969,-0x1.d387be6e31613p-1,-0x1.b83bcc80a2865p-1,-2.0131960471485151,2.0616309700712008,-0x1.01b06877783c8p+1,0x1.07e3860c70333p+1,-2.7032997893301021,2.7092992690462294,-0x1.5a05ba3d3a6dep+1,0x1.5aca5185d0ac6p+1,33,15,3,3,-9.1240267424227681e-10,1.0760306969782909e-09,-0x1.f59942bff52ep-31,0x1.27c6edc8a7494p-30,-9.1238991063244729e-08,1.0760179269255935e-07,-0x1.87de54e27726p-24,0x1.ce256c1797fe3p-24,0,0.0099999999989999998,0x0p+0,0x1.47ae147a548aep-7,51,51,3,100
flowstar_vdp_stock_reach_v1,stepwise,852,8.5199999999999996,0x1.10a3d70a3d70ap+3,0.01,0x1.47ae147ae147bp-7,2,1.3050111385111365,1.3742871718007492,0x1.4e1535c0d230dp+0,0x1.5fd148ba32513p+0,-0.91969819376840312,-0.87197607989720738,-0x1.d6e2ae80d9e35p-1,-0x1.be73a6141b072p-1,1.3050111385111365,1.3832560540932806,0x1.4e1535c0d230dp+0,0x1.621d119a531c1p+0,-0.91969819376840312,-0.86568542798364911,-0x1.d6e2ae80d9e35p-1,-0x1.bb3b1ed3a087dp-1,-2.0131960471485151,2.0616309700712008,-0x1.01b06877783c8p+1,0x1.07e3860c70333p+1,-2.7032997893301021,2.7092992690462294,-0x1.5a05ba3d3a6dep+1,0x1.5aca5185d0ac6p+1,33,15,3,3,-9.2566886236775741e-10,1.0916525639041172e-09,-0x1.fce44f8c8cc94p-31,0x1.2c123851efe11p-30,-9.2565645375241557e-08,1.0916401490976673e-07,-0x1.8d9100e04ed65p-24,0x1.d4db1a8deb14ap-24,0,0.0099999999989999998,0x0p+0,0x1.47ae147a548aep-7,52,52,3,100
flowstar_vdp_stock_reach_v1,stepwise,853,8.5299999999999994,0x1.10f5c28f5c28fp+3,0.01,0x1.47ae147ae147bp-7,2,1.2957828887288902,1.3655356671023813,0x1.4bb86d69ce96fp+0,0x1.5d93bed7b9ecep+0,-0.92633387059564087,-0.87797380905542377,-0x1.da486edec54fbp-1,-0x1.c185c8794672bp-1,1.2957828887288902,1.3745678383135054,0x1.4bb86d69ce96fp+0,0x1.5fe3ad87b09ebp+0,-0.92633387059564087,-0.87160636572782479,-0x1.da486edec54fbp-1,-0x1.be43308792a6p-1,-2.0131960471485151,2.0616309700712008,-0x1.01b06877783c8p+1,0x1.07e3860c70333p+1,-2.7032997893301021,2.7092992690462294,-0x1.5a05ba3d3a6dep+1,0x1.5aca5185d0ac6p+1,33,15,3,3,-9.3919362531785496e-10,1.1075960378341418e-09,-0x1.0229e03e7977bp-30,0x1.30742469becafp-30,-9.3918156209170503e-08,1.1075839686613579e-07,-0x1.93601ad4e93e7p-24,0x1.dbb4252dabf6p-24,0,0.0099999999989999998,0x0p+0,0x1.47ae147a548aep-7,53,53,3,100
flowstar_vdp_stock_reach_v1,stepwise,854,8.5400000000000009,0x1.1147ae147ae15p+3,0.01,0x1.47ae147ae147bp-7,2,1.2864879077979798,1.3567237885694705,0x1.49574582b118fp+0,0x1.5b52400d9c70bp+0,-0.93305401745532601,-0.88404189830179347,-0x1.ddb94194be7bdp-1,-0x1.c4a123c2fffaep-1,1.2864879077979798,1.3658200259957223,0x1.49574582b118fp+0,0x1.5da66197df9d8p+0,-0.93305401745532601,-0.87759578333823707,-0x1.ddb94194be7bdp-1,-0x1.c1543c0917286p-1,-2.0131960471485151,2.0616309700712008,-0x1.01b06877783c8p+1,0x1.07e3860c70333p+1,-2.7032997893301021,2.7092992690462294,-0x1.5a05ba3d3a6dep+1,0x1.5aca5185d0ac6p+1,33,15,3,3,-9.5298016515669072e-10,1.1238667924788559e-09,-0x1.05f404777de24p-30,0x1.34ed184573175p-30,-9.5296843789807874e-08,1.1238550595109463e-07,-0x1.994bfce2e6ddp-24,0x1.e2b12bab92345p-24,0,0.0099999999989999998,0x0p+0,0x1.47ae147a548aep-7,54,54,3,100
flowstar_vdp_stock_reach_v1,stepwise,855,8.5500000000000007,0x1.119999999999ap+3,0.01,0x1.47ae147ae147bp-7,2,1.2771253406509337,1.3478508241248222,0x1.46f1afb2fd163p+0,0x1.590cc06980b4dp+0,-0.9398606279666939,-0.89018213025834525,-0x1.e1356987d4776p-1,-0x1.c7c5f3c1e2ebcp-1,1.2771253406509337,1.3570119239786533,0x1.46f1afb2fd163p+0,0x1.5b652229c535fp+0,-0.9398606279666939,-0.88365544055835754,-0x1.e1356987d4776p-1,-0x1.c46e7c6442e05p-1,-2.0131960471485151,2.0616309700712008,-0x1.01b06877783c8p+1,0x1.07e3860c70333p+1,-2.7032997893301021,2.7092992690462294,-0x1.5a05ba3d3a6dep+1,0x1.5aca5185d0ac6p+1,33,15,3,3,-9.6702965568996203e-10,1.1404685718667507e-09,-0x1.09d0a9968cdp-30,0x1.397d575755705p-30,-9.6701825516021169e-08,1.1404571658580922e-07,-0x1.9f54c815c28fp-24,0x1.e9d2976b813c4p-24,0,0.0099999999989999998,0x0p+0,0x1.47ae147a548aep-7,55,55,3,100
flowstar_vdp_stock_reach_v1,stepwise,856,8.5600000000000005,0x1.11eb851eb851fp+3,0.01,0x1.47ae147ae147bp-7,2,1.2676943121686446,1.3389160437502075,0x1.44879d4c16ec5p+0,0x1.56c333abff315p+0,-0.94675572170042765,-0.89639630785831581,-0x1.e4bd2a7c02286p-1,-0x1.caf474f50362fp-1,1.2676943121686446,1.3481428213929132,0x1.44879d4c16ec5p+0,0x1.591fe35038405p+0,-0.94675572170042765,-0.88978711661776433,-0x1.e4bd2a7c02286p-1,-0x1.c7922d4c8d05fp-1,-2.0131960471485151,2.0616309700712008,-0x1.01b06877783c8p+1,0x1.07e3860c70333p+1,-2.7032997893301021,2.7092992690462294,-0x1.5a05ba3d3a6dep+1,0x1.5aca5185d0ac6p+1,33,15,3,3,-9.8138474201599032e-10,1.1574466932788562e-09,-0x1.0dc2cfd573ff2p-30,0x1.3e2811fc7817ep-30,-9.8137365915891208e-08,1.1574356051663939e-07,-0x1.a57f2cc91e6e9p-24,0x1.f11d6400365c5p-24,0,0.0099999999989999998,0x0p+0,0x1.47ae147a548aep-7,56,56,3,100
flowstar_vdp_stock_reach_v1,stepwise,857,8.5700000000000003,0x1.123d70a3d70a4p+3,0.01,0x1.47ae147ae147bp-7,2,1.2581939269155551,1.3299186992803167,0x1.4218ff4820ccbp+0,0x1.54758d47bf711p+0,-0.9537413449277482,-0.90268625523179402,-0x1.e850c91a9d8f5p-1,-0x1.ce2ce49189ddp-1,1.2581939269155551,1.3392119894631103,0x1.4218ff4820ccbp+0,0x1.56d698d127b84p+0,-0.9537413449277482,-0.89599261113919015,-0x1.e850c91a9d8f5p-1,-0x1.cabf8b2499d6dp-1,-2.0131960471485151,2.0616309700712008,-0x1.01b06877783c8p+1,0x1.07e3860c70333p+1,-2.7032997893301021,2.7092992690462294,-0x1.5a05ba3d3a6dep+1,0x1.5aca5185d0ac6p+1,33,15,3,3,-9.9611648378717044e-10,1.1748749943567533e-09,-0x1.11cf774d019fep-30,0x1.42f27a58dfffbp-30,-9.9610570972809577e-08,1.1748642152592293e-07,-0x1.abd2fb250b7ffp-24,0x1.f899afc348a94p-24,0,0.0099999999989999998,0x0p+0,0x1.47ae147a548aep-7,57,57,3,100
flowstar_vdp_stock_reach_v1,stepwise,858,8.5800000000000001,0x1.128f5c28f5c29p+3,0.01,0x1.47ae147ae147bp-7,2,1.2486232688668359,1.3208580241886021,0x1.3fa5c648cec3dp+0,0x1.5223c0608c99ep+0,-0.96081957132286555,-0.90905381859425649,-0x1.ebf08af8607c2p-1,-0x1.d16f808a551e8p-1,1.2486232688668359,1.330218681301613,0x1.3fa5c648cec3dp+0,0x1.54893624b7fb1p+0,-0.96081957132286555,-0.90227374504958002,-0x1.ebf08af8607c2p-1,-0x1.cdf6d3060e05dp-1,-2.0131960471485151,2.0616309700712008,-0x1.01b06877783c8p+1,0x1.07e3860c70333p+1,-2.7032997893301021,2.7092992690462294,-0x1.5a05ba3d3a6dep+1,0x1.5aca5185d0ac6p+1,33,15,3,3,-1.0111267643795405e-09,1.1926582455121636e-09,-0x1.15efb87a2598p-30,0x1.47d5dceb97308p-30,-1.0111162904209605e-07,1.1926477667255598e-07,-0x1.b245696e07676p-24,0x1.001e811e3f61fp-23,0,0.0099999999989999998,0x0p+0,0x1.47ae147a548aep-7,58,58,3,100
flowstar_vdp_stock_reach_v1,stepwise,859,8.5899999999999999,0x1.12e147ae147aep+3,0.01,0x1.47ae147ae147bp-7,2,1.238981401128779,1.3117332333642189,0x1.3d2de296334bp+0,0x1.4fcdbfca602bp+0,-0.96799250266660042,-0.91550086708784628,-0x1.ef9cb69b73d5fp-1,-0x1.d4bc87973431dp-1,1.238981401128779,1.3211621316931856,0x1.3d2de296334bp+0,0x1.5237ae7455fc1p+0,-0.96799250266660042,-0.90863236144516746,-0x1.ef9cb69b73d5fp-1,-0x1.d13842c8fd0dcp-1,-2.0131960471485151,2.0616309700712008,-0x1.01b06877783c8p+1,0x1.07e3860c70333p+1,-2.7032997893301021,2.7092992690462294,-0x1.5a05ba3d3a6dep+1,0x1.5aca5185d0ac6p+1,33,15,3,3,-1.026417872045078e-09,1.2108017351761357e-09,-0x1.1a23bc959303ep-30,0x1.4cd298f9330c4p-30,-1.0264076896653495e-07,1.2107915481724611e-07,-0x1.b8d6b80dee6b8p-24,0x1.0403f8242365ep-23,0,0.0099999999989999998,0x0p+0,0x1.47ae147a548aep-7,59,59,3,100
flowstar_vdp_stock_reach_v1,stepwise,860,8.5999999999999996,0x1.1333333333333p+3,0.01,0x1.47ae147ae147bp-7,2,1.2292673656523074,1.3025435228806381,0x1.3ab1441d8448bp+0,0x1.4d737e0863937p+0,-0.97526226947447303,-0.92202929364940622,-0x1.f3559380d4c9ap-1,-0x1.d814393c5b3a7p-1,1.2292673656523074,1.3120415568710495,0x1.3ab1441d8448bp+0,0x1.4fe1f499c10b8p+0,-0.97526226947447303,-0.91507032648475284,-0x1.f3559380d4c9ap-1,-0x1.d484190b95886p-1,-2.0131960471485151,2.0616309700712008,-0x1.01b06877783c8p+1,0x1.07e3860c70333p+1,-2.7032997893301021,2.7092992690462294,-0x1.5a05ba3d3a6dep+1,0x1.5aca5185d0ac6p+1,33,15,3,3,-1.0419918672991495e-09,1.2293106430062352e-09,-0x1.1e6ba8bdbd109p-30,0x1.51e90bd0a7e4fp-30,-1.0419819681619679e-07,1.2293007394430632e-07,-0x1.bf872105aa665p-24,0x1.07fd85d9aa67ap-23,0,0.0099999999989999998,0x0p+0,0x1.47ae147a548aep-7,60,60,3,100
flowstar_vdp_stock_reach_v1,stepwise,861,8.6099999999999994,0x1.13851eb851eb8p+3,0.01,0x1.47ae147ae147bp-7,2,1.219480182939938,1.2932880697561011,0x1.382fda6fd8dd9p+0,0x1.4b14ed4be8cfdp+0,-0.98263103167333088,-0.92864101577818947,-0x1.f71b6a2224b56p-1,-0x1.db76d5d0fbabap-1,1.219480182939938,1.3028561542845265,0x1.382fda6fd8dd9p+0,0x1.4d87fb1e0b5bfp+0,-0.98263103167333088,-0.92158953018428391,-0x1.f71b6a2224b56p-1,-0x1.d7da9538f47b7p-1,-2.0131960471485151,2.0616309700712008,-0x1.01b06877783c8p+1,0x1.07e3860c70333p+1,-2.7032997893301021,2.7092992690462294,-0x1.5a05ba3d3a6dep+1,0x1.5aca5185d0ac6p+1,33,15,3,3,-1.0578505728409291e-09,1.2481900306408333e-09,-0x1.22c79dc85b1d5p-30,0x1.571990a0a593ap-30,-1.0578409487873092e-07,1.2481804023531656e-07,-0x1.c656d7a470f56p-24,0x1.0c0b717bf16eep-23,0,0.0099999999989999998,0x0p+0,0x1.47ae147a548aep-7,61,61,3,100
flowstar_vdp_stock_reach_v1,stepwise,862,8.620000000000001,0x1.13d70a3d70a3ep+3,0.01,0x1.47ae147ae147bp-7,2,1.2096188517467903,1.2839660317058625,0x1.35a994c0e0a64p+0,0x1.48b1ff735a011p+0,-0.9901009791418891,-0.93533797638447225,-0x1.faee83fa4dd1ep-1,-0x1.dee49e868e66ep-1,1.2096188517467903,1.2936051023581923,0x1.35a994c0e0a64p+0,0x1.4b29b4389131fp+0,-0.9901009791418891,-0.92819188729415392,-0x1.faee83fa4dd1ep-1,-0x1.db3bf790ae8bap-1,-2.0131960471485151,2.0616309700712008,-0x1.01b06877783c8p+1,0x1.07e3860c70333p+1,-2.7032997893301021,2.7092992690462294,-0x1.5a05ba3d3a6dep+1,0x1.5aca5185d0ac6p+1,33,15,3,3,-1.0739955365670977e-09,1.2674448102915463e-09,-0x1.2737b797d704p-30,0x1.5c647fe6bff7fp-30,-1.0739861796141946e-07,1.2674354492907709e-07,-0x1.cd46077d4c692p-24,0x1.102e002db6b25p-23,0,0.0099999999989999998,0x0p+0,0x1.47ae147a548aep-7,62,62,3,100
flowstar_vdp_stock_reach_v1,stepwise,863,8.6300000000000008,0x1.1428f5c28f5c3p+3,0.01,0x1.47ae147ae147bp-7,2,1.1996823487756987,1.2745765468867187,0x1.331e61e59480ep+0,0x1.464aa60920878p+0,-0.99767433227804914,-0.94212214455167331,-0x1.fecf2b8a62be5p-1,-0x1.e25dd56f5fa71p-1,1.1996823487756987,1.2842875602430186,0x1.331e61e59480ep+0,0x1.48c711cde744ep+0,-0.99767433227804914,-0.93487933809202017,-0x1.fecf2b8a62be5p-1,-0x1.dea8812d9f69cp-1,-2.0131960471485151,2.0616309700712008,-0x1.01b06877783c8p+1,0x1.07e3860c70333p+1,-2.7032997893301021,2.7092992690462294,-0x1.5a05ba3d3a6dep+1,0x1.5aca5185d0ac6p+1,33,15,3,3,-1.0904280009179781e-09,1.2870797171899195e-09,-0x1.2bbc0c8def671p-30,0x1.61ca2ef05dc12p-30,-1.0904189032578742e-07,1.2870706156624552e-07,-0x1.d454d38a394e5p-24,0x1.1465749413daep-23,0,0.0099999999989999998,0x0p+0,0x1.47ae147a548aep-7,63,63,3,100
flowstar_vdp_stock_reach_v1,stepwise,864,8.6400000000000006,0x1.147ae147ae148p+3,0.01,0x1.47ae147ae147bp-7,2,1.1896696283668482,1.2651187336340266,0x1.308e3052e14d6p+0,0x1.43ded24283dc4p+0,-1.0053533425148304,-0.9489955162904552,-0x1.015ed62f06861p+0,-0x1.e5e2bd850949bp-1,1.1896696283668482,1.2749026675596893,0x1.308e3052e14d6p+0,0x1.4660056ec084cp+0,-1.0053533425148304,-0.94165384916983053,-0x1.015ed62f06861p+0,-0x1.e220740cac834p-1,-2.0131960471485151,2.0616309700712008,-0x1.01b06877783c8p+1,0x1.07e3860c70333p+1,-2.7032997893301021,2.7092992690462294,-0x1.5a05ba3d3a6dep+1,0x1.5aca5185d0ac6p+1,33,15,3,3,-1.1071488687911981e-09,1.3070992799576267e-09,-0x1.3054acee85a63p-30,0x1.674aef5213bc6p-30,-1.1071400227898117e-07,1.3070904302638032e-07,-0x1.db83553688763p-24,0x1.18b20e6bbd906p-23,0,0.0099999999989999998,0x0p+0,0x1.47ae147a548aep-7,64,64,3,100
flowstar_vdp_stock_reach_v1,stepwise,865,8.6500000000000004,0x1.14ccccccccccdp+3,0.01,0x1.47ae147ae147bp-7,2,1.1795796221826536,1.2555916901911437,0x1.2df8ee1c4d72dp+0,0x1.416e74fe80156p+0,-1.0131402927648896,-0.95596011528916747,-0x1.035d2987af608p+0,-0x1.e9739aaee50cep-1,1.1795796221826536,1.2654495441339937,0x1.2df8ee1c4d72dp+0,0x1.43f48056cb2a2p+0,-1.0131402927648896,-0.94851741421964419,-0x1.035d2987af608p+0,-0x1.e5a41313850cp-1,-2.0131960471485151,2.0616309700712008,-0x1.01b06877783c8p+1,0x1.07e3860c70333p+1,-2.7032997893301021,2.7092992690462294,-0x1.5a05ba3d3a6dep+1,0x1.5aca5185d0ac6p+1,33,15,3,3,-1.1241586667963748e-09,1.3275077871891588e-09,-0x1.3501a23628a81p-30,0x1.6ce70e4d88a22p-30,-1.124150064992075e-07,1.3274991818620795e-07,-0x1.e2d19b561746dp-24,0x1.1d140a109d6ep-23,0,0.0099999999989999998,0x0p+0,0x1.47ae147a548aep-7,65,65,3,100
flowstar_vdp_stock_reach_v1,stepwise,866,8.6600000000000001,0x1.151eb851eb852p+3,0.01,0x1.47ae147ae147bp-7,2,1.1694112388880009,1.2459944944318608,0x1.2b5e88f2994b7p+0,0x1.3ef97ec494b5ap+0,-1.0210374978459085,-0.9630179936177683,-0x1.0562b6a53ce39p+0,-0x1.ed10b1c8188p-1,1.1694112388880009,1.255927289724849,0x1.2b5e88f2994b7p+0,0x1.4184736b85ab3p+0,-1.0210374978459085,-0.95547205477561781,-0x1.0562b6a53ce39p+0,-0x1.e933a21701a35p-1,-2.0131960471485151,2.0616309700712008,-0x1.01b06877783c8p+1,0x1.07e3860c70333p+1,-2.7032997893301021,2.7092992690462294,-0x1.5a05ba3d3a6dep+1,0x1.5aca5185d0ac6p+1,33,15,3,3,-1.1414575062387853e-09,1.3483092520810711e-09,-0x1.39c2ee6626809p-30,0x1.729ed42e56ac2p-30,-1.1414491413412955e-07,1.3483008838252336e-07,-0x1.ea3fa90c2bd7p-24,0x1.218b9ffe62062p-23,0,0.0099999999989999998,0x0p+0,0x1.47ae147a548aep-7,66,66,3,100
flowstar_vdp_stock_reach_v1,stepwise,867,8.6699999999999999,0x1.1570a3d70a3d7p+3,0.01,0x1.47ae147ae147bp-7,2,1.1591633638265137,1.2363262035759484,0x1.28beee225b31ap+0,0x1.3c7fdfc38be9dp+0,-1.0290473048421798,-0.97017123241365588,-0x1.076fa4e85587ep+0,-0x1.f0ba48a5792c7p-1,1.1591633638265137,1.2463349837450359,0x1.28beee225b31ap+0,0x1.3f0fcf3b0baddp+0,-1.0290473048421798,-0.96251982094084187,-0x1.076fa4e85587ep+0,-0x1.eccf65e162a88p-1,-2.0131960471485151,2.0616309700712008,-0x1.01b06877783c8p+1,0x1.07e3860c70333p+1,-2.7032997893301021,2.7092992690462294,-0x1.5a05ba3d3a6dep+1,0x1.5aca5185d0ac6p+1,33,15,3,3,-1.1590450410117946e-09,1.3695073738702832e-09,-0x1.3e988b425c97dp-30,0x1.7872839835f6ap-30,-1.1590369059009248e-07,1.369499235560477e-07,-0x1.f1cd749c09daap-24,0x1.26190445903fep-23,0,0.0099999999989999998,0x0p+0,0x1.47ae147a548aep-7,67,67,3,100
flowstar_vdp_stock_reach_v1,stepwise,868,8.6799999999999997,0x1.15c28f5c28f5cp+3,0.01,0x1.47ae147ae147bp-7,2,1.1488348586933175,1.2265858538981156,0x1.261a0a9297b35p+0,0x1.3a0187d03a883p+0,-1.0371720934106852,-0.97742194253920889,-0x1.09841c3d85d2fp+0,-0x1.f470a61b3287fp-1,1.1488348586933175,1.2366716849749291,0x1.261a0a9297b35p+0,0x1.3c9683fadb45ep+0,-1.0371720934106852,-0.96966279208909401,-0x1.09841c3d85d2fp+0,-0x1.f077a4385766dp-1,-2.0131960471485151,2.0616309700712008,-0x1.01b06877783c8p+1,0x1.07e3860c70333p+1,-2.7032997893301021,2.7092992690462294,-0x1.5a05ba3d3a6dep+1,0x1.5aca5185d0ac6p+1,33,15,3,3,-1.1769204374901781e-09,1.3911055106611481e-09,-0x1.438269c65ff96p-30,0x1.7e625909ac5dfp-30,-1.1769125252147217e-07,1.3910975953412344e-07,-0x1.f97ae69001ebdp-24,0x1.2abc66299ca05p-23,0,0.0099999999989999998,0x0p+0,0x1.47ae147a548aep-7,68,68,3,100
flowstar_vdp_stock_reach_v1,stepwise,869,8.6899999999999995,0x1.16147ae147ae1p+3,0.01,0x1.47ae147ae147bp-7,2,1.1384245612049095,1.2167724604306946,0x1.236fcac35696bp+0,0x1.377e666439296p+0,-1.0454142760263905,-0.98477226520905714,-0x1.0ba0451e4e0b9p+0,-0x1.f83412022956ap-1,1.1384245612049095,1.2269364312694848,0x1.236fcac35696bp+0,0x1.3a18818692c9ap+0,-1.0454142760263905,-0.97690307753981165,-0x1.0ba0451e4e0b9p+0,-0x1.f42ca3e2ca5d5p-1,-2.0131960471485151,2.0616309700712008,-0x1.01b06877783c8p+1,0x1.07e3860c70333p+1,-2.7032997893301021,2.7092992690462294,-0x1.5a05ba3d3a6dep+1,0x1.5aca5185d0ac6p+1,33,15,3,3,-1.195082330393031e-09,1.413106638628236e-09,-0x1.48807159f173p-30,0x1.846e8a1fe8a47p-30,-1.1950746341695493e-07,1.4130989395099552e-07,-0x1.00a3ec3db3632p-23,0x1.2f75ef8dee86ap-23,0,0.0099999999989999998,0x0p+0,0x1.47ae147a548aep-7,69,69,3,100
flowstar_vdp_stock_reach_v1,stepwise,870,8.7000000000000011,0x1.1666666666667p+3,0.01,0x1.47ae147ae147bp-7,2,1.1279312847667422,1.2068850166603609,0x1.20c01acc355b1p+0,0x1.34f66a9c96b2cp+0,-1.0537762981618877,-0.99222437258470564,-0x1.0dc44891e7beap+0,-0x1.fc04d53d17429p-1,1.1279312847667422,1.217128239258775,0x1.20c01acc355b1p+0,0x1.3795b75ea78d7p+0,-1.0537762981618877,-0.98424281720421147,-0x1.0dc44891e7beap+0,-0x1.f7eeacae6e13cp-1,-2.0131960471485151,2.0616309700712008,-0x1.01b06877783c8p+1,0x1.07e3860c70333p+1,-2.7032997893301021,2.7092992690462294,-0x1.5a05ba3d3a6dep+1,0x1.5aca5185d0ac6p+1,33,15,3,3,-1.2135286713376107e-09,1.4355132025491398e-09,-0x1.4d927d1691844p-30,0x1.8a9742e576bbp-30,-1.2135211845492085e-07,1.4355057130110792e-07,-0x1.049a085ba2349p-23,0x1.3445c2db5d2aap-23,0,0.0099999999989999998,0x0p+0,0x1.47ae147a548aep-7,70,70,3,100
flowstar_vdp_stock_reach_v1,stepwise,871,8.7100000000000009,0x1.16b851eb851ecp+3,0.01,0x1.47ae147ae147bp-7,2,1.1173538181402063,1.196922494218229,0x1.1e0ae65af9112p+0,0x1.3269833883985p+0,-1.0622606382939672,-0.99978046843622248,-0x1.0ff0502d4cf9p+0,-0x1.ffe339be39ecfp-1,1.1173538181402063,1.2072461040413605,0x1.1e0ae65af9112p+0,0x1.350e14a714c02p+0,-1.0622606382939672,-0.9916841823025726,-0x1.0ff0502d4cf9p+0,-0x1.fbbe0775e66d2p-1,-2.0131960471485151,2.0616309700712008,-0x1.01b06877783c8p+1,0x1.07e3860c70333p+1,-2.7032997893301021,2.7092992690462294,-0x1.5a05ba3d3a6dep+1,0x1.5aca5185d0ac6p+1,33,15,3,3,-1.2322567978134128e-09,1.4583271868834731e-09,-0x1.52b85d059695ap-30,0x1.90dca71a0b05dp-30,-1.23224951400886e-07,1.4583199004698182e-07,-0x1.089fa229b1b88p-23,0x1.392bfc0046375p-23,0,0.0099999999989999998,0x0p+0,0x1.47ae147a548aep-7,71,71,3,100
flowstar_vdp_stock_reach_v1,stepwise,872,8.7200000000000006,0x1.170a3d70a3d71p+3,0.01,0x1.47ae147ae147bp-7,2,1.1066909251056869,1.1868838425677679,0x1.1b5018b21be19p+0,0x1.2fd79e97fab86p+0,-1.0708698082400379,-1.007442788359292,-0x1.12248614aa2d5p+0,-0x1.01e7c544981e1p+0,1.1066909251056869,1.1972889988749014,0x1.1b5018b21be19p+0,0x1.32818826073d8p+0,-1.0708698082400379,-0.9992293756413454,-0x1.12248614aa2d5p+0,-0x1.ff9afe232a061p-1,-2.0131960471485151,2.0616309700712008,-0x1.01b06877783c8p+1,0x1.07e3860c70333p+1,-2.7032997893301021,2.7092992690462294,-0x1.5a05ba3d3a6dep+1,0x1.5aca5185d0ac6p+1,33,15,3,3,-1.2512633352878288e-09,1.4815500204701624e-09,-0x1.57f1d45cb7bb4p-30,0x1.973ed07b00c87p-30,-1.2512562481803196e-07,1.4815429308897297e-07,-0x1.0cb48a2a709e3p-23,0x1.3e28af1930d1fp-23,0,0.0099999999989999998,0x0p+0,0x1.47ae147a548aep-7,72,72,3,100
flowstar_vdp_stock_reach_v1,stepwise,873,8.7300000000000004,0x1.175c28f5c28f6p+3,0.01,0x1.47ae147ae147bp-7,2,1.0959413441285297,1.1767679886848634,0x1.188f9ca75dc6fp+0,0x1.2d40aaba61957p+0,-1.0796063528058932,-1.0152136005574757,-0x1.146114f9daeb1p+0,-0x1.03e509dcd948bp+0,1.0959413441285297,1.1872558748582978,0x1.188f9ca75dc6fp+0,0x1.2ff000428010ep+0,-1.0796063528058932,-1.0068806324602573,-0x1.146114f9daeb1p+0,-0x1.01c2eddb64818p+0,-2.0131960471485151,2.0616309700712008,-0x1.01b06877783c8p+1,0x1.07e3860c70333p+1,-2.7032997893301021,2.7092992690462294,-0x1.5a05ba3d3a6dep+1,0x1.5aca5185d0ac6p+1,33,15,3,3,-1.2705441260134252e-09,1.5051825051670209e-09,-0x1.5d3e9835bb2d3p-30,0x1.9dbdcd7a42a06p-30,-1.2705372294797221e-07,1.5051756062923393e-07,-0x1.10d885da989efp-23,0x1.433be76fb345p-23,0,0.0099999999989999998,0x0p+0,0x1.47ae147a548aep-7,73,73,3,100
flowstar_vdp_stock_reach_v1,stepwise,874,8.7400000000000002,0x1.17ae147ae147bp+3,0.01,0x1.47ae147ae147bp-7,2,1.0851037880247507,1.1665738367345047,0x1.15c95ca254ff5p+0,0x1.2aa4953d24d95p+0,-1.0884728497451428,-1.0230952061790572,-0x1.16a6281c3d437p+0,-0x1.05e991433bc1fp+0,1.0851037880247507,1.177145660609775,0x1.15c95ca254ff5p+0,0x1.2d596b02f2823p+0,-1.0884728497451428,-1.0146402208391916,-0x1.16a6281c3d437p+0,-0x1.03bf7625b5e65p+0,-2.0131960471485151,2.0616309700712008,-0x1.01b06877783c8p+1,0x1.07e3860c70333p+1,-2.7032997893301021,2.7092992690462294,-0x1.5a05ba3d3a6dep+1,0x1.5aca5185d0ac6p+1,33,15,3,3,-1.2900941638165381e-09,1.5292247514245265e-09,-0x1.629e4e61ba3d8p-30,0x1.a459a0152d765p-30,-1.2900874518959921e-07,1.529218037290849e-07,-0x1.150b4ec61b78fp-23,0x1.4865a692543c7p-23,0,0.0099999999989999998,0x0p+0,0x1.47ae147a548aep-7,74,74,3,100
flowstar_vdp_stock_reach_v1,stepwise,875,8.75,0x1.18p+3,0.01,0x1.47ae147ae147bp-7,2,1.0741769436283441,1.1563002677436209,0x1.12fd429b003fdp+0,0x1.28034b5a509dp+0,-1.0974719095241281,-1.0310899397042455,-0x1.18f3eb47af4f2p+0,-0x1.07f582a243ac3p+0,1.0741769436283441,1.1669572619403916,0x1.12fd429b003fdp+0,0x1.2abdb60bdd1aap+0,-1.0974719095241281,-1.0225104421610076,-0x1.18f3eb47af4f2p+0,-0x1.05c33e8ce6683p+0,-2.0131960471485151,2.0616309700712008,-0x1.01b06877783c8p+1,0x1.07e3860c70333p+1,-2.7032997893301021,2.7092992690462294,-0x1.5a05ba3d3a6dep+1,0x1.5aca5185d0ac6p+1,33,15,3,3,-1.3099075220370977e-09,1.5536761052520972e-09,-0x1.68108c1ccfb49p-30,0x1.ab123c83c17d2p-30,-1.3099009889309216e-07,1.5536695700564999e-07,-0x1.194c918483635p-23,0x1.4da5e34d69216p-23,0,0.0099999999989999998,0x0p+0,0x1.47ae147a548aep-7,75,75,3,100
flowstar_vdp_stock_reach_v1,stepwise,876,8.7599999999999998,0x1.1851eb851eb85p+3,0.01,0x1.47ae147ae147bp-7,2,1.0631594714613788,1.1459461392703643,0x1.102b38185bf8fp+0,0x1.255cb9e724c7fp+0,-1.1066061749824079,-1.0392001692810677,-0x1.1b4a8ad319e16p+0,-0x1.0a0905b50f525p+0,1.0631594714613788,1.1566895615232107,0x1.102b38185bf8fp+0,0x1.281cce9e5de4ap+0,-1.1066061749824079,-1.0304936315290596,-0x1.1b4a8ad319e16p+0,-0x1.07ce6e3e27516p+0,-2.0131960471485151,2.0616309700712008,-0x1.01b06877783c8p+1,0x1.07e3860c70333p+1,-2.7032997893301021,2.7092992690462294,-0x1.5a05ba3d3a6dep+1,0x1.5aca5185d0ac6p+1,33,15,3,3,-1.3299772761844601e-09,1.5785350698644267e-09,-0x1.6d94d4a967f0ap-30,0x1.b1e787cf4a84p-30,-1.3299709162547996e-07,1.5785287079651221e-07,-0x1.1d9beca24976ep-23,0x1.52fc8890c9ccfp-23,0,0.0099999999989999998,0x0p+0,0x1.47ae147a548aep-7,76,76,3,100
flowstar_vdp_stock_reach_v1,stepwise,877,8.7699999999999996,0x1.18a3d70a3d70ap+3,0.01,0x1.47ae147ae147bp-7,2,1.0520500055524646,1.1355102849982155,0x1.0d53262f9abd8p+0,0x1.22b0cd5256c71p+0,-1.1158783208794207,-1.0474282970059772,-0x1.1daa339e7e14ep+0,-0x1.0c2442c88baf8p+0,1.0520500055524646,1.1463414184864427,0x1.0d53262f9abd8p+0,0x1.2576a1967313dp+0,-1.1158783208794207,-1.0385921581358901,-0x1.1daa339e7e14ep+0,-0x1.09e12cf91361ap+0,-2.0131960471485151,2.0616309700712008,-0x1.01b06877783c8p+1,0x1.07e3860c70333p+1,-2.7032997893301021,2.7092992690462294,-0x1.5a05ba3d3a6dep+1,0x1.5aca5185d0ac6p+1,33,15,3,3,-1.3502954180509561e-09,1.6037992158173257e-09,-0x1.732a97c42c12ap-30,0x1.b8d95633f317p-30,-1.3502892258202974e-07,1.6037930217329473e-07,-0x1.21f8ef6b65b8bp-23,0x1.5869742c0b72fp-23,0,0.0099999999989999998,0x0p+0,0x1.47ae147a548aep-7,77,77,3,100
flowstar_vdp_stock_reach_v1,stepwise,878,8.7799999999999994,0x1.18f5c28f5c28fp+3,0.01,0x1.47ae147ae147bp-7,2,1.040847152646154,1.1249915146867762,0x1.0a74f580bffcdp+0,0x1.1fff71a3db71fp+0,-1.1252910533290956,-1.0557767591374394,-0x1.2013131087a4cp+0,-0x1.0e4762bc5f46ap+0,1.040847152646154,1.1359116683623616,0x1.0a74f580bffcdp+0,0x1.22cb1b6ac2da2p+0,-1.1252910533290956,-1.0468084255718375,-0x1.2013131087a4cp+0,-0x1.0bfba311021f7p+0,-2.0131960471485151,2.0616309700712008,-0x1.01b06877783c8p+1,0x1.07e3860c70333p+1,-2.7032997893301021,2.7092992690462294,-0x1.5a05ba3d3a6dep+1,0x1.5aca5185d0ac6p+1,33,15,3,3,-1.3710626524007458e-09,1.6296748168709802e-09,-0x1.78dff50076e8cp-30,0x1.bff62b978c0fap-30,-1.3708528605090969e-07,1.6294651844276848e-07,-0x1.26636ed96a32dp-23,0x1.5deccbbdebdf3p-23,0,0.0099999999989999998,0x0p+0,0x1.47ae147a548aep-7,78,78,3,100
flowstar_vdp_stock_reach_v1,stepwise,879,8.7900000000000009,0x1.1947ae147ae15p+3,0.01,0x1.47ae147ae147bp-7,2,1.0295494923898449,1.1143886134086964,0x1.07908e376d835p+0,0x1.1d489279a0091p+0,-1.1348471089362495,-1.0642480264120289,-0x1.22855712d7622p+0,-0x1.10728f0445af7p+0,1.0295494923898449,1.1253991223213691,0x1.07908e376d835p+0,0x1.201a282951401p+0,-1.1348471089362495,-1.0551448722435954,-0x1.22855712d7622p+0,-0x1.0e1df96ed40e2p+0,-2.0131960471485151,2.0616309700712008,-0x1.01b06877783c8p+1,0x1.07e3860c70333p+1,-2.7032997893301021,2.7092992690462294,-0x1.5a05ba3d3a6dep+1,0x1.5aca5185d0ac6p+1,33,15,3,3,-1.3918414382777521e-09,1.6557305245604178e-09,-0x1.7e962254c5fbfp-30,0x1.c71fad7e6612cp-30,-1.3916394655500029e-07,1.6555287062938879e-07,-0x1.2ada304ec9bep-23,0x1.6385a733d0241p-23,0,0.0099999999989999998,0x0p+0,0x1.47ae147a548aep-7,79,79,3,100
flowstar_vdp_stock_reach_v1,stepwise,880,8.8000000000000007,0x1.199999999999ap+3,0.01,0x1.47ae147ae147bp-7,2,1.018155576893361,1.1037003415372584,0x1.04a5d808ff3b5p+0,0x1.1a8c1b077c8eep+0,-1.1445492544147229,-1.0728446036644685,-0x1.25012e105f56dp+0,-0x1.12a5f1a66dd14p+0,1.018155576893361,1.1148025671556485,0x1.04a5d808ff3b5p+0,0x1.1d63b3776e2bbp+0,-1.1445492544147229,-1.0636039711046892,-0x1.25012e105f56dp+0,-0x1.1048598fca55ap+0,-2.0131960471485151,2.0616309700712008,-0x1.01b06877783c8p+1,0x1.07e3860c70333p+1,-2.7032997893301021,2.7092992690462294,-0x1.5a05ba3d3a6dep+1,0x1.5aca5185d0ac6p+1,33,15,3,3,-1.4128373945516048e-09,1.6821777984799549e-09,-0x1.845b97dac3d8p-30,0x1.ce64bd39c24cp-30,-1.4126430882620032e-07,1.6819836417955527e-07,-0x1.2f5ce004b9318p-23,0x1.69340751f26d1p-23,0,0.0099999999989999998,0x0p+0,0x1.47ae147a548aep-7,80,80,3,100
flowstar_vdp_stock_reach_v1,stepwise,881,8.8100000000000005,0x1.19eb851eb851fp+3,0.01,0x1.47ae147ae147bp-7,2,1.0066639303401896,1.092925434207052,0x1.01b4ba32dfba5p+0,0x1.17c9f614e2c99p+0,-1.1544002851527404,-1.0815690302781571,-0x1.2786c6ef395e4p+0,-0x1.14e1b53d693f1p+0,1.0066639303401896,1.1041207647347688,0x1.01b4ba32dfba5p+0,0x1.1aa7a88f5ececp+0,-1.1544002851527404,-1.0721882302249799,-0x1.2786c6ef395e4p+0,-0x1.127aed87f8efbp+0,-2.0131960471485151,2.0616309700712008,-0x1.01b06877783c8p+1,0x1.07e3860c70333p+1,-2.7032997893301021,2.7092992690462294,-0x1.5a05ba3d3a6dep+1,0x1.5aca5185d0ac6p+1,33,15,3,3,-1.434037261898286e-09,1.7090095092744306e-09,-0x1.8a2f66b699a8p-30,0x1.d5c4da5b47c49p-30,-1.4338504709936191e-07,1.7088228632410806e-07,-0x1.33eac3657f5c1p-23,0x1.6ef787c81b96fp-23,0,0.0099999999989999998,0x0p+0,0x1.47ae147a548aep-7,81,81,3,100
flowstar_vdp_stock_reach_v1,stepwise,882,8.8200000000000003,0x1.1a3d70a3d70a4p+3,0.01,0x1.47ae147ae147bp-7,2,0.99507304874251479,1.0820626011078096,0x1.fd7a36f2f5d1ap-1,0x1.15020dfbfb949p+0,-1.1644030242050492,-1.0904238799598038,-0x1.2a16510c52fdap+0,-0x1.172604f7346cfp+0,0.99507304874251479,1.0933524517932083,0x1.fd7a36f2f5d1ap-1,0x1.17e5f23f7407fp+0,-1.1644030242050492,-1.0809001926934061,-0x1.2a16510c52fdap+0,-0x1.14b5e001dbb81p+0,-2.0131960471485151,2.0616309700712008,-0x1.01b06877783c8p+1,0x1.07e3860c70333p+1,-2.7032997893301021,2.7092992690462294,-0x1.5a05ba3d3a6dep+1,0x1.5aca5185d0ac6p+1,33,15,3,3,-1.455426207789064e-09,1.736217068352518e-09,-0x1.901083b550497p-30,0x1.dd3f6a2b13882p-30,-1.455246782766674e-07,1.7360377835801551e-07,-0x1.388309b6e14d4p-23,0x1.74cfafbc2fa79p-23,0,0.0099999999989999998,0x0p+0,0x1.47ae147a548aep-7,82,82,3,100
flowstar_vdp_stock_reach_v1,stepwise,883,8.8300000000000001,0x1.1a8f5c28f5c29p+3,0.01,0x1.47ae147ae147bp-7,2,0.98338139966437088,1.0711105261045544,0x1.f77dc44e1b3a3p-1,0x1.12344ca80539fp+0,-1.1745603209784568,-1.0994117605598113,-0x1.2caffc35c81fcp+0,-0x1.19730c9471323p+0,0.98338139966437088,1.0824963395428642,0x1.f77dc44e1b3a3p-1,0x1.151e7ae860561p+0,-1.1745603209784568,-1.0897424365762387,-0x1.2caffc35c81fcp+0,-0x1.16f95c3e28865p+0,-2.0131960471485151,2.0616309700712008,-0x1.01b06877783c8p+1,0x1.07e3860c70333p+1,-2.7032997893301021,2.7092992690462294,-0x1.5a05ba3d3a6dep+1,0x1.5aca5185d0ac6p+1,33,15,3,3,-1.4769877055484097e-09,1.7637902930020391e-09,-0x1.95fdc51f11167p-30,0x1.e4d3b539acea4p-30,-1.4768154983297473e-07,1.7636182215144048e-07,-0x1.3d24ca6660d59p-23,0x1.7abbefe43059fp-23,0,0.0099999999989999998,0x0p+0,0x1.47ae147a548aep-7,83,83,3,100
flowstar_vdp_stock_reach_v1,stepwise,884,8.8399999999999999,0x1.1ae147ae147aep+3,0.01,0x1.47ae147ae147bp-7,2,0.97158742195847403,1.0600678669043657,0x1.f173e815087f9p-1,0x1.0f609b93e50d2p+0,-1.1848750497022902,-1.108535313823704,-0x1.2f53f8a451558p+0,-0x1.1bc8f867557adp+0,0.97158742195847403,1.0715511133307507,0x1.f173e815087f9p-1,0x1.12512c7bbf7a9p+0,-1.1848750497022902,-1.0987175748168068,-0x1.2f53f8a451558p+0,-0x1.19458e1360ed2p+0,-2.0131960471485151,2.0616309700712008,-0x1.01b06877783c8p+1,0x1.07e3860c70333p+1,-2.7032997893301021,2.7092992690462294,-0x1.5a05ba3d3a6dep+1,0x1.5aca5185d0ac6p+1,33,15,3,3,-1.4987034093914719e-09,1.7917172641184498e-09,-0x1.9bf5e076dc301p-30,0x1.ec80e4cfe8f78p-30,-1.4985382731909184e-07,1.7915522592212553e-07,-0x1.41cf0346fe937p-23,0x1.80bba085a2885p-23,0,0.0099999999989999998,0x0p+0,0x1.47ae147a548aep-7,84,84,3,100
flowstar_vdp_stock_reach_v1,stepwise,885,8.8499999999999996,0x1.1b33333333333p+3,0.01,0x1.47ae147ae147bp-7,2,0.9596895255189215,1.048933254726736,0x1.eb5c6cecd5c5ep-1,0x1.0c86e3c8bcf8ap+0,-1.1953501085237219,-1.1177972141983805,-0x1.320276f76122cp+0,-0x1.1e27f54e8abd5p+0,0.9596895255189215,1.0605154322987473,0x1.eb5c6cecd5c5ep-1,0x1.0f7df07aa05d3p+0,-1.1953501085237219,-1.1078282542011699,-0x1.320276f76122cp+0,-0x1.1b9aa1e960f9p+0,-2.0131960471485151,2.0616309700712008,-0x1.01b06877783c8p+1,0x1.07e3860c70333p+1,-2.7032997893301021,2.7092992690462294,-0x1.5a05ba3d3a6dep+1,0x1.5aca5185d0ac6p+1,33,15,3,3,-1.5205531535635533e-09,1.820138186549832e-09,-0x1.a1f76a769090fp-30,0x1.f450d6a284842p-30,-1.520395015220517e-07,1.8199818284707669e-07,-0x1.4680999333d4bp-23,0x1.86d68f239e1c1p-23,0,0.0099999999989999998,0x0p+0,0x1.47ae147a548aep-7,85,85,3,100
flowstar_vdp_stock_reach_v1,stepwise,886,8.8599999999999994,0x1.1b851eb851eb8p+3,0.01,0x1.47ae147ae147bp-7,2,0.94768608386034747,1.0377053011700099,0x1.e5371c421be83p-1,0x1.09a70dfb6938dp+0,-1.2059898571100183,-1.1271987288083667,-0x1.34bbc0539861cp+0,-0x1.2090188c53201p+0,0.94768608386034747,1.0493879362377794,0x1.e5371c421be83p-1,0x1.0ca4b012f54c5p+0,-1.2059898571100183,-1.1170757155056501,-0x1.34bbc0539861cp+0,-0x1.1df8ac9140a84p+0,-2.0131960471485151,2.0616309700712008,-0x1.01b06877783c8p+1,0x1.07e3860c70333p+1,-2.7032997893301021,2.7092992690462294,-0x1.5a05ba3d3a6dep+1,0x1.5aca5185d0ac6p+1,33,15,3,3,-1.5431384200193828e-09,1.8499326952332359e-09,-0x1.a82cb67419fd1p-30,0x1.fc8170c9a388fp-30,-1.5429775358959351e-07,1.849771916291296e-07,-0x1.4b5a164c8fc3fp-23,0x1.8d3c495a580a9p-23,0,0.0099999999989999998,0x0p+0,0x1.47ae147a548aep-7,86,86,3,100
flowstar_vdp_stock_reach_v1,stepwise,887,8.870000000000001,0x1.1bd70a3d70a3ep+3,0.01,0x1.47ae147ae147bp-7,2,0.93557543789756681,1.0263825939019176,0x1.df03be696bfedp-1,0x1.06c10279fe0cfp+0,-1.2167993080803852,-1.136740523386812,-0x1.378028d2002ccp+0,-0x1.23016d4bfbf9dp+0,0.93557543789756681,1.0381672412643153,0x1.df03be696bfedp-1,0x1.09c5540d023f2p+0,-1.2167993080803852,-1.1264605996117458,-0x1.378028d2002ccp+0,-0x1.205fb8cb90a3cp+0,-2.0131960471485151,2.0616309700712008,-0x1.01b06877783c8p+1,0x1.07e3860c70333p+1,-2.7032997893301021,2.7092992690462294,-0x1.5a05ba3d3a6dep+1,0x1.5aca5185d0ac6p+1,33,15,3,3,-1.5674086329602354e-09,1.8810677303328509e-09,-0x1.aed893bdc8fc8p-30,0x1.02882fdbd871p-29,-1.5672416407554163e-07,1.8809008410902156e-07,-0x1.5090053771ca6p-23,0x1.93eb9e05a4cffp-23,0,0.0099999999989999998,0x0p+0,0x1.47ae147a548aep-7,87,87,3,100
flowstar_vdp_stock_reach_v1,stepwise,888,8.8800000000000008,0x1.1c28f5c28f5c3p+3,0.01,0x1.47ae147ae147bp-7,2,0.92335592614954354,1.0149636659568235,0x1.d8c21ba2c299fp-1,0x1.03d4a8a7e9aefp+0,-1.2277780559040057,-1.1464287300829064,-0x1.3a4fa9a4daaa8p+0,-0x1.257c5a6ee6a1p+0,0.92335592614954354,1.0268519091016755,0x1.d8c21ba2c299fp-1,0x1.06dfc4476d46cp+0,-1.2277780559040057,-1.1359890155109074,-0x1.3a4fa9a4daaa8p+0,-0x1.22d02d163c0dbp+0,-2.0131960471485151,2.0616309700712008,-0x1.01b06877783c8p+1,0x1.07e3860c70333p+1,-2.7032997893301021,2.7092992690462294,-0x1.5a05ba3d3a6dep+1,0x1.5aca5185d0ac6p+1,33,15,3,3,-1.5918521335985837e-09,1.9126020823840532e-09,-0x1.b590a2b3eb9fp-30,0x1.06ddb40d12a48p-29,-1.5916789965761713e-07,1.9124290460511802e-07,-0x1.55cf7a6cb2f9p-23,0x1.9ab0e60f55bb2p-23,0,0.0099999999989999998,0x0p+0,0x1.47ae147a548aep-7,88,88,3,100
flowstar_vdp_stock_reach_v1,stepwise,889,8.8900000000000006,0x1.1c7ae147ae148p+3,0.01,0x1.47ae147ae147bp-7,2,0.91102584057332647,1.0034470394358417,0x1.d271fa9e258dcp-1,0x1.00e1e7b9a51c4p+0,-1.2389290717493202,-1.1562661491238599,-0x1.3d2a74a53a1a9p+0,-0x1.28010eeff5766p+0,0.91102584057332647,1.0154404907621628,0x1.d271fa9e258dcp-1,0x1.03f3e872db90ep+0,-1.2389290717493202,-1.1456637421781812,-0x1.3d2a74a53a1a9p+0,-0x1.254a3810de469p+0,-2.0131960471485151,2.0616309700712008,-0x1.01b06877783c8p+1,0x1.07e3860c70333p+1,-2.7032997893301021,2.7092992690462294,-0x1.5a05ba3d3a6dep+1,0x1.5aca5185d0ac6p+1,33,15,3,3,-1.6164442061319093e-09,1.9445174894168141e-09,-0x1.bc532618fc8a4p-30,0x1.0b40a07b43f96p-29,-1.6162648930479305e-07,1.9443382746742924e-07,-0x1.5b171a280cd5fp-23,0x1.a18b208771bbap-23,0,0.0099999999989999998,0x0p+0,0x1.47ae147a548aep-7,89,89,3,100
flowstar_vdp_stock_reach_v1,stepwise,890,8.9000000000000004,0x1.1cccccccccccdp+3,0.01,0x1.47ae147ae147bp-7,2,0.89858344334864904,0.99183120836441985,0x1.cc13210bd1ac2p-1,0x1.fbd14cd62799cp-1,-1.2502553386619966,-1.1662556096565724,-0x1.4010bbdf33e2dp+0,-0x1.2a8fba464063ap+0,0.89858344334864904,1.0039315093844663,0x1.cc13210bd1ac2p-1,0x1.0101a7c83aee6p+0,-1.2502553386619966,-1.1554875896407379,-0x1.4010bbdf33e2dp+0,-0x1.27ce08e070dacp+0,-2.0131960471485151,2.0616309700712008,-0x1.01b06877783c8p+1,0x1.07e3860c70333p+1,-2.7032997893301021,2.7092992690462294,-0x1.5a05ba3d3a6dep+1,0x1.5aca5185d0ac6p+1,33,15,3,3,-1.6412182886224317e-09,1.9768537347777548e-09,-0x1.c322784ad3d01p-30,0x1.0fb25b7c9344cp-29,-1.6410327741812645e-07,1.9766683162310469e-07,-0x1.6068bb183e91cp-23,0x1.a87c7d69ee39ap-23,0,0.0099999999989999998,0x0p+0,0x1.47ae147a548aep-7,90,90,3,100
flowstar_vdp_stock_reach_v1,stepwise,891,8.9100000000000001,0x1.1d1eb851eb852p+3,0.01,0x1.47ae147ae147bp-7,2,0.88602696645661516,0.98011463851701708,0x1.c5a553989c49ep-1,0x1.f5d195fd85dcdp-1,-1.2617598472066864,-1.1763999696629719,-0x1.4302b17f289efp+0,-0x1.2d288c64b7c57p+0,0.88602696645661516,0.99232346003581928,0x1.c5a553989c49ep-1,0x1.fc11d20fd097ap-1,-1.2617598472066864,-1.165463399136204,-0x1.4302b17f289efp+0,-0x1.2a5bcf2ff999p+0,-2.0131960471485151,2.0616309700712008,-0x1.01b06877783c8p+1,0x1.07e3860c70333p+1,-2.7032997893301021,2.7092992690462294,-0x1.5a05ba3d3a6dep+1,0x1.5aca5185d0ac6p+1,33,15,3,3,-1.6660921870007968e-09,2.0095348135388792e-09,-0x1.c9f8d09c33e31p-30,0x1.1430387991f69p-29,-1.6659004523109834e-07,2.0093431721723627e-07,-0x1.65bfd88d02e28p-23,0x1.af80cf2129f6dp-23,0,0.0099999999989999998,0x0p+0,0x1.47ae147a548aep-7,91,91,3,100
flowstar_vdp_stock_reach_v1,stepwise,892,8.9199999999999999,0x1.1d70a3d70a3d7p+3,0.01,0x1.47ae147ae147bp-7,2,0.87335461192450381,0.96829576704204701,0x1.bf2855f00d937p-1,0x1.efc476789a05fp-1,-1.2734455900426482,-1.1867021164401326,-0x1.460087ba77f6p+0,-0x1.2fcbb5bc34508p+0,0.87335461192450381,0.98061480931189726,0x1.bf2855f00d937p-1,0x1.f61324efef8d5p-1,-1.2734455900426482,-1.1755940438528873,-0x1.460087ba77f6p+0,-0x1.2cf3bb33b8756p+0,-2.0131960471485151,2.0616309700712008,-0x1.01b06877783c8p+1,0x1.07e3860c70333p+1,-2.7032997893301021,2.7092992690462294,-0x1.5a05ba3d3a6dep+1,0x1.5aca5185d0ac6p+1,33,15,3,3,-1.6910296284458588e-09,2.0425304230756765e-09,-0x1.d0d3a19e400efp-30,0x1.18b9268127c43p-29,-1.6908316615189101e-07,2.0423325467504978e-07,-0x1.6b1a74209c38bp-23,0x1.b6966b4d35b1bp-23,0,0.0099999999989999998,0x0p+0,0x1.47ae147a548aep-7,92,92,3,100
flowstar_vdp_stock_reach_v1,stepwise,893,8.9299999999999997,0x1.1dc28f5c28f5cp+3,0.01,0x1.47ae147ae147bp-7,2,0.86056455168433987,0.9563730022466953,0x1.b89beabb298b6p-1,0x1.e9a9b8deda917p-1,-1.2853155613786986,-1.1971649616687583,-0x1.490a70cd2950fp+0,-0x1.3279672648cf2p+0,0.86056455168433987,0.96880399509390747,0x1.b89beabb298b6p-1,0x1.f00713c653303p-1,-1.2853155613786986,-1.185882424276508,-0x1.490a70cd2950fp+0,-0x1.2f95fd952b366p+0,-2.0131960471485151,2.0616309700712008,-0x1.01b06877783c8p+1,0x1.07e3860c70333p+1,-2.7032997893301021,2.7092992690462294,-0x1.5a05ba3d3a6dep+1,0x1.5aca5185d0ac6p+1,33,15,3,3,-1.7159947314091578e-09,2.0758103682653595e-09,-0x1.d7b064ee88e06p-30,0x1.1d4c159a1e342p-29,-1.7157905276750209e-07,2.0756062522327876e-07,-0x1.707694f0ddcf1p-23,0x1.bdbba9134c7bcp-23,0,0.0099999999989999998,0x0p+0,0x1.47ae147a548aep-7,93,93,3,100
flowstar_vdp_stock_reach_v1,stepwise,894,8.9399999999999995,0x1.1e147ae147ae1p+3,0.01,0x1.47ae147ae147bp-7,2,0.84765492757970451,0.94434472336039188,0x1.b1ffd3a07f044p-1,0x1.e38126cdf7526p-1,-1.2973727513302162,-1.2077914410092143,-0x1.4c209ee1af505p+0,-0x1.3531d1e385f64p+0,0.84765492757970451,0.95688942628145013,0x1.b1ffd3a07f044p-1,0x1.e9ed692f88b85p-1,-1.2973727513302162,-1.1963314680836785,-0x1.4c209ee1af505p+0,-0x1.3242c77298565p+0,-2.0131960471485151,2.0616309700712008,-0x1.01b06877783c8p+1,0x1.07e3860c70333p+1,-2.7032997893301021,2.7092992690462294,-0x1.5a05ba3d3a6dep+1,0x1.5aca5185d0ac6p+1,33,15,3,3,-1.7409488547444935e-09,2.1093413352111192e-09,-0x1.de8c627438ec3p-30,0x1.21e7d9b3d78fdp-29,-1.7407384175393514e-07,2.1091309825993198e-07,-0x1.75d21b46dd20fp-23,0x1.c4eeb3b5d90f7p-23,0,0.0099999999989999998,0x0p+0,0x1.47ae147a548aep-7,94,94,3,100
flowstar_vdp_stock_reach_v1,stepwise,895,8.9500000000000011,0x1.1e66666666667p+3,0.01,0x1.47ae147ae147bp-7,2,0.83462385141534579,0.93220928031894223,0x1.ab53d14494b8fp-1,0x1.dd4a88e7febf5p-1,-1.3096201412455244,-1.2185845121186243,-0x1.4f4343fcd51ap+0,-0x1.37f52792f62bep+0,0.83462385141534579,0.94486948254296843,0x1.ab53d14494b8fp-1,0x1.e3c5eecd055f4p-1,-1.3096201412455244,-1.2069441284767706,-0x1.4f4343fcd51ap+0,-0x1.34fa4a57e82ep+0,-2.0131960471485151,2.0616309700712008,-0x1.01b06877783c8p+1,0x1.07e3860c70333p+1,-2.7032997893301021,2.7092992690462294,-0x1.5a05ba3d3a6dep+1,0x1.5aca5185d0ac6p+1,33,15,3,3,-1.7658499792401533e-09,2.1430861856080685e-09,-0x1.e564a53be6f09p-30,0x1.268b244b3a0ffp-29,-1.765633320350092e-07,2.1428696079642353e-07,-0x1.7b2ab7e2e19bep-23,0x1.cc2d80a658541p-23,0,0.0099999999989999998,0x0p+0,0x1.47ae147a548aep-7,95,95,3,100
flowstar_vdp_stock_reach_v1,stepwise,896,8.9600000000000009,0x1.1eb851eb851ecp+3,0.01,0x1.47ae147ae147bp-7,2,0.82146940505477939,0.91996499357046158,0x1.a497a34abfecfp-1,0x1.d705a6d1b330fp-1,-1.3220607019196164,-1.229547149129657,-0x1.527291f612519p+0,-0x1.3ac39a1a66e3bp+0,0.82146940505477939,0.93274251408471276,0x1.a497a34abfecfp-1,0x1.dd906d432a528p-1,-1.3220607020687565,-1.217723378852793,-0x1.527291f6b64ccp+0,-0x1.37bcb827bf534p+0,-2.0131960471485151,2.0616309700712008,-0x1.01b06877783c8p+1,0x1.07e3860c70333p+1,-2.7032997893301021,2.7092992690462294,-0x1.5a05ba3d3a6dep+1,0x1.5aca5185d0ac6p+1,33,15,3,3,-1.7906502012727713e-09,2.1770013511381135e-09,-0x1.ec35ce511a947p-30,0x1.2b346cf29211ep-29,-1.7904273414777304e-07,2.1767785689707809e-07,-0x1.807dc8b65497fp-23,0x1.d375aad9aafc5p-23,0,0.0099999999989999998,0x0p+0,0x1.47ae147a548aep-7,96,96,3,100
flowstar_vdp_stock_reach_v1,stepwise,897,8.9700000000000006,0x1.1f0a3d70a3d71p+3,0.01,0x1.47ae147ae147bp-7,2,0.8081896405701311,0.90761015390556055,0x1.9dcb08566dee3p-1,0x1.d0b2473115752p-1,-1.3346973790418226,-1.2406823492006127,-0x1.55aeba390aa2ap+0,-0x1.3d9d5bc28a847p+0,0.8081896405701311,0.92050684144045536,0x1.9dcb08566dee3p-1,0x1.d74cac3776476p-1,-1.3346973793831185,-1.2286722201197868,-0x1.55aeba3a81e4ep+0,-0x1.3a8a433aeb0fp+0,-2.0131960471485151,2.0616309700712008,-0x1.01b06877783c8p+1,0x1.07e3860c70333p+1,-2.7032997893301021,2.7092992690462294,-0x1.5a05ba3d3a6dep+1,0x1.5aca5185d0ac6p+1,33,15,3,3,-1.8152988026076798e-09,2.2110397961157317e-09,-0x1.f2fc4c0b40fa1p-30,0x1.2fe20c00f77bbp-29,-1.8150697725185009e-07,2.2108108397309207e-07,-0x1.85c88418eecp-23,0x1.dac49c7b32f5cp-23,0,0.0099999999989999998,0x0p+0,0x1.47ae147a548aep-7,97,97,3,100
flowstar_vdp_stock_reach_v1,stepwise,898,8.9800000000000004,0x1.1f5c28f5c28f6p+3,0.01,0x1.47ae147ae147bp-7,2,0.79478257983307765,0.89514302292359904,0x1.96edbe07a08d4p-1,0x1.ca502fb1661c8p-1,-1.3475332234996489,-1.2519929947228885,-0x1.58f7eff53456ep+0,-0x1.40829ce727e98p+0,0.79478257983307765,0.90816075589353384,0x1.96edbe07a08d4p-1,0x1.d0fa725425906p-1,-1.3475332240502151,-1.2397935429545952,-0x1.58f7eff791b18p+0,-0x1.3d631c10c82e6p+0,-2.0131960471485151,2.0616309700712008,-0x1.01b06877783c8p+1,0x1.07e3860c70333p+1,-2.7032997893301021,2.7092992690462294,-0x1.5a05ba3d3a6dep+1,0x1.5aca5185d0ac6p+1,33,14,3,3,-1.8397407403668915e-09,2.2451493826409126e-09,-0x1.f9b43ed9e1994p-30,0x1.34922bd89a5d8p-29,-1.8395055809382366e-07,2.2449142926538476e-07,-0x1.8b07e38716673p-23,0x1.e21777e97fe96p-23,0,0.0099999999989999998,0x0p+0,0x1.47ae147a548aep-7,98,98,3,100
flowstar_vdp_stock_reach_v1,stepwise,899,8.9900000000000002,0x1.1fae147ae147bp+3,0.01,0x1.47ae147ae147bp-7,2,0.78124729754812039,0.88256075017215496,0x1.8fffa5521d784p-1,0x1.c3df00ad71fcdp-1,-1.3605708713576847,-1.2634823595759179,-0x1.5c4e5f645f194p+0,-0x1.4373947573943p+0,0.78124729754812039,0.89570143656812684,0x1.8fffa5521d784p-1,0x1.ca9960f214a54p-1,-1.3605708721357395,-1.2510906345219972,-0x1.5c4e5f67b6943p+0,-0x1.404779cf9a97p+0,-2.0131960471485151,2.0616309700712008,-0x1.01b06877783c8p+1,0x1.07e3860c70333p+1,-2.7032997893301021,2.7092992690462294,-0x1.5a05ba3d3a6dep+1,0x1.5aca5185d0ac6p+1,33,14,3,3,-1.8638476849869097e-09,2.2791931475099391e-09,-0x1.002a4f7aaa8bap-29,0x1.393ffad1d5637p-29,-1.8636064457180152e-07,2.2789519730453441e-07,-0x1.9034d90b99c93p-23,0x1.e966b5ad4825p-23,0,0.0099999999989999998,0x0p+0,0x1.47ae147a548aep-7,99,99,3,100
flowstar_vdp_stock_reach_v1,stepwise,900,9,0x1.2p+3,0.01,0x1.47ae147ae147bp-7,2,0.76757756386463505,0.86986573079150808,0x1.88ffed2be2487p-1,0x1.bd5f0a835243p-1,-1.3738133127757559,-1.2751533331710763,-0x1.5fb23ab12e691p+0,-0x1.467072e75aec1p+0,0.76757756386463505,0.88313130802130546,0x1.88ffed2be2487p-1,0x1.c429c96c0ce84p-1,-1.3738133138006761,-1.2625664029830148,-0x1.5fb23ab595527p+0,-0x1.43378d41d724dp+0,-2.0131960471485151,2.0616309700712008,-0x1.01b06877783c8p+1,0x1.07e3860c70333p+1,-2.7032997893301021,2.7092992690462294,-0x1.5a05ba3d3a6dep+1,0x1.5aca5185d0ac6p+1,33,14,3,3,-1.8878263641584839e-09,2.3134206710982166e-09,-0x1.0375fc3867761p-29,0x1.3df440f1d280ap-29,-1.887579097429635e-07,2.3131734641240985e-07,-0x1.955ac21fda684p-23,0x1.f0c00e58dbabap-23,0,0.0099999999989999998,0x0p+0,0x1.47ae147a548aep-7,0,0,3,100
flowstar_vdp_stock_reach_v1,stepwise,901,9.0099999999999998,0x1.2051eb851eb85p+3,0.01,0x1.47ae147ae147bp-7,2,0.75377237554936538,0.85705504876822092,0x1.81ee73eb39bafp-1,0x1.b6cfeb5aa9924p-1,-1.3872642420286954,-1.2870093918057521,-0x1.6323bfd66c68ep+0,-0x1.4979728f7357ap+0,0.75377237554936538,0.87044748343966616,0x1.81ee73eb39bafp-1,0x1.bdab4ae4848a5p-1,-1.3872642433210747,-1.2742243493142642,-0x1.6323bfdbf9655p+0,-0x1.4633912412575p+0,-2.0131960471485151,2.0616309700712008,-0x1.01b06877783c8p+1,0x1.07e3860c70333p+1,-2.7032997893301021,2.7092992690462294,-0x1.5a05ba3d3a6dep+1,0x1.5aca5185d0ac6p+1,33,14,3,3,-1.9115270882499894e-09,2.3476701763646723e-09,-0x1.06b7e15d5d25p-29,0x1.42a94d101c265p-29,-1.9112738668231848e-07,2.3474170091908419e-07,-0x1.9a71645b8ad38p-23,0x1.f81a9d664cceep-23,0,0.0099999999989999998,0x0p+0,0x1.47ae147a548aep-7,1,1,3,100
flowstar_vdp_stock_reach_v1,stepwise,902,9.0199999999999996,0x1.20a3d70a3d70ap+3,0.01,0x1.47ae147ae147bp-7,2,0.7398336835470114,0.84412284014550876,0x1.7acb7b06a093cp-1,0x1.b030de707693cp-1,-1.4009245873628879,-1.2990527362775832,-0x1.66a2fe66e2ca4p+0,-0x1.4c8eb85a176ebp+0,0.7398336835470114,0.85764412778795829,0x1.7acb7b06a093cp-1,0x1.b71d2190e954ep-1,-1.4009245889445945,-1.2860667054166706,-0x1.66a2fe6dade51p+0,-0x1.493baae83d337p+0,-2.0131960471485151,2.0616309700712008,-0x1.01b06877783c8p+1,0x1.07e3860c70333p+1,-2.7032997893301021,2.7092992690462294,-0x1.5a05ba3d3a6dep+1,0x1.5aca5185d0ac6p+1,33,14,3,3,-1.9346346388415004e-09,2.3815869917522079e-09,-0x1.09e4e7ad5af72p-29,0x1.4752a493c41f2p-29,-1.9343755524240393e-07,2.3813279536028592e-07,-0x1.9f676badac56ep-23,0x1.ff62e383981f3p-23,0,0.0099999999989999998,0x0p+0,0x1.47ae147a548aep-7,2,2,3,100
flowstar_vdp_stock_reach_v1,stepwise,903,9.0299999999999994,0x1.20f5c28f5c28fp+3,0.01,0x1.47ae147ae147bp-7,2,0.72575735313487644,0.83106921803160072,0x1.739677c117756p-1,0x1.a981e79050e7dp-1,-1.4147979381671918,-1.3112868207263626,-0x1.6a30329ae0567p+0,-0x1.4fb07e3ab20f1p+0,0.72575735313487644,0.8447213827506046,0x1.739677c117756p-1,0x1.b07f52324a9f2p-1,-1.4147979400614275,-1.2980969634824433,-0x1.6a3032a303126p+0,-0x1.4c50152531aap+0,-2.0131960471485151,2.0616309700712008,-0x1.01b06877783c8p+1,0x1.07e3860c70333p+1,-2.7032997893301021,2.7092992690462294,-0x1.5a05ba3d3a6dep+1,0x1.5aca5185d0ac6p+1,33,14,3,3,-1.9571873291666799e-09,2.4152246598734095e-09,-0x1.0cfe6840ae3c7p-29,0x1.4bf229c1a64dbp-29,-1.9569224606554973e-07,2.4149598331233284e-07,-0x1.a43ef333ae4bap-23,0x1.034de911d3dbfp-22,0,0.0099999999989999998,0x0p+0,0x1.47ae147a548aep-7,3,3,3,100
flowstar_vdp_stock_reach_v1,stepwise,904,9.0400000000000009,0x1.2147ae147ae15p+3,0.01,0x1.47ae147ae147bp-7,2,0.71154123940819969,0.81789226154599282,0x1.6c4f222206ecap-1,0x1.a2c2c645fba83p-1,-1.4288869121765311,-1.3237146629315255,-0x1.6dcb885d7b0a4p+0,-0x1.52def6d286cdp+0,0.71154123940819969,0.83167735560570333,0x1.6c4f222206ecap-1,0x1.a9d19d464ceeap-1,-1.4288869144078904,-1.3103181868496436,-0x1.6dcb886710721p+0,-0x1.4f71033fdf8c7p+0,-2.0131960471485151,2.0616309700712008,-0x1.01b06877783c8p+1,0x1.07e3860c70333p+1,-2.7032997893301021,2.7092992690462294,-0x1.5a05ba3d3a6dep+1,0x1.5aca5185d0ac6p+1,33,14,3,3,-1.9790979214480398e-09,2.4484905631997452e-09,-0x1.10015152b8669p-29,0x1.50849a6047a32p-29,-1.978827373833179e-07,2.4482200502811886e-07,-0x1.a8f32f72bd925p-23,0x1.06e0290a77891p-22,0,0.0099999999989999998,0x0p+0,0x1.47ae147a548aep-7,4,4,3,100
flowstar_vdp_stock_reach_v1,stepwise,905,9.0500000000000007,0x1.219999999999ap+3,0.01,0x1.47ae147ae147bp-7,2,0.69718317138114438,0.80459002000187474,0x1.64f53150cea1dp-1,0x1.9bf3391d312bep-1,-1.4431940444641063,-1.336339266159758,-0x1.71752a36c15bcp+0,-0x1.561a5484844dp+0,0.69718317138114438,0.81851012332946882,0x1.64f53150cea1dp-1,0x1.a313c2464a3cdp-1,-1.4431940470586364,-1.3227334324403013,-0x1.71752a41e6131p+0,-0x1.529ea881a82bep+0,-2.0131960471485151,2.0616309700712008,-0x1.01b06877783c8p+1,0x1.07e3860c70333p+1,-2.7032997893301021,2.7092992690462294,-0x1.5a05ba3d3a6dep+1,0x1.5aca5185d0ac6p+1,33,14,3,3,-2.0002729336489797e-09,2.4812836907587108e-09,-0x1.12ea58e092e8fp-29,0x1.5506689c3640dp-29,-1.9999968353907017e-07,2.4810076195402773e-07,-0x1.ad7efd2216107p-23,0x1.0a656b0c58924p-22,0,0.0099999999989999998,0x0p+0,0x1.47ae147a548aep-7,5,5,3,100
flowstar_vdp_stock_reach_v1,stepwise,906,9.0600000000000005,0x1.21eb851eb851fp+3,0.01,0x1.47ae147ae147bp-7,2,0.68268095325612799,0.79116051269073706,0x1.5d885b9faca22p-1,0x1.9512fd9fc95fcp-1,-1.4577217673312848,-1.3491636226050483,-0x1.752d40f55aedbp+0,-0x1.5962c9840aa44p+0,0.68268095325612799,0.80521773229677462,0x1.5d885b9faca22p-1,0x1.9c457fa4bf73cp-1,-1.4577217703165442,-1.3353457548258327,-0x1.752d41022d418p+0,-0x1.55d93829d452ap+0,-2.0131960471485151,2.0616309700712008,-0x1.01b06877783c8p+1,0x1.07e3860c70333p+1,-2.7032997893301021,2.7092992690462294,-0x1.5a05ba3d3a6dep+1,0x1.5aca5185d0ac6p+1,33,14,3,3,-2.0224441530808652e-09,2.5153257922408682e-09,-0x1.15f66d77e8187p-29,0x1.59b42899eefap-29,-2.0221626484992561e-07,2.5150443064186275e-07,-0x1.b24191383605fp-23,0x1.0e0d02f07b9e8p-22,0,0.0099999999989999998,0x0p+0,0x1.47ae147a548aep-7,6,6,3,100
flowstar_vdp_stock_reach_v1,stepwise,907,9.0700000000000003,0x1.223d70a3d70a4p+3,0.01,0x1.47ae147ae147bp-7,2,0.6680323650009663,0.77760172953181894,0x1.56085690b286ep-1,0x1.8e21d05b4ded2p-1,-1.4724724112606049,-1.3621906945200695,-0x1.78f3f3b2a0664p+0,-0x1.5cb88783e114ep+0,0.6680323650009663,0.79179819884010094,0x1.56085690b286ep-1,0x1.956692d219919p-1,-1.4724724146657224,-1.3481581880200666,-0x1.78f3f3c1405dap+0,-0x1.5920e51f617c7p+0,-2.0131960471485151,2.0616309700712008,-0x1.01b06877783c8p+1,0x1.07e3860c70333p+1,-2.7032997893301021,2.7092992690462294,-0x1.5a05ba3d3a6dep+1,0x1.5aca5185d0ac6p+1,33,14,3,3,-2.0448603369061801e-09,2.5498527821219948e-09,-0x1.190b2080ac68dp-29,0x1.5e72f8142e1a6p-29,-2.0445735865276712e-07,2.5495660415694453e-07,-0x1.b7119f21ef1ecp-23,0x1.11c1f00de84eap-22,0,0.0099999999989999998,0x0p+0,0x1.47ae147a548aep-7,7,7,3,100
flowstar_vdp_stock_reach_v1,stepwise,908,9.0800000000000001,0x1.228f5c28f5c29p+3,0.01,0x1.47ae147ae147bp-7,2,0.6532351625138948,0.76391163232137016,0x1.4e74d6d730584p-1,0x1.871f6cebb561cp-1,-1.4874483633990034,-1.3754232359935081,-0x1.7cc96a7b4995ep+0,-0x1.601bbcb8c027dp+0,0.6532351625138948,0.7782495104014947,0x1.4e74d6d730584p-1,0x1.8e76b8469ad85p-1,-1.4874483672547347,-1.3611735679558894,-0x1.7cc96a8bd901cp+0,-0x1.5c75def68cd88p+0,-2.0131960471485151,2.0616309700712008,-0x1.01b06877783c8p+1,0x1.07e3860c70333p+1,-2.7032997893301021,2.7092992690462294,-0x1.5a05ba3d3a6dep+1,0x1.5aca5185d0ac6p+1,33,14,3,3,-2.0664590173454208e-09,2.5837862968656847e-09,-0x1.1c03101ef8f84p-29,0x1.631ce601ee0c7p-29,-2.0661671985436268e-07,2.5834944782774361e-07,-0x1.bbb4be345b62cp-23,0x1.15668e33dfa42p-22,0,0.0099999999989999998,0x0p+0,0x1.47ae147a548aep-7,8,8,3,100
flowstar_vdp_stock_reach_v1,stepwise,909,9.0899999999999999,0x1.22e147ae147aep+3,0.01,0x1.47ae147ae147bp-7,2,0.63828707568160215,0.750088158272745,0x1.46cd9047061f6p-1,0x1.800b8e19cbef8p-1,-1.5026522105486826,-1.3888636312095755,-0x1.80add0b591963p+0,-0x1.638c9122a6206p+0,0.63828707568160215,0.76456962896817349,0x1.46cd9047061f6p-1,0x1.8775ab9fddc71p-1,-1.5026522148874657,-1.3743943714831188,-0x1.80add0c834211p+0,-0x1.5fd84f3d53939p+0,-2.0131960471485151,2.0616309700712008,-0x1.01b06877783c8p+1,0x1.07e3860c70333p+1,-2.7032997893301021,2.7092992690462294,-0x1.5a05ba3d3a6dep+1,0x1.5aca5185d0ac6p+1,33,14,3,3,-2.0871408878301087e-09,2.617009180169861e-09,-0x1.1edabdd972766p-29,0x1.67add323248a4p-29,-2.0868441955249201e-07,2.6167124777672679e-07,-0x1.c025791113b99p-23,0x1.18f7a517ec613p-22,0,0.0099999999989999998,0x0p+0,0x1.47ae147a548aep-7,9,9,3,100
flowstar_vdp_stock_reach_v1,stepwise,910,9.0999999999999996,0x1.2333333333333p+3,0.01,0x1.47ae147ae147bp-7,2,0.62318581418994767,0.73612921608120074,0x1.3f1236068dcd7p-1,0x1.78e5edb965d2ep-1,-1.5180857381108173,-1.402514866858904,-0x1.84a14455b5c15p+0,-0x1.670b36dd5012dp+0,0.62318581418994767,0.750756487025251,0x1.3f1236068dcd7p-1,0x1.8063277e110cep-1,-1.5180857429668249,-1.3878236895581233,-0x1.84a1446a90fdfp+0,-0x1.634869cf44257p+0,-2.0131960471485151,2.0616309700712008,-0x1.01b06877783c8p+1,0x1.07e3860c70333p+1,-2.7032997893301021,2.7092992690462294,-0x1.5a05ba3d3a6dep+1,0x1.5aca5185d0ac6p+1,33,14,3,3,-2.1067915305979076e-09,2.6493840452755036e-09,-0x1.218e231ab3265p-29,0x1.6c20e9ff85544p-29,-2.1064901780202813e-07,2.649082671575139e-07,-0x1.c45d85b0a2267p-23,0x1.1c716e1508225p-22,0,0.0099999999989999998,0x0p+0,0x1.47ae147a548aep-7,10,10,3,100
flowstar_vdp_stock_reach_v1,stepwise,911,9.1099999999999994,0x1.23851eb851eb8p+3,0.01,0x1.47ae147ae147bp-7,2,0.60792906517549505,0.72203269026757488,0x1.37427a7a6ee6bp-1,0x1.71ae44ceaf2bep-1,-1.5337513533763887,-1.4163790972228694,-0x1.88a3edbef2842p+0,-0x1.6a97d20d4f6b2p+0,0.60792906517549505,0.73680799177934508,0x1.37427a7a6ee6bp-1,0x1.793ee5a83f58cp-1,-1.5337513587855769,-1.4014637931484868,-0x1.88a3edd62dfb4p+0,-0x1.66c654c619d1fp+0,-2.0131960471485151,2.0616309700712008,-0x1.01b06877783c8p+1,0x1.07e3860c70333p+1,-2.7032997893301021,2.7092992690462294,-0x1.5a05ba3d3a6dep+1,0x1.5aca5185d0ac6p+1,33,14,3,3,-2.1252898592253193e-09,2.6807626895800019e-09,-0x1.2418fd3c728cap-29,0x1.7070f3b32102bp-29,-2.1249840785419678e-07,2.680456876026039e-07,-0x1.c8563c336e8f5p-23,0x1.1fcfd66b38af1p-22,0,0.0099999999989999998,0x0p+0,0x1.47ae147a548aep-7,11,11,3,100
flowstar_vdp_stock_reach_v1,stepwise,912,9.120000000000001,0x1.23d70a3d70a3ep+3,0.01,0x1.47ae147ae147bp-7,2,0.59251450107166115,0.70779643565975581,0x1.2f5e0f89045f9p-1,0x1.6a644b5ec49e3p-1,-1.5496507618125703,-1.4304589319964274,-0x1.8cb5e98e34db9p+0,-0x1.6e328e7b321c4p+0,0.59251450107166115,0.72272201951156334,0x1.2f5e0f89045f9p-1,0x1.72089edbcd6f2p-1,-1.5496507678127234,-1.4153174219189781,-0x1.8cb5e9a7fa188p+0,-0x1.6a523e1899de1p+0,-2.0131960471485151,2.0616309700712008,-0x1.01b06877783c8p+1,0x1.07e3860c70333p+1,-2.7032997893301021,2.7092992690462294,-0x1.5a05ba3d3a6dep+1,0x1.5aca5185d0ac6p+1,33,14,3,3,-2.1425032150415261e-09,2.7109798735880271e-09,-0x1.2676a15c9f11ep-29,0x1.74981fe5a1c93p-29,-2.1421932580119669e-07,2.7106698712159474e-07,-0x1.cc0851ded4a3fp-23,0x1.230e5378c5e53p-22,0,0.0099999999989999998,0x0p+0,0x1.47ae147a548aep-7,12,12,3,100
flowstar_vdp_stock_reach_v1,stepwise,913,9.1300000000000008,0x1.2428f5c28f5c3p+3,0.01,0x1.47ae147ae147bp-7,2,0.57693978173874105,0.6934182778286051,0x1.2764a6aca8963p-1,0x1.6307b87371ebap-1,-1.5657848976932687,-1.4447574816876227,-0x1.90d7477029cdbp+0,-0x1.71dba0567fe9ap+0,0.57693978173874105,0.70849641587609169,0x1.2764a6aca8963p-1,0x1.6ac00acf0ac45p-1,-1.5657849043240382,-1.4293878305380423,-0x1.90d7478ca4696p+0,-0x1.6dec5c6176169p+0,-2.0131960471485151,2.0616309700712008,-0x1.01b06877783c8p+1,0x1.07e3860c70333p+1,-2.7032997893301021,2.7092992690462294,-0x1.5a05ba3d3a6dep+1,0x1.5aca5185d0ac6p+1,33,14,3,3,-2.1656793033129962e-09,2.7472449074426039e-09,-0x1.29a61101be38ep-29,0x1.799416486ca8cp-29,-2.1653654430294339e-07,2.7469309886283794e-07,-0x1.d1023961e0eefp-23,0x1.26f31066b83dfp-22,0,0.0099999999989999998,0x0p+0,0x1.47ae147a548aep-7,13,13,3,100
flowstar_vdp_stock_reach_v1,stepwise,914,9.1400000000000006,0x1.247ae147ae148p+3,0.01,0x1.47ae147ae147bp-7,2,0.56120255054838875,0.67889601985082904,0x1.1f55f0d21300fp-1,0x1.5b98425549aa5p-1,-1.5821549862511373,-1.4592772663770781,-0x1.95081bf326e72p+0,-0x1.759331e6e2c5dp+0,0.56120255054838875,0.69412900251643839,0x1.1f55f0d21300fp-1,0x1.6364e06a06c2cp-1,-1.582154993554074,-1.4436776983890636,-0x1.95081c1284911p+0,-0x1.7194dc948bab2p+0,-2.0131960471485151,2.0616309700712008,-0x1.01b06877783c8p+1,0x1.07e3860c70333p+1,-2.7032997893301021,2.7092992690462294,-0x1.5a05ba3d3a6dep+1,0x1.5aca5185d0ac6p+1,33,14,3,3,-2.2182524962587914e-09,2.8129478040210189e-09,-0x1.30dfd23b2b4e1p-29,0x1.829bcd5d2f543p-29,-2.2179350302021918e-07,2.8126302655479036e-07,-0x1.dc4c448c70c14p-23,0x1.2e00fdf6574c4p-22,0,0.0099999999989999998,0x0p+0,0x1.47ae147a548aep-7,14,14,3,100
flowstar_vdp_stock_reach_v1,stepwise,915,9.1500000000000004,0x1.24ccccccccccdp+3,0.01,0x1.47ae147ae147bp-7,2,0.54530043917321702,0.66422744066660822,0x1.17319e817c9f8p-1,0x1.54159e7d89a86p-1,-1.5987620361601702,-1.4740206923220687,-0x1.9948780364f0ep+0,-0x1.79596b8b268b5p+0,0.54530043917321702,0.67961757526669098,0x1.17319e817c9f8p-1,0x1.5bf6d5b71d50bp-1,-1.5987620441787493,-1.4581896071717673,-0x1.99487825d5764p+0,-0x1.754bea022b79dp+0,-2.0131960471485151,2.0616309700712008,-0x1.01b06877783c8p+1,0x1.07e3860c70333p+1,-2.7032997893301021,2.7092992690462294,-0x1.5a05ba3d3a6dep+1,0x1.5aca5185d0ac6p+1,33,14,3,3,-2.2713095424534985e-09,2.8791241817036251e-09,-0x1.382a999e3a0c8p-29,0x1.8bb42d2f0a163p-29,-2.2709887848746087e-07,2.878803337154693e-07,-0x1.e7b0edc44253cp-23,0x1.351bf18e97d72p-22,0,0.0099999999989999998,0x0p+0,0x1.47ae147a548aep-7,15,15,3,100
flowstar_vdp_stock_reach_v1,stepwise,916,9.1600000000000001,0x1.251eb851eb852p+3,0.01,0x1.47ae147ae147bp-7,2,0.52923106896894279,0.64941029716469967,0x1.0ef75fea7f598p-1,0x1.4c7f81a8041c1p-1,-1.6156070378573415,-1.4889898205631908,-0x1.9d986c3ec8e32p+0,-0x1.7d2e6fd76554p+0,0.52923106896894279,0.66495990607004252,0x1.0ef75fea7f598p-1,0x1.54759ff371b27p-1,-1.615607046636977,-1.4729258105523606,-0x1.9d986c647e32dp+0,-0x1.7911aa79c1b5dp+0,-2.0131960471485151,2.0616309700712008,-0x1.01b06877783c8p+1,0x1.07e3860c70333p+1,-2.7032997893301021,2.7092992690462294,-0x1.5a05ba3d3a6dep+1,0x1.5aca5185d0ac6p+1,33,14,3,3,-2.3247366404985706e-09,2.9456015114295304e-09,-0x1.3f826622c1adcp-29,0x1.94d723bd0f1f7p-29,-2.3244129272498917e-07,2.945277696033685e-07,-0x1.f329f3ba6a0a6p-23,0x1.3c3f2d45be752p-22,0,0.0099999999989999998,0x0p+0,0x1.47ae147a548aep-7,16,16,3,100
flowstar_vdp_stock_reach_v1,stepwise,917,9.1699999999999999,0x1.2570a3d70a3d7p+3,0.01,0x1.47ae147ae147bp-7,2,0.51299205607052145,0.63444232289421576,0x1.06a6e50fdc832p-1,0x1.44d59fc80ecfcp-1,-1.6326904421545083,-1.5041868531953597,-0x1.a1f800358b9eep+0,-0x1.811263bd8c16dp+0,0.51299205607052145,0.65015374151332828,0x1.06a6e50fdc832p-1,0x1.4ce0f38257f3ep-1,-1.6326904517425573,-1.4878887215244936,-0x1.a1f8005eb9cacp+0,-0x1.7ce6467708f29p+0,-2.0131960471485151,2.0616309700712008,-0x1.01b06877783c8p+1,0x1.07e3860c70333p+1,-2.7032997893301021,2.7092992690462294,-0x1.5a05ba3d3a6dep+1,0x1.5aca5185d0ac6p+1,33,14,3,3,-2.3784311914421734e-09,3.0122100869586253e-09,-0x1.46e39ba7aec79p-29,0x1.9dfeb8734be8bp-29,-2.3781048803184527e-07,3.0118836579454116e-07,-0x1.feb1b2ca47b58p-23,0x1.4366070fd7adep-22,0,0.0099999999989999998,0x0p+0,0x1.47ae147a548aep-7,17,17,3,100
flowstar_vdp_stock_reach_v1,stepwise,918,9.1799999999999997,0x1.25c28f5c28f5cp+3,0.01,0x1.47ae147ae147bp-7,2,0.49658101358206186,0.61932123004489603,0x1.fc7fbbb499134p-2,0x1.3d17ac1985cbep-1,-1.6500122687299223,-1.5196139875360481,-0x1.a667343c319b9p+0,-0x1.85056c1b02f04p+0,0.49658101358206186,0.63519680461892225,0x1.fc7fbbb499134p-2,0x1.453883fcb9548p-1,-1.6500122791756766,-1.5030807677140501,-0x1.a66734690ed6p+0,-0x1.80c9e6b494133p+0,-2.0131960471485151,2.0616309700712008,-0x1.01b06877783c8p+1,0x1.07e3860c70333p+1,-2.7032997893301021,2.7092992690462294,-0x1.5a05ba3d3a6dep+1,0x1.5aca5185d0ac6p+1,33,14,3,3,-2.4330544582045284e-09,3.0795348211213591e-09,-0x1.4e657e4d7cb42p-29,0x1.a73f7fbee9af3p-29,-2.4327259293150771e-07,3.0792061581102116e-07,-0x1.053642db80cfcp-22,0x1.4aa0930a813cdp-22,0,0.0099999999989999998,0x0p+0,0x1.47ae147a548aep-7,18,18,3,100
flowstar_vdp_stock_reach_v1,stepwise,919,9.1899999999999995,0x1.26147ae147ae1p+3,0.01,0x1.47ae147ae147bp-7,2,0.47999555302691221,0.60404471255204351,0x1.eb83f449e7724p-2,0x1.3545593b772abp-1,-1.6675723854534201,-1.5352730971578701,-0x1.aae6061b3c328p+0,-0x1.8907a85eb8c03p+0,0.47999555302691221,0.62008679774969999,0x1.eb83f449e7724p-2,0x1.3d7c044a085c2p-1,-1.6675723968080818,-1.5185040735946471,-0x1.aae6064c00c7ap+0,-0x1.84bcaed6ee899p+0,-2.0131960471485151,2.0616309700712008,-0x1.01b06877783c8p+1,0x1.07e3860c70333p+1,-2.7032997893301021,2.7092992690462294,-0x1.5a05ba3d3a6dep+1,0x1.5aca5185d0ac6p+1,33,14,3,3,-2.4877470711762738e-09,3.1466298237952196e-09,-0x1.55e9d190c37ecp-29,0x1.b07831cdc812p-29,-2.4874167268585816e-07,3.1462993287268478e-07,-0x1.0b159721ad9d2p-22,0x1.51d4d141c7b54p-22,0,0.0099999999989999998,0x0p+0,0x1.47ae147a548aep-7,19,19,3,100
flowstar_vdp_stock_reach_v1,stepwise,920,9.2000000000000011,0x1.2666666666667p+3,0.01,0x1.47ae147ae147bp-7,2,0.46323328876658371,0.58861044664092976,0x1.da59d3c6af1afp-2,0x1.2d5e5934d0411p-1,-1.6853703128533624,-1.5511658853856045,-0x1.af746dc75abf3p+0,-0x1.8d19351c66ed2p+0,0.46323328876658371,0.60482140294141329,0x1.da59d3c6af1afp-2,0x1.35ab26a31bc13p-1,-1.6853703251700043,-1.534160615213374,-0x1.af746dfc4109bp+0,-0x1.88bec00527162p+0,-2.0131960471485151,2.0616309700712008,-0x1.01b06877783c8p+1,0x1.07e3860c70333p+1,-2.7032997893301021,2.7092992690462294,-0x1.5a05ba3d3a6dep+1,0x1.5aca5185d0ac6p+1,33,14,3,3,-2.54223558040107e-09,3.2131239523848781e-09,-0x1.5d66f66cd7958p-29,0x1.b99bbfab57ffbp-29,-2.5419038453535208e-07,3.2127920496735625e-07,-0x1.10ef52244c5d5p-22,0x1.58f88e2f176c8p-22,0,0.0099999999989999998,0x0p+0,0x1.47ae147a548aep-7,20,20,3,100
flowstar_vdp_stock_reach_v1,stepwise,921,9.2100000000000009,0x1.26b851eb851ecp+3,0.01,0x1.47ae147ae147bp-7,2,0.44629184122539262,0.57301609299819778,0x1.c900ba7a2384bp-2,0x1.25625d870495ap-1,-1.7034052160051265,-1.5672938488875938,-0x1.b4125d3e93ecfp+0,-0x1.913a2b7031b5ep+0,0.44629184122253862,0.58939828385240278,0x1.c900ba7a16f76p-2,0x1.2dc59ca2eddf6p-1,-1.7034052304802507,-1.5500521839140979,-0x1.b4125d7cbf7e3p+0,-0x1.8cd0384d01223p+0,-2.0131960471485151,2.0616309700712008,-0x1.01b06877783c8p+1,0x1.07e3860c70333p+1,-2.7032997893301021,2.7092992690462294,-0x1.5a05ba3d3a6dep+1,0x1.5aca5185d0ac6p+1,33,14,3,3,-2.5963077716876022e-09,3.2786950647611707e-09,-0x1.64d5756d1cf04p-29,0x1.c29ed3be6c48cp-29,-2.5959750928890334e-07,3.2783622012346612e-07,-0x1.16bd9eb86635ap-22,0x1.6002ef1b2578ep-22,0,0.0099999999989999998,0x0p+0,0x1.47ae147a548aep-7,21,21,3,100
flowstar_vdp_stock_reach_v1,stepwise,922,9.2200000000000006,0x1.270a3d70a3d71p+3,0.01,0x1.47ae147ae147bp-7,2,0.42916883814216777,0.557259301374184,0x1.b778093121b7ep-2,0x1.1d511755967dcp-1,-1.7216767122871601,-1.5836574228276212,-0x1.b8bfce158ee33p+0,-0x1.956a92a71cbe3p+0,0.42916883800065919,0.57381509025566224,0x1.b778092eb35b6p-2,0x1.25cb176d32dfp-1,-1.7216767832975877,-1.5661794819108894,-0x1.b8bfcf468badap+0,-0x1.90f123767936ep+0,-2.0131960471485151,2.0616309700712008,-0x1.01b06877783c8p+1,0x1.07e3860c70333p+1,-2.7032997893301021,2.7092992690462294,-0x1.5a05ba3d3a6dep+1,0x1.5aca5185d0ac6p+1,33,14,3,3,-2.6497294390193622e-09,3.3429856576754851e-09,-0x1.6c2d11074540cp-29,0x1.cb74d9eca714cp-29,-2.6493962852725441e-07,3.3426523021407974e-07,-0x1.1c7a0cf13e7c3p-22,0x1.66ea2078f0afp-22,0,0.0099999999989999998,0x0p+0,0x1.47ae147a548aep-7,22,22,3,100
flowstar_vdp_stock_reach_v1,stepwise,923,9.2300000000000004,0x1.275c28f5c28f6p+3,0.01,0x1.47ae147ae147bp-7,2,0.4118619272354912,0.54133770425584937,0x1.a5bf220fc69f2p-2,0x1.152a372fbdbe6p-1,-1.7401822874628781,-1.600258515033915,-0x1.bd7c961dbb45bp+0,-0x1.99aa8ac337583p+0,0.4118619269443034,0.55806945107308081,0x1.a5bf220ac5f6dp-2,0x1.1dbb477282d8p-1,-1.740182419476701,-1.5825448129412432,-0x1.bd7c9854ba017p+0,-0x1.9521a828097dep+0,-2.0131960471485151,2.0616309700712008,-0x1.01b06877783c8p+1,0x1.07e3860c70333p+1,-2.7032997893301021,2.7092992690462294,-0x1.5a05ba3d3a6dep+1,0x1.5aca5185d0ac6p+1,33,14,3,3,-2.7022865400484894e-09,3.4056437931119486e-09,-0x1.7366414f43589p-29,0x1.d411703c381d2p-29,-2.7019534020523032e-07,3.4053104364499623e-07,-0x1.221ebac5dcb13p-22,0x1.6da475e5121dap-22,0,0.0099999999989999998,0x0p+0,0x1.47ae147a548aep-7,23,23,3,100
flowstar_vdp_stock_reach_v1,stepwise,924,9.2400000000000002,0x1.27ae147ae147bp+3,0.01,0x1.47ae147ae147bp-7,2,0.39436877231296208,0.52524892760687036,0x1.93d5684e9764p-2,0x1.0ced6d6ca941cp-1,-1.7589197873347018,-1.6170979618594072,-0x1.c2489132e3cb3p+0,-0x1.9dfa21cc9d49fp+0,0.39436877186048053,0.54215898523396644,0x1.93d56846d15b1p-2,0x1.1595dccd9ff73p-1,-1.7589199850574719,-1.5991493862882218,-0x1.c24894841a475p+0,-0x1.9961daab86c11p+0,-2.0131960471485151,2.0616309700712008,-0x1.01b06877783c8p+1,0x1.07e3860c70333p+1,-2.7032997893301021,2.7092992690462294,-0x1.5a05ba3d3a6dep+1,0x1.5aca5185d0ac6p+1,33,14,3,3,-2.7536537769198596e-09,3.4661904199556422e-09,-0x1.7a75943f4e381p-29,0x1.dc63bbc4754c5p-29,-2.7533211664791145e-07,3.4658575743542004e-07,-0x1.27a2b747c1312p-22,0x1.7424c48026fe2p-22,0,0.0099999999989999998,0x0p+0,0x1.47ae147a548aep-7,24,24,3,100
flowstar_vdp_stock_reach_v1,stepwise,925,9.25,0x1.28p+3,0.01,0x1.47ae147ae147bp-7,2,0.37668706059479523,0.5089905909320821,0x1.81ba40b852f5dp-2,0x1.049a6a2c0ccdbp-1,-1.7778865581196401,-1.6341763325086891,-0x1.c72392cf1f321p+0,-0x1.a259615005a48p+0,0.37668705996880131,0.52608130133533426,0x1.81ba40ad91cf5p-2,0x1.0d5a87408b75ap-1,-1.7778868264998442,-1.6159941726808675,-0x1.c723974fce59cp+0,-0x1.9db1cb4a30dfp+0,-2.0131960471485151,2.0616309700712008,-0x1.01b06877783c8p+1,0x1.07e3860c70333p+1,-2.7032997893301021,2.7092992690462294,-0x1.5a05ba3d3a6dep+1,0x1.5aca5185d0ac6p+1,33,14,3,3,-2.8034869137464192e-09,3.5241103398410908e-09,-0x1.814eed3d7bf82p-29,0x1.e4599c06d1fd8p-29,-2.8031553630252906e-07,3.523778538071481e-07,-0x1.2cfc8c435a592p-22,0x1.7a5ce30c65ep-22,0,0.0099999999989999998,0x0p+0,0x1.47ae147a548aep-7,25,25,3,100
flowstar_vdp_stock_reach_v1,stepwise,926,9.2599999999999998,0x1.2851eb851eb85p+3,0.01,0x1.47ae147ae147bp-7,2,0.35881450799920533,0.49256030994763805,0x1.6f6d1204bf674p-2,0x1.f861bada2183bp-2,-1.7970794185550614,-1.6514938987558105,-0x1.cc0d659302392p+0,-0x1.a6c84ddcb3224p+0,0.35881450718686414,0.509834000018764,0x1.6f6d11f6cab06p-2,0x1.0508f648f05c6p-1,-1.7970797627888357,-1.6330798754771632,-0x1.cc0d6b597b42cp+0,-0x1.a21185d0ee1f8p+0,-2.0131960471485151,2.0616309700712008,-0x1.01b06877783c8p+1,0x1.07e3860c70333p+1,-2.7032997893301021,2.7092992690462294,-0x1.5a05ba3d3a6dep+1,0x1.5aca5185d0ac6p+1,33,14,3,3,-2.9222232768847596e-09,3.6496512945188491e-09,-0x1.91a097525dc2fp-29,0x1.f59ab06b88b4p-29,-2.921893348500659e-07,3.6493211000524997e-07,-0x1.39bc648e35a5bp-22,0x1.87d7c64a8a6abp-22,0,0.0099999999989999998,0x0p+0,0x1.47ae147a548aep-7,26,26,3,100
flowstar_vdp_stock_reach_v1,stepwise,927,9.2699999999999996,0x1.28a3d70a3d70ap+3,0.01,0x1.47ae147ae147bp-7,2,0.34074886455509201,0.47595569979926844,0x1.5ced4535a72cp-2,0x1.e760ee53ee3c4p-2,-1.8164946100319115,-1.6690506236956706,-0x1.d105ca6f72847p+0,-0x1.ab46e6d4242ccp+0,0.3407488635429422,0.49341467688058499,0x1.5ced452443b0ap-2,0x1.f941b272462a1p-2,-1.8164950355668494,-1.6504069209076033,-0x1.d105d1931b213p+0,-0x1.a681116663e52p+0,-2.0131960471485151,2.0616309700712008,-0x1.01b06877783c8p+1,0x1.07e3860c70333p+1,-2.7032997893301021,2.7092992690462294,-0x1.5a05ba3d3a6dep+1,0x1.5aca5185d0ac6p+1,33,14,3,3,-3.0474739071963063e-09,3.7802147047078897e-09,-0x1.a2d774b4ab746p-29,0x1.03c63d8916b83p-28,-3.0471461721600034e-07,3.7798866896781391e-07,-0x1.472f50f2317b7p-22,0x1.95dcbbf2dad88p-22,0,0.0099999999989999998,0x0p+0,0x1.47ae147a548aep-7,27,27,3,100
flowstar_vdp_stock_reach_v1,stepwise,928,9.2799999999999994,0x1.28f5c28f5c28fp+3,0.01,0x1.47ae147ae147bp-7,2,0.32248792043180041,0.4591743779165674,0x1.4a3a45fe7043ap-2,0x1.d631cee1404f1p-2,-1.8361277639268494,-1.686846130313288,-0x1.d60c781957eadp+0,-0x1.afd525e31468fp+0,0.32248791920574676,0.47682092500305256,0x1.4a3a45e96005fp-2,0x1.e843be9bbf0ebp-2,-1.8361282764647395,-1.667975428157991,-0x1.d60c80b2ad498p+0,-0x1.ab00700a785dp+0,-2.0131960471485151,2.0616309700712008,-0x1.01b06877783c8p+1,0x1.07e3860c70333p+1,-2.7032997893301021,2.7092992690462294,-0x1.5a05ba3d3a6dep+1,0x1.5aca5185d0ac6p+1,33,14,3,3,-3.17299659070823e-09,3.9093270840872913e-09,-0x1.b417e486f1866p-29,0x1.0ca59bffc9459p-28,-3.172671635859682e-07,3.9090018367445662e-07,-0x1.54a9bbdecf864p-22,0x1.a3b9d30624308p-22,0,0.0099999999989999998,0x0p+0,0x1.47ae147a548aep-7,28,28,3,100
flowstar_vdp_stock_reach_v1,stepwise,929,9.2900000000000009,0x1.2947ae147ae15p+3,0.01,0x1.47ae147ae147bp-7,2,0.3040295121599883,0.44221396797450718,0x1.3753832efbe34p-2,0x1.c4d3bd0923bccp-2,-1.8559738623605493,-1.7048796735982699,-0x1.db211a6111c1ep+0,-0x1.b472fe89b83fdp+0,0.30402951070529699,0.46005033857755684,0x1.37538315fe167p-2,0x1.d7176f9ad13cep-2,-1.8559744678588634,-1.6857851830120962,-0x1.db212489aa31cp+0,-0x1.af8f9e251e4acp+0,-2.0131960471485151,2.0616309700712008,-0x1.01b06877783c8p+1,0x1.07e3860c70333p+1,-2.7032997893301021,2.7092992690462294,-0x1.5a05ba3d3a6dep+1,0x1.5aca5185d0ac6p+1,33,14,3,3,-3.2981671953611169e-09,4.0361098543813391e-09,-0x1.c54bf11aa430ap-29,0x1.155bfed612652p-28,-3.2978456225660192e-07,4.035787978306302e-07,-0x1.621a7d7ec3f7bp-22,0x1.b156e52e19403p-22,0,0.0099999999989999998,0x0p+0,0x1.47ae147a548aep-7,29,29,3,100
flowstar_vdp_stock_reach_v1,stepwise,930,9.3000000000000007,0x1.299999999999ap+3,0.01,0x1.47ae147ae147bp-7,2,0.28537152927267528,0.42507210363981196,0x1.24386f25be1a4p-2,0x1.b34619fe4cb68p-2,-1.8760271968442874,-1.7231501117286261,-0x1.e0435180da4f1p+0,-0x1.b9205d9ff9235p+0,0.28537152757397305,0.44310051629737796,0x1.24386f088f219p-2,0x1.c5bc24495a107p-2,-1.8760279015162247,-1.7038356105705459,-0x1.e0435d53654c3p+0,-0x1.b42e92112922cp+0,-2.0131960471485151,2.0616309700712008,-0x1.01b06877783c8p+1,0x1.07e3860c70333p+1,-2.7032997893301021,2.7092992690462294,-0x1.5a05ba3d3a6dep+1,0x1.5aca5185d0ac6p+1,33,14,3,3,-3.4222800128253182e-09,4.1595781010742099e-09,-0x1.d65ac5fb251f7p-29,0x1.1dd81262d1f6ap-28,-3.4219624369993203e-07,4.159260213214812e-07,-0x1.6f6e2fee7559p-22,0x1.be98dfca8c681p-22,0,0.0099999999989999998,0x0p+0,0x1.47ae147a548aep-7,30,30,3,100
flowstar_vdp_stock_reach_v1,stepwise,931,9.3100000000000005,0x1.29eb851eb851fp+3,0.01,0x1.47ae147ae147bp-7,2,0.26651192155803494,0.40774643271883265,0x1.10e8804c57f04p-2,0x1.a18847e65a29fp-2,-1.896281325409763,-1.7416558757180776,-0x1.e572b164a684fp+0,-0x1.bddd28d3186b1p+0,0.26651191959931186,0.4259690651366087,0x1.10e8802ab1622p-2,0x1.b4313c0f7a4b6p-2,-1.8962821357226367,-1.722125746431121,-0x1.e572befceaf23p+0,-0x1.b8dd3ba08570ep+0,-2.0131960471485151,2.0616309700712008,-0x1.01b06877783c8p+1,0x1.07e3860c70333p+1,-2.7032997893301021,2.7092992690462294,-0x1.5a05ba3d3a6dep+1,0x1.5aca5185d0ac6p+1,33,14,3,3,-3.5445417215963875e-09,4.2786329347807703e-09,-0x1.e728798d9bfb3p-29,0x1.260681b0d3ee5p-28,-3.544228768433137e-07,4.2783196631870861e-07,-0x1.7c8f04c0551f3p-22,0x1.cb618e305c492p-22,0,0.0099999999989999998,0x0p+0,0x1.47ae147a548aep-7,31,31,3,100
flowstar_vdp_stock_reach_v1,stepwise,932,9.3200000000000003,0x1.2a3d70a3d70a4p+3,0.01,0x1.47ae147ae147bp-7,2,0.24744870615803946,0.39023462162093175,0x1.fac663231720fp-3,0x1.8f99aa2683edbp-2,-1.9167290363110971,-1.760394929456663,-0x1.eaaec10e3ff03p+0,-0x1.c2a93dfa0f832p+0,0.24744870392265664,0.40865360442932813,0x1.fac662d6487e5p-3,0x1.a2761729aa7b1p-2,-1.9167299589828339,-1.7406541982499841,-0x1.eaaed089183ddp+0,-0x1.bd9b837720f7ep+0,-2.0131960471485151,2.0616309700712008,-0x1.01b06877783c8p+1,0x1.07e3860c70333p+1,-2.7032997893301021,2.7092992690462294,-0x1.5a05ba3d3a6dep+1,0x1.5aca5185d0ac6p+1,33,14,3,3,-3.6640653250415802e-09,4.3920538339015684e-09,-0x1.f795d6770ca76p-29,0x1.2dd1d4027efe4p-28,-3.6637576284277312e-07,4.3917458151418264e-07,-0x1.89649a5410af7p-22,0x1.d78f63c6a1a7cp-22,0,0.0099999999989999998,0x0p+0,0x1.47ae147a548aep-7,32,32,3,100
flowstar_vdp_stock_reach_v1,stepwise,933,9.3300000000000001,0x1.2a8f5c28f5c29p+3,0.01,0x1.47ae147ae147bp-7,2,0.2281799758977629,0.3725343601508761,0x1.d35005f0a9e6ep-3,0x1.7d79a5b5efebfp-2,-1.9373622824517662,-1.7793647560191463,-0x1.eff6f97ba25e4p+0,-0x1.c78472dac1db5p+0,0.22817997336846507,0.39115177026270526,0x1.d3500599c1f68p-3,0x1.908a16f4340b5p-2,-1.9373633244452695,-1.7594191335466578,-0x1.eff70af6f6575p+0,-0x1.c2694ad68a201p+0,-2.0131960471485151,2.0616309700712008,-0x1.01b06877783c8p+1,0x1.07e3860c70333p+1,-2.7032997893301021,2.7092992690462294,-0x1.5a05ba3d3a6dep+1,0x1.5aca5185d0ac6p+1,33,14,3,3,-3.7798641513295095e-09,4.4984910798818311e-09,-0x1.03c012c88f6fep-28,0x1.35224ac047209p-28,-3.7795623504322899e-07,4.4981889561222658e-07,-0x1.95d3d19d36509p-22,0x1.e2fd46caa75aap-22,0,0.0099999999989999998,0x0p+0,0x1.47ae147a548aep-7,33,33,3,100
flowstar_vdp_stock_reach_v1,stepwise,934,9.3399999999999999,0x1.2ae147ae147aep+3,0.01,0x1.47ae147ae147bp-7,2,0.20870390747311199,0.35464336675063979,0x1.ab6cf44927c8dp-3,0x1.6b27a177bfd3ep-2,-1.9581721467562145,-1.7985623100839068,-0x1.f54ac512418ccp+0,-0x1.cc6e945da0eb5p+0,0.20870390463204619,0.37346122030474427,0x1.ab6cf3e789816p-3,0x1.7e6c9e3e21ec4p-2,-1.9581733152713261,-1.7784182335822278,-0x1.f54ad8acfd809p+0,-0x1.c7466ad7d8839p+0,-2.0131960471485151,2.0616309700712008,-0x1.01b06877783c8p+1,0x1.07e3860c70333p+1,-2.7032997893301021,2.7092992690462294,-0x1.5a05ba3d3a6dep+1,0x1.5aca5185d0ac6p+1,33,14,3,3,-3.8908467483883898e-09,4.5964591436297888e-09,-0x1.0b607ff758badp-28,0x1.3bddc3afbcd07p-28,-3.8905514844017279e-07,4.5961635593634844e-07,-0x1.a1beaa362abcap-22,0x1.ed8261c550343p-22,0,0.0099999999989999998,0x0p+0,0x1.47ae147a548aep-7,34,34,3,100
flowstar_vdp_stock_reach_v1,stepwise,935,9.3499999999999996,0x1.2b33333333333p+3,0.01,0x1.47ae147ae147bp-7,2,0.18901860289891095,0.33655956165872758,0x1.831c2f6e4a9d9p-3,0x1.58a311d9ebdbcp-2,-1.979165599456669,-1.8179671739189187,-0x1.faaa98c308dd7p+0,-0x1.d1664bf52eeccp+0,0.18901859972765145,0.35557980653522941,0x1.831c2f0153ecp-3,0x1.6c1d1ce0bf4d1p-2,-1.9791669019194442,-1.7976318507525544,-0x1.faaaae9d11d4cp+0,-0x1.cc3199d93aecbp+0,-2.0131960471485151,2.0616309700712008,-0x1.01b06877783c8p+1,0x1.07e3860c70333p+1,-2.7032997893301021,2.7092992690462294,-0x1.5a05ba3d3a6dep+1,0x1.5aca5185d0ac6p+1,33,13,3,3,-3.9966371921732248e-09,4.6853183541025478e-09,-0x1.12a595c4f7d16p-28,0x1.41f8fdfe5fbd8p-28,-3.9963490999013578e-07,4.6850299477201426e-07,-0x1.ad1acebedcff3p-22,0x1.f70d1f62b5753p-22,0,0.0099999999989999998,0x0p+0,0x1.47ae147a548aep-7,35,35,3,100
flowstar_vdp_stock_reach_v1,stepwise,936,9.3599999999999994,0x1.2b851eb851eb8p+3,0.01,0x1.47ae147ae147bp-7,2,0.16912195587375911,0.31828121491849842,0x1.5a5c9cac1b578p-3,0x1.45eb82c4063e9p-2,-2.0003522450724276,-1.8375548433182958,-0x1.000b8ad8887bp+1,-0x1.d669fe84a8927p+0,0.1691219523533399,0.3375057228119534,0x1.5a5c9c3325683p-3,0x1.599b19a6c2bedp-2,-2.0003536891214244,-1.8170362958634101,-0x1.000b96f59acfep+1,-0x1.d1294a6a60dap+0,-2.0131960471485151,2.0616309700712008,-0x1.01b06877783c8p+1,0x1.07e3860c70333p+1,-2.7032997893301021,2.7092992690462294,-0x1.5a05ba3d3a6dep+1,0x1.5aca5185d0ac6p+1,33,14,3,3,-4.1033518645464021e-09,4.7708411786414521e-09,-0x1.19faeded9aa98p-28,0x1.47d9868deb6b5p-28,-4.103071561901512e-07,4.7705605718345855e-07,-0x1.b8905f4ee6d2ap-22,0x1.001e15d2bb86bp-21,0,0.0099999999989999998,0x0p+0,0x1.47ae147a548aep-7,36,36,3,100
flowstar_vdp_stock_reach_v1,stepwise,937,9.370000000000001,0x1.2bd70a3d70a3ep+3,0.01,0x1.47ae147ae147bp-7,2,0.1490126937122831,0.29980592301807801,0x1.312d91317708p-3,0x1.330052ea09f8fp-2,-2.0217104274501572,-1.857330073557772,-0x1.02c76843f0b7bp+1,-0x1.db79fbd3ced2ep+0,0.14901268982323829,0.31923648105559915,0x1.312d90abd6a1ap-3,0x1.46e5ed974bb23p-2,-2.0217120209194199,-1.8366371853375263,-0x1.02c775a1e3b58p+1,-0x1.d62ddac5a465p+0,-2.0131960471485151,2.0616309700712008,-0x1.01b06877783c8p+1,0x1.07e3860c70333p+1,-2.7032997893301021,2.7092992690462294,-0x1.5a05ba3d3a6dep+1,0x1.5aca5185d0ac6p+1,33,14,3,3,-4.2058562941736113e-09,4.8472751896458068e-09,-0x1.210634d6d6bccp-28,0x1.4d1a2abce3cf6p-28,-4.2055843997785179e-07,4.8470030049889184e-07,-0x1.c3923946497e3p-22,0x1.0438b3b96d258p-21,0,0.0099999999989999998,0x0p+0,0x1.47ae147a548aep-7,37,37,3,100
flowstar_vdp_stock_reach_v1,stepwise,938,9.3800000000000008,0x1.2c28f5c28f5c3p+3,0.01,0x1.47ae147ae147bp-7,2,0.12868973535395856,0.28113126470591016,0x1.078e7be568bfcp-3,0x1.1fe0dfcf2e155p-2,-2.0432056622516721,-1.8773090196244342,-0x1.0587c35d2fbcfp+1,-0x1.e09752ebc5d41p+0,0.12868973107637163,0.30076956659829712,0x1.078e7b526eb25p-3,0x1.33fceff0afe72p-2,-2.0432074131500797,-1.8564515825885539,-0x1.0587d20d36513p+1,-0x1.db406931d345bp+0,-2.0131960471485151,2.0616309700712008,-0x1.01b06877783c8p+1,0x1.07e3860c70333p+1,-2.7032997893301021,2.7092992690462294,-0x1.5a05ba3d3a6dep+1,0x1.5aca5185d0ac6p+1,33,15,3,3,-4.2994958745361368e-09,4.9093562246288971e-09,-0x1.27758804b89c4p-28,0x1.515e4edd266f7p-28,-4.2992329992078324e-07,4.9090930769955638e-07,-0x1.cda06ab548d73p-22,0x1.078e0fbe74f4dp-21,0,0.0099999999989999998,0x0p+0,0x1.47ae147a548aep-7,38,38,3,100
flowstar_vdp_stock_reach_v1,stepwise,939,9.3900000000000006,0x1.2c7ae147ae148p+3,0.01,0x1.47ae147ae147bp-7,2,0.10815191711862449,0.26225529701803652,0x1.bafd8130631ap-4,0x1.0c8ca70f94b8p-2,-2.0648242189144588,-1.8974749576150429,-0x1.084c28f61cf8ep+1,-0x1.e5c0eb37ef833p+0,0.10815191243218739,0.28210293373313478,0x1.bafd7fee566dap-4,0x1.20df9769f5376p-2,-2.0648261354010935,-1.8764637204339427,-0x1.084c3909bca45p+1,-0x1.e05fed2764eefp+0,-2.0131960471485151,2.0616309700712008,-0x1.01b06877783c8p+1,0x1.07e3860c70333p+1,-2.7032997893301021,2.7092992690462294,-0x1.5a05ba3d3a6dep+1,0x1.5aca5185d0ac6p+1,33,15,3,3,-4.3832391681580326e-09,4.9556019099089648e-09,-0x1.2d36c248cdeebp-28,0x1.548bdeea346e5p-28,-4.3829859008845191e-07,4.9553483923531562e-07,-0x1.d69e995bff59cp-22,0x1.0a09ca2aa8959p-21,0,0.0099999999989999998,0x0p+0,0x1.47ae147a548aep-7,39,39,3,100
flowstar_vdp_stock_reach_v1,stepwise,940,9.4000000000000004,0x1.2cccccccccccdp+3,0.01,0x1.47ae147ae147bp-7,2,0.087398127478902465,0.24317594997838099,0x1.65fb94340e704p-4,0x1.f2063b82a5a38p-3,-2.0865511949822535,-1.9178299503248433,-0x1.0b141c0bf072ap+1,-0x1.eaf6e753ef3bdp+0,0.08739812236298522,0.26323439992731457,0x1.65fb92d47e454p-4,0x1.0d8d518b7ae18p-2,-2.0865532853374287,-1.8966766675442328,-0x1.0b142d94f15bcp+1,-0x1.e58c9a2230519p+0,-2.0131960471485151,2.0616309700712008,-0x1.01b06877783c8p+1,0x1.07e3860c70333p+1,-2.7032997893301021,2.7092992690462294,-0x1.5a05ba3d3a6dep+1,0x1.5aca5185d0ac6p+1,33,15,3,3,-4.4607963811844823e-09,4.9890297364003389e-09,-0x1.328b28eb8a3cep-28,0x1.56d7f076380f1p-28,-4.4605532894520926e-07,4.9887864203617151e-07,-0x1.def2c154e5a6ap-22,0x1.0bd55bc4c1208p-21,0,0.0099999999989999998,0x0p+0,0x1.47ae147a548aep-7,40,40,3,100
flowstar_vdp_stock_reach_v1,stepwise,941,9.4100000000000001,0x1.2d1eb851eb852p+3,0.01,0x1.47ae147ae147bp-7,2,0.066427398025946494,0.22389133698155689,0x1.10162ce146ec4p-4,0x1.ca878a918c4aep-3,-2.1083718989045819,-1.9383643798022312,-0x1.0ddf2160cce06p+1,-0x1.f038a5e2fb5e3p+0,0.066427392459678422,0.24416195571015667,0x1.10162b62c4197p-4,0x1.f40b2ef59ec49p-3,-2.1083741714961777,-1.9170818616775651,-0x1.0ddf34712751ap+1,-0x1.eac5e07ba8f1bp+0,-2.0131960471485151,2.0616309700712008,-0x1.01b06877783c8p+1,0x1.07e3860c70333p+1,-2.7032997893301021,2.7092992690462294,-0x1.5a05ba3d3a6dep+1,0x1.5aca5185d0ac6p+1,33,14,3,3,-4.526512705098297e-09,5.0033683761965074e-09,-0x1.370f40ee957cfp-28,0x1.57d42ff46304fp-28,-4.5262803251167821e-07,5.003135801598253e-07,-0x1.e601723a3a675p-22,0x1.0c9a932a5a355p-21,0,0.0099999999989999998,0x0p+0,0x1.47ae147a548aep-7,41,41,3,100
flowstar_vdp_stock_reach_v1,stepwise,942,9.4199999999999999,0x1.2d70a3d70a3d7p+3,0.01,0x1.47ae147ae147bp-7,2,0.045238674373412058,0.20439988221413613,0x1.7298605e57a38p-5,0x1.a29c67cb53e66p-3,-2.1302947084187602,-1.9590448750880687,-0x1.10ad7f3bc00e2p+1,-0x1.f583f705e6502p+0,0.045238668335775362,0.22488389159383129,0x1.72985d20892ecp-5,0x1.cc8fecfe577adp-3,-2.1302971716634898,-1.9376470378894677,-0x1.10ad93e5872a9p+1,-0x1.f009a2e2ed318p+0,-2.0131960471485151,2.0616309700712008,-0x1.01b06877783c8p+1,0x1.07e3860c70333p+1,-2.7032997893301021,2.7092992690462294,-0x1.5a05ba3d3a6dep+1,0x1.5aca5185d0ac6p+1,33,15,3,3,-4.578654579673096e-09,4.9965002504317332e-09,-0x1.3aa48b0f125d5p-28,0x1.575b5caa7f09bp-28,-4.5784334059401422e-07,4.9962789150918073e-07,-0x1.eb9b04e85f81p-22,0x1.0c3c55a40c9f5p-21,0,0.0099999999989999998,0x0p+0,0x1.47ae147a548aep-7,42,42,3,100
flowstar_vdp_stock_reach_v1,stepwise,943,9.4299999999999997,0x1.2dc28f5c28f5cp+3,0.01,0x1.47ae147ae147bp-7,2,0.023831615798841261,0.184699644063647,0x1.86750a9de1095p-6,0x1.7a43ce96b08bfp-3,-2.1522761833892861,-1.9798832697038602,-0x1.137dc935ceef7p+1,-0x1.fad9a145468f8p+0,0.023831609268777986,0.20539812097834434,0x1.8675039ae8af3p-6,0x1.a4a7c522183fdp-3,-2.1522788457085373,-1.9583851862512009,-0x1.137ddf8b186c1p+1,-0x1.f558bb47eb768p+0,-2.0131960471485151,2.0616309700712008,-0x1.01b06877783c8p+1,0x1.07e3860c70333p+1,-2.7032997893301021,2.7092992690462294,-0x1.5a05ba3d3a6dep+1,0x1.5aca5185d0ac6p+1,33,15,3,3,-4.7530031614650465e-09,5.1032604670109856e-09,-0x1.469fb744513ffp-28,0x1.5eb181f006e5fp-28,-4.7527936655123372e-07,5.1030508452054296e-07,-0x1.fe53cc286359ap-22,0x1.11f7cbf8fbe5bp-21,0,0.0099999999989999998,0x0p+0,0x1.47ae147a548aep-7,43,43,3,100
flowstar_vdp_stock_reach_v1,stepwise,944,9.4399999999999995,0x1.2e147ae147ae1p+3,0.01,0x1.47ae147ae147bp-7,2,0.0022058173464992066,0.16478898616218141,0x1.211ef2ba73a68p-9,0x1.517ce35275e5p-3,-2.1742959568690416,-2.000870334598527,-0x1.164f547549ed8p+1,-0x1.001c84e551917p+1,0.0022058103030324003,0.18570285069022346,0x1.211eb639b457p-9,0x1.7c51c6b3e868ap-3,-2.174298826638934,-1.9792882847532822,-0x1.164f6c88129c5p+1,-0x1.fab2a3145f0c6p+0,-2.0131960471485151,2.0616309700712008,-0x1.01b06877783c8p+1,0x1.07e3860c70333p+1,-2.7032997893301021,2.7092992690462294,-0x1.5a05ba3d3a6dep+1,0x1.5aca5185d0ac6p+1,33,15,3,3,-5.1021985629735251e-09,5.3755380294541889e-09,-0x1.5e9ed38c06bd8p-28,0x1.71677710fd59ap-28,-5.1020011706046174e-07,5.3753405489650466e-07,-0x1.11e95ec227dfcp-21,0x1.20961e32a9653p-21,0,0.0099999999989999998,0x0p+0,0x1.47ae147a548aep-7,44,44,3,100
flowstar_vdp_stock_reach_v1,stepwise,945,9.4500000000000011,0x1.2e66666666667p+3,0.01,0x1.47ae147ae147bp-7,2,-0.019638917640132616,0.14466640080874599,-0x1.41c3973f90b47p-6,0x1.2846dba26dc1ap-3,-2.1963325925478054,-2.0219940183186962,-0x1.19216d2810dc2p+1,-0x1.02d0b332b1766p+1,-0.019638925217762584,0.16579640390195216,-0x1.41c39f627d027p-6,0x1.538d10a46d24p-3,-2.1963356780431211,-2.0003455391239187,-0x1.1921870a1dd93p+1,-0x1.000b52979e4cdp+1,-2.0131960471485151,2.0616309700712008,-0x1.01b06877783c8p+1,0x1.07e3860c70333p+1,-2.7032997893301021,2.7092992690462294,-0x1.5a05ba3d3a6dep+1,0x1.5aca5185d0ac6p+1,33,15,3,3,-5.483228941734504e-09,5.669555618583583e-09,-0x1.78cdfbd19bbd1p-28,0x1.859be0923ac64p-28,-5.4830440062694147e-07,5.6693706337300632e-07,-0x1.265e620cb2bcdp-21,0x1.305f3c96b2c9ap-21,0,0.0099999999989999998,0x0p+0,0x1.47ae147a548aep-7,45,45,3,100
flowstar_vdp_stock_reach_v1,stepwise,946,9.4600000000000009,0x1.2eb851eb851ecp+3,0.01,0x1.47ae147ae147bp-7,2,-0.041702561179671055,0.12433050317044061,-0x1.55a09c0da2d3cp-5,0x1.fd41fb50323eap-4,-2.2183631736457832,-2.0432412063874681,-0x1.1bf35310bacdep+1,-0x1.0588ed87a30aap+1,-0.04170256931185428,0.14567721383550913,-0x1.55a0a06b50967p-5,0x1.2a58d0a991398p-3,-2.218366482977451,-2.0215451415099897,-0x1.1bf36ed37720fp+1,-0x1.02c1fdbf16281p+1,-2.0131960471485151,2.0616309700712008,-0x1.01b06877783c8p+1,0x1.07e3860c70333p+1,-2.7032997893301021,2.7092992690462294,-0x1.5a05ba3d3a6dep+1,0x1.5aca5185d0ac6p+1,33,15,3,3,-5.8827049285731252e-09,5.971130378250134e-09,-0x1.9441a3b9689ccp-28,0x1.9a553c8be552ep-28,-5.8825327384109573e-07,5.9709581772221644e-07,-0x1.3bd0ea11bd8f3p-21,0x1.4090396c6581cp-21,0,0.0099999999989999998,0x0p+0,0x1.47ae147a548aep-7,46,46,3,100
flowstar_vdp_stock_reach_v1,stepwise,947,9.4700000000000006,0x1.2f0a3d70a3d71p+3,0.01,0x1.47ae147ae147bp-7,2,-0.063984845681192018,0.10378004223257276,-0x1.0614f93a3ec71p-4,0x1.a91542f5dcc5p-4,-2.2403632584624007,-2.0645976686114591,-0x1.1ec4392720c4dp+1,-0x1.0844bc850ac29p+1,-0.063984854387780205,0.12534383422377998,-0x1.0614fb908eb26p-4,0x1.00b444a5f8966p-3,-2.2403667995082444,-2.0428742167013225,-0x1.1ec456db774fp+1,-0x1.057ce6ff49723p+1,-2.0131960471485151,2.0616309700712008,-0x1.01b06877783c8p+1,0x1.07e3860c70333p+1,-2.7032997893301021,2.7092992690462294,-0x1.5a05ba3d3a6dep+1,0x1.5aca5185d0ac6p+1,33,15,3,3,-6.2965540505566183e-09,6.2753725175100119e-09,-0x1.b0b22679ce5adp-28,0x1.af3d8554db296p-28,-6.2963948233047461e-07,6.2752133162587117e-07,-0x1.5208fdd400a77p-21,0x1.50e5e0068dfbbp-21,0,0.0099999999989999998,0x0p+0,0x1.47ae147a548aep-7,47,47,3,100
flowstar_vdp_stock_reach_v1,stepwise,948,9.4800000000000004,0x1.2f5c28f5c28f6p+3,0.01,0x1.47ae147ae147bp-7,2,-0.086485248590066774,0.083013912325747438,-0x1.623e5b247e057p-4,0x1.54066568d5633p-4,-2.262306837524652,-2.0860480073139214,-0x1.2193453c57c0ap+1,-0x1.0b039f00a64e3p+1,-0.086485257890187031,0.10479495036193222,-0x1.623e5da397779p-4,0x1.ad3d784972739p-4,-2.2623106178531533,-2.0643187688551885,-0x1.219364f289531p+1,-0x1.083b98f060422p+1,-2.0131960471485151,2.0616309700712008,-0x1.01b06877783c8p+1,0x1.07e3860c70333p+1,-2.7032997893301021,2.7092992690462294,-0x1.5a05ba3d3a6dep+1,0x1.5aca5185d0ac6p+1,33,15,3,3,-6.7264465543240554e-09,6.5831310578013717e-09,-0x1.ce3ce632119efp-28,0x1.c463aa942f364p-28,-6.726293617992889e-07,6.5829780720665867e-07,-0x1.691d79be50c24p-21,0x1.616bc2fe782d9p-21,0,0.0099999999989999998,0x0p+0,0x1.47ae147a548aep-7,48,48,3,100
flowstar_vdp_stock_reach_v1,stepwise,949,9.4900000000000002,0x1.2fae147ae147bp+3,0.01,0x1.47ae147ae147bp-7,2,-0.10920348018718076,0.062031668747804643,-0x1.bf4c26003694ap-4,0x1.fc29d692d1ee1p-5,-2.284265459244708,-2.107476440494227,-0x1.2462cf816b521p+1,-0x1.0dc1c9ba81b06p+1,-0.10920351907069144,0.084029923242760388,-0x1.bf4c30704488dp-4,0x1.582fc2c368a31p-4,-2.2842781775295582,-2.0857557711811459,-0x1.24633a31ba5c1p+1,-0x1.0afa0b8c5548bp+1,-2.0131960471485151,2.0616309700712008,-0x1.01b06877783c8p+1,0x1.07e3860c70333p+1,-2.7032997893301021,2.7092992690462294,-0x1.5a05ba3d3a6dep+1,0x1.5aca5185d0ac6p+1,33,15,3,3,-7.2052554849197838e-09,6.9264184271016236e-09,-0x1.ef2431eac01dcp-28,0x1.dbfad77282b65p-28,-7.2050857924153273e-07,6.9262486188713638e-07,-0x1.82d1f1f1fa944p-21,0x1.73d9a2dbce0dcp-21,0,0.0099999999989999998,0x0p+0,0x1.47ae147a548aep-7,49,49,3,100
flowstar_vdp_stock_reach_v1,stepwise,950,9.5,0x1.3p+3,0.01,0x1.47ae147ae147bp-7,2,-0.13213820630261455,0.040832279062028236,-0x1.0e9e79d4f9825p-3,0x1.4e7f7ee6296cfp-5,-2.3061532346911537,-2.1289217103770626,-0x1.2730077948144p+1,-0x1.108081b0e82cdp+1,-0.13213828671439734,0.063047465431857005,-0x1.0e9e849fe707dp-3,0x1.023e0f22021d7p-4,-2.3061784759748019,-2.107230568145845,-0x1.2730db368683cp+1,-0x1.0db9bb33a8b11p+1,-2.0131960471485151,2.0616309700712008,-0x1.01b06877783c8p+1,0x1.07e3860c70333p+1,-2.7032997893301021,2.7092992690462294,-0x1.5a05ba3d3a6dep+1,0x1.5aca5185d0ac6p+1,33,15,3,3,-7.7139332962658642e-09,7.285333287010255e-09,-0x1.090c798f2f10ap-27,0x1.f4a4f046d27c5p-28,-7.7137450512436878e-07,7.2851448440775437e-07,-0x1.9e20e79baeb2dp-21,0x1.871e44b1068ap-21,0,0.0099999999989999998,0x0p+0,0x1.47ae147a548aep-7,50,50,3,100
flowstar_vdp_stock_reach_v1,stepwise,951,9.5099999999999998,0x1.3051eb851eb85p+3,0.01,0x1.47ae147ae147bp-7,2,-0.15528791318155463,0.019415017790131276,-0x1.3e0796e4a183bp-3,0x1.3e187c9d6e8b1p-6,-2.3279076844259352,-2.1503961548438246,-0x1.29f8e1065bb5ap+1,-0x1.13402e633fcaep+1,-0.15528803768419647,0.041846589030806541,-0x1.3e07a79a82556p-3,0x1.56cea86ac4554p-5,-2.3279462188982931,-2.1287598403384447,-0x1.29fa244681ec6p+1,-0x1.107b33d3a559cp+1,-2.0131960471485151,2.0616309700712008,-0x1.01b06877783c8p+1,0x1.07e3860c70333p+1,-2.7032997893301021,2.7092992690462294,-0x1.5a05ba3d3a6dep+1,0x1.5aca5185d0ac6p+1,33,15,3,3,-8.2412473387772926e-09,7.6477936070052524e-09,-0x1.1b2ac738d4846p-27,0x1.06c6b43827d2dp-27,-8.2410393298360075e-07,7.647585296632578e-07,-0x1.ba6ffb6affbf1p-21,0x1.9a939caa7091p-21,0,0.0099999999989999998,0x0p+0,0x1.47ae147a548aep-7,51,51,3,100
flowstar_vdp_stock_reach_v1,stepwise,952,9.5199999999999996,0x1.30a3d70a3d70ap+3,0.01,0x1.47ae147ae147bp-7,2,-0.17865092513812952,-0.0022204861136920044,-0x1.6de08946f2814p-3,-0x1.230b267aa3958p-9,-2.3494964594669323,-2.1718789125267097,-0x1.2cbc4ccbbd37cp+1,-0x1.160020d2164e4p+1,-0.17865109635197984,0.020426654553901989,-0x1.6de0a041cf758p-3,0x1.4eab9951a50b6p-6,-2.3495490744547838,-2.1503242727036191,-0x1.2cbe062990afdp+1,-0x1.133dd365874ccp+1,-2.0131960471485151,2.0616309700712008,-0x1.01b06877783c8p+1,0x1.07e3860c70333p+1,-2.7032997893301021,2.7092992690462294,-0x1.5a05ba3d3a6dep+1,0x1.5aca5185d0ac6p+1,33,15,3,3,-8.7871173450047354e-09,8.0128791848183984e-09,-0x1.2dec4d3347a6fp-27,0x1.135207daff32p-27,-8.7868883590752846e-07,8.0126497698151559e-07,-0x1.d7be12f3ef7e4p-21,0x1.ae2d051784996p-21,0,0.0099999999989999998,0x0p+0,0x1.47ae147a548aep-7,52,52,3,100
flowstar_vdp_stock_reach_v1,stepwise,953,9.5299999999999994,0x1.30f5c28f5c28fp+3,0.01,0x1.47ae147ae147bp-7,2,-0.20222523012027596,-0.024074392040312961,-0x1.9e2842ee575ddp-3,-0x1.8a6f519efd92cp-6,-2.3708854542812237,-2.1933477417646481,-0x1.2f792cb059984p+1,-0x1.18bf9e69d13b2p+1,-0.20222545071601949,-0.0012127816319133962,-0x1.9e286089f40cp-3,-0x1.3dec65c8f7bdp-10,-2.3709529519906098,-2.1719032034509174,-0x1.2f7b62e693c1p+1,-0x1.1600ec96731d1p+1,-2.0131960471485151,2.0616309700712008,-0x1.01b06877783c8p+1,0x1.07e3860c70333p+1,-2.7032997893301021,2.7092992690462294,-0x1.5a05ba3d3a6dep+1,0x1.5aca5185d0ac6p+1,33,15,3,3,-9.351634947236671e-09,8.379866091272141e-09,-0x1.4151d9d4f3773p-27,0x1.1fee14e72d3b6p-27,-9.3513837797756595e-07,8.3796143401302835e-07,-0x1.f60c70a53300ep-21,0x1.c1e08ae3f19fap-21,0,0.0099999999989999998,0x0p+0,0x1.47ae147a548aep-7,53,53,3,100
flowstar_vdp_stock_reach_v1,stepwise,954,9.5400000000000009,0x1.3147ae147ae15p+3,0.01,0x1.47ae147ae147bp-7,2,-0.22600846323722176,-0.046146632917333834,-0x1.cedd8671c8e13p-3,-0x1.7a0880e66a377p-5,-2.3920387744135323,-2.2147789928907642,-0x1.322e53996f5d9p+1,-0x1.1b7de0c72ab5p+1,-0.22600873592729073,-0.023071952788569071,-0x1.ceddab0b5817bp-3,-0x1.7a02c8aba1f56p-6,-2.392121969322238,-2.1934745917126777,-0x1.32310d7d241ccp+1,-0x1.18c3c68201a6dp+1,-2.0131960471485151,2.0616309700712008,-0x1.01b06877783c8p+1,0x1.07e3860c70333p+1,-2.7032997893301021,2.7092992690462294,-0x1.5a05ba3d3a6dep+1,0x1.5aca5185d0ac6p+1,33,14,3,3,-9.9344420183891482e-09,8.7476181893916674e-09,-0x1.555846afa2a64p-27,0x1.2c90dd0251e08p-27,-9.9341674847437812e-07,8.7473428877620346e-07,-0x1.0aab144240b8cp-20,0x1.d59e90b1f61f1p-21,0,0.0099999999989999998,0x0p+0,0x1.47ae147a548aep-7,54,54,3,100
flowstar_vdp_stock_reach_v1,stepwise,955,9.5500000000000007,0x1.319999999999ap+3,0.01,0x1.47ae147ae147bp-7,2,-0.24999124830312083,-0.068433789802328698,-0x1.fffb695dfc261p-3,-0x1.184e079247066p-4,-2.4129188516362907,-2.2361478130201391,-0x1.34da8661d701ep+1,-0x1.1e3a176ef8c2p+1,-0.24999157583187914,-0.045147756636638149,-0x1.fffb9553c993p-3,-0x1.71d9b547bf82dp-5,-2.4130185675164393,-2.2150152169956607,-0x1.34ddcadc0fdb2p+1,-0x1.1b859e5e91c12p+1,-2.0131960471485151,2.0616309700712008,-0x1.01b06877783c8p+1,0x1.07e3860c70333p+1,-2.7032997893301021,2.7092992690462294,-0x1.5a05ba3d3a6dep+1,0x1.5aca5185d0ac6p+1,33,14,3,3,-1.0536263980466293e-08,9.1159846007675165e-09,-0x1.6a05f544a5a5ep-27,0x1.39390c6cf1e2cp-27,-1.0535964924061116e-06,9.1156845597792962e-07,-0x1.1ad299829959cp-20,0x1.e96503bd546e1p-21,0,0.0099999999989999998,0x0p+0,0x1.47ae147a548aep-7,55,55,3,100
flowstar_vdp_stock_reach_v1,stepwise,956,9.5600000000000005,0x1.31eb851eb851fp+3,0.01,0x1.47ae147ae147bp-7,2,-0.27418713879485168,-0.090941241701388231,-0x1.18c483686e492p-2,-0x1.747ecdaf71064p-4,-2.4334861032793431,-2.2574270641676941,-0x1.377c78fe6d791p+1,-0x1.20f35ebada4f2p+1,-0.27418752392748935,-0.067445905349621721,-0x1.18c49d40f58ap-2,-0x1.1442285b9c9e2p-4,-2.4336031698316414,-2.2364995912166874,-0x1.37804f04ef35fp+1,-0x1.1e459e5ce5826p+1,-2.0131960471485151,2.0616309700712008,-0x1.01b06877783c8p+1,0x1.07e3860c70333p+1,-2.7032997893301021,2.7092992690462294,-0x1.5a05ba3d3a6dep+1,0x1.5aca5185d0ac6p+1,33,14,3,3,-1.1156512456450546e-08,9.4839900174669469e-09,-0x1.7f55b8abba5ep-27,0x1.45de0ef44ea1bp-27,-1.115618777568848e-06,9.4836641011935162e-07,-0x1.2b78bd16f253ep-20,0x1.fd267ca672cb4p-21,0,0.0099999999989999998,0x0p+0,0x1.47ae147a548aep-7,56,56,3,100
flowstar_vdp_stock_reach_v1,stepwise,957,9.5700000000000003,0x1.323d70a3d70a4p+3,0.01,0x1.47ae147ae147bp-7,2,-0.29858286210182811,-0.11366530768956101,-0x1.31bfb4af7e645p-2,-0x1.d192b6b3768bcp-4,-2.4536988180795327,-2.2785893103132002,-0x1.3a12cd88f1565p+1,-0x1.23a8d08467baep+1,-0.29858330761190993,-0.089963067781511599,-0x1.31bfd2954c73fp-2,-0x1.707d1d1f82c25p-4,-2.4538340671627279,-2.2579019389029882,-0x1.3a173c1623259p+1,-0x1.2102ee4494e7dp+1,-2.0131960471485151,2.0616309700712008,-0x1.01b06877783c8p+1,0x1.07e3860c70333p+1,-2.7032997893301021,2.7092992690462294,-0x1.5a05ba3d3a6dep+1,0x1.5aca5185d0ac6p+1,33,15,3,3,-1.1795185117558199e-08,9.8509381774155011e-09,-0x1.95478ba66cfd9p-27,0x1.5279c4c0a5bfap-27,-1.1794833768518749e-06,9.8505853059030978e-07,-0x1.3c9d7b007ad41p-20,0x1.086cb4ef4dfd6p-20,0,0.0099999999989999998,0x0p+0,0x1.47ae147a548aep-7,57,57,3,100
flowstar_vdp_stock_reach_v1,stepwise,958,9.5800000000000001,0x1.328f5c28f5c29p+3,0.01,0x1.47ae147ae147bp-7,2,-0.32318588775772822,-0.13659345507232065,-0x1.4af13dc9caecfp-2,-0x1.17be4f3310ebfp-3,-2.4735150334959695,-2.299603831332043,-0x1.3c9c23ff83c7cp+1,-0x1.26596b18a9e91p+1,-0.32318639641335034,-0.11268707765861086,-0x1.4af15fec6e028p-2,-0x1.cd90f7139bd6p-4,-2.4736692949376908,-2.2791932034438234,-0x1.3ca132097039bp+1,-0x1.23bc9a570741dp+1,-2.0131960471485151,2.0616309700712008,-0x1.01b06877783c8p+1,0x1.07e3860c70333p+1,-2.7032997893301021,2.7092992690462294,-0x1.5a05ba3d3a6dep+1,0x1.5aca5185d0ac6p+1,33,15,3,3,-1.2453675131528949e-08,1.0217046568106389e-08,-0x1.abe7af57437c4p-27,0x1.5f0e178ef83f9p-27,-1.2453296127734864e-06,1.0216665717427976e-06,-0x1.4e4a663c0a452p-20,0x1.12406467cc39bp-20,0,0.0099999999989999998,0x0p+0,0x1.47ae147a548aep-7,58,58,3,100
flowstar_vdp_stock_reach_v1,stepwise,959,9.5899999999999999,0x1.32e147ae147aep+3,0.01,0x1.47ae147ae147bp-7,2,-0.34798133781685314,-0.15973475595786241,-0x1.645538462ab6ap-2,-0x1.47230406fd0d2p-3,-2.4928902366830545,-2.3204391875951562,-0x1.3f1706fb89244p+1,-0x1.290426bb89fc1p+1,-0.34798191236537018,-0.13562739009700356,-0x1.64555ed4d5d07p-2,-0x1.15c3d02744891p-3,-2.4930643336613971,-2.300343603170123,-0x1.3f1cbb69f32a7p+1,-0x1.2671a8c096d87p+1,-2.0131960471485151,2.0616309700712008,-0x1.01b06877783c8p+1,0x1.07e3860c70333p+1,-2.7032997893301021,2.7092992690462294,-0x1.5a05ba3d3a6dep+1,0x1.5aca5185d0ac6p+1,33,15,3,3,-1.3129554460623789e-08,1.0580072981919932e-08,-0x1.c320c849c7ab6p-27,0x1.6b874e5e952b2p-27,-1.3129146927176486e-06,1.057966324002005e-06,-0x1.606ecf88e477bp-20,0x1.1bfee4668bc44p-20,0,0.0099999999989999998,0x0p+0,0x1.47ae147a548aep-7,59,59,3,100
flowstar_vdp_stock_reach_v1,stepwise,960,9.5999999999999996,0x1.3333333333333p+3,0.01,0x1.47ae147ae147bp-7,2,-0.37296441174519651,-0.18308742857343696,-0x1.7dea61fc11eadp-2,-0x1.76f68ab040d08p-3,-2.5117770113870805,-2.3410635499453241,-0x1.4181e8bb6045dp+1,-0x1.2ba7f86c6fb8ep+1,-0.37296505489649584,-0.15878262277025618,-0x1.7dea8d25533edp-2,-0x1.452fd2dfc555ep-3,-2.5119717553761478,-2.3213229519492833,-0x1.41884a5ce87b7p+1,-0x1.29211c4909c5ep+1,-2.0131960471485151,2.0616309700712008,-0x1.01b06877783c8p+1,0x1.07e3860c70333p+1,-2.7032997893301021,2.7092992690462294,-0x1.5a05ba3d3a6dep+1,0x1.5aca5185d0ac6p+1,33,15,3,3,-1.3822431826043353e-08,1.093940968531303e-08,-0x1.daef65691a8e6p-27,0x1.77e010b0f36eap-27,-1.3821995001304674e-06,1.0938970254545995e-06,-0x1.730806c1bd401p-20,0x1.25a407fc38124p-20,0,0.0099999999989999998,0x0p+0,0x1.47ae147a548aep-7,60,60,3,100
flowstar_vdp_stock_reach_v1,stepwise,961,9.6099999999999994,0x1.33851eb851eb8p+3,0.01,0x1.47ae147ae147bp-7,2,-0.39812984349447317,-0.20664934799406584,-0x1.97af59857b3fdp-2,-0x1.a737c5fafe6f7p-3,-2.5301272379912043,-2.3614425724549375,-0x1.43db3596f20d5p+1,-0x1.2e43c00e09bc9p+1,-0.39813055790278729,-0.18215106638696121,-0x1.97af8976ec3e2p-2,-0x1.750b9e4882188p-3,-2.5303434232683606,-2.3420985216880665,-0x1.43e24b154b0bbp+1,-0x1.2bc9e26554813p+1,-2.0131960471485151,2.0616309700712008,-0x1.01b06877783c8p+1,0x1.07e3860c70333p+1,-2.7032997893301021,2.7092992690462294,-0x1.5a05ba3d3a6dep+1,0x1.5aca5185d0ac6p+1,33,15,3,3,-1.4531996837116952e-08,1.1294699446883285e-08,-0x1.f350cbc532065p-27,0x1.84153a1c30ff9p-27,-1.4531530091884407e-06,1.1294229664633154e-06,-0x1.8613ea16b1812p-20,0x1.2f2d5af2e86ap-20,0,0.0099999999989999998,0x0p+0,0x1.47ae147a548aep-7,61,61,3,100
flowstar_vdp_stock_reach_v1,stepwise,962,9.620000000000001,0x1.33d70a3d70a3ep+3,0.01,0x1.47ae147ae147bp-7,2,-0.42347188056069596,-0.23041803514535086,-0x1.b1a29cd7229e6p-2,-0x1.d7e5692adce6p-3,-2.5478912236007432,-2.3815403328962761,-0x1.46214cb390b8p+1,-0x1.30d65049f27dap+1,-0.42347266880496121,-0.20573067333106149,-0x1.b1a2d1bd118f3p-2,-0x1.a5561f8ded80ep-3,-2.5481296213185711,-2.3626359716718421,-0x1.46291c86c41ccp+1,-0x1.2e6adb035784fp+1,-2.0131960471485151,2.0616309700712008,-0x1.01b06877783c8p+1,0x1.07e3860c70333p+1,-2.7032997893301021,2.7092992690462294,-0x1.5a05ba3d3a6dep+1,0x1.5aca5185d0ac6p+1,33,15,3,3,-1.5257968901202544e-08,1.1645808266010696e-08,-0x1.062141c3b4692p-26,0x1.90259ce234b96p-27,-1.5257471758483952e-06,1.1645307626192684e-06,-0x1.99908c2c9cc78p-20,0x1.3899f1d497f74p-20,0,0.0099999999989999998,0x0p+0,0x1.47ae147a548aep-7,62,62,3,100
flowstar_vdp_stock_reach_v1,stepwise,963,9.6300000000000008,0x1.3428f5c28f5c3p+3,0.01,0x1.47ae147ae147bp-7,2,-0.44898748482094542,-0.25438742483903554,-0x1.cbc3600e7a1e8p-2,-0x1.047e2318ca0d2p-2,-2.5653409467785515,-2.4009961817022973,-0x1.485d1796c0748p+1,-0x1.3353d7c71dba1p+1,-0.44898834938373511,-0.22951582521492095,-0x1.cbc39a138d7aep-2,-0x1.d60c6499b346fp-3,-2.5656022986104947,-2.3825761855260694,-0x1.4865a7f789894p+1,-0x1.30f841a6880dp+1,-2.0131960471485151,2.0616309700712008,-0x1.01b06877783c8p+1,0x1.07e3860c70333p+1,-2.7032997893301021,2.7092992690462294,-0x1.5a05ba3d3a6dep+1,0x1.5aca5185d0ac6p+1,33,15,3,3,-1.6020026744587368e-08,1.2017767854157435e-08,-0x1.1338d29e8d8adp-26,0x1.9ced676a372aap-27,-1.6019498671357692e-06,1.2017235799571271e-06,-0x1.ae052818b2e8ep-20,0x1.4295d0cae5b29p-20,0,0.0099999999989999998,0x0p+0,0x1.47ae147a548aep-7,63,63,3,100
flowstar_vdp_stock_reach_v1,stepwise,964,9.6400000000000006,0x1.347ae147ae148p+3,0.01,0x1.47ae147ae147bp-7,2,-0.47467213642172396,-0.27855203181933785,-0x1.e61073d903d85p-2,-0x1.1d3cbe6b97f82p-2,-2.5826494741285639,-2.4195454450526697,-0x1.4a94420a34f6cp+1,-0x1.35b3aa46d7efp+1,-0.47467307966680589,-0.25350149831467245,-0x1.e610b325d7963p-2,-0x1.0395e592fe7b5p-2,-2.582934485503944,-2.4016559614548587,-0x1.4a9d98e3799a7p+1,-0x1.3369766958954p+1,-2.0131960471485151,2.0616309700712008,-0x1.01b06877783c8p+1,0x1.07e3860c70333p+1,-2.7032997893301021,2.7092992690462294,-0x1.5a05ba3d3a6dep+1,0x1.5aca5185d0ac6p+1,33,15,3,3,-1.6829099969800797e-08,1.2425457454674421e-08,-0x1.211f2a1697276p-26,0x1.aaef7ac8092a1p-27,-1.6828540401483857e-06,1.2424893403214704e-06,-0x1.c3bcd95c21969p-20,0x1.4d8737a21566p-20,0,0.0099999999989999998,0x0p+0,0x1.47ae147a548aep-7,64,64,3,100
flowstar_vdp_stock_reach_v1,stepwise,965,9.6500000000000004,0x1.34ccccccccccdp+3,0.01,0x1.47ae147ae147bp-7,2,-0.50051359688368358,-0.3029131589261515,-0x1.00435173a333p-1,-0x1.362eddfc76a6fp-2,-2.5992651766826889,-2.4376453560377773,-0x1.4cb4b8a7bded8p+1,-0x1.3804c355b6da1p+1,-0.50051462103227706,-0.27768947098577756,-0x1.004373d101c6p-1,-0x1.1c5aa0f14f508p-2,-2.5995745096342113,-2.4203339297431237,-0x1.4cbedb8732745p+1,-0x1.35cd8090d2ac2p+1,-2.0131960471485151,2.0616309700712008,-0x1.01b06877783c8p+1,0x1.07e3860c70333p+1,-2.7032997893301021,2.7092992690462294,-0x1.5a05ba3d3a6dep+1,0x1.5aca5185d0ac6p+1,33,15,3,3,-1.7652140775982854e-08,1.2828835482463798e-08,-0x1.2f42efa7be98p-26,0x1.b8cba15965dfp-27,-1.7651549674044399e-06,1.2828239390727508e-06,-0x1.d9d48695742d4p-20,0x1.585afd65fd702p-20,0,0.0099999999989999998,0x0p+0,0x1.47ae147a548aep-7,65,65,3,100
flowstar_vdp_stock_reach_v1,stepwise,966,9.6600000000000001,0x1.351eb851eb852p+3,0.01,0x1.47ae147ae147bp-7,2,-0.52650405333604622,-0.32746672572000174,-0x1.0d91f074945b3p-1,-0x1.4f536ff5fb811p-2,-2.615133728352276,-2.4552532303081573,-0x1.4ebcb3b6f843fp+1,-0x1.3a45bce3c933cp+1,-0.52650516044188034,-0.30207615139602223,-0x1.0d92159a8bd4fp-1,-0x1.3553735c96ffdp-2,-2.615467994007258,-2.4385687139786385,-0x1.4ec7a7bcff799p+1,-0x1.38230505cb23dp+1,-2.0131960471485151,2.0616309700712008,-0x1.01b06877783c8p+1,0x1.07e3860c70333p+1,-2.7032997893301021,2.7092992690462294,-0x1.5a05ba3d3a6dep+1,0x1.5aca5185d0ac6p+1,33,15,3,3,-1.8487735797042844e-08,1.3227484447450363e-08,-0x1.3d9dec02f9a1dp-26,0x1.c67e2f03a8b8dp-27,-1.8487113342600311e-06,1.3226856505342723e-06,-0x1.f04279bc16ce8p-20,0x1.630e440adfdcp-20,0,0.0099999999989999998,0x0p+0,0x1.47ae147a548aep-7,66,66,3,100
flowstar_vdp_stock_reach_v1,stepwise,967,9.6699999999999999,0x1.3570a3d70a3d7p+3,0.01,0x1.47ae147ae147bp-7,2,-0.55263515257280693,-0.35220820914637063,-0x1.1af2fea5d7215p-1,-0x1.68a944ceaa622p-2,-2.6302005560432304,-2.4723242161331362,-0x1.50aa696d10376p+1,-0x1.3c751eb2b348bp+1,-0.55263634449610943,-0.32665751714654306,-0x1.1af326a46230fp-1,-0x1.4e7f4ee48c3fbp-2,-2.6305603067985155,-2.4563166659830804,-0x1.50b6333bed7c2p+1,-0x1.3a6895a2822fep+1,-2.0131960471485151,2.0616309700712008,-0x1.01b06877783c8p+1,0x1.07e3860c70333p+1,-2.7032997893301021,2.7092992690462294,-0x1.5a05ba3d3a6dep+1,0x1.5aca5185d0ac6p+1,33,14,3,3,-1.9334430905252686e-08,1.3621233455392677e-08,-0x1.4c29b9f480113p-26,0x1.d405a2f4ff088p-27,-1.9333777517689347e-06,1.362057410777638e-06,-0x1.037e5a8d376bfp-19,0x1.6d9fdf5fa2a92p-20,0,0.0099999999989999998,0x0p+0,0x1.47ae147a548aep-7,67,67,3,100
flowstar_vdp_stock_reach_v1,stepwise,968,9.6799999999999997,0x1.35c28f5c28f5cp+3,0.01,0x1.47ae147ae147bp-7,2,-0.57890566326014448,-0.3771168359017939,-0x1.286652b657d01p-1,-0x1.822aea73e076ep-2,-2.6444090681831485,-2.4888138989300219,-0x1.527bff108bd5ap+1,-0x1.3e91742ede0a7p+1,-0.57890694164072509,-0.35141330643710067,-0x1.28667d9b8c706p-1,-0x1.67d8e3ca1b362p-2,-2.6447947896129635,-2.4735344545963791,-0x1.5288a2bb026aap+1,-0x1.3c9cc6ea02a48p+1,-2.0131960471485151,2.0616309700712008,-0x1.01b06877783c8p+1,0x1.07e3860c70333p+1,-2.7032997893301021,2.7092992690462294,-0x1.5a05ba3d3a6dep+1,0x1.5aca5185d0ac6p+1,33,15,3,3,-2.0628714239940006e-08,1.4446185575510337e-08,-0x1.62660b70e771dp-26,0x1.f05dfdfcc607ap-27,-2.0628030673019818e-06,1.4445495619558436e-06,-0x1.14dd5faa9eb5cp-19,0x1.83c4b0a4f14bp-20,0,0.0099999999989999998,0x0p+0,0x1.47ae147a548aep-7,68,68,3,100
flowstar_vdp_stock_reach_v1,stepwise,969,9.6899999999999995,0x1.36147ae147ae1p+3,0.01,0x1.47ae147ae147bp-7,2,-0.60530749252966731,-0.40220204260246911,-0x1.35eadd18e09b6p-1,-0x1.9bdada2d72b11p-2,-2.6577024167780001,-2.5046747625114167,-0x1.542f97c147e4ep+1,-0x1.40992ec00d327p+1,-0.60530885875928642,-0.37635347687116699,-0x1.35eb0af0b34fdp-1,-0x1.8162ce4b97189p-2,-2.6581145193337274,-2.4901755106636445,-0x1.543d18b8c7d2cp+1,-0x1.3ebe1235ccdbap+1,-2.0131960471485151,2.0616309700712008,-0x1.01b06877783c8p+1,0x1.07e3860c70333p+1,-2.7032997893301021,2.7092992690462294,-0x1.5a05ba3d3a6dep+1,0x1.5aca5185d0ac6p+1,33,15,3,3,-2.2062934672527245e-08,1.5398198907754099e-08,-0x1.7b09d017ac54fp-26,0x1.0889feb73da7cp-26,-2.2062221279236497e-06,1.5397478764692807e-06,-0x1.281d37109b53bp-19,0x1.9d52ab1ab6292p-20,0,0.0099999999989999998,0x0p+0,0x1.47ae147a548aep-7,69,69,3,100
flowstar_vdp_stock_reach_v1,stepwise,970,9.7000000000000011,0x1.3666666666667p+3,0.01,0x1.47ae147ae147bp-7,2,-0.63182249797589862,-0.4274578917442784,-0x1.437e3d0b5df52p-1,-0x1.b5b78585d5cb8p-2,-2.6700224708253431,-2.519860123729543,-0x1.55c34bdbe3d5dp+1,-0x1.428ac6caf4d9fp+1,-0.63182395317015094,-0.40147261988577104,-0x1.437e6ddf63f5bp-1,-0x1.9b1ba3729865dp-2,-2.6704612813962072,-2.5061939450248198,-0x1.55d1acde6a5dp+1,-0x1.40caf693a84c2p+1,-2.0131960471485151,2.0616309700712008,-0x1.01b06877783c8p+1,0x1.07e3860c70333p+1,-2.7032997893301021,2.7092992690462294,-0x1.5a05ba3d3a6dep+1,0x1.5aca5185d0ac6p+1,33,15,3,3,-2.3519538797366227e-08,1.6361903270272348e-08,-0x1.9410068a7aca1p-26,0x1.1918695e26058p-26,-2.3518795709751235e-06,1.6361153166929763e-06,-0x1.3ba9f77bbb5f6p-19,0x1.b730fd0a97f96p-20,0,0.0099999999989999998,0x0p+0,0x1.47ae147a548aep-7,70,70,3,100
flowstar_vdp_stock_reach_v1,stepwise,971,9.7100000000000009,0x1.36b851eb851ecp+3,0.01,0x1.47ae147ae147bp-7,2,-0.6584400990473317,-0.45287795230030059,-0x1.511f0f87910b7p-1,-0x1.cfbf3ce8d642cp-2,-2.6813111470365714,-2.5343216873995407,-0x1.57353423760eap+1,-0x1.4464a72e76581p+1,-0.65844164401730443,-0.42676483964963263,-0x1.511f435ec1f1ap-1,-0x1.b501d79582eccp-2,-2.681776900450394,-2.5215420865303937,-0x1.574477294d24fp+1,-0x1.42c1e41e915ccp+1,-2.0131960471485151,2.0616309700712008,-0x1.01b06877783c8p+1,0x1.07e3860c70333p+1,-2.7032997893301021,2.7092992690462294,-0x1.5a05ba3d3a6dep+1,0x1.5aca5185d0ac6p+1,33,15,3,3,-2.4989719773858364e-08,1.7331004669852587e-08,-0x1.ad51f32a58563p-26,0x1.29be908b1424ap-26,-2.4988948249089102e-06,1.7330225987911442e-06,-0x1.4f655f55261f4p-19,0x1.d13467fa23f44p-20,0,0.0099999999989999998,0x0p+0,0x1.47ae147a548aep-7,71,71,3,100
flowstar_vdp_stock_reach_v1,stepwise,972,9.7200000000000006,0x1.370a3d70a3d71p+3,0.01,0x1.47ae147ae147bp-7,2,-0.68514915063244186,-0.47845528801411863,-0x1.5ecbde95b270ap-1,-0x1.e9f02eda79c1p-2,-2.691510087565284,-2.5480105288658348,-0x1.5883670d7937p+1,-0x1.46253581abd49p+1,-0.68515078585644262,-0.45222373948695932,-0x1.5ecc15742a0bbp-1,-0x1.cf13bd6e49069p-2,-2.6920029181185474,-2.5361714476089472,-0x1.58938d3707221p+1,-0x1.44a1441843c39p+1,-2.0131960471485151,2.0616309700712008,-0x1.01b06877783c8p+1,0x1.07e3860c70333p+1,-2.7032997893301021,2.7092992690462294,-0x1.5a05ba3d3a6dep+1,0x1.5aca5185d0ac6p+1,33,15,3,3,-2.6500897975595542e-08,1.8335770399134848e-08,-0x1.c7482e8fdd31bp-26,0x1.3b01922f2c8f2p-26,-2.6500099572946176e-06,1.8334964855039267e-06,-0x1.63ada618199e5p-19,0x1.ec2ceb48e68dap-20,0,0.0099999999989999998,0x0p+0,0x1.47ae147a548aep-7,72,72,3,100
flowstar_vdp_stock_reach_v1,stepwise,973,9.7300000000000004,0x1.375c28f5c28f6p+3,0.01,0x1.47ae147ae147bp-7,2,-0.71193794527610066,-0.50418244799398682,-0x1.6c83215f7c0d7p-1,-0x1.022433aab3e9fp-1,-2.7005607234508564,-2.5608774313884979,-0x1.59abf94a0ab11p+1,-0x1.47cad4e87065p+1,-0.71193967087178245,-0.47784241043285897,-0x1.6c835b463d162p-1,-0x1.e94f8555cdc2dp-2,-2.7010806608002151,-2.5500330405121669,-0x1.59bd02d6ff5bfp+1,-0x1.46677b905c0ecp+1,-2.0131960471485151,2.0616309700712008,-0x1.01b06877783c8p+1,0x1.07e3860c70333p+1,-2.7032997893301021,2.7092992690462294,-0x1.5a05ba3d3a6dep+1,0x1.5aca5185d0ac6p+1,33,15,3,3,-2.8010166538220485e-08,1.9336468980310248e-08,-0x1.e13603e562253p-26,0x1.4c32b09fa406dp-26,-2.8009343089279221e-06,1.9335638597973031e-06,-0x1.77ef5ebafd0f4p-19,0x1.0384bf933d76fp-19,0,0.0099999999989999998,0x0p+0,0x1.47ae147a548aep-7,73,73,3,100
flowstar_vdp_stock_reach_v1,stepwise,974,9.7400000000000002,0x1.37ae147ae147bp+3,0.01,0x1.47ae147ae147bp-7,2,-0.73879421939854917,-0.53005145747872873,-0x1.7a433c6594cbdp-1,-0x1.0f62e79622f4ep-1,-2.7084051965102067,-2.5728723979927537,-0x1.5aad057fa9f51p+1,-0x1.4953e1fb147ap+1,-0.7387960350957915,-0.50361341979415009,-0x1.7a4379524d41dp-1,-0x1.01d99e3faf687p-1,-2.7089521550548561,-2.5630768792936811,-0x1.5abef1b831d58p+1,-0x1.4812e736d99cep+1,-2.0131960471485151,2.0616309700712008,-0x1.01b06877783c8p+1,0x1.07e3860c70333p+1,-2.7089521550548561,2.7092992690462294,-0x1.5abef1b831d58p+1,0x1.5aca5185d0ac6p+1,33,14,3,3,-2.9499346167667455e-08,2.0318414080931292e-08,-0x1.facb7f1a22e7ap-26,0x1.5d1154855a625p-26,-2.9498499795458444e-06,2.0317561212741572e-06,-0x1.8bec12d2573c6p-19,0x1.10b29bd756c95p-19,0,0.0099999999989999998,0x0p+0,0x1.47ae147a548aep-7,74,74,3,100
flowstar_vdp_stock_reach_v1,stepwise,975,9.75,0x1.38p+3,0.01,0x1.47ae147ae147bp-7,2,-0.765705640559875,-0.55605333205900564,-0x1.880a91d922818p-1,-0x1.1cb305b80cee9p-1,-2.7150380641927492,-2.5838934127234299,-0x1.5b865e068d2f5p+1,-0x1.4abd04f3ff9c7p+1,-0.76570754567480803,-0.52952832300429131,-0x1.880ad1c5f28c5p-1,-0x1.0f1e561b37e34p-1,-2.7156118282708452,-2.5752007294976975,-0x1.5b992b1b86eb1p+1,-0x1.49a02d70e9fa6p+1,-2.0131960471485151,2.0616309700712008,-0x1.01b06877783c8p+1,0x1.07e3860c70333p+1,-2.7156118282708452,2.7092992690462294,-0x1.5b992b1b86eb1p+1,0x1.5aca5185d0ac6p+1,33,15,3,3,-3.0958335155584741e-08,2.1275919189325412e-08,-0x1.09ee19557664dp-25,0x1.6d847b6ee9a5cp-26,-3.0957468229930374e-06,2.1275046471613055e-06,-0x1.9f810d073b7fep-19,0x1.1d8c80c817a2cp-19,0,0.0099999999989999998,0x0p+0,0x1.47ae147a548aep-7,75,75,3,100
flowstar_vdp_stock_reach_v1,stepwise,976,9.7599999999999998,0x1.3851eb851eb85p+3,0.01,0x1.47ae147ae147bp-7,2,-0.79265844211511605,-0.58217944932301369,-0x1.95d753cb90c25p-1,-0x1.2a136cbe7dc3ap-1,-2.7203570599488556,-2.5939361766774711,-0x1.5c34a8fef6266p+1,-0x1.4c0619c35ed9ap+1,-0.79266043552569976,-0.55557903274896492,-0x1.95d796aed4fd9p-1,-0x1.1c74dae0000f6p-1,-2.7209572818481673,-2.586399816496896,-0x1.5c485405aceb6p+1,-0x1.4b0f26311e066p+1,-2.0131960471485151,2.0616309700712008,-0x1.01b06877783c8p+1,0x1.07e3860c70333p+1,-2.7209572818481673,2.7092992690462294,-0x1.5c485405aceb6p+1,0x1.5aca5185d0ac6p+1,33,15,3,3,-3.2369436521873328e-08,2.2194727009919802e-08,-0x1.160d24c8425e6p-25,0x1.7d4d7112a75b9p-26,-3.2368551769751212e-06,2.2193837475138003e-06,-0x1.b2717f3c704f3p-19,0x1.29e171e525cbfp-19,0,0.0099999999989999998,0x0p+0,0x1.47ae147a548aep-7,76,76,3,100
flowstar_vdp_stock_reach_v1,stepwise,977,9.7699999999999996,0x1.38a3d70a3d70ap+3,0.01,0x1.47ae147ae147bp-7,2,-0.8196387149572556,-0.60842026852199327,-0x1.a3a7af868dc31p-1,-0x1.3782dc870d0e4p-1,-2.7243028928486734,-2.6029548320849143,-0x1.5cb5f50a97749p+1,-0x1.4d2d9fba628b6p+1,-0.81964079508084497,-0.58175653596765575,-0x1.a3a7f552ade8dp-1,-0x1.29dbfe206e3fap-1,-2.7249290861287316,-2.5966275405089725,-0x1.5cca79ee6bc8fp+1,-0x1.4c5e4a8f30818p+1,-2.0131960471485151,2.0616309700712008,-0x1.01b06877783c8p+1,0x1.07e3860c70333p+1,-2.7249290861287316,2.7092992690462294,-0x1.5cca79ee6bc8fp+1,0x1.5aca5185d0ac6p+1,33,15,3,3,-3.3717006407051144e-08,2.3063432802482993e-08,-0x1.21a07b2fb4fedp-25,0x1.8c3a0cd802681p-26,-3.371610685301698e-06,2.3062529817864382e-06,-0x1.c487a938fb473p-19,0x1.358a3fc2b29fbp-19,0,0.0099999999989999998,0x0p+0,0x1.47ae147a548aep-7,77,77,3,100
flowstar_vdp_stock_reach_v1,stepwise,978,9.7799999999999994,0x1.38f5c28f5c28fp+3,0.01,0x1.47ae147ae147bp-7,2,-0.84663209002842565,-0.6347656648528609,-0x1.b179c2e4d51a4p-1,-0x1.45000156555e3p-1,-2.7268219353791396,-2.6108998253676461,-0x1.5d08804d3c02ap+1,-0x1.4e31f7298b07p+1,-0.84663425480176979,-0.608051225341116,-0x1.b17a0b8818078p-1,-0x1.37527d7e4400fp-1,-2.7274734689345332,-2.6058333265543054,-0x1.5d1dd9c2e407fp+1,-0x1.4d8bf24a30563p+1,-2.0131960471485151,2.0616309700712008,-0x1.01b06877783c8p+1,0x1.07e3860c70333p+1,-2.7274734689345332,2.7092992690462294,-0x1.5d1dd9c2e407fp+1,0x1.5aca5185d0ac6p+1,33,15,3,3,-3.4985101309017459e-08,2.3870579292400903e-08,-0x1.2c850d27007ep-25,0x1.9a17eb006870fp-26,-3.4984190257844344e-06,2.3869666540038097e-06,-0x1.d58cc32e744e1p-19,0x1.405f8cbac238cp-19,0,0.0099999999989999998,0x0p+0,0x1.47ae147a548aep-7,78,78,3,100
flowstar_vdp_stock_reach_v1,stepwise,979,9.7900000000000009,0x1.3947ae147ae15p+3,0.01,0x1.47ae147ae147bp-7,2,-0.87362371529496508,-0.66120497492043129,-0x1.bf4b9b8c675e2p-1,-0x1.5289755e78b49p-1,-2.7278620200712314,-2.6177226864366947,-0x1.5d2a952a1a6c7p+1,-0x1.4f1189781f164p+1,-0.87362596215709309,-0.63445294184246248,-0x1.bf4be6f0cd707p-1,-0x1.44d7041820f4ap-1,-2.7285381130723443,-2.6139673921799131,-0x1.5d40bca4c483bp+1,-0x1.4e967bc71c8fap+1,-2.0131960471485151,2.0616309700712008,-0x1.01b06877783c8p+1,0x1.07e3860c70333p+1,-2.7285381130723443,2.7092992690462294,-0x1.5d40bca4c483bp+1,0x1.5aca5185d0ac6p+1,33,17,3,3,-3.6157363632118253e-08,2.4604438919110498e-08,-0x1.3696e22c2b7a3p-25,0x1.a6b3777ca8337p-26,-3.6156444652813754e-06,2.4603520375957396e-06,-0x1.e548990d45cfap-19,0x1.4a390d63dbb37p-19,0,0.0099999999989999998,0x0p+0,0x1.47ae147a548aep-7,79,79,3,100
flowstar_vdp_stock_reach_v1,stepwise,980,9.8000000000000007,0x1.399999999999ap+3,0.01,0x1.47ae147ae147bp-7,2,-0.90059829440783457,-0.68771435648089463,-0x1.cd1b383aa14b8p-1,-0x1.601c189c26773p-1,-2.7273752423283772,-2.6233695682446321,-0x1.5d1aa1c6dc37ep+1,-0x1.4fca92f27756cp+1,-0.90060062028628152,-0.66093833147157055,-0x1.cd1b8645c616ep-1,-0x1.5266824cafb85p-1,-2.7280749601755665,-2.6209742772386249,-0x1.5d318f6f7ecabp+1,-0x1.4f7c15ca32d53p+1,-2.0131960471485151,2.0616309700712008,-0x1.01b06877783c8p+1,0x1.07e3860c70333p+1,-2.7285381130723443,2.7092992690462294,-0x1.5d40bca4c483bp+1,0x1.5aca5185d0ac6p+1,33,17,3,3,-3.7226824307413214e-08,2.5260215567214741e-08,-0x1.3fc6a702879a5p-25,0x1.b1f79a5a9c93cp-26,-3.7225901154035023e-06,2.5259295420402108e-06,-0x1.f3a338f04aca8p-19,0x1.5306473825f12p-19,0,0.0099999999989999998,0x0p+0,0x1.47ae147a548aep-7,80,80,3,100
flowstar_vdp_stock_reach_v1,stepwise,981,9.8100000000000005,0x1.39eb851eb851fp+3,0.01,0x1.47ae147ae147bp-7,2,-0.92754009595974862,-0.71429429005181089,-0x1.dae68913c06bcp-1,-0x1.6db7fb2efbf01p-1,-2.7253144154651268,-2.6277983150910096,-0x1.5cd71a4edebadp+1,-0x1.505bb1f7e65f8p+1,-0.9275424972605667,-0.6875083437787437,-0x1.dae6d9a6c4c37p-1,-0x1.600117f8837f2p-1,-2.7260366668894296,-2.6268099044922613,-0x1.5ceec4fdfe544p+1,-0x1.503b4e944d33ep+1,-2.0131960471485151,2.0616309700712008,-0x1.01b06877783c8p+1,0x1.07e3860c70333p+1,-2.7285381130723443,2.7092992690462294,-0x1.5d40bca4c483bp+1,0x1.5aca5185d0ac6p+1,33,17,3,3,-3.8168260619116033e-08,2.5819730655180738e-08,-0x1.47dce489a6f5fp-25,0x1.bb946056e0edbp-26,-3.8167337319580534e-06,2.5818813384321563e-06,-0x1.0022fc7941324p-18,0x1.5a88c46cd6c55p-19,0,0.0099999999989999998,0x0p+0,0x1.47ae147a548aep-7,81,81,3,100
flowstar_vdp_stock_reach_v1,stepwise,982,9.8200000000000003,0x1.3a3d70a3d70a4p+3,0.01,0x1.47ae147ae147bp-7,2,-0.954458461598237,-0.74090706728508693,-0x1.e8aec78be8e8ap-1,-0x1.7b582bcebabc9p-1,-2.7241824916221455,-2.6284166404097609,-0x1.5cb2030aed2c2p+1,-0x1.506ff4db693b1p+1,-0.95446325032305845,-0.71412340097464455,-0x1.e8af683abe27dp-1,-0x1.6da19518fd211p-1,-2.7253892516279397,-2.6284165274637101,-0x1.5cd98e144e534p+1,-0x1.506ff3e8dc7b9p+1,-2.0131960471485151,2.0616309700712008,-0x1.01b06877783c8p+1,0x1.07e3860c70333p+1,-2.7285381130723443,2.7092992690462294,-0x1.5d40bca4c483bp+1,0x1.5aca5185d0ac6p+1,33,17,3,3,-3.9250331909462154e-08,2.6572502736983776e-08,-0x1.512864852c02p-25,0x1.c8831a5b2c586p-26,-3.9249408213508174e-06,2.657158851307999e-06,-0x1.0765f8491f279p-18,0x1.64a3486e4eb5bp-19,0,0.0099999999989999998,0x0p+0,0x1.47ae147a548aep-7,82,82,3,100
flowstar_vdp_stock_reach_v1,stepwise,983,9.8300000000000001,0x1.3a8f5c28f5c29p+3,0.01,0x1.47ae147ae147bp-7,2,-0.98136802591762973,-0.76750881797679948,-0x1.f675deb150069p-1,-0x1.88f6ea7134358p-1,-2.7270508990663442,-2.6220687741360313,-0x1.5d1000fd02386p+1,-0x1.4f9ff3186376ep+1,-0.98138034942029606,-0.74073721813695459,-0x1.f6777c3364fa9p-1,-0x1.7b41e89da80edp-1,-2.729771160257783,-2.6220686480315214,-0x1.5d6924316f81fp+1,-0x1.4f9ff20994c6ep+1,-2.0131960471485151,2.0616309700712008,-0x1.01b06877783c8p+1,0x1.07e3860c70333p+1,-2.729771160257783,2.7092992690462294,-0x1.5d6924316f81fp+1,0x1.5aca5185d0ac6p+1,33,17,3,3,-4.0881210326619757e-08,2.7948603906766952e-08,-0x1.5f2abb72fd4b2p-25,0x1.e0274288f66f8p-26,-4.088028041283834e-06,2.7947687287909271e-06,-0x1.1257c976d9fc2p-18,0x1.771b85b6c8e68p-19,0,0.0099999999989999998,0x0p+0,0x1.47ae147a548aep-7,83,83,3,100
flowstar_vdp_stock_reach_v1,stepwise,984,9.8399999999999999,0x1.3ae147ae147aep+3,0.01,0x1.47ae147ae147bp-7,2,-1.0081975743731666,-0.79414070516831492,-0x1.02193c79d6dafp+0,-0x1.96999c4a3d96cp-1,-2.7284412362225652,-2.6141544011621072,-0x1.5d3d8ffb511ep+1,-0x1.4e9c9c85d7c58p+1,-1.0082176235854861,-0.76739630667933922,-0x1.021a8cd88cedap+0,-0x1.88e82b308494ep-1,-2.7327126544609723,-2.61415426209199,-0x1.5dc9873c233a9p+1,-0x1.4e9c9b5b312a8p+1,-2.0131960471485151,2.0616309700712008,-0x1.01b06877783c8p+1,0x1.07e3860c70333p+1,-2.7327126544609723,2.7092992690462294,-0x1.5dc9873c233a9p+1,0x1.5aca5185d0ac6p+1,33,17,3,3,-4.2512252366516806e-08,2.9369213454055239e-08,-0x1.6d2d6e7d542d7p-25,0x1.f88f2ab1246adp-26,-4.2511319634510212e-06,2.9368298294992244e-06,-0x1.1d49e419a00d8p-18,0x1.8a2cb45ee442p-19,0,0.0099999999989999998,0x0p+0,0x1.47ae147a548aep-7,84,84,3,100
flowstar_vdp_stock_reach_v1,stepwise,985,9.8499999999999996,0x1.3b33333333333p+3,0.01,0x1.47ae147ae147bp-7,2,-1.0349298625113106,-0.82078916527506474,-0x1.08f129d923cd9p+0,-0x1.a43e7a3b88fb4p-1,-2.7283038672482247,-2.6046506811615613,-0x1.5d390fa5b0d36p+1,-0x1.4d65318a8be86p+1,-1.0349578119390539,-0.79408747957777193,-0x1.08f2fec30498bp+0,-0x1.9692a255e631cp-1,-2.7341607618922814,-2.6046505294554461,-0x1.5df8fad72ab9bp+1,-0x1.4d653044c296cp+1,-2.0131960471485151,2.0616309700712008,-0x1.01b06877783c8p+1,0x1.07e3860c70333p+1,-2.7341607618922814,2.7092992690462294,-0x1.5df8fad72ab9bp+1,0x1.5aca5185d0ac6p+1,33,17,3,3,-4.4360347432745946e-08,3.1067701624726647e-08,-0x1.7d0d6f856167fp-25,0x1.0ade992ebb67ep-25,-4.4359412860050706e-06,3.1066789298066946e-06,-0x1.29b0e418ac264p-18,0x1.a0f8acdb518fdp-19,0,0.0099999999989999998,0x0p+0,0x1.47ae147a548aep-7,85,85,3,100
flowstar_vdp_stock_reach_v1,stepwise,986,9.8599999999999994,0x1.3b851eb851eb8p+3,0.01,0x1.47ae147ae147bp-7,2,-1.0615473981289596,-0.84744019104475676,-0x1.0fc191fe1e266p+0,-0x1.b1e3ae43b4d99p-1,-2.7265919798894593,-2.5935388022766079,-0x1.5d00f74b949f8p+1,-0x1.4bf9145857af7p+1,-1.0615834043303591,-0.82079707277684344,-0x1.0fc3ee139342cp+0,-0x1.a43f839075494p-1,-2.7340650310935359,-2.5935386384057613,-0x1.5df5d7cad78cp+1,-0x1.4bf912f86ebc1p+1,-2.0131960471485151,2.0616309700712008,-0x1.01b06877783c8p+1,0x1.07e3860c70333p+1,-2.7341607618922814,2.7092992690462294,-0x1.5df8fad72ab9bp+1,0x1.5aca5185d0ac6p+1,33,17,3,3,-4.6211766721996361e-08,3.2820870586552857e-08,-0x1.8cf4bfec7544fp-25,0x1.19eddb9164f6dp-25,-4.6210834468186065e-06,3.2819965645762174e-06,-0x1.361d9bee48f9cp-18,0x1.b8808b14a0db9p-19,0,0.0099999999989999998,0x0p+0,0x1.47ae147a548aep-7,86,86,3,100
flowstar_vdp_stock_reach_v1,stepwise,987,9.870000000000001,0x1.3bd70a3d70a3ep+3,0.01,0x1.47ae147ae147bp-7,2,-1.0880324896384168,-0.87407935487347277,-0x1.16894c17fb827p+0,-0x1.bf87544694a7fp-1,-2.7232616625077242,-2.5808044913155848,-0x1.5c93d69175ecp+1,-0x1.4a57cd33c9015p+1,-1.0880766897564156,-0.84751096547889171,-0x1.168c31a60b32cp+0,-0x1.b1ecf50f77694p-1,-2.7323776198444332,-2.5808043158958833,-0x1.5dbe8cc2c6eecp+1,-0x1.4a57cbbb13012p+1,-2.0131960471485151,2.0616309700712008,-0x1.01b06877783c8p+1,0x1.07e3860c70333p+1,-2.7341607618922814,2.7092992690462294,-0x1.5df8fad72ab9bp+1,0x1.5aca5185d0ac6p+1,33,17,3,3,-4.8047783599495134e-08,3.4633663926163453e-08,-0x1.9cba318a11bb5p-25,0x1.29803b7e799bap-25,-4.8046873025506314e-06,3.4632798234257718e-06,-0x1.426fe63a59859p-18,0x1.d0d5637d2149cp-19,0,0.0099999999989999998,0x0p+0,0x1.47ae147a548aep-7,87,87,3,100
flowstar_vdp_stock_reach_v1,stepwise,988,9.8800000000000008,0x1.3c28f5c28f5c3p+3,0.01,0x1.47ae147ae147bp-7,2,-1.1143672974593315,-0.90069183451488866,-0x1.1d472cda51dap+0,-0x1.cd277aea0808ap-1,-2.7182726294603805,-2.5664378558936853,-0x1.5bf05b8692772p+1,-0x1.4881092123ce8p+1,-1.1144198078248566,-0.87421460293947773,-0x1.1d4a9dd49f534p+0,-0x1.bf990e729f11cp-1,-2.7290540353295554,-2.5664376696864069,-0x1.5d51a48360ee3p+1,-0x1.488107914345dp+1,-2.0131960471485151,2.0616309700712008,-0x1.01b06877783c8p+1,0x1.07e3860c70333p+1,-2.7341607618922814,2.7092992690462294,-0x1.5df8fad72ab9bp+1,0x1.5aca5185d0ac6p+1,33,17,3,3,-4.9856149011791444e-08,3.6498240047485922e-08,-0x1.ac42d4c3927dp-25,0x1.39847a88e1944p-25,-4.9855191651959356e-06,3.6497300349740704e-06,-0x1.4e92912ba7fe1p-18,0x1.e9dbc4e4c18d8p-19,0,0.0099999999989999998,0x0p+0,0x1.47ae147a548aep-7,88,88,3,100
flowstar_vdp_stock_reach_v1,stepwise,989,9.8900000000000006,0x1.3c7ae147ae148p+3,0.01,0x1.47ae147ae147bp-7,2,-1.140534067634398,-0.92726226222208785,-0x1.23fa0a6876adfp+0,-0x1.dac21e861e20cp-1,-2.7116243379092295,-2.550397807458086,-0x1.5b16819d2dcc3p+1,-0x1.46736f73694a7p+1,-1.1405949824580695,-0.90089284284329585,-0x1.23fe0863a39c3p+0,-0x1.cd41d3a26cc2cp-1,-2.724089269213755,-2.5503976113683606,-0x1.5caef509542cdp+1,-0x1.46736dce4fd3p+1,-2.0131960471485151,2.0616309700712008,-0x1.01b06877783c8p+1,0x1.07e3860c70333p+1,-2.7341607618922814,2.7092992690462294,-0x1.5df8fad72ab9bp+1,0x1.5aca5185d0ac6p+1,33,17,3,3,-5.169388507495364e-08,3.8414288468369894e-08,-0x1.bc0c0e31f2d8fp-25,0x1.49f9e9e76b57dp-25,-5.1692759484288047e-06,3.8413219317309784e-06,-0x1.5ae77c0cc7a18p-18,0x1.01c9688516a3dp-18,0,0.0099999999989999998,0x0p+0,0x1.47ae147a548aep-7,89,89,3,100
flowstar_vdp_stock_reach_v1,stepwise,990,9.9000000000000004,0x1.3cccccccccccdp+3,0.01,0x1.47ae147ae147bp-7,2,-1.1665151756715779,-0.95377476873181666,-0x1.2aa0bd11cc103p+0,-0x1.e8552a9ee7fedp-1,-2.7033137881474891,-2.5326547479429191,-0x1.5a062fab75acep+1,-0x1.442e07e13caacp+1,-1.1665845658411178,-0.92752999670517278,-0x1.2aa5493e4e536p+0,-0x1.dae53633d0bebp-1,-2.717475619678658,-2.5326545430157044,-0x1.5bd63db9193cep+1,-0x1.442e062928bd4p+1,-2.0131960471485151,2.0616309700712008,-0x1.01b06877783c8p+1,0x1.07e3860c70333p+1,-2.7341607618922814,2.7092992690462294,-0x1.5df8fad72ab9bp+1,0x1.5aca5185d0ac6p+1,33,17,3,3,-5.3514789615172258e-08,4.0359334996773236e-08,-0x1.cbb044523afc1p-25,0x1.5aaf1dc1ad2bap-25,-5.3513531117792711e-06,4.0358137951544147e-06,-0x1.671f8be208c5cp-18,0x1.0ed6c0c7ff9fdp-18,0,0.0099999999989999998,0x0p+0,0x1.47ae147a548aep-7,90,90,3,100
flowstar_vdp_stock_reach_v1,stepwise,991,9.9100000000000001,0x1.3d1eb851eb852p+3,0.01,0x1.47ae147ae147bp-7,2,-1.1922928304480647,-0.98021337192999736,-0x1.313a1a5a079b2p+0,-0x1.f5de86ef151b3p-1,-2.6933233493127084,-2.5132031950271054,-0x1.58bed1cb6cf65p+1,-0x1.41b0a46d6c0c6p+1,-1.1923707424482455,-0.95411021616939373,-0x1.313f357f85bf8p+0,-0x1.e881225e743e2p-1,-2.7091905421907869,-2.5132029824406015,-0x1.5ac6c174abc4ap+1,-0x1.41b0a2a4e561cp+1,-2.0131960471485151,2.0616309700712008,-0x1.01b06877783c8p+1,0x1.07e3860c70333p+1,-2.7341607618922814,2.7092992690462294,-0x1.5df8fad72ab9bp+1,0x1.5aca5185d0ac6p+1,33,17,3,3,-5.5290206975596627e-08,4.2315096843851369e-08,-0x1.daf073710a85fp-25,0x1.6b7be1cc1985ap-25,-5.5288807515489204e-06,4.2313763506475319e-06,-0x1.730972b31ce77p-18,0x1.1bf67dff02987p-18,0,0.0099999999989999998,0x0p+0,0x1.47ae147a548aep-7,91,91,3,100
flowstar_vdp_stock_reach_v1,stepwise,992,9.9199999999999999,0x1.3d70a3d70a3d7p+3,0.01,0x1.47ae147ae147bp-7,2,-1.2178485301366964,-1.0065626177547216,-0x1.37c4ebd86b354p+0,-0x1.01ae1674a1f73p+0,-2.6815629811029593,-2.4921199590426482,-0x1.573d74ad00306p+1,-0x1.3efdc96ce6053p+1,-1.2179349851079198,-0.98061813179703294,-0x1.37ca9651b158ep+0,-0x1.f613946bdda1bp-1,-2.6991388994604564,-2.492119740099128,-0x1.597d622a45a4dp+1,-0x1.3efdc796b88c1p+1,-2.0131960471485151,2.0616309700712008,-0x1.01b06877783c8p+1,0x1.07e3860c70333p+1,-2.7341607618922814,2.7092992690462294,-0x1.5df8fad72ab9bp+1,0x1.5aca5185d0ac6p+1,33,17,3,3,-5.6994183342373896e-08,4.4253725442643406e-08,-0x1.e99388db9db3ep-25,0x1.7c22f8ad394dcp-25,-5.6992635321708263e-06,4.4252247761661613e-06,-0x1.7e789a17f154ap-18,0x1.28f8c8633e3f4p-18,0,0.0099999999989999998,0x0p+0,0x1.47ae147a548aep-7,92,92,3,100
flowstar_vdp_stock_reach_v1,stepwise,993,9.9299999999999997,0x1.3dc28f5c28f5cp+3,0.01,0x1.47ae147ae147bp-7,2,-1.2431645741999975,-1.032806168727149,-0x1.3e400895bc18ep+0,-0x1.0865fc2dca482p+0,-2.6680247780236197,-2.46940993939188,-0x1.5581d5ff43b9cp+1,-0x1.3c159ff90d7ffp+1,-1.2432595690430408,-1.0070374378711102,-0x1.3e4642557a9a2p+0,-0x1.01cd349d81097p+0,-2.6873082938948012,-2.4694089585099244,-0x1.57f9b7da461bfp+1,-0x1.3c1597be9ff12p+1,-2.0131960471485151,2.0616309700712008,-0x1.01b06877783c8p+1,0x1.07e3860c70333p+1,-2.7341607618922814,2.7092992690462294,-0x1.5df8fad72ab9bp+1,0x1.5aca5185d0ac6p+1,33,17,3,3,-5.8611796610760019e-08,4.615831679163335e-08,-0x1.f778b42c06039p-25,0x1.8c7f3649b0f0fp-25,-5.8610092864787205e-06,4.6156687039122327e-06,-0x1.89535f71a66ffp-18,0x1.35c095a3c04e8p-18,0,0.0099999999989999998,0x0p+0,0x1.47ae147a548aep-7,93,93,3,100
flowstar_vdp_stock_reach_v1,stepwise,994,9.9399999999999995,0x1.3e147ae147ae1p+3,0.01,0x1.47ae147ae147bp-7,2,-1.2682233887339938,-1.0589275822315394,-0x1.44aa49baa2822p+0,-0x1.0f15e0c6844ddp+0,-2.6526839403486897,-2.4451054295675294,-0x1.538b25b936055p+1,-0x1.38f936f7a1dd7p+1,-1.2683268920694724,-1.0333516744680884,-0x1.44b1123a13617p+0,-0x1.0889bc3f1b769p+0,-2.6736679473934202,-2.4451035423342526,-0x1.563ac05535873p+1,-0x1.38f92722d4662p+1,-2.0131960471485151,2.0616309700712008,-0x1.01b06877783c8p+1,0x1.07e3860c70333p+1,-2.7341607618922814,2.7092992690462294,-0x1.5df8fad72ab9bp+1,0x1.5aca5185d0ac6p+1,33,17,3,3,-6.0127207547694987e-08,4.8010324502303159e-08,-0x1.023e90581b259p-24,0x1.9c67d1f13b777p-25,-6.0125341473917848e-06,4.8008535411555627e-06,-0x1.937e8cd46fbeep-18,0x1.422e092ac08b9p-18,0,0.0099999999989999998,0x0p+0,0x1.47ae147a548aep-7,94,94,3,100
flowstar_vdp_stock_reach_v1,stepwise,995,9.9500000000000011,0x1.3e66666666667p+3,0.01,0x1.47ae147ae147bp-7,2,-1.2930076965834276,-1.0849102464502289,-0x1.4b028d6a4d574p+0,-0x1.15bcad8b995a4p+0,-2.6355307171151905,-2.4192343821859223,-0x1.5159120ece7c6p+1,-0x1.35a978e46c746p+1,-1.2931196495000805,-1.0595441576012044,-0x1.4b09e3ac6af6dp+0,-0x1.0f3e493190a6ap+0,-2.6582025243512644,-2.419231579642426,-0x1.543ffaf61ddd9p+1,-0x1.35a9616201dfbp+1,-2.0131960471485151,2.0616309700712008,-0x1.01b06877783c8p+1,0x1.07e3860c70333p+1,-2.7341607618922814,2.7092992690462294,-0x1.5df8fad72ab9bp+1,0x1.5aca5185d0ac6p+1,33,17,3,3,-6.1534062993381778e-08,4.979999488847152e-08,-0x1.08496af2ae6f8p-24,0x1.abc758cd875b2p-25,-6.1532028658871056e-06,4.979803977390232e-06,-0x1.9cef38657c6e6p-18,0x1.4e3061823cfa1p-18,0,0.0099999999989999998,0x0p+0,0x1.47ae147a548aep-7,95,95,3,100
flowstar_vdp_stock_reach_v1,stepwise,996,9.9600000000000009,0x1.3eb851eb851ecp+3,0.01,0x1.47ae147ae147bp-7,2,-1.3175106182982796,-1.1107273871720043,-0x1.51486039b94e4p+0,-0x1.1c58a14aacdfbp+0,-2.6175743850962596,-2.3908165636393699,-0x1.4f0cad6d6af9bp+1,-0x1.320646f3c8792p+1,-1.3176309344236938,-1.0855879860761122,-0x1.515042cb8c352p+0,-0x1.15e91821209dap+0,-2.6419158019921554,-2.3908128434012914,-0x1.522a4c082bc4p+1,-0x1.320627bea1f5ep+1,-2.0131960471485151,2.0616309700712008,-0x1.01b06877783c8p+1,0x1.07e3860c70333p+1,-2.7341607618922814,2.7092992690462294,-0x1.5df8fad72ab9bp+1,0x1.5aca5185d0ac6p+1,33,17,3,3,-6.3064234472170102e-08,5.176789305125575e-08,-0x1.0edbdbede8889p-24,0x1.bcaeccfb5f5d2p-25,-6.3062023666566947e-06,5.1765762797046617e-06,-0x1.a733bb5126462p-18,0x1.5b64e73f154dap-18,0,0.0099999999989999998,0x0p+0,0x1.47ae147a548aep-7,96,96,3,100
flowstar_vdp_stock_reach_v1,stepwise,997,9.9700000000000006,0x1.3f0a3d70a3d71p+3,0.01,0x1.47ae147ae147bp-7,2,-1.3417164989483881,-1.1363613497339742,-0x1.577abb837ca87p+0,-0x1.22e893d18bbcp+0,-2.598909876774921,-2.3597969859202959,-0x1.4ca9142efff56p+1,-0x1.2e0dd3dfdd0fcp+1,-1.341845064394513,-1.1114653233175722,-0x1.5783287bdf9a4p+0,-0x1.1c88fdce497b6p+0,-2.6248972089772087,-2.3597923523707811,-0x1.4ffca1b9f59aep+1,-0x1.2e0dad016446ep+1,-2.0131960471485151,2.0616309700712008,-0x1.01b06877783c8p+1,0x1.07e3860c70333p+1,-2.7341607618922814,2.7092992690462294,-0x1.5df8fad72ab9bp+1,0x1.5aca5185d0ac6p+1,33,17,3,3,-6.4749280998612328e-08,5.3941764014488107e-08,-0x1.1618965c721b4p-24,0x1.cf5b318a17653p-25,-6.4746885591760394e-06,5.3939449509841582e-06,-0x1.b2824d6d9c7e9p-18,0x1.69fb44c5d3ca5p-18,0,0.0099999999989999998,0x0p+0,0x1.47ae147a548aep-7,97,97,3,100
flowstar_vdp_stock_reach_v1,stepwise,998,9.9800000000000004,0x1.3f5c28f5c28f6p+3,0.01,0x1.47ae147ae147bp-7,2,-1.3655987002297578,-1.1618059158729697,-0x1.5d97e05cf2693p+0,-0x1.296c1cccf9468p+0,-2.5784921367512088,-2.3272715475277668,-0x1.4a0c07c42b781p+1,-0x1.29e408b8c5834p+1,-1.3657353737416609,-1.137169714179848,-0x1.5da0d55d35f51p+0,-0x1.231d8dec67741p+0,-2.6060962226320594,-2.3272660119253343,-0x1.4d948f9f3787cp+1,-0x1.29e3da4927e46p+1,-2.0131960471485151,2.0616309700712008,-0x1.01b06877783c8p+1,0x1.07e3860c70333p+1,-2.7341607618922814,2.7092992690462294,-0x1.5df8fad72ab9bp+1,0x1.5aca5185d0ac6p+1,33,17,3,3,-6.6314134558502824e-08,5.6027146763036193e-08,-0x1.1cd1297afe3d6p-24,0x1.e144ffa91bc95p-25,-6.6311549317062588e-06,5.6024641848517948e-06,-0x1.bd025fcfddf93p-18,0x1.77f99a0fd0537p-18,0,0.0099999999989999998,0x0p+0,0x1.47ae147a548aep-7,98,98,3,100
flowstar_vdp_stock_reach_v1,stepwise,999,9.9900000000000002,0x1.3fae147ae147bp+3,0.01,0x1.47ae147ae147bp-7,2,-1.3891417135073989,-1.1870442983659475,-0x1.639eca95060fep+0,-0x1.2fe2229862901p+0,-2.5563253492438909,-2.2932976190916095,-0x1.4735ab467819ep+1,-0x1.258ac6c0ff1edp+1,-1.3892863268182714,-1.1626840799534401,-0x1.63a844ca76e5cp+0,-0x1.29a5a9f2fad91p+0,-2.5855116377843816,-2.2932911995886038,-0x1.4af20b9bdb0c7p+1,-0x1.258a90e738055p+1,-2.0131960471485151,2.0616309700712008,-0x1.01b06877783c8p+1,0x1.07e3860c70333p+1,-2.7341607618922814,2.7092992690462294,-0x1.5df8fad72ab9bp+1,0x1.5aca5185d0ac6p+1,33,17,3,3,-6.7742222268474832e-08,5.8000981337144512e-08,-0x1.22f35c6f72e74p-24,0x1.f23981bdfc9e2p-25,-6.7739442915590455e-06,5.7998280812039237e-06,-0x1.c6977a0ed2cdep-18,0x1.853849a854aaep-18,0,0.0099999999989999998,0x0p+0,0x1.47ae147a548aep-7,99,99,3,100
flowstar_vdp_stock_reach_v1,stepwise,1000,10,0x1.4p+3,0.01,0x1.47ae147ae147bp-7,2,-1.4123306212390219,-1.2120597896164602,-0x1.698e7fe55c68p+0,-0x1.36498ce53307cp+0,-2.5324299169249196,-2.2579271249819977,-0x1.4426a9dc4d612p+1,-0x1.2103c18b46452p+1,-1.4124829796317602,-1.1879913677303469,-0x1.69987c0baccfbp+0,-0x1.302033c85507cp+0,-2.5631585869084406,-2.2579198465510784,-0x1.481594a09dddap+1,-0x1.2103847cf68e6p+1,-2.0131960471485151,2.0616309700712008,-0x1.01b06877783c8p+1,0x1.07e3860c70333p+1,-2.7341607618922814,2.7092992690462294,-0x1.5df8fad72ab9bp+1,0x1.5aca5185d0ac6p+1,33,17,3,3,-6.9233813892350804e-08,6.0056662463166335e-08,-0x1.295b622727084p-24,0x1.01f0ffab0b304p-24,-6.92308373436364e-06,6.0053762349895362e-06,-0x1.d099ac43956dep-18,0x1.930393ff8795ap-18,0,0.0099999999989999998,0x0p+0,0x1.47ae147a548aep-7,0,0,3,100
