ablation_family,analytic_reference_violations,basis,build_time_s,candidate_remainder,carry_or_reset,completed_steps,cutoff,endpoint_max_width,execution_time_s,failure_category,failure_message,h,horizon,independent_interval_remainder_width,interval_kind,interval_precision_bits,leaf_cache_patch,monomial_families,native_validation_passed,no_refinement,order,polynomial_max_width,polynomial_range_width,protocol,remainder_max_width,requested_horizon,requested_steps,revalidate_refinement,runtime_s,sensitivity_label,source,state_index,status,stdout_log,structured_symbolic_remainder_width,system,tool,total_width,trace_events,truncation_overflow_width,unattributed_dependency_or_reset_width,variant
,,,,,none_one_step,,,,,,,0.005,0.005,6.25000025025002e-05,tube,,,"{""affine_state"": 1}",True,,,,0.10000000000000006,one_step_common_input,,,,,0.020024452824145555,,,0,,,0.0,riccati,torch_tm_flowpipe,0.10006250000250255,,6.25000025025002e-05,0.0,complete_total_degree_1
,,,,,none_one_step,,,,,,,0.005,0.005,6.25000025025002e-05,endpoint_raw,,,"{""affine_state"": 1}",True,,,,0.10000000000000005,one_step_common_input,,,,,0.020024452824145555,,,0,,,0.0,riccati,torch_tm_flowpipe,0.10006250000250255,,6.25000025025002e-05,5.000882520589389e-18,complete_total_degree_1
,,,,,none_one_step,,,,,,,0.005,0.005,6.250000250250011e-05,tube,,,"{""affine_state"": 1}",True,,,,0.10000000000000006,one_step_common_input,,,,,0.02084941789507866,,,0,,,0.0,riccati,torch_tm_flowpipe,0.10006250000250255,,6.250000250250011e-05,0.0,complete_total_degree_2
,,,,,none_one_step,,,,,,,0.005,0.005,6.250000250250011e-05,endpoint_raw,,,"{""affine_state"": 1}",True,,,,0.10000000000000005,one_step_common_input,,,,,0.02084941789507866,,,0,,,0.0,riccati,torch_tm_flowpipe,0.10006250000250255,,6.250000250250011e-05,5.095750210681871e-18,complete_total_degree_2
,,,,,none_one_step,,,,,,,0.01,0.01,0.0001250000025050004,tube,,,"{""affine_state"": 1}",True,,,,0.10000000000000006,one_step_common_input,,,,,0.016739369835704565,,,0,,,0.0,riccati,torch_tm_flowpipe,0.10012500000250504,,0.0001250000025050004,0.0,complete_total_degree_1
,,,,,none_one_step,,,,,,,0.01,0.01,0.0001250000025050004,endpoint_raw,,,"{""affine_state"": 1}",True,,,,0.10000000000000005,one_step_common_input,,,,,0.016739369835704565,,,0,,,0.0,riccati,torch_tm_flowpipe,0.10012500000250504,,0.0001250000025050004,0.0,complete_total_degree_1
,,,,,none_one_step,,,,,,,0.01,0.01,0.0001250000025050002,tube,,,"{""affine_state"": 1}",True,,,,0.10000000000000006,one_step_common_input,,,,,0.020578468684107065,,,0,,,0.0,riccati,torch_tm_flowpipe,0.10012500000250504,,0.0001250000025050002,0.0,complete_total_degree_2
,,,,,none_one_step,,,,,,,0.01,0.01,0.0001250000025050002,endpoint_raw,,,"{""affine_state"": 1}",True,,,,0.10000000000000005,one_step_common_input,,,,,0.020578468684107065,,,0,,,0.0,riccati,torch_tm_flowpipe,0.10012500000250504,,0.0001250000025050002,0.0,complete_total_degree_2
,,,,,none_one_step,,,,,,,0.02,0.02,0.0002500000025100008,tube,,,"{""affine_state"": 1}",True,,,,0.10000000000000006,one_step_common_input,,,,,0.01689845882356167,,,0,,,0.0,riccati,torch_tm_flowpipe,0.10025000000251004,,0.0002500000025100008,0.0,complete_total_degree_1
,,,,,none_one_step,,,,,,,0.02,0.02,0.0002500000025100008,endpoint_raw,,,"{""affine_state"": 1}",True,,,,0.10000000000000005,one_step_common_input,,,,,0.01689845882356167,,,0,,,0.0,riccati,torch_tm_flowpipe,0.10025000000251004,,0.0002500000025100008,0.0,complete_total_degree_1
,,,,,none_one_step,,,,,,,0.02,0.02,0.0002500000025100004,tube,,,"{""affine_state"": 1}",True,,,,0.10000000000000006,one_step_common_input,,,,,0.020935374777764082,,,0,,,0.0,riccati,torch_tm_flowpipe,0.10025000000251004,,0.0002500000025100004,0.0,complete_total_degree_2
,,,,,none_one_step,,,,,,,0.02,0.02,0.0002500000025100004,endpoint_raw,,,"{""affine_state"": 1}",True,,,,0.10000000000000005,one_step_common_input,,,,,0.020935374777764082,,,0,,,0.0,riccati,torch_tm_flowpipe,0.10025000000251004,,0.0002500000025100004,0.0,complete_total_degree_2
,,,,,none_one_step,,,,,,,0.05,0.05,0.0006250000025250025,tube,,,"{""affine_state"": 1}",True,,,,0.10000000000000006,one_step_common_input,,,,,0.01713210018351674,,,0,,,0.0,riccati,torch_tm_flowpipe,0.10062500000252504,,0.0006250000025250025,0.0,complete_total_degree_1
,,,,,none_one_step,,,,,,,0.05,0.05,0.0006250000025250025,endpoint_raw,,,"{""affine_state"": 1}",True,,,,0.10000000000000005,one_step_common_input,,,,,0.01713210018351674,,,0,,,0.0,riccati,torch_tm_flowpipe,0.10062500000252504,,0.0006250000025250025,0.0,complete_total_degree_1
,,,,,none_one_step,,,,,,,0.05,0.05,0.0006250000025250015,tube,,,"{""affine_state"": 1}",True,,,,0.10000000000000006,one_step_common_input,,,,,0.021960692945867777,,,0,,,0.0,riccati,torch_tm_flowpipe,0.10062500000252504,,0.0006250000025250015,0.0,complete_total_degree_2
,,,,,none_one_step,,,,,,,0.05,0.05,0.0006250000025250015,endpoint_raw,,,"{""affine_state"": 1}",True,,,,0.10000000000000005,one_step_common_input,,,,,0.021960692945867777,,,0,,,0.0,riccati,torch_tm_flowpipe,0.10062500000252504,,0.0006250000025250015,0.0,complete_total_degree_2
,,,,,none_one_step,,,,,,,0.005,0.005,0.0012500000025125024,tube,,,"{""affine_state"": 1}",True,,,,0.20000000000000015,one_step_common_input,,,,,0.031533798202872276,,,0,,,0.0,harmonic,torch_tm_flowpipe,0.20125000000251259,,0.0012500000025125024,0.0,complete_total_degree_1
,,,,,none_one_step,,,,,,,0.005,0.005,0.0012500000025125024,tube,,,"{""affine_state"": 1}",True,,,,0.20000000000000018,one_step_common_input,,,,,0.031533798202872276,,,1,,,0.0,harmonic,torch_tm_flowpipe,0.20125000000251259,,0.0012500000025125024,0.0,complete_total_degree_1
,,,,,none_one_step,,,,,,,0.005,0.005,0.0012500000025125024,endpoint_raw,,,"{""affine_state"": 1}",True,,,,0.20000000000000012,one_step_common_input,,,,,0.031533798202872276,,,0,,,0.0,harmonic,torch_tm_flowpipe,0.20125000000251259,,0.0012500000025125024,0.0,complete_total_degree_1
,,,,,none_one_step,,,,,,,0.005,0.005,0.0012500000025125024,endpoint_raw,,,"{""affine_state"": 1}",True,,,,0.20000000000000015,one_step_common_input,,,,,0.031533798202872276,,,1,,,0.0,harmonic,torch_tm_flowpipe,0.20125000000251259,,0.0012500000025125024,0.0,complete_total_degree_1
,,,,,none_one_step,,,,,,,0.005,0.005,3.125002512500005e-06,tube,,,"{""affine_state"": 1, ""time_state"": 1}",True,,,,0.20100000000000018,one_step_common_input,,,,,0.04551268136128783,,,0,,,0.0,harmonic,torch_tm_flowpipe,0.20100312500251263,,3.125002512500005e-06,0.0,complete_total_degree_2
,,,,,none_one_step,,,,,,,0.005,0.005,3.125002512500005e-06,tube,,,"{""affine_state"": 1, ""time_state"": 1}",True,,,,0.2010000000000002,one_step_common_input,,,,,0.04551268136128783,,,1,,,0.0,harmonic,torch_tm_flowpipe,0.20100312500251263,,3.125002512500005e-06,0.0,complete_total_degree_2
,,,,,none_one_step,,,,,,,0.005,0.005,3.125002512500005e-06,endpoint_raw,,,"{""affine_state"": 2}",True,,,,0.20100000000000012,one_step_common_input,,,,,0.04551268136128783,,,0,,,0.0,harmonic,torch_tm_flowpipe,0.20100312500251263,,3.125002512500005e-06,1.0683203047244863e-17,complete_total_degree_2
,,,,,none_one_step,,,,,,,0.005,0.005,3.125002512500005e-06,endpoint_raw,,,"{""affine_state"": 2}",True,,,,0.20100000000000018,one_step_common_input,,,,,0.04551268136128783,,,1,,,0.0,harmonic,torch_tm_flowpipe,0.20100312500251263,,3.125002512500005e-06,0.0,complete_total_degree_2
,,,,,none_one_step,,,,,,,0.01,0.01,0.002500000002525005,tube,,,"{""affine_state"": 1}",True,,,,0.20000000000000015,one_step_common_input,,,,,0.03142132889479399,,,0,,,0.0,harmonic,torch_tm_flowpipe,0.2025000000025251,,0.002500000002525005,0.0,complete_total_degree_1
,,,,,none_one_step,,,,,,,0.01,0.01,0.002500000002525005,tube,,,"{""affine_state"": 1}",True,,,,0.20000000000000018,one_step_common_input,,,,,0.03142132889479399,,,1,,,0.0,harmonic,torch_tm_flowpipe,0.2025000000025251,,0.002500000002525005,0.0,complete_total_degree_1
,,,,,none_one_step,,,,,,,0.01,0.01,0.002500000002525005,endpoint_raw,,,"{""affine_state"": 1}",True,,,,0.20000000000000012,one_step_common_input,,,,,0.03142132889479399,,,0,,,0.0,harmonic,torch_tm_flowpipe,0.2025000000025251,,0.002500000002525005,0.0,complete_total_degree_1
,,,,,none_one_step,,,,,,,0.01,0.01,0.002500000002525005,endpoint_raw,,,"{""affine_state"": 1}",True,,,,0.20000000000000015,one_step_common_input,,,,,0.03142132889479399,,,1,,,0.0,harmonic,torch_tm_flowpipe,0.2025000000025251,,0.002500000002525005,0.0,complete_total_degree_1
,,,,,none_one_step,,,,,,,0.01,0.01,1.250000252500002e-05,tube,,,"{""affine_state"": 1, ""time_state"": 1}",True,,,,0.20200000000000018,one_step_common_input,,,,,0.04657742194831371,,,0,,,0.0,harmonic,torch_tm_flowpipe,0.20201250000252513,,1.250000252500002e-05,0.0,complete_total_degree_2
,,,,,none_one_step,,,,,,,0.01,0.01,1.250000252500002e-05,tube,,,"{""affine_state"": 1, ""time_state"": 1}",True,,,,0.2020000000000002,one_step_common_input,,,,,0.04657742194831371,,,1,,,0.0,harmonic,torch_tm_flowpipe,0.20201250000252513,,1.250000252500002e-05,0.0,complete_total_degree_2
,,,,,none_one_step,,,,,,,0.01,0.01,1.250000252500002e-05,endpoint_raw,,,"{""affine_state"": 2}",True,,,,0.20200000000000012,one_step_common_input,,,,,0.04657742194831371,,,0,,,0.0,harmonic,torch_tm_flowpipe,0.20201250000252513,,1.250000252500002e-05,6.583140066060422e-18,complete_total_degree_2
,,,,,none_one_step,,,,,,,0.01,0.01,1.250000252500002e-05,endpoint_raw,,,"{""affine_state"": 2}",True,,,,0.20200000000000018,one_step_common_input,,,,,0.04657742194831371,,,1,,,0.0,harmonic,torch_tm_flowpipe,0.20201250000252513,,1.250000252500002e-05,0.0,complete_total_degree_2
,,,,,none_one_step,,,,,,,0.02,0.02,0.00500000000255001,tube,,,"{""affine_state"": 1}",True,,,,0.20000000000000015,one_step_common_input,,,,,0.031307865865528584,,,0,,,0.0,harmonic,torch_tm_flowpipe,0.20500000000255011,,0.00500000000255001,0.0,complete_total_degree_1
,,,,,none_one_step,,,,,,,0.02,0.02,0.00500000000255001,tube,,,"{""affine_state"": 1}",True,,,,0.20000000000000018,one_step_common_input,,,,,0.031307865865528584,,,1,,,0.0,harmonic,torch_tm_flowpipe,0.20500000000255011,,0.00500000000255001,0.0,complete_total_degree_1
,,,,,none_one_step,,,,,,,0.02,0.02,0.00500000000255001,endpoint_raw,,,"{""affine_state"": 1}",True,,,,0.20000000000000012,one_step_common_input,,,,,0.031307865865528584,,,0,,,0.0,harmonic,torch_tm_flowpipe,0.20500000000255011,,0.00500000000255001,0.0,complete_total_degree_1
,,,,,none_one_step,,,,,,,0.02,0.02,0.00500000000255001,endpoint_raw,,,"{""affine_state"": 1}",True,,,,0.20000000000000015,one_step_common_input,,,,,0.031307865865528584,,,1,,,0.0,harmonic,torch_tm_flowpipe,0.20500000000255011,,0.00500000000255001,0.0,complete_total_degree_1
,,,,,none_one_step,,,,,,,0.02,0.02,5.000000255000008e-05,tube,,,"{""affine_state"": 1, ""time_state"": 1}",True,,,,0.20400000000000018,one_step_common_input,,,,,0.04571351408958435,,,0,,,0.0,harmonic,torch_tm_flowpipe,0.20405000000255014,,5.000000255000008e-05,0.0,complete_total_degree_2
,,,,,none_one_step,,,,,,,0.02,0.02,5.000000255000008e-05,tube,,,"{""affine_state"": 1, ""time_state"": 1}",True,,,,0.2040000000000002,one_step_common_input,,,,,0.04571351408958435,,,1,,,0.0,harmonic,torch_tm_flowpipe,0.20405000000255014,,5.000000255000008e-05,0.0,complete_total_degree_2
,,,,,none_one_step,,,,,,,0.02,0.02,5.000000255000008e-05,endpoint_raw,,,"{""affine_state"": 2}",True,,,,0.20400000000000013,one_step_common_input,,,,,0.04571351408958435,,,0,,,0.0,harmonic,torch_tm_flowpipe,0.20405000000255014,,5.000000255000008e-05,1.0164395367051604e-17,complete_total_degree_2
,,,,,none_one_step,,,,,,,0.02,0.02,5.000000255000008e-05,endpoint_raw,,,"{""affine_state"": 2}",True,,,,0.20400000000000018,one_step_common_input,,,,,0.04571351408958435,,,1,,,0.0,harmonic,torch_tm_flowpipe,0.20405000000255014,,5.000000255000008e-05,0.0,complete_total_degree_2
,,,,,none_one_step,,,,,,,0.05,0.05,0.012500000002625019,tube,,,"{""affine_state"": 1}",True,,,,0.20000000000000015,one_step_common_input,,,,,0.0318182623013854,,,0,,,0.0,harmonic,torch_tm_flowpipe,0.21250000000262512,,0.012500000002625019,0.0,complete_total_degree_1
,,,,,none_one_step,,,,,,,0.05,0.05,0.012500000002625019,tube,,,"{""affine_state"": 1}",True,,,,0.20000000000000018,one_step_common_input,,,,,0.0318182623013854,,,1,,,0.0,harmonic,torch_tm_flowpipe,0.21250000000262512,,0.012500000002625019,0.0,complete_total_degree_1
,,,,,none_one_step,,,,,,,0.05,0.05,0.012500000002625019,endpoint_raw,,,"{""affine_state"": 1}",True,,,,0.20000000000000012,one_step_common_input,,,,,0.0318182623013854,,,0,,,0.0,harmonic,torch_tm_flowpipe,0.21250000000262512,,0.012500000002625019,0.0,complete_total_degree_1
,,,,,none_one_step,,,,,,,0.05,0.05,0.012500000002625019,endpoint_raw,,,"{""affine_state"": 1}",True,,,,0.20000000000000015,one_step_common_input,,,,,0.0318182623013854,,,1,,,0.0,harmonic,torch_tm_flowpipe,0.21250000000262512,,0.012500000002625019,0.0,complete_total_degree_1
,,,,,none_one_step,,,,,,,0.05,0.05,0.00031250000262500065,tube,,,"{""affine_state"": 1, ""time_state"": 1}",True,,,,0.2100000000000002,one_step_common_input,,,,,0.04643831728026271,,,0,,,0.0,harmonic,torch_tm_flowpipe,0.21031250000262514,,0.00031250000262500065,0.0,complete_total_degree_2
,,,,,none_one_step,,,,,,,0.05,0.05,0.00031250000262500065,tube,,,"{""affine_state"": 1, ""time_state"": 1}",True,,,,0.21000000000000021,one_step_common_input,,,,,0.04643831728026271,,,1,,,0.0,harmonic,torch_tm_flowpipe,0.21031250000262514,,0.00031250000262500065,0.0,complete_total_degree_2
,,,,,none_one_step,,,,,,,0.05,0.05,0.00031250000262500065,endpoint_raw,,,"{""affine_state"": 2}",True,,,,0.21000000000000013,one_step_common_input,,,,,0.04643831728026271,,,0,,,0.0,harmonic,torch_tm_flowpipe,0.21031250000262514,,0.00031250000262500065,4.0115480381963664e-18,complete_total_degree_2
,,,,,none_one_step,,,,,,,0.05,0.05,0.00031250000262500065,endpoint_raw,,,"{""affine_state"": 2}",True,,,,0.2100000000000002,one_step_common_input,,,,,0.04643831728026271,,,1,,,0.0,harmonic,torch_tm_flowpipe,0.21031250000262514,,0.00031250000262500065,0.0,complete_total_degree_2
,,,,,none_one_step,,,,,,,0.0025,0.0025,8.25000025010627e-05,tube,,,"{""affine_state"": 1}",True,,,,0.04000000000000013,one_step_common_input,,,,,0.044306382071226835,,,0,,,0.0,coupled_quadratic,torch_tm_flowpipe,0.040082500002501145,,8.25000025010627e-05,0.0,complete_total_degree_1
,,,,,none_one_step,,,,,,,0.0025,0.0025,0.0007325000025038763,tube,,,"{""affine_state"": 1}",True,,,,0.04000000000000031,one_step_common_input,,,,,0.044306382071226835,,,1,,,0.0,coupled_quadratic,torch_tm_flowpipe,0.04073250000250403,,0.0007325000025038763,0.0,complete_total_degree_1
,,,,,none_one_step,,,,,,,0.0025,0.0025,8.25000025010627e-05,endpoint_raw,,,"{""affine_state"": 1}",True,,,,0.040000000000000105,one_step_common_input,,,,,0.044306382071226835,,,0,,,0.0,coupled_quadratic,torch_tm_flowpipe,0.040082500002501145,,8.25000025010627e-05,0.0,complete_total_degree_1
,,,,,none_one_step,,,,,,,0.0025,0.0025,0.0007325000025038763,endpoint_raw,,,"{""affine_state"": 1}",True,,,,0.04000000000000026,one_step_common_input,,,,,0.044306382071226835,,,1,,,0.0,coupled_quadratic,torch_tm_flowpipe,0.04073250000250403,,0.0007325000025038763,0.0,complete_total_degree_1
,,,,,none_one_step,,,,,,,0.0025,0.0025,8.270625250212516e-05,tube,,,"{""affine_state"": 1}",True,,,,0.04000000000000013,one_step_common_input,,,,,0.060626786202192307,,,0,,,0.0,coupled_quadratic,torch_tm_flowpipe,0.04008270625250221,,8.270625250212516e-05,0.0,complete_total_degree_2
,,,,,none_one_step,,,,,,,0.0025,0.0025,4.585937750775009e-05,tube,,,"{""affine_state"": 1, ""time_state"": 1}",True,,,,0.040550000000000364,one_step_common_input,,,,,0.060626786202192307,,,1,,,0.0,coupled_quadratic,torch_tm_flowpipe,0.04059585937750798,,4.585937750775009e-05,0.0,complete_total_degree_2
,,,,,none_one_step,,,,,,,0.0025,0.0025,8.270625250212516e-05,endpoint_raw,,,"{""affine_state"": 1}",True,,,,0.040000000000000105,one_step_common_input,,,,,0.060626786202192307,,,0,,,0.0,coupled_quadratic,torch_tm_flowpipe,0.04008270625250221,,8.270625250212516e-05,0.0,complete_total_degree_2
,,,,,none_one_step,,,,,,,0.0025,0.0025,4.585937750775009e-05,endpoint_raw,,,"{""affine_state"": 1}",True,,,,0.03990000000000021,one_step_common_input,,,,,0.060626786202192307,,,1,,,0.0,coupled_quadratic,torch_tm_flowpipe,0.039945859377507914,,4.585937750775009e-05,0.0,complete_total_degree_2
,,,,,none_one_step,,,,,,,0.005,0.005,0.0001650000025021254,tube,,,"{""affine_state"": 1}",True,,,,0.04000000000000013,one_step_common_input,,,,,0.0434236298315227,,,0,,,0.0,coupled_quadratic,torch_tm_flowpipe,0.0401650000025022,,0.0001650000025021254,0.0,complete_total_degree_1
,,,,,none_one_step,,,,,,,0.005,0.005,0.0014650000025077528,tube,,,"{""affine_state"": 1}",True,,,,0.04000000000000031,one_step_common_input,,,,,0.0434236298315227,,,1,,,0.0,coupled_quadratic,torch_tm_flowpipe,0.04146500000250794,,0.0014650000025077528,0.0,complete_total_degree_1
,,,,,none_one_step,,,,,,,0.005,0.005,0.0001650000025021254,endpoint_raw,,,"{""affine_state"": 1}",True,,,,0.040000000000000105,one_step_common_input,,,,,0.0434236298315227,,,0,,,0.0,coupled_quadratic,torch_tm_flowpipe,0.0401650000025022,,0.0001650000025021254,0.0,complete_total_degree_1
,,,,,none_one_step,,,,,,,0.005,0.005,0.0014650000025077528,endpoint_raw,,,"{""affine_state"": 1}",True,,,,0.04000000000000026,one_step_common_input,,,,,0.0434236298315227,,,1,,,0.0,coupled_quadratic,torch_tm_flowpipe,0.04146500000250794,,0.0014650000025077528,0.0,complete_total_degree_1
,,,,,none_one_step,,,,,,,0.005,0.005,0.00016582500250425034,tube,,,"{""affine_state"": 1}",True,,,,0.04000000000000013,one_step_common_input,,,,,0.060790042858570814,,,0,,,0.0,coupled_quadratic,torch_tm_flowpipe,0.04016582500250433,,0.00016582500250425034,0.0,complete_total_degree_2
,,,,,none_one_step,,,,,,,0.005,0.005,9.343750251550017e-05,tube,,,"{""affine_state"": 1, ""time_state"": 1}",True,,,,0.04110000000000036,one_step_common_input,,,,,0.060790042858570814,,,1,,,0.0,coupled_quadratic,torch_tm_flowpipe,0.04119343750251572,,9.343750251550017e-05,0.0,complete_total_degree_2
,,,,,none_one_step,,,,,,,0.005,0.005,0.00016582500250425034,endpoint_raw,,,"{""affine_state"": 1}",True,,,,0.040000000000000105,one_step_common_input,,,,,0.060790042858570814,,,0,,,0.0,coupled_quadratic,torch_tm_flowpipe,0.04016582500250433,,0.00016582500250425034,0.0,complete_total_degree_2
,,,,,none_one_step,,,,,,,0.005,0.005,9.343750251550017e-05,endpoint_raw,,,"{""affine_state"": 1}",True,,,,0.039800000000000196,one_step_common_input,,,,,0.060790042858570814,,,1,,,0.0,coupled_quadratic,torch_tm_flowpipe,0.0398934375025157,,9.343750251550017e-05,3.0357660829594124e-18,complete_total_degree_2
,,,,,none_one_step,,,,,,,0.01,0.01,0.0003300000025042508,tube,,,"{""affine_state"": 1}",True,,,,0.04000000000000013,one_step_common_input,,,,,0.04350703023374081,,,0,,,0.0,coupled_quadratic,torch_tm_flowpipe,0.04033000000250432,,0.0003300000025042508,0.0,complete_total_degree_1
,,,,,none_one_step,,,,,,,0.01,0.01,0.0029300000025155055,tube,,,"{""affine_state"": 1}",True,,,,0.04000000000000031,one_step_common_input,,,,,0.04350703023374081,,,1,,,0.0,coupled_quadratic,torch_tm_flowpipe,0.04293000000251568,,0.0029300000025155055,0.0,complete_total_degree_1
,,,,,none_one_step,,,,,,,0.01,0.01,0.0003300000025042508,endpoint_raw,,,"{""affine_state"": 1}",True,,,,0.040000000000000105,one_step_common_input,,,,,0.04350703023374081,,,0,,,0.0,coupled_quadratic,torch_tm_flowpipe,0.04033000000250432,,0.0003300000025042508,0.0,complete_total_degree_1
,,,,,none_one_step,,,,,,,0.01,0.01,0.0029300000025155055,endpoint_raw,,,"{""affine_state"": 1}",True,,,,0.04000000000000026,one_step_common_input,,,,,0.04350703023374081,,,1,,,0.0,coupled_quadratic,torch_tm_flowpipe,0.04293000000251568,,0.0029300000025155055,0.0,complete_total_degree_1
,,,,,none_one_step,,,,,,,0.01,0.01,0.00033330000250850065,tube,,,"{""affine_state"": 1}",True,,,,0.04000000000000013,one_step_common_input,,,,,0.06072264024987817,,,0,,,0.0,coupled_quadratic,torch_tm_flowpipe,0.04033330000250858,,0.00033330000250850065,0.0,complete_total_degree_2
,,,,,none_one_step,,,,,,,0.01,0.01,0.00019375000253100033,tube,,,"{""affine_state"": 1, ""time_state"": 1}",True,,,,0.042200000000000376,one_step_common_input,,,,,0.06072264024987817,,,1,,,0.0,coupled_quadratic,torch_tm_flowpipe,0.04239375000253123,,0.00019375000253100033,0.0,complete_total_degree_2
,,,,,none_one_step,,,,,,,0.01,0.01,0.00033330000250850065,endpoint_raw,,,"{""affine_state"": 1}",True,,,,0.040000000000000105,one_step_common_input,,,,,0.06072264024987817,,,0,,,0.0,coupled_quadratic,torch_tm_flowpipe,0.04033330000250858,,0.00033330000250850065,0.0,complete_total_degree_2
,,,,,none_one_step,,,,,,,0.01,0.01,0.00019375000253100033,endpoint_raw,,,"{""affine_state"": 1}",True,,,,0.03960000000000022,one_step_common_input,,,,,0.06072264024987817,,,1,,,0.0,coupled_quadratic,torch_tm_flowpipe,0.03979375000253116,,0.00019375000253100033,0.0,complete_total_degree_2
,,,,,none_one_step,,,,,,,0.02,0.02,0.0006600000025085016,tube,,,"{""affine_state"": 1}",True,,,,0.04000000000000013,one_step_common_input,,,,,0.04364958172664046,,,0,,,0.0,coupled_quadratic,torch_tm_flowpipe,0.04066000000250859,,0.0006600000025085016,0.0,complete_total_degree_1
,,,,,none_one_step,,,,,,,0.02,0.02,0.005860000002531011,tube,,,"{""affine_state"": 1}",True,,,,0.04000000000000031,one_step_common_input,,,,,0.04364958172664046,,,1,,,0.0,coupled_quadratic,torch_tm_flowpipe,0.04586000000253118,,0.005860000002531011,0.0,complete_total_degree_1
,,,,,none_one_step,,,,,,,0.02,0.02,0.0006600000025085016,endpoint_raw,,,"{""affine_state"": 1}",True,,,,0.040000000000000105,one_step_common_input,,,,,0.04364958172664046,,,0,,,0.0,coupled_quadratic,torch_tm_flowpipe,0.04066000000250859,,0.0006600000025085016,0.0,complete_total_degree_1
,,,,,none_one_step,,,,,,,0.02,0.02,0.005860000002531011,endpoint_raw,,,"{""affine_state"": 1}",True,,,,0.04000000000000026,one_step_common_input,,,,,0.04364958172664046,,,1,,,0.0,coupled_quadratic,torch_tm_flowpipe,0.04586000000253118,,0.005860000002531011,0.0,complete_total_degree_1
,,,,,none_one_step,,,,,,,0.02,0.02,0.0006732000025170012,tube,,,"{""affine_state"": 1}",True,,,,0.04000000000000013,one_step_common_input,,,,,0.06081951968371868,,,0,,,0.0,coupled_quadratic,torch_tm_flowpipe,0.040673200002517076,,0.0006732000025170012,0.0,complete_total_degree_2
,,,,,none_one_step,,,,,,,0.02,0.02,0.0004150000025620007,tube,,,"{""affine_state"": 1, ""time_state"": 1}",True,,,,0.044400000000000384,one_step_common_input,,,,,0.06081951968371868,,,1,,,0.0,coupled_quadratic,torch_tm_flowpipe,0.04481500000256225,,0.0004150000025620007,0.0,complete_total_degree_2
,,,,,none_one_step,,,,,,,0.02,0.02,0.0006732000025170012,endpoint_raw,,,"{""affine_state"": 1}",True,,,,0.040000000000000105,one_step_common_input,,,,,0.06081951968371868,,,0,,,0.0,coupled_quadratic,torch_tm_flowpipe,0.040673200002517076,,0.0006732000025170012,0.0,complete_total_degree_2
,,,,,none_one_step,,,,,,,0.02,0.02,0.0004150000025620007,endpoint_raw,,,"{""affine_state"": 1}",True,,,,0.03920000000000021,one_step_common_input,,,,,0.06081951968371868,,,1,,,0.0,coupled_quadratic,torch_tm_flowpipe,0.039615000002562156,,0.0004150000025620007,0.0,complete_total_degree_2
,,,,,none_one_step,,,,,,,0.0025,0.0025,0.007656250002506261,tube,,,"{""affine_state"": 1}",True,,,,0.30000000000000204,one_step_common_input,,,,,0.05075271101668477,,,0,,,0.0,van_der_pol,torch_tm_flowpipe,0.3076562500025073,,0.007656250002506261,0.0,complete_total_degree_1
,,,,,none_one_step,,,,,,,0.0025,0.0025,0.027037500002533885,tube,,,"{""affine_state"": 1}",True,,,,0.10000000000000453,one_step_common_input,,,,,0.05075271101668477,,,1,,,0.0,van_der_pol,torch_tm_flowpipe,0.12703750000253677,,0.027037500002533885,0.0,complete_total_degree_1
,,,,,none_one_step,,,,,,,0.0025,0.0025,0.007656250002506261,endpoint_raw,,,"{""affine_state"": 1}",True,,,,0.3000000000000016,one_step_common_input,,,,,0.05075271101668477,,,0,,,0.0,van_der_pol,torch_tm_flowpipe,0.3076562500025073,,0.007656250002506261,0.0,complete_total_degree_1
,,,,,none_one_step,,,,,,,0.0025,0.0025,0.027037500002533885,endpoint_raw,,,"{""affine_state"": 1}",True,,,,0.10000000000000364,one_step_common_input,,,,,0.05075271101668477,,,1,,,0.0,van_der_pol,torch_tm_flowpipe,0.12703750000253677,,0.027037500002533885,0.0,complete_total_degree_1
,,,,,none_one_step,,,,,,,0.0025,0.0025,6.248017523071648e-05,tube,,,"{""affine_state"": 1, ""time_state"": 1}",True,,,,0.3061250000000024,one_step_common_input,,,,,0.11298176506534219,,,0,,,0.0,van_der_pol,torch_tm_flowpipe,0.30618748017523223,,6.248017523071648e-05,0.0,complete_total_degree_2
,,,,,none_one_step,,,,,,,0.0025,0.0025,0.018976444092286528,tube,,,"{""affine_state"": 1, ""time_state"": 2}",True,,,,0.10962500000000608,one_step_common_input,,,,,0.11298176506534219,,,1,,,0.0,van_der_pol,torch_tm_flowpipe,0.12860144409229068,,0.018976444092286528,0.0,complete_total_degree_2
,,,,,none_one_step,,,,,,,0.0025,0.0025,6.248017523071648e-05,endpoint_raw,,,"{""affine_state"": 2}",True,,,,0.30025000000000146,one_step_common_input,,,,,0.11298176506534219,,,0,,,0.0,van_der_pol,torch_tm_flowpipe,0.30031248017523215,,6.248017523071648e-05,0.0,complete_total_degree_2
,,,,,none_one_step,,,,,,,0.0025,0.0025,0.018976444092286528,endpoint_raw,,,"{""affine_state"": 2}",True,,,,0.10100000000000486,one_step_common_input,,,,,0.11298176506534219,,,1,,,0.0,van_der_pol,torch_tm_flowpipe,0.11997644409228991,,0.018976444092286528,0.0,complete_total_degree_2
,,,,,none_one_step,,,,,,,0.005,0.005,0.015312500002512521,tube,,,"{""affine_state"": 1}",True,,,,0.30000000000000204,one_step_common_input,,,,,0.051690855994820595,,,0,,,0.0,van_der_pol,torch_tm_flowpipe,0.31531250000251365,,0.015312500002512521,0.0,complete_total_degree_1
,,,,,none_one_step,,,,,,,0.005,0.005,0.05407500000256778,tube,,,"{""affine_state"": 1}",True,,,,0.10000000000000453,one_step_common_input,,,,,0.051690855994820595,,,1,,,0.0,van_der_pol,torch_tm_flowpipe,0.15407500000257057,,0.05407500000256778,0.0,complete_total_degree_1
,,,,,none_one_step,,,,,,,0.005,0.005,0.015312500002512521,endpoint_raw,,,"{""affine_state"": 1}",True,,,,0.3000000000000016,one_step_common_input,,,,,0.051690855994820595,,,0,,,0.0,van_der_pol,torch_tm_flowpipe,0.31531250000251365,,0.015312500002512521,0.0,complete_total_degree_1
,,,,,none_one_step,,,,,,,0.005,0.005,0.05407500000256778,endpoint_raw,,,"{""affine_state"": 1}",True,,,,0.10000000000000364,one_step_common_input,,,,,0.051690855994820595,,,1,,,0.0,van_der_pol,torch_tm_flowpipe,0.15407500000257057,,0.05407500000256778,0.0,complete_total_degree_1
,,,,,none_one_step,,,,,,,0.005,0.005,0.0002521224504219376,tube,,,"{""affine_state"": 1, ""time_state"": 1}",True,,,,0.3122500000000026,one_step_common_input,,,,,0.10835561621934175,,,0,,,0.0,van_der_pol,torch_tm_flowpipe,0.31250212245042364,,0.0002521224504219376,0.0,complete_total_degree_2
,,,,,none_one_step,,,,,,,0.005,0.005,0.0383932395843874,tube,,,"{""affine_state"": 1, ""time_state"": 2}",True,,,,0.1192500000000063,one_step_common_input,,,,,0.10835561621934175,,,1,,,0.0,van_der_pol,torch_tm_flowpipe,0.15764323958439164,,0.0383932395843874,0.0,complete_total_degree_2
,,,,,none_one_step,,,,,,,0.005,0.005,0.0002521224504219376,endpoint_raw,,,"{""affine_state"": 2}",True,,,,0.30050000000000177,one_step_common_input,,,,,0.10835561621934175,,,0,,,0.0,van_der_pol,torch_tm_flowpipe,0.3007521224504237,,0.0002521224504219376,5.637851296924623e-18,complete_total_degree_2
,,,,,none_one_step,,,,,,,0.005,0.005,0.0383932395843874,endpoint_raw,,,"{""affine_state"": 2}",True,,,,0.10200000000000475,one_step_common_input,,,,,0.10835561621934175,,,1,,,0.0,van_der_pol,torch_tm_flowpipe,0.14039323958439098,,0.0383932395843874,0.0,complete_total_degree_2
,,,,,none_one_step,,,,,,,0.01,0.01,0.030625000002525042,tube,,,"{""affine_state"": 1}",True,,,,0.30000000000000204,one_step_common_input,,,,,0.05069414898753166,,,0,,,0.0,van_der_pol,torch_tm_flowpipe,0.33062500000252615,,0.030625000002525042,0.0,complete_total_degree_1
,,,,,none_one_step,,,,,,,0.01,0.01,0.10815000000263554,tube,,,"{""affine_state"": 1}",True,,,,0.10000000000000453,one_step_common_input,,,,,0.05069414898753166,,,1,,,0.0,van_der_pol,torch_tm_flowpipe,0.20815000000263817,,0.10815000000263554,0.0,complete_total_degree_1
,,,,,none_one_step,,,,,,,0.01,0.01,0.030625000002525042,endpoint_raw,,,"{""affine_state"": 1}",True,,,,0.3000000000000016,one_step_common_input,,,,,0.05069414898753166,,,0,,,0.0,van_der_pol,torch_tm_flowpipe,0.33062500000252615,,0.030625000002525042,0.0,complete_total_degree_1
,,,,,none_one_step,,,,,,,0.01,0.01,0.10815000000263554,endpoint_raw,,,"{""affine_state"": 1}",True,,,,0.10000000000000364,one_step_common_input,,,,,0.05069414898753166,,,1,,,0.0,van_der_pol,torch_tm_flowpipe,0.20815000000263817,,0.10815000000263554,0.0,complete_total_degree_1
,,,,,none_one_step,,,,,,,0.01,0.01,0.0010262900054431423,tube,,,"{""affine_state"": 1, ""time_state"": 1}",True,,,,0.32450000000000245,one_step_common_input,,,,,0.10940882982686162,,,0,,,0.0,van_der_pol,torch_tm_flowpipe,0.32552629000544475,,0.0010262900054431423,0.0,complete_total_degree_2
,,,,,none_one_step,,,,,,,0.01,0.01,0.07856650029431397,tube,,,"{""affine_state"": 1, ""time_state"": 2}",True,,,,0.13850000000000628,one_step_common_input,,,,,0.10940882982686162,,,1,,,0.0,van_der_pol,torch_tm_flowpipe,0.21706650029431884,,0.07856650029431397,0.0,complete_total_degree_2
,,,,,none_one_step,,,,,,,0.01,0.01,0.0010262900054431423,endpoint_raw,,,"{""affine_state"": 2}",True,,,,0.3010000000000015,one_step_common_input,,,,,0.10940882982686162,,,0,,,0.0,van_der_pol,torch_tm_flowpipe,0.3020262900054447,,0.0010262900054431423,4.445228907190568e-17,complete_total_degree_2
,,,,,none_one_step,,,,,,,0.01,0.01,0.07856650029431397,endpoint_raw,,,"{""affine_state"": 2}",True,,,,0.10400000000000453,one_step_common_input,,,,,0.10940882982686162,,,1,,,0.0,van_der_pol,torch_tm_flowpipe,0.18256650029431798,,0.07856650029431397,0.0,complete_total_degree_2
,,,,,none_one_step,,,,,,,0.02,0.02,0.06125000000255008,tube,,,"{""affine_state"": 1}",True,,,,0.30000000000000204,one_step_common_input,,,,,0.050548551604151726,,,0,,,0.0,van_der_pol,torch_tm_flowpipe,0.36125000000255114,,0.06125000000255008,0.0,complete_total_degree_1
,,,,,none_one_step,,,,,,,0.02,0.02,0.21630000000277105,tube,,,"{""affine_state"": 1}",True,,,,0.10000000000000453,one_step_common_input,,,,,0.050548551604151726,,,1,,,0.0,van_der_pol,torch_tm_flowpipe,0.3163000000027738,,0.21630000000277105,0.0,complete_total_degree_1
,,,,,none_one_step,,,,,,,0.02,0.02,0.06125000000255008,endpoint_raw,,,"{""affine_state"": 1}",True,,,,0.3000000000000016,one_step_common_input,,,,,0.050548551604151726,,,0,,,0.0,van_der_pol,torch_tm_flowpipe,0.36125000000255114,,0.06125000000255008,0.0,complete_total_degree_1
,,,,,none_one_step,,,,,,,0.02,0.02,0.21630000000277105,endpoint_raw,,,"{""affine_state"": 1}",True,,,,0.10000000000000364,one_step_common_input,,,,,0.050548551604151726,,,1,,,0.0,van_der_pol,torch_tm_flowpipe,0.3163000000027738,,0.21630000000277105,0.0,complete_total_degree_1
,,,,,none_one_step,,,,,,,0.02,0.02,0.004250564314444609,tube,,,"{""affine_state"": 1, ""time_state"": 1}",True,,,,0.34900000000000264,one_step_common_input,,,,,0.10825226968154311,,,0,,,0.0,van_der_pol,torch_tm_flowpipe,0.3532505643144461,,0.004250564314444609,0.0,complete_total_degree_2
,,,,,none_one_step,,,,,,,0.02,0.02,0.16440321559722998,tube,,,"{""affine_state"": 1, ""time_state"": 2}",True,,,,0.17700000000000626,one_step_common_input,,,,,0.10825226968154311,,,1,,,0.0,van_der_pol,torch_tm_flowpipe,0.34140321559723485,,0.16440321559722998,0.0,complete_total_degree_2
,,,,,none_one_step,,,,,,,0.02,0.02,0.004250564314444609,endpoint_raw,,,"{""affine_state"": 2}",True,,,,0.3020000000000016,one_step_common_input,,,,,0.10825226968154311,,,0,,,0.0,van_der_pol,torch_tm_flowpipe,0.3062505643144462,,0.004250564314444609,0.0,complete_total_degree_2
,,,,,none_one_step,,,,,,,0.02,0.02,0.16440321559722998,endpoint_raw,,,"{""affine_state"": 2}",True,,,,0.10800000000000498,one_step_common_input,,,,,0.10825226968154311,,,1,,,0.0,van_der_pol,torch_tm_flowpipe,0.272403215597234,,0.16440321559722998,0.0,complete_total_degree_2
,,,,,c+A*xi+fresh_independent_interval,,,,,,,0.01,0.48,68.0299092221689,tube,,,"{""affine_state"": 1, ""constant"": 1, ""time_only"": 1}",True,,,,0.10002621711778885,common_affine_carry,,,,,0.023065208923071623,,,0,,,0.0,riccati,torch_tm_flowpipe,68.1299354392867,,68.0299092221689,1.4210854715202004e-14,complete_total_degree_1
,,,,,c+A*xi+fresh_independent_interval,,,,,,,0.01,0.48,68.0299092221689,endpoint_raw,,,"{""affine_state"": 1, ""constant"": 1}",True,,,,0.10000000000000009,common_affine_carry,,,,,0.023065208923071623,,,0,,,0.0,riccati,torch_tm_flowpipe,68.12990922216892,,68.0299092221689,2.842170943040401e-14,complete_total_degree_1
,,,,,componentwise_box,,,,,,,0.01,1.0,0.0002024636573217648,tube,,,"{""affine_state"": 1, ""constant"": 1, ""time_only"": 1}",True,,,,0.11762605310421057,common_box_carry,,,,,0.02223547687754035,,,0,,,0.0,riccati,torch_tm_flowpipe,0.11782851676153229,,0.0002024636573217648,0.0,complete_total_degree_1
,,,,,componentwise_box,,,,,,,0.01,1.0,0.0002024636573217648,endpoint_raw,,,"{""affine_state"": 1, ""constant"": 1}",True,,,,0.11759675096800802,common_box_carry,,,,,0.02223547687754035,,,0,,,0.0,riccati,torch_tm_flowpipe,0.11779921462532976,,0.0002024636573217648,0.0,complete_total_degree_1
,,,,,c+A*xi+fresh_independent_interval,,,,,,,0.01,4.0,2.9605024010869753e+38,tube,,,"{""affine_state"": 1}",True,,,,0.20000000000000018,common_affine_carry,,,,,0.024846676271408796,,,0,,,0.0,harmonic,torch_tm_flowpipe,2.9605024010869757e+38,,2.9605024010869753e+38,3.777893186295716e+22,complete_total_degree_1
,,,,,c+A*xi+fresh_independent_interval,,,,,,,0.01,4.0,2.9605024010869753e+38,tube,,,"{""affine_state"": 1}",True,,,,0.20000000000000018,common_affine_carry,,,,,0.024846676271408796,,,1,,,0.0,harmonic,torch_tm_flowpipe,2.9605024010869757e+38,,2.9605024010869753e+38,3.777893186295716e+22,complete_total_degree_1
,,,,,c+A*xi+fresh_independent_interval,,,,,,,0.01,4.0,2.9605024010869753e+38,endpoint_raw,,,"{""affine_state"": 1}",True,,,,0.20000000000000015,common_affine_carry,,,,,0.024846676271408796,,,0,,,0.0,harmonic,torch_tm_flowpipe,2.9605024010869757e+38,,2.9605024010869753e+38,3.777893186295716e+22,complete_total_degree_1
,,,,,c+A*xi+fresh_independent_interval,,,,,,,0.01,4.0,2.9605024010869753e+38,endpoint_raw,,,"{""affine_state"": 1}",True,,,,0.20000000000000015,common_affine_carry,,,,,0.024846676271408796,,,1,,,0.0,harmonic,torch_tm_flowpipe,2.9605024010869757e+38,,2.9605024010869753e+38,3.777893186295716e+22,complete_total_degree_1
,,,,,componentwise_box,,,,,,,0.01,4.0,0.3552693422305393,tube,,,"{""affine_state"": 1}",True,,,,28.42154737824112,common_box_carry,,,,,0.024857533164322376,,,0,,,0.0,harmonic,torch_tm_flowpipe,28.776816720471647,,0.3552693422305393,0.0,complete_total_degree_1
,,,,,componentwise_box,,,,,,,0.01,4.0,0.3552693422305393,tube,,,"{""affine_state"": 1}",True,,,,28.42154737824112,common_box_carry,,,,,0.024857533164322376,,,1,,,0.0,harmonic,torch_tm_flowpipe,28.776816720471647,,0.3552693422305393,0.0,complete_total_degree_1
,,,,,componentwise_box,,,,,,,0.01,4.0,0.3552693422305393,endpoint_raw,,,"{""affine_state"": 1}",True,,,,28.421547378241115,common_box_carry,,,,,0.024857533164322376,,,0,,,0.0,harmonic,torch_tm_flowpipe,28.776816720471647,,0.3552693422305393,0.0,complete_total_degree_1
,,,,,componentwise_box,,,,,,,0.01,4.0,0.3552693422305393,endpoint_raw,,,"{""affine_state"": 1}",True,,,,28.421547378241115,common_box_carry,,,,,0.024857533164322376,,,1,,,0.0,harmonic,torch_tm_flowpipe,28.776816720471647,,0.3552693422305393,0.0,complete_total_degree_1
,,,,,c+A*xi+fresh_independent_interval,,,,,,,0.005,0.25,73.51268529813998,tube,,,"{""affine_state"": 1, ""constant"": 1, ""time_only"": 1}",True,,,,0.040082918038154614,common_affine_carry,,,,,0.060390898026525974,,,0,,,0.0,coupled_quadratic,torch_tm_flowpipe,73.55276821617815,,73.51268529813998,1.4210854715202004e-14,complete_total_degree_1
,,,,,c+A*xi+fresh_independent_interval,,,,,,,0.005,0.25,127.9345309964192,tube,,,"{""affine_state"": 1, ""constant"": 1, ""time_only"": 1}",True,,,,0.04073905392118701,common_affine_carry,,,,,0.060390898026525974,,,1,,,0.0,coupled_quadratic,torch_tm_flowpipe,127.97527005034041,,127.9345309964192,2.842170943040401e-14,complete_total_degree_1
,,,,,c+A*xi+fresh_independent_interval,,,,,,,0.005,0.25,73.51268529813998,endpoint_raw,,,"{""affine_state"": 1, ""constant"": 1}",True,,,,0.04000000000000012,common_affine_carry,,,,,0.060390898026525974,,,0,,,0.0,coupled_quadratic,torch_tm_flowpipe,73.55268529814,,73.51268529813998,1.4210854715202004e-14,complete_total_degree_1
,,,,,c+A*xi+fresh_independent_interval,,,,,,,0.005,0.25,127.9345309964192,endpoint_raw,,,"{""affine_state"": 1, ""constant"": 1}",True,,,,0.04000000000000026,common_affine_carry,,,,,0.060390898026525974,,,1,,,0.0,coupled_quadratic,torch_tm_flowpipe,127.97453099641922,,127.9345309964192,1.4210854715202004e-14,complete_total_degree_1
,,,,,componentwise_box,,,,,,,0.005,0.25,8.984801026723808e-05,tube,,,"{""affine_state"": 1, ""constant"": 1, ""time_only"": 1}",True,,,,0.044224074460069415,common_box_carry,,,,,0.05984779028221965,,,0,,,0.0,coupled_quadratic,torch_tm_flowpipe,0.04431392247033661,,8.984801026723808e-05,0.0,complete_total_degree_1
,,,,,componentwise_box,,,,,,,0.005,0.25,0.0004234234289972385,tube,,,"{""affine_state"": 1, ""constant"": 1, ""time_only"": 1}",True,,,,0.058391040227710495,common_box_carry,,,,,0.05984779028221965,,,1,,,0.0,coupled_quadratic,torch_tm_flowpipe,0.05881446365670756,,0.0004234234289972385,0.0,complete_total_degree_1
,,,,,componentwise_box,,,,,,,0.005,0.25,8.984801026723808e-05,endpoint_raw,,,"{""affine_state"": 1, ""constant"": 1}",True,,,,0.04414110938048925,common_box_carry,,,,,0.05984779028221965,,,0,,,0.0,coupled_quadratic,torch_tm_flowpipe,0.044230957390756456,,8.984801026723808e-05,0.0,complete_total_degree_1
,,,,,componentwise_box,,,,,,,0.005,0.25,0.0004234234289972385,endpoint_raw,,,"{""affine_state"": 1, ""constant"": 1}",True,,,,0.057651509037577764,common_box_carry,,,,,0.05984779028221965,,,1,,,0.0,coupled_quadratic,torch_tm_flowpipe,0.05807493246657494,,0.0004234234289972385,0.0,complete_total_degree_1
,,,,,c+A*xi+fresh_independent_interval,,,,,,,0.01,0.25,0.1952235224564686,tube,,,"{""affine_state"": 1, ""constant"": 1, ""time_only"": 1}",True,,,,0.04016639505032665,common_affine_carry,,,,,0.06036430690437555,,,0,,,0.0,coupled_quadratic,torch_tm_flowpipe,0.2353899175067952,,0.1952235224564686,0.0,complete_total_degree_1
,,,,,c+A*xi+fresh_independent_interval,,,,,,,0.01,0.25,0.806866554353717,tube,,,"{""affine_state"": 1, ""constant"": 1, ""time_only"": 1}",True,,,,0.04148477389326266,common_affine_carry,,,,,0.06036430690437555,,,1,,,0.0,coupled_quadratic,torch_tm_flowpipe,0.8483513282469797,,0.806866554353717,0.0,complete_total_degree_1
,,,,,c+A*xi+fresh_independent_interval,,,,,,,0.01,0.25,0.1952235224564686,endpoint_raw,,,"{""affine_state"": 1, ""constant"": 1}",True,,,,0.04000000000000012,common_affine_carry,,,,,0.06036430690437555,,,0,,,0.0,coupled_quadratic,torch_tm_flowpipe,0.2352235224564687,,0.1952235224564686,0.0,complete_total_degree_1
,,,,,c+A*xi+fresh_independent_interval,,,,,,,0.01,0.25,0.806866554353717,endpoint_raw,,,"{""affine_state"": 1, ""constant"": 1}",True,,,,0.04000000000000026,common_affine_carry,,,,,0.06036430690437555,,,1,,,0.0,coupled_quadratic,torch_tm_flowpipe,0.8468665543537173,,0.806866554353717,0.0,complete_total_degree_1
,,,,,componentwise_box,,,,,,,0.01,0.25,0.00018020953681770487,tube,,,"{""affine_state"": 1, ""constant"": 1, ""time_only"": 1}",True,,,,0.04423798255525406,common_box_carry,,,,,0.05970359966158867,,,0,,,0.0,coupled_quadratic,torch_tm_flowpipe,0.04441819209207169,,0.00018020953681770487,0.0,complete_total_degree_1
,,,,,componentwise_box,,,,,,,0.01,0.25,0.0008472773592202323,tube,,,"{""affine_state"": 1, ""constant"": 1, ""time_only"": 1}",True,,,,0.05880581882550942,common_box_carry,,,,,0.05970359966158867,,,1,,,0.0,coupled_quadratic,torch_tm_flowpipe,0.059653096184729526,,0.0008472773592202323,0.0,complete_total_degree_1
,,,,,componentwise_box,,,,,,,0.01,0.25,0.00018020953681770487,endpoint_raw,,,"{""affine_state"": 1, ""constant"": 1}",True,,,,0.04407145284255207,common_box_carry,,,,,0.05970359966158867,,,0,,,0.0,coupled_quadratic,torch_tm_flowpipe,0.04425166237936974,,0.00018020953681770487,0.0,complete_total_degree_1
,,,,,componentwise_box,,,,,,,0.01,0.25,0.0008472773592202323,endpoint_raw,,,"{""affine_state"": 1, ""constant"": 1}",True,,,,0.05731963659164796,common_box_carry,,,,,0.05970359966158867,,,1,,,0.0,coupled_quadratic,torch_tm_flowpipe,0.05816691395086812,,0.0008472773592202323,0.0,complete_total_degree_1
,,,,,c+A*xi+fresh_independent_interval,,,,,,,0.005,0.15,10.269618712119886,tube,,,"{""affine_state"": 1, ""constant"": 1, ""time_only"": 1}",True,,,,0.3094430304700042,common_affine_carry,,,,,0.06656049704179168,,,0,,,0.0,van_der_pol,torch_tm_flowpipe,10.57906174258989,,10.269618712119886,0.0,complete_total_degree_1
,,,,,c+A*xi+fresh_independent_interval,,,,,,,0.005,0.15,124.9652519996246,tube,,,"{""affine_state"": 1, ""constant"": 1, ""time_only"": 1}",True,,,,0.12151878535254923,common_affine_carry,,,,,0.06656049704179168,,,1,,,0.0,van_der_pol,torch_tm_flowpipe,125.08677078497718,,124.9652519996246,2.842170943040401e-14,complete_total_degree_1
,,,,,c+A*xi+fresh_independent_interval,,,,,,,0.005,0.15,10.269618712119886,endpoint_raw,,,"{""affine_state"": 1, ""constant"": 1}",True,,,,0.3000000000000016,common_affine_carry,,,,,0.06656049704179168,,,0,,,0.0,van_der_pol,torch_tm_flowpipe,10.569618712119889,,10.269618712119886,0.0,complete_total_degree_1
,,,,,c+A*xi+fresh_independent_interval,,,,,,,0.005,0.15,124.9652519996246,endpoint_raw,,,"{""affine_state"": 1, ""constant"": 1}",True,,,,0.10000000000000187,common_affine_carry,,,,,0.06656049704179168,,,1,,,0.0,van_der_pol,torch_tm_flowpipe,125.06525199962462,,124.9652519996246,1.4210854715202004e-14,complete_total_degree_1
,,,,,componentwise_box,,,,,,,0.005,0.7000000000000001,3.0308084937990065,tube,,,"{""affine_state"": 1, ""constant"": 1, ""time_only"": 1}",True,,,,11.282242552496053,common_box_carry,,,,,0.10348996939137578,,,0,,,0.0,van_der_pol,torch_tm_flowpipe,14.313051046295055,,3.0308084937990065,0.0,complete_total_degree_1
,,,,,componentwise_box,,,,,,,0.005,0.7000000000000001,223.92328901441272,tube,,,"{""affine_state"": 1, ""constant"": 1, ""time_only"": 1}",True,,,,285.92227336902425,common_box_carry,,,,,0.10348996939137578,,,1,,,0.0,van_der_pol,torch_tm_flowpipe,509.8455623834369,,223.92328901441272,0.0,complete_total_degree_1
,,,,,componentwise_box,,,,,,,0.005,0.7000000000000001,3.0308084937990065,endpoint_raw,,,"{""affine_state"": 1, ""constant"": 1}",True,,,,11.281917247934526,common_box_carry,,,,,0.10348996939137578,,,0,,,0.0,van_der_pol,torch_tm_flowpipe,14.31272574173353,,3.0308084937990065,0.0,complete_total_degree_1
,,,,,componentwise_box,,,,,,,0.005,0.7000000000000001,223.92328901441272,endpoint_raw,,,"{""affine_state"": 1, ""constant"": 1}",True,,,,285.91332852718256,common_box_carry,,,,,0.10348996939137578,,,1,,,0.0,van_der_pol,torch_tm_flowpipe,509.8366175415952,,223.92328901441272,0.0,complete_total_degree_1
,,,,,c+A*xi+fresh_independent_interval,,,,,,,0.01,0.23,7.535247243481529,tube,,,"{""affine_state"": 1, ""constant"": 1, ""time_only"": 1}",True,,,,0.3155532675332937,common_affine_carry,,,,,0.0670398510992527,,,0,,,0.0,van_der_pol,torch_tm_flowpipe,7.850800511014823,,7.535247243481529,0.0,complete_total_degree_1
,,,,,c+A*xi+fresh_independent_interval,,,,,,,0.01,0.23,82.46968410852485,tube,,,"{""affine_state"": 1, ""constant"": 1, ""time_only"": 1}",True,,,,0.14626501077569332,common_affine_carry,,,,,0.0670398510992527,,,1,,,0.0,van_der_pol,torch_tm_flowpipe,82.61594911930055,,82.46968410852485,1.4210854715202004e-14,complete_total_degree_1
,,,,,c+A*xi+fresh_independent_interval,,,,,,,0.01,0.23,7.535247243481529,endpoint_raw,,,"{""affine_state"": 1, ""constant"": 1}",True,,,,0.3000000000000016,common_affine_carry,,,,,0.0670398510992527,,,0,,,0.0,van_der_pol,torch_tm_flowpipe,7.835247243481531,,7.535247243481529,0.0,complete_total_degree_1
,,,,,c+A*xi+fresh_independent_interval,,,,,,,0.01,0.23,82.46968410852485,endpoint_raw,,,"{""affine_state"": 1, ""constant"": 1}",True,,,,0.10000000000000187,common_affine_carry,,,,,0.0670398510992527,,,1,,,0.0,van_der_pol,torch_tm_flowpipe,82.56968410852485,,82.46968410852485,0.0,complete_total_degree_1
,,,,,componentwise_box,,,,,,,0.01,0.68,2.5528236052276125,tube,,,"{""affine_state"": 1, ""constant"": 1, ""time_only"": 1}",True,,,,7.45637726073584,common_box_carry,,,,,0.10299865016713738,,,0,,,0.0,van_der_pol,torch_tm_flowpipe,10.00920086596345,,2.5528236052276125,0.0,complete_total_degree_1
,,,,,componentwise_box,,,,,,,0.01,0.68,113.58461112413882,tube,,,"{""affine_state"": 1, ""constant"": 1, ""time_only"": 1}",True,,,,117.05056991578516,common_box_carry,,,,,0.10299865016713738,,,1,,,0.0,van_der_pol,torch_tm_flowpipe,230.63518103992396,,113.58461112413882,0.0,complete_total_degree_1
,,,,,componentwise_box,,,,,,,0.01,0.68,2.5528236052276125,endpoint_raw,,,"{""affine_state"": 1, ""constant"": 1}",True,,,,7.45589170489264,common_box_carry,,,,,0.10299865016713738,,,0,,,0.0,van_der_pol,torch_tm_flowpipe,10.00871531012025,,2.5528236052276125,0.0,complete_total_degree_1
,,,,,componentwise_box,,,,,,,0.01,0.68,113.58461112413882,endpoint_raw,,,"{""affine_state"": 1, ""constant"": 1}",True,,,,117.03216557597295,common_box_carry,,,,,0.10299865016713738,,,1,,,0.0,van_der_pol,torch_tm_flowpipe,230.61677670011176,,113.58461112413882,0.0,complete_total_degree_1
,,,,,none_one_step,,,,,,,0.005,0.005,1.2537561030913079e-05,tube,,,"{""affine_state"": 1, ""constant"": 1, ""time_only"": 1}",True,,,,0.10006252813941424,one_step_common_input,,,,,3.6970804361626506,,,0,,,,riccati,diffreach,0.10007506570044503,,1.2537561030913079e-05,0.0,upstream_affine_flag
,,,,,none_one_step,,,,,,,0.005,0.005,1.2537561030913079e-05,endpoint_raw,,,"{""affine_state"": 1, ""constant"": 1}",True,,,,0.10005002813863294,one_step_common_input,,,,,3.6970804361626506,,,0,,,,riccati,diffreach,0.10006256569966378,,1.2537561030913079e-05,0.0,upstream_affine_flag
,,,,,none_one_step,,,,,,,0.005,0.005,1.2556326668227795e-05,tube,,,"{""affine_state"": 1, ""constant"": 1, ""time_only"": 2, ""time_state"": 1}",True,,,,0.10006250312299915,one_step_common_input,,,,,0.9797162772156298,,,0,,,,riccati,diffreach,0.10006255944966723,,1.2556326668227795e-05,0.0,upstream_restricted_quasi_quadratic
,,,,,none_one_step,,,,,,,0.005,0.005,1.2556326668227795e-05,endpoint_raw,,,"{""affine_state"": 1, ""constant"": 1}",True,,,,0.10004999999799909,one_step_common_input,,,,,0.9797162772156298,,,0,,,,riccati,diffreach,0.10006255632466723,,1.2556326668227795e-05,0.0,upstream_restricted_quasi_quadratic
,,,,,none_one_step,,,,,,,0.01,0.01,2.5150489001753456e-05,tube,,,"{""affine_state"": 1, ""constant"": 1, ""time_only"": 1}",True,,,,0.10012511262939039,one_step_common_input,,,,,0.3512211721390486,,,0,,,,riccati,diffreach,0.10015026311839202,,2.5150489001753456e-05,0.0,upstream_affine_flag
,,,,,none_one_step,,,,,,,0.01,0.01,2.5150489001753456e-05,endpoint_raw,,,"{""affine_state"": 1, ""constant"": 1}",True,,,,0.10010011262314034,one_step_common_input,,,,,0.3512211721390486,,,0,,,,riccati,diffreach,0.10012526311214201,,2.5150489001753456e-05,0.0,upstream_affine_flag
,,,,,none_one_step,,,,,,,0.01,0.01,2.5225614198949224e-05,tube,,,"{""affine_state"": 1, ""constant"": 1, ""time_only"": 2, ""time_state"": 1}",True,,,,0.10012501249799814,one_step_common_input,,,,,0.568337676115334,,,0,,,,riccati,diffreach,0.10012523811219695,,2.5225614198949224e-05,0.0,upstream_restricted_quasi_quadratic
,,,,,none_one_step,,,,,,,0.01,0.01,2.5225614198949224e-05,endpoint_raw,,,"{""affine_state"": 1, ""constant"": 1}",True,,,,0.1000999999979981,one_step_common_input,,,,,0.568337676115334,,,0,,,,riccati,diffreach,0.10012522561219696,,2.5225614198949224e-05,0.0,upstream_restricted_quasi_quadratic
,,,,,none_one_step,,,,,,,0.02,0.02,5.060392425834019e-05,tube,,,"{""affine_state"": 1, ""constant"": 1, ""time_only"": 1}",True,,,,0.10025045105027618,one_step_common_input,,,,,0.34323926735669374,,,0,,,,riccati,diffreach,0.10030105497453438,,5.060392425834019e-05,0.0,upstream_affine_flag
,,,,,none_one_step,,,,,,,0.02,0.02,5.060392425834019e-05,endpoint_raw,,,"{""affine_state"": 1, ""constant"": 1}",True,,,,0.10020045100027604,one_step_common_input,,,,,0.34323926735669374,,,0,,,,riccati,diffreach,0.10025105492453429,,5.060392425834019e-05,0.0,upstream_affine_flag
,,,,,none_one_step,,,,,,,0.02,0.02,5.090492741861545e-05,tube,,,"{""affine_state"": 1, ""constant"": 1, ""time_only"": 2, ""time_state"": 1}",True,,,,0.10025004999799618,one_step_common_input,,,,,0.5605340851470828,,,0,,,,riccati,diffreach,0.10025095492541462,,5.090492741861545e-05,0.0,upstream_restricted_quasi_quadratic
,,,,,none_one_step,,,,,,,0.02,0.02,5.090492741861545e-05,endpoint_raw,,,"{""affine_state"": 1, ""constant"": 1}",True,,,,0.10019999999799609,one_step_common_input,,,,,0.5605340851470828,,,0,,,,riccati,diffreach,0.10025090492541462,,5.090492741861545e-05,0.0,upstream_restricted_quasi_quadratic
,,,,,none_one_step,,,,,,,0.05,0.05,0.00012881191260971149,tube,,,"{""affine_state"": 1, ""constant"": 1, ""time_only"": 1}",True,,,,0.10062782899362112,one_step_common_input,,,,,0.35158136393874884,,,0,,,,riccati,diffreach,0.1007566409062307,,0.00012881191260971149,0.0,upstream_affine_flag
,,,,,none_one_step,,,,,,,0.05,0.05,0.00012881191260971149,endpoint_raw,,,"{""affine_state"": 1, ""constant"": 1}",True,,,,0.10050282821236252,one_step_common_input,,,,,0.35158136393874884,,,0,,,,riccati,diffreach,0.10063164012497215,,0.00012881191260971149,0.0,upstream_affine_flag
,,,,,none_one_step,,,,,,,0.05,0.05,0.0001307026616631619,tube,,,"{""affine_state"": 1, ""constant"": 1, ""time_only"": 2, ""time_state"": 1}",True,,,,0.10062531249799017,one_step_common_input,,,,,0.5453314557671547,,,0,,,,riccati,diffreach,0.10063101515965317,,0.0001307026616631619,0.0,upstream_restricted_quasi_quadratic
,,,,,none_one_step,,,,,,,0.05,0.05,0.0001307026616631619,endpoint_raw,,,"{""affine_state"": 1, ""constant"": 1}",True,,,,0.10049999999799009,one_step_common_input,,,,,0.5453314557671547,,,0,,,,riccati,diffreach,0.10063070265965317,,0.0001307026616631619,0.0,upstream_restricted_quasi_quadratic
,,,,,none_one_step,,,,,,,0.005,0.005,6.250000000000001e-13,tube,,,"{""affine_state"": 1}",True,,,,0.2010050251236172,one_step_common_input,,,,,3.765772805083543,,,0,,,,harmonic,diffreach,0.20100502512424204,,6.250000000000001e-13,0.0,upstream_affine_flag
,,,,,none_one_step,,,,,,,0.005,0.005,6.250000000000001e-13,tube,,,"{""affine_state"": 1}",True,,,,0.2010050251236172,one_step_common_input,,,,,3.765772805083543,,,1,,,,harmonic,diffreach,0.20100502512424204,,6.250000000000001e-13,0.0,upstream_affine_flag
,,,,,none_one_step,,,,,,,0.005,0.005,6.250000000000001e-13,endpoint_raw,,,"{""affine_state"": 1, ""constant"": 1}",True,,,,0.20100502512361718,one_step_common_input,,,,,3.765772805083543,,,0,,,,harmonic,diffreach,0.20100502512424204,,6.250000000000001e-13,0.0,upstream_affine_flag
,,,,,none_one_step,,,,,,,0.005,0.005,6.250000000000001e-13,endpoint_raw,,,"{""affine_state"": 1, ""constant"": 1}",True,,,,0.20100502512361718,one_step_common_input,,,,,3.765772805083543,,,1,,,,harmonic,diffreach,0.20100502512424204,,6.250000000000001e-13,0.0,upstream_affine_flag
,,,,,none_one_step,,,,,,,0.005,0.005,2.5125634390625004e-06,tube,,,"{""affine_state"": 1, ""time_state"": 1}",True,,,,0.2009999999979902,one_step_common_input,,,,,0.9578429190441966,,,0,,,,harmonic,diffreach,0.20100251256142906,,2.5125634390625004e-06,0.0,upstream_restricted_quasi_quadratic
,,,,,none_one_step,,,,,,,0.005,0.005,2.5125634390625004e-06,tube,,,"{""affine_state"": 1, ""time_state"": 1}",True,,,,0.20099999999799018,one_step_common_input,,,,,0.9578429190441966,,,1,,,,harmonic,diffreach,0.20100251256142906,,2.5125634390625004e-06,0.0,upstream_restricted_quasi_quadratic
,,,,,none_one_step,,,,,,,0.005,0.005,2.5125634390625004e-06,endpoint_raw,,,"{""affine_state"": 2, ""constant"": 1}",True,,,,0.20099999999799018,one_step_common_input,,,,,0.9578429190441966,,,0,,,,harmonic,diffreach,0.20100251256142906,,2.5125634390625004e-06,0.0,upstream_restricted_quasi_quadratic
,,,,,none_one_step,,,,,,,0.005,0.005,2.5125634390625004e-06,endpoint_raw,,,"{""affine_state"": 2, ""constant"": 1}",True,,,,0.20099999999799015,one_step_common_input,,,,,0.9578429190441966,,,1,,,,harmonic,diffreach,0.20100251256142906,,2.5125634390625004e-06,0.0,upstream_restricted_quasi_quadratic
,,,,,none_one_step,,,,,,,0.01,0.01,2.0000000000000002e-11,tube,,,"{""affine_state"": 1}",True,,,,0.2020202020181779,one_step_common_input,,,,,0.47409459901973605,,,0,,,,harmonic,diffreach,0.20202020203817775,,2.0000000000000002e-11,0.0,upstream_affine_flag
,,,,,none_one_step,,,,,,,0.01,0.01,2.0000000000000002e-11,tube,,,"{""affine_state"": 1}",True,,,,0.2020202020181779,one_step_common_input,,,,,0.47409459901973605,,,1,,,,harmonic,diffreach,0.20202020203817775,,2.0000000000000002e-11,0.0,upstream_affine_flag
,,,,,none_one_step,,,,,,,0.01,0.01,2.0000000000000002e-11,endpoint_raw,,,"{""affine_state"": 1, ""constant"": 1}",True,,,,0.20202020201817789,one_step_common_input,,,,,0.47409459901973605,,,0,,,,harmonic,diffreach,0.20202020203817775,,2.0000000000000002e-11,0.0,upstream_affine_flag
,,,,,none_one_step,,,,,,,0.01,0.01,2.0000000000000002e-11,endpoint_raw,,,"{""affine_state"": 1, ""constant"": 1}",True,,,,0.20202020201817789,one_step_common_input,,,,,0.47409459901973605,,,1,,,,harmonic,diffreach,0.20202020203817775,,2.0000000000000002e-11,0.0,upstream_affine_flag
,,,,,none_one_step,,,,,,,0.01,0.01,1.01010301e-05,tube,,,"{""affine_state"": 1, ""time_state"": 1}",True,,,,0.20199999999798018,one_step_common_input,,,,,0.8687473549507558,,,0,,,,harmonic,diffreach,0.20201010102807998,,1.01010301e-05,0.0,upstream_restricted_quasi_quadratic
,,,,,none_one_step,,,,,,,0.01,0.01,1.01010301e-05,tube,,,"{""affine_state"": 1, ""time_state"": 1}",True,,,,0.20199999999798016,one_step_common_input,,,,,0.8687473549507558,,,1,,,,harmonic,diffreach,0.20201010102807998,,1.01010301e-05,0.0,upstream_restricted_quasi_quadratic
,,,,,none_one_step,,,,,,,0.01,0.01,1.01010301e-05,endpoint_raw,,,"{""affine_state"": 2, ""constant"": 1}",True,,,,0.20199999999798016,one_step_common_input,,,,,0.8687473549507558,,,0,,,,harmonic,diffreach,0.20201010102807998,,1.01010301e-05,0.0,upstream_restricted_quasi_quadratic
,,,,,none_one_step,,,,,,,0.01,0.01,1.01010301e-05,endpoint_raw,,,"{""affine_state"": 2, ""constant"": 1}",True,,,,0.20199999999798013,one_step_common_input,,,,,0.8687473549507558,,,1,,,,harmonic,diffreach,0.20201010102807998,,1.01010301e-05,0.0,upstream_restricted_quasi_quadratic
,,,,,none_one_step,,,,,,,0.02,0.02,6.400000000000001e-10,tube,,,"{""affine_state"": 1}",True,,,,0.20408163265075518,one_step_common_input,,,,,0.48378736013546586,,,0,,,,harmonic,diffreach,0.20408163329075502,,6.400000000000001e-10,0.0,upstream_affine_flag
,,,,,none_one_step,,,,,,,0.02,0.02,6.400000000000001e-10,tube,,,"{""affine_state"": 1}",True,,,,0.20408163265075518,one_step_common_input,,,,,0.48378736013546586,,,1,,,,harmonic,diffreach,0.20408163329075502,,6.400000000000001e-10,0.0,upstream_affine_flag
,,,,,none_one_step,,,,,,,0.02,0.02,6.400000000000001e-10,endpoint_raw,,,"{""affine_state"": 1, ""constant"": 1}",True,,,,0.20408163265075516,one_step_common_input,,,,,0.48378736013546586,,,0,,,,harmonic,diffreach,0.20408163329075502,,6.400000000000001e-10,0.0,upstream_affine_flag
,,,,,none_one_step,,,,,,,0.02,0.02,6.400000000000001e-10,endpoint_raw,,,"{""affine_state"": 1, ""constant"": 1}",True,,,,0.20408163265075516,one_step_common_input,,,,,0.48378736013546586,,,1,,,,harmonic,diffreach,0.20408163329075502,,6.400000000000001e-10,0.0,upstream_affine_flag
,,,,,none_one_step,,,,,,,0.02,0.02,4.0816966400000006e-05,tube,,,"{""affine_state"": 1, ""time_state"": 1}",True,,,,0.2039999999979602,one_step_common_input,,,,,0.8791397092863917,,,0,,,,harmonic,diffreach,0.20404081696436,,4.0816966400000006e-05,0.0,upstream_restricted_quasi_quadratic
,,,,,none_one_step,,,,,,,0.02,0.02,4.0816966400000006e-05,tube,,,"{""affine_state"": 1, ""time_state"": 1}",True,,,,0.20399999999796017,one_step_common_input,,,,,0.8791397092863917,,,1,,,,harmonic,diffreach,0.20404081696436,,4.0816966400000006e-05,0.0,upstream_restricted_quasi_quadratic
,,,,,none_one_step,,,,,,,0.02,0.02,4.0816966400000006e-05,endpoint_raw,,,"{""affine_state"": 2, ""constant"": 1}",True,,,,0.20399999999796017,one_step_common_input,,,,,0.8791397092863917,,,0,,,,harmonic,diffreach,0.20404081696436,,4.0816966400000006e-05,0.0,upstream_restricted_quasi_quadratic
,,,,,none_one_step,,,,,,,0.02,0.02,4.0816966400000006e-05,endpoint_raw,,,"{""affine_state"": 2, ""constant"": 1}",True,,,,0.20399999999796015,one_step_common_input,,,,,0.8791397092863917,,,1,,,,harmonic,diffreach,0.20404081696436,,4.0816966400000006e-05,0.0,upstream_restricted_quasi_quadratic
,,,,,none_one_step,,,,,,,0.05,0.05,6.250000000000002e-08,tube,,,"{""affine_state"": 1}",True,,,,0.21052631562288382,one_step_common_input,,,,,0.5677110501565039,,,0,,,,harmonic,diffreach,0.21052637812288366,,6.250000000000002e-08,0.0,upstream_affine_flag
,,,,,none_one_step,,,,,,,0.05,0.05,6.250000000000002e-08,tube,,,"{""affine_state"": 1}",True,,,,0.21052631562288382,one_step_common_input,,,,,0.5677110501565039,,,1,,,,harmonic,diffreach,0.21052637812288366,,6.250000000000002e-08,0.0,upstream_affine_flag
,,,,,none_one_step,,,,,,,0.05,0.05,6.250000000000002e-08,endpoint_raw,,,"{""affine_state"": 1, ""constant"": 1}",True,,,,0.2105263156228838,one_step_common_input,,,,,0.5677110501565039,,,0,,,,harmonic,diffreach,0.21052637812288366,,6.250000000000002e-08,0.0,upstream_affine_flag
,,,,,none_one_step,,,,,,,0.05,0.05,6.250000000000002e-08,endpoint_raw,,,"{""affine_state"": 1, ""constant"": 1}",True,,,,0.2105263156228838,one_step_common_input,,,,,0.5677110501565039,,,1,,,,harmonic,diffreach,0.21052637812288366,,6.250000000000002e-08,0.0,upstream_affine_flag
,,,,,none_one_step,,,,,,,0.05,0.05,0.00026322031250000004,tube,,,"{""affine_state"": 1, ""time_state"": 1}",True,,,,0.2099999999979002,one_step_common_input,,,,,0.8826801208779216,,,0,,,,harmonic,diffreach,0.2102632203104,,0.00026322031250000004,0.0,upstream_restricted_quasi_quadratic
,,,,,none_one_step,,,,,,,0.05,0.05,0.00026322031250000004,tube,,,"{""affine_state"": 1, ""time_state"": 1}",True,,,,0.20999999999790017,one_step_common_input,,,,,0.8826801208779216,,,1,,,,harmonic,diffreach,0.2102632203104,,0.00026322031250000004,0.0,upstream_restricted_quasi_quadratic
,,,,,none_one_step,,,,,,,0.05,0.05,0.00026322031250000004,endpoint_raw,,,"{""affine_state"": 2, ""constant"": 1}",True,,,,0.20999999999790017,one_step_common_input,,,,,0.8826801208779216,,,0,,,,harmonic,diffreach,0.2102632203104,,0.00026322031250000004,0.0,upstream_restricted_quasi_quadratic
,,,,,none_one_step,,,,,,,0.05,0.05,0.00026322031250000004,endpoint_raw,,,"{""affine_state"": 2, ""constant"": 1}",True,,,,0.20999999999790014,one_step_common_input,,,,,0.8826801208779216,,,1,,,,harmonic,diffreach,0.2102632203104,,0.00026322031250000004,0.0,upstream_restricted_quasi_quadratic
,,,,,none_one_step,,,,,,,0.0025,0.0025,2.0616689346696e-06,tube,,,"{""affine_state"": 1, ""constant"": 1, ""time_only"": 1}",True,,,,0.040080092242083434,one_step_common_input,,,,,0.7848046603612602,,,0,,,,coupled_quadratic,diffreach,0.04008215391101791,,2.0616689346696e-06,0.0,upstream_affine_flag
,,,,,none_one_step,,,,,,,0.0025,0.0025,1.016066366496804e-06,tube,,,"{""affine_state"": 1, ""constant"": 1, ""time_only"": 1}",True,,,,0.04059592436890411,one_step_common_input,,,,,0.7848046603612602,,,1,,,,coupled_quadratic,diffreach,0.040596940435270235,,1.016066366496804e-06,0.0,upstream_affine_flag
,,,,,none_one_step,,,,,,,0.0025,0.0025,2.0616689346696e-06,endpoint_raw,,,"{""affine_state"": 1, ""constant"": 1}",True,,,,0.04003009217802078,one_step_common_input,,,,,0.7848046603612602,,,0,,,,coupled_quadratic,diffreach,0.04003215384695531,,2.0616689346696e-06,0.0,upstream_affine_flag
,,,,,none_one_step,,,,,,,0.0025,0.0025,1.016066366496804e-06,endpoint_raw,,,"{""affine_state"": 1, ""constant"": 1}",True,,,,0.04012092359937153,one_step_common_input,,,,,0.7848046603612602,,,1,,,,coupled_quadratic,diffreach,0.040121939665737766,,1.016066366496804e-06,0.0,upstream_affine_flag
,,,,,none_one_step,,,,,,,0.0025,0.0025,2.0328469935527965e-06,tube,,,"{""affine_state"": 1, ""constant"": 1, ""time_only"": 2, ""time_state"": 2}",True,,,,0.04008004687299878,one_step_common_input,,,,,1.9717752831056714,,,0,,,,coupled_quadratic,diffreach,0.0400670328449928,,2.0328469935527965e-06,0.0,upstream_restricted_quasi_quadratic
,,,,,none_one_step,,,,,,,0.0025,0.0025,1.1501209123500445e-06,tube,,,"{""affine_state"": 1, ""constant"": 1, ""time_only"": 2, ""time_state"": 2}",True,,,,0.04059560624799455,one_step_common_input,,,,,1.9717752831056714,,,1,,,,coupled_quadratic,diffreach,0.0405361501189094,,1.1501209123500445e-06,0.0,upstream_restricted_quasi_quadratic
,,,,,none_one_step,,,,,,,0.0025,0.0025,2.0328469935527965e-06,endpoint_raw,,,"{""affine_state"": 2, ""constant"": 1}",True,,,,0.040029999997998666,one_step_common_input,,,,,1.9717752831056714,,,0,,,,coupled_quadratic,diffreach,0.04003203284499206,,2.0328469935527965e-06,0.0,upstream_restricted_quasi_quadratic
,,,,,none_one_step,,,,,,,0.0025,0.0025,1.1501209123500445e-06,endpoint_raw,,,"{""affine_state"": 2, ""constant"": 1}",True,,,,0.03991999999800433,one_step_common_input,,,,,1.9717752831056714,,,1,,,,coupled_quadratic,diffreach,0.04012115011890641,,1.1501209123500445e-06,0.00019999999998972714,upstream_restricted_quasi_quadratic
,,,,,none_one_step,,,,,,,0.005,0.005,4.247758948540937e-06,tube,,,"{""affine_state"": 1, ""constant"": 1, ""time_only"": 1}",True,,,,0.040160370457140646,one_step_common_input,,,,,0.8761263350024819,,,0,,,,coupled_quadratic,diffreach,0.04016461821608899,,4.247758948540937e-06,0.0,upstream_affine_flag
,,,,,none_one_step,,,,,,,0.005,0.005,2.0677510198039035e-06,tube,,,"{""affine_state"": 1, ""constant"": 1, ""time_only"": 1}",True,,,,0.04119371002160391,one_step_common_input,,,,,0.8761263350024819,,,1,,,,coupled_quadratic,diffreach,0.041195777772623315,,2.0677510198039035e-06,0.0,upstream_affine_flag
,,,,,none_one_step,,,,,,,0.005,0.005,4.247758948540937e-06,endpoint_raw,,,"{""affine_state"": 1, ""constant"": 1}",True,,,,0.04006036994463763,one_step_common_input,,,,,0.8761263350024819,,,0,,,,coupled_quadratic,diffreach,0.04006461770358605,,4.247758948540937e-06,0.0,upstream_affine_flag
,,,,,none_one_step,,,,,,,0.005,0.005,2.0677510198039035e-06,endpoint_raw,,,"{""affine_state"": 1, ""constant"": 1}",True,,,,0.04024370386531445,one_step_common_input,,,,,0.8761263350024819,,,1,,,,coupled_quadratic,diffreach,0.040245771616334,,2.0677510198039035e-06,0.0,upstream_affine_flag
,,,,,none_one_step,,,,,,,0.005,0.005,4.13218082893637e-06,tube,,,"{""affine_state"": 1, ""constant"": 1, ""time_only"": 2, ""time_state"": 2}",True,,,,0.04016018749799728,one_step_common_input,,,,,2.006847152952105,,,0,,,,coupled_quadratic,diffreach,0.04013413217882744,,4.13218082893637e-06,0.0,upstream_restricted_quasi_quadratic
,,,,,none_one_step,,,,,,,0.005,0.005,2.604187749089902e-06,tube,,,"{""affine_state"": 1, ""constant"": 1, ""time_only"": 2, ""time_state"": 2}",True,,,,0.0411924249979885,one_step_common_input,,,,,2.006847152952105,,,1,,,,coupled_quadratic,diffreach,0.0410726041857431,,2.604187749089902e-06,0.0,upstream_restricted_quasi_quadratic
,,,,,none_one_step,,,,,,,0.005,0.005,4.13218082893637e-06,endpoint_raw,,,"{""affine_state"": 2, ""constant"": 1}",True,,,,0.04005999999799714,one_step_common_input,,,,,2.006847152952105,,,0,,,,coupled_quadratic,diffreach,0.04006413217882593,,4.13218082893637e-06,0.0,upstream_restricted_quasi_quadratic
,,,,,none_one_step,,,,,,,0.005,0.005,2.604187749089902e-06,endpoint_raw,,,"{""affine_state"": 2, ""constant"": 1}",True,,,,0.0398399999980083,one_step_common_input,,,,,2.006847152952105,,,1,,,,coupled_quadratic,diffreach,0.04024260418573711,,2.604187749089902e-06,0.0003999999999797157,upstream_restricted_quasi_quadratic
,,,,,none_one_step,,,,,,,0.01,0.01,8.99979412031298e-06,tube,,,"{""affine_state"": 1, ""constant"": 1, ""time_only"": 1}",True,,,,0.040321493775486425,one_step_common_input,,,,,0.8367106160148978,,,0,,,,coupled_quadratic,diffreach,0.04033049356960654,,8.99979412031298e-06,0.0,upstream_affine_flag
,,,,,none_one_step,,,,,,,0.01,0.01,4.299144390943963e-06,tube,,,"{""affine_state"": 1, ""constant"": 1, ""time_only"": 1}",True,,,,0.042394941095743544,one_step_common_input,,,,,0.8367106160148978,,,1,,,,coupled_quadratic,diffreach,0.04239924024013411,,4.299144390943963e-06,0.0,upstream_affine_flag
,,,,,none_one_step,,,,,,,0.01,0.01,8.99979412031298e-06,endpoint_raw,,,"{""affine_state"": 1, ""constant"": 1}",True,,,,0.040121489675391864,one_step_common_input,,,,,0.8367106160148978,,,0,,,,coupled_quadratic,diffreach,0.04013048946951203,,8.99979412031298e-06,0.0,upstream_affine_flag
,,,,,none_one_step,,,,,,,0.01,0.01,4.299144390943963e-06,endpoint_raw,,,"{""affine_state"": 1, ""constant"": 1}",True,,,,0.040494891844484626,one_step_common_input,,,,,0.8367106160148978,,,1,,,,coupled_quadratic,diffreach,0.04049919098887536,,4.299144390943963e-06,0.0,upstream_affine_flag
,,,,,none_one_step,,,,,,,0.01,0.01,8.53512702060044e-06,tube,,,"{""affine_state"": 1, ""constant"": 1, ""time_only"": 2, ""time_state"": 2}",True,,,,0.04032074999799429,one_step_common_input,,,,,2.0075575499795377,,,0,,,,coupled_quadratic,diffreach,0.04026853512501759,,8.53512702060044e-06,0.0,upstream_restricted_quasi_quadratic
,,,,,none_one_step,,,,,,,0.01,0.01,6.446643914750128e-06,tube,,,"{""affine_state"": 1, ""constant"": 1, ""time_only"": 2, ""time_state"": 2}",True,,,,0.04238969999797659,one_step_common_input,,,,,2.0075575499795377,,,1,,,,coupled_quadratic,diffreach,0.04214644664190281,,6.446643914750128e-06,0.0,upstream_restricted_quasi_quadratic
,,,,,none_one_step,,,,,,,0.01,0.01,8.53512702060044e-06,endpoint_raw,,,"{""affine_state"": 2, ""constant"": 1}",True,,,,0.04011999999799418,one_step_common_input,,,,,2.0075575499795377,,,0,,,,coupled_quadratic,diffreach,0.04012853512501459,,8.53512702060044e-06,0.0,upstream_restricted_quasi_quadratic
,,,,,none_one_step,,,,,,,0.01,0.01,6.446643914750128e-06,endpoint_raw,,,"{""affine_state"": 2, ""constant"": 1}",True,,,,0.03967999999801636,one_step_common_input,,,,,2.0075575499795377,,,1,,,,coupled_quadratic,diffreach,0.0404864466418908,,6.446643914750128e-06,0.0007999999999596921,upstream_restricted_quasi_quadratic
,,,,,none_one_step,,,,,,,0.02,0.02,2.0070810464722883e-05,tube,,,"{""affine_state"": 1, ""constant"": 1, ""time_only"": 1}",True,,,,0.040646071916713114,one_step_common_input,,,,,0.8769271429628134,,,0,,,,coupled_quadratic,diffreach,0.040666142727177626,,2.0070810464722883e-05,0.0,upstream_affine_flag
,,,,,none_one_step,,,,,,,0.02,0.02,9.426211986486417e-06,tube,,,"{""affine_state"": 1, ""constant"": 1, ""time_only"": 1}",True,,,,0.04482058356422561,one_step_common_input,,,,,0.8769271429628134,,,1,,,,coupled_quadratic,diffreach,0.04483000977621171,,9.426211986486417e-06,0.0,upstream_affine_flag
,,,,,none_one_step,,,,,,,0.02,0.02,2.0070810464722883e-05,endpoint_raw,,,"{""affine_state"": 1, ""constant"": 1}",True,,,,0.040246039113688764,one_step_common_input,,,,,0.8769271429628134,,,0,,,,coupled_quadratic,diffreach,0.040266109924153345,,2.0070810464722883e-05,0.0,upstream_affine_flag
,,,,,none_one_step,,,,,,,0.02,0.02,9.426211986486417e-06,endpoint_raw,,,"{""affine_state"": 1, ""constant"": 1}",True,,,,0.04102018952394282,one_step_common_input,,,,,0.8769271429628134,,,1,,,,coupled_quadratic,diffreach,0.04102961573592903,,9.426211986486417e-06,0.0,upstream_affine_flag
,,,,,none_one_step,,,,,,,0.02,0.02,1.819277662324076e-05,tube,,,"{""affine_state"": 1, ""constant"": 1, ""time_only"": 2, ""time_state"": 2}",True,,,,0.040642999997988274,one_step_common_input,,,,,2.0177694796584547,,,0,,,,coupled_quadratic,diffreach,0.04053819277461723,,1.819277662324076e-05,0.0,upstream_restricted_quasi_quadratic
,,,,,none_one_step,,,,,,,0.02,0.02,1.8030295383897743e-05,tube,,,"{""affine_state"": 1, ""constant"": 1, ""time_only"": 2, ""time_state"": 2}",True,,,,0.044798799997952526,one_step_common_input,,,,,2.0177694796584547,,,1,,,,coupled_quadratic,diffreach,0.044298030293359936,,1.8030295383897743e-05,0.0,upstream_restricted_quasi_quadratic
,,,,,none_one_step,,,,,,,0.02,0.02,1.819277662324076e-05,endpoint_raw,,,"{""affine_state"": 2, ""constant"": 1}",True,,,,0.04023999999798816,one_step_common_input,,,,,2.0177694796584547,,,0,,,,coupled_quadratic,diffreach,0.040258192774611234,,1.819277662324076e-05,0.0,upstream_restricted_quasi_quadratic
,,,,,none_one_step,,,,,,,0.02,0.02,1.8030295383897743e-05,endpoint_raw,,,"{""affine_state"": 2, ""constant"": 1}",True,,,,0.0393599999980323,one_step_common_input,,,,,2.0177694796584547,,,1,,,,coupled_quadratic,diffreach,0.04097803029333594,,1.8030295383897743e-05,0.0015999999999197375,upstream_restricted_quasi_quadratic
,,,,,none_one_step,,,,,,,0.0025,0.0025,7.55092431182813e-07,tube,,,"{""affine_state"": 1, ""constant"": 1, ""time_only"": 1}",True,,,,0.3062716922372135,one_step_common_input,,,,,0.8811596231535077,,,0,,,,van_der_pol,diffreach,0.30627244732964165,,7.55092431182813e-07,0.0,upstream_affine_flag
,,,,,none_one_step,,,,,,,0.0025,0.0025,0.0002780646415412864,tube,,,"{""affine_state"": 1, ""constant"": 1, ""time_only"": 1}",True,,,,0.11195080764910204,one_step_common_input,,,,,0.8811596231535077,,,1,,,,van_der_pol,diffreach,0.11222887229063794,,0.0002780646415412864,0.0,upstream_affine_flag
,,,,,none_one_step,,,,,,,0.0025,0.0025,7.55092431182813e-07,endpoint_raw,,,"{""affine_state"": 1, ""constant"": 1}",True,,,,0.3002717521481171,one_step_common_input,,,,,0.8811596231535077,,,0,,,,van_der_pol,diffreach,0.30027250724054655,,7.55092431182813e-07,0.0,upstream_affine_flag
,,,,,none_one_step,,,,,,,0.0025,0.0025,0.0002780646415412864,endpoint_raw,,,"{""affine_state"": 1, ""constant"": 1}",True,,,,0.10545091244088045,one_step_common_input,,,,,0.8811596231535077,,,1,,,,van_der_pol,diffreach,0.10572897708241857,,0.0002780646415412864,0.0,upstream_affine_flag
,,,,,none_one_step,,,,,,,0.0025,0.0025,7.3907901478716684e-06,tube,,,"{""affine_state"": 1, ""constant"": 1, ""time_only"": 2, ""time_state"": 1}",True,,,,0.30625812499799854,one_step_common_input,,,,,2.260587936732918,,,0,,,,van_der_pol,diffreach,0.306132390788145,,7.3907901478716684e-06,0.0,upstream_restricted_quasi_quadratic
,,,,,none_one_step,,,,,,,0.0025,0.0025,0.00024501951909745726,tube,,,"{""affine_state"": 1, ""constant"": 1, ""time_only"": 2, ""time_state"": 2}",True,,,,0.11193855468547032,one_step_common_input,,,,,2.260587936732918,,,1,,,,van_der_pol,diffreach,0.10948826170457915,,0.00024501951909745726,0.0,upstream_restricted_quasi_quadratic
,,,,,none_one_step,,,,,,,0.0025,0.0025,7.3907901478716684e-06,endpoint_raw,,,"{""affine_state"": 2, ""constant"": 1}",True,,,,0.3002499999979973,one_step_common_input,,,,,2.260587936732918,,,0,,,,van_der_pol,diffreach,0.3002573907881425,,7.3907901478716684e-06,0.0,upstream_restricted_quasi_quadratic
,,,,,none_one_step,,,,,,,0.0025,0.0025,0.00024501951909745726,endpoint_raw,,,"{""affine_state"": 2, ""constant"": 1}",True,,,,0.1051093749979719,one_step_common_input,,,,,2.260587936732918,,,1,,,,van_der_pol,diffreach,0.10563564451706009,,0.00024501951909745726,0.0002812499999907277,upstream_restricted_quasi_quadratic
,,,,,none_one_step,,,,,,,0.005,0.005,3.752189522208072e-06,tube,,,"{""affine_state"": 1, ""constant"": 1, ""time_only"": 1}",True,,,,0.31258713876956423,one_step_common_input,,,,,0.8719485681504011,,,0,,,,van_der_pol,diffreach,0.31259089095908354,,3.752189522208072e-06,0.0,upstream_affine_flag
,,,,,none_one_step,,,,,,,0.005,0.005,0.0006544581734619099,tube,,,"{""affine_state"": 1, ""constant"": 1, ""time_only"": 1}",True,,,,0.12402318684468705,one_step_common_input,,,,,0.8719485681504011,,,1,,,,van_der_pol,diffreach,0.12467764501814349,,0.0006544581734619099,0.0,upstream_affine_flag
,,,,,none_one_step,,,,,,,0.005,0.005,3.752189522208072e-06,endpoint_raw,,,"{""affine_state"": 1, ""constant"": 1}",True,,,,0.30058761802789746,one_step_common_input,,,,,0.8719485681504011,,,0,,,,van_der_pol,diffreach,0.30059137021741766,,3.752189522208072e-06,0.0,upstream_affine_flag
,,,,,none_one_step,,,,,,,0.005,0.005,0.0006544581734619099,endpoint_raw,,,"{""affine_state"": 1, ""constant"": 1}",True,,,,0.1110240251181871,one_step_common_input,,,,,0.8719485681504011,,,1,,,,van_der_pol,diffreach,0.11167848329164531,,0.0006544581734619099,0.0,upstream_affine_flag
,,,,,none_one_step,,,,,,,0.005,0.005,2.9872970875227796e-05,tube,,,"{""affine_state"": 1, ""constant"": 1, ""time_only"": 2, ""time_state"": 1}",True,,,,0.3125324999979937,one_step_common_input,,,,,2.1192926499061286,,,0,,,,van_der_pol,diffreach,0.31227987296886983,,2.9872970875227796e-05,0.0,upstream_restricted_quasi_quadratic
,,,,,none_one_step,,,,,,,0.005,0.005,0.0005199428695785607,tube,,,"{""affine_state"": 1, ""constant"": 1, ""time_only"": 2, ""time_state"": 2}",True,,,,0.12397296874793273,one_step_common_input,,,,,2.1192926499061286,,,1,,,,van_der_pol,diffreach,0.11910228661754108,,0.0005199428695785607,0.0,upstream_restricted_quasi_quadratic
,,,,,none_one_step,,,,,,,0.005,0.005,2.9872970875227796e-05,endpoint_raw,,,"{""affine_state"": 2, ""constant"": 1}",True,,,,0.30049999999799226,one_step_common_input,,,,,2.1192926499061286,,,0,,,,van_der_pol,diffreach,0.300529872968865,,2.9872970875227796e-05,0.0,upstream_restricted_quasi_quadratic
,,,,,none_one_step,,,,,,,0.005,0.005,0.0005199428695785607,endpoint_raw,,,"{""affine_state"": 2, ""constant"": 1}",True,,,,0.11021874999794079,one_step_common_input,,,,,2.1192926499061286,,,1,,,,van_der_pol,diffreach,0.1113011928675034,,0.0005199428695785607,0.0005624999999840447,upstream_restricted_quasi_quadratic
,,,,,none_one_step,,,,,,,0.01,0.01,2.1218090497020738e-05,tube,,,"{""affine_state"": 1, ""constant"": 1, ""time_only"": 1}",True,,,,0.3253516014108706,one_step_common_input,,,,,0.877454373985529,,,0,,,,van_der_pol,diffreach,0.32537281950136476,,2.1218090497020738e-05,0.0,upstream_affine_flag
,,,,,none_one_step,,,,,,,0.01,0.01,0.0017364304502948424,tube,,,"{""affine_state"": 1, ""constant"": 1, ""time_only"": 1}",True,,,,0.14854010360611314,one_step_common_input,,,,,0.877454373985529,,,1,,,,van_der_pol,diffreach,0.1502765340564025,,0.0017364304502948424,0.0,upstream_affine_flag
,,,,,none_one_step,,,,,,,0.01,0.01,2.1218090497020738e-05,endpoint_raw,,,"{""affine_state"": 1, ""constant"": 1}",True,,,,0.3013554345529448,one_step_common_input,,,,,0.877454373985529,,,0,,,,van_der_pol,diffreach,0.3013766526434398,,2.1218090497020738e-05,0.0,upstream_affine_flag
,,,,,none_one_step,,,,,,,0.01,0.01,0.0017364304502948424,endpoint_raw,,,"{""affine_state"": 1, ""constant"": 1}",True,,,,0.12254680785122929,one_step_common_input,,,,,0.877454373985529,,,1,,,,van_der_pol,diffreach,0.12428323830152044,,0.0017364304502948424,0.0,upstream_affine_flag
,,,,,none_one_step,,,,,,,0.01,0.01,0.00012217488297934018,tube,,,"{""affine_state"": 1, ""constant"": 1, ""time_only"": 2, ""time_state"": 1}",True,,,,0.32512999999798353,one_step_common_input,,,,,2.2351689566858113,,,0,,,,van_der_pol,diffreach,0.324622174880969,,0.00012217488297934018,0.0,upstream_restricted_quasi_quadratic
,,,,,none_one_step,,,,,,,0.01,0.01,0.0011786811975484468,tube,,,"{""affine_state"": 1, ""constant"": 1, ""time_only"": 2, ""time_state"": 2}",True,,,,0.14832937499785626,one_step_common_input,,,,,2.2351689566858113,,,1,,,,van_der_pol,diffreach,0.13872680619547317,,0.0011786811975484468,0.0,upstream_restricted_quasi_quadratic
,,,,,none_one_step,,,,,,,0.01,0.01,0.00012217488297934018,endpoint_raw,,,"{""affine_state"": 2, ""constant"": 1}",True,,,,0.3009999999979822,one_step_common_input,,,,,2.2351689566858113,,,0,,,,van_der_pol,diffreach,0.30112217488095894,,0.00012217488297934018,0.0,upstream_restricted_quasi_quadratic
,,,,,none_one_step,,,,,,,0.01,0.01,0.0011786811975484468,endpoint_raw,,,"{""affine_state"": 2, ""constant"": 1}",True,,,,0.12043749999787501,one_step_common_input,,,,,2.2351689566858113,,,1,,,,van_der_pol,diffreach,0.12274118119539734,,0.0011786811975484468,0.001124999999973887,upstream_restricted_quasi_quadratic
,,,,,none_one_step,,,,,,,0.02,0.02,0.00014117605299119468,tube,,,"{""affine_state"": 1, ""constant"": 1, ""time_only"": 1}",True,,,,0.3514322548816793,one_step_common_input,,,,,0.9022932178340852,,,0,,,,van_der_pol,diffreach,0.3515734309346674,,0.00014117605299119468,0.0,upstream_affine_flag
,,,,,none_one_step,,,,,,,0.02,0.02,0.0054937001313525285,tube,,,"{""affine_state"": 1, ""constant"": 1, ""time_only"": 1}",True,,,,0.19911775353616168,one_step_common_input,,,,,0.9022932178340852,,,1,,,,van_der_pol,diffreach,0.2046114536675092,,0.0054937001313525285,0.0,upstream_affine_flag
,,,,,none_one_step,,,,,,,0.02,0.02,0.00014117605299119468,endpoint_raw,,,"{""affine_state"": 1, ""constant"": 1}",True,,,,0.3034628904766836,one_step_common_input,,,,,0.9022932178340852,,,0,,,,van_der_pol,diffreach,0.30360406652967287,,0.00014117605299119468,0.0,upstream_affine_flag
,,,,,none_one_step,,,,,,,0.02,0.02,0.0054937001313525285,endpoint_raw,,,"{""affine_state"": 1, ""constant"": 1}",True,,,,0.14717132542939648,one_step_common_input,,,,,0.9022932178340852,,,1,,,,van_der_pol,diffreach,0.1526650255607458,,0.0054937001313525285,0.0,upstream_affine_flag
,,,,,none_one_step,,,,,,,0.02,0.02,0.0005140569880538882,tube,,,"{""affine_state"": 1, ""constant"": 1, ""time_only"": 2, ""time_state"": 1}",True,,,,0.35051999999796357,one_step_common_input,,,,,2.1110023027285933,,,0,,,,van_der_pol,diffreach,0.34951405698603333,,0.0005140569880538882,0.0,upstream_restricted_quasi_quadratic
,,,,,none_one_step,,,,,,,0.02,0.02,0.003086727121456825,tube,,,"{""affine_state"": 1, ""constant"": 1, ""time_only"": 2, ""time_state"": 2}",True,,,,0.1981924999977065,one_step_common_input,,,,,2.1110023027285933,,,1,,,,van_der_pol,diffreach,0.17971672711930609,,0.003086727121456825,0.0,upstream_restricted_quasi_quadratic
,,,,,none_one_step,,,,,,,0.02,0.02,0.0005140569880538882,endpoint_raw,,,"{""affine_state"": 2, ""constant"": 1}",True,,,,0.3019999999979621,one_step_common_input,,,,,2.1110023027285933,,,0,,,,van_der_pol,diffreach,0.3025140569860134,,0.0005140569880538882,0.0,upstream_restricted_quasi_quadratic
,,,,,none_one_step,,,,,,,0.02,0.02,0.003086727121456825,endpoint_raw,,,"{""affine_state"": 2, ""constant"": 1}",True,,,,0.140874999997747,one_step_common_input,,,,,2.1110023027285933,,,1,,,,van_der_pol,diffreach,0.14621172711915476,,0.003086727121456825,0.002249999999950933,upstream_restricted_quasi_quadratic
,,B1_carry,,,c+A*xi+fresh_independent_interval,,,,,,,0.01,1.0,0.0,endpoint_raw,,,,True,,,,0.0,common_affine_carry,,,,,,,,0,,,0.0,riccati,diffreach_experimental_strict_affine,0.1140429756033784,,0.0,0.1140429756033784,
,,B1_carry,,,c+A*xi+fresh_independent_interval,,,,,,,0.01,1.0,0.0,tube,,,,True,,,,0.0,common_affine_carry,,,,,,,,0,,,0.0,riccati,diffreach_experimental_strict_affine,0.11407064655986104,,0.0,0.11407064655986104,
,,,,,componentwise_box,,,,,,,0.01,1.0,3.269992365288454e-05,tube,,,"{""affine_state"": 1, ""constant"": 1, ""time_only"": 2, ""time_state"": 1}",True,,,,0.11396888330317338,common_box_carry,,,,,0.5794695457443595,,,0,,,,riccati,diffreach,0.11397233015521006,,3.269992365288454e-05,0.0,upstream_restricted_quasi_quadratic
,,,,,componentwise_box,,,,,,,0.01,1.0,3.269992365288454e-05,endpoint_raw,,,"{""affine_state"": 1, ""constant"": 1}",True,,,,0.11393961440970915,common_box_carry,,,,,0.5794695457443595,,,0,,,,riccati,diffreach,0.11397231433336194,,3.269992365288454e-05,0.0,upstream_restricted_quasi_quadratic
,,B1_carry,,,c+A*xi+fresh_independent_interval,,,,,,,0.01,4.0,0.0,endpoint_raw,,,,True,,,,0.0,common_affine_carry,,,,,,,,0,,,0.0,harmonic,diffreach_experimental_strict_affine,10.921091698812663,,0.0,10.921091698812663,
,,B1_carry,,,c+A*xi+fresh_independent_interval,,,,,,,0.01,4.0,0.0,endpoint_raw,,,,True,,,,0.0,common_affine_carry,,,,,,,,1,,,0.0,harmonic,diffreach_experimental_strict_affine,10.921091698812663,,0.0,10.921091698812663,
,,B1_carry,,,c+A*xi+fresh_independent_interval,,,,,,,0.01,4.0,0.0,tube,,,,True,,,,0.0,common_affine_carry,,,,,,,,0,,,0.0,harmonic,diffreach_experimental_strict_affine,10.921091698812663,,0.0,10.921091698812663,
,,B1_carry,,,c+A*xi+fresh_independent_interval,,,,,,,0.01,4.0,0.0,tube,,,,True,,,,0.0,common_affine_carry,,,,,,,,1,,,0.0,harmonic,diffreach_experimental_strict_affine,10.921091698812663,,0.0,10.921091698812663,
,,,,,componentwise_box,,,,,,,0.01,4.0,0.0005460819089742438,tube,,,"{""affine_state"": 1, ""time_state"": 1}",True,,,,10.920545616796971,common_box_carry,,,,,0.9446493797004223,,,0,,,,harmonic,diffreach,10.921091698705935,,0.0005460819089742438,0.0,upstream_restricted_quasi_quadratic
,,,,,componentwise_box,,,,,,,0.01,4.0,0.0005460819089742438,tube,,,"{""affine_state"": 1, ""time_state"": 1}",True,,,,10.92054561679697,common_box_carry,,,,,0.9446493797004223,,,1,,,,harmonic,diffreach,10.921091698705935,,0.0005460819089742438,0.0,upstream_restricted_quasi_quadratic
,,,,,componentwise_box,,,,,,,0.01,4.0,0.0005460819089742438,endpoint_raw,,,"{""affine_state"": 2, ""constant"": 1}",True,,,,10.92054561679697,common_box_carry,,,,,0.9446493797004223,,,0,,,,harmonic,diffreach,10.921091698705935,,0.0005460819089742438,0.0,upstream_restricted_quasi_quadratic
,,,,,componentwise_box,,,,,,,0.01,4.0,0.0005460819089742438,endpoint_raw,,,"{""affine_state"": 2, ""constant"": 1}",True,,,,10.920545616796968,common_box_carry,,,,,0.9446493797004223,,,1,,,,harmonic,diffreach,10.921091698705935,,0.0005460819089742438,0.0,upstream_restricted_quasi_quadratic
,,B1_carry,,,c+A*xi+fresh_independent_interval,,,,,,,0.005,0.25,0.0,endpoint_raw,,,,True,,,,0.0,common_affine_carry,,,,,,,,0,,,0.0,coupled_quadratic,diffreach_experimental_strict_affine,0.043306225041046406,,0.0,0.043306225041046406,
,,B1_carry,,,c+A*xi+fresh_independent_interval,,,,,,,0.005,0.25,0.0,endpoint_raw,,,,True,,,,0.0,common_affine_carry,,,,,,,,1,,,0.0,coupled_quadratic,diffreach_experimental_strict_affine,0.054032254017484654,,0.0,0.054032254017484654,
,,B1_carry,,,c+A*xi+fresh_independent_interval,,,,,,,0.005,0.25,0.0,tube,,,,True,,,,0.0,common_affine_carry,,,,,,,,0,,,0.0,coupled_quadratic,diffreach_experimental_strict_affine,0.04338916444386298,,0.0,0.04338916444386298,
,,B1_carry,,,c+A*xi+fresh_independent_interval,,,,,,,0.005,0.25,0.0,tube,,,,True,,,,0.0,common_affine_carry,,,,,,,,1,,,0.0,coupled_quadratic,diffreach_experimental_strict_affine,0.05477154459690681,,0.0,0.05477154459690681,
,,,,,componentwise_box,,,,,,,0.005,0.25,5.942932540011482e-06,tube,,,"{""affine_state"": 1, ""constant"": 1, ""time_only"": 2, ""time_state"": 2}",True,,,,0.04337137290883018,common_box_carry,,,,,2.0970691959373653,,,0,,,,coupled_quadratic,diffreach,0.04334599379509374,,5.942932540011482e-06,0.0,upstream_restricted_quasi_quadratic
,,,,,componentwise_box,,,,,,,0.005,0.25,3.1369469750442255e-06,tube,,,"{""affine_state"": 1, ""constant"": 1, ""time_only"": 2, ""time_state"": 2}",True,,,,0.05463413595442021,common_box_carry,,,,,2.0970691959373653,,,1,,,,coupled_quadratic,diffreach,0.054478852054100024,,3.1369469750442255e-06,0.0,upstream_restricted_quasi_quadratic
,,,,,componentwise_box,,,,,,,0.005,0.25,5.942932540011482e-06,endpoint_raw,,,"{""affine_state"": 2, ""constant"": 1}",True,,,,0.04328822687787902,common_box_carry,,,,,2.0970691959373653,,,0,,,,coupled_quadratic,diffreach,0.04329416981041884,,5.942932540011482e-06,0.0,upstream_restricted_quasi_quadratic
,,,,,componentwise_box,,,,,,,0.005,0.25,3.1369469750442255e-06,endpoint_raw,,,"{""affine_state"": 2, ""constant"": 1}",True,,,,0.05335668775214614,common_box_carry,,,,,2.0970691959373653,,,1,,,,coupled_quadratic,diffreach,0.053895618957308794,,3.1369469750442255e-06,0.0005357942581876129,upstream_restricted_quasi_quadratic
,,B1_carry,,,c+A*xi+fresh_independent_interval,,,,,,,0.01,0.25,0.0,endpoint_raw,,,,True,,,,0.0,common_affine_carry,,,,,,,,0,,,0.0,coupled_quadratic,diffreach_experimental_strict_affine,0.04332190499168785,,0.0,0.04332190499168785,
,,B1_carry,,,c+A*xi+fresh_independent_interval,,,,,,,0.01,0.25,0.0,endpoint_raw,,,,True,,,,0.0,common_affine_carry,,,,,,,,1,,,0.0,coupled_quadratic,diffreach_experimental_strict_affine,0.05415236493123496,,0.0,0.05415236493123496,
,,B1_carry,,,c+A*xi+fresh_independent_interval,,,,,,,0.01,0.25,0.0,tube,,,,True,,,,0.0,common_affine_carry,,,,,,,,0,,,0.0,coupled_quadratic,diffreach_experimental_strict_affine,0.04348838446840425,,0.0,0.04348838446840425,
,,B1_carry,,,c+A*xi+fresh_independent_interval,,,,,,,0.01,0.25,0.0,tube,,,,True,,,,0.0,common_affine_carry,,,,,,,,1,,,0.0,coupled_quadratic,diffreach_experimental_strict_affine,0.055638075165074435,,0.0,0.055638075165074435,
,,,,,componentwise_box,,,,,,,0.01,0.25,1.2110844720968239e-05,tube,,,"{""affine_state"": 1, ""constant"": 1, ""time_only"": 2, ""time_state"": 2}",True,,,,0.04345453538226883,common_box_carry,,,,,2.089687624014914,,,0,,,,coupled_quadratic,diffreach,0.04340375719616181,,1.2110844720968239e-05,0.0,upstream_restricted_quasi_quadratic
,,,,,componentwise_box,,,,,,,0.01,0.25,7.87514596746688e-06,tube,,,"{""affine_state"": 1, ""constant"": 1, ""time_only"": 2, ""time_state"": 2}",True,,,,0.055380382835927666,common_box_carry,,,,,2.089687624014914,,,1,,,,coupled_quadratic,diffreach,0.055069276667043365,,7.87514596746688e-06,0.0,upstream_restricted_quasi_quadratic
,,,,,componentwise_box,,,,,,,0.01,0.25,1.2110844720968239e-05,endpoint_raw,,,"{""affine_state"": 2, ""constant"": 1}",True,,,,0.04328727962625677,common_box_carry,,,,,2.089687624014914,,,0,,,,coupled_quadratic,diffreach,0.043299390470977556,,1.2110844720968239e-05,0.0,upstream_restricted_quasi_quadratic
,,,,,componentwise_box,,,,,,,0.01,0.25,7.87514596746688e-06,endpoint_raw,,,"{""affine_state"": 2, ""constant"": 1}",True,,,,0.05282041336900556,common_box_carry,,,,,2.089687624014914,,,1,,,,coupled_quadratic,diffreach,0.05389354707833238,,7.87514596746688e-06,0.0010652585633593565,upstream_restricted_quasi_quadratic
,,B1_carry,,,c+A*xi+fresh_independent_interval,,,,,,,0.005,1.0,0.0,endpoint_raw,,,,True,,,,0.0,common_affine_carry,,,,,,,,0,,,0.0,van_der_pol,diffreach_experimental_strict_affine,1.6379183715451853,,0.0,1.6379183715451853,
,,B1_carry,,,c+A*xi+fresh_independent_interval,,,,,,,0.005,1.0,0.0,endpoint_raw,,,,True,,,,0.0,common_affine_carry,,,,,,,,1,,,0.0,van_der_pol,diffreach_experimental_strict_affine,8.153538232960464,,0.0,8.153538232960464,
,,B1_carry,,,c+A*xi+fresh_independent_interval,,,,,,,0.005,1.0,0.0,tube,,,,True,,,,0.0,common_affine_carry,,,,,,,,0,,,0.0,van_der_pol,diffreach_experimental_strict_affine,1.6383610827122017,,0.0,1.6383610827122017,
,,B1_carry,,,c+A*xi+fresh_independent_interval,,,,,,,0.005,1.0,0.0,tube,,,,True,,,,0.0,common_affine_carry,,,,,,,,1,,,0.0,van_der_pol,diffreach_experimental_strict_affine,8.1647929160767,,0.0,8.1647929160767,
,,,,,componentwise_box,,,,,,,0.005,0.64,0.001178850692528214,tube,,,"{""affine_state"": 1, ""constant"": 1, ""time_only"": 2, ""time_state"": 1}",True,,,,1.666996885192762,common_box_carry,,,,,2.336060798726976,,,0,,,,van_der_pol,diffreach,1.6679615349881316,,0.001178850692528214,0.0,upstream_restricted_quasi_quadratic
,,,,,componentwise_box,,,,,,,0.005,0.64,0.17210753192144182,tube,,,"{""affine_state"": 1, ""constant"": 1, ""time_only"": 2, ""time_state"": 2}",True,,,,8.178098090107934,common_box_carry,,,,,2.336060798726976,,,1,,,,van_der_pol,diffreach,8.339667226449762,,0.17210753192144182,0.0,upstream_restricted_quasi_quadratic
,,,,,componentwise_box,,,,,,,0.005,0.64,0.001178850692528214,endpoint_raw,,,"{""affine_state"": 2, ""constant"": 1}",True,,,,1.6667563383066577,common_box_carry,,,,,2.336060798726976,,,0,,,,van_der_pol,diffreach,1.6679351889991825,,0.001178850692528214,0.0,upstream_restricted_quasi_quadratic
,,,,,componentwise_box,,,,,,,0.005,0.64,0.17210753192144182,endpoint_raw,,,"{""affine_state"": 2, ""constant"": 1}",True,,,,7.93197712733744,common_box_carry,,,,,2.336060798726976,,,1,,,,van_der_pol,diffreach,8.339590682845602,,0.17210753192144182,0.23550602358671988,upstream_restricted_quasi_quadratic
,,B1_carry,,,c+A*xi+fresh_independent_interval,,,,,,,0.01,1.0,0.0,endpoint_raw,,,,True,,,,0.0,common_affine_carry,,,,,,,,0,,,0.0,van_der_pol,diffreach_experimental_strict_affine,1.1892053747663094,,0.0,1.1892053747663094,
,,B1_carry,,,c+A*xi+fresh_independent_interval,,,,,,,0.01,1.0,0.0,endpoint_raw,,,,True,,,,0.0,common_affine_carry,,,,,,,,1,,,0.0,van_der_pol,diffreach_experimental_strict_affine,5.180799640514987,,0.0,5.180799640514987,
,,B1_carry,,,c+A*xi+fresh_independent_interval,,,,,,,0.01,1.0,0.0,tube,,,,True,,,,0.0,common_affine_carry,,,,,,,,0,,,0.0,van_der_pol,diffreach_experimental_strict_affine,1.1920915047462421,,0.0,1.1920915047462421,
,,B1_carry,,,c+A*xi+fresh_independent_interval,,,,,,,0.01,1.0,0.0,tube,,,,True,,,,0.0,common_affine_carry,,,,,,,,1,,,0.0,van_der_pol,diffreach_experimental_strict_affine,5.2089555882187,,0.0,5.2089555882187,
,,,,,componentwise_box,,,,,,,0.01,0.5700000000000001,0.002442241433025419,tube,,,"{""affine_state"": 1, ""constant"": 1, ""time_only"": 2, ""time_state"": 1}",True,,,,1.2210613706069664,common_box_carry,,,,,2.250647436827421,,,0,,,,van_der_pol,diffreach,1.2212696822407612,,0.002442241433025419,0.0,upstream_restricted_quasi_quadratic
,,,,,componentwise_box,,,,,,,0.01,0.5700000000000001,0.1600836304108375,tube,,,"{""affine_state"": 1, ""constant"": 1, ""time_only"": 2, ""time_state"": 2}",True,,,,5.246730230851743,common_box_carry,,,,,2.250647436827421,,,1,,,,van_der_pol,diffreach,5.38063317241909,,0.1600836304108375,0.0,upstream_restricted_quasi_quadratic
,,,,,componentwise_box,,,,,,,0.01,0.5700000000000001,0.002442241433025419,endpoint_raw,,,"{""affine_state"": 2, ""constant"": 1}",True,,,,1.2186965373635217,common_box_carry,,,,,2.250647436827421,,,0,,,,van_der_pol,diffreach,1.2211387787965435,,0.002442241433025419,0.0,upstream_restricted_quasi_quadratic
,,,,,componentwise_box,,,,,,,0.01,0.5700000000000001,0.1600836304108375,endpoint_raw,,,"{""affine_state"": 2, ""constant"": 1}",True,,,,4.928142726431988,common_box_carry,,,,,2.250647436827421,,,1,,,,van_der_pol,diffreach,5.380275831703034,,0.1600836304108375,0.2920494748602085,upstream_restricted_quasi_quadratic
,,,,,none_one_step,,,,,,,0.005,0.005,1.257509876297054e-05,tube,,,"{""affine_state"": 1, ""constant"": 1, ""time_only"": 2, ""time_state"": 1}",True,,,,0.10006250312500016,one_step_common_input,,,,,1.8786592450924218,,,0,,,0.0,riccati,flowstar,0.100062578223763,,1.257509876297054e-05,0.0,flowstar_root_cause_patch
,,,,,none_one_step,,,,,,,0.005,0.005,1.2538346778814681e-08,tube,,,"{""affine_state"": 1, ""constant"": 1, ""time_only"": 4, ""time_state"": 1, ""time_state_higher"": 4}",True,,,,0.10007503125703168,one_step_common_input,,,,,1.8812042870558798,,,0,,,0.0,riccati,flowstar,0.10007505004459702,,1.2538346778814681e-08,6.249218557982804e-09,flowstar_root_cause_patch
,,,,,none_one_step,,,,,,,0.005,0.005,1.2575098762977479e-05,endpoint_raw,,,"{""affine_state"": 1, ""constant"": 1}",True,,,,0.10005000000000008,one_step_common_input,,,,,1.8786592450924218,,,0,,,0.0,riccati,flowstar,0.100062575098763,,1.2575098762977479e-05,0.0,flowstar_root_cause_patch
,,,,,none_one_step,,,,,,,0.005,0.005,1.2538346792692469e-08,endpoint_raw,,,"{""affine_state"": 1, ""constant"": 1, ""state_state"": 1}",True,,,,0.10006252813125009,one_step_common_input,,,,,1.8812042870558798,,,0,,,0.0,riccati,flowstar,0.10007505004459681,,1.2538346792692469e-08,1.2509374999926456e-05,flowstar_root_cause_patch
,,,,,none_one_step,,,,,,,0.01,0.01,2.5300791108456286e-05,tube,,,"{""affine_state"": 1, ""constant"": 1, ""time_only"": 2, ""time_state"": 1}",True,,,,0.10012501250000015,one_step_common_input,,,,,1.889517362229526,,,0,,,0.0,riccati,flowstar,0.10012531329110849,,2.5300791108456286e-05,0.0,flowstar_root_cause_patch
,,,,,none_one_step,,,,,,,0.01,0.01,5.030729997416936e-08,tube,,,"{""affine_state"": 1, ""constant"": 1, ""time_only"": 4, ""time_state"": 1, ""time_state_higher"": 4}",True,,,,0.10015012505625334,one_step_common_input,,,,,1.8912233477458358,,,0,,,0.0,riccati,flowstar,0.10015020035730313,,5.030729997416936e-08,2.4993749810312575e-08,flowstar_root_cause_patch
,,,,,none_one_step,,,,,,,0.01,0.01,2.5300791108470164e-05,endpoint_raw,,,"{""affine_state"": 1, ""constant"": 1}",True,,,,0.10010000000000009,one_step_common_input,,,,,1.889517362229526,,,0,,,0.0,riccati,flowstar,0.10012530079110848,,2.5300791108470164e-05,0.0,flowstar_root_cause_patch
,,,,,none_one_step,,,,,,,0.01,0.01,5.030729997416936e-08,endpoint_raw,,,"{""affine_state"": 1, ""constant"": 1, ""state_state"": 1}",True,,,,0.10012511255000012,one_step_common_input,,,,,1.8912233477458358,,,0,,,0.0,riccati,flowstar,0.1001502003573,,5.030729997416936e-08,2.503749999991252e-05,flowstar_root_cause_patch
,,,,,none_one_step,,,,,,,0.02,0.02,5.120634498432178e-05,tube,,,"{""affine_state"": 1, ""constant"": 1, ""time_only"": 2, ""time_state"": 1}",True,,,,0.10025005000000016,one_step_common_input,,,,,1.891152218915522,,,0,,,0.0,riccati,flowstar,0.10025125634498436,,5.120634498432178e-05,0.0,flowstar_root_cause_patch
,,,,,none_one_step,,,,,,,0.02,0.02,2.024668482097914e-07,tube,,,"{""affine_state"": 1, ""constant"": 1, ""time_only"": 4, ""time_state"": 1, ""time_state_higher"": 4}",True,,,,0.10030050045005026,one_step_common_input,,,,,1.9449035972356796,,,0,,,0.0,riccati,flowstar,0.10030080286689824,,2.024668482097914e-07,9.994999977058877e-08,flowstar_root_cause_patch
,,,,,none_one_step,,,,,,,0.02,0.02,5.120634498432872e-05,endpoint_raw,,,"{""affine_state"": 1, ""constant"": 1}",True,,,,0.1002000000000001,one_step_common_input,,,,,1.891152218915522,,,0,,,0.0,riccati,flowstar,0.10025120634498436,,5.120634498432872e-05,0.0,flowstar_root_cause_patch
,,,,,none_one_step,,,,,,,0.02,0.02,2.024668482097914e-07,endpoint_raw,,,"{""affine_state"": 1, ""constant"": 1, ""state_state"": 1}",True,,,,0.10025045040000011,one_step_common_input,,,,,1.9449035972356796,,,0,,,0.0,riccati,flowstar,0.10030080286684824,,2.024668482097914e-07,5.014999999992331e-05,flowstar_root_cause_patch
,,,,,none_one_step,,,,,,,0.05,0.05,1.2889451435664554e-06,tube,,,"{""affine_state"": 1, ""constant"": 1, ""time_only"": 4, ""time_state"": 1, ""time_state_higher"": 4}",True,,,,0.10075313203320337,one_step_common_input,,,,,1.9377326178364456,,,0,,,0.0,riccati,flowstar,0.10075504519709672,,1.2889451435664554e-06,6.242187497830456e-07,flowstar_root_cause_patch
,,,,,none_one_step,,,,,,,0.05,0.05,1.2889451435664554e-06,endpoint_raw,,,"{""affine_state"": 1, ""constant"": 1, ""state_state"": 1}",True,,,,0.10062781875000013,one_step_common_input,,,,,1.9377326178364456,,,0,,,0.0,riccati,flowstar,0.1007550451951436,,1.2889451435664554e-06,0.00012593749999990537,flowstar_root_cause_patch
,,,,,none_one_step,,,,,,,0.005,0.005,5.025375000000003e-06,tube,,,"{""affine_state"": 1, ""time_state"": 1}",True,,,,0.2010000000000002,one_step_common_input,,,,,1.894375727046281,,,0,,,0.0,harmonic,flowstar,0.20100502537500003,,5.025375000000003e-06,0.0,flowstar_root_cause_patch
,,,,,none_one_step,,,,,,,0.005,0.005,2.093805470058682e-11,tube,,,"{""affine_state"": 1, ""time_state"": 1, ""time_state_higher"": 2}",True,,,,0.20100250416666693,one_step_common_input,,,,,1.935853109229356,,,0,,,0.0,harmonic,flowstar,0.20100250418760474,,2.093805470058682e-11,0.0,flowstar_root_cause_patch
,,,,,none_one_step,,,,,,,0.005,0.005,5.025375000000003e-06,tube,,,"{""affine_state"": 1, ""time_state"": 1}",True,,,,0.2010000000000002,one_step_common_input,,,,,1.894375727046281,,,1,,,0.0,harmonic,flowstar,0.20100502537500003,,5.025375000000003e-06,0.0,flowstar_root_cause_patch
,,,,,none_one_step,,,,,,,0.005,0.005,2.093805470058682e-11,tube,,,"{""affine_state"": 1, ""time_state"": 1, ""time_state_higher"": 2}",True,,,,0.20100250416666693,one_step_common_input,,,,,1.935853109229356,,,1,,,0.0,harmonic,flowstar,0.20100250418760474,,2.093805470058682e-11,0.0,flowstar_root_cause_patch
,,,,,none_one_step,,,,,,,0.005,0.005,5.025375000000003e-06,endpoint_raw,,,"{""affine_state"": 2}",True,,,,0.20100000000000015,one_step_common_input,,,,,1.894375727046281,,,0,,,0.0,harmonic,flowstar,0.20100502537500003,,5.025375000000003e-06,0.0,flowstar_root_cause_patch
,,,,,none_one_step,,,,,,,0.005,0.005,5.008354271360893e-06,endpoint_raw,,,"{""affine_state"": 2}",True,,,,0.20099749583333348,one_step_common_input,,,,,1.935853109229356,,,0,,,0.0,harmonic,flowstar,0.20100250418760474,,5.008354271360893e-06,0.0,flowstar_root_cause_patch
,,,,,none_one_step,,,,,,,0.005,0.005,5.025375000000003e-06,endpoint_raw,,,"{""affine_state"": 2}",True,,,,0.20100000000000018,one_step_common_input,,,,,1.894375727046281,,,1,,,0.0,harmonic,flowstar,0.20100502537500003,,5.025375000000003e-06,0.0,flowstar_root_cause_patch
,,,,,none_one_step,,,,,,,0.005,0.005,5.008354271360893e-06,endpoint_raw,,,"{""affine_state"": 2}",True,,,,0.2009974958333335,one_step_common_input,,,,,1.935853109229356,,,1,,,0.0,harmonic,flowstar,0.20100250418760474,,5.008354271360893e-06,0.0,flowstar_root_cause_patch
,,,,,none_one_step,,,,,,,0.01,0.01,2.020400000000001e-05,tube,,,"{""affine_state"": 1, ""time_state"": 1}",True,,,,0.2020000000000002,one_step_common_input,,,,,1.8887442681007087,,,0,,,0.0,harmonic,flowstar,0.20202020400000004,,2.020400000000001e-05,0.0,flowstar_root_cause_patch
,,,,,none_one_step,,,,,,,0.01,0.01,3.367023367000072e-10,tube,,,"{""affine_state"": 1, ""time_state"": 1, ""time_state_higher"": 2}",True,,,,0.20201003333333362,one_step_common_input,,,,,1.8905217940919101,,,0,,,0.0,harmonic,flowstar,0.20201003367003573,,3.367023367000072e-10,0.0,flowstar_root_cause_patch
,,,,,none_one_step,,,,,,,0.01,0.01,2.020400000000001e-05,tube,,,"{""affine_state"": 1, ""time_state"": 1}",True,,,,0.2020000000000002,one_step_common_input,,,,,1.8887442681007087,,,1,,,0.0,harmonic,flowstar,0.20202020400000004,,2.020400000000001e-05,0.0,flowstar_root_cause_patch
,,,,,none_one_step,,,,,,,0.01,0.01,3.367023367000072e-10,tube,,,"{""affine_state"": 1, ""time_state"": 1, ""time_state_higher"": 2}",True,,,,0.20201003333333362,one_step_common_input,,,,,1.8905217940919101,,,1,,,0.0,harmonic,flowstar,0.20201003367003573,,3.367023367000072e-10,0.0,flowstar_root_cause_patch
,,,,,none_one_step,,,,,,,0.01,0.01,2.020400000000001e-05,endpoint_raw,,,"{""affine_state"": 2}",True,,,,0.20200000000000015,one_step_common_input,,,,,1.8887442681007087,,,0,,,0.0,harmonic,flowstar,0.20202020400000004,,2.020400000000001e-05,0.0,flowstar_root_cause_patch
,,,,,none_one_step,,,,,,,0.01,0.01,2.0067003369016037e-05,endpoint_raw,,,"{""affine_state"": 2}",True,,,,0.2019899666666668,one_step_common_input,,,,,1.8905217940919101,,,0,,,0.0,harmonic,flowstar,0.20201003367003573,,2.0067003369016037e-05,0.0,flowstar_root_cause_patch
,,,,,none_one_step,,,,,,,0.01,0.01,2.020400000000001e-05,endpoint_raw,,,"{""affine_state"": 2}",True,,,,0.20200000000000018,one_step_common_input,,,,,1.8887442681007087,,,1,,,0.0,harmonic,flowstar,0.20202020400000004,,2.020400000000001e-05,0.0,flowstar_root_cause_patch
,,,,,none_one_step,,,,,,,0.01,0.01,2.0067003369016037e-05,endpoint_raw,,,"{""affine_state"": 2}",True,,,,0.20198996666666683,one_step_common_input,,,,,1.8905217940919101,,,1,,,0.0,harmonic,flowstar,0.20201003367003573,,2.0067003369016037e-05,0.0,flowstar_root_cause_patch
,,,,,none_one_step,,,,,,,0.02,0.02,8.164800000000004e-05,tube,,,"{""affine_state"": 1, ""time_state"": 1}",True,,,,0.2040000000000002,one_step_common_input,,,,,2.0121382060460746,,,0,,,0.0,harmonic,flowstar,0.20408164800000003,,8.164800000000004e-05,0.0,flowstar_root_cause_patch
,,,,,none_one_step,,,,,,,0.02,0.02,5.442304870400059e-09,tube,,,"{""affine_state"": 1, ""time_state"": 1, ""time_state_higher"": 2}",True,,,,0.20404026666666694,one_step_common_input,,,,,2.062365078832954,,,0,,,0.0,harmonic,flowstar,0.20404027210897158,,5.442304870400059e-09,0.0,flowstar_root_cause_patch
,,,,,none_one_step,,,,,,,0.02,0.02,8.164800000000004e-05,tube,,,"{""affine_state"": 1, ""time_state"": 1}",True,,,,0.2040000000000002,one_step_common_input,,,,,2.0121382060460746,,,1,,,0.0,harmonic,flowstar,0.20408164800000003,,8.164800000000004e-05,0.0,flowstar_root_cause_patch
,,,,,none_one_step,,,,,,,0.02,0.02,5.442304870400059e-09,tube,,,"{""affine_state"": 1, ""time_state"": 1, ""time_state_higher"": 2}",True,,,,0.20404026666666694,one_step_common_input,,,,,2.062365078832954,,,1,,,0.0,harmonic,flowstar,0.20404027210897158,,5.442304870400059e-09,0.0,flowstar_root_cause_patch
,,,,,none_one_step,,,,,,,0.02,0.02,8.164800000000004e-05,endpoint_raw,,,"{""affine_state"": 2}",True,,,,0.20400000000000015,one_step_common_input,,,,,2.0121382060460746,,,0,,,0.0,harmonic,flowstar,0.20408164800000003,,8.164800000000004e-05,0.0,flowstar_root_cause_patch
,,,,,none_one_step,,,,,,,0.02,0.02,8.053877563822507e-05,endpoint_raw,,,"{""affine_state"": 2}",True,,,,0.20395973333333348,one_step_common_input,,,,,2.062365078832954,,,0,,,0.0,harmonic,flowstar,0.20404027210897158,,8.053877563822507e-05,0.0,flowstar_root_cause_patch
,,,,,none_one_step,,,,,,,0.02,0.02,8.164800000000004e-05,endpoint_raw,,,"{""affine_state"": 2}",True,,,,0.20400000000000018,one_step_common_input,,,,,2.0121382060460746,,,1,,,0.0,harmonic,flowstar,0.20408164800000003,,8.164800000000004e-05,0.0,flowstar_root_cause_patch
,,,,,none_one_step,,,,,,,0.02,0.02,8.053877563822507e-05,endpoint_raw,,,"{""affine_state"": 2}",True,,,,0.2039597333333335,one_step_common_input,,,,,2.062365078832954,,,1,,,0.0,harmonic,flowstar,0.20404027210897158,,8.053877563822507e-05,0.0,flowstar_root_cause_patch
,,,,,none_one_step,,,,,,,0.05,0.05,0.0005265000000000003,tube,,,"{""affine_state"": 1, ""time_state"": 1}",True,,,,0.21000000000000021,one_step_common_input,,,,,2.0072346748784184,,,0,,,0.0,harmonic,flowstar,0.21052650000000003,,0.0005265000000000003,0.0,flowstar_root_cause_patch
,,,,,none_one_step,,,,,,,0.05,0.05,2.1932949218750104e-07,tube,,,"{""affine_state"": 1, ""time_state"": 1, ""time_state_higher"": 2}",True,,,,0.21025416666666694,one_step_common_input,,,,,1.905579905025661,,,0,,,0.0,harmonic,flowstar,0.2102543859961589,,2.1932949218750104e-07,0.0,flowstar_root_cause_patch
,,,,,none_one_step,,,,,,,0.05,0.05,0.0005265000000000003,tube,,,"{""affine_state"": 1, ""time_state"": 1}",True,,,,0.21000000000000021,one_step_common_input,,,,,2.0072346748784184,,,1,,,0.0,harmonic,flowstar,0.21052650000000003,,0.0005265000000000003,0.0,flowstar_root_cause_patch
,,,,,none_one_step,,,,,,,0.05,0.05,2.1932949218750104e-07,tube,,,"{""affine_state"": 1, ""time_state"": 1, ""time_state_higher"": 2}",True,,,,0.21025416666666694,one_step_common_input,,,,,1.905579905025661,,,1,,,0.0,harmonic,flowstar,0.2102543859961589,,2.1932949218750104e-07,0.0,flowstar_root_cause_patch
,,,,,none_one_step,,,,,,,0.05,0.05,0.0005265000000000003,endpoint_raw,,,"{""affine_state"": 2}",True,,,,0.21000000000000016,one_step_common_input,,,,,2.0072346748784184,,,0,,,0.0,harmonic,flowstar,0.21052650000000003,,0.0005265000000000003,0.0,flowstar_root_cause_patch
,,,,,none_one_step,,,,,,,0.05,0.05,0.0005085526628255204,endpoint_raw,,,"{""affine_state"": 2}",True,,,,0.2097458333333335,one_step_common_input,,,,,1.905579905025661,,,0,,,0.0,harmonic,flowstar,0.2102543859961589,,0.0005085526628255204,0.0,flowstar_root_cause_patch
,,,,,none_one_step,,,,,,,0.05,0.05,0.0005265000000000003,endpoint_raw,,,"{""affine_state"": 2}",True,,,,0.2100000000000002,one_step_common_input,,,,,2.0072346748784184,,,1,,,0.0,harmonic,flowstar,0.21052650000000003,,0.0005265000000000003,0.0,flowstar_root_cause_patch
,,,,,none_one_step,,,,,,,0.05,0.05,0.0005085526628255204,endpoint_raw,,,"{""affine_state"": 2}",True,,,,0.20974583333333352,one_step_common_input,,,,,1.905579905025661,,,1,,,0.0,harmonic,flowstar,0.2102543859961589,,0.0005085526628255204,0.0,flowstar_root_cause_patch
,,,,,none_one_step,,,,,,,0.0025,0.0025,2.1068468972589232e-06,tube,,,"{""affine_state"": 1, ""constant"": 1, ""time_only"": 2, ""time_state"": 2}",True,,,,0.04008004687500026,one_step_common_input,,,,,2.0070618391036987,,,0,,,0.0,coupled_quadratic,flowstar,0.040067106846897266,,2.1068468972589232e-06,0.0,flowstar_root_cause_patch
,,,,,none_one_step,,,,,,,0.0025,0.0025,2.0404002348126122e-10,tube,,,"{""affine_state"": 1, ""constant"": 1, ""time_only"": 4, ""time_state"": 2, ""time_state_higher"": 8}",True,,,,0.0400820726574002,one_step_common_input,,,,,1.901785220950842,,,0,,,0.0,coupled_quadratic,flowstar,0.040066000204040025,,2.0404002348126122e-10,0.0,flowstar_root_cause_patch
,,,,,none_one_step,,,,,,,0.0025,0.0025,1.3341631039914071e-06,tube,,,"{""affine_state"": 1, ""constant"": 1, ""time_only"": 2, ""time_state"": 2}",True,,,,0.040595606250000554,one_step_common_input,,,,,2.0070618391036987,,,1,,,0.0,coupled_quadratic,flowstar,0.04053633416310401,,1.3341631039914071e-06,0.0,flowstar_root_cause_patch
,,,,,none_one_step,,,,,,,0.0025,0.0025,2.0754881858235066e-10,tube,,,"{""affine_state"": 1, ""constant"": 1, ""time_only"": 4, ""time_state"": 2, ""time_state_higher"": 7}",True,,,,0.04059675112625788,one_step_common_input,,,,,1.901785220950842,,,1,,,0.0,coupled_quadratic,flowstar,0.04053600020754883,,2.0754881858235066e-10,0.0,flowstar_root_cause_patch
,,,,,none_one_step,,,,,,,0.0025,0.0025,2.1068468972589232e-06,endpoint_raw,,,"{""affine_state"": 2, ""constant"": 1}",True,,,,0.04003000000000015,one_step_common_input,,,,,2.0070618391036987,,,0,,,0.0,coupled_quadratic,flowstar,0.040032106846897286,,2.1068468972589232e-06,0.0,flowstar_root_cause_patch
,,,,,none_one_step,,,,,,,0.0025,0.0025,5.070466498307422e-08,endpoint_raw,,,"{""affine_state"": 2, ""constant"": 1, ""state_state"": 3}",True,,,,0.040031975258854394,one_step_common_input,,,,,1.901785220950842,,,0,,,0.0,coupled_quadratic,flowstar,0.040032026463519194,,5.070466498307422e-08,4.999998168344831e-10,flowstar_root_cause_patch
,,,,,none_one_step,,,,,,,0.0025,0.0025,0.0002013341631039694,endpoint_raw,,,"{""affine_state"": 2, ""constant"": 1}",True,,,,0.03992000000000029,one_step_common_input,,,,,2.0070618391036987,,,1,,,0.0,coupled_quadratic,flowstar,0.04012133416310401,,0.0002013341631039694,0.0,flowstar_root_cause_patch
,,,,,none_one_step,,,,,,,0.0025,0.0025,0.00020003342088215794,endpoint_raw,,,"{""affine_state"": 2, ""constant"": 1, ""state_state"": 2}",True,,,,0.03992111265166706,one_step_common_input,,,,,1.901785220950842,,,1,,,0.0,coupled_quadratic,flowstar,0.04012214532254885,,0.00020003342088215794,9.992499996265048e-07,flowstar_root_cause_patch
,,,,,none_one_step,,,,,,,0.005,0.005,4.429184669446219e-06,tube,,,"{""affine_state"": 1, ""constant"": 1, ""time_only"": 2, ""time_state"": 2}",True,,,,0.04016018750000026,one_step_common_input,,,,,2.0162396682426333,,,0,,,0.0,coupled_quadratic,flowstar,0.040134429184669446,,4.429184669446219e-06,0.0,flowstar_root_cause_patch
,,,,,none_one_step,,,,,,,0.005,0.005,8.33249203966922e-10,tube,,,"{""affine_state"": 1, ""constant"": 1, ""time_only"": 4, ""time_state"": 2, ""time_state_higher"": 8}",True,,,,0.040164290759227894,one_step_common_input,,,,,2.0088894818909466,,,0,,,0.0,coupled_quadratic,flowstar,0.04013200083324921,,8.33249203966922e-10,0.0,flowstar_root_cause_patch
,,,,,none_one_step,,,,,,,0.005,0.005,3.3465564946976835e-06,tube,,,"{""affine_state"": 1, ""constant"": 1, ""time_only"": 2, ""time_state"": 2}",True,,,,0.041192425000000504,one_step_common_input,,,,,2.0162396682426333,,,1,,,0.0,coupled_quadratic,flowstar,0.04107334655649472,,3.3465564946976835e-06,0.0,flowstar_root_cause_patch
,,,,,none_one_step,,,,,,,0.005,0.005,8.630290796799214e-10,tube,,,"{""affine_state"": 1, ""constant"": 1, ""time_only"": 4, ""time_state"": 2, ""time_state_higher"": 7}",True,,,,0.04119500701260939,one_step_common_input,,,,,2.0088894818909466,,,1,,,0.0,coupled_quadratic,flowstar,0.04107200086302912,,8.630290796799214e-10,0.0,flowstar_root_cause_patch
,,,,,none_one_step,,,,,,,0.005,0.005,4.429184669446219e-06,endpoint_raw,,,"{""affine_state"": 2, ""constant"": 1}",True,,,,0.04006000000000012,one_step_common_input,,,,,2.0162396682426333,,,0,,,0.0,coupled_quadratic,flowstar,0.04006442918466947,,4.429184669446219e-06,0.0,flowstar_root_cause_patch
,,,,,none_one_step,,,,,,,0.005,0.005,2.0283824920907905e-07,endpoint_raw,,,"{""affine_state"": 2, ""constant"": 1, ""state_state"": 3}",True,,,,0.040063901070833574,one_step_common_input,,,,,2.0088894818909466,,,0,,,0.0,coupled_quadratic,flowstar,0.04006410590908255,,2.0283824920907905e-07,1.9999997648029765e-09,flowstar_root_cause_patch
,,,,,none_one_step,,,,,,,0.005,0.005,0.00040334655649465365,endpoint_raw,,,"{""affine_state"": 2, ""constant"": 1}",True,,,,0.039840000000000264,one_step_common_input,,,,,2.0162396682426333,,,1,,,0.0,coupled_quadratic,flowstar,0.040243346556494725,,0.00040334655649465365,0.0,flowstar_root_cause_patch
,,,,,none_one_step,,,,,,,0.005,0.005,0.0004001345696957463,endpoint_raw,,,"{""affine_state"": 2, ""constant"": 1, ""state_state"": 2}",True,,,,0.03984245021333374,one_step_common_input,,,,,2.0088894818909466,,,1,,,0.0,coupled_quadratic,flowstar,0.04024458178302914,,0.0004001345696957463,1.9969999996556588e-06,flowstar_root_cause_patch
,,,,,none_one_step,,,,,,,0.01,0.01,9.731230144402878e-06,tube,,,"{""affine_state"": 1, ""constant"": 1, ""time_only"": 2, ""time_state"": 2}",True,,,,0.040320750000000266,one_step_common_input,,,,,2.011335598770529,,,0,,,0.0,coupled_quadratic,flowstar,0.04026973123014441,,9.731230144402878e-06,0.0,flowstar_root_cause_patch
,,,,,none_one_step,,,,,,,0.01,0.01,3.4810714884293557e-09,tube,,,"{""affine_state"": 1, ""constant"": 1, ""time_only"": 4, ""time_state"": 2, ""time_state_higher"": 8}",True,,,,0.04032916407430469,one_step_common_input,,,,,2.0078485812991858,,,0,,,0.0,coupled_quadratic,flowstar,0.04026400348107148,,3.4810714884293557e-09,0.0,flowstar_root_cause_patch
,,,,,none_one_step,,,,,,,0.01,0.01,9.46608278185953e-06,tube,,,"{""affine_state"": 1, ""constant"": 1, ""time_only"": 2, ""time_state"": 2}",True,,,,0.042389700000000585,one_step_common_input,,,,,2.011335598770529,,,1,,,0.0,coupled_quadratic,flowstar,0.04214946608278189,,9.46608278185953e-06,0.0,flowstar_root_cause_patch
,,,,,none_one_step,,,,,,,0.01,0.01,3.74712801626945e-09,tube,,,"{""affine_state"": 1, ""constant"": 1, ""time_only"": 4, ""time_state"": 2, ""time_state_higher"": 7}",True,,,,0.042396048141734394,one_step_common_input,,,,,2.0078485812991858,,,1,,,0.0,coupled_quadratic,flowstar,0.04214400374712804,,3.74712801626945e-09,0.0,flowstar_root_cause_patch
,,,,,none_one_step,,,,,,,0.01,0.01,9.731230144416756e-06,endpoint_raw,,,"{""affine_state"": 2, ""constant"": 1}",True,,,,0.040120000000000156,one_step_common_input,,,,,2.011335598770529,,,0,,,0.0,coupled_quadratic,flowstar,0.04012973123014442,,9.731230144416756e-06,0.0,flowstar_root_cause_patch
,,,,,none_one_step,,,,,,,0.01,0.01,8.115210714827771e-07,endpoint_raw,,,"{""affine_state"": 2, ""constant"": 1, ""state_state"": 3}",True,,,,0.040127604566666863,one_step_common_input,,,,,2.0078485812991858,,,0,,,0.0,coupled_quadratic,flowstar,0.04012842408773816,,8.115210714827771e-07,7.999999813570343e-09,flowstar_root_cause_patch
,,,,,none_one_step,,,,,,,0.01,0.01,0.0008094660827817992,endpoint_raw,,,"{""affine_state"": 2, ""constant"": 1}",True,,,,0.039680000000000326,one_step_common_input,,,,,2.011335598770529,,,1,,,0.0,coupled_quadratic,flowstar,0.040489466082781894,,0.0008094660827817992,0.0,flowstar_root_cause_patch
,,,,,none_one_step,,,,,,,0.01,0.01,0.0008005454004613084,endpoint_raw,,,"{""affine_state"": 2, ""constant"": 1, ""state_state"": 2}",True,,,,0.039685797706667025,one_step_common_input,,,,,2.0078485812991858,,,1,,,0.0,coupled_quadratic,flowstar,0.04049033110712805,,0.0008005454004613084,3.987999999713245e-06,flowstar_root_cause_patch
,,,,,none_one_step,,,,,,,0.02,0.02,2.304271564714926e-05,tube,,,"{""affine_state"": 1, ""constant"": 1, ""time_only"": 2, ""time_state"": 2}",True,,,,0.04064300000000025,one_step_common_input,,,,,2.0024500652216375,,,0,,,0.0,coupled_quadratic,flowstar,0.04054304271564714,,2.304271564714926e-05,0.0,flowstar_root_cause_patch
,,,,,none_one_step,,,,,,,0.02,0.02,1.5296750593024122e-08,tube,,,"{""affine_state"": 1, ""constant"": 1, ""time_only"": 4, ""time_state"": 2, ""time_state_higher"": 8}",True,,,,0.04066066460220054,one_step_common_input,,,,,2.001339692156762,,,0,,,0.0,coupled_quadratic,flowstar,0.04052801529675058,,1.5296750593024122e-08,0.0,flowstar_root_cause_patch
,,,,,none_one_step,,,,,,,0.02,0.02,3.051329061050432e-05,tube,,,"{""affine_state"": 1, ""constant"": 1, ""time_only"": 2, ""time_state"": 2}",True,,,,0.044798800000000555,one_step_common_input,,,,,2.0024500652216375,,,1,,,0.0,coupled_quadratic,flowstar,0.044310513290610504,,3.051329061050432e-05,0.0,flowstar_root_cause_patch
,,,,,none_one_step,,,,,,,0.02,0.02,1.7885490515894e-08,tube,,,"{""affine_state"": 1, ""constant"": 1, ""time_only"": 4, ""time_state"": 2, ""time_state_higher"": 7}",True,,,,0.044816353787734436,one_step_common_input,,,,,2.001339692156762,,,1,,,0.0,coupled_quadratic,flowstar,0.04428801788549053,,1.7885490515894e-08,0.0,flowstar_root_cause_patch
,,,,,none_one_step,,,,,,,0.02,0.02,2.304271564714926e-05,endpoint_raw,,,"{""affine_state"": 2, ""constant"": 1}",True,,,,0.04024000000000014,one_step_common_input,,,,,2.0024500652216375,,,0,,,0.0,coupled_quadratic,flowstar,0.04026304271564718,,2.304271564714926e-05,0.0,flowstar_root_cause_patch
,,,,,none_one_step,,,,,,,0.02,0.02,3.247616750583654e-06,endpoint_raw,,,"{""affine_state"": 2, ""constant"": 1, ""state_state"": 3}",True,,,,0.04025442053333354,one_step_common_input,,,,,2.001339692156762,,,0,,,0.0,coupled_quadratic,flowstar,0.04025770015008394,,3.247616750583654e-06,3.199999981202123e-08,flowstar_root_cause_patch
,,,,,none_one_step,,,,,,,0.02,0.02,0.0016305132906104392,endpoint_raw,,,"{""affine_state"": 2, ""constant"": 1}",True,,,,0.039360000000000284,one_step_common_input,,,,,2.0024500652216375,,,1,,,0.0,coupled_quadratic,flowstar,0.040990513290610514,,0.0016305132906104392,0.0,flowstar_root_cause_patch
,,,,,none_one_step,,,,,,,0.02,0.02,0.001602239112157133,endpoint_raw,,,"{""affine_state"": 2, ""constant"": 1, ""state_state"": 2}",True,,,,0.039375165653333793,one_step_common_input,,,,,2.001339692156762,,,1,,,0.0,coupled_quadratic,flowstar,0.04098535676549056,,0.001602239112157133,7.951999999633846e-06,flowstar_root_cause_patch
,,,,,none_one_step,,,,,,,0.0025,0.0025,1.4392140651695649e-05,tube,,,"{""affine_state"": 1, ""constant"": 1, ""time_only"": 2, ""time_state"": 1}",True,,,,0.30625812500000316,one_step_common_input,,,,,1.9004536089487374,,,0,,,0.0,van_der_pol,flowstar,0.3061393921406519,,1.4392140651695649e-05,0.0,flowstar_root_cause_patch
,,,,,none_one_step,,,,,,,0.0025,0.0025,2.1046308026949952e-08,tube,,,"{""affine_state"": 1, ""constant"": 1, ""time_only"": 4, ""time_state"": 1, ""time_state_higher"": 6}",True,,,,0.3062651933583307,one_step_common_input,,,,,1.9234843580052257,,,0,,,0.0,van_der_pol,flowstar,0.30612502104630823,,2.1046308026949952e-08,0.0,flowstar_root_cause_patch
,,,,,none_one_step,,,,,,,0.0025,0.0025,0.0003182381043957323,tube,,,"{""affine_state"": 1, ""constant"": 1, ""time_only"": 2, ""time_state"": 2}",True,,,,0.1119385546875078,one_step_common_input,,,,,1.9004536089487374,,,1,,,0.0,van_der_pol,flowstar,0.10956148029189627,,0.0003182381043957323,0.0,flowstar_root_cause_patch
,,,,,none_one_step,,,,,,,0.0025,0.0025,7.817896759359438e-07,tube,,,"{""affine_state"": 1, ""constant"": 1, ""time_only"": 4, ""time_state"": 2, ""time_state_higher"": 10}",True,,,,0.11217999827916758,one_step_common_input,,,,,1.9234843580052257,,,1,,,0.0,van_der_pol,flowstar,0.10943289056775107,,7.817896759359438e-07,0.0,flowstar_root_cause_patch
,,,,,none_one_step,,,,,,,0.0025,0.0025,1.4392140651695649e-05,endpoint_raw,,,"{""affine_state"": 2, ""constant"": 1}",True,,,,0.3002500000000019,one_step_common_input,,,,,1.9004536089487374,,,0,,,0.0,van_der_pol,flowstar,0.30026439214065204,,1.4392140651695649e-05,0.0,flowstar_root_cause_patch
,,,,,none_one_step,,,,,,,0.0025,0.0025,1.3505906252261935e-05,endpoint_raw,,,"{""affine_state"": 2, ""constant"": 1, ""state_state"": 2}",True,,,,0.3002435435075308,one_step_common_input,,,,,1.9234843580052257,,,0,,,0.0,van_der_pol,flowstar,0.3002572181637806,,1.3505906252261935e-05,1.6874999753386768e-07,flowstar_root_cause_patch
,,,,,none_one_step,,,,,,,0.0025,0.0025,0.0005994881043952988,endpoint_raw,,,"{""affine_state"": 2, ""constant"": 1}",True,,,,0.10510937500000406,one_step_common_input,,,,,1.9004536089487374,,,1,,,0.0,van_der_pol,flowstar,0.10570886310439631,,0.0005994881043952988,0.0,flowstar_root_cause_patch
,,,,,none_one_step,,,,,,,0.0025,0.0025,0.00029631902429443964,endpoint_raw,,,"{""affine_state"": 2, ""constant"": 1, ""higher_order"": 1, ""state_state"": 3}",True,,,,0.10533946784416193,one_step_common_input,,,,,1.9234843580052257,,,1,,,0.0,van_der_pol,flowstar,0.10576929819657455,,0.00029631902429443964,0.00013351132811817939,flowstar_root_cause_patch
,,,,,none_one_step,,,,,,,0.005,0.005,5.896123342715544e-05,tube,,,"{""affine_state"": 1, ""constant"": 1, ""time_only"": 2, ""time_state"": 1}",True,,,,0.31253250000000365,one_step_common_input,,,,,1.9035253841429949,,,0,,,0.0,van_der_pol,flowstar,0.31230896123342733,,5.896123342715544e-05,0.0,flowstar_root_cause_patch
,,,,,none_one_step,,,,,,,0.005,0.005,1.170594805941698e-07,tube,,,"{""affine_state"": 1, ""constant"": 1, ""time_only"": 4, ""time_state"": 1, ""time_state_higher"": 6}",True,,,,0.31256095038716425,one_step_common_input,,,,,1.9692922630347311,,,0,,,0.0,van_der_pol,flowstar,0.3122501170594807,,1.170594805941698e-07,0.0,flowstar_root_cause_patch
,,,,,none_one_step,,,,,,,0.005,0.005,0.0008187746446776734,tube,,,"{""affine_state"": 1, ""constant"": 1, ""time_only"": 2, ""time_state"": 2}",True,,,,0.12397296875000752,one_step_common_input,,,,,1.9035253841429949,,,1,,,0.0,van_der_pol,flowstar,0.11940111839467793,,0.0008187746446776734,0.0,flowstar_root_cause_patch
,,,,,none_one_step,,,,,,,0.005,0.005,3.4506687798310285e-06,tube,,,"{""affine_state"": 1, ""constant"": 1, ""time_only"": 4, ""time_state"": 2, ""time_state_higher"": 10}",True,,,,0.12447097647229155,one_step_common_input,,,,,1.9692922630347311,,,1,,,0.0,van_der_pol,flowstar,0.11897189794416096,,3.4506687798310285e-06,0.0,flowstar_root_cause_patch
,,,,,none_one_step,,,,,,,0.005,0.005,5.8961233427377484e-05,endpoint_raw,,,"{""affine_state"": 2, ""constant"": 1}",True,,,,0.3005000000000022,one_step_common_input,,,,,1.9035253841429949,,,0,,,0.0,van_der_pol,flowstar,0.3005589612334276,,5.8961233427377484e-05,0.0,flowstar_root_cause_patch
,,,,,none_one_step,,,,,,,0.005,0.005,5.408968903779156e-05,endpoint_raw,,,"{""affine_state"": 2, ""constant"": 1, ""state_state"": 2}",True,,,,0.3004741574352243,one_step_common_input,,,,,1.9692922630347311,,,0,,,0.0,van_der_pol,flowstar,0.3005289221242595,,5.408968903779156e-05,6.749999974111449e-07,flowstar_root_cause_patch
,,,,,none_one_step,,,,,,,0.005,0.005,0.0013812746446772506,endpoint_raw,,,"{""affine_state"": 2, ""constant"": 1}",True,,,,0.11021875000000492,one_step_common_input,,,,,1.9035253841429949,,,1,,,0.0,van_der_pol,flowstar,0.111600024644678,,0.0013812746446772506,0.0,flowstar_root_cause_patch
,,,,,none_one_step,,,,,,,0.005,0.005,0.0006244083113571333,endpoint_raw,,,"{""affine_state"": 2, ""constant"": 1, ""higher_order"": 1, ""state_state"": 3}",True,,,,0.11066971990168017,one_step_common_input,,,,,1.9692922630347311,,,1,,,0.0,van_der_pol,flowstar,0.11155817352553088,,0.0006244083113571333,0.00026404531249357125,flowstar_root_cause_patch
,,,,,none_one_step,,,,,,,0.01,0.01,0.0002475703795923073,tube,,,"{""affine_state"": 1, ""constant"": 1, ""time_only"": 2, ""time_state"": 1}",True,,,,0.32513000000000325,one_step_common_input,,,,,1.8985393177717924,,,0,,,0.0,van_der_pol,flowstar,0.32474757037959257,,0.0002475703795923073,0.0,flowstar_root_cause_patch
,,,,,none_one_step,,,,,,,0.01,0.01,7.953251884180276e-07,tube,,,"{""affine_state"": 1, ""constant"": 1, ""time_only"": 4, ""time_state"": 1, ""time_state_higher"": 6}",True,,,,0.325245221926296,one_step_common_input,,,,,1.9003559718839824,,,0,,,0.0,van_der_pol,flowstar,0.3245007953251886,,7.953251884180276e-07,0.0,flowstar_root_cause_patch
,,,,,none_one_step,,,,,,,0.01,0.01,0.0024237674264648975,tube,,,"{""affine_state"": 1, ""constant"": 1, ""time_only"": 2, ""time_state"": 2}",True,,,,0.14832937500000742,one_step_common_input,,,,,1.8985393177717924,,,1,,,0.0,van_der_pol,flowstar,0.13997189242646524,,0.0024237674264648975,0.0,flowstar_root_cause_patch
,,,,,none_one_step,,,,,,,0.01,0.01,1.6767113588192587e-05,tube,,,"{""affine_state"": 1, ""constant"": 1, ""time_only"": 4, ""time_state"": 2, ""time_state_higher"": 10}",True,,,,0.14939185013469647,one_step_common_input,,,,,1.9003559718839824,,,1,,,0.0,van_der_pol,flowstar,0.13837065351975708,,1.6767113588192587e-05,0.0,flowstar_root_cause_patch
,,,,,none_one_step,,,,,,,0.01,0.01,0.0002475703795923073,endpoint_raw,,,"{""affine_state"": 2, ""constant"": 1}",True,,,,0.30100000000000193,one_step_common_input,,,,,1.8985393177717924,,,0,,,0.0,van_der_pol,flowstar,0.3012475703795927,,0.0002475703795923073,0.0,flowstar_root_cause_patch
,,,,,none_one_step,,,,,,,0.01,0.01,0.0002169513616463887,endpoint_raw,,,"{""affine_state"": 2, ""constant"": 1, ""state_state"": 2}",True,,,,0.3008964969817738,one_step_common_input,,,,,1.9003559718839824,,,0,,,0.0,van_der_pol,flowstar,0.3011161483434177,,0.0002169513616463887,2.699999997535701e-06,flowstar_root_cause_patch
,,,,,none_one_step,,,,,,,0.01,0.01,0.003548767426463608,endpoint_raw,,,"{""affine_state"": 2, ""constant"": 1}",True,,,,0.12043750000000397,one_step_common_input,,,,,1.8985393177717924,,,1,,,0.0,van_der_pol,flowstar,0.12398626742646535,,0.003548767426463608,0.0,flowstar_root_cause_patch
,,,,,none_one_step,,,,,,,0.01,0.01,0.0013860673167131717,endpoint_raw,,,"{""affine_state"": 2, ""constant"": 1, ""higher_order"": 1, ""state_state"": 3}",True,,,,0.12129866780713616,one_step_common_input,,,,,1.9003559718839824,,,1,,,0.0,van_der_pol,flowstar,0.12320091637384278,,0.0013860673167131717,0.0005161812499934497,flowstar_root_cause_patch
,,,,,none_one_step,,,,,,,0.02,0.02,0.0010944192788604817,tube,,,"{""affine_state"": 1, ""constant"": 1, ""time_only"": 2, ""time_state"": 1}",True,,,,0.3505200000000033,one_step_common_input,,,,,1.9138968493789434,,,0,,,0.0,van_der_pol,flowstar,0.35009441927886065,,0.0010944192788604817,0.0,flowstar_root_cause_patch
,,,,,none_one_step,,,,,,,0.02,0.02,6.972513132767658e-06,tube,,,"{""affine_state"": 1, ""constant"": 1, ""time_only"": 4, ""time_state"": 1, ""time_state_higher"": 6}",True,,,,0.3509923266747985,one_step_common_input,,,,,1.9011792191304266,,,0,,,0.0,van_der_pol,flowstar,0.34900697251313306,,6.972513132767658e-06,0.0,flowstar_root_cause_patch
,,,,,none_one_step,,,,,,,0.02,0.02,0.00850163620564562,tube,,,"{""affine_state"": 1, ""constant"": 1, ""time_only"": 2, ""time_state"": 2}",True,,,,0.19819250000000777,one_step_common_input,,,,,1.9138968493789434,,,1,,,0.0,van_der_pol,flowstar,0.1851316362056461,,0.00850163620564562,0.0,flowstar_root_cause_patch
,,,,,none_one_step,,,,,,,0.02,0.02,9.776472422733278e-05,tube,,,"{""affine_state"": 1, ""constant"": 1, ""time_only"": 4, ""time_state"": 2, ""time_state_higher"": 10}",True,,,,0.2006321929061765,one_step_common_input,,,,,1.9011792191304266,,,1,,,0.0,van_der_pol,flowstar,0.17847408878607673,,9.776472422733278e-05,0.0,flowstar_root_cause_patch
,,,,,none_one_step,,,,,,,0.02,0.02,0.0010944192788604817,endpoint_raw,,,"{""affine_state"": 2, ""constant"": 1}",True,,,,0.3020000000000018,one_step_common_input,,,,,1.9138968493789434,,,0,,,0.0,van_der_pol,flowstar,0.3030944192788607,,0.0010944192788604817,0.0,flowstar_root_cause_patch
,,,,,none_one_step,,,,,,,0.02,0.02,0.0008737208047989871,endpoint_raw,,,"{""affine_state"": 2, ""constant"": 1, ""state_state"": 2}",True,,,,0.30158492585416985,one_step_common_input,,,,,1.9011792191304266,,,0,,,0.0,van_der_pol,flowstar,0.3024694466589666,,0.0008737208047989871,1.079999999774187e-05,flowstar_root_cause_patch
,,,,,none_one_step,,,,,,,0.02,0.02,0.010751636205644375,endpoint_raw,,,"{""affine_state"": 2, ""constant"": 1}",True,,,,0.14087500000000386,one_step_common_input,,,,,1.9138968493789434,,,1,,,0.0,van_der_pol,flowstar,0.1516266362056462,,0.010751636205644375,0.0,flowstar_root_cause_patch
,,,,,none_one_step,,,,,,,0.02,0.02,0.00340872259922702,endpoint_raw,,,"{""affine_state"": 2, ""constant"": 1, ""higher_order"": 1, ""state_state"": 3}",True,,,,0.1424029768320385,one_step_common_input,,,,,1.9011792191304266,,,1,,,0.0,van_der_pol,flowstar,0.14679642443125873,,0.00340872259922702,0.0009847249999932039,flowstar_root_cause_patch
,,B1_carry,,,c+A*xi+fresh_independent_interval,,,,,,,0.01,1.0,0.0,endpoint_raw,,,,True,,,,0.0,common_affine_carry,,,,,,,,0,,,0.0,riccati,flowstar,0.11390367060918023,,0.0,0.11390367060918023,flowstar_root_cause_patch
,,B1_carry,,,c+A*xi+fresh_independent_interval,,,,,,,0.01,1.0,0.0,tube,,,,True,,,,0.0,common_affine_carry,,,,,,,,0,,,0.0,riccati,flowstar,0.11390368516556852,,0.0,0.11390368516556852,flowstar_root_cause_patch
,,B2,,,componentwise_box,,,,,,,0.01,1.0,0.0,endpoint_raw,,,,True,,,,0.0,common_box_carry,,,,,,,,0,,,0.0,riccati,flowstar,0.11398163740316913,,0.0,0.11398163740316913,flowstar_root_cause_patch
,,B2,,,componentwise_box,,,,,,,0.01,1.0,0.0,tube,,,,True,,,,0.0,common_box_carry,,,,,,,,0,,,0.0,riccati,flowstar,0.11398165322514853,,0.0,0.11398165322514853,flowstar_root_cause_patch
,,B1_carry,,,c+A*xi+fresh_independent_interval,,,,,,,0.01,4.0,0.0,endpoint_raw,,,,True,,,,0.0,common_affine_carry,,,,,,,,0,,,0.0,harmonic,flowstar,0.4263886323850724,,0.0,0.4263886323850724,flowstar_root_cause_patch
,,B1_carry,,,c+A*xi+fresh_independent_interval,,,,,,,0.01,4.0,0.0,endpoint_raw,,,,True,,,,0.0,common_affine_carry,,,,,,,,1,,,0.0,harmonic,flowstar,0.4263886323850724,,0.0,0.4263886323850724,flowstar_root_cause_patch
,,B1_carry,,,c+A*xi+fresh_independent_interval,,,,,,,0.01,4.0,0.0,tube,,,,True,,,,0.0,common_affine_carry,,,,,,,,0,,,0.0,harmonic,flowstar,0.429449653201582,,0.0,0.429449653201582,flowstar_root_cause_patch
,,B1_carry,,,c+A*xi+fresh_independent_interval,,,,,,,0.01,4.0,0.0,tube,,,,True,,,,0.0,common_affine_carry,,,,,,,,1,,,0.0,harmonic,flowstar,0.429449653201582,,0.0,0.429449653201582,flowstar_root_cause_patch
,,B2,,,componentwise_box,,,,,,,0.01,4.0,0.0,endpoint_raw,,,,True,,,,0.0,common_box_carry,,,,,,,,0,,,0.0,harmonic,flowstar,1.9978855030667098,,0.0,1.9978855030667098,flowstar_root_cause_patch
,,B2,,,componentwise_box,,,,,,,0.01,4.0,0.0,endpoint_raw,,,,True,,,,0.0,common_box_carry,,,,,,,,1,,,0.0,harmonic,flowstar,1.9978855030667098,,0.0,1.9978855030667098,flowstar_root_cause_patch
,,B2,,,componentwise_box,,,,,,,0.01,4.0,0.0,tube,,,,True,,,,0.0,common_box_carry,,,,,,,,0,,,0.0,harmonic,flowstar,1.9978855030667098,,0.0,1.9978855030667098,flowstar_root_cause_patch
,,B2,,,componentwise_box,,,,,,,0.01,4.0,0.0,tube,,,,True,,,,0.0,common_box_carry,,,,,,,,1,,,0.0,harmonic,flowstar,1.9978855030667098,,0.0,1.9978855030667098,flowstar_root_cause_patch
,,B1_carry,,,c+A*xi+fresh_independent_interval,,,,,,,0.005,0.25,0.0,endpoint_raw,,,,True,,,,0.0,common_affine_carry,,,,,,,,0,,,0.0,coupled_quadratic,flowstar,0.042992260062170176,,0.0,0.042992260062170176,flowstar_root_cause_patch
,,B1_carry,,,c+A*xi+fresh_independent_interval,,,,,,,0.005,0.25,0.0,endpoint_raw,,,,True,,,,0.0,common_affine_carry,,,,,,,,1,,,0.0,coupled_quadratic,flowstar,0.033214612802924176,,0.0,0.033214612802924176,flowstar_root_cause_patch
,,B1_carry,,,c+A*xi+fresh_independent_interval,,,,,,,0.005,0.25,0.0,tube,,,,True,,,,0.0,common_affine_carry,,,,,,,,0,,,0.0,coupled_quadratic,flowstar,0.043049602425486985,,0.0,0.043049602425486985,flowstar_root_cause_patch
,,B1_carry,,,c+A*xi+fresh_independent_interval,,,,,,,0.005,0.25,0.0,tube,,,,True,,,,0.0,common_affine_carry,,,,,,,,1,,,0.0,coupled_quadratic,flowstar,0.03417026416081573,,0.0,0.03417026416081573,flowstar_root_cause_patch
,,B2,,,componentwise_box,,,,,,,0.005,0.25,0.0,endpoint_raw,,,,True,,,,0.0,common_box_carry,,,,,,,,0,,,0.0,coupled_quadratic,flowstar,0.04299182309834816,,0.0,0.04299182309834816,flowstar_root_cause_patch
,,B2,,,componentwise_box,,,,,,,0.005,0.25,0.0,endpoint_raw,,,,True,,,,0.0,common_box_carry,,,,,,,,1,,,0.0,coupled_quadratic,flowstar,0.033171887657333615,,0.0,0.033171887657333615,flowstar_root_cause_patch
,,B2,,,componentwise_box,,,,,,,0.005,0.25,0.0,tube,,,,True,,,,0.0,common_box_carry,,,,,,,,0,,,0.0,coupled_quadratic,flowstar,0.04304906112399684,,0.0,0.04304906112399684,flowstar_root_cause_patch
,,B2,,,componentwise_box,,,,,,,0.005,0.25,0.0,tube,,,,True,,,,0.0,common_box_carry,,,,,,,,1,,,0.0,coupled_quadratic,flowstar,0.034138893576383805,,0.0,0.034138893576383805,flowstar_root_cause_patch
,,B1_carry,,,c+A*xi+fresh_independent_interval,,,,,,,0.01,0.25,0.0,endpoint_raw,,,,True,,,,0.0,common_affine_carry,,,,,,,,0,,,0.0,coupled_quadratic,flowstar,0.04301822526788236,,0.0,0.04301822526788236,flowstar_root_cause_patch
,,B1_carry,,,c+A*xi+fresh_independent_interval,,,,,,,0.01,0.25,0.0,endpoint_raw,,,,True,,,,0.0,common_affine_carry,,,,,,,,1,,,0.0,coupled_quadratic,flowstar,0.03327093756121183,,0.0,0.03327093756121183,flowstar_root_cause_patch
,,B1_carry,,,c+A*xi+fresh_independent_interval,,,,,,,0.01,0.25,0.0,tube,,,,True,,,,0.0,common_affine_carry,,,,,,,,0,,,0.0,coupled_quadratic,flowstar,0.04313339066432066,,0.0,0.04313339066432066,flowstar_root_cause_patch
,,B1_carry,,,c+A*xi+fresh_independent_interval,,,,,,,0.01,0.25,0.0,tube,,,,True,,,,0.0,common_affine_carry,,,,,,,,1,,,0.0,coupled_quadratic,flowstar,0.03519184646166737,,0.0,0.03519184646166737,flowstar_root_cause_patch
,,B2,,,componentwise_box,,,,,,,0.01,0.25,0.0,endpoint_raw,,,,True,,,,0.0,common_box_carry,,,,,,,,0,,,0.0,coupled_quadratic,flowstar,0.043017645112355646,,0.0,0.043017645112355646,flowstar_root_cause_patch
,,B2,,,componentwise_box,,,,,,,0.01,0.25,0.0,endpoint_raw,,,,True,,,,0.0,common_box_carry,,,,,,,,1,,,0.0,coupled_quadratic,flowstar,0.03321292447141949,,0.0,0.03321292447141949,flowstar_root_cause_patch
,,B2,,,componentwise_box,,,,,,,0.01,0.25,0.0,tube,,,,True,,,,0.0,common_box_carry,,,,,,,,0,,,0.0,coupled_quadratic,flowstar,0.04313255857352648,,0.0,0.04313255857352648,flowstar_root_cause_patch
,,B2,,,componentwise_box,,,,,,,0.01,0.25,0.0,tube,,,,True,,,,0.0,common_box_carry,,,,,,,,1,,,0.0,coupled_quadratic,flowstar,0.03515695500779778,,0.0,0.03515695500779778,flowstar_root_cause_patch
,,B1_carry,,,c+A*xi+fresh_independent_interval,,,,,,,0.005,1.0,0.0,endpoint_raw,,,,True,,,,0.0,common_affine_carry,,,,,,,,0,,,0.0,van_der_pol,flowstar,0.2992330396023122,,0.0,0.2992330396023122,flowstar_root_cause_patch
,,B1_carry,,,c+A*xi+fresh_independent_interval,,,,,,,0.005,1.0,0.0,endpoint_raw,,,,True,,,,0.0,common_affine_carry,,,,,,,,1,,,0.0,van_der_pol,flowstar,0.3733999078694197,,0.0,0.3733999078694197,flowstar_root_cause_patch
,,B1_carry,,,c+A*xi+fresh_independent_interval,,,,,,,0.005,1.0,0.0,tube,,,,True,,,,0.0,common_affine_carry,,,,,,,,0,,,0.0,van_der_pol,flowstar,0.31071685875402855,,0.0,0.31071685875402855,flowstar_root_cause_patch
,,B1_carry,,,c+A*xi+fresh_independent_interval,,,,,,,0.005,1.0,0.0,tube,,,,True,,,,0.0,common_affine_carry,,,,,,,,1,,,0.0,van_der_pol,flowstar,0.39146910095397636,,0.0,0.39146910095397636,flowstar_root_cause_patch
,,B2,,,componentwise_box,,,,,,,0.005,1.0,0.0,endpoint_raw,,,,True,,,,0.0,common_box_carry,,,,,,,,0,,,0.0,van_der_pol,flowstar,0.32195444126631045,,0.0,0.32195444126631045,flowstar_root_cause_patch
,,B2,,,componentwise_box,,,,,,,0.005,1.0,0.0,endpoint_raw,,,,True,,,,0.0,common_box_carry,,,,,,,,1,,,0.0,van_der_pol,flowstar,0.32430921013505154,,0.0,0.32430921013505154,flowstar_root_cause_patch
,,B2,,,componentwise_box,,,,,,,0.005,1.0,0.0,tube,,,,True,,,,0.0,common_box_carry,,,,,,,,0,,,0.0,van_der_pol,flowstar,0.3316077679545353,,0.0,0.3316077679545353,flowstar_root_cause_patch
,,B2,,,componentwise_box,,,,,,,0.005,1.0,0.0,tube,,,,True,,,,0.0,common_box_carry,,,,,,,,1,,,0.0,van_der_pol,flowstar,0.3406847018169503,,0.0,0.3406847018169503,flowstar_root_cause_patch
,,B1_carry,,,c+A*xi+fresh_independent_interval,,,,,,,0.01,1.0,0.0,endpoint_raw,,,,True,,,,0.0,common_affine_carry,,,,,,,,0,,,0.0,van_der_pol,flowstar,0.2999999999999998,,0.0,0.2999999999999998,flowstar_root_cause_patch
,,B1_carry,,,c+A*xi+fresh_independent_interval,,,,,,,0.01,1.0,0.0,endpoint_raw,,,,True,,,,0.0,common_affine_carry,,,,,,,,1,,,0.0,van_der_pol,flowstar,0.10000000000000009,,0.0,0.10000000000000009,flowstar_root_cause_patch
,,B2,,,componentwise_box,,,,,,,0.01,1.0,0.0,endpoint_raw,,,,True,,,,0.0,common_box_carry,,,,,,,,0,,,0.0,van_der_pol,flowstar,0.2999999999999998,,0.0,0.2999999999999998,flowstar_root_cause_patch
,,B2,,,componentwise_box,,,,,,,0.01,1.0,0.0,endpoint_raw,,,,True,,,,0.0,common_box_carry,,,,,,,,1,,,0.0,van_der_pol,flowstar,0.10000000000000009,,0.0,0.10000000000000009,flowstar_root_cause_patch
,,complete_total_degree_1,,,dependency_raw,,,,,,,0.01,1.0,68.01268932168608,tube,,,,True,,,,0.10000000000000003,native_low_order,,,,,0.012814539019018412,,,0,,,0.0,riccati,torch_tm_flowpipe,68.1126893216861,,68.01268932168608,2.842170943040401e-14,order1_raw_dependency
,,complete_total_degree_1,,,dependency_raw,,,,,,,0.01,1.0,68.01268932168608,endpoint_raw,,,,True,,,,0.10000000000000003,native_low_order,,,,,0.012814539019018412,,,0,,,0.0,riccati,torch_tm_flowpipe,68.1126893216861,,68.01268932168608,2.842170943040401e-14,order1_raw_dependency
,,complete_total_degree_1,,,dependency_raw,,,,,,,0.01,1.0,67.71164784411957,endpoint_tightened_supplemental,,,,True,,,,0.10000000000000003,native_low_order,,,,,0.012814539019018412,,,0,,,0.0,riccati,torch_tm_flowpipe,67.81164784411958,,67.71164784411957,1.4210854715202004e-14,order1_raw_dependency
,,complete_total_degree_1,,,dependency_tightened,,,,,,,0.01,1.0,0.014288889905171987,tube,,,,True,,,,0.10000000000000003,native_low_order,,,,,0.012863843701779842,,,0,,,0.0,riccati,torch_tm_flowpipe,0.11428888990517203,,0.014288889905171987,5.204170427930421e-18,order1_legacy_tightened
,,complete_total_degree_1,,,dependency_tightened,,,,,,,0.01,1.0,0.014288889905171987,endpoint_raw,,,,True,,,,0.10000000000000003,native_low_order,,,,,0.012863843701779842,,,0,,,0.0,riccati,torch_tm_flowpipe,0.11428888990517203,,0.014288889905171987,5.204170427930421e-18,order1_legacy_tightened
,,complete_total_degree_1,,,dependency_tightened,,,,,,,0.01,1.0,0.0114376297138719,endpoint_tightened_supplemental,,,,True,,,,0.10000000000000003,native_low_order,,,,,0.012863843701779842,,,0,,,0.0,riccati,torch_tm_flowpipe,0.11143762971387194,,0.0114376297138719,1.0408340855860843e-17,order1_legacy_tightened
,,complete_total_degree_1,,,range_only,,,,,,,0.01,1.0,0.0001582498742591578,tube,,,,True,,,,0.11390735557632345,native_low_order,,,,,0.01292662788182497,,,0,,,0.0,riccati,torch_tm_flowpipe,0.11406560545058263,,0.0001582498742591578,2.0328790734103208e-17,order1_range_only
,,complete_total_degree_1,,,range_only,,,,,,,0.01,1.0,0.0001582498742591578,endpoint_raw,,,,True,,,,0.11390735557632345,native_low_order,,,,,0.01292662788182497,,,0,,,0.0,riccati,torch_tm_flowpipe,0.11406560545058263,,0.0001582498742591578,2.0328790734103208e-17,order1_range_only
,,complete_total_degree_1,,,range_only,,,,,,,0.01,1.0,0.000126956239608864,endpoint_tightened_supplemental,,,,True,,,,0.11390735557632345,native_low_order,,,,,0.01292662788182497,,,0,,,0.0,riccati,torch_tm_flowpipe,0.11403431181593233,,0.000126956239608864,2.179246366695864e-17,order1_range_only
,,complete_total_degree_2,,,dependency_raw,,,,,,,0.01,1.0,68.01268932168593,tube,,,,True,,,,0.10000000000000003,native_practical,,,,,0.016900138929486275,,,0,,,0.0,riccati,torch_tm_flowpipe,68.11268932168593,,68.01268932168593,1.4210854715202004e-14,order2_raw_dependency
,,complete_total_degree_2,,,dependency_raw,,,,,,,0.01,1.0,68.01268932168593,endpoint_raw,,,,True,,,,0.10000000000000003,native_practical,,,,,0.016900138929486275,,,0,,,0.0,riccati,torch_tm_flowpipe,68.11268932168593,,68.01268932168593,1.4210854715202004e-14,order2_raw_dependency
,,complete_total_degree_2,,,dependency_raw,,,,,,,0.01,1.0,67.71164784411937,endpoint_tightened_supplemental,,,,True,,,,0.10000000000000003,native_practical,,,,,0.016900138929486275,,,0,,,0.0,riccati,torch_tm_flowpipe,67.81164784411939,,67.71164784411937,2.842170943040401e-14,order2_raw_dependency
,,complete_total_degree_2,,,affine_reset,,,,,,,0.01,1.0,4.123627480206951e-05,tube,,,,True,,,,0.11472595086877002,native_practical,,,,,0.04174612695351243,,,0,,,0.0,riccati,torch_tm_flowpipe,0.1147671871435721,,4.123627480206951e-05,1.440633636690114e-17,order2_affine_reset
,,complete_total_degree_2,,,affine_reset,,,,,,,0.01,1.0,4.123627480206951e-05,endpoint_raw,,,,True,,,,0.1146966714376596,native_practical,,,,,0.04174612695351243,,,0,,,0.0,riccati,torch_tm_flowpipe,0.11473790771246169,,4.123627480206951e-05,1.440633636690114e-17,order2_affine_reset
,,complete_total_degree_2,,,affine_reset,,,,,,,0.01,1.0,3.308096155858928e-05,endpoint_tightened_supplemental,,,,True,,,,0.1146966714376596,native_practical,,,,,0.04174612695351243,,,0,,,0.0,riccati,torch_tm_flowpipe,0.1147297523992182,,3.308096155858928e-05,1.2129511804681581e-17,order2_affine_reset
,,complete_total_degree_4,,,affine_reset,,,,,,,0.01,1.0,4.6398651559687583e-08,tube,,,,True,,,,0.1139909544914903,native_practical,,,,,0.12643857579678297,,,0,,,0.0,riccati,torch_tm_flowpipe,0.11399100089014187,,4.6398651559687583e-08,1.3943849760255392e-17,order4_affine_reset
,,complete_total_degree_4,,,affine_reset,,,,,,,0.01,1.0,4.6398651559687583e-08,endpoint_raw,,,,True,,,,0.11396168658382202,native_practical,,,,,0.12643857579678297,,,0,,,0.0,riccati,torch_tm_flowpipe,0.1139617329824736,,4.6398651559687583e-08,1.3943849760255392e-17,order4_affine_reset
,,complete_total_degree_4,,,affine_reset,,,,,,,0.01,1.0,3.722202530326944e-08,endpoint_tightened_supplemental,,,,True,,,,0.11396168658382202,native_practical,,,,,0.12643857579678297,,,0,,,0.0,riccati,torch_tm_flowpipe,0.11396172380584735,,3.722202530326944e-08,1.981094920086541e-17,order4_affine_reset
,,complete_total_degree_4,,,qr_reset,,,,,,,0.01,1.0,4.6398651559687583e-08,tube,,,,True,,,,0.1139909544914903,native_practical,,,,,0.12922207498922944,,,0,,,0.0,riccati,torch_tm_flowpipe,0.11399100089014187,,4.6398651559687583e-08,1.3943849760255392e-17,order4_qr_reset
,,complete_total_degree_4,,,qr_reset,,,,,,,0.01,1.0,4.6398651559687583e-08,endpoint_raw,,,,True,,,,0.11396168658382202,native_practical,,,,,0.12922207498922944,,,0,,,0.0,riccati,torch_tm_flowpipe,0.1139617329824736,,4.6398651559687583e-08,1.3943849760255392e-17,order4_qr_reset
,,complete_total_degree_4,,,qr_reset,,,,,,,0.01,1.0,3.722202530326944e-08,endpoint_tightened_supplemental,,,,True,,,,0.11396168658382202,native_practical,,,,,0.12922207498922944,,,0,,,0.0,riccati,torch_tm_flowpipe,0.11396172380584735,,3.722202530326944e-08,1.981094920086541e-17,order4_qr_reset
,,complete_total_degree_6,,,affine_reset,,,,,,,0.01,1.0,1.5903677016479878e-11,tube,,,,True,,,,0.11399016345854299,native_practical,,,,,0.2928204610943794,,,0,,,0.0,riccati,torch_tm_flowpipe,0.11399016347444667,,1.5903677016479878e-11,4.133307140589574e-18,order6_affine_reset
,,complete_total_degree_6,,,affine_reset,,,,,,,0.01,1.0,1.5903677016479878e-11,endpoint_raw,,,,True,,,,0.11396089556215591,native_practical,,,,,0.2928204610943794,,,0,,,0.0,riccati,torch_tm_flowpipe,0.11396089557805959,,1.5903677016479878e-11,4.133307140589574e-18,order6_affine_reset
,,complete_total_degree_6,,,affine_reset,,,,,,,0.01,1.0,1.2753838673290804e-11,endpoint_tightened_supplemental,,,,True,,,,0.11396089556215591,native_practical,,,,,0.2928204610943794,,,0,,,0.0,riccati,torch_tm_flowpipe,0.11396089557490975,,1.2753838673290804e-11,9.77756567837263e-19,order6_affine_reset
,,complete_total_degree_1,,,dependency_raw,,,,,,,0.01,4.0,2.9605024010869753e+38,tube,,,,True,,,,0.20000000000000007,native_low_order,,,,,0.025056859012693167,,,0,,,0.0,harmonic,torch_tm_flowpipe,2.9605024010869757e+38,,2.9605024010869753e+38,3.777893186295716e+22,order1_raw_dependency
,,complete_total_degree_1,,,dependency_raw,,,,,,,0.01,4.0,2.9605024010869753e+38,tube,,,,True,,,,0.20000000000000007,native_low_order,,,,,0.025056859012693167,,,1,,,0.0,harmonic,torch_tm_flowpipe,2.9605024010869757e+38,,2.9605024010869753e+38,3.777893186295716e+22,order1_raw_dependency
,,complete_total_degree_1,,,dependency_raw,,,,,,,0.01,4.0,2.9605024010869753e+38,endpoint_raw,,,,True,,,,0.20000000000000007,native_low_order,,,,,0.025056859012693167,,,0,,,0.0,harmonic,torch_tm_flowpipe,2.9605024010869757e+38,,2.9605024010869753e+38,3.777893186295716e+22,order1_raw_dependency
,,complete_total_degree_1,,,dependency_raw,,,,,,,0.01,4.0,2.9605024010869753e+38,endpoint_raw,,,,True,,,,0.20000000000000007,native_low_order,,,,,0.025056859012693167,,,1,,,0.0,harmonic,torch_tm_flowpipe,2.9605024010869757e+38,,2.9605024010869753e+38,3.777893186295716e+22,order1_raw_dependency
,,complete_total_degree_1,,,dependency_raw,,,,,,,0.01,4.0,2.3745574209114434e+38,endpoint_tightened_supplemental,,,,True,,,,0.20000000000000007,native_low_order,,,,,0.025056859012693167,,,0,,,0.0,harmonic,torch_tm_flowpipe,2.3745574209114438e+38,,2.3745574209114434e+38,3.777893186295716e+22,order1_raw_dependency
,,complete_total_degree_1,,,dependency_raw,,,,,,,0.01,4.0,2.3745574209114434e+38,endpoint_tightened_supplemental,,,,True,,,,0.20000000000000007,native_low_order,,,,,0.025056859012693167,,,1,,,0.0,harmonic,torch_tm_flowpipe,2.3745574209114438e+38,,2.3745574209114434e+38,3.777893186295716e+22,order1_raw_dependency
,,complete_total_degree_1,,,dependency_tightened,,,,,,,0.01,4.0,30.029742985803562,tube,,,,True,,,,0.20000000000000007,native_low_order,,,,,0.025331576820462942,,,0,,,0.0,harmonic,torch_tm_flowpipe,30.229742985803565,,30.029742985803562,3.552713678800501e-15,order1_legacy_tightened
,,complete_total_degree_1,,,dependency_tightened,,,,,,,0.01,4.0,30.029742985803587,tube,,,,True,,,,0.20000000000000007,native_low_order,,,,,0.025331576820462942,,,1,,,0.0,harmonic,torch_tm_flowpipe,30.22974298580359,,30.029742985803587,3.552713678800501e-15,order1_legacy_tightened
,,complete_total_degree_1,,,dependency_tightened,,,,,,,0.01,4.0,30.029742985803562,endpoint_raw,,,,True,,,,0.20000000000000007,native_low_order,,,,,0.025331576820462942,,,0,,,0.0,harmonic,torch_tm_flowpipe,30.229742985803565,,30.029742985803562,3.552713678800501e-15,order1_legacy_tightened
,,complete_total_degree_1,,,dependency_tightened,,,,,,,0.01,4.0,30.029742985803587,endpoint_raw,,,,True,,,,0.20000000000000007,native_low_order,,,,,0.025331576820462942,,,1,,,0.0,harmonic,torch_tm_flowpipe,30.22974298580359,,30.029742985803587,3.552713678800501e-15,order1_legacy_tightened
,,complete_total_degree_1,,,dependency_tightened,,,,,,,0.01,4.0,24.086252270098473,endpoint_tightened_supplemental,,,,True,,,,0.20000000000000007,native_low_order,,,,,0.025331576820462942,,,0,,,0.0,harmonic,torch_tm_flowpipe,24.286252270098476,,24.086252270098473,3.552713678800501e-15,order1_legacy_tightened
,,complete_total_degree_1,,,dependency_tightened,,,,,,,0.01,4.0,24.08625227009849,endpoint_tightened_supplemental,,,,True,,,,0.20000000000000007,native_low_order,,,,,0.025331576820462942,,,1,,,0.0,harmonic,torch_tm_flowpipe,24.286252270098494,,24.08625227009849,3.552713678800501e-15,order1_legacy_tightened
,,complete_total_degree_1,,,range_only,,,,,,,0.01,4.0,0.3552693425127788,tube,,,,True,,,,28.421547400820266,native_low_order,,,,,0.02583425585180521,,,0,,,0.0,harmonic,torch_tm_flowpipe,28.776816743333047,,0.3552693425127788,1.8318679906315083e-15,order1_range_only
,,complete_total_degree_1,,,range_only,,,,,,,0.01,4.0,0.3552693425127788,tube,,,,True,,,,28.421547400820266,native_low_order,,,,,0.02583425585180521,,,1,,,0.0,harmonic,torch_tm_flowpipe,28.776816743333047,,0.3552693425127788,1.8318679906315083e-15,order1_range_only
,,complete_total_degree_1,,,range_only,,,,,,,0.01,4.0,0.3552693425127788,endpoint_raw,,,,True,,,,28.421547400820266,native_low_order,,,,,0.02583425585180521,,,0,,,0.0,harmonic,torch_tm_flowpipe,28.776816743333047,,0.3552693425127788,1.8318679906315083e-15,order1_range_only
,,complete_total_degree_1,,,range_only,,,,,,,0.01,4.0,0.3552693425127788,endpoint_raw,,,,True,,,,28.421547400820266,native_low_order,,,,,0.02583425585180521,,,1,,,0.0,harmonic,torch_tm_flowpipe,28.776816743333047,,0.3552693425127788,1.8318679906315083e-15,order1_range_only
,,complete_total_degree_1,,,range_only,,,,,,,0.01,4.0,0.2877681674353307,endpoint_tightened_supplemental,,,,True,,,,28.421547400820266,native_low_order,,,,,0.02583425585180521,,,0,,,0.0,harmonic,torch_tm_flowpipe,28.7093155682556,,0.2877681674353307,4.052314039881821e-15,order1_range_only
,,complete_total_degree_1,,,range_only,,,,,,,0.01,4.0,0.2877681674353307,endpoint_tightened_supplemental,,,,True,,,,28.421547400820266,native_low_order,,,,,0.02583425585180521,,,1,,,0.0,harmonic,torch_tm_flowpipe,28.7093155682556,,0.2877681674353307,4.052314039881821e-15,order1_range_only
,,complete_total_degree_2,,,dependency_raw,,,,,,,0.01,4.0,1.5344152046451343e+36,tube,,,,True,,,,0.2908513403450392,native_practical,,,,,0.05213089473545551,,,0,,,0.0,harmonic,torch_tm_flowpipe,1.5344152046451346e+36,,1.5344152046451343e+36,2.9514790517935283e+20,order2_raw_dependency
,,complete_total_degree_2,,,dependency_raw,,,,,,,0.01,4.0,1.534415204645135e+36,tube,,,,True,,,,0.2908513403450392,native_practical,,,,,0.05213089473545551,,,1,,,0.0,harmonic,torch_tm_flowpipe,1.5344152046451352e+36,,1.534415204645135e+36,2.9514790517935283e+20,order2_raw_dependency
,,complete_total_degree_2,,,dependency_raw,,,,,,,0.01,4.0,1.5344152046451343e+36,endpoint_raw,,,,True,,,,0.28779031952852946,native_practical,,,,,0.05213089473545551,,,0,,,0.0,harmonic,torch_tm_flowpipe,1.5344152046451346e+36,,1.5344152046451343e+36,2.9514790517935283e+20,order2_raw_dependency
,,complete_total_degree_2,,,dependency_raw,,,,,,,0.01,4.0,1.534415204645135e+36,endpoint_raw,,,,True,,,,0.28779031952852946,native_practical,,,,,0.05213089473545551,,,1,,,0.0,harmonic,torch_tm_flowpipe,1.5344152046451352e+36,,1.534415204645135e+36,2.9514790517935283e+20,order2_raw_dependency
,,complete_total_degree_2,,,dependency_raw,,,,,,,0.01,4.0,1.2307225319633889e+36,endpoint_tightened_supplemental,,,,True,,,,0.28779031952852946,native_practical,,,,,0.05213089473545551,,,0,,,0.0,harmonic,torch_tm_flowpipe,1.230722531963389e+36,,1.2307225319633889e+36,1.4757395258967641e+20,order2_raw_dependency
,,complete_total_degree_2,,,dependency_raw,,,,,,,0.01,4.0,1.2307225319633893e+36,endpoint_tightened_supplemental,,,,True,,,,0.28779031952852946,native_practical,,,,,0.05213089473545551,,,1,,,0.0,harmonic,torch_tm_flowpipe,1.2307225319633895e+36,,1.2307225319633893e+36,1.4757395258967641e+20,order2_raw_dependency
,,complete_total_degree_2,,,affine_reset,,,,,,,0.01,4.0,0.0006789859871213971,tube,,,,True,,,,10.972413511077763,native_practical,,,,,0.039978642016649246,,,0,,,0.0,harmonic,torch_tm_flowpipe,10.973092497064886,,0.0006789859871213971,2.2843055572097093e-15,order2_affine_reset
,,complete_total_degree_2,,,affine_reset,,,,,,,0.01,4.0,0.0006789859871213971,tube,,,,True,,,,10.972413511077763,native_practical,,,,,0.039978642016649246,,,1,,,0.0,harmonic,torch_tm_flowpipe,10.973092497064886,,0.0006789859871213971,2.2843055572097093e-15,order2_affine_reset
,,complete_total_degree_2,,,affine_reset,,,,,,,0.01,4.0,0.0006789859871213971,endpoint_raw,,,,True,,,,10.972413511077763,native_practical,,,,,0.039978642016649246,,,0,,,0.0,harmonic,torch_tm_flowpipe,10.973092497064886,,0.0006789859871213971,2.2843055572097093e-15,order2_affine_reset
,,complete_total_degree_2,,,affine_reset,,,,,,,0.01,4.0,0.0006789859871213971,endpoint_raw,,,,True,,,,10.972413511077763,native_practical,,,,,0.039978642016649246,,,1,,,0.0,harmonic,torch_tm_flowpipe,10.973092497064886,,0.0006789859871213971,2.2843055572097093e-15,order2_affine_reset
,,complete_total_degree_2,,,affine_reset,,,,,,,0.01,4.0,0.0005499786495483313,endpoint_tightened_supplemental,,,,True,,,,10.972413511077763,native_practical,,,,,0.039978642016649246,,,0,,,0.0,harmonic,torch_tm_flowpipe,10.972963489727313,,0.0005499786495483313,1.866670880368293e-15,order2_affine_reset
,,complete_total_degree_2,,,affine_reset,,,,,,,0.01,4.0,0.0005499786495483313,endpoint_tightened_supplemental,,,,True,,,,10.972413511077763,native_practical,,,,,0.039978642016649246,,,1,,,0.0,harmonic,torch_tm_flowpipe,10.972963489727313,,0.0005499786495483313,1.866670880368293e-15,order2_affine_reset
,,complete_total_degree_4,,,affine_reset,,,,,,,0.01,4.0,5.41442541798321e-09,tube,,,,True,,,,10.495278564801293,native_practical,,,,,0.06999962497502565,,,0,,,0.0,harmonic,torch_tm_flowpipe,10.49527857021572,,5.41442541798321e-09,2.5990644024805456e-15,order4_affine_reset
,,complete_total_degree_4,,,affine_reset,,,,,,,0.01,4.0,5.41442541798321e-09,tube,,,,True,,,,10.495278564801293,native_practical,,,,,0.06999962497502565,,,1,,,0.0,harmonic,torch_tm_flowpipe,10.49527857021572,,5.41442541798321e-09,2.5990644024805456e-15,order4_affine_reset
,,complete_total_degree_4,,,affine_reset,,,,,,,0.01,4.0,5.41442541798321e-09,endpoint_raw,,,,True,,,,10.494236016304768,native_practical,,,,,0.06999962497502565,,,0,,,0.0,harmonic,torch_tm_flowpipe,10.494236021719196,,5.41442541798321e-09,2.5990644024805456e-15,order4_affine_reset
,,complete_total_degree_4,,,affine_reset,,,,,,,0.01,4.0,5.41442541798321e-09,endpoint_raw,,,,True,,,,10.494236016304768,native_practical,,,,,0.06999962497502565,,,1,,,0.0,harmonic,torch_tm_flowpipe,10.494236021719196,,5.41442541798321e-09,2.5990644024805456e-15,order4_affine_reset
,,complete_total_degree_4,,,affine_reset,,,,,,,0.01,4.0,4.385664588566396e-09,endpoint_tightened_supplemental,,,,True,,,,10.494236016304768,native_practical,,,,,0.06999962497502565,,,0,,,0.0,harmonic,torch_tm_flowpipe,10.494236020690435,,4.385664588566396e-09,2.3521541155490017e-15,order4_affine_reset
,,complete_total_degree_4,,,affine_reset,,,,,,,0.01,4.0,4.385664588566397e-09,endpoint_tightened_supplemental,,,,True,,,,10.494236016304768,native_practical,,,,,0.06999962497502565,,,1,,,0.0,harmonic,torch_tm_flowpipe,10.494236020690435,,4.385664588566397e-09,2.352154114721821e-15,order4_affine_reset
,,complete_total_degree_4,,,qr_reset,,,,,,,0.01,4.0,1.4954660645999248e-10,tube,,,,True,,,,0.2851184603683516,native_practical,,,,,0.11802750593051314,,,0,,,0.0,harmonic,torch_tm_flowpipe,0.28511846051789824,,1.4954660645999248e-10,4.6378957482579946e-17,order4_qr_reset
,,complete_total_degree_4,,,qr_reset,,,,,,,0.01,4.0,1.4954660645999254e-10,tube,,,,True,,,,0.2851184603683517,native_practical,,,,,0.11802750593051314,,,1,,,0.0,harmonic,torch_tm_flowpipe,0.28511846051789835,,1.4954660645999254e-10,4.637895743088116e-17,order4_qr_reset
,,complete_total_degree_4,,,qr_reset,,,,,,,0.01,4.0,1.4954660645999248e-10,endpoint_raw,,,,True,,,,0.2820892742802978,native_practical,,,,,0.11802750593051314,,,0,,,0.0,harmonic,torch_tm_flowpipe,0.28208927442984444,,1.4954660645999248e-10,4.6378957482579946e-17,order4_qr_reset
,,complete_total_degree_4,,,qr_reset,,,,,,,0.01,4.0,1.4954660645999254e-10,endpoint_raw,,,,True,,,,0.2820892742802979,native_practical,,,,,0.11802750593051314,,,1,,,0.0,harmonic,torch_tm_flowpipe,0.28208927442984455,,1.4954660645999254e-10,4.637895743088116e-17,order4_qr_reset
,,complete_total_degree_4,,,qr_reset,,,,,,,0.01,4.0,1.2111275123259383e-10,endpoint_tightened_supplemental,,,,True,,,,0.2820892742802978,native_practical,,,,,0.11802750593051314,,,0,,,0.0,harmonic,torch_tm_flowpipe,0.2820892744014106,,1.2111275123259383e-10,3.523383248285498e-17,order4_qr_reset
,,complete_total_degree_4,,,qr_reset,,,,,,,0.01,4.0,1.211127512325939e-10,endpoint_tightened_supplemental,,,,True,,,,0.2820892742802979,native_practical,,,,,0.11802750593051314,,,1,,,0.0,harmonic,torch_tm_flowpipe,0.2820892744014107,,1.211127512325939e-10,3.5233832405306796e-17,order4_qr_reset
,,complete_total_degree_6,,,affine_reset,,,,,,,0.01,4.0,2.5430396673235105e-12,tube,,,,True,,,,10.495278140689425,native_practical,,,,,0.11357828509062529,,,0,,,0.0,harmonic,torch_tm_flowpipe,10.49527814069197,,2.5430396673235105e-12,2.4796835370483943e-15,order6_affine_reset
,,complete_total_degree_6,,,affine_reset,,,,,,,0.01,4.0,2.5430396673235105e-12,tube,,,,True,,,,10.495278140689425,native_practical,,,,,0.11357828509062529,,,1,,,0.0,harmonic,torch_tm_flowpipe,10.49527814069197,,2.5430396673235105e-12,2.4796835370483943e-15,order6_affine_reset
,,complete_total_degree_6,,,affine_reset,,,,,,,0.01,4.0,2.5430396673235105e-12,endpoint_raw,,,,True,,,,10.494235592235457,native_practical,,,,,0.11357828509062529,,,0,,,0.0,harmonic,torch_tm_flowpipe,10.494235592238002,,2.5430396673235105e-12,2.4796835370483943e-15,order6_affine_reset
,,complete_total_degree_6,,,affine_reset,,,,,,,0.01,4.0,2.5430396673235105e-12,endpoint_raw,,,,True,,,,10.494235592235457,native_practical,,,,,0.11357828509062529,,,1,,,0.0,harmonic,torch_tm_flowpipe,10.494235592238002,,2.5430396673235105e-12,2.4796835370483943e-15,order6_affine_reset
,,complete_total_degree_6,,,affine_reset,,,,,,,0.01,4.0,2.0398621305320427e-12,endpoint_tightened_supplemental,,,,True,,,,10.494235592235457,native_practical,,,,,0.11357828509062529,,,0,,,0.0,harmonic,torch_tm_flowpipe,10.494235592237498,,2.0398621305320427e-12,1.1718779388450406e-15,order6_affine_reset
,,complete_total_degree_6,,,affine_reset,,,,,,,0.01,4.0,2.0398621305320427e-12,endpoint_tightened_supplemental,,,,True,,,,10.494235592235457,native_practical,,,,,0.11357828509062529,,,1,,,0.0,harmonic,torch_tm_flowpipe,10.494235592237498,,2.0398621305320427e-12,1.1718779388450406e-15,order6_affine_reset
,,complete_total_degree_1,,,dependency_raw,,,,,,,0.005,0.25,47.98945238922333,tube,,,,True,,,,0.04000000000000005,native_low_order,,,,,0.039962262846529484,,,0,,,0.0,coupled_quadratic,torch_tm_flowpipe,48.02945238922334,,47.98945238922333,7.105427357601002e-15,order1_raw_dependency
,,complete_total_degree_1,,,dependency_raw,,,,,,,0.005,0.25,137.50302216404648,tube,,,,True,,,,0.04000000000000012,native_low_order,,,,,0.039962262846529484,,,1,,,0.0,coupled_quadratic,torch_tm_flowpipe,137.5430221640465,,137.50302216404648,2.842170943040401e-14,order1_raw_dependency
,,complete_total_degree_1,,,dependency_raw,,,,,,,0.005,0.25,47.98945238922333,endpoint_raw,,,,True,,,,0.04000000000000005,native_low_order,,,,,0.039962262846529484,,,0,,,0.0,coupled_quadratic,torch_tm_flowpipe,48.02945238922334,,47.98945238922333,7.105427357601002e-15,order1_raw_dependency
,,complete_total_degree_1,,,dependency_raw,,,,,,,0.005,0.25,137.50302216404648,endpoint_raw,,,,True,,,,0.04000000000000012,native_low_order,,,,,0.039962262846529484,,,1,,,0.0,coupled_quadratic,torch_tm_flowpipe,137.5430221640465,,137.50302216404648,2.842170943040401e-14,order1_raw_dependency
,,complete_total_degree_1,,,dependency_raw,,,,,,,0.005,0.25,46.837796681212645,endpoint_tightened_supplemental,,,,True,,,,0.04000000000000005,native_low_order,,,,,0.039962262846529484,,,0,,,0.0,coupled_quadratic,torch_tm_flowpipe,46.87779668121266,,46.837796681212645,1.4210854715202004e-14,order1_raw_dependency
,,complete_total_degree_1,,,dependency_raw,,,,,,,0.005,0.25,113.65189776152839,endpoint_tightened_supplemental,,,,True,,,,0.04000000000000012,native_low_order,,,,,0.039962262846529484,,,1,,,0.0,coupled_quadratic,torch_tm_flowpipe,113.6918977615284,,113.65189776152839,0.0,order1_raw_dependency
,,complete_total_degree_1,,,dependency_tightened,,,,,,,0.005,0.25,0.00810144505202846,tube,,,,True,,,,0.04000000000000005,native_low_order,,,,,0.037153888028115034,,,0,,,0.0,coupled_quadratic,torch_tm_flowpipe,0.04810144505202854,,0.00810144505202846,3.122502256758253e-17,order1_legacy_tightened
,,complete_total_degree_1,,,dependency_tightened,,,,,,,0.005,0.25,0.02755913690932691,tube,,,,True,,,,0.04000000000000012,native_low_order,,,,,0.037153888028115034,,,1,,,0.0,coupled_quadratic,torch_tm_flowpipe,0.06755913690932709,,0.02755913690932691,6.245004513516506e-17,order1_legacy_tightened
,,complete_total_degree_1,,,dependency_tightened,,,,,,,0.005,0.25,0.00810144505202846,endpoint_raw,,,,True,,,,0.04000000000000005,native_low_order,,,,,0.037153888028115034,,,0,,,0.0,coupled_quadratic,torch_tm_flowpipe,0.04810144505202854,,0.00810144505202846,3.122502256758253e-17,order1_legacy_tightened
,,complete_total_degree_1,,,dependency_tightened,,,,,,,0.005,0.25,0.02755913690932691,endpoint_raw,,,,True,,,,0.04000000000000012,native_low_order,,,,,0.037153888028115034,,,1,,,0.0,coupled_quadratic,torch_tm_flowpipe,0.06755913690932709,,0.02755913690932691,6.245004513516506e-17,order1_legacy_tightened
,,complete_total_degree_1,,,dependency_tightened,,,,,,,0.005,0.25,0.006483661487903694,endpoint_tightened_supplemental,,,,True,,,,0.04000000000000005,native_low_order,,,,,0.037153888028115034,,,0,,,0.0,coupled_quadratic,torch_tm_flowpipe,0.04648366148790378,,0.006483661487903694,3.903127820947816e-17,order1_legacy_tightened
,,complete_total_degree_1,,,dependency_tightened,,,,,,,0.005,0.25,0.02116777592791263,endpoint_tightened_supplemental,,,,True,,,,0.04000000000000012,native_low_order,,,,,0.037153888028115034,,,1,,,0.0,coupled_quadratic,torch_tm_flowpipe,0.06116777592791278,,0.02116777592791263,3.469446951953614e-17,order1_legacy_tightened
,,complete_total_degree_1,,,range_only,,,,,,,0.005,0.25,0.0001844423270134043,tube,,,,True,,,,0.04853960418955909,native_low_order,,,,,0.037452172953635454,,,0,,,0.0,coupled_quadratic,torch_tm_flowpipe,0.04872404651657253,,0.0001844423270134043,3.279711571768651e-17,order1_range_only
,,complete_total_degree_1,,,range_only,,,,,,,0.005,0.25,0.0015464008783582543,tube,,,,True,,,,0.11370816973677601,native_low_order,,,,,0.037452172953635454,,,1,,,0.0,coupled_quadratic,torch_tm_flowpipe,0.1152545706151343,,0.0015464008783582543,3.7947076036992655e-17,order1_range_only
,,complete_total_degree_1,,,range_only,,,,,,,0.005,0.25,0.0001844423270134043,endpoint_raw,,,,True,,,,0.04853960418955909,native_low_order,,,,,0.037452172953635454,,,0,,,0.0,coupled_quadratic,torch_tm_flowpipe,0.04872404651657253,,0.0001844423270134043,3.279711571768651e-17,order1_range_only
,,complete_total_degree_1,,,range_only,,,,,,,0.005,0.25,0.0015464008783582543,endpoint_raw,,,,True,,,,0.11370816973677601,native_low_order,,,,,0.037452172953635454,,,1,,,0.0,coupled_quadratic,torch_tm_flowpipe,0.1152545706151343,,0.0015464008783582543,3.7947076036992655e-17,order1_range_only
,,complete_total_degree_1,,,range_only,,,,,,,0.005,0.25,0.00014789665550660476,endpoint_tightened_supplemental,,,,True,,,,0.04853960418955909,native_low_order,,,,,0.037452172953635454,,,0,,,0.0,coupled_quadratic,torch_tm_flowpipe,0.048687500845065734,,0.00014789665550660476,3.878733272066892e-17,order1_range_only
,,complete_total_degree_1,,,range_only,,,,,,,0.005,0.25,0.0006568222755651237,endpoint_tightened_supplemental,,,,True,,,,0.11370816973677601,native_low_order,,,,,0.037452172953635454,,,1,,,0.0,coupled_quadratic,torch_tm_flowpipe,0.11436499201234117,,0.0006568222755651237,3.165870343657673e-17,order1_range_only
,,complete_total_degree_2,,,dependency_raw,,,,,,,0.005,0.25,76.61073066812796,tube,,,,True,,,,0.04000000000000005,native_practical,,,,,0.054233869072049856,,,0,,,0.0,coupled_quadratic,torch_tm_flowpipe,76.65073066812798,,76.61073066812796,1.4210854715202004e-14,order2_raw_dependency
,,complete_total_degree_2,,,dependency_raw,,,,,,,0.005,0.25,70.28105506829759,tube,,,,True,,,,0.03214939306082548,native_practical,,,,,0.054233869072049856,,,1,,,0.0,coupled_quadratic,torch_tm_flowpipe,70.31320446135842,,70.28105506829759,1.4210854715202004e-14,order2_raw_dependency
,,complete_total_degree_2,,,dependency_raw,,,,,,,0.005,0.25,76.61073066812796,endpoint_raw,,,,True,,,,0.04000000000000005,native_practical,,,,,0.054233869072049856,,,0,,,0.0,coupled_quadratic,torch_tm_flowpipe,76.65073066812798,,76.61073066812796,1.4210854715202004e-14,order2_raw_dependency
,,complete_total_degree_2,,,dependency_raw,,,,,,,0.005,0.25,70.28105506829759,endpoint_raw,,,,True,,,,0.031132502282745805,native_practical,,,,,0.054233869072049856,,,1,,,0.0,coupled_quadratic,torch_tm_flowpipe,70.31218757058035,,70.28105506829759,1.4210854715202004e-14,order2_raw_dependency
,,complete_total_degree_2,,,dependency_raw,,,,,,,0.005,0.25,68.16694686692789,endpoint_tightened_supplemental,,,,True,,,,0.04000000000000005,native_practical,,,,,0.054233869072049856,,,0,,,0.0,coupled_quadratic,torch_tm_flowpipe,68.2069468669279,,68.16694686692789,0.0,order2_raw_dependency
,,complete_total_degree_2,,,dependency_raw,,,,,,,0.005,0.25,63.58196435193716,endpoint_tightened_supplemental,,,,True,,,,0.031132502282745805,native_practical,,,,,0.054233869072049856,,,1,,,0.0,coupled_quadratic,torch_tm_flowpipe,63.61309685421992,,63.58196435193716,1.4210854715202004e-14,order2_raw_dependency
,,complete_total_degree_2,,,affine_reset,,,,,,,0.005,0.25,4.59855611377689e-06,tube,,,,True,,,,0.04310563606412307,native_practical,,,,,0.1396043631248176,,,0,,,0.0,coupled_quadratic,torch_tm_flowpipe,0.04311023462023687,,4.59855611377689e-06,2.544232863667742e-17,order2_affine_reset
,,complete_total_degree_2,,,affine_reset,,,,,,,0.005,0.25,3.5257028028223993e-06,tube,,,,True,,,,0.034242031518070926,native_practical,,,,,0.1396043631248176,,,1,,,0.0,coupled_quadratic,torch_tm_flowpipe,0.0342455572208738,,3.5257028028223993e-06,5.3274984250506474e-17,order2_affine_reset
,,complete_total_degree_2,,,affine_reset,,,,,,,0.005,0.25,4.59855611377689e-06,endpoint_raw,,,,True,,,,0.04302248992291746,native_practical,,,,,0.1396043631248176,,,0,,,0.0,coupled_quadratic,torch_tm_flowpipe,0.043027088479031264,,4.59855611377689e-06,2.544232863667742e-17,order2_affine_reset
,,complete_total_degree_2,,,affine_reset,,,,,,,0.005,0.25,3.5257028028223993e-06,endpoint_raw,,,,True,,,,0.03316748651331841,native_practical,,,,,0.1396043631248176,,,1,,,0.0,coupled_quadratic,torch_tm_flowpipe,0.03317101221612129,,3.5257028028223993e-06,5.3274984250506474e-17,order2_affine_reset
,,complete_total_degree_2,,,affine_reset,,,,,,,0.005,0.25,3.6849204677034404e-06,endpoint_tightened_supplemental,,,,True,,,,0.04302248992291746,native_practical,,,,,0.1396043631248176,,,0,,,0.0,coupled_quadratic,torch_tm_flowpipe,0.04302617484338522,,3.6849204677034404e-06,5.792519513093258e-17,order2_affine_reset
,,complete_total_degree_2,,,affine_reset,,,,,,,0.005,0.25,2.840789117948182e-06,endpoint_tightened_supplemental,,,,True,,,,0.03316748651331841,native_practical,,,,,0.1396043631248176,,,1,,,0.0,coupled_quadratic,torch_tm_flowpipe,0.03317032730243641,,2.840789117948182e-06,4.894029314293259e-17,order2_affine_reset
,,complete_total_degree_4,,,affine_reset,,,,,,,0.005,0.25,5.095005845044317e-10,tube,,,,True,,,,0.043049663178953396,native_practical,,,,,0.5609319182112813,,,0,,,0.0,coupled_quadratic,torch_tm_flowpipe,0.04304966368845403,,5.095005845044317e-10,5.162110547849269e-17,order4_affine_reset
,,complete_total_degree_4,,,affine_reset,,,,,,,0.005,0.25,5.026400886058355e-10,tube,,,,True,,,,0.034207171938438724,native_practical,,,,,0.5609319182112813,,,1,,,0.0,coupled_quadratic,torch_tm_flowpipe,0.034207172441078876,,5.026400886058355e-10,6.311690863242826e-17,order4_affine_reset
,,complete_total_degree_4,,,affine_reset,,,,,,,0.005,0.25,5.095005845044317e-10,endpoint_raw,,,,True,,,,0.04296633738400074,native_practical,,,,,0.5609319182112813,,,0,,,0.0,coupled_quadratic,torch_tm_flowpipe,0.04296633789350138,,5.095005845044317e-10,5.162110547849269e-17,order4_affine_reset
,,complete_total_degree_4,,,affine_reset,,,,,,,0.005,0.25,5.026400886058355e-10,endpoint_raw,,,,True,,,,0.033132837273941756,native_practical,,,,,0.5609319182112813,,,1,,,0.0,coupled_quadratic,torch_tm_flowpipe,0.03313283777658191,,5.026400886058355e-10,6.311690863242826e-17,order4_affine_reset
,,complete_total_degree_4,,,affine_reset,,,,,,,0.005,0.25,4.0836126661643657e-10,endpoint_tightened_supplemental,,,,True,,,,0.04296633738400074,native_practical,,,,,0.5609319182112813,,,0,,,0.0,coupled_quadratic,torch_tm_flowpipe,0.04296633779236206,,4.0836126661643657e-10,5.036719319297031e-17,order4_affine_reset
,,complete_total_degree_4,,,affine_reset,,,,,,,0.005,0.25,4.052509524639033e-10,endpoint_tightened_supplemental,,,,True,,,,0.033132837273941756,native_practical,,,,,0.5609319182112813,,,1,,,0.0,coupled_quadratic,torch_tm_flowpipe,0.033132837679192756,,4.052509524639033e-10,4.6960663459563854e-17,order4_affine_reset
,,complete_total_degree_4,,,qr_reset,,,,,,,0.005,0.25,5.402160415039903e-10,tube,,,,True,,,,0.04578521430358633,native_practical,,,,,0.7036791881546378,,,0,,,0.0,coupled_quadratic,torch_tm_flowpipe,0.04578521484380242,,5.402160415039903e-10,5.2576402099064615e-17,order4_qr_reset
,,complete_total_degree_4,,,qr_reset,,,,,,,0.005,0.25,5.62991359327418e-10,tube,,,,True,,,,0.03420982217172225,native_practical,,,,,0.7036791881546378,,,1,,,0.0,coupled_quadratic,torch_tm_flowpipe,0.03420982273471365,,5.62991359327418e-10,4.416916417338287e-17,order4_qr_reset
,,complete_total_degree_4,,,qr_reset,,,,,,,0.005,0.25,5.402160415039903e-10,endpoint_raw,,,,True,,,,0.04567136889911816,native_practical,,,,,0.7036791881546378,,,0,,,0.0,coupled_quadratic,torch_tm_flowpipe,0.04567136943933425,,5.402160415039903e-10,5.2576402099064615e-17,order4_qr_reset
,,complete_total_degree_4,,,qr_reset,,,,,,,0.005,0.25,5.62991359327418e-10,endpoint_raw,,,,True,,,,0.03315178280517614,native_practical,,,,,0.7036791881546378,,,1,,,0.0,coupled_quadratic,torch_tm_flowpipe,0.03315178336816754,,5.62991359327418e-10,4.416916417338287e-17,order4_qr_reset
,,complete_total_degree_4,,,qr_reset,,,,,,,0.005,0.25,4.3300248033798924e-10,endpoint_tightened_supplemental,,,,True,,,,0.04567136889911816,native_practical,,,,,0.7036791881546378,,,0,,,0.0,coupled_quadratic,torch_tm_flowpipe,0.04567136933212068,,4.3300248033798924e-10,4.238816655957862e-17,order4_qr_reset
,,complete_total_degree_4,,,qr_reset,,,,,,,0.005,0.25,4.5387980295573246e-10,endpoint_tightened_supplemental,,,,True,,,,0.03315178280517614,native_practical,,,,,0.7036791881546378,,,1,,,0.0,coupled_quadratic,torch_tm_flowpipe,0.03315178325905599,,4.5387980295573246e-10,4.7414865180290637e-17,order4_qr_reset
,,complete_total_degree_6,,,affine_reset,,,,,,,0.005,0.25,2.5559390589822133e-12,tube,,,,True,,,,0.04304965798943357,native_practical,,,,,1.7295019370503724,,,0,,,0.0,coupled_quadratic,torch_tm_flowpipe,0.04304965799198955,,2.5559390589822133e-12,4.4143885437735814e-17,order6_affine_reset
,,complete_total_degree_6,,,affine_reset,,,,,,,0.005,0.25,2.543093119138068e-12,tube,,,,True,,,,0.03420716690176881,native_practical,,,,,1.7295019370503724,,,1,,,0.0,coupled_quadratic,torch_tm_flowpipe,0.03420716690431197,,2.543093119138068e-12,6.700779516258727e-17,order6_affine_reset
,,complete_total_degree_6,,,affine_reset,,,,,,,0.005,0.25,2.5559390589822133e-12,endpoint_raw,,,,True,,,,0.04296633218875466,native_practical,,,,,1.7295019370503724,,,0,,,0.0,coupled_quadratic,torch_tm_flowpipe,0.042966332191310644,,2.5559390589822133e-12,4.4143885437735814e-17,order6_affine_reset
,,complete_total_degree_6,,,affine_reset,,,,,,,0.005,0.25,2.543093119138068e-12,endpoint_raw,,,,True,,,,0.03313283227243194,native_practical,,,,,1.7295019370503724,,,1,,,0.0,coupled_quadratic,torch_tm_flowpipe,0.0331328322749751,,2.543093119138068e-12,6.700779516258727e-17,order6_affine_reset
,,complete_total_degree_6,,,affine_reset,,,,,,,0.005,0.25,2.0455816205924432e-12,endpoint_tightened_supplemental,,,,True,,,,0.04296633218875466,native_practical,,,,,1.7295019370503724,,,0,,,0.0,coupled_quadratic,torch_tm_flowpipe,0.042966332190800274,,2.0455816205924432e-12,3.2057855023341175e-17,order6_affine_reset
,,complete_total_degree_6,,,affine_reset,,,,,,,0.005,0.25,2.0378906558957988e-12,endpoint_tightened_supplemental,,,,True,,,,0.03313283227243194,native_practical,,,,,1.7295019370503724,,,1,,,0.0,coupled_quadratic,torch_tm_flowpipe,0.03313283227446989,,2.0378906558957988e-12,6.248368175420844e-17,order6_affine_reset
,,complete_total_degree_1,,,dependency_raw,,,,,,,0.01,0.25,0.4426849448664701,tube,,,,True,,,,0.04000000000000005,native_low_order,,,,,0.038168440107256174,,,0,,,0.0,coupled_quadratic,torch_tm_flowpipe,0.4826849448664702,,0.4426849448664701,5.551115123125783e-17,order1_raw_dependency
,,complete_total_degree_1,,,dependency_raw,,,,,,,0.01,0.25,3.754875773050276,tube,,,,True,,,,0.04000000000000012,native_low_order,,,,,0.038168440107256174,,,1,,,0.0,coupled_quadratic,torch_tm_flowpipe,3.794875773050277,,3.754875773050276,8.881784197001252e-16,order1_raw_dependency
,,complete_total_degree_1,,,dependency_raw,,,,,,,0.01,0.25,0.4426849448664701,endpoint_raw,,,,True,,,,0.04000000000000005,native_low_order,,,,,0.038168440107256174,,,0,,,0.0,coupled_quadratic,torch_tm_flowpipe,0.4826849448664702,,0.4426849448664701,5.551115123125783e-17,order1_raw_dependency
,,complete_total_degree_1,,,dependency_raw,,,,,,,0.01,0.25,3.754875773050276,endpoint_raw,,,,True,,,,0.04000000000000012,native_low_order,,,,,0.038168440107256174,,,1,,,0.0,coupled_quadratic,torch_tm_flowpipe,3.794875773050277,,3.754875773050276,8.881784197001252e-16,order1_raw_dependency
,,complete_total_degree_1,,,dependency_raw,,,,,,,0.01,0.25,0.35853657845086584,endpoint_tightened_supplemental,,,,True,,,,0.04000000000000005,native_low_order,,,,,0.038168440107256174,,,0,,,0.0,coupled_quadratic,torch_tm_flowpipe,0.39853657845086593,,0.35853657845086584,5.551115123125783e-17,order1_raw_dependency
,,complete_total_degree_1,,,dependency_raw,,,,,,,0.01,0.25,3.010571322164627,endpoint_tightened_supplemental,,,,True,,,,0.04000000000000012,native_low_order,,,,,0.038168440107256174,,,1,,,0.0,coupled_quadratic,torch_tm_flowpipe,3.050571322164628,,3.010571322164627,8.881784197001252e-16,order1_raw_dependency
,,complete_total_degree_1,,,dependency_tightened,,,,,,,0.01,0.25,0.008122906849369055,tube,,,,True,,,,0.04000000000000005,native_low_order,,,,,0.03827200876548886,,,0,,,0.0,coupled_quadratic,torch_tm_flowpipe,0.04812290684936915,,0.008122906849369055,4.683753385137379e-17,order1_legacy_tightened
,,complete_total_degree_1,,,dependency_tightened,,,,,,,0.01,0.25,0.028867081507261493,tube,,,,True,,,,0.04000000000000012,native_low_order,,,,,0.03827200876548886,,,1,,,0.0,coupled_quadratic,torch_tm_flowpipe,0.06886708150726166,,0.028867081507261493,4.85722573273506e-17,order1_legacy_tightened
,,complete_total_degree_1,,,dependency_tightened,,,,,,,0.01,0.25,0.008122906849369055,endpoint_raw,,,,True,,,,0.04000000000000005,native_low_order,,,,,0.03827200876548886,,,0,,,0.0,coupled_quadratic,torch_tm_flowpipe,0.04812290684936915,,0.008122906849369055,4.683753385137379e-17,order1_legacy_tightened
,,complete_total_degree_1,,,dependency_tightened,,,,,,,0.01,0.25,0.028867081507261493,endpoint_raw,,,,True,,,,0.04000000000000012,native_low_order,,,,,0.03827200876548886,,,1,,,0.0,coupled_quadratic,torch_tm_flowpipe,0.06886708150726166,,0.028867081507261493,4.85722573273506e-17,order1_legacy_tightened
,,complete_total_degree_1,,,dependency_tightened,,,,,,,0.01,0.25,0.00650399566849305,endpoint_tightened_supplemental,,,,True,,,,0.04000000000000005,native_low_order,,,,,0.03827200876548886,,,0,,,0.0,coupled_quadratic,torch_tm_flowpipe,0.04650399566849314,,0.00650399566849305,4.2500725161431774e-17,order1_legacy_tightened
,,complete_total_degree_1,,,dependency_tightened,,,,,,,0.01,0.25,0.021347230031125812,endpoint_tightened_supplemental,,,,True,,,,0.04000000000000012,native_low_order,,,,,0.03827200876548886,,,1,,,0.0,coupled_quadratic,torch_tm_flowpipe,0.06134723003112598,,0.021347230031125812,4.85722573273506e-17,order1_legacy_tightened
,,complete_total_degree_1,,,range_only,,,,,,,0.01,0.25,0.0003679901950492423,tube,,,,True,,,,0.04834566060788653,native_low_order,,,,,0.03838553186506033,,,0,,,0.0,coupled_quadratic,torch_tm_flowpipe,0.048713650802935826,,0.0003679901950492423,5.2475385148298415e-17,order1_range_only
,,complete_total_degree_1,,,range_only,,,,,,,0.01,0.25,0.003089184958671348,tube,,,,True,,,,0.11212215759962033,native_low_order,,,,,0.03838553186506033,,,1,,,0.0,coupled_quadratic,torch_tm_flowpipe,0.11521134255829171,,0.003089184958671348,3.903127820947816e-17,order1_range_only
,,complete_total_degree_1,,,range_only,,,,,,,0.01,0.25,0.0003679901950492423,endpoint_raw,,,,True,,,,0.04834566060788653,native_low_order,,,,,0.03838553186506033,,,0,,,0.0,coupled_quadratic,torch_tm_flowpipe,0.048713650802935826,,0.0003679901950492423,5.2475385148298415e-17,order1_range_only
,,complete_total_degree_1,,,range_only,,,,,,,0.01,0.25,0.003089184958671348,endpoint_raw,,,,True,,,,0.11212215759962033,native_low_order,,,,,0.03838553186506033,,,1,,,0.0,coupled_quadratic,torch_tm_flowpipe,0.11521134255829171,,0.003089184958671348,3.903127820947816e-17,order1_range_only
,,complete_total_degree_1,,,range_only,,,,,,,0.01,0.25,0.0002957595842879427,endpoint_tightened_supplemental,,,,True,,,,0.04834566060788653,native_low_order,,,,,0.03838553186506033,,,0,,,0.0,coupled_quadratic,torch_tm_flowpipe,0.04864142019217453,,0.0002957595842879427,5.681219383824043e-17,order1_range_only
,,complete_total_degree_1,,,range_only,,,,,,,0.01,0.25,0.001310834834766846,endpoint_tightened_supplemental,,,,True,,,,0.11212215759962033,native_low_order,,,,,0.03838553186506033,,,1,,,0.0,coupled_quadratic,torch_tm_flowpipe,0.11343299243438722,,0.001310834834766846,4.5319650809894085e-17,order1_range_only
,,complete_total_degree_2,,,dependency_raw,,,,,,,0.01,0.25,0.35931877137359586,tube,,,,True,,,,0.04000000000000005,native_practical,,,,,0.053899826016277075,,,0,,,0.0,coupled_quadratic,torch_tm_flowpipe,0.399318771373596,,0.35931877137359586,1.1102230246251565e-16,order2_raw_dependency
,,complete_total_degree_2,,,dependency_raw,,,,,,,0.01,0.25,0.27054615858830094,tube,,,,True,,,,0.033155617542064836,native_practical,,,,,0.053899826016277075,,,1,,,0.0,coupled_quadratic,torch_tm_flowpipe,0.30370177613036586,,0.27054615858830094,5.551115123125783e-17,order2_raw_dependency
,,complete_total_degree_2,,,dependency_raw,,,,,,,0.01,0.25,0.35931877137359586,endpoint_raw,,,,True,,,,0.04000000000000005,native_practical,,,,,0.053899826016277075,,,0,,,0.0,coupled_quadratic,torch_tm_flowpipe,0.399318771373596,,0.35931877137359586,1.1102230246251565e-16,order2_raw_dependency
,,complete_total_degree_2,,,dependency_raw,,,,,,,0.01,0.25,0.27054615858830094,endpoint_raw,,,,True,,,,0.031112854375966004,native_practical,,,,,0.053899826016277075,,,1,,,0.0,coupled_quadratic,torch_tm_flowpipe,0.301659012964267,,0.27054615858830094,5.551115123125783e-17,order2_raw_dependency
,,complete_total_degree_2,,,dependency_raw,,,,,,,0.01,0.25,0.2877204636190962,endpoint_tightened_supplemental,,,,True,,,,0.04000000000000005,native_practical,,,,,0.053899826016277075,,,0,,,0.0,coupled_quadratic,torch_tm_flowpipe,0.3277204636190963,,0.2877204636190962,5.551115123125783e-17,order2_raw_dependency
,,complete_total_degree_2,,,dependency_raw,,,,,,,0.01,0.25,0.21735491487291447,endpoint_tightened_supplemental,,,,True,,,,0.031112854375966004,native_practical,,,,,0.053899826016277075,,,1,,,0.0,coupled_quadratic,torch_tm_flowpipe,0.24846776924888053,,0.21735491487291447,5.551115123125783e-17,order2_raw_dependency
,,complete_total_degree_2,,,affine_reset,,,,,,,0.01,0.25,9.48471765305569e-06,tube,,,,True,,,,0.04319686746438797,native_practical,,,,,0.13715701224282384,,,0,,,0.0,coupled_quadratic,torch_tm_flowpipe,0.04320635218204108,,9.48471765305569e-06,5.1965471314051326e-17,order2_affine_reset
,,complete_total_degree_2,,,affine_reset,,,,,,,0.01,0.25,8.343816429001893e-06,tube,,,,True,,,,0.035339310527630674,native_practical,,,,,0.13715701224282384,,,1,,,0.0,coupled_quadratic,torch_tm_flowpipe,0.03534765434405973,,8.343816429001893e-06,5.5345132773595984e-17,order2_affine_reset
,,complete_total_degree_2,,,affine_reset,,,,,,,0.01,0.25,9.48471765305569e-06,endpoint_raw,,,,True,,,,0.043029611077858215,native_practical,,,,,0.13715701224282384,,,0,,,0.0,coupled_quadratic,torch_tm_flowpipe,0.04303909579551132,,9.48471765305569e-06,5.1965471314051326e-17,order2_affine_reset
,,complete_total_degree_2,,,affine_reset,,,,,,,0.01,0.25,8.343816429001893e-06,endpoint_raw,,,,True,,,,0.033176179709582476,native_practical,,,,,0.13715701224282384,,,1,,,0.0,coupled_quadratic,torch_tm_flowpipe,0.03318452352601153,,8.343816429001893e-06,5.5345132773595984e-17,order2_affine_reset
,,complete_total_degree_2,,,affine_reset,,,,,,,0.01,0.25,7.613558223518282e-06,endpoint_tightened_supplemental,,,,True,,,,0.043029611077858215,native_practical,,,,,0.13715701224282384,,,0,,,0.0,coupled_quadratic,torch_tm_flowpipe,0.04303722463608177,,7.613558223518282e-06,3.5969254105153864e-17,order2_affine_reset
,,complete_total_degree_2,,,affine_reset,,,,,,,0.01,0.25,6.756686653127423e-06,endpoint_tightened_supplemental,,,,True,,,,0.033176179709582476,native_practical,,,,,0.13715701224282384,,,1,,,0.0,coupled_quadratic,torch_tm_flowpipe,0.03318293639623565,,6.756686653127423e-06,4.799119272553415e-17,order2_affine_reset
,,complete_total_degree_4,,,affine_reset,,,,,,,0.01,0.25,2.0834446604213034e-09,tube,,,,True,,,,0.04313424336576496,native_practical,,,,,0.5766601557843387,,,0,,,0.0,coupled_quadratic,torch_tm_flowpipe,0.04313424544920967,,2.0834446604213034e-09,4.800150684059207e-17,order4_affine_reset
,,complete_total_degree_4,,,affine_reset,,,,,,,0.01,0.25,2.101915662843192e-09,tube,,,,True,,,,0.035295702181212196,native_practical,,,,,0.5766601557843387,,,1,,,0.0,coupled_quadratic,torch_tm_flowpipe,0.03529570428312792,,2.101915662843192e-09,6.196269968316056e-17,order4_affine_reset
,,complete_total_degree_4,,,affine_reset,,,,,,,0.01,0.25,2.0834446604213034e-09,endpoint_raw,,,,True,,,,0.04296626571869348,native_practical,,,,,0.5766601557843387,,,0,,,0.0,coupled_quadratic,torch_tm_flowpipe,0.04296626780213819,,2.0834446604213034e-09,4.800150684059207e-17,order4_affine_reset
,,complete_total_degree_4,,,affine_reset,,,,,,,0.01,0.25,2.101915662843192e-09,endpoint_raw,,,,True,,,,0.03313289317882956,native_practical,,,,,0.5766601557843387,,,1,,,0.0,coupled_quadratic,torch_tm_flowpipe,0.033132895280745284,,2.101915662843192e-09,6.196269968316056e-17,order4_affine_reset
,,complete_total_degree_4,,,affine_reset,,,,,,,0.01,0.25,1.6730670920283405e-09,endpoint_tightened_supplemental,,,,True,,,,0.04296626571869348,native_practical,,,,,0.5766601557843387,,,0,,,0.0,coupled_quadratic,torch_tm_flowpipe,0.04296626739176061,,1.6730670920283405e-09,3.725360606853153e-17,order4_affine_reset
,,complete_total_degree_4,,,affine_reset,,,,,,,0.01,0.25,1.7076510685179223e-09,endpoint_tightened_supplemental,,,,True,,,,0.03313289317882956,native_practical,,,,,0.5766601557843387,,,1,,,0.0,coupled_quadratic,torch_tm_flowpipe,0.03313289488648069,,1.7076510685179223e-09,6.309261020193452e-17,order4_affine_reset
,,complete_total_degree_4,,,qr_reset,,,,,,,0.01,0.25,2.2007397529785234e-09,tube,,,,True,,,,0.045833447397308685,native_practical,,,,,0.67837805300951,,,0,,,0.0,coupled_quadratic,torch_tm_flowpipe,0.045833449598048484,,2.2007397529785234e-09,4.5751510227179445e-17,order4_qr_reset
,,complete_total_degree_4,,,qr_reset,,,,,,,0.01,0.25,2.3432184256966763e-09,tube,,,,True,,,,0.03528198103671146,native_practical,,,,,0.67837805300951,,,1,,,0.0,coupled_quadratic,torch_tm_flowpipe,0.03528198337992994,,2.3432184256966763e-09,5.4663999583585625e-17,order4_qr_reset
,,complete_total_degree_4,,,qr_reset,,,,,,,0.01,0.25,2.2007397529785234e-09,endpoint_raw,,,,True,,,,0.04560422139299415,native_practical,,,,,0.67837805300951,,,0,,,0.0,coupled_quadratic,torch_tm_flowpipe,0.04560422359373395,,2.2007397529785234e-09,4.5751510227179445e-17,order4_qr_reset
,,complete_total_degree_4,,,qr_reset,,,,,,,0.01,0.25,2.3432184256966763e-09,endpoint_raw,,,,True,,,,0.03315116725763195,native_practical,,,,,0.67837805300951,,,1,,,0.0,coupled_quadratic,torch_tm_flowpipe,0.03315116960085043,,2.3432184256966763e-09,5.4663999583585625e-17,order4_qr_reset
,,complete_total_degree_4,,,qr_reset,,,,,,,0.01,0.25,1.7674458474107876e-09,endpoint_tightened_supplemental,,,,True,,,,0.04560422139299415,native_practical,,,,,0.67837805300951,,,0,,,0.0,coupled_quadratic,torch_tm_flowpipe,0.04560422316044002,,1.7674458474107876e-09,2.280470174653749e-17,order4_qr_reset
,,complete_total_degree_4,,,qr_reset,,,,,,,0.01,0.25,1.903461350779261e-09,endpoint_tightened_supplemental,,,,True,,,,0.03315116725763195,native_practical,,,,,0.67837805300951,,,1,,,0.0,coupled_quadratic,torch_tm_flowpipe,0.03315116916109337,,1.903461350779261e-09,6.548459071313065e-17,order4_qr_reset
,,complete_total_degree_6,,,affine_reset,,,,,,,0.01,0.25,2.960899597722746e-12,tube,,,,True,,,,0.043134232935703856,native_practical,,,,,1.7453974829986691,,,0,,,0.0,coupled_quadratic,torch_tm_flowpipe,0.04313423293866479,,2.960899597722746e-12,3.7453376930731574e-17,order6_affine_reset
,,complete_total_degree_6,,,affine_reset,,,,,,,0.01,0.25,2.7764501285905043e-12,tube,,,,True,,,,0.03529569099533711,native_practical,,,,,1.7453974829986691,,,1,,,0.0,coupled_quadratic,torch_tm_flowpipe,0.03529569099811361,,2.7764501285905043e-12,5.112254331844148e-17,order6_affine_reset
,,complete_total_degree_6,,,affine_reset,,,,,,,0.01,0.25,2.960899597722746e-12,endpoint_raw,,,,True,,,,0.04296625524236106,native_practical,,,,,1.7453974829986691,,,0,,,0.0,coupled_quadratic,torch_tm_flowpipe,0.042966255245321994,,2.960899597722746e-12,3.7453376930731574e-17,order6_affine_reset
,,complete_total_degree_6,,,affine_reset,,,,,,,0.01,0.25,2.7764501285905043e-12,endpoint_raw,,,,True,,,,0.03313288209423354,native_practical,,,,,1.7453974829986691,,,1,,,0.0,coupled_quadratic,torch_tm_flowpipe,0.03313288209701004,,2.7764501285905043e-12,5.112254331844148e-17,order6_affine_reset
,,complete_total_degree_6,,,affine_reset,,,,,,,0.01,0.25,2.371394374786623e-12,endpoint_tightened_supplemental,,,,True,,,,0.04296625524236106,native_practical,,,,,1.7453974829986691,,,0,,,0.0,coupled_quadratic,torch_tm_flowpipe,0.04296625524473249,,2.371394374786623e-12,4.200581271126684e-17,order6_affine_reset
,,complete_total_degree_6,,,affine_reset,,,,,,,0.01,0.25,2.2313465432719474e-12,endpoint_tightened_supplemental,,,,True,,,,0.03313288209423354,native_practical,,,,,1.7453974829986691,,,1,,,0.0,coupled_quadratic,torch_tm_flowpipe,0.03313288209646495,,2.2313465432719474e-12,6.295834653913551e-17,order6_affine_reset
,,complete_total_degree_1,,,dependency_raw,,,,,,,0.005,1.0,11.495635891140951,tube,,,,True,,,,0.3000000000000007,native_low_order,,,,,0.045770118944346905,,,0,,,0.0,van_der_pol,torch_tm_flowpipe,11.795635891140954,,11.495635891140951,1.7763568394002505e-15,order1_raw_dependency
,,complete_total_degree_1,,,dependency_raw,,,,,,,0.005,1.0,73.09030728198441,tube,,,,True,,,,0.10000000000000187,native_low_order,,,,,0.045770118944346905,,,1,,,0.0,van_der_pol,torch_tm_flowpipe,73.19030728198442,,73.09030728198441,0.0,order1_raw_dependency
,,complete_total_degree_1,,,dependency_raw,,,,,,,0.005,1.0,11.495635891140951,endpoint_raw,,,,True,,,,0.3000000000000007,native_low_order,,,,,0.045770118944346905,,,0,,,0.0,van_der_pol,torch_tm_flowpipe,11.795635891140954,,11.495635891140951,1.7763568394002505e-15,order1_raw_dependency
,,complete_total_degree_1,,,dependency_raw,,,,,,,0.005,1.0,73.09030728198441,endpoint_raw,,,,True,,,,0.10000000000000187,native_low_order,,,,,0.045770118944346905,,,1,,,0.0,van_der_pol,torch_tm_flowpipe,73.19030728198442,,73.09030728198441,0.0,order1_raw_dependency
,,complete_total_degree_1,,,dependency_raw,,,,,,,0.005,1.0,9.30702824935041,endpoint_tightened_supplemental,,,,True,,,,0.3000000000000007,native_low_order,,,,,0.045770118944346905,,,0,,,0.0,van_der_pol,torch_tm_flowpipe,9.607028249350412,,9.30702824935041,1.7763568394002505e-15,order1_raw_dependency
,,complete_total_degree_1,,,dependency_raw,,,,,,,0.005,1.0,69.59041121107181,endpoint_tightened_supplemental,,,,True,,,,0.10000000000000187,native_low_order,,,,,0.045770118944346905,,,1,,,0.0,van_der_pol,torch_tm_flowpipe,69.69041121107182,,69.59041121107181,0.0,order1_raw_dependency
,,complete_total_degree_1,,,dependency_tightened,,,,,,,0.005,1.0,10.012190276462977,tube,,,,True,,,,0.3000000000000007,native_low_order,,,,,0.04586494201794267,,,0,,,0.0,van_der_pol,torch_tm_flowpipe,10.31219027646298,,10.012190276462977,1.7763568394002505e-15,order1_legacy_tightened
,,complete_total_degree_1,,,dependency_tightened,,,,,,,0.005,1.0,249.59579923823424,tube,,,,True,,,,0.10000000000000187,native_low_order,,,,,0.04586494201794267,,,1,,,0.0,van_der_pol,torch_tm_flowpipe,249.69579923823426,,249.59579923823424,2.842170943040401e-14,order1_legacy_tightened
,,complete_total_degree_1,,,dependency_tightened,,,,,,,0.005,1.0,10.012190276462977,endpoint_raw,,,,True,,,,0.3000000000000007,native_low_order,,,,,0.04586494201794267,,,0,,,0.0,van_der_pol,torch_tm_flowpipe,10.31219027646298,,10.012190276462977,1.7763568394002505e-15,order1_legacy_tightened
,,complete_total_degree_1,,,dependency_tightened,,,,,,,0.005,1.0,249.59579923823424,endpoint_raw,,,,True,,,,0.10000000000000187,native_low_order,,,,,0.04586494201794267,,,1,,,0.0,van_der_pol,torch_tm_flowpipe,249.69579923823426,,249.59579923823424,2.842170943040401e-14,order1_legacy_tightened
,,complete_total_degree_1,,,dependency_tightened,,,,,,,0.005,1.0,8.397136954857535,endpoint_tightened_supplemental,,,,True,,,,0.3000000000000007,native_low_order,,,,,0.04586494201794267,,,0,,,0.0,van_der_pol,torch_tm_flowpipe,8.697136954857537,,8.397136954857535,1.7763568394002505e-15,order1_legacy_tightened
,,complete_total_degree_1,,,dependency_tightened,,,,,,,0.005,1.0,237.0967874666726,endpoint_tightened_supplemental,,,,True,,,,0.10000000000000187,native_low_order,,,,,0.04586494201794267,,,1,,,0.0,van_der_pol,torch_tm_flowpipe,237.19678746667262,,237.0967874666726,2.842170943040401e-14,order1_legacy_tightened
,,complete_total_degree_1,,,range_only,,,,,,,0.005,1.0,2.089006264847392,tube,,,,True,,,,10.793681622309428,native_low_order,,,,,0.0581532777287066,,,0,,,0.0,van_der_pol,torch_tm_flowpipe,12.882687887156823,,2.089006264847392,3.1086244689504383e-15,order1_range_only
,,complete_total_degree_1,,,range_only,,,,,,,0.005,1.0,133.9854748766336,tube,,,,True,,,,251.95556506854751,native_low_order,,,,,0.0581532777287066,,,1,,,0.0,van_der_pol,torch_tm_flowpipe,385.94103994518116,,133.9854748766336,5.684341886080802e-14,order1_range_only
,,complete_total_degree_1,,,range_only,,,,,,,0.005,1.0,2.089006264847392,endpoint_raw,,,,True,,,,10.793681622309428,native_low_order,,,,,0.0581532777287066,,,0,,,0.0,van_der_pol,torch_tm_flowpipe,12.882687887156823,,2.089006264847392,3.1086244689504383e-15,order1_range_only
,,complete_total_degree_1,,,range_only,,,,,,,0.005,1.0,133.9854748766336,endpoint_raw,,,,True,,,,251.95556506854751,native_low_order,,,,,0.0581532777287066,,,1,,,0.0,van_der_pol,torch_tm_flowpipe,385.94103994518116,,133.9854748766336,5.684341886080802e-14,order1_range_only
,,complete_total_degree_1,,,range_only,,,,,,,0.005,1.0,1.929705199727908,endpoint_tightened_supplemental,,,,True,,,,10.793681622309428,native_low_order,,,,,0.0581532777287066,,,0,,,0.0,van_der_pol,torch_tm_flowpipe,12.72338682203734,,1.929705199727908,2.886579864025407e-15,order1_range_only
,,complete_total_degree_1,,,range_only,,,,,,,0.005,1.0,131.77010690555596,endpoint_tightened_supplemental,,,,True,,,,251.95556506854751,native_low_order,,,,,0.0581532777287066,,,1,,,0.0,van_der_pol,torch_tm_flowpipe,383.72567197410353,,131.77010690555596,5.684341886080802e-14,order1_range_only
,,complete_total_degree_2,,,dependency_raw,,,,,,,0.005,1.0,9.905370212396035,tube,,,,True,,,,0.32608182031065636,native_practical,,,,,0.1172035257332027,,,0,,,0.0,van_der_pol,torch_tm_flowpipe,10.231452032706692,,9.905370212396035,0.0,order2_raw_dependency
,,complete_total_degree_2,,,dependency_raw,,,,,,,0.005,1.0,150.36165115097214,tube,,,,True,,,,0.1744553508932194,native_practical,,,,,0.1172035257332027,,,1,,,0.0,van_der_pol,torch_tm_flowpipe,150.5361065018654,,150.36165115097214,2.842170943040401e-14,order2_raw_dependency
,,complete_total_degree_2,,,dependency_raw,,,,,,,0.005,1.0,9.905370212396035,endpoint_raw,,,,True,,,,0.3116342674755599,native_practical,,,,,0.1172035257332027,,,0,,,0.0,van_der_pol,torch_tm_flowpipe,10.217004479871596,,9.905370212396035,1.7763568394002505e-15,order2_raw_dependency
,,complete_total_degree_2,,,dependency_raw,,,,,,,0.005,1.0,150.36165115097214,endpoint_raw,,,,True,,,,0.15659147480615365,native_practical,,,,,0.1172035257332027,,,1,,,0.0,van_der_pol,torch_tm_flowpipe,150.51824262577833,,150.36165115097214,2.842170943040401e-14,order2_raw_dependency
,,complete_total_degree_2,,,dependency_raw,,,,,,,0.005,1.0,8.158604583611648,endpoint_tightened_supplemental,,,,True,,,,0.3116342674755599,native_practical,,,,,0.1172035257332027,,,0,,,0.0,van_der_pol,torch_tm_flowpipe,8.47023885108721,,8.158604583611648,1.7763568394002505e-15,order2_raw_dependency
,,complete_total_degree_2,,,dependency_raw,,,,,,,0.005,1.0,139.42939300891106,endpoint_tightened_supplemental,,,,True,,,,0.15659147480615365,native_practical,,,,,0.1172035257332027,,,1,,,0.0,van_der_pol,torch_tm_flowpipe,139.58598448371725,,139.42939300891106,2.842170943040401e-14,order2_raw_dependency
,,complete_total_degree_2,,,affine_reset,,,,,,,0.005,1.0,0.0002571484566213855,tube,,,,True,,,,1.2333993097186062,native_practical,,,,,0.18214928591623902,,,0,,,0.0,van_der_pol,torch_tm_flowpipe,1.2336564581752283,,0.0002571484566213855,6.728016581358798e-16,order2_affine_reset
,,complete_total_degree_2,,,affine_reset,,,,,,,0.005,1.0,0.03603223556056977,tube,,,,True,,,,1.6288547708984584,native_practical,,,,,0.18214928591623902,,,1,,,0.0,van_der_pol,torch_tm_flowpipe,1.6648870064590287,,0.03603223556056977,4.579669976578771e-16,order2_affine_reset
,,complete_total_degree_2,,,affine_reset,,,,,,,0.005,1.0,0.0002571484566213855,endpoint_raw,,,,True,,,,1.2313023080642798,native_practical,,,,,0.18214928591623902,,,0,,,0.0,van_der_pol,torch_tm_flowpipe,1.2315594565209018,,0.0002571484566213855,6.728016581358798e-16,order2_affine_reset
,,complete_total_degree_2,,,affine_reset,,,,,,,0.005,1.0,0.03603223556056977,endpoint_raw,,,,True,,,,1.5827634330289726,native_practical,,,,,0.18214928591623902,,,1,,,0.0,van_der_pol,torch_tm_flowpipe,1.6187956685895426,,0.03603223556056977,2.3592239273284576e-16,order2_affine_reset
,,complete_total_degree_2,,,affine_reset,,,,,,,0.005,1.0,0.00024171191109430425,endpoint_tightened_supplemental,,,,True,,,,1.2313023080642798,native_practical,,,,,0.18214928591623902,,,0,,,0.0,van_der_pol,torch_tm_flowpipe,1.2315440199753747,,0.00024171191109430425,5.952812028031662e-16,order2_affine_reset
,,complete_total_degree_2,,,affine_reset,,,,,,,0.005,1.0,0.024394578918520104,endpoint_tightened_supplemental,,,,True,,,,1.5827634330289726,native_practical,,,,,0.18214928591623902,,,1,,,0.0,van_der_pol,torch_tm_flowpipe,1.6071580119474929,,0.024394578918520104,1.5612511283791264e-16,order2_affine_reset
,,complete_total_degree_4,,,affine_reset,,,,,,,0.005,1.0,2.3572672403749193e-06,tube,,,,True,,,,0.9302653987039811,native_practical,,,,,0.6189333098009229,,,0,,,0.0,van_der_pol,torch_tm_flowpipe,0.930267755971222,,2.3572672403749193e-06,5.850511623827024e-16,order4_affine_reset
,,complete_total_degree_4,,,affine_reset,,,,,,,0.005,1.0,7.252434469753902e-05,tube,,,,True,,,,0.6695540124725811,native_practical,,,,,0.6189333098009229,,,1,,,0.0,van_der_pol,torch_tm_flowpipe,0.6696265368172787,,7.252434469753902e-05,8.300922883092143e-17,order4_affine_reset
,,complete_total_degree_4,,,affine_reset,,,,,,,0.005,1.0,2.3572672403749193e-06,endpoint_raw,,,,True,,,,0.9281145001484221,native_practical,,,,,0.6189333098009229,,,0,,,0.0,van_der_pol,torch_tm_flowpipe,0.9281168574156631,,2.3572672403749193e-06,5.850511623827024e-16,order4_affine_reset
,,complete_total_degree_4,,,affine_reset,,,,,,,0.005,1.0,7.252434469753902e-05,endpoint_raw,,,,True,,,,0.6483444467499235,native_practical,,,,,0.6189333098009229,,,1,,,0.0,van_der_pol,torch_tm_flowpipe,0.6484169710946212,,7.252434469753902e-05,8.300922883092143e-17,order4_affine_reset
,,complete_total_degree_4,,,affine_reset,,,,,,,0.005,1.0,2.2484348610846818e-06,endpoint_tightened_supplemental,,,,True,,,,0.9281145001484221,native_practical,,,,,0.6189333098009229,,,0,,,0.0,van_der_pol,torch_tm_flowpipe,0.9281167485832837,,2.2484348610846818e-06,5.444964954175874e-16,order4_affine_reset
,,complete_total_degree_4,,,affine_reset,,,,,,,0.005,1.0,6.047082423427042e-05,endpoint_tightened_supplemental,,,,True,,,,0.6483444467499235,native_practical,,,,,0.6189333098009229,,,1,,,0.0,van_der_pol,torch_tm_flowpipe,0.648404917574158,,6.047082423427042e-05,1.6719752752442085e-16,order4_affine_reset
,,complete_total_degree_4,,,qr_reset,,,,,,,0.005,1.0,1.360693814133342e-08,tube,,,,True,,,,0.1250926867409976,native_practical,,,,,0.7840348519384861,,,0,,,0.0,van_der_pol,torch_tm_flowpipe,0.1250927003479363,,1.360693814133342e-08,5.455719030058002e-16,order4_qr_reset
,,complete_total_degree_4,,,qr_reset,,,,,,,0.005,1.0,2.5259636453947445e-07,tube,,,,True,,,,0.1959257133324766,native_practical,,,,,0.7840348519384861,,,1,,,0.0,van_der_pol,torch_tm_flowpipe,0.19592596592884132,,2.5259636453947445e-07,1.742785641447892e-16,order4_qr_reset
,,complete_total_degree_4,,,qr_reset,,,,,,,0.005,1.0,1.360693814133342e-08,endpoint_raw,,,,True,,,,0.12132464473395177,native_practical,,,,,0.7840348519384861,,,0,,,0.0,van_der_pol,torch_tm_flowpipe,0.12132465834089046,,1.360693814133342e-08,5.455719030058002e-16,order4_qr_reset
,,complete_total_degree_4,,,qr_reset,,,,,,,0.005,1.0,2.5259636453947445e-07,endpoint_raw,,,,True,,,,0.1867352289486916,native_practical,,,,,0.7840348519384861,,,1,,,0.0,van_der_pol,torch_tm_flowpipe,0.18673548154505631,,2.5259636453947445e-07,1.742785641447892e-16,order4_qr_reset
,,complete_total_degree_4,,,qr_reset,,,,,,,0.005,1.0,1.2147856799372992e-08,endpoint_tightened_supplemental,,,,True,,,,0.12132464473395177,native_practical,,,,,0.7840348519384861,,,0,,,0.0,van_der_pol,torch_tm_flowpipe,0.12132465688180893,,1.2147856799372992e-08,3.6526196465947043e-16,order4_qr_reset
,,complete_total_degree_4,,,qr_reset,,,,,,,0.005,1.0,2.084716012381395e-07,endpoint_tightened_supplemental,,,,True,,,,0.1867352289486916,native_practical,,,,,0.7840348519384861,,,1,,,0.0,van_der_pol,torch_tm_flowpipe,0.18673543742029297,,2.084716012381395e-07,1.3246832965404728e-16,order4_qr_reset
,,complete_total_degree_6,,,affine_reset,,,,,,,0.005,1.0,1.9426102400682706e-08,tube,,,,True,,,,0.9279952628451673,native_practical,,,,,2.244906121864915,,,0,,,0.0,van_der_pol,torch_tm_flowpipe,0.9279952822712703,,1.9426102400682706e-08,5.477894286442671e-16,order6_affine_reset
,,complete_total_degree_6,,,affine_reset,,,,,,,0.005,1.0,1.0758808865676837e-06,tube,,,,True,,,,0.6621646134936789,native_practical,,,,,2.244906121864915,,,1,,,0.0,van_der_pol,torch_tm_flowpipe,0.6621656893745657,,1.0758808865676837e-06,1.4626988449660885e-16,order6_affine_reset
,,complete_total_degree_6,,,affine_reset,,,,,,,0.005,1.0,1.9426102400682706e-08,endpoint_raw,,,,True,,,,0.9258443585731329,native_practical,,,,,2.244906121864915,,,0,,,0.0,van_der_pol,torch_tm_flowpipe,0.9258443779992358,,1.9426102400682706e-08,5.477894286442671e-16,order6_affine_reset
,,complete_total_degree_6,,,affine_reset,,,,,,,0.005,1.0,1.0758808865676837e-06,endpoint_raw,,,,True,,,,0.6410799004652205,native_practical,,,,,2.244906121864915,,,1,,,0.0,van_der_pol,torch_tm_flowpipe,0.6410809763461072,,1.0758808865676837e-06,1.4626988449660885e-16,order6_affine_reset
,,complete_total_degree_6,,,affine_reset,,,,,,,0.005,1.0,1.6616762805061948e-08,endpoint_tightened_supplemental,,,,True,,,,0.9258443585731329,native_practical,,,,,2.244906121864915,,,0,,,0.0,van_der_pol,torch_tm_flowpipe,0.9258443751898962,,1.6616762805061948e-08,4.936093963070643e-16,order6_affine_reset
,,complete_total_degree_6,,,affine_reset,,,,,,,0.005,1.0,7.245418835449732e-07,endpoint_tightened_supplemental,,,,True,,,,0.6410799004652205,native_practical,,,,,2.244906121864915,,,1,,,0.0,van_der_pol,torch_tm_flowpipe,0.6410806250071042,,7.245418835449732e-07,1.6709778939488166e-16,order6_affine_reset
,,complete_total_degree_1,,,dependency_raw,,,,,,,0.01,1.0,6.618986048175158,tube,,,,True,,,,0.3000000000000007,native_low_order,,,,,0.046950449235737324,,,0,,,0.0,van_der_pol,torch_tm_flowpipe,6.91898604817516,,6.618986048175158,1.7763568394002505e-15,order1_raw_dependency
,,complete_total_degree_1,,,dependency_raw,,,,,,,0.01,1.0,38.415134223647705,tube,,,,True,,,,0.10000000000000187,native_low_order,,,,,0.046950449235737324,,,1,,,0.0,van_der_pol,torch_tm_flowpipe,38.51513422364772,,38.415134223647705,1.4210854715202004e-14,order1_raw_dependency
,,complete_total_degree_1,,,dependency_raw,,,,,,,0.01,1.0,6.618986048175158,endpoint_raw,,,,True,,,,0.3000000000000007,native_low_order,,,,,0.046950449235737324,,,0,,,0.0,van_der_pol,torch_tm_flowpipe,6.91898604817516,,6.618986048175158,1.7763568394002505e-15,order1_raw_dependency
,,complete_total_degree_1,,,dependency_raw,,,,,,,0.01,1.0,38.415134223647705,endpoint_raw,,,,True,,,,0.10000000000000187,native_low_order,,,,,0.046950449235737324,,,1,,,0.0,van_der_pol,torch_tm_flowpipe,38.51513422364772,,38.415134223647705,1.4210854715202004e-14,order1_raw_dependency
,,complete_total_degree_1,,,dependency_raw,,,,,,,0.01,1.0,5.400918871490186,endpoint_tightened_supplemental,,,,True,,,,0.3000000000000007,native_low_order,,,,,0.046950449235737324,,,0,,,0.0,van_der_pol,torch_tm_flowpipe,5.700918871490187,,5.400918871490186,8.881784197001252e-16,order1_raw_dependency
,,complete_total_degree_1,,,dependency_raw,,,,,,,0.01,1.0,36.10036877162879,endpoint_tightened_supplemental,,,,True,,,,0.10000000000000187,native_low_order,,,,,0.046950449235737324,,,1,,,0.0,van_der_pol,torch_tm_flowpipe,36.200368771628796,,36.10036877162879,7.105427357601002e-15,order1_raw_dependency
,,complete_total_degree_1,,,dependency_tightened,,,,,,,0.01,1.0,6.717549822980983,tube,,,,True,,,,0.3000000000000007,native_low_order,,,,,0.04637105576694012,,,0,,,0.0,van_der_pol,torch_tm_flowpipe,7.017549822980985,,6.717549822980983,1.7763568394002505e-15,order1_legacy_tightened
,,complete_total_degree_1,,,dependency_tightened,,,,,,,0.01,1.0,113.07649373905491,tube,,,,True,,,,0.10000000000000187,native_low_order,,,,,0.04637105576694012,,,1,,,0.0,van_der_pol,torch_tm_flowpipe,113.17649373905493,,113.07649373905491,1.4210854715202004e-14,order1_legacy_tightened
,,complete_total_degree_1,,,dependency_tightened,,,,,,,0.01,1.0,6.717549822980983,endpoint_raw,,,,True,,,,0.3000000000000007,native_low_order,,,,,0.04637105576694012,,,0,,,0.0,van_der_pol,torch_tm_flowpipe,7.017549822980985,,6.717549822980983,1.7763568394002505e-15,order1_legacy_tightened
,,complete_total_degree_1,,,dependency_tightened,,,,,,,0.01,1.0,113.07649373905491,endpoint_raw,,,,True,,,,0.10000000000000187,native_low_order,,,,,0.04637105576694012,,,1,,,0.0,van_der_pol,torch_tm_flowpipe,113.17649373905493,,113.07649373905491,1.4210854715202004e-14,order1_legacy_tightened
,,complete_total_degree_1,,,dependency_tightened,,,,,,,0.01,1.0,5.739987796856781,endpoint_tightened_supplemental,,,,True,,,,0.3000000000000007,native_low_order,,,,,0.04637105576694012,,,0,,,0.0,van_der_pol,torch_tm_flowpipe,6.039987796856782,,5.739987796856781,8.881784197001252e-16,order1_legacy_tightened
,,complete_total_degree_1,,,dependency_tightened,,,,,,,0.01,1.0,111.05967238446371,endpoint_tightened_supplemental,,,,True,,,,0.10000000000000187,native_low_order,,,,,0.04637105576694012,,,1,,,0.0,van_der_pol,torch_tm_flowpipe,111.15967238446372,,111.05967238446371,0.0,order1_legacy_tightened
,,complete_total_degree_1,,,range_only,,,,,,,0.01,1.0,2.677206911067816,tube,,,,True,,,,7.6584253480341715,native_low_order,,,,,0.07073694374412298,,,0,,,0.0,van_der_pol,torch_tm_flowpipe,10.335632259101988,,2.677206911067816,8.881784197001252e-16,order1_range_only
,,complete_total_degree_1,,,range_only,,,,,,,0.01,1.0,119.81023147360813,tube,,,,True,,,,122.0040862827259,native_low_order,,,,,0.07073694374412298,,,1,,,0.0,van_der_pol,torch_tm_flowpipe,241.81431775633405,,119.81023147360813,2.842170943040401e-14,order1_range_only
,,complete_total_degree_1,,,range_only,,,,,,,0.01,1.0,2.677206911067816,endpoint_raw,,,,True,,,,7.6584253480341715,native_low_order,,,,,0.07073694374412298,,,0,,,0.0,van_der_pol,torch_tm_flowpipe,10.335632259101988,,2.677206911067816,8.881784197001252e-16,order1_range_only
,,complete_total_degree_1,,,range_only,,,,,,,0.01,1.0,119.81023147360813,endpoint_raw,,,,True,,,,122.0040862827259,native_low_order,,,,,0.07073694374412298,,,1,,,0.0,van_der_pol,torch_tm_flowpipe,241.81431775633405,,119.81023147360813,2.842170943040401e-14,order1_range_only
,,complete_total_degree_1,,,range_only,,,,,,,0.01,1.0,2.4181431775653444,endpoint_tightened_supplemental,,,,True,,,,7.6584253480341715,native_low_order,,,,,0.07073694374412298,,,0,,,0.0,van_der_pol,torch_tm_flowpipe,10.076568525599518,,2.4181431775653444,1.7763568394002505e-15,order1_range_only
,,complete_total_degree_1,,,range_only,,,,,,,0.01,1.0,118.73864872322844,endpoint_tightened_supplemental,,,,True,,,,122.0040862827259,native_low_order,,,,,0.07073694374412298,,,1,,,0.0,van_der_pol,torch_tm_flowpipe,240.74273500595436,,118.73864872322844,2.842170943040401e-14,order1_range_only
,,complete_total_degree_2,,,dependency_raw,,,,,,,0.01,1.0,6.859423929421238,tube,,,,True,,,,0.3473148163934878,native_practical,,,,,0.11841010488569736,,,0,,,0.0,van_der_pol,torch_tm_flowpipe,7.206738745814727,,6.859423929421238,8.881784197001252e-16,order2_raw_dependency
,,complete_total_degree_2,,,dependency_raw,,,,,,,0.01,1.0,86.46720385349289,tube,,,,True,,,,0.22172048047706205,native_practical,,,,,0.11841010488569736,,,1,,,0.0,van_der_pol,torch_tm_flowpipe,86.68892433396996,,86.46720385349289,1.4210854715202004e-14,order2_raw_dependency
,,complete_total_degree_2,,,dependency_raw,,,,,,,0.01,1.0,6.859423929421238,endpoint_raw,,,,True,,,,0.3158534767829513,native_practical,,,,,0.11841010488569736,,,0,,,0.0,van_der_pol,torch_tm_flowpipe,7.175277406204191,,6.859423929421238,8.881784197001252e-16,order2_raw_dependency
,,complete_total_degree_2,,,dependency_raw,,,,,,,0.01,1.0,86.46720385349289,endpoint_raw,,,,True,,,,0.18556615906984453,native_practical,,,,,0.11841010488569736,,,1,,,0.0,van_der_pol,torch_tm_flowpipe,86.65277001256274,,86.46720385349289,0.0,order2_raw_dependency
,,complete_total_degree_2,,,dependency_raw,,,,,,,0.01,1.0,5.786755332333952,endpoint_tightened_supplemental,,,,True,,,,0.3158534767829513,native_practical,,,,,0.11841010488569736,,,0,,,0.0,van_der_pol,torch_tm_flowpipe,6.102608809116904,,5.786755332333952,8.881784197001252e-16,order2_raw_dependency
,,complete_total_degree_2,,,dependency_raw,,,,,,,0.01,1.0,84.18175704957426,endpoint_tightened_supplemental,,,,True,,,,0.18556615906984453,native_practical,,,,,0.11841010488569736,,,1,,,0.0,van_der_pol,torch_tm_flowpipe,84.36732320864412,,84.18175704957426,1.4210854715202004e-14,order2_raw_dependency
,,complete_total_degree_2,,,affine_reset,,,,,,,0.01,1.0,0.0013043470614194426,tube,,,,True,,,,1.3366550170821558,native_practical,,,,,0.18769345991313457,,,0,,,0.0,van_der_pol,torch_tm_flowpipe,1.337959364143576,,0.0013043470614194426,7.986233202528226e-16,order2_affine_reset
,,complete_total_degree_2,,,affine_reset,,,,,,,0.01,1.0,0.09456292148486363,tube,,,,True,,,,1.9537130155070728,native_practical,,,,,0.18769345991313457,,,1,,,0.0,van_der_pol,torch_tm_flowpipe,2.0482759369919368,,0.09456292148486363,3.7470027081099033e-16,order2_affine_reset
,,complete_total_degree_2,,,affine_reset,,,,,,,0.01,1.0,0.0013043470614194426,endpoint_raw,,,,True,,,,1.3324750397963345,native_practical,,,,,0.18769345991313457,,,0,,,0.0,van_der_pol,torch_tm_flowpipe,1.3337793868577548,,0.0013043470614194426,7.986233202528226e-16,order2_affine_reset
,,complete_total_degree_2,,,affine_reset,,,,,,,0.01,1.0,0.09456292148486363,endpoint_raw,,,,True,,,,1.8459839462522156,native_practical,,,,,0.18769345991313457,,,1,,,0.0,van_der_pol,torch_tm_flowpipe,1.9405468677370796,,0.09456292148486363,3.7470027081099033e-16,order2_affine_reset
,,complete_total_degree_2,,,affine_reset,,,,,,,0.01,1.0,0.0012322851192921522,endpoint_tightened_supplemental,,,,True,,,,1.3324750397963345,native_practical,,,,,0.18769345991313457,,,0,,,0.0,van_der_pol,torch_tm_flowpipe,1.3337073249156275,,0.0012322851192921522,8.118505867571457e-16,order2_affine_reset
,,complete_total_degree_2,,,affine_reset,,,,,,,0.01,1.0,0.06783824386078743,endpoint_tightened_supplemental,,,,True,,,,1.8459839462522156,native_practical,,,,,0.18769345991313457,,,1,,,0.0,van_der_pol,torch_tm_flowpipe,1.9138221901130035,,0.06783824386078743,4.163336342344337e-16,order2_affine_reset
,,complete_total_degree_4,,,affine_reset,,,,,,,0.01,1.0,1.3061845581176026e-05,tube,,,,True,,,,0.9156427871849111,native_practical,,,,,0.7457526363432407,,,0,,,0.0,van_der_pol,torch_tm_flowpipe,0.9156558490304927,,1.3061845581176026e-05,4.0960311043555103e-16,order4_affine_reset
,,complete_total_degree_4,,,affine_reset,,,,,,,0.01,1.0,0.00035161661754489913,tube,,,,True,,,,0.6732615724108414,native_practical,,,,,0.7457526363432407,,,1,,,0.0,van_der_pol,torch_tm_flowpipe,0.6736131890283865,,0.00035161661754489913,2.2605615296322767e-16,order4_affine_reset
,,complete_total_degree_4,,,affine_reset,,,,,,,0.01,1.0,1.3061845581176026e-05,endpoint_raw,,,,True,,,,0.9112750142656134,native_practical,,,,,0.7457526363432407,,,0,,,0.0,van_der_pol,torch_tm_flowpipe,0.911288076111195,,1.3061845581176026e-05,4.0960311043555103e-16,order4_affine_reset
,,complete_total_degree_4,,,affine_reset,,,,,,,0.01,1.0,0.00035161661754489913,endpoint_raw,,,,True,,,,0.6312144512457034,native_practical,,,,,0.7457526363432407,,,1,,,0.0,van_der_pol,torch_tm_flowpipe,0.6315660678632484,,0.00035161661754489913,1.1503385050071202e-16,order4_affine_reset
,,complete_total_degree_4,,,affine_reset,,,,,,,0.01,1.0,1.115268882329799e-05,endpoint_tightened_supplemental,,,,True,,,,0.9112750142656134,native_practical,,,,,0.7457526363432407,,,0,,,0.0,van_der_pol,torch_tm_flowpipe,0.9112861669544374,,1.115268882329799e-05,7.141131490393665e-16,order4_affine_reset
,,complete_total_degree_4,,,affine_reset,,,,,,,0.01,1.0,0.00024878200622432934,endpoint_tightened_supplemental,,,,True,,,,0.6312144512457034,native_practical,,,,,0.7457526363432407,,,1,,,0.0,van_der_pol,torch_tm_flowpipe,0.6314632332519278,,0.00024878200622432934,2.7972416050126014e-17,order4_affine_reset
,,complete_total_degree_4,,,qr_reset,,,,,,,0.01,1.0,7.624390783307286e-08,tube,,,,True,,,,0.12904784631506971,native_practical,,,,,0.7777669541537762,,,0,,,0.0,van_der_pol,torch_tm_flowpipe,0.129047922558978,,7.624390783307286e-08,4.648953698243926e-16,order4_qr_reset
,,complete_total_degree_4,,,qr_reset,,,,,,,0.01,1.0,1.1899965982504295e-06,tube,,,,True,,,,0.2052486098658553,native_practical,,,,,0.7777669541537762,,,1,,,0.0,van_der_pol,torch_tm_flowpipe,0.20524979986245367,,1.1899965982504295e-06,1.2150454694302443e-16,order4_qr_reset
,,complete_total_degree_4,,,qr_reset,,,,,,,0.01,1.0,7.624390783307286e-08,endpoint_raw,,,,True,,,,0.12148379033930712,native_practical,,,,,0.7777669541537762,,,0,,,0.0,van_der_pol,torch_tm_flowpipe,0.12148386658321542,,7.624390783307286e-08,4.648953698243926e-16,order4_qr_reset
,,complete_total_degree_4,,,qr_reset,,,,,,,0.01,1.0,1.1899965982504295e-06,endpoint_raw,,,,True,,,,0.1865584621244346,native_practical,,,,,0.7777669541537762,,,1,,,0.0,van_der_pol,torch_tm_flowpipe,0.18655965212103298,,1.1899965982504295e-06,1.2150454694302443e-16,order4_qr_reset
,,complete_total_degree_4,,,qr_reset,,,,,,,0.01,1.0,7.28735136075311e-08,endpoint_tightened_supplemental,,,,True,,,,0.12148379033930712,native_practical,,,,,0.7777669541537762,,,0,,,0.0,van_der_pol,torch_tm_flowpipe,0.12148386321282123,,7.28735136075311e-08,5.044729445801804e-16,order4_qr_reset
,,complete_total_degree_4,,,qr_reset,,,,,,,0.01,1.0,1.0127317860593215e-06,endpoint_tightened_supplemental,,,,True,,,,0.1865584621244346,native_practical,,,,,0.7777669541537762,,,1,,,0.0,van_der_pol,torch_tm_flowpipe,0.18655947485622076,,1.0127317860593215e-06,9.480924481912109e-17,order4_qr_reset
,,complete_total_degree_6,,,affine_reset,,,,,,,0.01,1.0,1.6574485368690415e-07,tube,,,,True,,,,0.910053875565189,native_practical,,,,,2.2503966740332544,,,0,,,0.0,van_der_pol,torch_tm_flowpipe,0.9100540413100433,,1.6574485368690415e-07,5.988723048621692e-16,order6_affine_reset
,,complete_total_degree_6,,,affine_reset,,,,,,,0.01,1.0,5.7729037417167976e-06,tube,,,,True,,,,0.6559331868930915,native_practical,,,,,2.2503966740332544,,,1,,,0.0,van_der_pol,torch_tm_flowpipe,0.6559389597968334,,5.7729037417167976e-06,1.0180488993049436e-16,order6_affine_reset
,,complete_total_degree_6,,,affine_reset,,,,,,,0.01,1.0,1.6574485368690415e-07,endpoint_raw,,,,True,,,,0.9056871357206662,native_practical,,,,,2.2503966740332544,,,0,,,0.0,van_der_pol,torch_tm_flowpipe,0.9056873014655205,,1.6574485368690415e-07,5.988723048621692e-16,order6_affine_reset
,,complete_total_degree_6,,,affine_reset,,,,,,,0.01,1.0,5.7729037417167976e-06,endpoint_raw,,,,True,,,,0.6145330608303561,native_practical,,,,,2.2503966740332544,,,1,,,0.0,van_der_pol,torch_tm_flowpipe,0.6145388337340978,,5.7729037417167976e-06,0.0,order6_affine_reset
,,complete_total_degree_6,,,affine_reset,,,,,,,0.01,1.0,1.4414169013970552e-07,endpoint_tightened_supplemental,,,,True,,,,0.9056871357206662,native_practical,,,,,2.2503966740332544,,,0,,,0.0,van_der_pol,torch_tm_flowpipe,0.905687279862357,,1.4414169013970552e-07,6.657493941659385e-16,order6_affine_reset
,,complete_total_degree_6,,,affine_reset,,,,,,,0.01,1.0,4.08148056812917e-06,endpoint_tightened_supplemental,,,,True,,,,0.6145330608303561,native_practical,,,,,2.2503966740332544,,,1,,,0.0,van_der_pol,torch_tm_flowpipe,0.6145371423109243,,4.08148056812917e-06,5.629973890515158e-17,order6_affine_reset
,,"{1,tau,xi}",,,upstream_symbolic_normalized,,,,,,,0.01,1.0,0.0,endpoint_raw,,,,True,,,,0.0,native_low_order,,,,,2.4944613687694073e-05,,,0,,,,riccati,diffreach,0.11389871908235942,,0.0,0.11389871908235942,affine_flag
,,"{1,tau,xi,tau^2,tau*xi}",,,upstream_symbolic_normalized,,,,,,,0.01,1.0,0.0,endpoint_raw,,,,True,,,,0.0,native_low_order,,,,,1.7595752142369746e-05,,,0,,,,riccati,diffreach,0.11389458226420779,,0.0,0.11389458226420779,restricted_quasiquadratic
,,"{1,tau,xi,tau^2,tau*xi}",,,upstream_symbolic_normalized,,,,,,,0.01,1.0,0.0,endpoint_raw,,,,True,,,,0.0,native_low_order,,,,,1.8178499303758144e-05,,,0,,,,riccati,diffreach,0.18902517795075247,,0.0,0.18902517795075247,quasi_window1_round1
,,"{1,tau,xi,tau^2,tau*xi}",,,upstream_symbolic_normalized,,,,,,,0.01,1.0,0.0,endpoint_raw,,,,True,,,,0.0,native_low_order,,,,,1.9456190057098865e-05,,,0,,,,riccati,diffreach,0.1138947791406289,,0.0,0.1138947791406289,quasi_window10_round3
,,"{1,tau,xi}",,,upstream_symbolic_normalized,,,,,,,0.01,4.0,0.0,endpoint_raw,,,,True,,,,0.0,native_low_order,,,,,3.289215499535203e-05,,,0,,,,harmonic,diffreach,11.141717956096551,,0.0,11.141717956096551,affine_flag
,,"{1,tau,xi}",,,upstream_symbolic_normalized,,,,,,,0.01,4.0,0.0,endpoint_raw,,,,True,,,,0.0,native_low_order,,,,,3.289215499535203e-05,,,1,,,,harmonic,diffreach,11.141717956096551,,0.0,11.141717956096551,affine_flag
,,"{1,tau,xi,tau^2,tau*xi}",,,upstream_symbolic_normalized,,,,,,,0.01,4.0,0.0,endpoint_raw,,,,True,,,,0.0,native_low_order,,,,,3.911239211447537e-05,,,0,,,,harmonic,diffreach,0.30318617861182035,,0.0,0.30318617861182035,restricted_quasiquadratic
,,"{1,tau,xi,tau^2,tau*xi}",,,upstream_symbolic_normalized,,,,,,,0.01,4.0,0.0,endpoint_raw,,,,True,,,,0.0,native_low_order,,,,,3.911239211447537e-05,,,1,,,,harmonic,diffreach,0.3031861786118206,,0.0,0.3031861786118206,restricted_quasiquadratic
,,"{1,tau,xi,tau^2,tau*xi}",,,upstream_symbolic_normalized,,,,,,,0.01,4.0,0.0,endpoint_raw,,,,True,,,,0.0,native_low_order,,,,,2.4927202612161637e-05,,,0,,,,harmonic,diffreach,11.023987641196477,,0.0,11.023987641196477,quasi_window1_round1
,,"{1,tau,xi,tau^2,tau*xi}",,,upstream_symbolic_normalized,,,,,,,0.01,4.0,0.0,endpoint_raw,,,,True,,,,0.0,native_low_order,,,,,2.4927202612161637e-05,,,1,,,,harmonic,diffreach,11.02398764119648,,0.0,11.02398764119648,quasi_window1_round1
,,"{1,tau,xi,tau^2,tau*xi}",,,upstream_symbolic_normalized,,,,,,,0.01,4.0,0.0,endpoint_raw,,,,True,,,,0.0,native_low_order,,,,,3.256821539252997e-05,,,0,,,,harmonic,diffreach,0.34742983960451834,,0.0,0.34742983960451834,quasi_window10_round3
,,"{1,tau,xi,tau^2,tau*xi}",,,upstream_symbolic_normalized,,,,,,,0.01,4.0,0.0,endpoint_raw,,,,True,,,,0.0,native_low_order,,,,,3.256821539252997e-05,,,1,,,,harmonic,diffreach,0.34742983960451823,,0.0,0.34742983960451823,quasi_window10_round3
,,"{1,tau,xi}",,,upstream_symbolic_normalized,,,,,,,0.005,0.25,0.0,endpoint_raw,,,,True,,,,0.0,native_low_order,,,,,6.862475536763668e-05,,,0,,,,coupled_quadratic,diffreach,0.04332204848551774,,0.0,0.04332204848551774,affine_flag
,,"{1,tau,xi}",,,upstream_symbolic_normalized,,,,,,,0.005,0.25,0.0,endpoint_raw,,,,True,,,,0.0,native_low_order,,,,,6.862475536763668e-05,,,1,,,,coupled_quadratic,diffreach,0.05406249603818836,,0.0,0.05406249603818836,affine_flag
,,"{1,tau,xi,tau^2,tau*xi}",,,upstream_symbolic_normalized,,,,,,,0.005,0.25,0.0,endpoint_raw,,,,True,,,,0.0,native_low_order,,,,,8.286127820611e-05,,,0,,,,coupled_quadratic,diffreach,0.0429775920432517,,0.0,0.0429775920432517,restricted_quasiquadratic
,,"{1,tau,xi,tau^2,tau*xi}",,,upstream_symbolic_normalized,,,,,,,0.005,0.25,0.0,endpoint_raw,,,,True,,,,0.0,native_low_order,,,,,8.286127820611e-05,,,1,,,,coupled_quadratic,diffreach,0.0334531672415343,,0.0,0.0334531672415343,restricted_quasiquadratic
,,"{1,tau,xi,tau^2,tau*xi}",,,upstream_symbolic_normalized,,,,,,,0.005,0.25,0.0,endpoint_raw,,,,True,,,,0.0,native_low_order,,,,,3.778056241571903e-05,,,0,,,,coupled_quadratic,diffreach,0.06658311971630304,,0.0,0.06658311971630304,quasi_window1_round1
,,"{1,tau,xi,tau^2,tau*xi}",,,upstream_symbolic_normalized,,,,,,,0.005,0.25,0.0,endpoint_raw,,,,True,,,,0.0,native_low_order,,,,,3.778056241571903e-05,,,1,,,,coupled_quadratic,diffreach,0.09490189499964713,,0.0,0.09490189499964713,quasi_window1_round1
,,"{1,tau,xi,tau^2,tau*xi}",,,upstream_symbolic_normalized,,,,,,,0.005,0.25,0.0,endpoint_raw,,,,True,,,,0.0,native_low_order,,,,,6.638594903051853e-05,,,0,,,,coupled_quadratic,diffreach,0.04297791041868927,,0.0,0.04297791041868927,quasi_window10_round3
,,"{1,tau,xi,tau^2,tau*xi}",,,upstream_symbolic_normalized,,,,,,,0.005,0.25,0.0,endpoint_raw,,,,True,,,,0.0,native_low_order,,,,,6.638594903051853e-05,,,1,,,,coupled_quadratic,diffreach,0.0334548673668576,,0.0,0.0334548673668576,quasi_window10_round3
,,"{1,tau,xi}",,,upstream_symbolic_normalized,,,,,,,0.01,0.25,0.0,endpoint_raw,,,,True,,,,0.0,native_low_order,,,,,6.394943222403526e-05,,,0,,,,coupled_quadratic,diffreach,0.04335384475886005,,0.0,0.04335384475886005,affine_flag
,,"{1,tau,xi}",,,upstream_symbolic_normalized,,,,,,,0.01,0.25,0.0,endpoint_raw,,,,True,,,,0.0,native_low_order,,,,,6.394943222403526e-05,,,1,,,,coupled_quadratic,diffreach,0.054231722544384464,,0.0,0.054231722544384464,affine_flag
,,"{1,tau,xi,tau^2,tau*xi}",,,upstream_symbolic_normalized,,,,,,,0.01,0.25,0.0,endpoint_raw,,,,True,,,,0.0,native_low_order,,,,,9.055471047759057e-05,,,0,,,,coupled_quadratic,diffreach,0.04298894317792923,,0.0,0.04298894317792923,restricted_quasiquadratic
,,"{1,tau,xi,tau^2,tau*xi}",,,upstream_symbolic_normalized,,,,,,,0.01,0.25,0.0,endpoint_raw,,,,True,,,,0.0,native_low_order,,,,,9.055471047759057e-05,,,1,,,,coupled_quadratic,diffreach,0.03377748832677285,,0.0,0.03377748832677285,restricted_quasiquadratic
,,"{1,tau,xi,tau^2,tau*xi}",,,upstream_symbolic_normalized,,,,,,,0.01,0.25,0.0,endpoint_raw,,,,True,,,,0.0,native_low_order,,,,,4.740137606859207e-05,,,0,,,,coupled_quadratic,diffreach,0.06657522355962976,,0.0,0.06657522355962976,quasi_window1_round1
,,"{1,tau,xi,tau^2,tau*xi}",,,upstream_symbolic_normalized,,,,,,,0.01,0.25,0.0,endpoint_raw,,,,True,,,,0.0,native_low_order,,,,,4.740137606859207e-05,,,1,,,,coupled_quadratic,diffreach,0.0959394843105721,,0.0,0.0959394843105721,quasi_window1_round1
,,"{1,tau,xi,tau^2,tau*xi}",,,upstream_symbolic_normalized,,,,,,,0.01,0.25,0.0,endpoint_raw,,,,True,,,,0.0,native_low_order,,,,,9.32619534432888e-05,,,0,,,,coupled_quadratic,diffreach,0.042990216484787236,,0.0,0.042990216484787236,quasi_window10_round3
,,"{1,tau,xi,tau^2,tau*xi}",,,upstream_symbolic_normalized,,,,,,,0.01,0.25,0.0,endpoint_raw,,,,True,,,,0.0,native_low_order,,,,,9.32619534432888e-05,,,1,,,,coupled_quadratic,diffreach,0.03378437125664746,,0.0,0.03378437125664746,quasi_window10_round3
,,"{1,tau,xi}",,,upstream_symbolic_normalized,,,,,,,0.005,1.0,0.0,endpoint_raw,,,,True,,,,0.0,native_low_order,,,,,5.387641489505768e-05,,,0,,,,van_der_pol,diffreach,1.6297255220703204,,0.0,1.6297255220703204,affine_flag
,,"{1,tau,xi}",,,upstream_symbolic_normalized,,,,,,,0.005,1.0,0.0,endpoint_raw,,,,True,,,,0.0,native_low_order,,,,,5.387641489505768e-05,,,1,,,,van_der_pol,diffreach,7.9366121731784345,,0.0,7.9366121731784345,affine_flag
,,"{1,tau,xi,tau^2,tau*xi}",,,upstream_symbolic_normalized,,,,,,,0.005,1.0,0.0,endpoint_raw,,,,True,,,,0.0,native_low_order,,,,,5.888275569304824e-05,,,0,,,,van_der_pol,diffreach,0.11826359632019146,,0.0,0.11826359632019146,restricted_quasiquadratic
,,"{1,tau,xi,tau^2,tau*xi}",,,upstream_symbolic_normalized,,,,,,,0.005,1.0,0.0,endpoint_raw,,,,True,,,,0.0,native_low_order,,,,,5.888275569304824e-05,,,1,,,,van_der_pol,diffreach,0.14064663658680115,,0.0,0.14064663658680115,restricted_quasiquadratic
,,"{1,tau,xi,tau^2,tau*xi}",,,upstream_symbolic_normalized,,,,,,,0.005,1.0,0.0,endpoint_raw,,,,True,,,,0.0,native_low_order,,,,,2.386608626693487e-05,,,0,,,,van_der_pol,diffreach,1.7413966037419675,,0.0,1.7413966037419675,quasi_window1_round1
,,"{1,tau,xi,tau^2,tau*xi}",,,upstream_symbolic_normalized,,,,,,,0.005,1.0,0.0,endpoint_raw,,,,True,,,,0.0,native_low_order,,,,,2.386608626693487e-05,,,1,,,,van_der_pol,diffreach,3.7613524073753863,,0.0,3.7613524073753863,quasi_window1_round1
,,"{1,tau,xi,tau^2,tau*xi}",,,upstream_symbolic_normalized,,,,,,,0.005,1.0,0.0,endpoint_raw,,,,True,,,,0.0,native_low_order,,,,,3.894855501130223e-05,,,0,,,,van_der_pol,diffreach,0.13415629659935213,,0.0,0.13415629659935213,quasi_window10_round3
,,"{1,tau,xi,tau^2,tau*xi}",,,upstream_symbolic_normalized,,,,,,,0.005,1.0,0.0,endpoint_raw,,,,True,,,,0.0,native_low_order,,,,,3.894855501130223e-05,,,1,,,,van_der_pol,diffreach,0.15442717270932488,,0.0,0.15442717270932488,quasi_window10_round3
,,"{1,tau,xi}",,,upstream_symbolic_normalized,,,,,,,0.01,1.0,0.0,endpoint_raw,,,,True,,,,0.0,native_low_order,,,,,5.5314931087195875e-05,,,0,,,,van_der_pol,diffreach,1.1674729871567904,,0.0,1.1674729871567904,affine_flag
,,"{1,tau,xi}",,,upstream_symbolic_normalized,,,,,,,0.01,1.0,0.0,endpoint_raw,,,,True,,,,0.0,native_low_order,,,,,5.5314931087195875e-05,,,1,,,,van_der_pol,diffreach,4.970272925768296,,0.0,4.970272925768296,affine_flag
,,"{1,tau,xi,tau^2,tau*xi}",,,upstream_symbolic_normalized,,,,,,,0.01,1.0,0.0,endpoint_raw,,,,True,,,,0.0,native_low_order,,,,,6.697240751236677e-05,,,0,,,,van_der_pol,diffreach,0.12893579776439457,,0.0,0.12893579776439457,restricted_quasiquadratic
,,"{1,tau,xi,tau^2,tau*xi}",,,upstream_symbolic_normalized,,,,,,,0.01,1.0,0.0,endpoint_raw,,,,True,,,,0.0,native_low_order,,,,,6.697240751236677e-05,,,1,,,,van_der_pol,diffreach,0.15133241787615204,,0.0,0.15133241787615204,restricted_quasiquadratic
,,"{1,tau,xi,tau^2,tau*xi}",,,upstream_symbolic_normalized,,,,,,,0.01,1.0,0.0,endpoint_raw,,,,True,,,,0.0,native_low_order,,,,,2.538401633501053e-05,,,0,,,,van_der_pol,diffreach,1.6531357974924918,,0.0,1.6531357974924918,quasi_window1_round1
,,"{1,tau,xi,tau^2,tau*xi}",,,upstream_symbolic_normalized,,,,,,,0.01,1.0,0.0,endpoint_raw,,,,True,,,,0.0,native_low_order,,,,,2.538401633501053e-05,,,1,,,,van_der_pol,diffreach,3.710860489821561,,0.0,3.710860489821561,quasi_window1_round1
,,"{1,tau,xi,tau^2,tau*xi}",,,upstream_symbolic_normalized,,,,,,,0.01,1.0,0.0,endpoint_raw,,,,True,,,,0.0,native_low_order,,,,,4.3656090274453166e-05,,,0,,,,van_der_pol,diffreach,0.15204082117877538,,0.0,0.15204082117877538,quasi_window10_round3
,,"{1,tau,xi,tau^2,tau*xi}",,,upstream_symbolic_normalized,,,,,,,0.01,1.0,0.0,endpoint_raw,,,,True,,,,0.0,native_low_order,,,,,4.3656090274453166e-05,,,1,,,,van_der_pol,diffreach,0.17484872384984157,,0.0,0.17484872384984157,quasi_window10_round3
,,complete_total_degree_2,,,native_Flowpipe_tmvPre_tmv_composition,,,,,,,0.01,1.0,0.0031090863967486427,endpoint_raw,,,,True,,,,0.11079458421243157,native_low_order,,,,,0.000104,,,0,,,0.0,riccati,flowstar,0.11390367060918023,,0.0031090863967486427,1.6046192152785466e-17,root_cause_fixed_order_2
,,complete_total_degree_3,,,native_Flowpipe_tmvPre_tmv_composition,,,,,,,0.01,1.0,2.9574728993722777e-05,endpoint_raw,,,,True,,,,0.1169223416120164,native_practical,,,,,0.000193,,,0,,,0.0,riccati,flowstar,0.11695191634101011,,2.9574728993722777e-05,0.0,root_cause_fixed_order_3
,,complete_total_degree_4,,,native_Flowpipe_tmvPre_tmv_composition,,,,,,,0.01,1.0,8.423383050328365e-06,endpoint_raw,,,,True,,,,0.11695415921408076,native_practical,,,,,0.000335,,,0,,,0.0,riccati,flowstar,0.11696258259713109,,8.423383050328365e-06,6.600080725005508e-18,root_cause_fixed_order_4
,,complete_total_degree_6,,,native_Flowpipe_tmvPre_tmv_composition,,,,,,,0.01,1.0,8.388728986351045e-09,endpoint_raw,,,,True,,,,0.11695905695950576,native_practical,,,,,0.000897,,,0,,,0.0,riccati,flowstar,0.11695906534823476,,8.388728986351045e-09,1.6754898994924973e-17,root_cause_fixed_order_6
,,complete_total_degree_2,,,native_Flowpipe_tmvPre_tmv_composition,,,,,,,0.01,4.0,0.13860806192685618,endpoint_raw,,,,True,,,,0.28779031952852957,native_low_order,,,,,0.000114,,,0,,,0.0,harmonic,flowstar,0.4263983814553858,,0.13860806192685618,2.7755575615628914e-17,root_cause_fixed_order_2
,,complete_total_degree_2,,,native_Flowpipe_tmvPre_tmv_composition,,,,,,,0.01,4.0,0.13860806192685618,endpoint_raw,,,,True,,,,0.28779031952852957,native_low_order,,,,,0.000114,,,1,,,0.0,harmonic,flowstar,0.4263983814553858,,0.13860806192685618,2.7755575615628914e-17,root_cause_fixed_order_2
,,complete_total_degree_3,,,native_Flowpipe_tmvPre_tmv_composition,,,,,,,0.01,4.0,0.0006591629167585615,endpoint_raw,,,,True,,,,0.2820879882410469,native_practical,,,,,0.00015,,,0,,,0.0,harmonic,flowstar,0.2827471511578055,,0.0006591629167585615,4.2934406030425976e-17,root_cause_fixed_order_3
,,complete_total_degree_3,,,native_Flowpipe_tmvPre_tmv_composition,,,,,,,0.01,4.0,0.0006591629167585615,endpoint_raw,,,,True,,,,0.2820879882410469,native_practical,,,,,0.00015,,,1,,,0.0,harmonic,flowstar,0.2827471511578055,,0.0006591629167585615,4.2934406030425976e-17,root_cause_fixed_order_3
,,complete_total_degree_4,,,native_Flowpipe_tmvPre_tmv_composition,,,,,,,0.01,4.0,2.1967722430607328e-06,endpoint_raw,,,,True,,,,0.2820891761935003,native_practical,,,,,0.000182,,,0,,,0.0,harmonic,flowstar,0.28209137296574344,,2.1967722430607328e-06,5.192184911726773e-17,root_cause_fixed_order_4
,,complete_total_degree_4,,,native_Flowpipe_tmvPre_tmv_composition,,,,,,,0.01,4.0,2.1967722430607328e-06,endpoint_raw,,,,True,,,,0.2820891761935003,native_practical,,,,,0.000182,,,1,,,0.0,harmonic,flowstar,0.28209137296574344,,2.1967722430607328e-06,5.192184911726773e-17,root_cause_fixed_order_4
,,complete_total_degree_6,,,native_Flowpipe_tmvPre_tmv_composition,,,,,,,0.01,4.0,1.0984563407471318e-11,endpoint_raw,,,,True,,,,0.2820892232344647,native_practical,,,,,0.000249,,,0,,,0.0,harmonic,flowstar,0.2820892232454493,,1.0984563407471318e-11,3.870932121208588e-17,root_cause_fixed_order_6
,,complete_total_degree_6,,,native_Flowpipe_tmvPre_tmv_composition,,,,,,,0.01,4.0,1.0984563407471318e-11,endpoint_raw,,,,True,,,,0.2820892232344647,native_practical,,,,,0.000249,,,1,,,0.0,harmonic,flowstar,0.2820892232454493,,1.0984563407471318e-11,3.870932121208588e-17,root_cause_fixed_order_6
,,complete_total_degree_2,,,native_Flowpipe_tmvPre_tmv_composition,,,,,,,0.005,0.25,0.0002155744303360151,endpoint_raw,,,,True,,,,0.04277625763686346,native_low_order,,,,,0.000267,,,0,,,0.0,coupled_quadratic,flowstar,0.04299183206719949,,0.0002155744303360151,1.1763593571467723e-17,root_cause_fixed_order_2
,,complete_total_degree_2,,,native_Flowpipe_tmvPre_tmv_composition,,,,,,,0.005,0.25,0.00015838305358938678,endpoint_raw,,,,True,,,,0.03301509751910586,native_low_order,,,,,0.000267,,,1,,,0.0,coupled_quadratic,flowstar,0.033173480572695285,,0.00015838305358938678,3.583288180064592e-17,root_cause_fixed_order_2
,,complete_total_degree_3,,,native_Flowpipe_tmvPre_tmv_composition,,,,,,,0.005,0.25,1.3233702621138207e-06,endpoint_raw,,,,True,,,,0.04296771248362592,native_practical,,,,,0.000813,,,0,,,0.0,coupled_quadratic,flowstar,0.04296903585388806,,1.3233702621138207e-06,2.4092158118754065e-17,root_cause_fixed_order_3
,,complete_total_degree_3,,,native_Flowpipe_tmvPre_tmv_composition,,,,,,,0.005,0.25,1.250665785900029e-06,endpoint_raw,,,,True,,,,0.03322857420247377,native_practical,,,,,0.000813,,,1,,,0.0,coupled_quadratic,flowstar,0.033229824868259705,,1.250665785900029e-06,3.45502621602661e-17,root_cause_fixed_order_3
,,complete_total_degree_4,,,native_Flowpipe_tmvPre_tmv_composition,,,,,,,0.005,0.25,4.345493826232216e-08,endpoint_raw,,,,True,,,,0.042967657434773945,native_practical,,,,,0.001732,,,0,,,0.0,coupled_quadratic,flowstar,0.04296770088971223,,4.345493826232216e-08,2.4291237331138427e-17,root_cause_fixed_order_4
,,complete_total_degree_4,,,native_Flowpipe_tmvPre_tmv_composition,,,,,,,0.005,0.25,3.9523944149203456e-08,endpoint_raw,,,,True,,,,0.03322844644622447,native_practical,,,,,0.001732,,,1,,,0.0,coupled_quadratic,flowstar,0.03322848597016864,,3.9523944149203456e-08,2.3855366087882185e-17,root_cause_fixed_order_4
,,complete_total_degree_6,,,native_Flowpipe_tmvPre_tmv_composition,,,,,,,0.005,0.25,7.481853809642587e-12,endpoint_raw,,,,True,,,,0.042967678211541724,native_practical,,,,,0.006798,,,0,,,0.0,coupled_quadratic,flowstar,0.0429676782190236,,7.481853809642587e-12,2.2420033189993433e-17,root_cause_fixed_order_6
,,complete_total_degree_6,,,native_Flowpipe_tmvPre_tmv_composition,,,,,,,0.005,0.25,3.8332714946476555e-12,endpoint_raw,,,,True,,,,0.03322846477713576,native_practical,,,,,0.006798,,,1,,,0.0,coupled_quadratic,flowstar,0.03322846478096905,,3.8332714946476555e-12,2.329805123812721e-17,root_cause_fixed_order_6
,,complete_total_degree_2,,,native_Flowpipe_tmvPre_tmv_composition,,,,,,,0.01,0.25,0.0002370759821319489,endpoint_raw,,,,True,,,,0.042780586439712276,native_low_order,,,,,0.000273,,,0,,,0.0,coupled_quadratic,flowstar,0.04301766242184424,,0.0002370759821319489,1.3444106938820255e-17,root_cause_fixed_order_2
,,complete_total_degree_2,,,native_Flowpipe_tmvPre_tmv_composition,,,,,,,0.01,0.25,0.00021954914474011847,endpoint_raw,,,,True,,,,0.03299763249899812,native_low_order,,,,,0.000273,,,1,,,0.0,coupled_quadratic,flowstar,0.03321718164373827,,0.00021954914474011847,3.1387652893455353e-17,root_cause_fixed_order_2
,,complete_total_degree_3,,,native_Flowpipe_tmvPre_tmv_composition,,,,,,,0.01,0.25,2.7492193150684993e-06,endpoint_raw,,,,True,,,,0.04296774696342753,native_practical,,,,,0.00084,,,0,,,0.0,coupled_quadratic,flowstar,0.04297049618274264,,2.7492193150684993e-06,3.5579618949416886e-17,root_cause_fixed_order_3
,,complete_total_degree_3,,,native_Flowpipe_tmvPre_tmv_composition,,,,,,,0.01,0.25,2.8129609221588317e-06,endpoint_raw,,,,True,,,,0.03322874606949161,native_practical,,,,,0.00084,,,1,,,0.0,coupled_quadratic,flowstar,0.033231559030413804,,2.8129609221588317e-06,3.502057720422905e-17,root_cause_fixed_order_3
,,complete_total_degree_4,,,native_Flowpipe_tmvPre_tmv_composition,,,,,,,0.01,0.25,9.116116070697489e-08,endpoint_raw,,,,True,,,,0.04296763690288059,native_practical,,,,,0.001817,,,0,,,0.0,coupled_quadratic,flowstar,0.042967728064041324,,9.116116070697489e-08,2.429301080637174e-17,root_cause_fixed_order_4
,,complete_total_degree_4,,,native_Flowpipe_tmvPre_tmv_composition,,,,,,,0.01,0.25,8.685164671944137e-08,endpoint_raw,,,,True,,,,0.033228427769534996,native_practical,,,,,0.001817,,,1,,,0.0,coupled_quadratic,flowstar,0.03322851462118173,,8.685164671944137e-08,1.6167039931557013e-17,root_cause_fixed_order_4
,,complete_total_degree_6,,,native_Flowpipe_tmvPre_tmv_composition,,,,,,,0.01,0.25,3.1406378948250645e-11,endpoint_raw,,,,True,,,,0.04296767820550795,native_practical,,,,,0.006583,,,0,,,0.0,coupled_quadratic,flowstar,0.042967678236914345,,3.1406378948250645e-11,1.2428192209439668e-17,root_cause_fixed_order_6
,,complete_total_degree_6,,,native_Flowpipe_tmvPre_tmv_composition,,,,,,,0.01,0.25,1.6868555097944926e-11,endpoint_raw,,,,True,,,,0.033228464771837773,native_practical,,,,,0.006583,,,1,,,0.0,coupled_quadratic,flowstar,0.03322846478870636,,1.6868555097944926e-11,3.4760331623848614e-17,root_cause_fixed_order_6
,,complete_total_degree_2,,,native_Flowpipe_tmvPre_tmv_composition,,,,,,,0.005,1.0,0.09964462111892412,endpoint_raw,,,,True,,,,0.06681870729011807,native_low_order,,,,,0.000295,,,0,,,0.0,van_der_pol,flowstar,0.16646332840904243,,0.09964462111892412,2.3592239273284576e-16,root_cause_fixed_order_2
,,complete_total_degree_2,,,native_Flowpipe_tmvPre_tmv_composition,,,,,,,0.005,1.0,0.08332702341562756,endpoint_raw,,,,True,,,,0.09604691278458344,native_low_order,,,,,0.000295,,,1,,,0.0,van_der_pol,flowstar,0.17937393620021103,,0.08332702341562756,2.7755575615628914e-17,root_cause_fixed_order_2
,,complete_total_degree_3,,,native_Flowpipe_tmvPre_tmv_composition,,,,,,,0.005,1.0,0.0056952317313721836,endpoint_raw,,,,True,,,,0.08462175979434239,native_practical,,,,,0.000699,,,0,,,0.0,van_der_pol,flowstar,0.09031699152571471,,0.0056952317313721836,1.3530843112619095e-16,root_cause_fixed_order_3
,,complete_total_degree_3,,,native_Flowpipe_tmvPre_tmv_composition,,,,,,,0.005,1.0,0.004421361693792304,endpoint_raw,,,,True,,,,0.11251290910429079,native_practical,,,,,0.000699,,,1,,,0.0,van_der_pol,flowstar,0.11693427079808316,,0.004421361693792304,6.505213034913027e-17,root_cause_fixed_order_3
,,complete_total_degree_4,,,native_Flowpipe_tmvPre_tmv_composition,,,,,,,0.005,1.0,0.0003533803629439272,endpoint_raw,,,,True,,,,0.08472350294899922,native_practical,,,,,0.001914,,,0,,,0.0,van_der_pol,flowstar,0.0850768833119433,,0.0003533803629439272,1.5070410197548512e-16,root_cause_fixed_order_4
,,complete_total_degree_4,,,native_Flowpipe_tmvPre_tmv_composition,,,,,,,0.005,1.0,0.00026193443172153863,endpoint_raw,,,,True,,,,0.11255983276091419,native_practical,,,,,0.001914,,,1,,,0.0,van_der_pol,flowstar,0.11282176719263581,,0.00026193443172153863,8.348356728138384e-17,root_cause_fixed_order_4
,,complete_total_degree_6,,,native_Flowpipe_tmvPre_tmv_composition,,,,,,,0.005,1.0,8.147726634185032e-07,endpoint_raw,,,,True,,,,0.08471058787925667,native_practical,,,,,0.010378,,,0,,,0.0,van_der_pol,flowstar,0.08471140265192023,,8.147726634185032e-07,1.413897041710032e-16,root_cause_fixed_order_6
,,complete_total_degree_6,,,native_Flowpipe_tmvPre_tmv_composition,,,,,,,0.005,1.0,6.051528131185341e-07,endpoint_raw,,,,True,,,,0.11255656500804989,native_practical,,,,,0.010378,,,1,,,0.0,van_der_pol,flowstar,0.11255717016086303,,6.051528131185341e-07,1.9353961690931915e-17,root_cause_fixed_order_6
,,complete_total_degree_2,,,native_Flowpipe_tmvPre_tmv_composition,,,,,,,0.01,1.0,0.1611377564609636,endpoint_raw,,,,True,,,,0.06473482946809161,native_low_order,,,,,0.000282,,,0,,,0.0,van_der_pol,flowstar,0.22587258592905557,,0.1611377564609636,3.608224830031759e-16,root_cause_fixed_order_2
,,complete_total_degree_2,,,native_Flowpipe_tmvPre_tmv_composition,,,,,,,0.01,1.0,0.142919764946149,endpoint_raw,,,,True,,,,0.09623038136564865,native_low_order,,,,,0.000282,,,1,,,0.0,van_der_pol,flowstar,0.23915014631179776,,0.142919764946149,1.1102230246251565e-16,root_cause_fixed_order_2
,,complete_total_degree_3,,,native_Flowpipe_tmvPre_tmv_composition,,,,,,,0.01,1.0,0.010982953287621642,endpoint_raw,,,,True,,,,0.08449256455427667,native_practical,,,,,0.000726,,,0,,,0.0,van_der_pol,flowstar,0.09547551784189845,,0.010982953287621642,1.3530843112619095e-16,root_cause_fixed_order_3
,,complete_total_degree_3,,,native_Flowpipe_tmvPre_tmv_composition,,,,,,,0.01,1.0,0.008790639982815457,endpoint_raw,,,,True,,,,0.11272481906017029,native_practical,,,,,0.000726,,,1,,,0.0,van_der_pol,flowstar,0.12151545904298577,,0.008790639982815457,2.7755575615628914e-17,root_cause_fixed_order_3
,,complete_total_degree_4,,,native_Flowpipe_tmvPre_tmv_composition,,,,,,,0.01,1.0,0.0008877083761697439,endpoint_raw,,,,True,,,,0.08474328546110765,native_practical,,,,,0.002005,,,0,,,0.0,van_der_pol,flowstar,0.08563099383727768,,0.0008877083761697439,2.8275992658421956e-16,root_cause_fixed_order_4
,,complete_total_degree_4,,,native_Flowpipe_tmvPre_tmv_composition,,,,,,,0.01,1.0,0.0006697509938339572,endpoint_raw,,,,True,,,,0.11257024643659896,native_practical,,,,,0.002005,,,1,,,0.0,van_der_pol,flowstar,0.113239997430433,,0.0006697509938339572,8.239936510889834e-17,root_cause_fixed_order_4
,,complete_total_degree_6,,,native_Flowpipe_tmvPre_tmv_composition,,,,,,,0.01,1.0,4.023280926817282e-06,endpoint_raw,,,,True,,,,0.0847105885866406,native_practical,,,,,0.010945,,,0,,,0.0,van_der_pol,flowstar,0.08471461186756768,,4.023280926817282e-06,2.6176028575589094e-16,root_cause_fixed_order_6
,,complete_total_degree_6,,,native_Flowpipe_tmvPre_tmv_composition,,,,,,,0.01,1.0,2.923989727976745e-06,endpoint_raw,,,,True,,,,0.1125565947365953,native_practical,,,,,0.010945,,,1,,,0.0,van_der_pol,flowstar,0.1125595187263233,,2.923989727976745e-06,3.3034284942917713e-17,root_cause_fixed_order_6
,,complete_total_degree_4,,,native_symbolic_remainder_window_100,,,,,,,adaptive_0.002_to_0.1,10.0,0.19355980493175493,endpoint_raw,,,,True,,,,0.18897517304136535,native_practical,,,,,,,,0,,,0.0,van_der_pol,flowstar,0.3659719352290345,,0.19355980493175493,0.0,adaptive_order4_symbolic100
,,complete_total_degree_4,,,native_symbolic_remainder_window_100,,,,,,,adaptive_0.002_to_0.1,10.0,0.2859696028623713,endpoint_raw,,,,True,,,,0.2533616199993669,native_practical,,,,,,,,1,,,0.0,van_der_pol,flowstar,0.5209541309886361,,0.2859696028623713,0.0,adaptive_order4_symbolic100
flowstar_refinement_candidate,0,,1.6735506472177804,1e-06,,0,1e-15,unavailable,0.0027877911925315857,first_picard_inclusion_failed,Flowpipe::advance fixed-step/fixed-order first Picard image was not a subset; state=0 source_line=1119,0.01,,,,53,True,,,True,2,unavailable,,native_representation,unavailable,0.01,1,False,,candidate_1e-06,/srv/local/shengenli/torch_tm_flowpipe_three_tool_study/experiments/three_tool_deep_study/results/20260730T015245Z/logs/flowstar/refinement_disabled_native_representation_riccati_h0.01_T0.01_o2_r1e-06_c1e-15_p53/repair.cpp,,failed,/srv/local/shengenli/torch_tm_flowpipe_three_tool_study/experiments/three_tool_deep_study/results/20260730T015245Z/logs/flowstar/refinement_disabled_native_representation_riccati_h0.01_T0.01_o2_r1e-06_c1e-15_p53/run.stdout.txt,,riccati,flowstar,,13,,,refinement_disabled
flowstar_refinement_candidate,0,,1.6891558859497309,1e-06,,0,1e-15,unavailable,0.003052807878702879,first_picard_inclusion_failed,Flowpipe::advance fixed-step/fixed-order first Picard image was not a subset; state=0 source_line=1119,0.01,,,,53,False,,,False,2,unavailable,,native_representation,unavailable,0.01,1,False,,candidate_1e-06,/srv/local/shengenli/torch_tm_flowpipe_three_tool_study/experiments/three_tool_deep_study/results/20260730T015245Z/logs/flowstar/stock_cached_refinement_native_representation_riccati_h0.01_T0.01_o2_r1e-06_c1e-15_p53/repair.cpp,,failed,/srv/local/shengenli/torch_tm_flowpipe_three_tool_study/experiments/three_tool_deep_study/results/20260730T015245Z/logs/flowstar/stock_cached_refinement_native_representation_riccati_h0.01_T0.01_o2_r1e-06_c1e-15_p53/run.stdout.txt,,riccati,flowstar,,12,,,stock_cached_refinement
flowstar_refinement_candidate,0,,1.6921067819930613,1e-06,,0,1e-15,unavailable,0.0029926663264632225,first_picard_inclusion_failed,Flowpipe::advance fixed-step/fixed-order first Picard image was not a subset; state=0 source_line=1119,0.01,,,,53,False,,,False,2,unavailable,,native_representation,unavailable,0.01,1,True,,candidate_1e-06,/srv/local/shengenli/torch_tm_flowpipe_three_tool_study/experiments/three_tool_deep_study/results/20260730T015245Z/logs/flowstar/full_picard_revalidated_native_representation_riccati_h0.01_T0.01_o2_r1e-06_c1e-15_p53/repair.cpp,,failed,/srv/local/shengenli/torch_tm_flowpipe_three_tool_study/experiments/three_tool_deep_study/results/20260730T015245Z/logs/flowstar/full_picard_revalidated_native_representation_riccati_h0.01_T0.01_o2_r1e-06_c1e-15_p53/run.stdout.txt,,riccati,flowstar,,12,,,full_picard_revalidated
flowstar_refinement_candidate,0,,1.680098217446357,1e-06,,0,1e-15,unavailable,0.004577612038701773,first_picard_inclusion_failed,Flowpipe::advance fixed-step/fixed-order first Picard image was not a subset; state=0 source_line=1119,0.01,,,,53,True,,,False,2,unavailable,,native_representation,unavailable,0.01,1,False,,candidate_1e-06,/srv/local/shengenli/torch_tm_flowpipe_three_tool_study/experiments/three_tool_deep_study/results/20260730T015245Z/logs/flowstar/root_cause_leaf_cache_patch_native_representation_riccati_h0.01_T0.01_o2_r1e-06_c1e-15_p53/repair.cpp,,failed,/srv/local/shengenli/torch_tm_flowpipe_three_tool_study/experiments/three_tool_deep_study/results/20260730T015245Z/logs/flowstar/root_cause_leaf_cache_patch_native_representation_riccati_h0.01_T0.01_o2_r1e-06_c1e-15_p53/run.stdout.txt,,riccati,flowstar,,13,,,root_cause_leaf_cache_patch
flowstar_refinement_candidate,0,,1.6688251281157136,0.0001,,1,1e-15,0.10012565063131253,0.003946653101593256,,,0.01,,,,53,True,,,True,2,0.10010000000000001,,native_representation,2.56506313125016e-05,0.01,1,False,,candidate_0.0001,/srv/local/shengenli/torch_tm_flowpipe_three_tool_study/experiments/three_tool_deep_study/results/20260730T015245Z/logs/flowstar/refinement_disabled_native_representation_riccati_h0.01_T0.01_o2_r0.0001_c1e-15_p53/repair.cpp,,success,/srv/local/shengenli/torch_tm_flowpipe_three_tool_study/experiments/three_tool_deep_study/results/20260730T015245Z/logs/flowstar/refinement_disabled_native_representation_riccati_h0.01_T0.01_o2_r0.0001_c1e-15_p53/run.stdout.txt,,riccati,flowstar,,16,,,refinement_disabled
flowstar_refinement_candidate,1,,1.6938381879590452,0.0001,,1,1e-15,0.10012510022774868,0.004037327598780394,,,0.01,,,,53,False,,,False,2,0.10010000000000001,,native_representation,2.5100227748658935e-05,0.01,1,False,,candidate_0.0001,/srv/local/shengenli/torch_tm_flowpipe_three_tool_study/experiments/three_tool_deep_study/results/20260730T015245Z/logs/flowstar/stock_cached_refinement_native_representation_riccati_h0.01_T0.01_o2_r0.0001_c1e-15_p53/repair.cpp,,success,/srv/local/shengenli/torch_tm_flowpipe_three_tool_study/experiments/three_tool_deep_study/results/20260730T015245Z/logs/flowstar/stock_cached_refinement_native_representation_riccati_h0.01_T0.01_o2_r0.0001_c1e-15_p53/run.stdout.txt,,riccati,flowstar,,20,,,stock_cached_refinement
flowstar_refinement_candidate,0,,1.7957914522849023,0.0001,,1,1e-15,0.10012565063131253,0.004172507207840681,,,0.01,,,,53,False,,,False,2,0.10010000000000001,,native_representation,2.56506313125016e-05,0.01,1,True,,candidate_0.0001,/srv/local/shengenli/torch_tm_flowpipe_three_tool_study/experiments/three_tool_deep_study/results/20260730T015245Z/logs/flowstar/full_picard_revalidated_native_representation_riccati_h0.01_T0.01_o2_r0.0001_c1e-15_p53/repair.cpp,,success,/srv/local/shengenli/torch_tm_flowpipe_three_tool_study/experiments/three_tool_deep_study/results/20260730T015245Z/logs/flowstar/full_picard_revalidated_native_representation_riccati_h0.01_T0.01_o2_r0.0001_c1e-15_p53/run.stdout.txt,,riccati,flowstar,,21,,,full_picard_revalidated
flowstar_refinement_candidate,0,,1.7959747789427638,0.0001,,1,1e-15,0.10012530079110847,0.004549427889287472,,,0.01,,,,53,True,,,False,2,0.10010000000000001,,native_representation,2.5300791108456286e-05,0.01,1,False,,candidate_0.0001,/srv/local/shengenli/torch_tm_flowpipe_three_tool_study/experiments/three_tool_deep_study/results/20260730T015245Z/logs/flowstar/root_cause_leaf_cache_patch_native_representation_riccati_h0.01_T0.01_o2_r0.0001_c1e-15_p53/repair.cpp,,success,/srv/local/shengenli/torch_tm_flowpipe_three_tool_study/experiments/three_tool_deep_study/results/20260730T015245Z/logs/flowstar/root_cause_leaf_cache_patch_native_representation_riccati_h0.01_T0.01_o2_r0.0001_c1e-15_p53/run.stdout.txt,,riccati,flowstar,,23,,,root_cause_leaf_cache_patch
flowstar_refinement_candidate,0,,1.675190162844956,0.01,,1,1e-15,0.10016728013502502,0.002911610994488001,,,0.01,,,,53,True,,,True,2,0.10010000000000001,,native_representation,6.728013502500163e-05,0.01,1,False,,candidate_0.01,/srv/local/shengenli/torch_tm_flowpipe_three_tool_study/experiments/three_tool_deep_study/results/20260730T015245Z/logs/flowstar/refinement_disabled_native_representation_riccati_h0.01_T0.01_o2_r0.01_c1e-15_p53/repair.cpp,,success,/srv/local/shengenli/torch_tm_flowpipe_three_tool_study/experiments/three_tool_deep_study/results/20260730T015245Z/logs/flowstar/refinement_disabled_native_representation_riccati_h0.01_T0.01_o2_r0.01_c1e-15_p53/run.stdout.txt,,riccati,flowstar,,16,,,refinement_disabled
flowstar_refinement_candidate,1,,1.7849299749359488,0.01,,1,1e-15,0.10012510039443044,0.00427272729575634,,,0.01,,,,53,False,,,False,2,0.10010000000000001,,native_representation,2.5100394430429223e-05,0.01,1,False,,candidate_0.01,/srv/local/shengenli/torch_tm_flowpipe_three_tool_study/experiments/three_tool_deep_study/results/20260730T015245Z/logs/flowstar/stock_cached_refinement_native_representation_riccati_h0.01_T0.01_o2_r0.01_c1e-15_p53/repair.cpp,,success,/srv/local/shengenli/torch_tm_flowpipe_three_tool_study/experiments/three_tool_deep_study/results/20260730T015245Z/logs/flowstar/stock_cached_refinement_native_representation_riccati_h0.01_T0.01_o2_r0.01_c1e-15_p53/run.stdout.txt,,riccati,flowstar,,20,,,stock_cached_refinement
flowstar_refinement_candidate,0,,1.6636571800336242,0.01,,1,1e-15,0.10016728013502502,0.004067535046488047,,,0.01,,,,53,False,,,False,2,0.10010000000000001,,native_representation,6.728013502500163e-05,0.01,1,True,,candidate_0.01,/srv/local/shengenli/torch_tm_flowpipe_three_tool_study/experiments/three_tool_deep_study/results/20260730T015245Z/logs/flowstar/full_picard_revalidated_native_representation_riccati_h0.01_T0.01_o2_r0.01_c1e-15_p53/repair.cpp,,success,/srv/local/shengenli/torch_tm_flowpipe_three_tool_study/experiments/three_tool_deep_study/results/20260730T015245Z/logs/flowstar/full_picard_revalidated_native_representation_riccati_h0.01_T0.01_o2_r0.01_c1e-15_p53/run.stdout.txt,,riccati,flowstar,,21,,,full_picard_revalidated
flowstar_refinement_candidate,0,,1.6791563238948584,0.01,,1,1e-15,0.10012530095795709,0.004092662129551172,,,0.01,,,,53,True,,,False,2,0.10010000000000001,,native_representation,2.5300957957068798e-05,0.01,1,False,,candidate_0.01,/srv/local/shengenli/torch_tm_flowpipe_three_tool_study/experiments/three_tool_deep_study/results/20260730T015245Z/logs/flowstar/root_cause_leaf_cache_patch_native_representation_riccati_h0.01_T0.01_o2_r0.01_c1e-15_p53/repair.cpp,,success,/srv/local/shengenli/torch_tm_flowpipe_three_tool_study/experiments/three_tool_deep_study/results/20260730T015245Z/logs/flowstar/root_cause_leaf_cache_patch_native_representation_riccati_h0.01_T0.01_o2_r0.01_c1e-15_p53/run.stdout.txt,,riccati,flowstar,,23,,,root_cause_leaf_cache_patch
