accepted_step,accepted_steps,analytic_reference_contained,basis,carry,center_shift_from_initial,dependency_loss_metric,dependency_loss_semantics,directed_rounding_or_mpfr,endpoint_evaluation_path,excluded_from_authoritative,floating_point_enclosure_candidate,h,horizon,interval_center,interval_kind,lower,memory_measurement,memory_unavailable_reason,message,native_validation_passed,optional_jax_verify_shim_used,order,polynomial_width,protocol,reference_oracle,remainder_width,requested_step,reset_discarded_term_count,runtime_export_s,runtime_propagation_s,runtime_s,runtime_setup_s,runtime_unavailable_semantics,state_index,step_index,successful_horizon,system,time,tool,trajectory_sanity_passed,upper,validation_attempts,variant,width
0.01,49,,complete_total_degree_1,dependency_raw,0.005394374125203424,unavailable,dependency loss requires a matched carry/reset control,torch_nextafter_outward,,,True,0.01,1.0,0.05539437412520343,tube,-34.000950286717845,unavailable,this protocol did not isolate process/device peak memory,,True,,1,0.10000000000000003,native_low_order,analytic_interval_solution,68.01268932168608,0.01,0,unavailable,0.012814539019018412,0.012814539019018412,unavailable,unavailable means the backend did not isolate this component; it is not zero,0,49,0.49,riccati,0.49,torch_tm_flowpipe,not_applicable_analytic_reference,34.11173903496825,2,order1_raw_dependency,68.1126893216861
0.01,49,True,complete_total_degree_1,dependency_raw,0.005394374125203424,unavailable,dependency loss requires a matched carry/reset control,torch_nextafter_outward,,,True,0.01,1.0,0.05539437412520343,endpoint_raw,-34.000950286717845,unavailable,this protocol did not isolate process/device peak memory,,True,,1,0.10000000000000003,native_low_order,analytic_interval_solution,68.01268932168608,0.01,0,unavailable,0.012814539019018412,0.012814539019018412,unavailable,unavailable means the backend did not isolate this component; it is not zero,0,49,0.49,riccati,0.49,torch_tm_flowpipe,not_applicable_analytic_reference,34.11173903496825,2,order1_raw_dependency,68.1126893216861
0.01,49,,complete_total_degree_1,dependency_raw,0.0062609014440127425,unavailable,dependency loss requires a matched carry/reset control,torch_nextafter_outward,,,True,0.01,1.0,0.056260901444012745,endpoint_tightened_supplemental,-33.849563020615776,unavailable,this protocol did not isolate process/device peak memory,,True,,1,0.10000000000000003,native_low_order,analytic_interval_solution,67.71164784411957,0.01,0,unavailable,0.012814539019018412,0.012814539019018412,unavailable,unavailable means the backend did not isolate this component; it is not zero,0,49,0.49,riccati,0.49,torch_tm_flowpipe,not_applicable_analytic_reference,33.9620848235038,2,order1_raw_dependency,67.81164784411958
0.01,100,,complete_total_degree_1,dependency_tightened,0.005564707210929498,unavailable,dependency loss requires a matched carry/reset control,torch_nextafter_outward,,,True,0.01,1.0,0.0555647072109295,tube,-0.0015797377416565158,unavailable,this protocol did not isolate process/device peak memory,,True,,1,0.10000000000000003,native_low_order,analytic_interval_solution,0.014288889905171987,0.01,0,unavailable,0.012863843701779842,0.012863843701779842,unavailable,unavailable means the backend did not isolate this component; it is not zero,0,100,1.0,riccati,1.0,torch_tm_flowpipe,not_applicable_analytic_reference,0.11270915216351551,2,order1_legacy_tightened,0.11428888990517203
0.01,100,True,complete_total_degree_1,dependency_tightened,0.005564707210929498,unavailable,dependency loss requires a matched carry/reset control,torch_nextafter_outward,,,True,0.01,1.0,0.0555647072109295,endpoint_raw,-0.0015797377416565158,unavailable,this protocol did not isolate process/device peak memory,,True,,1,0.10000000000000003,native_low_order,analytic_interval_solution,0.014288889905171987,0.01,0,unavailable,0.012863843701779842,0.012863843701779842,unavailable,unavailable means the backend did not isolate this component; it is not zero,0,100,1.0,riccati,1.0,torch_tm_flowpipe,not_applicable_analytic_reference,0.11270915216351551,2,order1_legacy_tightened,0.11428888990517203
0.01,100,,complete_total_degree_1,dependency_tightened,0.0055649237151180475,unavailable,dependency loss requires a matched carry/reset control,torch_nextafter_outward,,,True,0.01,1.0,0.05556492371511805,endpoint_tightened_supplemental,-0.0001538911418179196,unavailable,this protocol did not isolate process/device peak memory,,True,,1,0.10000000000000003,native_low_order,analytic_interval_solution,0.0114376297138719,0.01,0,unavailable,0.012863843701779842,0.012863843701779842,unavailable,unavailable means the backend did not isolate this component; it is not zero,0,100,1.0,riccati,1.0,torch_tm_flowpipe,not_applicable_analytic_reference,0.11128373857205402,2,order1_legacy_tightened,0.11143762971387194
0.01,100,,complete_total_degree_1,range_only,0.005626242000821589,unavailable,dependency loss requires a matched carry/reset control,torch_nextafter_outward,,,True,0.01,1.0,0.05562624200082159,tube,-0.0014065607244697152,unavailable,this protocol did not isolate process/device peak memory,,True,,1,0.11390735557632345,native_low_order,analytic_interval_solution,0.0001582498742591578,0.01,0,unavailable,0.01292662788182497,0.01292662788182497,unavailable,unavailable means the backend did not isolate this component; it is not zero,0,100,1.0,riccati,1.0,torch_tm_flowpipe,not_applicable_analytic_reference,0.1126590447261129,2,order1_range_only,0.11406560545058263
0.01,100,True,complete_total_degree_1,range_only,0.005626242000821589,unavailable,dependency loss requires a matched carry/reset control,torch_nextafter_outward,,,True,0.01,1.0,0.05562624200082159,endpoint_raw,-0.0014065607244697152,unavailable,this protocol did not isolate process/device peak memory,,True,,1,0.11390735557632345,native_low_order,analytic_interval_solution,0.0001582498742591578,0.01,0,unavailable,0.01292662788182497,0.01292662788182497,unavailable,unavailable means the backend did not isolate this component; it is not zero,0,100,1.0,riccati,1.0,torch_tm_flowpipe,not_applicable_analytic_reference,0.1126590447261129,2,order1_range_only,0.11406560545058263
0.01,100,,complete_total_degree_1,range_only,0.00562638453690175,unavailable,dependency loss requires a matched carry/reset control,torch_nextafter_outward,,,True,0.01,1.0,0.05562638453690175,endpoint_tightened_supplemental,-0.0013907713710644097,unavailable,this protocol did not isolate process/device peak memory,,True,,1,0.11390735557632345,native_low_order,analytic_interval_solution,0.000126956239608864,0.01,0,unavailable,0.01292662788182497,0.01292662788182497,unavailable,unavailable means the backend did not isolate this component; it is not zero,0,100,1.0,riccati,1.0,torch_tm_flowpipe,not_applicable_analytic_reference,0.11264354044486792,2,order1_range_only,0.11403431181593233
0.01,400,,complete_total_degree_1,dependency_raw,0.0,unavailable,dependency loss requires a matched carry/reset control,torch_nextafter_outward,,,True,0.01,4.0,0.0,tube,-1.4802512005434878e+38,unavailable,this protocol did not isolate process/device peak memory,,True,,1,0.20000000000000007,native_low_order,analytic_interval_solution,2.9605024010869753e+38,0.01,0,unavailable,0.025056859012693167,0.025056859012693167,unavailable,unavailable means the backend did not isolate this component; it is not zero,0,400,4.0,harmonic,4.0,torch_tm_flowpipe,not_applicable_analytic_reference,1.4802512005434878e+38,2,order1_raw_dependency,2.9605024010869757e+38
0.01,400,,complete_total_degree_1,dependency_raw,0.0,unavailable,dependency loss requires a matched carry/reset control,torch_nextafter_outward,,,True,0.01,4.0,0.0,tube,-1.4802512005434878e+38,unavailable,this protocol did not isolate process/device peak memory,,True,,1,0.20000000000000007,native_low_order,analytic_interval_solution,2.9605024010869753e+38,0.01,0,unavailable,0.025056859012693167,0.025056859012693167,unavailable,unavailable means the backend did not isolate this component; it is not zero,1,400,4.0,harmonic,4.0,torch_tm_flowpipe,not_applicable_analytic_reference,1.4802512005434878e+38,2,order1_raw_dependency,2.9605024010869757e+38
0.01,400,True,complete_total_degree_1,dependency_raw,0.0,unavailable,dependency loss requires a matched carry/reset control,torch_nextafter_outward,,,True,0.01,4.0,0.0,endpoint_raw,-1.4802512005434878e+38,unavailable,this protocol did not isolate process/device peak memory,,True,,1,0.20000000000000007,native_low_order,analytic_interval_solution,2.9605024010869753e+38,0.01,0,unavailable,0.025056859012693167,0.025056859012693167,unavailable,unavailable means the backend did not isolate this component; it is not zero,0,400,4.0,harmonic,4.0,torch_tm_flowpipe,not_applicable_analytic_reference,1.4802512005434878e+38,2,order1_raw_dependency,2.9605024010869757e+38
0.01,400,True,complete_total_degree_1,dependency_raw,0.0,unavailable,dependency loss requires a matched carry/reset control,torch_nextafter_outward,,,True,0.01,4.0,0.0,endpoint_raw,-1.4802512005434878e+38,unavailable,this protocol did not isolate process/device peak memory,,True,,1,0.20000000000000007,native_low_order,analytic_interval_solution,2.9605024010869753e+38,0.01,0,unavailable,0.025056859012693167,0.025056859012693167,unavailable,unavailable means the backend did not isolate this component; it is not zero,1,400,4.0,harmonic,4.0,torch_tm_flowpipe,not_applicable_analytic_reference,1.4802512005434878e+38,2,order1_raw_dependency,2.9605024010869757e+38
0.01,400,,complete_total_degree_1,dependency_raw,0.0,unavailable,dependency loss requires a matched carry/reset control,torch_nextafter_outward,,,True,0.01,4.0,0.0,endpoint_tightened_supplemental,-1.1872787104557219e+38,unavailable,this protocol did not isolate process/device peak memory,,True,,1,0.20000000000000007,native_low_order,analytic_interval_solution,2.3745574209114434e+38,0.01,0,unavailable,0.025056859012693167,0.025056859012693167,unavailable,unavailable means the backend did not isolate this component; it is not zero,0,400,4.0,harmonic,4.0,torch_tm_flowpipe,not_applicable_analytic_reference,1.1872787104557219e+38,2,order1_raw_dependency,2.3745574209114438e+38
0.01,400,,complete_total_degree_1,dependency_raw,0.0,unavailable,dependency loss requires a matched carry/reset control,torch_nextafter_outward,,,True,0.01,4.0,0.0,endpoint_tightened_supplemental,-1.1872787104557219e+38,unavailable,this protocol did not isolate process/device peak memory,,True,,1,0.20000000000000007,native_low_order,analytic_interval_solution,2.3745574209114434e+38,0.01,0,unavailable,0.025056859012693167,0.025056859012693167,unavailable,unavailable means the backend did not isolate this component; it is not zero,1,400,4.0,harmonic,4.0,torch_tm_flowpipe,not_applicable_analytic_reference,1.1872787104557219e+38,2,order1_raw_dependency,2.3745574209114438e+38
0.01,400,,complete_total_degree_1,dependency_tightened,0.0,unavailable,dependency loss requires a matched carry/reset control,torch_nextafter_outward,,,True,0.01,4.0,0.0,tube,-15.114871492901782,unavailable,this protocol did not isolate process/device peak memory,,True,,1,0.20000000000000007,native_low_order,analytic_interval_solution,30.029742985803562,0.01,0,unavailable,0.025331576820462942,0.025331576820462942,unavailable,unavailable means the backend did not isolate this component; it is not zero,0,400,4.0,harmonic,4.0,torch_tm_flowpipe,not_applicable_analytic_reference,15.114871492901782,2,order1_legacy_tightened,30.229742985803565
0.01,400,,complete_total_degree_1,dependency_tightened,0.0,unavailable,dependency loss requires a matched carry/reset control,torch_nextafter_outward,,,True,0.01,4.0,0.0,tube,-15.114871492901795,unavailable,this protocol did not isolate process/device peak memory,,True,,1,0.20000000000000007,native_low_order,analytic_interval_solution,30.029742985803587,0.01,0,unavailable,0.025331576820462942,0.025331576820462942,unavailable,unavailable means the backend did not isolate this component; it is not zero,1,400,4.0,harmonic,4.0,torch_tm_flowpipe,not_applicable_analytic_reference,15.114871492901795,2,order1_legacy_tightened,30.22974298580359
0.01,400,True,complete_total_degree_1,dependency_tightened,0.0,unavailable,dependency loss requires a matched carry/reset control,torch_nextafter_outward,,,True,0.01,4.0,0.0,endpoint_raw,-15.114871492901782,unavailable,this protocol did not isolate process/device peak memory,,True,,1,0.20000000000000007,native_low_order,analytic_interval_solution,30.029742985803562,0.01,0,unavailable,0.025331576820462942,0.025331576820462942,unavailable,unavailable means the backend did not isolate this component; it is not zero,0,400,4.0,harmonic,4.0,torch_tm_flowpipe,not_applicable_analytic_reference,15.114871492901782,2,order1_legacy_tightened,30.229742985803565
0.01,400,True,complete_total_degree_1,dependency_tightened,0.0,unavailable,dependency loss requires a matched carry/reset control,torch_nextafter_outward,,,True,0.01,4.0,0.0,endpoint_raw,-15.114871492901795,unavailable,this protocol did not isolate process/device peak memory,,True,,1,0.20000000000000007,native_low_order,analytic_interval_solution,30.029742985803587,0.01,0,unavailable,0.025331576820462942,0.025331576820462942,unavailable,unavailable means the backend did not isolate this component; it is not zero,1,400,4.0,harmonic,4.0,torch_tm_flowpipe,not_applicable_analytic_reference,15.114871492901795,2,order1_legacy_tightened,30.22974298580359
0.01,400,,complete_total_degree_1,dependency_tightened,0.0,unavailable,dependency loss requires a matched carry/reset control,torch_nextafter_outward,,,True,0.01,4.0,0.0,endpoint_tightened_supplemental,-12.143126135049238,unavailable,this protocol did not isolate process/device peak memory,,True,,1,0.20000000000000007,native_low_order,analytic_interval_solution,24.086252270098473,0.01,0,unavailable,0.025331576820462942,0.025331576820462942,unavailable,unavailable means the backend did not isolate this component; it is not zero,0,400,4.0,harmonic,4.0,torch_tm_flowpipe,not_applicable_analytic_reference,12.143126135049238,2,order1_legacy_tightened,24.286252270098476
0.01,400,,complete_total_degree_1,dependency_tightened,0.0,unavailable,dependency loss requires a matched carry/reset control,torch_nextafter_outward,,,True,0.01,4.0,0.0,endpoint_tightened_supplemental,-12.143126135049247,unavailable,this protocol did not isolate process/device peak memory,,True,,1,0.20000000000000007,native_low_order,analytic_interval_solution,24.08625227009849,0.01,0,unavailable,0.025331576820462942,0.025331576820462942,unavailable,unavailable means the backend did not isolate this component; it is not zero,1,400,4.0,harmonic,4.0,torch_tm_flowpipe,not_applicable_analytic_reference,12.143126135049247,2,order1_legacy_tightened,24.286252270098494
0.01,400,,complete_total_degree_1,range_only,0.0,unavailable,dependency loss requires a matched carry/reset control,torch_nextafter_outward,,,True,0.01,4.0,0.0,tube,-14.388408371666523,unavailable,this protocol did not isolate process/device peak memory,,True,,1,28.421547400820266,native_low_order,analytic_interval_solution,0.3552693425127788,0.01,0,unavailable,0.02583425585180521,0.02583425585180521,unavailable,unavailable means the backend did not isolate this component; it is not zero,0,400,4.0,harmonic,4.0,torch_tm_flowpipe,not_applicable_analytic_reference,14.388408371666523,2,order1_range_only,28.776816743333047
0.01,400,,complete_total_degree_1,range_only,0.0,unavailable,dependency loss requires a matched carry/reset control,torch_nextafter_outward,,,True,0.01,4.0,0.0,tube,-14.388408371666523,unavailable,this protocol did not isolate process/device peak memory,,True,,1,28.421547400820266,native_low_order,analytic_interval_solution,0.3552693425127788,0.01,0,unavailable,0.02583425585180521,0.02583425585180521,unavailable,unavailable means the backend did not isolate this component; it is not zero,1,400,4.0,harmonic,4.0,torch_tm_flowpipe,not_applicable_analytic_reference,14.388408371666523,2,order1_range_only,28.776816743333047
0.01,400,True,complete_total_degree_1,range_only,0.0,unavailable,dependency loss requires a matched carry/reset control,torch_nextafter_outward,,,True,0.01,4.0,0.0,endpoint_raw,-14.388408371666523,unavailable,this protocol did not isolate process/device peak memory,,True,,1,28.421547400820266,native_low_order,analytic_interval_solution,0.3552693425127788,0.01,0,unavailable,0.02583425585180521,0.02583425585180521,unavailable,unavailable means the backend did not isolate this component; it is not zero,0,400,4.0,harmonic,4.0,torch_tm_flowpipe,not_applicable_analytic_reference,14.388408371666523,2,order1_range_only,28.776816743333047
0.01,400,True,complete_total_degree_1,range_only,0.0,unavailable,dependency loss requires a matched carry/reset control,torch_nextafter_outward,,,True,0.01,4.0,0.0,endpoint_raw,-14.388408371666523,unavailable,this protocol did not isolate process/device peak memory,,True,,1,28.421547400820266,native_low_order,analytic_interval_solution,0.3552693425127788,0.01,0,unavailable,0.02583425585180521,0.02583425585180521,unavailable,unavailable means the backend did not isolate this component; it is not zero,1,400,4.0,harmonic,4.0,torch_tm_flowpipe,not_applicable_analytic_reference,14.388408371666523,2,order1_range_only,28.776816743333047
0.01,400,,complete_total_degree_1,range_only,0.0,unavailable,dependency loss requires a matched carry/reset control,torch_nextafter_outward,,,True,0.01,4.0,0.0,endpoint_tightened_supplemental,-14.3546577841278,unavailable,this protocol did not isolate process/device peak memory,,True,,1,28.421547400820266,native_low_order,analytic_interval_solution,0.2877681674353307,0.01,0,unavailable,0.02583425585180521,0.02583425585180521,unavailable,unavailable means the backend did not isolate this component; it is not zero,0,400,4.0,harmonic,4.0,torch_tm_flowpipe,not_applicable_analytic_reference,14.3546577841278,2,order1_range_only,28.7093155682556
0.01,400,,complete_total_degree_1,range_only,0.0,unavailable,dependency loss requires a matched carry/reset control,torch_nextafter_outward,,,True,0.01,4.0,0.0,endpoint_tightened_supplemental,-14.3546577841278,unavailable,this protocol did not isolate process/device peak memory,,True,,1,28.421547400820266,native_low_order,analytic_interval_solution,0.2877681674353307,0.01,0,unavailable,0.02583425585180521,0.02583425585180521,unavailable,unavailable means the backend did not isolate this component; it is not zero,1,400,4.0,harmonic,4.0,torch_tm_flowpipe,not_applicable_analytic_reference,14.3546577841278,2,order1_range_only,28.7093155682556
0.005,44,,complete_total_degree_1,dependency_raw,0.0012539397664067253,unavailable,dependency loss requires a matched carry/reset control,torch_nextafter_outward,,,True,0.005,0.25,0.10125393976640673,tube,-23.913472254845264,unavailable,this protocol did not isolate process/device peak memory,,True,,1,0.04000000000000005,native_low_order,deterministic_DOP853_trajectory_sanity_non_proof,47.98945238922333,0.005,0,unavailable,0.039962262846529484,0.039962262846529484,unavailable,unavailable means the backend did not isolate this component; it is not zero,0,44,0.22,coupled_quadratic,0.22,torch_tm_flowpipe,True,24.115980134378077,2,order1_raw_dependency,48.02945238922334
0.005,44,,complete_total_degree_1,dependency_raw,-0.01917816311857906,unavailable,dependency loss requires a matched carry/reset control,torch_nextafter_outward,,,True,0.005,0.25,0.18082183688142095,tube,-68.59068924514183,unavailable,this protocol did not isolate process/device peak memory,,True,,1,0.04000000000000012,native_low_order,deterministic_DOP853_trajectory_sanity_non_proof,137.50302216404648,0.005,0,unavailable,0.039962262846529484,0.039962262846529484,unavailable,unavailable means the backend did not isolate this component; it is not zero,1,44,0.22,coupled_quadratic,0.22,torch_tm_flowpipe,True,68.95233291890467,2,order1_raw_dependency,137.5430221640465
0.005,44,,complete_total_degree_1,dependency_raw,0.0012539397664067253,unavailable,dependency loss requires a matched carry/reset control,torch_nextafter_outward,,,True,0.005,0.25,0.10125393976640673,endpoint_raw,-23.913472254845264,unavailable,this protocol did not isolate process/device peak memory,,True,,1,0.04000000000000005,native_low_order,deterministic_DOP853_trajectory_sanity_non_proof,47.98945238922333,0.005,0,unavailable,0.039962262846529484,0.039962262846529484,unavailable,unavailable means the backend did not isolate this component; it is not zero,0,44,0.22,coupled_quadratic,0.22,torch_tm_flowpipe,True,24.115980134378077,2,order1_raw_dependency,48.02945238922334
0.005,44,,complete_total_degree_1,dependency_raw,-0.01917816311857906,unavailable,dependency loss requires a matched carry/reset control,torch_nextafter_outward,,,True,0.005,0.25,0.18082183688142095,endpoint_raw,-68.59068924514183,unavailable,this protocol did not isolate process/device peak memory,,True,,1,0.04000000000000012,native_low_order,deterministic_DOP853_trajectory_sanity_non_proof,137.50302216404648,0.005,0,unavailable,0.039962262846529484,0.039962262846529484,unavailable,unavailable means the backend did not isolate this component; it is not zero,1,44,0.22,coupled_quadratic,0.22,torch_tm_flowpipe,True,68.95233291890467,2,order1_raw_dependency,137.5430221640465
0.005,44,,complete_total_degree_1,dependency_raw,0.0012474208047340285,unavailable,dependency loss requires a matched carry/reset control,torch_nextafter_outward,,,True,0.005,0.25,0.10124742080473403,endpoint_tightened_supplemental,-23.337650919801593,unavailable,this protocol did not isolate process/device peak memory,,True,,1,0.04000000000000005,native_low_order,deterministic_DOP853_trajectory_sanity_non_proof,46.837796681212645,0.005,0,unavailable,0.039962262846529484,0.039962262846529484,unavailable,unavailable means the backend did not isolate this component; it is not zero,0,44,0.22,coupled_quadratic,0.22,torch_tm_flowpipe,True,23.54014576141106,2,order1_raw_dependency,46.87779668121266
0.005,44,,complete_total_degree_1,dependency_raw,-0.019596520221171698,unavailable,dependency loss requires a matched carry/reset control,torch_nextafter_outward,,,True,0.005,0.25,0.1804034797788283,endpoint_tightened_supplemental,-56.66554540098537,unavailable,this protocol did not isolate process/device peak memory,,True,,1,0.04000000000000012,native_low_order,deterministic_DOP853_trajectory_sanity_non_proof,113.65189776152839,0.005,0,unavailable,0.039962262846529484,0.039962262846529484,unavailable,unavailable means the backend did not isolate this component; it is not zero,1,44,0.22,coupled_quadratic,0.22,torch_tm_flowpipe,True,57.02635236054303,2,order1_raw_dependency,113.6918977615284
0.005,50,,complete_total_degree_1,dependency_tightened,0.003240577970811384,unavailable,dependency loss requires a matched carry/reset control,torch_nextafter_outward,,,True,0.005,0.25,0.10324057797081139,tube,0.07918985544479712,unavailable,this protocol did not isolate process/device peak memory,,True,,1,0.04000000000000005,native_low_order,deterministic_DOP853_trajectory_sanity_non_proof,0.00810144505202846,0.005,0,unavailable,0.037153888028115034,0.037153888028115034,unavailable,unavailable means the backend did not isolate this component; it is not zero,0,50,0.25,coupled_quadratic,0.25,torch_tm_flowpipe,True,0.12729130049682566,2,order1_legacy_tightened,0.04810144505202854
0.005,50,,complete_total_degree_1,dependency_tightened,-0.04397634528627037,unavailable,dependency loss requires a matched carry/reset control,torch_nextafter_outward,,,True,0.005,0.25,0.15602365471372964,tube,0.12224408625906609,unavailable,this protocol did not isolate process/device peak memory,,True,,1,0.04000000000000012,native_low_order,deterministic_DOP853_trajectory_sanity_non_proof,0.02755913690932691,0.005,0,unavailable,0.037153888028115034,0.037153888028115034,unavailable,unavailable means the backend did not isolate this component; it is not zero,1,50,0.25,coupled_quadratic,0.25,torch_tm_flowpipe,True,0.18980322316839318,2,order1_legacy_tightened,0.06755913690932709
0.005,50,,complete_total_degree_1,dependency_tightened,0.003240577970811384,unavailable,dependency loss requires a matched carry/reset control,torch_nextafter_outward,,,True,0.005,0.25,0.10324057797081139,endpoint_raw,0.07918985544479712,unavailable,this protocol did not isolate process/device peak memory,,True,,1,0.04000000000000005,native_low_order,deterministic_DOP853_trajectory_sanity_non_proof,0.00810144505202846,0.005,0,unavailable,0.037153888028115034,0.037153888028115034,unavailable,unavailable means the backend did not isolate this component; it is not zero,0,50,0.25,coupled_quadratic,0.25,torch_tm_flowpipe,True,0.12729130049682566,2,order1_legacy_tightened,0.04810144505202854
0.005,50,,complete_total_degree_1,dependency_tightened,-0.04397634528627037,unavailable,dependency loss requires a matched carry/reset control,torch_nextafter_outward,,,True,0.005,0.25,0.15602365471372964,endpoint_raw,0.12224408625906609,unavailable,this protocol did not isolate process/device peak memory,,True,,1,0.04000000000000012,native_low_order,deterministic_DOP853_trajectory_sanity_non_proof,0.02755913690932691,0.005,0,unavailable,0.037153888028115034,0.037153888028115034,unavailable,unavailable means the backend did not isolate this component; it is not zero,1,50,0.25,coupled_quadratic,0.25,torch_tm_flowpipe,True,0.18980322316839318,2,order1_legacy_tightened,0.06755913690932709
0.005,50,,complete_total_degree_1,dependency_tightened,0.0032418306939518415,unavailable,dependency loss requires a matched carry/reset control,torch_nextafter_outward,,,True,0.005,0.25,0.10324183069395185,endpoint_tightened_supplemental,0.07999999994999996,unavailable,this protocol did not isolate process/device peak memory,,True,,1,0.04000000000000005,native_low_order,deterministic_DOP853_trajectory_sanity_non_proof,0.006483661487903694,0.005,0,unavailable,0.037153888028115034,0.037153888028115034,unavailable,unavailable means the backend did not isolate this component; it is not zero,0,50,0.25,coupled_quadratic,0.25,torch_tm_flowpipe,True,0.12648366143790374,2,order1_legacy_tightened,0.04648366148790378
0.005,50,,complete_total_degree_1,dependency_tightened,-0.04441611208604482,unavailable,dependency loss requires a matched carry/reset control,torch_nextafter_outward,,,True,0.005,0.25,0.1555838879139552,endpoint_tightened_supplemental,0.1249999999499988,unavailable,this protocol did not isolate process/device peak memory,,True,,1,0.04000000000000012,native_low_order,deterministic_DOP853_trajectory_sanity_non_proof,0.02116777592791263,0.005,0,unavailable,0.037153888028115034,0.037153888028115034,unavailable,unavailable means the backend did not isolate this component; it is not zero,1,50,0.25,coupled_quadratic,0.25,torch_tm_flowpipe,True,0.18616777587791158,2,order1_legacy_tightened,0.06116777592791278
0.005,50,,complete_total_degree_1,range_only,0.003489618517426657,unavailable,dependency loss requires a matched carry/reset control,torch_nextafter_outward,,,True,0.005,0.25,0.10348961851742666,tube,0.0791275952591404,unavailable,this protocol did not isolate process/device peak memory,,True,,1,0.04853960418955909,native_low_order,deterministic_DOP853_trajectory_sanity_non_proof,0.0001844423270134043,0.005,0,unavailable,0.037452172953635454,0.037452172953635454,unavailable,unavailable means the backend did not isolate this component; it is not zero,0,50,0.25,coupled_quadratic,0.25,torch_tm_flowpipe,True,0.12785164177571293,2,order1_range_only,0.04872404651657253
0.005,50,,complete_total_degree_1,range_only,-0.026270610567236174,unavailable,dependency loss requires a matched carry/reset control,torch_nextafter_outward,,,True,0.005,0.25,0.17372938943276384,tube,0.11610210412519667,unavailable,this protocol did not isolate process/device peak memory,,True,,1,0.11370816973677601,native_low_order,deterministic_DOP853_trajectory_sanity_non_proof,0.0015464008783582543,0.005,0,unavailable,0.037452172953635454,0.037452172953635454,unavailable,unavailable means the backend did not isolate this component; it is not zero,1,50,0.25,coupled_quadratic,0.25,torch_tm_flowpipe,True,0.23135667474033098,2,order1_range_only,0.1152545706151343
0.005,50,,complete_total_degree_1,range_only,0.003489618517426657,unavailable,dependency loss requires a matched carry/reset control,torch_nextafter_outward,,,True,0.005,0.25,0.10348961851742666,endpoint_raw,0.0791275952591404,unavailable,this protocol did not isolate process/device peak memory,,True,,1,0.04853960418955909,native_low_order,deterministic_DOP853_trajectory_sanity_non_proof,0.0001844423270134043,0.005,0,unavailable,0.037452172953635454,0.037452172953635454,unavailable,unavailable means the backend did not isolate this component; it is not zero,0,50,0.25,coupled_quadratic,0.25,torch_tm_flowpipe,True,0.12785164177571293,2,order1_range_only,0.04872404651657253
0.005,50,,complete_total_degree_1,range_only,-0.026270610567236174,unavailable,dependency loss requires a matched carry/reset control,torch_nextafter_outward,,,True,0.005,0.25,0.17372938943276384,endpoint_raw,0.11610210412519667,unavailable,this protocol did not isolate process/device peak memory,,True,,1,0.11370816973677601,native_low_order,deterministic_DOP853_trajectory_sanity_non_proof,0.0015464008783582543,0.005,0,unavailable,0.037452172953635454,0.037452172953635454,unavailable,unavailable means the backend did not isolate this component; it is not zero,1,50,0.25,coupled_quadratic,0.25,torch_tm_flowpipe,True,0.23135667474033098,2,order1_range_only,0.1152545706151343
0.005,50,,complete_total_degree_1,range_only,0.003489789914374597,unavailable,dependency loss requires a matched carry/reset control,torch_nextafter_outward,,,True,0.005,0.25,0.1034897899143746,endpoint_tightened_supplemental,0.07914603949184174,unavailable,this protocol did not isolate process/device peak memory,,True,,1,0.04853960418955909,native_low_order,deterministic_DOP853_trajectory_sanity_non_proof,0.00014789665550660476,0.005,0,unavailable,0.037452172953635454,0.037452172953635454,unavailable,unavailable means the backend did not isolate this component; it is not zero,0,50,0.25,coupled_quadratic,0.25,torch_tm_flowpipe,True,0.12783354033690747,2,order1_range_only,0.048687500845065734
0.005,50,,complete_total_degree_1,range_only,-0.026560759780796944,unavailable,dependency loss requires a matched carry/reset control,torch_nextafter_outward,,,True,0.005,0.25,0.17343924021920307,endpoint_tightened_supplemental,0.11625674421303249,unavailable,this protocol did not isolate process/device peak memory,,True,,1,0.11370816973677601,native_low_order,deterministic_DOP853_trajectory_sanity_non_proof,0.0006568222755651237,0.005,0,unavailable,0.037452172953635454,0.037452172953635454,unavailable,unavailable means the backend did not isolate this component; it is not zero,1,50,0.25,coupled_quadratic,0.25,torch_tm_flowpipe,True,0.23062173622537366,2,order1_range_only,0.11436499201234117
0.01,25,,complete_total_degree_1,dependency_raw,0.004074280257577015,unavailable,dependency loss requires a matched carry/reset control,torch_nextafter_outward,,,True,0.01,0.25,0.10407428025757702,tube,-0.13726819217565808,unavailable,this protocol did not isolate process/device peak memory,,True,,1,0.04000000000000005,native_low_order,deterministic_DOP853_trajectory_sanity_non_proof,0.4426849448664701,0.01,0,unavailable,0.038168440107256174,0.038168440107256174,unavailable,unavailable means the backend did not isolate this component; it is not zero,0,25,0.25,coupled_quadratic,0.25,torch_tm_flowpipe,True,0.3454167526908121,2,order1_raw_dependency,0.4826849448664702
0.01,25,,complete_total_degree_1,dependency_raw,-0.022090389323305593,unavailable,dependency loss requires a matched carry/reset control,torch_nextafter_outward,,,True,0.01,0.25,0.17790961067669442,tube,-1.719528275848444,unavailable,this protocol did not isolate process/device peak memory,,True,,1,0.04000000000000012,native_low_order,deterministic_DOP853_trajectory_sanity_non_proof,3.754875773050276,0.01,0,unavailable,0.038168440107256174,0.038168440107256174,unavailable,unavailable means the backend did not isolate this component; it is not zero,1,25,0.25,coupled_quadratic,0.25,torch_tm_flowpipe,True,2.075347497201833,2,order1_raw_dependency,3.794875773050277
0.01,25,,complete_total_degree_1,dependency_raw,0.004074280257577015,unavailable,dependency loss requires a matched carry/reset control,torch_nextafter_outward,,,True,0.01,0.25,0.10407428025757702,endpoint_raw,-0.13726819217565808,unavailable,this protocol did not isolate process/device peak memory,,True,,1,0.04000000000000005,native_low_order,deterministic_DOP853_trajectory_sanity_non_proof,0.4426849448664701,0.01,0,unavailable,0.038168440107256174,0.038168440107256174,unavailable,unavailable means the backend did not isolate this component; it is not zero,0,25,0.25,coupled_quadratic,0.25,torch_tm_flowpipe,True,0.3454167526908121,2,order1_raw_dependency,0.4826849448664702
0.01,25,,complete_total_degree_1,dependency_raw,-0.022090389323305593,unavailable,dependency loss requires a matched carry/reset control,torch_nextafter_outward,,,True,0.01,0.25,0.17790961067669442,endpoint_raw,-1.719528275848444,unavailable,this protocol did not isolate process/device peak memory,,True,,1,0.04000000000000012,native_low_order,deterministic_DOP853_trajectory_sanity_non_proof,3.754875773050276,0.01,0,unavailable,0.038168440107256174,0.038168440107256174,unavailable,unavailable means the backend did not isolate this component; it is not zero,1,25,0.25,coupled_quadratic,0.25,torch_tm_flowpipe,True,2.075347497201833,2,order1_raw_dependency,3.794875773050277
0.01,25,,complete_total_degree_1,dependency_raw,0.0040614585032372474,unavailable,dependency loss requires a matched carry/reset control,torch_nextafter_outward,,,True,0.01,0.25,0.10406145850323725,endpoint_tightened_supplemental,-0.09520683072219571,unavailable,this protocol did not isolate process/device peak memory,,True,,1,0.04000000000000005,native_low_order,deterministic_DOP853_trajectory_sanity_non_proof,0.35853657845086584,0.01,0,unavailable,0.038168440107256174,0.038168440107256174,unavailable,unavailable means the backend did not isolate this component; it is not zero,0,25,0.25,coupled_quadratic,0.25,torch_tm_flowpipe,True,0.3033297477286702,2,order1_raw_dependency,0.39853657845086593
0.01,25,,complete_total_degree_1,dependency_raw,-0.022980096160177987,unavailable,dependency loss requires a matched carry/reset control,torch_nextafter_outward,,,True,0.01,0.25,0.17701990383982202,endpoint_tightened_supplemental,-1.3482657572424919,unavailable,this protocol did not isolate process/device peak memory,,True,,1,0.04000000000000012,native_low_order,deterministic_DOP853_trajectory_sanity_non_proof,3.010571322164627,0.01,0,unavailable,0.038168440107256174,0.038168440107256174,unavailable,unavailable means the backend did not isolate this component; it is not zero,1,25,0.25,coupled_quadratic,0.25,torch_tm_flowpipe,True,1.702305564922136,2,order1_raw_dependency,3.050571322164628
0.01,25,,complete_total_degree_1,dependency_tightened,0.003249162714747622,unavailable,dependency loss requires a matched carry/reset control,torch_nextafter_outward,,,True,0.01,0.25,0.10324916271474763,tube,0.07918770929006305,unavailable,this protocol did not isolate process/device peak memory,,True,,1,0.04000000000000005,native_low_order,deterministic_DOP853_trajectory_sanity_non_proof,0.008122906849369055,0.01,0,unavailable,0.03827200876548886,0.03827200876548886,unavailable,unavailable means the backend did not isolate this component; it is not zero,0,25,0.25,coupled_quadratic,0.25,torch_tm_flowpipe,True,0.1273106161394322,2,order1_legacy_tightened,0.04812290684936915
0.01,25,,complete_total_degree_1,dependency_tightened,-0.043453167422095956,unavailable,dependency loss requires a matched carry/reset control,torch_nextafter_outward,,,True,0.01,0.25,0.15654683257790405,tube,0.12211329182427323,unavailable,this protocol did not isolate process/device peak memory,,True,,1,0.04000000000000012,native_low_order,deterministic_DOP853_trajectory_sanity_non_proof,0.028867081507261493,0.01,0,unavailable,0.03827200876548886,0.03827200876548886,unavailable,unavailable means the backend did not isolate this component; it is not zero,1,25,0.25,coupled_quadratic,0.25,torch_tm_flowpipe,True,0.1909803733315349,2,order1_legacy_tightened,0.06886708150726166
0.01,25,,complete_total_degree_1,dependency_tightened,0.003249162714747622,unavailable,dependency loss requires a matched carry/reset control,torch_nextafter_outward,,,True,0.01,0.25,0.10324916271474763,endpoint_raw,0.07918770929006305,unavailable,this protocol did not isolate process/device peak memory,,True,,1,0.04000000000000005,native_low_order,deterministic_DOP853_trajectory_sanity_non_proof,0.008122906849369055,0.01,0,unavailable,0.03827200876548886,0.03827200876548886,unavailable,unavailable means the backend did not isolate this component; it is not zero,0,25,0.25,coupled_quadratic,0.25,torch_tm_flowpipe,True,0.1273106161394322,2,order1_legacy_tightened,0.04812290684936915
0.01,25,,complete_total_degree_1,dependency_tightened,-0.043453167422095956,unavailable,dependency loss requires a matched carry/reset control,torch_nextafter_outward,,,True,0.01,0.25,0.15654683257790405,endpoint_raw,0.12211329182427323,unavailable,this protocol did not isolate process/device peak memory,,True,,1,0.04000000000000012,native_low_order,deterministic_DOP853_trajectory_sanity_non_proof,0.028867081507261493,0.01,0,unavailable,0.03827200876548886,0.03827200876548886,unavailable,unavailable means the backend did not isolate this component; it is not zero,1,25,0.25,coupled_quadratic,0.25,torch_tm_flowpipe,True,0.1909803733315349,2,order1_legacy_tightened,0.06886708150726166
0.01,25,,complete_total_degree_1,dependency_tightened,0.0032519978092465235,unavailable,dependency loss requires a matched carry/reset control,torch_nextafter_outward,,,True,0.01,0.25,0.10325199780924653,endpoint_tightened_supplemental,0.07999999997499996,unavailable,this protocol did not isolate process/device peak memory,,True,,1,0.04000000000000005,native_low_order,deterministic_DOP853_trajectory_sanity_non_proof,0.00650399566849305,0.01,0,unavailable,0.03827200876548886,0.03827200876548886,unavailable,unavailable means the backend did not isolate this component; it is not zero,0,25,0.25,coupled_quadratic,0.25,torch_tm_flowpipe,True,0.1265039956434931,2,order1_legacy_tightened,0.04650399566849314
0.01,25,,complete_total_degree_1,dependency_tightened,-0.04432638500943761,unavailable,dependency loss requires a matched carry/reset control,torch_nextafter_outward,,,True,0.01,0.25,0.1556736149905624,endpoint_tightened_supplemental,0.1249999999749994,unavailable,this protocol did not isolate process/device peak memory,,True,,1,0.04000000000000012,native_low_order,deterministic_DOP853_trajectory_sanity_non_proof,0.021347230031125812,0.01,0,unavailable,0.03827200876548886,0.03827200876548886,unavailable,unavailable means the backend did not isolate this component; it is not zero,1,25,0.25,coupled_quadratic,0.25,torch_tm_flowpipe,True,0.18634723000612538,2,order1_legacy_tightened,0.06134723003112598
0.01,25,,complete_total_degree_1,range_only,0.00348546027697319,unavailable,dependency loss requires a matched carry/reset control,torch_nextafter_outward,,,True,0.01,0.25,0.1034854602769732,tube,0.07912863487550528,unavailable,this protocol did not isolate process/device peak memory,,True,,1,0.04834566060788653,native_low_order,deterministic_DOP853_trajectory_sanity_non_proof,0.0003679901950492423,0.01,0,unavailable,0.03838553186506033,0.03838553186506033,unavailable,unavailable means the backend did not isolate this component; it is not zero,0,25,0.25,coupled_quadratic,0.25,torch_tm_flowpipe,True,0.1278422856784411,2,order1_range_only,0.048713650802935826
0.01,25,,complete_total_degree_1,range_only,-0.02625844471917954,unavailable,dependency loss requires a matched carry/reset control,torch_nextafter_outward,,,True,0.01,0.25,0.17374155528082047,tube,0.1161358840016746,unavailable,this protocol did not isolate process/device peak memory,,True,,1,0.11212215759962033,native_low_order,deterministic_DOP853_trajectory_sanity_non_proof,0.003089184958671348,0.01,0,unavailable,0.03838553186506033,0.03838553186506033,unavailable,unavailable means the backend did not isolate this component; it is not zero,1,25,0.25,coupled_quadratic,0.25,torch_tm_flowpipe,True,0.2313472265599663,2,order1_range_only,0.11521134255829171
0.01,25,,complete_total_degree_1,range_only,0.00348546027697319,unavailable,dependency loss requires a matched carry/reset control,torch_nextafter_outward,,,True,0.01,0.25,0.1034854602769732,endpoint_raw,0.07912863487550528,unavailable,this protocol did not isolate process/device peak memory,,True,,1,0.04834566060788653,native_low_order,deterministic_DOP853_trajectory_sanity_non_proof,0.0003679901950492423,0.01,0,unavailable,0.03838553186506033,0.03838553186506033,unavailable,unavailable means the backend did not isolate this component; it is not zero,0,25,0.25,coupled_quadratic,0.25,torch_tm_flowpipe,True,0.1278422856784411,2,order1_range_only,0.048713650802935826
0.01,25,,complete_total_degree_1,range_only,-0.02625844471917954,unavailable,dependency loss requires a matched carry/reset control,torch_nextafter_outward,,,True,0.01,0.25,0.17374155528082047,endpoint_raw,0.1161358840016746,unavailable,this protocol did not isolate process/device peak memory,,True,,1,0.11212215759962033,native_low_order,deterministic_DOP853_trajectory_sanity_non_proof,0.003089184958671348,0.01,0,unavailable,0.03838553186506033,0.03838553186506033,unavailable,unavailable means the backend did not isolate this component; it is not zero,1,25,0.25,coupled_quadratic,0.25,torch_tm_flowpipe,True,0.2313472265599663,2,order1_range_only,0.11521134255829171
0.01,25,,complete_total_degree_1,range_only,0.003486143991097451,unavailable,dependency loss requires a matched carry/reset control,torch_nextafter_outward,,,True,0.01,0.25,0.10348614399109746,endpoint_tightened_supplemental,0.0791654338950102,unavailable,this protocol did not isolate process/device peak memory,,True,,1,0.04834566060788653,native_low_order,deterministic_DOP853_trajectory_sanity_non_proof,0.0002957595842879427,0.01,0,unavailable,0.03838553186506033,0.03838553186506033,unavailable,unavailable means the backend did not isolate this component; it is not zero,0,25,0.25,coupled_quadratic,0.25,torch_tm_flowpipe,True,0.12780685408718473,2,order1_range_only,0.04864142019217453
0.01,25,,complete_total_degree_1,range_only,-0.026838701285264666,unavailable,dependency loss requires a matched carry/reset control,torch_nextafter_outward,,,True,0.01,0.25,0.17316129871473535,endpoint_tightened_supplemental,0.11644480249754173,unavailable,this protocol did not isolate process/device peak memory,,True,,1,0.11212215759962033,native_low_order,deterministic_DOP853_trajectory_sanity_non_proof,0.001310834834766846,0.01,0,unavailable,0.03838553186506033,0.03838553186506033,unavailable,unavailable means the backend did not isolate this component; it is not zero,1,25,0.25,coupled_quadratic,0.25,torch_tm_flowpipe,True,0.22987779493192895,2,order1_range_only,0.11343299243438722
0.005,22,,complete_total_degree_1,dependency_raw,0.11921101735519901,unavailable,dependency loss requires a matched carry/reset control,torch_nextafter_outward,,,True,0.005,1.0,1.369211017355199,tube,-4.528606928215278,unavailable,this protocol did not isolate process/device peak memory,,True,,1,0.3000000000000007,native_low_order,deterministic_DOP853_trajectory_sanity_non_proof,11.495635891140951,0.005,0,unavailable,0.045770118944346905,0.045770118944346905,unavailable,unavailable means the backend did not isolate this component; it is not zero,0,22,0.11,van_der_pol,0.11,torch_tm_flowpipe,True,7.267028962925676,2,order1_raw_dependency,11.795635891140954
0.005,22,,complete_total_degree_1,dependency_raw,-0.24516717770942442,unavailable,dependency loss requires a matched carry/reset control,torch_nextafter_outward,,,True,0.005,1.0,2.154832822290576,tube,-34.440320818701636,unavailable,this protocol did not isolate process/device peak memory,,True,,1,0.10000000000000187,native_low_order,deterministic_DOP853_trajectory_sanity_non_proof,73.09030728198441,0.005,0,unavailable,0.045770118944346905,0.045770118944346905,unavailable,unavailable means the backend did not isolate this component; it is not zero,1,22,0.11,van_der_pol,0.11,torch_tm_flowpipe,True,38.74998646328279,2,order1_raw_dependency,73.19030728198442
0.005,22,,complete_total_degree_1,dependency_raw,0.11921101735519901,unavailable,dependency loss requires a matched carry/reset control,torch_nextafter_outward,,,True,0.005,1.0,1.369211017355199,endpoint_raw,-4.528606928215278,unavailable,this protocol did not isolate process/device peak memory,,True,,1,0.3000000000000007,native_low_order,deterministic_DOP853_trajectory_sanity_non_proof,11.495635891140951,0.005,0,unavailable,0.045770118944346905,0.045770118944346905,unavailable,unavailable means the backend did not isolate this component; it is not zero,0,22,0.11,van_der_pol,0.11,torch_tm_flowpipe,True,7.267028962925676,2,order1_raw_dependency,11.795635891140954
0.005,22,,complete_total_degree_1,dependency_raw,-0.24516717770942442,unavailable,dependency loss requires a matched carry/reset control,torch_nextafter_outward,,,True,0.005,1.0,2.154832822290576,endpoint_raw,-34.440320818701636,unavailable,this protocol did not isolate process/device peak memory,,True,,1,0.10000000000000187,native_low_order,deterministic_DOP853_trajectory_sanity_non_proof,73.09030728198441,0.005,0,unavailable,0.045770118944346905,0.045770118944346905,unavailable,unavailable means the backend did not isolate this component; it is not zero,1,22,0.11,van_der_pol,0.11,torch_tm_flowpipe,True,38.74998646328279,2,order1_raw_dependency,73.19030728198442
0.005,22,,complete_total_degree_1,dependency_raw,0.12517664713154297,unavailable,dependency loss requires a matched carry/reset control,torch_nextafter_outward,,,True,0.005,1.0,1.375176647131543,endpoint_tightened_supplemental,-3.428337477543663,unavailable,this protocol did not isolate process/device peak memory,,True,,1,0.3000000000000007,native_low_order,deterministic_DOP853_trajectory_sanity_non_proof,9.30702824935041,0.005,0,unavailable,0.045770118944346905,0.045770118944346905,unavailable,unavailable means the backend did not isolate this component; it is not zero,0,22,0.11,van_der_pol,0.11,torch_tm_flowpipe,True,6.178690771806749,2,order1_raw_dependency,9.607028249350412
0.005,22,,complete_total_degree_1,dependency_raw,-0.22670200165189236,unavailable,dependency loss requires a matched carry/reset control,torch_nextafter_outward,,,True,0.005,1.0,2.173297998348108,endpoint_tightened_supplemental,-32.671907607187805,unavailable,this protocol did not isolate process/device peak memory,,True,,1,0.10000000000000187,native_low_order,deterministic_DOP853_trajectory_sanity_non_proof,69.59041121107181,0.005,0,unavailable,0.045770118944346905,0.045770118944346905,unavailable,unavailable means the backend did not isolate this component; it is not zero,1,22,0.11,van_der_pol,0.11,torch_tm_flowpipe,True,37.01850360388402,2,order1_raw_dependency,69.69041121107182
0.005,96,,complete_total_degree_1,dependency_tightened,0.8087398446956868,unavailable,dependency loss requires a matched carry/reset control,torch_nextafter_outward,,,True,0.005,1.0,2.058739844695687,tube,-3.0973552935358026,unavailable,this protocol did not isolate process/device peak memory,,True,,1,0.3000000000000007,native_low_order,deterministic_DOP853_trajectory_sanity_non_proof,10.012190276462977,0.005,0,unavailable,0.04586494201794267,0.04586494201794267,unavailable,unavailable means the backend did not isolate this component; it is not zero,0,96,0.48,van_der_pol,0.48,torch_tm_flowpipe,True,7.214834982927177,2,order1_legacy_tightened,10.31219027646298
0.005,96,,complete_total_degree_1,dependency_tightened,-0.730411016495184,unavailable,dependency loss requires a matched carry/reset control,torch_nextafter_outward,,,True,0.005,1.0,1.6695889835048163,tube,-123.17831063561232,unavailable,this protocol did not isolate process/device peak memory,,True,,1,0.10000000000000187,native_low_order,deterministic_DOP853_trajectory_sanity_non_proof,249.59579923823424,0.005,0,unavailable,0.04586494201794267,0.04586494201794267,unavailable,unavailable means the backend did not isolate this component; it is not zero,1,96,0.48,van_der_pol,0.48,torch_tm_flowpipe,True,126.51748860262195,2,order1_legacy_tightened,249.69579923823426
0.005,96,,complete_total_degree_1,dependency_tightened,0.8087398446956868,unavailable,dependency loss requires a matched carry/reset control,torch_nextafter_outward,,,True,0.005,1.0,2.058739844695687,endpoint_raw,-3.0973552935358026,unavailable,this protocol did not isolate process/device peak memory,,True,,1,0.3000000000000007,native_low_order,deterministic_DOP853_trajectory_sanity_non_proof,10.012190276462977,0.005,0,unavailable,0.04586494201794267,0.04586494201794267,unavailable,unavailable means the backend did not isolate this component; it is not zero,0,96,0.48,van_der_pol,0.48,torch_tm_flowpipe,True,7.214834982927177,2,order1_legacy_tightened,10.31219027646298
0.005,96,,complete_total_degree_1,dependency_tightened,-0.730411016495184,unavailable,dependency loss requires a matched carry/reset control,torch_nextafter_outward,,,True,0.005,1.0,1.6695889835048163,endpoint_raw,-123.17831063561232,unavailable,this protocol did not isolate process/device peak memory,,True,,1,0.10000000000000187,native_low_order,deterministic_DOP853_trajectory_sanity_non_proof,249.59579923823424,0.005,0,unavailable,0.04586494201794267,0.04586494201794267,unavailable,unavailable means the backend did not isolate this component; it is not zero,1,96,0.48,van_der_pol,0.48,torch_tm_flowpipe,True,126.51748860262195,2,order1_legacy_tightened,249.69579923823426
0.005,96,,complete_total_degree_1,dependency_tightened,0.8147737458524507,unavailable,dependency loss requires a matched carry/reset control,torch_nextafter_outward,,,True,0.005,1.0,2.0647737458524507,endpoint_tightened_supplemental,-2.283794731576318,unavailable,this protocol did not isolate process/device peak memory,,True,,1,0.3000000000000007,native_low_order,deterministic_DOP853_trajectory_sanity_non_proof,8.397136954857535,0.005,0,unavailable,0.04586494201794267,0.04586494201794267,unavailable,unavailable means the backend did not isolate this component; it is not zero,0,96,0.48,van_der_pol,0.48,torch_tm_flowpipe,True,6.413342223281219,2,order1_legacy_tightened,8.697136954857537
0.005,96,,complete_total_degree_1,dependency_tightened,-0.6787974609794194,unavailable,dependency loss requires a matched carry/reset control,torch_nextafter_outward,,,True,0.005,1.0,1.721202539020581,endpoint_tightened_supplemental,-116.87719119431573,unavailable,this protocol did not isolate process/device peak memory,,True,,1,0.10000000000000187,native_low_order,deterministic_DOP853_trajectory_sanity_non_proof,237.0967874666726,0.005,0,unavailable,0.04586494201794267,0.04586494201794267,unavailable,unavailable means the backend did not isolate this component; it is not zero,1,96,0.48,van_der_pol,0.48,torch_tm_flowpipe,True,120.31959627235689,2,order1_legacy_tightened,237.19678746667262
0.005,98,,complete_total_degree_1,range_only,0.5093704853976653,unavailable,dependency loss requires a matched carry/reset control,torch_nextafter_outward,,,True,0.005,1.0,1.7593704853976653,tube,-4.681973458180747,unavailable,this protocol did not isolate process/device peak memory,,True,,1,10.793681622309428,native_low_order,deterministic_DOP853_trajectory_sanity_non_proof,2.089006264847392,0.005,0,unavailable,0.0581532777287066,0.0581532777287066,unavailable,unavailable means the backend did not isolate this component; it is not zero,0,98,0.49,van_der_pol,0.49,torch_tm_flowpipe,True,8.200714428976077,3,order1_range_only,12.882687887156823
0.005,98,,complete_total_degree_1,range_only,-2.393274876649963,unavailable,dependency loss requires a matched carry/reset control,torch_nextafter_outward,,,True,0.005,1.0,0.0067251233500371654,tube,-192.96379484924054,unavailable,this protocol did not isolate process/device peak memory,,True,,1,251.95556506854751,native_low_order,deterministic_DOP853_trajectory_sanity_non_proof,133.9854748766336,0.005,0,unavailable,0.0581532777287066,0.0581532777287066,unavailable,unavailable means the backend did not isolate this component; it is not zero,1,98,0.49,van_der_pol,0.49,torch_tm_flowpipe,True,192.97724509594062,3,order1_range_only,385.94103994518116
0.005,98,,complete_total_degree_1,range_only,0.5093704853976653,unavailable,dependency loss requires a matched carry/reset control,torch_nextafter_outward,,,True,0.005,1.0,1.7593704853976653,endpoint_raw,-4.681973458180747,unavailable,this protocol did not isolate process/device peak memory,,True,,1,10.793681622309428,native_low_order,deterministic_DOP853_trajectory_sanity_non_proof,2.089006264847392,0.005,0,unavailable,0.0581532777287066,0.0581532777287066,unavailable,unavailable means the backend did not isolate this component; it is not zero,0,98,0.49,van_der_pol,0.49,torch_tm_flowpipe,True,8.200714428976077,3,order1_range_only,12.882687887156823
0.005,98,,complete_total_degree_1,range_only,-2.393274876649963,unavailable,dependency loss requires a matched carry/reset control,torch_nextafter_outward,,,True,0.005,1.0,0.0067251233500371654,endpoint_raw,-192.96379484924054,unavailable,this protocol did not isolate process/device peak memory,,True,,1,251.95556506854751,native_low_order,deterministic_DOP853_trajectory_sanity_non_proof,133.9854748766336,0.005,0,unavailable,0.0581532777287066,0.0581532777287066,unavailable,unavailable means the backend did not isolate this component; it is not zero,1,98,0.49,van_der_pol,0.49,torch_tm_flowpipe,True,192.97724509594062,3,order1_range_only,385.94103994518116
0.005,98,,complete_total_degree_1,range_only,0.5093856825151475,unavailable,dependency loss requires a matched carry/reset control,torch_nextafter_outward,,,True,0.005,1.0,1.7593856825151475,endpoint_tightened_supplemental,-4.602307728503522,unavailable,this protocol did not isolate process/device peak memory,,True,,1,10.793681622309428,native_low_order,deterministic_DOP853_trajectory_sanity_non_proof,1.929705199727908,0.005,0,unavailable,0.0581532777287066,0.0581532777287066,unavailable,unavailable means the backend did not isolate this component; it is not zero,0,98,0.49,van_der_pol,0.49,torch_tm_flowpipe,True,8.121079093533817,3,order1_range_only,12.72338682203734
0.005,98,,complete_total_degree_1,range_only,-2.3943578718443153,unavailable,dependency loss requires a matched carry/reset control,torch_nextafter_outward,,,True,0.005,1.0,0.0056421281556851,endpoint_tightened_supplemental,-191.8571938588961,unavailable,this protocol did not isolate process/device peak memory,,True,,1,251.95556506854751,native_low_order,deterministic_DOP853_trajectory_sanity_non_proof,131.77010690555596,0.005,0,unavailable,0.0581532777287066,0.0581532777287066,unavailable,unavailable means the backend did not isolate this component; it is not zero,1,98,0.49,van_der_pol,0.49,torch_tm_flowpipe,True,191.86847811520747,3,order1_range_only,383.72567197410353
0.01,16,,complete_total_degree_1,dependency_raw,0.16252182601478737,unavailable,dependency loss requires a matched carry/reset control,torch_nextafter_outward,,,True,0.01,1.0,1.4125218260147874,tube,-2.0469711980727925,unavailable,this protocol did not isolate process/device peak memory,,True,,1,0.3000000000000007,native_low_order,deterministic_DOP853_trajectory_sanity_non_proof,6.618986048175158,0.01,0,unavailable,0.046950449235737324,0.046950449235737324,unavailable,unavailable means the backend did not isolate this component; it is not zero,0,16,0.16,van_der_pol,0.16,torch_tm_flowpipe,True,4.872014850102367,2,order1_raw_dependency,6.91898604817516
0.01,16,,complete_total_degree_1,dependency_raw,-0.40588650265785375,unavailable,dependency loss requires a matched carry/reset control,torch_nextafter_outward,,,True,0.01,1.0,1.9941134973421466,tube,-17.263453614481712,unavailable,this protocol did not isolate process/device peak memory,,True,,1,0.10000000000000187,native_low_order,deterministic_DOP853_trajectory_sanity_non_proof,38.415134223647705,0.01,0,unavailable,0.046950449235737324,0.046950449235737324,unavailable,unavailable means the backend did not isolate this component; it is not zero,1,16,0.16,van_der_pol,0.16,torch_tm_flowpipe,True,21.251680609166005,2,order1_raw_dependency,38.51513422364772
0.01,16,,complete_total_degree_1,dependency_raw,0.16252182601478737,unavailable,dependency loss requires a matched carry/reset control,torch_nextafter_outward,,,True,0.01,1.0,1.4125218260147874,endpoint_raw,-2.0469711980727925,unavailable,this protocol did not isolate process/device peak memory,,True,,1,0.3000000000000007,native_low_order,deterministic_DOP853_trajectory_sanity_non_proof,6.618986048175158,0.01,0,unavailable,0.046950449235737324,0.046950449235737324,unavailable,unavailable means the backend did not isolate this component; it is not zero,0,16,0.16,van_der_pol,0.16,torch_tm_flowpipe,True,4.872014850102367,2,order1_raw_dependency,6.91898604817516
0.01,16,,complete_total_degree_1,dependency_raw,-0.40588650265785375,unavailable,dependency loss requires a matched carry/reset control,torch_nextafter_outward,,,True,0.01,1.0,1.9941134973421466,endpoint_raw,-17.263453614481712,unavailable,this protocol did not isolate process/device peak memory,,True,,1,0.10000000000000187,native_low_order,deterministic_DOP853_trajectory_sanity_non_proof,38.415134223647705,0.01,0,unavailable,0.046950449235737324,0.046950449235737324,unavailable,unavailable means the backend did not isolate this component; it is not zero,1,16,0.16,van_der_pol,0.16,torch_tm_flowpipe,True,21.251680609166005,2,order1_raw_dependency,38.51513422364772
0.01,16,,complete_total_degree_1,dependency_raw,0.17435620907598937,unavailable,dependency loss requires a matched carry/reset control,torch_nextafter_outward,,,True,0.01,1.0,1.4243562090759894,endpoint_tightened_supplemental,-1.4261032266691045,unavailable,this protocol did not isolate process/device peak memory,,True,,1,0.3000000000000007,native_low_order,deterministic_DOP853_trajectory_sanity_non_proof,5.400918871490186,0.01,0,unavailable,0.046950449235737324,0.046950449235737324,unavailable,unavailable means the backend did not isolate this component; it is not zero,0,16,0.16,van_der_pol,0.16,torch_tm_flowpipe,True,4.274815644821083,2,order1_raw_dependency,5.700918871490187
0.01,16,,complete_total_degree_1,dependency_raw,-0.37597183887617724,unavailable,dependency loss requires a matched carry/reset control,torch_nextafter_outward,,,True,0.01,1.0,2.024028161123823,endpoint_tightened_supplemental,-16.076156224690575,unavailable,this protocol did not isolate process/device peak memory,,True,,1,0.10000000000000187,native_low_order,deterministic_DOP853_trajectory_sanity_non_proof,36.10036877162879,0.01,0,unavailable,0.046950449235737324,0.046950449235737324,unavailable,unavailable means the backend did not isolate this component; it is not zero,1,16,0.16,van_der_pol,0.16,torch_tm_flowpipe,True,20.12421254693822,2,order1_raw_dependency,36.200368771628796
0.01,46,,complete_total_degree_1,dependency_tightened,0.7702233594959802,unavailable,dependency loss requires a matched carry/reset control,torch_nextafter_outward,,,True,0.01,1.0,2.02022335949598,tube,-1.4885515519945123,unavailable,this protocol did not isolate process/device peak memory,,True,,1,0.3000000000000007,native_low_order,deterministic_DOP853_trajectory_sanity_non_proof,6.717549822980983,0.01,0,unavailable,0.04637105576694012,0.04637105576694012,unavailable,unavailable means the backend did not isolate this component; it is not zero,0,46,0.46,van_der_pol,0.46,torch_tm_flowpipe,True,5.528998270986473,2,order1_legacy_tightened,7.017549822980985
0.01,46,,complete_total_degree_1,dependency_tightened,-0.9166943055013004,unavailable,dependency loss requires a matched carry/reset control,torch_nextafter_outward,,,True,0.01,1.0,1.4833056944987,tube,-55.10494117502876,unavailable,this protocol did not isolate process/device peak memory,,True,,1,0.10000000000000187,native_low_order,deterministic_DOP853_trajectory_sanity_non_proof,113.07649373905491,0.01,0,unavailable,0.04637105576694012,0.04637105576694012,unavailable,unavailable means the backend did not isolate this component; it is not zero,1,46,0.46,van_der_pol,0.46,torch_tm_flowpipe,True,58.07155256402616,2,order1_legacy_tightened,113.17649373905493
0.01,46,,complete_total_degree_1,dependency_tightened,0.7702233594959802,unavailable,dependency loss requires a matched carry/reset control,torch_nextafter_outward,,,True,0.01,1.0,2.02022335949598,endpoint_raw,-1.4885515519945123,unavailable,this protocol did not isolate process/device peak memory,,True,,1,0.3000000000000007,native_low_order,deterministic_DOP853_trajectory_sanity_non_proof,6.717549822980983,0.01,0,unavailable,0.04637105576694012,0.04637105576694012,unavailable,unavailable means the backend did not isolate this component; it is not zero,0,46,0.46,van_der_pol,0.46,torch_tm_flowpipe,True,5.528998270986473,2,order1_legacy_tightened,7.017549822980985
0.01,46,,complete_total_degree_1,dependency_tightened,-0.9166943055013004,unavailable,dependency loss requires a matched carry/reset control,torch_nextafter_outward,,,True,0.01,1.0,1.4833056944987,endpoint_raw,-55.10494117502876,unavailable,this protocol did not isolate process/device peak memory,,True,,1,0.10000000000000187,native_low_order,deterministic_DOP853_trajectory_sanity_non_proof,113.07649373905491,0.01,0,unavailable,0.04637105576694012,0.04637105576694012,unavailable,unavailable means the backend did not isolate this component; it is not zero,1,46,0.46,van_der_pol,0.46,torch_tm_flowpipe,True,58.07155256402616,2,order1_legacy_tightened,113.17649373905493
0.01,46,,complete_total_degree_1,dependency_tightened,0.7822507552696298,unavailable,dependency loss requires a matched carry/reset control,torch_nextafter_outward,,,True,0.01,1.0,2.03225075526963,endpoint_tightened_supplemental,-0.9877431431587614,unavailable,this protocol did not isolate process/device peak memory,,True,,1,0.3000000000000007,native_low_order,deterministic_DOP853_trajectory_sanity_non_proof,5.739987796856781,0.01,0,unavailable,0.04637105576694012,0.04637105576694012,unavailable,unavailable means the backend did not isolate this component; it is not zero,0,46,0.46,van_der_pol,0.46,torch_tm_flowpipe,True,5.052244653698021,2,order1_legacy_tightened,6.039987796856782
0.01,46,,complete_total_degree_1,dependency_tightened,-0.8391572131276366,unavailable,dependency loss requires a matched carry/reset control,torch_nextafter_outward,,,True,0.01,1.0,1.5608427868723638,endpoint_tightened_supplemental,-54.018993405359495,unavailable,this protocol did not isolate process/device peak memory,,True,,1,0.10000000000000187,native_low_order,deterministic_DOP853_trajectory_sanity_non_proof,111.05967238446371,0.01,0,unavailable,0.04637105576694012,0.04637105576694012,unavailable,unavailable means the backend did not isolate this component; it is not zero,1,46,0.46,van_der_pol,0.46,torch_tm_flowpipe,True,57.14067897910422,2,order1_legacy_tightened,111.15967238446372
0.01,48,,complete_total_degree_1,range_only,0.5147513119729561,unavailable,dependency loss requires a matched carry/reset control,torch_nextafter_outward,,,True,0.01,1.0,1.764751311972956,tube,-3.4030648175780382,unavailable,this protocol did not isolate process/device peak memory,,True,,1,7.6584253480341715,native_low_order,deterministic_DOP853_trajectory_sanity_non_proof,2.677206911067816,0.01,0,unavailable,0.07073694374412298,0.07073694374412298,unavailable,unavailable means the backend did not isolate this component; it is not zero,0,48,0.48,van_der_pol,0.48,torch_tm_flowpipe,True,6.93256744152395,4,order1_range_only,10.335632259101988
0.01,48,,complete_total_degree_1,range_only,-2.3600420795118797,unavailable,dependency loss requires a matched carry/reset control,torch_nextafter_outward,,,True,0.01,1.0,0.039957920488120635,tube,-120.8672009576789,unavailable,this protocol did not isolate process/device peak memory,,True,,1,122.0040862827259,native_low_order,deterministic_DOP853_trajectory_sanity_non_proof,119.81023147360813,0.01,0,unavailable,0.07073694374412298,0.07073694374412298,unavailable,unavailable means the backend did not isolate this component; it is not zero,1,48,0.48,van_der_pol,0.48,torch_tm_flowpipe,True,120.94711679865514,4,order1_range_only,241.81431775633405
0.01,48,,complete_total_degree_1,range_only,0.5147513119729561,unavailable,dependency loss requires a matched carry/reset control,torch_nextafter_outward,,,True,0.01,1.0,1.764751311972956,endpoint_raw,-3.4030648175780382,unavailable,this protocol did not isolate process/device peak memory,,True,,1,7.6584253480341715,native_low_order,deterministic_DOP853_trajectory_sanity_non_proof,2.677206911067816,0.01,0,unavailable,0.07073694374412298,0.07073694374412298,unavailable,unavailable means the backend did not isolate this component; it is not zero,0,48,0.48,van_der_pol,0.48,torch_tm_flowpipe,True,6.93256744152395,4,order1_range_only,10.335632259101988
0.01,48,,complete_total_degree_1,range_only,-2.3600420795118797,unavailable,dependency loss requires a matched carry/reset control,torch_nextafter_outward,,,True,0.01,1.0,0.039957920488120635,endpoint_raw,-120.8672009576789,unavailable,this protocol did not isolate process/device peak memory,,True,,1,122.0040862827259,native_low_order,deterministic_DOP853_trajectory_sanity_non_proof,119.81023147360813,0.01,0,unavailable,0.07073694374412298,0.07073694374412298,unavailable,unavailable means the backend did not isolate this component; it is not zero,1,48,0.48,van_der_pol,0.48,torch_tm_flowpipe,True,120.94711679865514,4,order1_range_only,241.81431775633405
0.01,48,,complete_total_degree_1,range_only,0.5147884292670162,unavailable,dependency loss requires a matched carry/reset control,torch_nextafter_outward,,,True,0.01,1.0,1.7647884292670162,endpoint_tightened_supplemental,-3.2734958335327424,unavailable,this protocol did not isolate process/device peak memory,,True,,1,7.6584253480341715,native_low_order,deterministic_DOP853_trajectory_sanity_non_proof,2.4181431775653444,0.01,0,unavailable,0.07073694374412298,0.07073694374412298,unavailable,unavailable means the backend did not isolate this component; it is not zero,0,48,0.48,van_der_pol,0.48,torch_tm_flowpipe,True,6.803072692066775,4,order1_range_only,10.076568525599518
0.01,48,,complete_total_degree_1,range_only,-2.359147609430943,unavailable,dependency loss requires a matched carry/reset control,torch_nextafter_outward,,,True,0.01,1.0,0.040852390569057206,endpoint_tightened_supplemental,-120.33051511240812,unavailable,this protocol did not isolate process/device peak memory,,True,,1,122.0040862827259,native_low_order,deterministic_DOP853_trajectory_sanity_non_proof,118.73864872322844,0.01,0,unavailable,0.07073694374412298,0.07073694374412298,unavailable,unavailable means the backend did not isolate this component; it is not zero,1,48,0.48,van_der_pol,0.48,torch_tm_flowpipe,True,120.41221989354624,4,order1_range_only,240.74273500595436
0.01,100,True,"{1,tau,xi}",upstream_symbolic_normalized,0.004173279948725038,unavailable,dependency loss requires a matched carry/reset control,False,,,True,0.01,1.0,0.05417327994872504,endpoint_raw,-0.0027760795924546672,unavailable,this protocol did not isolate process/device peak memory,,True,True,affine_flag,,native_low_order,analytic_interval_solution,,0.01,,unavailable,2.4944613687694073e-05,2.4944613687694073e-05,unavailable,unavailable means the backend did not isolate this component; it is not zero,0,100,1.0,riccati,1.0,diffreach,not_applicable_analytic_reference,0.11112263948990475,,affine_flag,0.11389871908235942
0.01,100,True,"{1,tau,xi,tau^2,tau*xi}",upstream_symbolic_normalized,0.004170601009284028,unavailable,dependency loss requires a matched carry/reset control,False,,,True,0.01,1.0,0.05417060100928403,endpoint_raw,-0.0027766901228198633,unavailable,this protocol did not isolate process/device peak memory,,True,True,restricted_quasiquadratic,,native_low_order,analytic_interval_solution,,0.01,,unavailable,1.7595752142369746e-05,1.7595752142369746e-05,unavailable,unavailable means the backend did not isolate this component; it is not zero,0,100,1.0,riccati,1.0,diffreach,not_applicable_analytic_reference,0.11111789214138793,,restricted_quasiquadratic,0.11389458226420779
0.01,100,True,"{1,tau,xi,tau^2,tau*xi}",upstream_symbolic_normalized,0.005395240607347765,unavailable,dependency loss requires a matched carry/reset control,False,,,True,0.01,1.0,0.05539524060734777,endpoint_raw,-0.039117348368028465,unavailable,this protocol did not isolate process/device peak memory,,True,True,restricted_quasiquadratic,,native_low_order,analytic_interval_solution,,0.01,,unavailable,1.8178499303758144e-05,1.8178499303758144e-05,unavailable,unavailable means the backend did not isolate this component; it is not zero,0,100,1.0,riccati,1.0,diffreach,not_applicable_analytic_reference,0.149907829582724,,quasi_window1_round1,0.18902517795075247
0.01,100,True,"{1,tau,xi,tau^2,tau*xi}",upstream_symbolic_normalized,0.004170656267566186,unavailable,dependency loss requires a matched carry/reset control,False,,,True,0.01,1.0,0.05417065626756619,endpoint_raw,-0.002776733302748265,unavailable,this protocol did not isolate process/device peak memory,,True,True,restricted_quasiquadratic,,native_low_order,analytic_interval_solution,,0.01,,unavailable,1.9456190057098865e-05,1.9456190057098865e-05,unavailable,unavailable means the backend did not isolate this component; it is not zero,0,100,1.0,riccati,1.0,diffreach,not_applicable_analytic_reference,0.11111804583788064,,quasi_window10_round3,0.1138947791406289
0.01,400,True,"{1,tau,xi}",upstream_symbolic_normalized,0.0,unavailable,dependency loss requires a matched carry/reset control,False,,,True,0.01,4.0,0.0,endpoint_raw,-5.570858978048276,unavailable,this protocol did not isolate process/device peak memory,,True,True,affine_flag,,native_low_order,analytic_interval_solution,,0.01,,unavailable,3.289215499535203e-05,3.289215499535203e-05,unavailable,unavailable means the backend did not isolate this component; it is not zero,0,400,4.0,harmonic,4.0,diffreach,not_applicable_analytic_reference,5.570858978048276,,affine_flag,11.141717956096551
0.01,400,True,"{1,tau,xi}",upstream_symbolic_normalized,0.0,unavailable,dependency loss requires a matched carry/reset control,False,,,True,0.01,4.0,0.0,endpoint_raw,-5.570858978048276,unavailable,this protocol did not isolate process/device peak memory,,True,True,affine_flag,,native_low_order,analytic_interval_solution,,0.01,,unavailable,3.289215499535203e-05,3.289215499535203e-05,unavailable,unavailable means the backend did not isolate this component; it is not zero,1,400,4.0,harmonic,4.0,diffreach,not_applicable_analytic_reference,5.570858978048276,,affine_flag,11.141717956096551
0.01,400,True,"{1,tau,xi,tau^2,tau*xi}",upstream_symbolic_normalized,0.0,unavailable,dependency loss requires a matched carry/reset control,False,,,True,0.01,4.0,0.0,endpoint_raw,-0.15159308930591017,unavailable,this protocol did not isolate process/device peak memory,,True,True,restricted_quasiquadratic,,native_low_order,analytic_interval_solution,,0.01,,unavailable,3.911239211447537e-05,3.911239211447537e-05,unavailable,unavailable means the backend did not isolate this component; it is not zero,0,400,4.0,harmonic,4.0,diffreach,not_applicable_analytic_reference,0.15159308930591017,,restricted_quasiquadratic,0.30318617861182035
0.01,400,True,"{1,tau,xi,tau^2,tau*xi}",upstream_symbolic_normalized,0.0,unavailable,dependency loss requires a matched carry/reset control,False,,,True,0.01,4.0,0.0,endpoint_raw,-0.1515930893059103,unavailable,this protocol did not isolate process/device peak memory,,True,True,restricted_quasiquadratic,,native_low_order,analytic_interval_solution,,0.01,,unavailable,3.911239211447537e-05,3.911239211447537e-05,unavailable,unavailable means the backend did not isolate this component; it is not zero,1,400,4.0,harmonic,4.0,diffreach,not_applicable_analytic_reference,0.1515930893059103,,restricted_quasiquadratic,0.3031861786118206
0.01,400,True,"{1,tau,xi,tau^2,tau*xi}",upstream_symbolic_normalized,0.0,unavailable,dependency loss requires a matched carry/reset control,False,,,True,0.01,4.0,0.0,endpoint_raw,-5.511993820598239,unavailable,this protocol did not isolate process/device peak memory,,True,True,restricted_quasiquadratic,,native_low_order,analytic_interval_solution,,0.01,,unavailable,2.4927202612161637e-05,2.4927202612161637e-05,unavailable,unavailable means the backend did not isolate this component; it is not zero,0,400,4.0,harmonic,4.0,diffreach,not_applicable_analytic_reference,5.511993820598239,,quasi_window1_round1,11.023987641196477
0.01,400,True,"{1,tau,xi,tau^2,tau*xi}",upstream_symbolic_normalized,0.0,unavailable,dependency loss requires a matched carry/reset control,False,,,True,0.01,4.0,0.0,endpoint_raw,-5.51199382059824,unavailable,this protocol did not isolate process/device peak memory,,True,True,restricted_quasiquadratic,,native_low_order,analytic_interval_solution,,0.01,,unavailable,2.4927202612161637e-05,2.4927202612161637e-05,unavailable,unavailable means the backend did not isolate this component; it is not zero,1,400,4.0,harmonic,4.0,diffreach,not_applicable_analytic_reference,5.51199382059824,,quasi_window1_round1,11.02398764119648
0.01,400,True,"{1,tau,xi,tau^2,tau*xi}",upstream_symbolic_normalized,0.0,unavailable,dependency loss requires a matched carry/reset control,False,,,True,0.01,4.0,0.0,endpoint_raw,-0.17371491980225917,unavailable,this protocol did not isolate process/device peak memory,,True,True,restricted_quasiquadratic,,native_low_order,analytic_interval_solution,,0.01,,unavailable,3.256821539252997e-05,3.256821539252997e-05,unavailable,unavailable means the backend did not isolate this component; it is not zero,0,400,4.0,harmonic,4.0,diffreach,not_applicable_analytic_reference,0.17371491980225917,,quasi_window10_round3,0.34742983960451834
0.01,400,True,"{1,tau,xi,tau^2,tau*xi}",upstream_symbolic_normalized,0.0,unavailable,dependency loss requires a matched carry/reset control,False,,,True,0.01,4.0,0.0,endpoint_raw,-0.17371491980225912,unavailable,this protocol did not isolate process/device peak memory,,True,True,restricted_quasiquadratic,,native_low_order,analytic_interval_solution,,0.01,,unavailable,3.256821539252997e-05,3.256821539252997e-05,unavailable,unavailable means the backend did not isolate this component; it is not zero,1,400,4.0,harmonic,4.0,diffreach,not_applicable_analytic_reference,0.17371491980225912,,quasi_window10_round3,0.34742983960451823
0.005,50,,"{1,tau,xi}",upstream_symbolic_normalized,0.004558230080364628,unavailable,dependency loss requires a matched carry/reset control,False,,,True,0.005,0.25,0.10455823008036463,endpoint_raw,0.08289720583760576,unavailable,this protocol did not isolate process/device peak memory,,True,True,affine_flag,,native_low_order,deterministic_DOP853_trajectory_sanity_non_proof,,0.005,,unavailable,6.862475536763668e-05,6.862475536763668e-05,unavailable,unavailable means the backend did not isolate this component; it is not zero,0,50,0.25,coupled_quadratic,0.25,diffreach,True,0.1262192543231235,,affine_flag,0.04332204848551774
0.005,50,,"{1,tau,xi}",upstream_symbolic_normalized,-0.04190305663888583,unavailable,dependency loss requires a matched carry/reset control,False,,,True,0.005,0.25,0.15809694336111418,endpoint_raw,0.13106569534202,unavailable,this protocol did not isolate process/device peak memory,,True,True,affine_flag,,native_low_order,deterministic_DOP853_trajectory_sanity_non_proof,,0.005,,unavailable,6.862475536763668e-05,6.862475536763668e-05,unavailable,unavailable means the backend did not isolate this component; it is not zero,1,50,0.25,coupled_quadratic,0.25,diffreach,True,0.18512819138020836,,affine_flag,0.05406249603818836
0.005,50,,"{1,tau,xi,tau^2,tau*xi}",upstream_symbolic_normalized,0.004555049089643132,unavailable,dependency loss requires a matched carry/reset control,False,,,True,0.005,0.25,0.10455504908964314,endpoint_raw,0.08306625306801728,unavailable,this protocol did not isolate process/device peak memory,,True,True,restricted_quasiquadratic,,native_low_order,deterministic_DOP853_trajectory_sanity_non_proof,,0.005,,unavailable,8.286127820611e-05,8.286127820611e-05,unavailable,unavailable means the backend did not isolate this component; it is not zero,0,50,0.25,coupled_quadratic,0.25,diffreach,True,0.12604384511126898,,restricted_quasiquadratic,0.0429775920432517
0.005,50,,"{1,tau,xi,tau^2,tau*xi}",upstream_symbolic_normalized,-0.041870284338159064,unavailable,dependency loss requires a matched carry/reset control,False,,,True,0.005,0.25,0.15812971566184095,endpoint_raw,0.1414031320410738,unavailable,this protocol did not isolate process/device peak memory,,True,True,restricted_quasiquadratic,,native_low_order,deterministic_DOP853_trajectory_sanity_non_proof,,0.005,,unavailable,8.286127820611e-05,8.286127820611e-05,unavailable,unavailable means the backend did not isolate this component; it is not zero,1,50,0.25,coupled_quadratic,0.25,diffreach,True,0.1748562992826081,,restricted_quasiquadratic,0.0334531672415343
0.005,50,,"{1,tau,xi,tau^2,tau*xi}",upstream_symbolic_normalized,0.004555279836716136,unavailable,dependency loss requires a matched carry/reset control,False,,,True,0.005,0.25,0.10455527983671614,endpoint_raw,0.07126371997856462,unavailable,this protocol did not isolate process/device peak memory,,True,True,restricted_quasiquadratic,,native_low_order,deterministic_DOP853_trajectory_sanity_non_proof,,0.005,,unavailable,3.778056241571903e-05,3.778056241571903e-05,unavailable,unavailable means the backend did not isolate this component; it is not zero,0,50,0.25,coupled_quadratic,0.25,diffreach,True,0.13784683969486766,,quasi_window1_round1,0.06658311971630304
0.005,50,,"{1,tau,xi,tau^2,tau*xi}",upstream_symbolic_normalized,-0.04183744622928143,unavailable,dependency loss requires a matched carry/reset control,False,,,True,0.005,0.25,0.15816255377071858,endpoint_raw,0.11071160627089502,unavailable,this protocol did not isolate process/device peak memory,,True,True,restricted_quasiquadratic,,native_low_order,deterministic_DOP853_trajectory_sanity_non_proof,,0.005,,unavailable,3.778056241571903e-05,3.778056241571903e-05,unavailable,unavailable means the backend did not isolate this component; it is not zero,1,50,0.25,coupled_quadratic,0.25,diffreach,True,0.20561350127054215,,quasi_window1_round1,0.09490189499964713
0.005,50,,"{1,tau,xi,tau^2,tau*xi}",upstream_symbolic_normalized,0.004555049092320296,unavailable,dependency loss requires a matched carry/reset control,False,,,True,0.005,0.25,0.1045550490923203,endpoint_raw,0.08306609388297566,unavailable,this protocol did not isolate process/device peak memory,,True,True,restricted_quasiquadratic,,native_low_order,deterministic_DOP853_trajectory_sanity_non_proof,,0.005,,unavailable,6.638594903051853e-05,6.638594903051853e-05,unavailable,unavailable means the backend did not isolate this component; it is not zero,0,50,0.25,coupled_quadratic,0.25,diffreach,True,0.12604400430166493,,quasi_window10_round3,0.04297791041868927
0.005,50,,"{1,tau,xi,tau^2,tau*xi}",upstream_symbolic_normalized,-0.04187028396641265,unavailable,dependency loss requires a matched carry/reset control,False,,,True,0.005,0.25,0.15812971603358736,endpoint_raw,0.14140228235015856,unavailable,this protocol did not isolate process/device peak memory,,True,True,restricted_quasiquadratic,,native_low_order,deterministic_DOP853_trajectory_sanity_non_proof,,0.005,,unavailable,6.638594903051853e-05,6.638594903051853e-05,unavailable,unavailable means the backend did not isolate this component; it is not zero,1,50,0.25,coupled_quadratic,0.25,diffreach,True,0.17485714971701616,,quasi_window10_round3,0.0334548673668576
0.01,25,,"{1,tau,xi}",upstream_symbolic_normalized,0.004562123507728111,unavailable,dependency loss requires a matched carry/reset control,False,,,True,0.01,0.25,0.10456212350772812,endpoint_raw,0.0828852011282981,unavailable,this protocol did not isolate process/device peak memory,,True,True,affine_flag,,native_low_order,deterministic_DOP853_trajectory_sanity_non_proof,,0.01,,unavailable,6.394943222403526e-05,6.394943222403526e-05,unavailable,unavailable means the backend did not isolate this component; it is not zero,0,25,0.25,coupled_quadratic,0.25,diffreach,True,0.12623904588715815,,affine_flag,0.04335384475886005
0.01,25,,"{1,tau,xi}",upstream_symbolic_normalized,-0.04195179282135875,unavailable,dependency loss requires a matched carry/reset control,False,,,True,0.01,0.25,0.15804820717864126,endpoint_raw,0.13093234590644903,unavailable,this protocol did not isolate process/device peak memory,,True,True,affine_flag,,native_low_order,deterministic_DOP853_trajectory_sanity_non_proof,,0.01,,unavailable,6.394943222403526e-05,6.394943222403526e-05,unavailable,unavailable means the backend did not isolate this component; it is not zero,1,25,0.25,coupled_quadratic,0.25,diffreach,True,0.1851640684508335,,affine_flag,0.054231722544384464
0.01,25,,"{1,tau,xi,tau^2,tau*xi}",upstream_symbolic_normalized,0.0045550612884347474,unavailable,dependency loss requires a matched carry/reset control,False,,,True,0.01,0.25,0.10455506128843475,endpoint_raw,0.08306058969947014,unavailable,this protocol did not isolate process/device peak memory,,True,True,restricted_quasiquadratic,,native_low_order,deterministic_DOP853_trajectory_sanity_non_proof,,0.01,,unavailable,9.055471047759057e-05,9.055471047759057e-05,unavailable,unavailable means the backend did not isolate this component; it is not zero,0,25,0.25,coupled_quadratic,0.25,diffreach,True,0.12604953287739937,,restricted_quasiquadratic,0.04298894317792923
0.01,25,,"{1,tau,xi,tau^2,tau*xi}",upstream_symbolic_normalized,-0.04187022803472629,unavailable,dependency loss requires a matched carry/reset control,False,,,True,0.01,0.25,0.15812977196527372,endpoint_raw,0.1412410278018873,unavailable,this protocol did not isolate process/device peak memory,,True,True,restricted_quasiquadratic,,native_low_order,deterministic_DOP853_trajectory_sanity_non_proof,,0.01,,unavailable,9.055471047759057e-05,9.055471047759057e-05,unavailable,unavailable means the backend did not isolate this component; it is not zero,1,25,0.25,coupled_quadratic,0.25,diffreach,True,0.17501851612866015,,restricted_quasiquadratic,0.03377748832677285
0.01,25,,"{1,tau,xi,tau^2,tau*xi}",upstream_symbolic_normalized,0.004555249097836889,unavailable,dependency loss requires a matched carry/reset control,False,,,True,0.01,0.25,0.1045552490978369,endpoint_raw,0.071267637318022,unavailable,this protocol did not isolate process/device peak memory,,True,True,restricted_quasiquadratic,,native_low_order,deterministic_DOP853_trajectory_sanity_non_proof,,0.01,,unavailable,4.740137606859207e-05,4.740137606859207e-05,unavailable,unavailable means the backend did not isolate this component; it is not zero,0,25,0.25,coupled_quadratic,0.25,diffreach,True,0.13784286087765177,,quasi_window1_round1,0.06657522355962976
0.01,25,,"{1,tau,xi,tau^2,tau*xi}",upstream_symbolic_normalized,-0.04183783718273182,unavailable,dependency loss requires a matched carry/reset control,False,,,True,0.01,0.25,0.1581621628172682,endpoint_raw,0.11019242066198214,unavailable,this protocol did not isolate process/device peak memory,,True,True,restricted_quasiquadratic,,native_low_order,deterministic_DOP853_trajectory_sanity_non_proof,,0.01,,unavailable,4.740137606859207e-05,4.740137606859207e-05,unavailable,unavailable means the backend did not isolate this component; it is not zero,1,25,0.25,coupled_quadratic,0.25,diffreach,True,0.20613190497255424,,quasi_window1_round1,0.0959394843105721
0.01,25,,"{1,tau,xi,tau^2,tau*xi}",upstream_symbolic_normalized,0.004555061297226715,unavailable,dependency loss requires a matched carry/reset control,False,,,True,0.01,0.25,0.10455506129722672,endpoint_raw,0.0830599530548331,unavailable,this protocol did not isolate process/device peak memory,,True,True,restricted_quasiquadratic,,native_low_order,deterministic_DOP853_trajectory_sanity_non_proof,,0.01,,unavailable,9.32619534432888e-05,9.32619534432888e-05,unavailable,unavailable means the backend did not isolate this component; it is not zero,0,25,0.25,coupled_quadratic,0.25,diffreach,True,0.12605016953962034,,quasi_window10_round3,0.042990216484787236
0.01,25,,"{1,tau,xi,tau^2,tau*xi}",upstream_symbolic_normalized,-0.04187022655755951,unavailable,dependency loss requires a matched carry/reset control,False,,,True,0.01,0.25,0.1581297734424405,endpoint_raw,0.14123758781411677,unavailable,this protocol did not isolate process/device peak memory,,True,True,restricted_quasiquadratic,,native_low_order,deterministic_DOP853_trajectory_sanity_non_proof,,0.01,,unavailable,9.32619534432888e-05,9.32619534432888e-05,unavailable,unavailable means the backend did not isolate this component; it is not zero,1,25,0.25,coupled_quadratic,0.25,diffreach,True,0.17502195907076423,,quasi_window10_round3,0.03378437125664746
0.005,123,,"{1,tau,xi}",upstream_symbolic_normalized,0.7381746902347135,unavailable,dependency loss requires a matched carry/reset control,False,,,True,0.005,1.0,1.9881746902347135,endpoint_raw,1.1733119291995533,unavailable,this protocol did not isolate process/device peak memory,,True,True,affine_flag,,native_low_order,deterministic_DOP853_trajectory_sanity_non_proof,,0.005,,unavailable,5.387641489505768e-05,5.387641489505768e-05,unavailable,unavailable means the backend did not isolate this component; it is not zero,0,123,0.615,van_der_pol,0.615,diffreach,True,2.8030374512698737,,affine_flag,1.6297255220703204
0.005,123,,"{1,tau,xi}",upstream_symbolic_normalized,-2.4293885771930737,unavailable,dependency loss requires a matched carry/reset control,False,,,True,0.005,1.0,-0.029388577193073306,endpoint_raw,-3.9976946637822905,unavailable,this protocol did not isolate process/device peak memory,,True,True,affine_flag,,native_low_order,deterministic_DOP853_trajectory_sanity_non_proof,,0.005,,unavailable,5.387641489505768e-05,5.387641489505768e-05,unavailable,unavailable means the backend did not isolate this component; it is not zero,1,123,0.615,van_der_pol,0.615,diffreach,True,3.938917509396144,,affine_flag,7.9366121731784345
0.005,200,,"{1,tau,xi,tau^2,tau*xi}",upstream_symbolic_normalized,0.6529673648429437,unavailable,dependency loss requires a matched carry/reset control,False,,,True,0.005,1.0,1.9029673648429437,endpoint_raw,1.843835566682848,unavailable,this protocol did not isolate process/device peak memory,,True,True,restricted_quasiquadratic,,native_low_order,deterministic_DOP853_trajectory_sanity_non_proof,,0.005,,unavailable,5.888275569304824e-05,5.888275569304824e-05,unavailable,unavailable means the backend did not isolate this component; it is not zero,0,200,1.0,van_der_pol,1.0,diffreach,True,1.9620991630030395,,restricted_quasiquadratic,0.11826359632019146
0.005,200,,"{1,tau,xi,tau^2,tau*xi}",upstream_symbolic_normalized,-2.827791814713055,unavailable,dependency loss requires a matched carry/reset control,False,,,True,0.005,1.0,-0.42779181471305483,endpoint_raw,-0.4981151330064554,unavailable,this protocol did not isolate process/device peak memory,,True,True,restricted_quasiquadratic,,native_low_order,deterministic_DOP853_trajectory_sanity_non_proof,,0.005,,unavailable,5.888275569304824e-05,5.888275569304824e-05,unavailable,unavailable means the backend did not isolate this component; it is not zero,1,200,1.0,van_der_pol,1.0,diffreach,True,-0.3574684964196542,,restricted_quasiquadratic,0.14064663658680115
0.005,200,,"{1,tau,xi,tau^2,tau*xi}",upstream_symbolic_normalized,0.6542171787075661,unavailable,dependency loss requires a matched carry/reset control,False,,,True,0.005,1.0,1.9042171787075661,endpoint_raw,1.0335188768365824,unavailable,this protocol did not isolate process/device peak memory,,True,True,restricted_quasiquadratic,,native_low_order,deterministic_DOP853_trajectory_sanity_non_proof,,0.005,,unavailable,2.386608626693487e-05,2.386608626693487e-05,unavailable,unavailable means the backend did not isolate this component; it is not zero,0,200,1.0,van_der_pol,1.0,diffreach,True,2.77491548057855,,quasi_window1_round1,1.7413966037419675
0.005,200,,"{1,tau,xi,tau^2,tau*xi}",upstream_symbolic_normalized,-2.76602126960755,unavailable,dependency loss requires a matched carry/reset control,False,,,True,0.005,1.0,-0.36602126960754955,endpoint_raw,-2.2466974732952427,unavailable,this protocol did not isolate process/device peak memory,,True,True,restricted_quasiquadratic,,native_low_order,deterministic_DOP853_trajectory_sanity_non_proof,,0.005,,unavailable,2.386608626693487e-05,2.386608626693487e-05,unavailable,unavailable means the backend did not isolate this component; it is not zero,1,200,1.0,van_der_pol,1.0,diffreach,True,1.5146549340801436,,quasi_window1_round1,3.7613524073753863
0.005,200,,"{1,tau,xi,tau^2,tau*xi}",upstream_symbolic_normalized,0.6529577425057074,unavailable,dependency loss requires a matched carry/reset control,False,,,True,0.005,1.0,1.9029577425057074,endpoint_raw,1.8358795942060313,unavailable,this protocol did not isolate process/device peak memory,,True,True,restricted_quasiquadratic,,native_low_order,deterministic_DOP853_trajectory_sanity_non_proof,,0.005,,unavailable,3.894855501130223e-05,3.894855501130223e-05,unavailable,unavailable means the backend did not isolate this component; it is not zero,0,200,1.0,van_der_pol,1.0,diffreach,True,1.9700358908053834,,quasi_window10_round3,0.13415629659935213
0.005,200,,"{1,tau,xi,tau^2,tau*xi}",upstream_symbolic_normalized,-2.8277616838348143,unavailable,dependency loss requires a matched carry/reset control,False,,,True,0.005,1.0,-0.42776168383481394,endpoint_raw,-0.5049752701894764,unavailable,this protocol did not isolate process/device peak memory,,True,True,restricted_quasiquadratic,,native_low_order,deterministic_DOP853_trajectory_sanity_non_proof,,0.005,,unavailable,3.894855501130223e-05,3.894855501130223e-05,unavailable,unavailable means the backend did not isolate this component; it is not zero,1,200,1.0,van_der_pol,1.0,diffreach,True,-0.35054809748015153,,quasi_window10_round3,0.15442717270932488
0.01,53,,"{1,tau,xi}",upstream_symbolic_normalized,0.7228660392740061,unavailable,dependency loss requires a matched carry/reset control,False,,,True,0.01,1.0,1.972866039274006,endpoint_raw,1.3891295456956108,unavailable,this protocol did not isolate process/device peak memory,,True,True,affine_flag,,native_low_order,deterministic_DOP853_trajectory_sanity_non_proof,,0.01,,unavailable,5.5314931087195875e-05,5.5314931087195875e-05,unavailable,unavailable means the backend did not isolate this component; it is not zero,0,53,0.53,van_der_pol,0.53,diffreach,True,2.556602532852401,,affine_flag,1.1674729871567904
0.01,53,,"{1,tau,xi}",upstream_symbolic_normalized,-2.1754251494498917,unavailable,dependency loss requires a matched carry/reset control,False,,,True,0.01,1.0,0.22457485055010862,endpoint_raw,-2.2605616123340395,unavailable,this protocol did not isolate process/device peak memory,,True,True,affine_flag,,native_low_order,deterministic_DOP853_trajectory_sanity_non_proof,,0.01,,unavailable,5.5314931087195875e-05,5.5314931087195875e-05,unavailable,unavailable means the backend did not isolate this component; it is not zero,1,53,0.53,van_der_pol,0.53,diffreach,True,2.7097113134342568,,affine_flag,4.970272925768296
0.01,100,,"{1,tau,xi,tau^2,tau*xi}",upstream_symbolic_normalized,0.6528443219594924,unavailable,dependency loss requires a matched carry/reset control,False,,,True,0.01,1.0,1.9028443219594924,endpoint_raw,1.8383764230772952,unavailable,this protocol did not isolate process/device peak memory,,True,True,restricted_quasiquadratic,,native_low_order,deterministic_DOP853_trajectory_sanity_non_proof,,0.01,,unavailable,6.697240751236677e-05,6.697240751236677e-05,unavailable,unavailable means the backend did not isolate this component; it is not zero,0,100,1.0,van_der_pol,1.0,diffreach,True,1.9673122208416898,,restricted_quasiquadratic,0.12893579776439457
0.01,100,,"{1,tau,xi,tau^2,tau*xi}",upstream_symbolic_normalized,-2.827769743668034,unavailable,dependency loss requires a matched carry/reset control,False,,,True,0.01,1.0,-0.4277697436680336,endpoint_raw,-0.5034359526061096,unavailable,this protocol did not isolate process/device peak memory,,True,True,restricted_quasiquadratic,,native_low_order,deterministic_DOP853_trajectory_sanity_non_proof,,0.01,,unavailable,6.697240751236677e-05,6.697240751236677e-05,unavailable,unavailable means the backend did not isolate this component; it is not zero,1,100,1.0,van_der_pol,1.0,diffreach,True,-0.3521035347299576,,restricted_quasiquadratic,0.15133241787615204
0.01,95,,"{1,tau,xi,tau^2,tau*xi}",upstream_symbolic_normalized,0.6719620251993652,unavailable,dependency loss requires a matched carry/reset control,False,,,True,0.01,1.0,1.9219620251993652,endpoint_raw,1.0953941264531193,unavailable,this protocol did not isolate process/device peak memory,,True,True,restricted_quasiquadratic,,native_low_order,deterministic_DOP853_trajectory_sanity_non_proof,,0.01,,unavailable,2.538401633501053e-05,2.538401633501053e-05,unavailable,unavailable means the backend did not isolate this component; it is not zero,0,95,0.9500000000000001,van_der_pol,0.9500000000000001,diffreach,True,2.748529923945611,,quasi_window1_round1,1.6531357974924918
0.01,95,,"{1,tau,xi,tau^2,tau*xi}",upstream_symbolic_normalized,-2.740080796804583,unavailable,dependency loss requires a matched carry/reset control,False,,,True,0.01,1.0,-0.3400807968045829,endpoint_raw,-2.1955110417153634,unavailable,this protocol did not isolate process/device peak memory,,True,True,restricted_quasiquadratic,,native_low_order,deterministic_DOP853_trajectory_sanity_non_proof,,0.01,,unavailable,2.538401633501053e-05,2.538401633501053e-05,unavailable,unavailable means the backend did not isolate this component; it is not zero,1,95,0.9500000000000001,van_der_pol,0.9500000000000001,diffreach,True,1.5153494481061975,,quasi_window1_round1,3.710860489821561
0.01,100,,"{1,tau,xi,tau^2,tau*xi}",upstream_symbolic_normalized,0.6528308578808226,unavailable,dependency loss requires a matched carry/reset control,False,,,True,0.01,1.0,1.9028308578808226,endpoint_raw,1.826810447291435,unavailable,this protocol did not isolate process/device peak memory,,True,True,restricted_quasiquadratic,,native_low_order,deterministic_DOP853_trajectory_sanity_non_proof,,0.01,,unavailable,4.3656090274453166e-05,4.3656090274453166e-05,unavailable,unavailable means the backend did not isolate this component; it is not zero,0,100,1.0,van_der_pol,1.0,diffreach,True,1.9788512684702104,,quasi_window10_round3,0.15204082117877538
0.01,100,,"{1,tau,xi,tau^2,tau*xi}",upstream_symbolic_normalized,-2.8277180779129347,unavailable,dependency loss requires a matched carry/reset control,False,,,True,0.01,1.0,-0.42771807791293415,endpoint_raw,-0.5151424398378549,unavailable,this protocol did not isolate process/device peak memory,,True,True,restricted_quasiquadratic,,native_low_order,deterministic_DOP853_trajectory_sanity_non_proof,,0.01,,unavailable,4.3656090274453166e-05,4.3656090274453166e-05,unavailable,unavailable means the backend did not isolate this component; it is not zero,1,100,1.0,van_der_pol,1.0,diffreach,True,-0.34029371598801333,,quasi_window10_round3,0.17484872384984157
0.01,100,True,complete_total_degree_2,native_Flowpipe_tmvPre_tmv_composition,0.004170803570825034,unavailable,dependency loss requires a matched carry/reset control,True,,,False,0.01,1.0,0.05417080357082504,endpoint_raw,-0.002781031733765081,unavailable,this protocol did not isolate process/device peak memory,,True,,2,0.11079458421243157,native_low_order,analytic_interval_solution,0.0031090863967486427,0.01,,unavailable,0.000104,0.000104,unavailable,unavailable means the backend did not isolate this component; it is not zero,0,100,1.0000000000000007,riccati,1.0000000000000007,flowstar,not_applicable_analytic_reference,0.11112263887541515,,root_cause_fixed_order_2,0.11390367060918023
0.01,400,True,complete_total_degree_2,native_Flowpipe_tmvPre_tmv_composition,0.0,unavailable,dependency loss requires a matched carry/reset control,True,,,False,0.01,4.0,0.0,endpoint_raw,-0.2131991907276929,unavailable,this protocol did not isolate process/device peak memory,,True,,2,0.28779031952852957,native_low_order,analytic_interval_solution,0.13860806192685618,0.01,,unavailable,0.000114,0.000114,unavailable,unavailable means the backend did not isolate this component; it is not zero,0,400,3.9999999999999587,harmonic,3.9999999999999587,flowstar,not_applicable_analytic_reference,0.2131991907276929,,root_cause_fixed_order_2,0.4263983814553858
0.01,400,True,complete_total_degree_2,native_Flowpipe_tmvPre_tmv_composition,0.0,unavailable,dependency loss requires a matched carry/reset control,True,,,False,0.01,4.0,0.0,endpoint_raw,-0.2131991907276929,unavailable,this protocol did not isolate process/device peak memory,,True,,2,0.28779031952852957,native_low_order,analytic_interval_solution,0.13860806192685618,0.01,,unavailable,0.000114,0.000114,unavailable,unavailable means the backend did not isolate this component; it is not zero,1,400,3.9999999999999587,harmonic,3.9999999999999587,flowstar,not_applicable_analytic_reference,0.2131991907276929,,root_cause_fixed_order_2,0.4263983814553858
0.005,50,,complete_total_degree_2,native_Flowpipe_tmvPre_tmv_composition,0.004555059933293748,unavailable,dependency loss requires a matched carry/reset control,True,,,False,0.005,0.25,0.10455505993329375,endpoint_raw,0.083059143899694,unavailable,this protocol did not isolate process/device peak memory,,True,,2,0.04277625763686346,native_low_order,deterministic_DOP853_trajectory_sanity_non_proof,0.0002155744303360151,0.005,,unavailable,0.000267,0.000267,unavailable,unavailable means the backend did not isolate this component; it is not zero,0,50,0.2500000000000001,coupled_quadratic,0.2500000000000001,flowstar,True,0.1260509759668935,,root_cause_fixed_order_2,0.04299183206719949
0.005,50,,complete_total_degree_2,native_Flowpipe_tmvPre_tmv_composition,-0.041870426260778026,unavailable,dependency loss requires a matched carry/reset control,True,,,False,0.005,0.25,0.15812957373922198,endpoint_raw,0.14154283345287436,unavailable,this protocol did not isolate process/device peak memory,,True,,2,0.03301509751910586,native_low_order,deterministic_DOP853_trajectory_sanity_non_proof,0.00015838305358938678,0.005,,unavailable,0.000267,0.000267,unavailable,unavailable means the backend did not isolate this component; it is not zero,1,50,0.2500000000000001,coupled_quadratic,0.2500000000000001,flowstar,True,0.17471631402556964,,root_cause_fixed_order_2,0.033173480572695285
0.01,25,,complete_total_degree_2,native_Flowpipe_tmvPre_tmv_composition,0.004555104045799868,unavailable,dependency loss requires a matched carry/reset control,True,,,False,0.01,0.25,0.10455510404579987,endpoint_raw,0.08304627283487775,unavailable,this protocol did not isolate process/device peak memory,,True,,2,0.042780586439712276,native_low_order,deterministic_DOP853_trajectory_sanity_non_proof,0.0002370759821319489,0.01,,unavailable,0.000273,0.000273,unavailable,unavailable means the backend did not isolate this component; it is not zero,0,25,0.25000000000000006,coupled_quadratic,0.25000000000000006,flowstar,True,0.126063935256722,,root_cause_fixed_order_2,0.04301766242184424
0.01,25,,complete_total_degree_2,native_Flowpipe_tmvPre_tmv_composition,-0.04187083019044818,unavailable,dependency loss requires a matched carry/reset control,True,,,False,0.01,0.25,0.15812916980955183,endpoint_raw,0.1415205789876827,unavailable,this protocol did not isolate process/device peak memory,,True,,2,0.03299763249899812,native_low_order,deterministic_DOP853_trajectory_sanity_non_proof,0.00021954914474011847,0.01,,unavailable,0.000273,0.000273,unavailable,unavailable means the backend did not isolate this component; it is not zero,1,25,0.25000000000000006,coupled_quadratic,0.25000000000000006,flowstar,True,0.17473776063142096,,root_cause_fixed_order_2,0.03321718164373827
0.005,200,,complete_total_degree_2,native_Flowpipe_tmvPre_tmv_composition,0.6529330886687832,unavailable,dependency loss requires a matched carry/reset control,True,,,False,0.005,1.0,1.9029330886687832,endpoint_raw,1.819701424464262,unavailable,this protocol did not isolate process/device peak memory,,True,,2,0.06681870729011807,native_low_order,deterministic_DOP853_trajectory_sanity_non_proof,0.09964462111892412,0.005,,unavailable,0.000295,0.000295,unavailable,unavailable means the backend did not isolate this component; it is not zero,0,200,1.0000000000000007,van_der_pol,1.0000000000000007,flowstar,True,1.9861647528733044,,root_cause_fixed_order_2,0.16646332840904243
0.005,200,,complete_total_degree_2,native_Flowpipe_tmvPre_tmv_composition,-2.827705390548521,unavailable,dependency loss requires a matched carry/reset control,True,,,False,0.005,1.0,-0.4277053905485207,endpoint_raw,-0.5173923586486262,unavailable,this protocol did not isolate process/device peak memory,,True,,2,0.09604691278458344,native_low_order,deterministic_DOP853_trajectory_sanity_non_proof,0.08332702341562756,0.005,,unavailable,0.000295,0.000295,unavailable,unavailable means the backend did not isolate this component; it is not zero,1,200,1.0000000000000007,van_der_pol,1.0000000000000007,flowstar,True,-0.3380184224484152,,root_cause_fixed_order_2,0.17937393620021103
0.01,100,,complete_total_degree_2,native_Flowpipe_tmvPre_tmv_composition,0.6528585393450781,unavailable,dependency loss requires a matched carry/reset control,True,,,False,0.01,1.0,1.902858539345078,endpoint_raw,1.7899222463805502,unavailable,this protocol did not isolate process/device peak memory,,True,,2,0.06473482946809161,native_low_order,deterministic_DOP853_trajectory_sanity_non_proof,0.1611377564609636,0.01,,unavailable,0.000282,0.000282,unavailable,unavailable means the backend did not isolate this component; it is not zero,0,100,1.0000000000000007,van_der_pol,1.0000000000000007,flowstar,True,2.0157948323096058,,root_cause_fixed_order_2,0.22587258592905557
0.01,100,,complete_total_degree_2,native_Flowpipe_tmvPre_tmv_composition,-2.8275309901753536,unavailable,dependency loss requires a matched carry/reset control,True,,,False,0.01,1.0,-0.427530990175353,endpoint_raw,-0.5471060633312519,unavailable,this protocol did not isolate process/device peak memory,,True,,2,0.09623038136564865,native_low_order,deterministic_DOP853_trajectory_sanity_non_proof,0.142919764946149,0.01,,unavailable,0.000282,0.000282,unavailable,unavailable means the backend did not isolate this component; it is not zero,1,100,1.0000000000000007,van_der_pol,1.0000000000000007,flowstar,True,-0.30795591701945413,,root_cause_fixed_order_2,0.23915014631179776
