accepted_step,accepted_steps,analytic_exact_width,analytic_reference_contained,basis,carried_basis,carried_max_degree,carry_contract,center_shift_from_initial,compile_time_s,dependency_loss_metric,dependency_loss_semantics,directed_rounding_or_mpfr,exact_inflation_ratio,exact_reference_contained,failure_category,first_call_time_s,floating_point_enclosure_candidate,h,horizon,interval_center,interval_kind,local_construction_basis,local_construction_order,lower,max_degree,memory_measurement,memory_unavailable_reason,message,mode,monomial_families,native_validation_passed,number_of_discarded_candidates,number_of_retained_coefficients,number_of_steps,numerical_backend,polynomial_width,projection_method,protocol,python_orchestration_time_s,reference_oracle,remainder_estimation,remainder_width,requested_step,reset_method,runtime_export_s,runtime_propagation_s,runtime_s,runtime_setup_s,runtime_unavailable_semantics,sampled_trajectory_contained,state_index,steady_step_time_s,step_index,successful_horizon,system,term_count,time,tool,trajectory_sanity_passed,upper,validation_failed,validation_trace_count,validator,variant,width
0.005,1,0.10005002501250625,,,,,none_one_step,2.5000000000025002e-05,0.0,unavailable,dependency loss requires a matched carry/reset control,torch_nextafter_outward,1.0001246875250132,,,,True,0.005,0.005,0.05002500000000003,tube,,,-6.250001251250028e-06,1,unavailable,this protocol did not isolate process/device peak memory,,,"{""affine_state"": 1}",True,,,,,0.10000000000000006,,one_step_common_input,,analytic_interval_solution,,6.25000025025002e-05,0.005,,unavailable,0.020024452824145555,0.020024452824145555,0.0,unavailable means the backend did not isolate this component; it is not zero,,0,,1,0.005,riccati,1,0.005,torch_tm_flowpipe,not_applicable_analytic_reference,0.1000562500012513,,2,,complete_total_degree_1,0.10006250000250255
0.005,1,0.10005002501250625,True,,,,none_one_step,2.5000000000025002e-05,0.0,unavailable,dependency loss requires a matched carry/reset control,torch_nextafter_outward,1.0001246875250132,,,,True,0.005,0.005,0.05002500000000003,endpoint_raw,,,-6.250001251250028e-06,1,unavailable,this protocol did not isolate process/device peak memory,,,"{""affine_state"": 1}",True,,,,,0.10000000000000005,,one_step_common_input,,analytic_interval_solution,,6.25000025025002e-05,0.005,,unavailable,0.020024452824145555,0.020024452824145555,0.0,unavailable means the backend did not isolate this component; it is not zero,,0,,1,0.005,riccati,1,0.005,torch_tm_flowpipe,not_applicable_analytic_reference,0.1000562500012513,,2,,complete_total_degree_1,0.10006250000250255
0.005,1,0.10005002501250625,,,,,none_one_step,2.5000000000025002e-05,0.0,unavailable,dependency loss requires a matched carry/reset control,torch_nextafter_outward,1.0001246875250132,,,,True,0.005,0.005,0.05002500000000003,tube,,,-6.250001251250018e-06,1,unavailable,this protocol did not isolate process/device peak memory,,,"{""affine_state"": 1}",True,,,,,0.10000000000000006,,one_step_common_input,,analytic_interval_solution,,6.250000250250011e-05,0.005,,unavailable,0.02084941789507866,0.02084941789507866,0.0,unavailable means the backend did not isolate this component; it is not zero,,0,,1,0.005,riccati,1,0.005,torch_tm_flowpipe,not_applicable_analytic_reference,0.1000562500012513,,2,,complete_total_degree_2,0.10006250000250255
0.005,1,0.10005002501250625,True,,,,none_one_step,2.5000000000025002e-05,0.0,unavailable,dependency loss requires a matched carry/reset control,torch_nextafter_outward,1.0001246875250132,,,,True,0.005,0.005,0.05002500000000003,endpoint_raw,,,-6.250001251250018e-06,1,unavailable,this protocol did not isolate process/device peak memory,,,"{""affine_state"": 1}",True,,,,,0.10000000000000005,,one_step_common_input,,analytic_interval_solution,,6.250000250250011e-05,0.005,,unavailable,0.02084941789507866,0.02084941789507866,0.0,unavailable means the backend did not isolate this component; it is not zero,,0,,1,0.005,riccati,1,0.005,torch_tm_flowpipe,not_applicable_analytic_reference,0.1000562500012513,,2,,complete_total_degree_2,0.10006250000250255
0.01,1,0.1001001001001001,,,,,none_one_step,5.000000000002225e-05,0.0,unavailable,dependency loss requires a matched carry/reset control,torch_nextafter_outward,1.0002487500250252,,,,True,0.01,0.01,0.050050000000000025,tube,,,-1.2500001252500047e-05,1,unavailable,this protocol did not isolate process/device peak memory,,,"{""affine_state"": 1}",True,,,,,0.10000000000000006,,one_step_common_input,,analytic_interval_solution,,0.0001250000025050004,0.01,,unavailable,0.016739369835704565,0.016739369835704565,0.0,unavailable means the backend did not isolate this component; it is not zero,,0,,1,0.01,riccati,1,0.01,torch_tm_flowpipe,not_applicable_analytic_reference,0.10011250000125255,,2,,complete_total_degree_1,0.10012500000250504
0.01,1,0.1001001001001001,True,,,,none_one_step,5.000000000002225e-05,0.0,unavailable,dependency loss requires a matched carry/reset control,torch_nextafter_outward,1.0002487500250252,,,,True,0.01,0.01,0.050050000000000025,endpoint_raw,,,-1.2500001252500047e-05,1,unavailable,this protocol did not isolate process/device peak memory,,,"{""affine_state"": 1}",True,,,,,0.10000000000000005,,one_step_common_input,,analytic_interval_solution,,0.0001250000025050004,0.01,,unavailable,0.016739369835704565,0.016739369835704565,0.0,unavailable means the backend did not isolate this component; it is not zero,,0,,1,0.01,riccati,1,0.01,torch_tm_flowpipe,not_applicable_analytic_reference,0.10011250000125255,,2,,complete_total_degree_1,0.10012500000250504
0.01,1,0.1001001001001001,,,,,none_one_step,5.000000000002225e-05,0.0,unavailable,dependency loss requires a matched carry/reset control,torch_nextafter_outward,1.0002487500250252,,,,True,0.01,0.01,0.050050000000000025,tube,,,-1.2500001252500027e-05,1,unavailable,this protocol did not isolate process/device peak memory,,,"{""affine_state"": 1}",True,,,,,0.10000000000000006,,one_step_common_input,,analytic_interval_solution,,0.0001250000025050002,0.01,,unavailable,0.020578468684107065,0.020578468684107065,0.0,unavailable means the backend did not isolate this component; it is not zero,,0,,1,0.01,riccati,1,0.01,torch_tm_flowpipe,not_applicable_analytic_reference,0.10011250000125255,,2,,complete_total_degree_2,0.10012500000250504
0.01,1,0.1001001001001001,True,,,,none_one_step,5.000000000002225e-05,0.0,unavailable,dependency loss requires a matched carry/reset control,torch_nextafter_outward,1.0002487500250252,,,,True,0.01,0.01,0.050050000000000025,endpoint_raw,,,-1.2500001252500027e-05,1,unavailable,this protocol did not isolate process/device peak memory,,,"{""affine_state"": 1}",True,,,,,0.10000000000000005,,one_step_common_input,,analytic_interval_solution,,0.0001250000025050002,0.01,,unavailable,0.020578468684107065,0.020578468684107065,0.0,unavailable means the backend did not isolate this component; it is not zero,,0,,1,0.01,riccati,1,0.01,torch_tm_flowpipe,not_applicable_analytic_reference,0.10011250000125255,,2,,complete_total_degree_2,0.10012500000250504
0.02,1,0.10020040080160321,,,,,none_one_step,0.00010000000000002368,0.0,unavailable,dependency loss requires a matched carry/reset control,torch_nextafter_outward,1.00049500002505,,,,True,0.02,0.02,0.050100000000000026,tube,,,-2.50000012550001e-05,1,unavailable,this protocol did not isolate process/device peak memory,,,"{""affine_state"": 1}",True,,,,,0.10000000000000006,,one_step_common_input,,analytic_interval_solution,,0.0002500000025100008,0.02,,unavailable,0.01689845882356167,0.01689845882356167,0.0,unavailable means the backend did not isolate this component; it is not zero,,0,,1,0.02,riccati,1,0.02,torch_tm_flowpipe,not_applicable_analytic_reference,0.10022500000125505,,2,,complete_total_degree_1,0.10025000000251004
0.02,1,0.10020040080160321,True,,,,none_one_step,0.00010000000000002368,0.0,unavailable,dependency loss requires a matched carry/reset control,torch_nextafter_outward,1.00049500002505,,,,True,0.02,0.02,0.050100000000000026,endpoint_raw,,,-2.50000012550001e-05,1,unavailable,this protocol did not isolate process/device peak memory,,,"{""affine_state"": 1}",True,,,,,0.10000000000000005,,one_step_common_input,,analytic_interval_solution,,0.0002500000025100008,0.02,,unavailable,0.01689845882356167,0.01689845882356167,0.0,unavailable means the backend did not isolate this component; it is not zero,,0,,1,0.02,riccati,1,0.02,torch_tm_flowpipe,not_applicable_analytic_reference,0.10022500000125505,,2,,complete_total_degree_1,0.10025000000251004
0.02,1,0.10020040080160321,,,,,none_one_step,0.00010000000000002368,0.0,unavailable,dependency loss requires a matched carry/reset control,torch_nextafter_outward,1.00049500002505,,,,True,0.02,0.02,0.050100000000000026,tube,,,-2.500000125500006e-05,1,unavailable,this protocol did not isolate process/device peak memory,,,"{""affine_state"": 1}",True,,,,,0.10000000000000006,,one_step_common_input,,analytic_interval_solution,,0.0002500000025100004,0.02,,unavailable,0.020935374777764082,0.020935374777764082,0.0,unavailable means the backend did not isolate this component; it is not zero,,0,,1,0.02,riccati,1,0.02,torch_tm_flowpipe,not_applicable_analytic_reference,0.10022500000125505,,2,,complete_total_degree_2,0.10025000000251004
0.02,1,0.10020040080160321,True,,,,none_one_step,0.00010000000000002368,0.0,unavailable,dependency loss requires a matched carry/reset control,torch_nextafter_outward,1.00049500002505,,,,True,0.02,0.02,0.050100000000000026,endpoint_raw,,,-2.500000125500006e-05,1,unavailable,this protocol did not isolate process/device peak memory,,,"{""affine_state"": 1}",True,,,,,0.10000000000000005,,one_step_common_input,,analytic_interval_solution,,0.0002500000025100004,0.02,,unavailable,0.020935374777764082,0.020935374777764082,0.0,unavailable means the backend did not isolate this component; it is not zero,,0,,1,0.02,riccati,1,0.02,torch_tm_flowpipe,not_applicable_analytic_reference,0.10022500000125505,,2,,complete_total_degree_2,0.10025000000251004
0.05,1,0.10050251256281408,,,,,none_one_step,0.00025000000000002104,0.0,unavailable,dependency loss requires a matched carry/reset control,torch_nextafter_outward,1.0012187500251242,,,,True,0.05,0.05,0.050250000000000024,tube,,,-6.250000126250035e-05,1,unavailable,this protocol did not isolate process/device peak memory,,,"{""affine_state"": 1}",True,,,,,0.10000000000000006,,one_step_common_input,,analytic_interval_solution,,0.0006250000025250025,0.05,,unavailable,0.01713210018351674,0.01713210018351674,0.0,unavailable means the backend did not isolate this component; it is not zero,,0,,1,0.05,riccati,1,0.05,torch_tm_flowpipe,not_applicable_analytic_reference,0.10056250000126254,,2,,complete_total_degree_1,0.10062500000252504
0.05,1,0.10050251256281408,True,,,,none_one_step,0.00025000000000002104,0.0,unavailable,dependency loss requires a matched carry/reset control,torch_nextafter_outward,1.0012187500251242,,,,True,0.05,0.05,0.050250000000000024,endpoint_raw,,,-6.250000126250035e-05,1,unavailable,this protocol did not isolate process/device peak memory,,,"{""affine_state"": 1}",True,,,,,0.10000000000000005,,one_step_common_input,,analytic_interval_solution,,0.0006250000025250025,0.05,,unavailable,0.01713210018351674,0.01713210018351674,0.0,unavailable means the backend did not isolate this component; it is not zero,,0,,1,0.05,riccati,1,0.05,torch_tm_flowpipe,not_applicable_analytic_reference,0.10056250000126254,,2,,complete_total_degree_1,0.10062500000252504
0.05,1,0.10050251256281408,,,,,none_one_step,0.00025000000000002104,0.0,unavailable,dependency loss requires a matched carry/reset control,torch_nextafter_outward,1.0012187500251242,,,,True,0.05,0.05,0.050250000000000024,tube,,,-6.250000126250024e-05,1,unavailable,this protocol did not isolate process/device peak memory,,,"{""affine_state"": 1}",True,,,,,0.10000000000000006,,one_step_common_input,,analytic_interval_solution,,0.0006250000025250015,0.05,,unavailable,0.021960692945867777,0.021960692945867777,0.0,unavailable means the backend did not isolate this component; it is not zero,,0,,1,0.05,riccati,1,0.05,torch_tm_flowpipe,not_applicable_analytic_reference,0.10056250000126254,,2,,complete_total_degree_2,0.10062500000252504
0.05,1,0.10050251256281408,True,,,,none_one_step,0.00025000000000002104,0.0,unavailable,dependency loss requires a matched carry/reset control,torch_nextafter_outward,1.0012187500251242,,,,True,0.05,0.05,0.050250000000000024,endpoint_raw,,,-6.250000126250024e-05,1,unavailable,this protocol did not isolate process/device peak memory,,,"{""affine_state"": 1}",True,,,,,0.10000000000000005,,one_step_common_input,,analytic_interval_solution,,0.0006250000025250015,0.05,,unavailable,0.021960692945867777,0.021960692945867777,0.0,unavailable means the backend did not isolate this component; it is not zero,,0,,1,0.05,riccati,1,0.05,torch_tm_flowpipe,not_applicable_analytic_reference,0.10056250000126254,,2,,complete_total_degree_2,0.10062500000252504
0.005,1,0.20099749583854687,,,,,none_one_step,0.0,0.0,unavailable,dependency loss requires a matched carry/reset control,torch_nextafter_outward,1.0012562552727948,,,,True,0.005,0.005,0.0,tube,,,-0.10062500000125629,1,unavailable,this protocol did not isolate process/device peak memory,,,"{""affine_state"": 1}",True,,,,,0.20000000000000015,,one_step_common_input,,analytic_interval_solution,,0.0012500000025125024,0.005,,unavailable,0.031533798202872276,0.031533798202872276,0.0,unavailable means the backend did not isolate this component; it is not zero,,0,,1,0.005,harmonic,1,0.005,torch_tm_flowpipe,not_applicable_analytic_reference,0.10062500000125629,,2,,complete_total_degree_1,0.20125000000251259
0.005,1,0.20099749583854687,,,,,none_one_step,0.0,0.0,unavailable,dependency loss requires a matched carry/reset control,torch_nextafter_outward,1.0012562552727948,,,,True,0.005,0.005,0.0,tube,,,-0.10062500000125629,1,unavailable,this protocol did not isolate process/device peak memory,,,"{""affine_state"": 1}",True,,,,,0.20000000000000018,,one_step_common_input,,analytic_interval_solution,,0.0012500000025125024,0.005,,unavailable,0.031533798202872276,0.031533798202872276,0.0,unavailable means the backend did not isolate this component; it is not zero,,1,,1,0.005,harmonic,1,0.005,torch_tm_flowpipe,not_applicable_analytic_reference,0.10062500000125629,,2,,complete_total_degree_1,0.20125000000251259
0.005,1,0.20099749583854687,True,,,,none_one_step,0.0,0.0,unavailable,dependency loss requires a matched carry/reset control,torch_nextafter_outward,1.0012562552727948,,,,True,0.005,0.005,0.0,endpoint_raw,,,-0.10062500000125629,1,unavailable,this protocol did not isolate process/device peak memory,,,"{""affine_state"": 1}",True,,,,,0.20000000000000012,,one_step_common_input,,analytic_interval_solution,,0.0012500000025125024,0.005,,unavailable,0.031533798202872276,0.031533798202872276,0.0,unavailable means the backend did not isolate this component; it is not zero,,0,,1,0.005,harmonic,1,0.005,torch_tm_flowpipe,not_applicable_analytic_reference,0.10062500000125629,,2,,complete_total_degree_1,0.20125000000251259
0.005,1,0.20099749583854687,True,,,,none_one_step,0.0,0.0,unavailable,dependency loss requires a matched carry/reset control,torch_nextafter_outward,1.0012562552727948,,,,True,0.005,0.005,0.0,endpoint_raw,,,-0.10062500000125629,1,unavailable,this protocol did not isolate process/device peak memory,,,"{""affine_state"": 1}",True,,,,,0.20000000000000015,,one_step_common_input,,analytic_interval_solution,,0.0012500000025125024,0.005,,unavailable,0.031533798202872276,0.031533798202872276,0.0,unavailable means the backend did not isolate this component; it is not zero,,1,,1,0.005,harmonic,1,0.005,torch_tm_flowpipe,not_applicable_analytic_reference,0.10062500000125629,,2,,complete_total_degree_1,0.20125000000251259
0.005,1,0.20099749583854687,,,,,none_one_step,0.0,0.0,unavailable,dependency loss requires a matched carry/reset control,torch_nextafter_outward,1.0000280061397893,,,,True,0.005,0.005,0.0,tube,,,-0.10050156250125632,2,unavailable,this protocol did not isolate process/device peak memory,,,"{""affine_state"": 1, ""time_state"": 1}",True,,,,,0.20100000000000018,,one_step_common_input,,analytic_interval_solution,,3.125002512500005e-06,0.005,,unavailable,0.04551268136128783,0.04551268136128783,0.0,unavailable means the backend did not isolate this component; it is not zero,,0,,1,0.005,harmonic,2,0.005,torch_tm_flowpipe,not_applicable_analytic_reference,0.10050156250125632,,2,,complete_total_degree_2,0.20100312500251263
0.005,1,0.20099749583854687,,,,,none_one_step,0.0,0.0,unavailable,dependency loss requires a matched carry/reset control,torch_nextafter_outward,1.0000280061397893,,,,True,0.005,0.005,0.0,tube,,,-0.10050156250125632,2,unavailable,this protocol did not isolate process/device peak memory,,,"{""affine_state"": 1, ""time_state"": 1}",True,,,,,0.2010000000000002,,one_step_common_input,,analytic_interval_solution,,3.125002512500005e-06,0.005,,unavailable,0.04551268136128783,0.04551268136128783,0.0,unavailable means the backend did not isolate this component; it is not zero,,1,,1,0.005,harmonic,2,0.005,torch_tm_flowpipe,not_applicable_analytic_reference,0.10050156250125632,,2,,complete_total_degree_2,0.20100312500251263
0.005,1,0.20099749583854687,True,,,,none_one_step,0.0,0.0,unavailable,dependency loss requires a matched carry/reset control,torch_nextafter_outward,1.0000280061397893,,,,True,0.005,0.005,0.0,endpoint_raw,,,-0.10050156250125632,1,unavailable,this protocol did not isolate process/device peak memory,,,"{""affine_state"": 2}",True,,,,,0.20100000000000012,,one_step_common_input,,analytic_interval_solution,,3.125002512500005e-06,0.005,,unavailable,0.04551268136128783,0.04551268136128783,0.0,unavailable means the backend did not isolate this component; it is not zero,,0,,1,0.005,harmonic,2,0.005,torch_tm_flowpipe,not_applicable_analytic_reference,0.10050156250125632,,2,,complete_total_degree_2,0.20100312500251263
0.005,1,0.20099749583854687,True,,,,none_one_step,0.0,0.0,unavailable,dependency loss requires a matched carry/reset control,torch_nextafter_outward,1.0000280061397893,,,,True,0.005,0.005,0.0,endpoint_raw,,,-0.10050156250125632,1,unavailable,this protocol did not isolate process/device peak memory,,,"{""affine_state"": 2}",True,,,,,0.20100000000000018,,one_step_common_input,,analytic_interval_solution,,3.125002512500005e-06,0.005,,unavailable,0.04551268136128783,0.04551268136128783,0.0,unavailable means the backend did not isolate this component; it is not zero,,1,,1,0.005,harmonic,2,0.005,torch_tm_flowpipe,not_applicable_analytic_reference,0.10050156250125632,,2,,complete_total_degree_2,0.20100312500251263
0.01,1,0.2019899667501664,,,,,none_one_step,0.0,0.0,unavailable,dependency loss requires a matched carry/reset control,torch_nextafter_outward,1.002525042508619,,,,True,0.01,0.01,0.0,tube,,,-0.10125000000126255,1,unavailable,this protocol did not isolate process/device peak memory,,,"{""affine_state"": 1}",True,,,,,0.20000000000000015,,one_step_common_input,,analytic_interval_solution,,0.002500000002525005,0.01,,unavailable,0.03142132889479399,0.03142132889479399,0.0,unavailable means the backend did not isolate this component; it is not zero,,0,,1,0.01,harmonic,1,0.01,torch_tm_flowpipe,not_applicable_analytic_reference,0.10125000000126255,,2,,complete_total_degree_1,0.2025000000025251
0.01,1,0.2019899667501664,,,,,none_one_step,0.0,0.0,unavailable,dependency loss requires a matched carry/reset control,torch_nextafter_outward,1.002525042508619,,,,True,0.01,0.01,0.0,tube,,,-0.10125000000126255,1,unavailable,this protocol did not isolate process/device peak memory,,,"{""affine_state"": 1}",True,,,,,0.20000000000000018,,one_step_common_input,,analytic_interval_solution,,0.002500000002525005,0.01,,unavailable,0.03142132889479399,0.03142132889479399,0.0,unavailable means the backend did not isolate this component; it is not zero,,1,,1,0.01,harmonic,1,0.01,torch_tm_flowpipe,not_applicable_analytic_reference,0.10125000000126255,,2,,complete_total_degree_1,0.2025000000025251
0.01,1,0.2019899667501664,True,,,,none_one_step,0.0,0.0,unavailable,dependency loss requires a matched carry/reset control,torch_nextafter_outward,1.002525042508619,,,,True,0.01,0.01,0.0,endpoint_raw,,,-0.10125000000126255,1,unavailable,this protocol did not isolate process/device peak memory,,,"{""affine_state"": 1}",True,,,,,0.20000000000000012,,one_step_common_input,,analytic_interval_solution,,0.002500000002525005,0.01,,unavailable,0.03142132889479399,0.03142132889479399,0.0,unavailable means the backend did not isolate this component; it is not zero,,0,,1,0.01,harmonic,1,0.01,torch_tm_flowpipe,not_applicable_analytic_reference,0.10125000000126255,,2,,complete_total_degree_1,0.2025000000025251
0.01,1,0.2019899667501664,True,,,,none_one_step,0.0,0.0,unavailable,dependency loss requires a matched carry/reset control,torch_nextafter_outward,1.002525042508619,,,,True,0.01,0.01,0.0,endpoint_raw,,,-0.10125000000126255,1,unavailable,this protocol did not isolate process/device peak memory,,,"{""affine_state"": 1}",True,,,,,0.20000000000000015,,one_step_common_input,,analytic_interval_solution,,0.002500000002525005,0.01,,unavailable,0.03142132889479399,0.03142132889479399,0.0,unavailable means the backend did not isolate this component; it is not zero,,1,,1,0.01,harmonic,1,0.01,torch_tm_flowpipe,not_applicable_analytic_reference,0.10125000000126255,,2,,complete_total_degree_1,0.2025000000025251
0.01,1,0.2019899667501664,,,,,none_one_step,0.0,0.0,unavailable,dependency loss requires a matched carry/reset control,torch_nextafter_outward,1.0001115562952025,,,,True,0.01,0.01,0.0,tube,,,-0.10100625000126257,2,unavailable,this protocol did not isolate process/device peak memory,,,"{""affine_state"": 1, ""time_state"": 1}",True,,,,,0.20200000000000018,,one_step_common_input,,analytic_interval_solution,,1.250000252500002e-05,0.01,,unavailable,0.04657742194831371,0.04657742194831371,0.0,unavailable means the backend did not isolate this component; it is not zero,,0,,1,0.01,harmonic,2,0.01,torch_tm_flowpipe,not_applicable_analytic_reference,0.10100625000126257,,2,,complete_total_degree_2,0.20201250000252513
0.01,1,0.2019899667501664,,,,,none_one_step,0.0,0.0,unavailable,dependency loss requires a matched carry/reset control,torch_nextafter_outward,1.0001115562952025,,,,True,0.01,0.01,0.0,tube,,,-0.10100625000126257,2,unavailable,this protocol did not isolate process/device peak memory,,,"{""affine_state"": 1, ""time_state"": 1}",True,,,,,0.2020000000000002,,one_step_common_input,,analytic_interval_solution,,1.250000252500002e-05,0.01,,unavailable,0.04657742194831371,0.04657742194831371,0.0,unavailable means the backend did not isolate this component; it is not zero,,1,,1,0.01,harmonic,2,0.01,torch_tm_flowpipe,not_applicable_analytic_reference,0.10100625000126257,,2,,complete_total_degree_2,0.20201250000252513
0.01,1,0.2019899667501664,True,,,,none_one_step,0.0,0.0,unavailable,dependency loss requires a matched carry/reset control,torch_nextafter_outward,1.0001115562952025,,,,True,0.01,0.01,0.0,endpoint_raw,,,-0.10100625000126257,1,unavailable,this protocol did not isolate process/device peak memory,,,"{""affine_state"": 2}",True,,,,,0.20200000000000012,,one_step_common_input,,analytic_interval_solution,,1.250000252500002e-05,0.01,,unavailable,0.04657742194831371,0.04657742194831371,0.0,unavailable means the backend did not isolate this component; it is not zero,,0,,1,0.01,harmonic,2,0.01,torch_tm_flowpipe,not_applicable_analytic_reference,0.10100625000126257,,2,,complete_total_degree_2,0.20201250000252513
0.01,1,0.2019899667501664,True,,,,none_one_step,0.0,0.0,unavailable,dependency loss requires a matched carry/reset control,torch_nextafter_outward,1.0001115562952025,,,,True,0.01,0.01,0.0,endpoint_raw,,,-0.10100625000126257,1,unavailable,this protocol did not isolate process/device peak memory,,,"{""affine_state"": 2}",True,,,,,0.20200000000000018,,one_step_common_input,,analytic_interval_solution,,1.250000252500002e-05,0.01,,unavailable,0.04657742194831371,0.04657742194831371,0.0,unavailable means the backend did not isolate this component; it is not zero,,1,,1,0.01,harmonic,2,0.01,torch_tm_flowpipe,not_applicable_analytic_reference,0.10100625000126257,,2,,complete_total_degree_2,0.20201250000252513
0.02,1,0.2039597346719822,,,,,none_one_step,0.0,0.0,unavailable,dependency loss requires a matched carry/reset control,torch_nextafter_outward,1.0051003465573287,,,,True,0.02,0.02,0.0,tube,,,-0.10250000000127506,1,unavailable,this protocol did not isolate process/device peak memory,,,"{""affine_state"": 1}",True,,,,,0.20000000000000015,,one_step_common_input,,analytic_interval_solution,,0.00500000000255001,0.02,,unavailable,0.031307865865528584,0.031307865865528584,0.0,unavailable means the backend did not isolate this component; it is not zero,,0,,1,0.02,harmonic,1,0.02,torch_tm_flowpipe,not_applicable_analytic_reference,0.10250000000127506,,2,,complete_total_degree_1,0.20500000000255011
0.02,1,0.2039597346719822,,,,,none_one_step,0.0,0.0,unavailable,dependency loss requires a matched carry/reset control,torch_nextafter_outward,1.0051003465573287,,,,True,0.02,0.02,0.0,tube,,,-0.10250000000127506,1,unavailable,this protocol did not isolate process/device peak memory,,,"{""affine_state"": 1}",True,,,,,0.20000000000000018,,one_step_common_input,,analytic_interval_solution,,0.00500000000255001,0.02,,unavailable,0.031307865865528584,0.031307865865528584,0.0,unavailable means the backend did not isolate this component; it is not zero,,1,,1,0.02,harmonic,1,0.02,torch_tm_flowpipe,not_applicable_analytic_reference,0.10250000000127506,,2,,complete_total_degree_1,0.20500000000255011
0.02,1,0.2039597346719822,True,,,,none_one_step,0.0,0.0,unavailable,dependency loss requires a matched carry/reset control,torch_nextafter_outward,1.0051003465573287,,,,True,0.02,0.02,0.0,endpoint_raw,,,-0.10250000000127506,1,unavailable,this protocol did not isolate process/device peak memory,,,"{""affine_state"": 1}",True,,,,,0.20000000000000012,,one_step_common_input,,analytic_interval_solution,,0.00500000000255001,0.02,,unavailable,0.031307865865528584,0.031307865865528584,0.0,unavailable means the backend did not isolate this component; it is not zero,,0,,1,0.02,harmonic,1,0.02,torch_tm_flowpipe,not_applicable_analytic_reference,0.10250000000127506,,2,,complete_total_degree_1,0.20500000000255011
0.02,1,0.2039597346719822,True,,,,none_one_step,0.0,0.0,unavailable,dependency loss requires a matched carry/reset control,torch_nextafter_outward,1.0051003465573287,,,,True,0.02,0.02,0.0,endpoint_raw,,,-0.10250000000127506,1,unavailable,this protocol did not isolate process/device peak memory,,,"{""affine_state"": 1}",True,,,,,0.20000000000000015,,one_step_common_input,,analytic_interval_solution,,0.00500000000255001,0.02,,unavailable,0.031307865865528584,0.031307865865528584,0.0,unavailable means the backend did not isolate this component; it is not zero,,1,,1,0.02,harmonic,1,0.02,torch_tm_flowpipe,not_applicable_analytic_reference,0.10250000000127506,,2,,complete_total_degree_1,0.20500000000255011
0.02,1,0.2039597346719822,,,,,none_one_step,0.0,0.0,unavailable,dependency loss requires a matched carry/reset control,torch_nextafter_outward,1.0004425644635846,,,,True,0.02,0.02,0.0,tube,,,-0.10202500000127507,2,unavailable,this protocol did not isolate process/device peak memory,,,"{""affine_state"": 1, ""time_state"": 1}",True,,,,,0.20400000000000018,,one_step_common_input,,analytic_interval_solution,,5.000000255000008e-05,0.02,,unavailable,0.04571351408958435,0.04571351408958435,0.0,unavailable means the backend did not isolate this component; it is not zero,,0,,1,0.02,harmonic,2,0.02,torch_tm_flowpipe,not_applicable_analytic_reference,0.10202500000127507,,2,,complete_total_degree_2,0.20405000000255014
0.02,1,0.2039597346719822,,,,,none_one_step,0.0,0.0,unavailable,dependency loss requires a matched carry/reset control,torch_nextafter_outward,1.0004425644635846,,,,True,0.02,0.02,0.0,tube,,,-0.10202500000127507,2,unavailable,this protocol did not isolate process/device peak memory,,,"{""affine_state"": 1, ""time_state"": 1}",True,,,,,0.2040000000000002,,one_step_common_input,,analytic_interval_solution,,5.000000255000008e-05,0.02,,unavailable,0.04571351408958435,0.04571351408958435,0.0,unavailable means the backend did not isolate this component; it is not zero,,1,,1,0.02,harmonic,2,0.02,torch_tm_flowpipe,not_applicable_analytic_reference,0.10202500000127507,,2,,complete_total_degree_2,0.20405000000255014
0.02,1,0.2039597346719822,True,,,,none_one_step,0.0,0.0,unavailable,dependency loss requires a matched carry/reset control,torch_nextafter_outward,1.0004425644635846,,,,True,0.02,0.02,0.0,endpoint_raw,,,-0.10202500000127507,1,unavailable,this protocol did not isolate process/device peak memory,,,"{""affine_state"": 2}",True,,,,,0.20400000000000013,,one_step_common_input,,analytic_interval_solution,,5.000000255000008e-05,0.02,,unavailable,0.04571351408958435,0.04571351408958435,0.0,unavailable means the backend did not isolate this component; it is not zero,,0,,1,0.02,harmonic,2,0.02,torch_tm_flowpipe,not_applicable_analytic_reference,0.10202500000127507,,2,,complete_total_degree_2,0.20405000000255014
0.02,1,0.2039597346719822,True,,,,none_one_step,0.0,0.0,unavailable,dependency loss requires a matched carry/reset control,torch_nextafter_outward,1.0004425644635846,,,,True,0.02,0.02,0.0,endpoint_raw,,,-0.10202500000127507,1,unavailable,this protocol did not isolate process/device peak memory,,,"{""affine_state"": 2}",True,,,,,0.20400000000000018,,one_step_common_input,,analytic_interval_solution,,5.000000255000008e-05,0.02,,unavailable,0.04571351408958435,0.04571351408958435,0.0,unavailable means the backend did not isolate this component; it is not zero,,1,,1,0.02,harmonic,2,0.02,torch_tm_flowpipe,not_applicable_analytic_reference,0.10202500000127507,,2,,complete_total_degree_2,0.20405000000255014
0.05,1,0.20974588593312893,,,,,none_one_step,0.0,0.0,unavailable,dependency loss requires a matched carry/reset control,torch_nextafter_outward,1.0131307179506455,,,,True,0.05,0.05,0.0,tube,,,-0.10625000000131256,1,unavailable,this protocol did not isolate process/device peak memory,,,"{""affine_state"": 1}",True,,,,,0.20000000000000015,,one_step_common_input,,analytic_interval_solution,,0.012500000002625019,0.05,,unavailable,0.0318182623013854,0.0318182623013854,0.0,unavailable means the backend did not isolate this component; it is not zero,,0,,1,0.05,harmonic,1,0.05,torch_tm_flowpipe,not_applicable_analytic_reference,0.10625000000131256,,2,,complete_total_degree_1,0.21250000000262512
0.05,1,0.20974588593312893,,,,,none_one_step,0.0,0.0,unavailable,dependency loss requires a matched carry/reset control,torch_nextafter_outward,1.0131307179506455,,,,True,0.05,0.05,0.0,tube,,,-0.10625000000131256,1,unavailable,this protocol did not isolate process/device peak memory,,,"{""affine_state"": 1}",True,,,,,0.20000000000000018,,one_step_common_input,,analytic_interval_solution,,0.012500000002625019,0.05,,unavailable,0.0318182623013854,0.0318182623013854,0.0,unavailable means the backend did not isolate this component; it is not zero,,1,,1,0.05,harmonic,1,0.05,torch_tm_flowpipe,not_applicable_analytic_reference,0.10625000000131256,,2,,complete_total_degree_1,0.21250000000262512
0.05,1,0.20974588593312893,True,,,,none_one_step,0.0,0.0,unavailable,dependency loss requires a matched carry/reset control,torch_nextafter_outward,1.0131307179506455,,,,True,0.05,0.05,0.0,endpoint_raw,,,-0.10625000000131256,1,unavailable,this protocol did not isolate process/device peak memory,,,"{""affine_state"": 1}",True,,,,,0.20000000000000012,,one_step_common_input,,analytic_interval_solution,,0.012500000002625019,0.05,,unavailable,0.0318182623013854,0.0318182623013854,0.0,unavailable means the backend did not isolate this component; it is not zero,,0,,1,0.05,harmonic,1,0.05,torch_tm_flowpipe,not_applicable_analytic_reference,0.10625000000131256,,2,,complete_total_degree_1,0.21250000000262512
0.05,1,0.20974588593312893,True,,,,none_one_step,0.0,0.0,unavailable,dependency loss requires a matched carry/reset control,torch_nextafter_outward,1.0131307179506455,,,,True,0.05,0.05,0.0,endpoint_raw,,,-0.10625000000131256,1,unavailable,this protocol did not isolate process/device peak memory,,,"{""affine_state"": 1}",True,,,,,0.20000000000000015,,one_step_common_input,,analytic_interval_solution,,0.012500000002625019,0.05,,unavailable,0.0318182623013854,0.0318182623013854,0.0,unavailable means the backend did not isolate this component; it is not zero,,1,,1,0.05,harmonic,1,0.05,torch_tm_flowpipe,not_applicable_analytic_reference,0.10625000000131256,,2,,complete_total_degree_1,0.21250000000262512
0.05,1,0.20974588593312893,,,,,none_one_step,0.0,0.0,unavailable,dependency loss requires a matched carry/reset control,torch_nextafter_outward,1.0027014311483413,,,,True,0.05,0.05,0.0,tube,,,-0.10515625000131257,2,unavailable,this protocol did not isolate process/device peak memory,,,"{""affine_state"": 1, ""time_state"": 1}",True,,,,,0.2100000000000002,,one_step_common_input,,analytic_interval_solution,,0.00031250000262500065,0.05,,unavailable,0.04643831728026271,0.04643831728026271,0.0,unavailable means the backend did not isolate this component; it is not zero,,0,,1,0.05,harmonic,2,0.05,torch_tm_flowpipe,not_applicable_analytic_reference,0.10515625000131257,,2,,complete_total_degree_2,0.21031250000262514
0.05,1,0.20974588593312893,,,,,none_one_step,0.0,0.0,unavailable,dependency loss requires a matched carry/reset control,torch_nextafter_outward,1.0027014311483413,,,,True,0.05,0.05,0.0,tube,,,-0.10515625000131257,2,unavailable,this protocol did not isolate process/device peak memory,,,"{""affine_state"": 1, ""time_state"": 1}",True,,,,,0.21000000000000021,,one_step_common_input,,analytic_interval_solution,,0.00031250000262500065,0.05,,unavailable,0.04643831728026271,0.04643831728026271,0.0,unavailable means the backend did not isolate this component; it is not zero,,1,,1,0.05,harmonic,2,0.05,torch_tm_flowpipe,not_applicable_analytic_reference,0.10515625000131257,,2,,complete_total_degree_2,0.21031250000262514
0.05,1,0.20974588593312893,True,,,,none_one_step,0.0,0.0,unavailable,dependency loss requires a matched carry/reset control,torch_nextafter_outward,1.0027014311483413,,,,True,0.05,0.05,0.0,endpoint_raw,,,-0.10515625000131257,1,unavailable,this protocol did not isolate process/device peak memory,,,"{""affine_state"": 2}",True,,,,,0.21000000000000013,,one_step_common_input,,analytic_interval_solution,,0.00031250000262500065,0.05,,unavailable,0.04643831728026271,0.04643831728026271,0.0,unavailable means the backend did not isolate this component; it is not zero,,0,,1,0.05,harmonic,2,0.05,torch_tm_flowpipe,not_applicable_analytic_reference,0.10515625000131257,,2,,complete_total_degree_2,0.21031250000262514
0.05,1,0.20974588593312893,True,,,,none_one_step,0.0,0.0,unavailable,dependency loss requires a matched carry/reset control,torch_nextafter_outward,1.0027014311483413,,,,True,0.05,0.05,0.0,endpoint_raw,,,-0.10515625000131257,1,unavailable,this protocol did not isolate process/device peak memory,,,"{""affine_state"": 2}",True,,,,,0.2100000000000002,,one_step_common_input,,analytic_interval_solution,,0.00031250000262500065,0.05,,unavailable,0.04643831728026271,0.04643831728026271,0.0,unavailable means the backend did not isolate this component; it is not zero,,1,,1,0.05,harmonic,2,0.05,torch_tm_flowpipe,not_applicable_analytic_reference,0.10515625000131257,,2,,complete_total_degree_2,0.21031250000262514
0.0025,1,,,,,,none_one_step,3.300000000042158e-05,0.0,unavailable,dependency loss requires a matched carry/reset control,torch_nextafter_outward,,,,,True,0.0025,0.0025,0.10003300000000043,tube,,,0.07999174999874985,1,unavailable,this protocol did not isolate process/device peak memory,,,"{""affine_state"": 1}",True,,,,,0.04000000000000013,,one_step_common_input,,deterministic_DOP853_trajectory_sanity_non_proof,,8.25000025010627e-05,0.0025,,unavailable,0.044306382071226835,0.044306382071226835,0.0,unavailable means the backend did not isolate this component; it is not zero,,0,,1,0.0025,coupled_quadratic,1,0.0025,torch_tm_flowpipe,True,0.12007425000125099,,2,,complete_total_degree_1,0.040082500002501145
0.0025,1,,,,,,none_one_step,-0.0002569999999984529,0.0,unavailable,dependency loss requires a matched carry/reset control,torch_nextafter_outward,,,,,True,0.0025,0.0025,0.19974300000000156,tube,,,0.17937674999874953,1,unavailable,this protocol did not isolate process/device peak memory,,,"{""affine_state"": 1}",True,,,,,0.04000000000000031,,one_step_common_input,,deterministic_DOP853_trajectory_sanity_non_proof,,0.0007325000025038763,0.0025,,unavailable,0.044306382071226835,0.044306382071226835,0.0,unavailable means the backend did not isolate this component; it is not zero,,1,,1,0.0025,coupled_quadratic,1,0.0025,torch_tm_flowpipe,True,0.22010925000125356,,2,,complete_total_degree_1,0.04073250000250403
0.0025,1,,,,,,none_one_step,3.300000000042158e-05,0.0,unavailable,dependency loss requires a matched carry/reset control,torch_nextafter_outward,,,,,True,0.0025,0.0025,0.10003300000000043,endpoint_raw,,,0.07999174999874985,1,unavailable,this protocol did not isolate process/device peak memory,,,"{""affine_state"": 1}",True,,,,,0.040000000000000105,,one_step_common_input,,deterministic_DOP853_trajectory_sanity_non_proof,,8.25000025010627e-05,0.0025,,unavailable,0.044306382071226835,0.044306382071226835,0.0,unavailable means the backend did not isolate this component; it is not zero,,0,,1,0.0025,coupled_quadratic,1,0.0025,torch_tm_flowpipe,True,0.12007425000125099,,2,,complete_total_degree_1,0.040082500002501145
0.0025,1,,,,,,none_one_step,-0.0002569999999984529,0.0,unavailable,dependency loss requires a matched carry/reset control,torch_nextafter_outward,,,,,True,0.0025,0.0025,0.19974300000000156,endpoint_raw,,,0.17937674999874953,1,unavailable,this protocol did not isolate process/device peak memory,,,"{""affine_state"": 1}",True,,,,,0.04000000000000026,,one_step_common_input,,deterministic_DOP853_trajectory_sanity_non_proof,,0.0007325000025038763,0.0025,,unavailable,0.044306382071226835,0.044306382071226835,0.0,unavailable means the backend did not isolate this component; it is not zero,,1,,1,0.0025,coupled_quadratic,1,0.0025,torch_tm_flowpipe,True,0.22010925000125356,,2,,complete_total_degree_1,0.04073250000250403
0.0025,1,,,,,,none_one_step,3.291749999999316e-05,0.0,unavailable,dependency loss requires a matched carry/reset control,torch_nextafter_outward,,,,,True,0.0025,0.0025,0.1000329175,tube,,,0.0799915643737489,1,unavailable,this protocol did not isolate process/device peak memory,,,"{""affine_state"": 1}",True,,,,,0.04000000000000013,,one_step_common_input,,deterministic_DOP853_trajectory_sanity_non_proof,,8.270625250212516e-05,0.0025,,unavailable,0.060626786202192307,0.060626786202192307,0.0,unavailable means the backend did not isolate this component; it is not zero,,0,,1,0.0025,coupled_quadratic,1,0.0025,torch_tm_flowpipe,True,0.1200742706262511,,2,,complete_total_degree_2,0.04008270625250221
0.0025,1,,,,,,none_one_step,-0.0002566562500000147,0.0,unavailable,dependency loss requires a matched carry/reset control,torch_nextafter_outward,,,,,True,0.0025,0.0025,0.19974334375,tube,,,0.179445414061246,2,unavailable,this protocol did not isolate process/device peak memory,,,"{""affine_state"": 1, ""time_state"": 1}",True,,,,,0.040550000000000364,,one_step_common_input,,deterministic_DOP853_trajectory_sanity_non_proof,,4.585937750775009e-05,0.0025,,unavailable,0.060626786202192307,0.060626786202192307,0.0,unavailable means the backend did not isolate this component; it is not zero,,1,,1,0.0025,coupled_quadratic,2,0.0025,torch_tm_flowpipe,True,0.220041273438754,,2,,complete_total_degree_2,0.04059585937750798
0.0025,1,,,,,,none_one_step,3.291749999999316e-05,0.0,unavailable,dependency loss requires a matched carry/reset control,torch_nextafter_outward,,,,,True,0.0025,0.0025,0.1000329175,endpoint_raw,,,0.0799915643737489,1,unavailable,this protocol did not isolate process/device peak memory,,,"{""affine_state"": 1}",True,,,,,0.040000000000000105,,one_step_common_input,,deterministic_DOP853_trajectory_sanity_non_proof,,8.270625250212516e-05,0.0025,,unavailable,0.060626786202192307,0.060626786202192307,0.0,unavailable means the backend did not isolate this component; it is not zero,,0,,1,0.0025,coupled_quadratic,1,0.0025,torch_tm_flowpipe,True,0.1200742706262511,,2,,complete_total_degree_2,0.04008270625250221
0.0025,1,,,,,,none_one_step,-0.00048165625000001766,0.0,unavailable,dependency loss requires a matched carry/reset control,torch_nextafter_outward,,,,,True,0.0025,0.0025,0.19951834375,endpoint_raw,,,0.17954541406124605,1,unavailable,this protocol did not isolate process/device peak memory,,,"{""affine_state"": 1}",True,,,,,0.03990000000000021,,one_step_common_input,,deterministic_DOP853_trajectory_sanity_non_proof,,4.585937750775009e-05,0.0025,,unavailable,0.060626786202192307,0.060626786202192307,0.0,unavailable means the backend did not isolate this component; it is not zero,,1,,1,0.0025,coupled_quadratic,1,0.0025,torch_tm_flowpipe,True,0.21949127343875396,,2,,complete_total_degree_2,0.039945859377507914
0.005,1,,,,,,none_one_step,6.600000000084316e-05,0.0,unavailable,dependency loss requires a matched carry/reset control,torch_nextafter_outward,,,,,True,0.005,0.005,0.10006600000000085,tube,,,0.07998349999874975,1,unavailable,this protocol did not isolate process/device peak memory,,,"{""affine_state"": 1}",True,,,,,0.04000000000000013,,one_step_common_input,,deterministic_DOP853_trajectory_sanity_non_proof,,0.0001650000025021254,0.005,,unavailable,0.0434236298315227,0.0434236298315227,0.0,unavailable means the backend did not isolate this component; it is not zero,,0,,1,0.005,coupled_quadratic,1,0.005,torch_tm_flowpipe,True,0.12014850000125195,,2,,complete_total_degree_1,0.0401650000025022
0.005,1,,,,,,none_one_step,-0.0005139999999969058,0.0,unavailable,dependency loss requires a matched carry/reset control,torch_nextafter_outward,,,,,True,0.005,0.005,0.1994860000000031,tube,,,0.17875349999874912,1,unavailable,this protocol did not isolate process/device peak memory,,,"{""affine_state"": 1}",True,,,,,0.04000000000000031,,one_step_common_input,,deterministic_DOP853_trajectory_sanity_non_proof,,0.0014650000025077528,0.005,,unavailable,0.0434236298315227,0.0434236298315227,0.0,unavailable means the backend did not isolate this component; it is not zero,,1,,1,0.005,coupled_quadratic,1,0.005,torch_tm_flowpipe,True,0.22021850000125706,,2,,complete_total_degree_1,0.04146500000250794
0.005,1,,,,,,none_one_step,6.600000000084316e-05,0.0,unavailable,dependency loss requires a matched carry/reset control,torch_nextafter_outward,,,,,True,0.005,0.005,0.10006600000000085,endpoint_raw,,,0.07998349999874975,1,unavailable,this protocol did not isolate process/device peak memory,,,"{""affine_state"": 1}",True,,,,,0.040000000000000105,,one_step_common_input,,deterministic_DOP853_trajectory_sanity_non_proof,,0.0001650000025021254,0.005,,unavailable,0.0434236298315227,0.0434236298315227,0.0,unavailable means the backend did not isolate this component; it is not zero,,0,,1,0.005,coupled_quadratic,1,0.005,torch_tm_flowpipe,True,0.12014850000125195,,2,,complete_total_degree_1,0.0401650000025022
0.005,1,,,,,,none_one_step,-0.0005139999999969058,0.0,unavailable,dependency loss requires a matched carry/reset control,torch_nextafter_outward,,,,,True,0.005,0.005,0.1994860000000031,endpoint_raw,,,0.17875349999874912,1,unavailable,this protocol did not isolate process/device peak memory,,,"{""affine_state"": 1}",True,,,,,0.04000000000000026,,one_step_common_input,,deterministic_DOP853_trajectory_sanity_non_proof,,0.0014650000025077528,0.005,,unavailable,0.0434236298315227,0.0434236298315227,0.0,unavailable means the backend did not isolate this component; it is not zero,,1,,1,0.005,coupled_quadratic,1,0.005,torch_tm_flowpipe,True,0.22021850000125706,,2,,complete_total_degree_1,0.04146500000250794
0.005,1,,,,,,none_one_step,6.56699999999899e-05,0.0,unavailable,dependency loss requires a matched carry/reset control,torch_nextafter_outward,,,,,True,0.005,0.005,0.10006567,tube,,,0.07998275749874784,1,unavailable,this protocol did not isolate process/device peak memory,,,"{""affine_state"": 1}",True,,,,,0.04000000000000013,,one_step_common_input,,deterministic_DOP853_trajectory_sanity_non_proof,,0.00016582500250425034,0.005,,unavailable,0.060790042858570814,0.060790042858570814,0.0,unavailable means the backend did not isolate this component; it is not zero,,0,,1,0.005,coupled_quadratic,1,0.005,torch_tm_flowpipe,True,0.12014858250125217,,2,,complete_total_degree_2,0.04016582500250433
0.005,1,,,,,,none_one_step,-0.0005126249999999888,0.0,unavailable,dependency loss requires a matched carry/reset control,torch_nextafter_outward,,,,,True,0.005,0.005,0.19948737500000002,tube,,,0.17889065624874215,2,unavailable,this protocol did not isolate process/device peak memory,,,"{""affine_state"": 1, ""time_state"": 1}",True,,,,,0.04110000000000036,,one_step_common_input,,deterministic_DOP853_trajectory_sanity_non_proof,,9.343750251550017e-05,0.005,,unavailable,0.060790042858570814,0.060790042858570814,0.0,unavailable means the backend did not isolate this component; it is not zero,,1,,1,0.005,coupled_quadratic,2,0.005,torch_tm_flowpipe,True,0.22008409375125787,,2,,complete_total_degree_2,0.04119343750251572
0.005,1,,,,,,none_one_step,6.56699999999899e-05,0.0,unavailable,dependency loss requires a matched carry/reset control,torch_nextafter_outward,,,,,True,0.005,0.005,0.10006567,endpoint_raw,,,0.07998275749874784,1,unavailable,this protocol did not isolate process/device peak memory,,,"{""affine_state"": 1}",True,,,,,0.040000000000000105,,one_step_common_input,,deterministic_DOP853_trajectory_sanity_non_proof,,0.00016582500250425034,0.005,,unavailable,0.060790042858570814,0.060790042858570814,0.0,unavailable means the backend did not isolate this component; it is not zero,,0,,1,0.005,coupled_quadratic,1,0.005,torch_tm_flowpipe,True,0.12014858250125217,,2,,complete_total_degree_2,0.04016582500250433
0.005,1,,,,,,none_one_step,-0.0009626249999999947,0.0,unavailable,dependency loss requires a matched carry/reset control,torch_nextafter_outward,,,,,True,0.005,0.005,0.19903737500000002,endpoint_raw,,,0.17909065624874215,1,unavailable,this protocol did not isolate process/device peak memory,,,"{""affine_state"": 1}",True,,,,,0.039800000000000196,,one_step_common_input,,deterministic_DOP853_trajectory_sanity_non_proof,,9.343750251550017e-05,0.005,,unavailable,0.060790042858570814,0.060790042858570814,0.0,unavailable means the backend did not isolate this component; it is not zero,,1,,1,0.005,coupled_quadratic,1,0.005,torch_tm_flowpipe,True,0.21898409375125785,,2,,complete_total_degree_2,0.0398934375025157
0.01,1,,,,,,none_one_step,0.00013200000000168632,0.0,unavailable,dependency loss requires a matched carry/reset control,torch_nextafter_outward,,,,,True,0.01,0.01,0.10013200000000169,tube,,,0.07996699999874954,1,unavailable,this protocol did not isolate process/device peak memory,,,"{""affine_state"": 1}",True,,,,,0.04000000000000013,,one_step_common_input,,deterministic_DOP853_trajectory_sanity_non_proof,,0.0003300000025042508,0.01,,unavailable,0.04350703023374081,0.04350703023374081,0.0,unavailable means the backend did not isolate this component; it is not zero,,0,,1,0.01,coupled_quadratic,1,0.01,torch_tm_flowpipe,True,0.12029700000125386,,2,,complete_total_degree_1,0.04033000000250432
0.01,1,,,,,,none_one_step,-0.0010279999999938116,0.0,unavailable,dependency loss requires a matched carry/reset control,torch_nextafter_outward,,,,,True,0.01,0.01,0.1989720000000062,tube,,,0.17750699999874836,1,unavailable,this protocol did not isolate process/device peak memory,,,"{""affine_state"": 1}",True,,,,,0.04000000000000031,,one_step_common_input,,deterministic_DOP853_trajectory_sanity_non_proof,,0.0029300000025155055,0.01,,unavailable,0.04350703023374081,0.04350703023374081,0.0,unavailable means the backend did not isolate this component; it is not zero,,1,,1,0.01,coupled_quadratic,1,0.01,torch_tm_flowpipe,True,0.22043700000126404,,2,,complete_total_degree_1,0.04293000000251568
0.01,1,,,,,,none_one_step,0.00013200000000168632,0.0,unavailable,dependency loss requires a matched carry/reset control,torch_nextafter_outward,,,,,True,0.01,0.01,0.10013200000000169,endpoint_raw,,,0.07996699999874954,1,unavailable,this protocol did not isolate process/device peak memory,,,"{""affine_state"": 1}",True,,,,,0.040000000000000105,,one_step_common_input,,deterministic_DOP853_trajectory_sanity_non_proof,,0.0003300000025042508,0.01,,unavailable,0.04350703023374081,0.04350703023374081,0.0,unavailable means the backend did not isolate this component; it is not zero,,0,,1,0.01,coupled_quadratic,1,0.01,torch_tm_flowpipe,True,0.12029700000125386,,2,,complete_total_degree_1,0.04033000000250432
0.01,1,,,,,,none_one_step,-0.0010279999999938116,0.0,unavailable,dependency loss requires a matched carry/reset control,torch_nextafter_outward,,,,,True,0.01,0.01,0.1989720000000062,endpoint_raw,,,0.17750699999874836,1,unavailable,this protocol did not isolate process/device peak memory,,,"{""affine_state"": 1}",True,,,,,0.04000000000000026,,one_step_common_input,,deterministic_DOP853_trajectory_sanity_non_proof,,0.0029300000025155055,0.01,,unavailable,0.04350703023374081,0.04350703023374081,0.0,unavailable means the backend did not isolate this component; it is not zero,,1,,1,0.01,coupled_quadratic,1,0.01,torch_tm_flowpipe,True,0.22043700000126404,,2,,complete_total_degree_1,0.04293000000251568
0.01,1,,,,,,none_one_step,0.00013067999999999413,0.0,unavailable,dependency loss requires a matched carry/reset control,torch_nextafter_outward,,,,,True,0.01,0.01,0.10013068,tube,,,0.0799640299987457,1,unavailable,this protocol did not isolate process/device peak memory,,,"{""affine_state"": 1}",True,,,,,0.04000000000000013,,one_step_common_input,,deterministic_DOP853_trajectory_sanity_non_proof,,0.00033330000250850065,0.01,,unavailable,0.06072264024987817,0.06072264024987817,0.0,unavailable means the backend did not isolate this component; it is not zero,,0,,1,0.01,coupled_quadratic,1,0.01,torch_tm_flowpipe,True,0.12029733000125428,,2,,complete_total_degree_2,0.04033330000250858
0.01,1,,,,,,none_one_step,-0.0010225000000000373,0.0,unavailable,dependency loss requires a matched carry/reset control,torch_nextafter_outward,,,,,True,0.01,0.01,0.19897749999999997,tube,,,0.17778062499873437,2,unavailable,this protocol did not isolate process/device peak memory,,,"{""affine_state"": 1, ""time_state"": 1}",True,,,,,0.042200000000000376,,one_step_common_input,,deterministic_DOP853_trajectory_sanity_non_proof,,0.00019375000253100033,0.01,,unavailable,0.06072264024987817,0.06072264024987817,0.0,unavailable means the backend did not isolate this component; it is not zero,,1,,1,0.01,coupled_quadratic,2,0.01,torch_tm_flowpipe,True,0.2201743750012656,,2,,complete_total_degree_2,0.04239375000253123
0.01,1,,,,,,none_one_step,0.00013067999999999413,0.0,unavailable,dependency loss requires a matched carry/reset control,torch_nextafter_outward,,,,,True,0.01,0.01,0.10013068,endpoint_raw,,,0.0799640299987457,1,unavailable,this protocol did not isolate process/device peak memory,,,"{""affine_state"": 1}",True,,,,,0.040000000000000105,,one_step_common_input,,deterministic_DOP853_trajectory_sanity_non_proof,,0.00033330000250850065,0.01,,unavailable,0.06072264024987817,0.06072264024987817,0.0,unavailable means the backend did not isolate this component; it is not zero,,0,,1,0.01,coupled_quadratic,1,0.01,torch_tm_flowpipe,True,0.12029733000125428,,2,,complete_total_degree_2,0.04033330000250858
0.01,1,,,,,,none_one_step,-0.0019225000000000214,0.0,unavailable,dependency loss requires a matched carry/reset control,torch_nextafter_outward,,,,,True,0.01,0.01,0.1980775,endpoint_raw,,,0.1781806249987344,1,unavailable,this protocol did not isolate process/device peak memory,,,"{""affine_state"": 1}",True,,,,,0.03960000000000022,,one_step_common_input,,deterministic_DOP853_trajectory_sanity_non_proof,,0.00019375000253100033,0.01,,unavailable,0.06072264024987817,0.06072264024987817,0.0,unavailable means the backend did not isolate this component; it is not zero,,1,,1,0.01,coupled_quadratic,1,0.01,torch_tm_flowpipe,True,0.21797437500126557,,2,,complete_total_degree_2,0.03979375000253116
0.02,1,,,,,,none_one_step,0.0002640000000034004,0.0,unavailable,dependency loss requires a matched carry/reset control,torch_nextafter_outward,,,,,True,0.02,0.02,0.1002640000000034,tube,,,0.0799339999987491,1,unavailable,this protocol did not isolate process/device peak memory,,,"{""affine_state"": 1}",True,,,,,0.04000000000000013,,one_step_common_input,,deterministic_DOP853_trajectory_sanity_non_proof,,0.0006600000025085016,0.02,,unavailable,0.04364958172664046,0.04364958172664046,0.0,unavailable means the backend did not isolate this component; it is not zero,,0,,1,0.02,coupled_quadratic,1,0.02,torch_tm_flowpipe,True,0.1205940000012577,,2,,complete_total_degree_1,0.04066000000250859
0.02,1,,,,,,none_one_step,-0.0020559999999876233,0.0,unavailable,dependency loss requires a matched carry/reset control,torch_nextafter_outward,,,,,True,0.02,0.02,0.1979440000000124,tube,,,0.1750139999987468,1,unavailable,this protocol did not isolate process/device peak memory,,,"{""affine_state"": 1}",True,,,,,0.04000000000000031,,one_step_common_input,,deterministic_DOP853_trajectory_sanity_non_proof,,0.005860000002531011,0.02,,unavailable,0.04364958172664046,0.04364958172664046,0.0,unavailable means the backend did not isolate this component; it is not zero,,1,,1,0.02,coupled_quadratic,1,0.02,torch_tm_flowpipe,True,0.220874000001278,,2,,complete_total_degree_1,0.04586000000253118
0.02,1,,,,,,none_one_step,0.0002640000000034004,0.0,unavailable,dependency loss requires a matched carry/reset control,torch_nextafter_outward,,,,,True,0.02,0.02,0.1002640000000034,endpoint_raw,,,0.0799339999987491,1,unavailable,this protocol did not isolate process/device peak memory,,,"{""affine_state"": 1}",True,,,,,0.040000000000000105,,one_step_common_input,,deterministic_DOP853_trajectory_sanity_non_proof,,0.0006600000025085016,0.02,,unavailable,0.04364958172664046,0.04364958172664046,0.0,unavailable means the backend did not isolate this component; it is not zero,,0,,1,0.02,coupled_quadratic,1,0.02,torch_tm_flowpipe,True,0.1205940000012577,,2,,complete_total_degree_1,0.04066000000250859
0.02,1,,,,,,none_one_step,-0.0020559999999876233,0.0,unavailable,dependency loss requires a matched carry/reset control,torch_nextafter_outward,,,,,True,0.02,0.02,0.1979440000000124,endpoint_raw,,,0.1750139999987468,1,unavailable,this protocol did not isolate process/device peak memory,,,"{""affine_state"": 1}",True,,,,,0.04000000000000026,,one_step_common_input,,deterministic_DOP853_trajectory_sanity_non_proof,,0.005860000002531011,0.02,,unavailable,0.04364958172664046,0.04364958172664046,0.0,unavailable means the backend did not isolate this component; it is not zero,,1,,1,0.02,coupled_quadratic,1,0.02,torch_tm_flowpipe,True,0.220874000001278,,2,,complete_total_degree_1,0.04586000000253118
0.02,1,,,,,,none_one_step,0.00025871999999999007,0.0,unavailable,dependency loss requires a matched carry/reset control,torch_nextafter_outward,,,,,True,0.02,0.02,0.10025872,tube,,,0.07992211999874146,1,unavailable,this protocol did not isolate process/device peak memory,,,"{""affine_state"": 1}",True,,,,,0.04000000000000013,,one_step_common_input,,deterministic_DOP853_trajectory_sanity_non_proof,,0.0006732000025170012,0.02,,unavailable,0.06081951968371868,0.06081951968371868,0.0,unavailable means the backend did not isolate this component; it is not zero,,0,,1,0.02,coupled_quadratic,1,0.02,torch_tm_flowpipe,True,0.12059532000125854,,2,,complete_total_degree_2,0.040673200002517076
0.02,1,,,,,,none_one_step,-0.0020340000000000358,0.0,unavailable,dependency loss requires a matched carry/reset control,torch_nextafter_outward,,,,,True,0.02,0.02,0.19796599999999998,tube,,,0.17555849999871886,2,unavailable,this protocol did not isolate process/device peak memory,,,"{""affine_state"": 1, ""time_state"": 1}",True,,,,,0.044400000000000384,,one_step_common_input,,deterministic_DOP853_trajectory_sanity_non_proof,,0.0004150000025620007,0.02,,unavailable,0.06081951968371868,0.06081951968371868,0.0,unavailable means the backend did not isolate this component; it is not zero,,1,,1,0.02,coupled_quadratic,2,0.02,torch_tm_flowpipe,True,0.22037350000128111,,2,,complete_total_degree_2,0.04481500000256225
0.02,1,,,,,,none_one_step,0.00025871999999999007,0.0,unavailable,dependency loss requires a matched carry/reset control,torch_nextafter_outward,,,,,True,0.02,0.02,0.10025872,endpoint_raw,,,0.07992211999874146,1,unavailable,this protocol did not isolate process/device peak memory,,,"{""affine_state"": 1}",True,,,,,0.040000000000000105,,one_step_common_input,,deterministic_DOP853_trajectory_sanity_non_proof,,0.0006732000025170012,0.02,,unavailable,0.06081951968371868,0.06081951968371868,0.0,unavailable means the backend did not isolate this component; it is not zero,,0,,1,0.02,coupled_quadratic,1,0.02,torch_tm_flowpipe,True,0.12059532000125854,,2,,complete_total_degree_2,0.040673200002517076
0.02,1,,,,,,none_one_step,-0.003834000000000004,0.0,unavailable,dependency loss requires a matched carry/reset control,torch_nextafter_outward,,,,,True,0.02,0.02,0.196166,endpoint_raw,,,0.17635849999871892,1,unavailable,this protocol did not isolate process/device peak memory,,,"{""affine_state"": 1}",True,,,,,0.03920000000000021,,one_step_common_input,,deterministic_DOP853_trajectory_sanity_non_proof,,0.0004150000025620007,0.02,,unavailable,0.06081951968371868,0.06081951968371868,0.0,unavailable means the backend did not isolate this component; it is not zero,,1,,1,0.02,coupled_quadratic,1,0.02,torch_tm_flowpipe,True,0.21597350000128107,,2,,complete_total_degree_2,0.039615000002562156
0.0025,1,,,,,,none_one_step,0.003062499999999968,0.0,unavailable,dependency loss requires a matched carry/reset control,torch_nextafter_outward,,,,,True,0.0025,0.0025,1.2530625,tube,,,1.0992343749987463,1,unavailable,this protocol did not isolate process/device peak memory,,,"{""affine_state"": 1}",True,,,,,0.30000000000000204,,one_step_common_input,,deterministic_DOP853_trajectory_sanity_non_proof,,0.007656250002506261,0.0025,,unavailable,0.05075271101668477,0.05075271101668477,0.0,unavailable means the backend did not isolate this component; it is not zero,,0,,1,0.0025,van_der_pol,1,0.0025,torch_tm_flowpipe,True,1.4068906250012536,,2,,complete_total_degree_1,0.3076562500025073
0.0025,1,,,,,,none_one_step,-0.00469000000001385,0.0,unavailable,dependency loss requires a matched carry/reset control,torch_nextafter_outward,,,,,True,0.0025,0.0025,2.3953099999999865,tube,,,2.331791249998718,1,unavailable,this protocol did not isolate process/device peak memory,,,"{""affine_state"": 1}",True,,,,,0.10000000000000453,,one_step_common_input,,deterministic_DOP853_trajectory_sanity_non_proof,,0.027037500002533885,0.0025,,unavailable,0.05075271101668477,0.05075271101668477,0.0,unavailable means the backend did not isolate this component; it is not zero,,1,,1,0.0025,van_der_pol,1,0.0025,torch_tm_flowpipe,True,2.458828750001255,,2,,complete_total_degree_1,0.12703750000253677
0.0025,1,,,,,,none_one_step,0.003062499999999968,0.0,unavailable,dependency loss requires a matched carry/reset control,torch_nextafter_outward,,,,,True,0.0025,0.0025,1.2530625,endpoint_raw,,,1.0992343749987463,1,unavailable,this protocol did not isolate process/device peak memory,,,"{""affine_state"": 1}",True,,,,,0.3000000000000016,,one_step_common_input,,deterministic_DOP853_trajectory_sanity_non_proof,,0.007656250002506261,0.0025,,unavailable,0.05075271101668477,0.05075271101668477,0.0,unavailable means the backend did not isolate this component; it is not zero,,0,,1,0.0025,van_der_pol,1,0.0025,torch_tm_flowpipe,True,1.4068906250012536,,2,,complete_total_degree_1,0.3076562500025073
0.0025,1,,,,,,none_one_step,-0.00469000000001385,0.0,unavailable,dependency loss requires a matched carry/reset control,torch_nextafter_outward,,,,,True,0.0025,0.0025,2.3953099999999865,endpoint_raw,,,2.331791249998718,1,unavailable,this protocol did not isolate process/device peak memory,,,"{""affine_state"": 1}",True,,,,,0.10000000000000364,,one_step_common_input,,deterministic_DOP853_trajectory_sanity_non_proof,,0.027037500002533885,0.0025,,unavailable,0.05075271101668477,0.05075271101668477,0.0,unavailable means the backend did not isolate this component; it is not zero,,1,,1,0.0025,van_der_pol,1,0.0025,torch_tm_flowpipe,True,2.458828750001255,,2,,complete_total_degree_1,0.12703750000253677
0.0025,1,,,,,,none_one_step,0.003048959469728718,0.0,unavailable,dependency loss requires a matched carry/reset control,torch_nextafter_outward,,,,,True,0.0025,0.0025,1.2530489594697287,tube,,,1.0999552193821125,2,unavailable,this protocol did not isolate process/device peak memory,,,"{""affine_state"": 1, ""time_state"": 1}",True,,,,,0.3061250000000024,,one_step_common_input,,deterministic_DOP853_trajectory_sanity_non_proof,,6.248017523071648e-05,0.0025,,unavailable,0.11298176506534219,0.11298176506534219,0.0,unavailable means the backend did not isolate this component; it is not zero,,0,,1,0.0025,van_der_pol,2,0.0025,torch_tm_flowpipe,True,1.4061426995573447,,3,,complete_total_degree_2,0.30618748017523223
0.0025,1,,,,,,none_one_step,-0.004759962108531912,0.0,unavailable,dependency loss requires a matched carry/reset control,torch_nextafter_outward,,,,,True,0.0025,0.0025,2.3952400378914684,tube,,,2.330939315845323,2,unavailable,this protocol did not isolate process/device peak memory,,,"{""affine_state"": 1, ""time_state"": 2}",True,,,,,0.10962500000000608,,one_step_common_input,,deterministic_DOP853_trajectory_sanity_non_proof,,0.018976444092286528,0.0025,,unavailable,0.11298176506534219,0.11298176506534219,0.0,unavailable means the backend did not isolate this component; it is not zero,,1,,1,0.0025,van_der_pol,3,0.0025,torch_tm_flowpipe,True,2.459540759937614,,3,,complete_total_degree_2,0.12860144409229068
0.0025,1,,,,,,none_one_step,0.005986459469728533,0.0,unavailable,dependency loss requires a matched carry/reset control,torch_nextafter_outward,,,,,True,0.0025,0.0025,1.2559864594697285,endpoint_raw,,,1.1058302193821126,1,unavailable,this protocol did not isolate process/device peak memory,,,"{""affine_state"": 2}",True,,,,,0.30025000000000146,,one_step_common_input,,deterministic_DOP853_trajectory_sanity_non_proof,,6.248017523071648e-05,0.0025,,unavailable,0.11298176506534219,0.11298176506534219,0.0,unavailable means the backend did not isolate this component; it is not zero,,0,,1,0.0025,van_der_pol,2,0.0025,torch_tm_flowpipe,True,1.4061426995573447,,3,,complete_total_degree_2,0.30031248017523215
0.0025,1,,,,,,none_one_step,-0.003197462108532001,0.0,unavailable,dependency loss requires a matched carry/reset control,torch_nextafter_outward,,,,,True,0.0025,0.0025,2.3968025378914684,endpoint_raw,,,2.3368143158453236,1,unavailable,this protocol did not isolate process/device peak memory,,,"{""affine_state"": 2}",True,,,,,0.10100000000000486,,one_step_common_input,,deterministic_DOP853_trajectory_sanity_non_proof,,0.018976444092286528,0.0025,,unavailable,0.11298176506534219,0.11298176506534219,0.0,unavailable means the backend did not isolate this component; it is not zero,,1,,1,0.0025,van_der_pol,2,0.0025,torch_tm_flowpipe,True,2.4567907599376135,,3,,complete_total_degree_2,0.11997644409228991
0.005,1,,,,,,none_one_step,0.006124999999999936,0.0,unavailable,dependency loss requires a matched carry/reset control,torch_nextafter_outward,,,,,True,0.005,0.005,1.256125,tube,,,1.098468749998743,1,unavailable,this protocol did not isolate process/device peak memory,,,"{""affine_state"": 1}",True,,,,,0.30000000000000204,,one_step_common_input,,deterministic_DOP853_trajectory_sanity_non_proof,,0.015312500002512521,0.005,,unavailable,0.051690855994820595,0.051690855994820595,0.0,unavailable means the backend did not isolate this component; it is not zero,,0,,1,0.005,van_der_pol,1,0.005,torch_tm_flowpipe,True,1.4137812500012568,,2,,complete_total_degree_1,0.31531250000251365
0.005,1,,,,,,none_one_step,-0.0093800000000277,0.0,unavailable,dependency loss requires a matched carry/reset control,torch_nextafter_outward,,,,,True,0.005,0.005,2.3906199999999727,tube,,,2.3135824999986876,1,unavailable,this protocol did not isolate process/device peak memory,,,"{""affine_state"": 1}",True,,,,,0.10000000000000453,,one_step_common_input,,deterministic_DOP853_trajectory_sanity_non_proof,,0.05407500000256778,0.005,,unavailable,0.051690855994820595,0.051690855994820595,0.0,unavailable means the backend did not isolate this component; it is not zero,,1,,1,0.005,van_der_pol,1,0.005,torch_tm_flowpipe,True,2.467657500001258,,2,,complete_total_degree_1,0.15407500000257057
0.005,1,,,,,,none_one_step,0.006124999999999936,0.0,unavailable,dependency loss requires a matched carry/reset control,torch_nextafter_outward,,,,,True,0.005,0.005,1.256125,endpoint_raw,,,1.098468749998743,1,unavailable,this protocol did not isolate process/device peak memory,,,"{""affine_state"": 1}",True,,,,,0.3000000000000016,,one_step_common_input,,deterministic_DOP853_trajectory_sanity_non_proof,,0.015312500002512521,0.005,,unavailable,0.051690855994820595,0.051690855994820595,0.0,unavailable means the backend did not isolate this component; it is not zero,,0,,1,0.005,van_der_pol,1,0.005,torch_tm_flowpipe,True,1.4137812500012568,,2,,complete_total_degree_1,0.31531250000251365
0.005,1,,,,,,none_one_step,-0.0093800000000277,0.0,unavailable,dependency loss requires a matched carry/reset control,torch_nextafter_outward,,,,,True,0.005,0.005,2.3906199999999727,endpoint_raw,,,2.3135824999986876,1,unavailable,this protocol did not isolate process/device peak memory,,,"{""affine_state"": 1}",True,,,,,0.10000000000000364,,one_step_common_input,,deterministic_DOP853_trajectory_sanity_non_proof,,0.05407500000256778,0.005,,unavailable,0.051690855994820595,0.051690855994820595,0.0,unavailable means the backend did not isolate this component; it is not zero,,1,,1,0.005,van_der_pol,1,0.005,torch_tm_flowpipe,True,2.467657500001258,,2,,complete_total_degree_1,0.15407500000257057
0.005,1,,,,,,none_one_step,0.006070133316669946,0.0,unavailable,dependency loss requires a matched carry/reset control,torch_nextafter_outward,,,,,True,0.005,0.005,1.25607013331667,tube,,,1.0998190720914582,2,unavailable,this protocol did not isolate process/device peak memory,,,"{""affine_state"": 1, ""time_state"": 1}",True,,,,,0.3122500000000026,,one_step_common_input,,deterministic_DOP853_trajectory_sanity_non_proof,,0.0002521224504219376,0.005,,unavailable,0.10835561621934175,0.10835561621934175,0.0,unavailable means the backend did not isolate this component; it is not zero,,0,,1,0.005,van_der_pol,2,0.005,torch_tm_flowpipe,True,1.4123211945418819,,3,,complete_total_degree_2,0.31250212245042364
0.005,1,,,,,,none_one_step,-0.009660836666004258,0.0,unavailable,dependency loss requires a matched carry/reset control,torch_nextafter_outward,,,,,True,0.005,0.005,2.390339163333996,tube,,,2.3115175435418003,2,unavailable,this protocol did not isolate process/device peak memory,,,"{""affine_state"": 1, ""time_state"": 2}",True,,,,,0.1192500000000063,,one_step_common_input,,deterministic_DOP853_trajectory_sanity_non_proof,,0.0383932395843874,0.005,,unavailable,0.10835561621934175,0.10835561621934175,0.0,unavailable means the backend did not isolate this component; it is not zero,,1,,1,0.005,van_der_pol,3,0.005,torch_tm_flowpipe,True,2.469160783126192,,3,,complete_total_degree_2,0.15764323958439164
0.005,1,,,,,,none_one_step,0.01194513331667002,0.0,unavailable,dependency loss requires a matched carry/reset control,torch_nextafter_outward,,,,,True,0.005,0.005,1.26194513331667,endpoint_raw,,,1.1115690720914582,1,unavailable,this protocol did not isolate process/device peak memory,,,"{""affine_state"": 2}",True,,,,,0.30050000000000177,,one_step_common_input,,deterministic_DOP853_trajectory_sanity_non_proof,,0.0002521224504219376,0.005,,unavailable,0.10835561621934175,0.10835561621934175,0.0,unavailable means the backend did not isolate this component; it is not zero,,0,,1,0.005,van_der_pol,2,0.005,torch_tm_flowpipe,True,1.4123211945418819,,3,,complete_total_degree_2,0.3007521224504237
0.005,1,,,,,,none_one_step,-0.006535836666004435,0.0,unavailable,dependency loss requires a matched carry/reset control,torch_nextafter_outward,,,,,True,0.005,0.005,2.393464163333996,endpoint_raw,,,2.3232675435418004,1,unavailable,this protocol did not isolate process/device peak memory,,,"{""affine_state"": 2}",True,,,,,0.10200000000000475,,one_step_common_input,,deterministic_DOP853_trajectory_sanity_non_proof,,0.0383932395843874,0.005,,unavailable,0.10835561621934175,0.10835561621934175,0.0,unavailable means the backend did not isolate this component; it is not zero,,1,,1,0.005,van_der_pol,2,0.005,torch_tm_flowpipe,True,2.4636607831261914,,3,,complete_total_degree_2,0.14039323958439098
0.01,1,,,,,,none_one_step,0.012249999999999872,0.0,unavailable,dependency loss requires a matched carry/reset control,torch_nextafter_outward,,,,,True,0.01,0.01,1.2622499999999999,tube,,,1.096937499998737,1,unavailable,this protocol did not isolate process/device peak memory,,,"{""affine_state"": 1}",True,,,,,0.30000000000000204,,one_step_common_input,,deterministic_DOP853_trajectory_sanity_non_proof,,0.030625000002525042,0.01,,unavailable,0.05069414898753166,0.05069414898753166,0.0,unavailable means the backend did not isolate this component; it is not zero,,0,,1,0.01,van_der_pol,1,0.01,torch_tm_flowpipe,True,1.427562500001263,,2,,complete_total_degree_1,0.33062500000252615
0.01,1,,,,,,none_one_step,-0.01876000000005451,0.0,unavailable,dependency loss requires a matched carry/reset control,torch_nextafter_outward,,,,,True,0.01,0.01,2.381239999999946,tube,,,2.277164999998627,1,unavailable,this protocol did not isolate process/device peak memory,,,"{""affine_state"": 1}",True,,,,,0.10000000000000453,,one_step_common_input,,deterministic_DOP853_trajectory_sanity_non_proof,,0.10815000000263554,0.01,,unavailable,0.05069414898753166,0.05069414898753166,0.0,unavailable means the backend did not isolate this component; it is not zero,,1,,1,0.01,van_der_pol,1,0.01,torch_tm_flowpipe,True,2.485315000001265,,2,,complete_total_degree_1,0.20815000000263817
0.01,1,,,,,,none_one_step,0.012249999999999872,0.0,unavailable,dependency loss requires a matched carry/reset control,torch_nextafter_outward,,,,,True,0.01,0.01,1.2622499999999999,endpoint_raw,,,1.096937499998737,1,unavailable,this protocol did not isolate process/device peak memory,,,"{""affine_state"": 1}",True,,,,,0.3000000000000016,,one_step_common_input,,deterministic_DOP853_trajectory_sanity_non_proof,,0.030625000002525042,0.01,,unavailable,0.05069414898753166,0.05069414898753166,0.0,unavailable means the backend did not isolate this component; it is not zero,,0,,1,0.01,van_der_pol,1,0.01,torch_tm_flowpipe,True,1.427562500001263,,2,,complete_total_degree_1,0.33062500000252615
0.01,1,,,,,,none_one_step,-0.01876000000005451,0.0,unavailable,dependency loss requires a matched carry/reset control,torch_nextafter_outward,,,,,True,0.01,0.01,2.381239999999946,endpoint_raw,,,2.277164999998627,1,unavailable,this protocol did not isolate process/device peak memory,,,"{""affine_state"": 1}",True,,,,,0.10000000000000364,,one_step_common_input,,deterministic_DOP853_trajectory_sanity_non_proof,,0.10815000000263554,0.01,,unavailable,0.05069414898753166,0.05069414898753166,0.0,unavailable means the backend did not isolate this component; it is not zero,,1,,1,0.01,van_der_pol,1,0.01,torch_tm_flowpipe,True,2.485315000001265,,2,,complete_total_degree_1,0.20815000000263817
0.01,1,,,,,,none_one_step,0.012024837199068106,0.0,unavailable,dependency loss requires a matched carry/reset control,torch_nextafter_outward,,,,,True,0.01,0.01,1.262024837199068,tube,,,1.0992616921963458,2,unavailable,this protocol did not isolate process/device peak memory,,,"{""affine_state"": 1, ""time_state"": 1}",True,,,,,0.32450000000000245,,one_step_common_input,,deterministic_DOP853_trajectory_sanity_non_proof,,0.0010262900054431423,0.01,,unavailable,0.10940882982686162,0.10940882982686162,0.0,unavailable means the backend did not isolate this component; it is not zero,,0,,1,0.01,van_der_pol,2,0.01,torch_tm_flowpipe,True,1.4247879822017906,,3,,complete_total_degree_2,0.32552629000544475
0.01,1,,,,,,none_one_step,-0.01989128009318053,0.0,unavailable,dependency loss requires a matched carry/reset control,torch_nextafter_outward,,,,,True,0.01,0.01,2.38010871990682,tube,,,2.2715754697596604,2,unavailable,this protocol did not isolate process/device peak memory,,,"{""affine_state"": 1, ""time_state"": 2}",True,,,,,0.13850000000000628,,one_step_common_input,,deterministic_DOP853_trajectory_sanity_non_proof,,0.07856650029431397,0.01,,unavailable,0.10940882982686162,0.10940882982686162,0.0,unavailable means the backend did not isolate this component; it is not zero,,1,,1,0.01,van_der_pol,3,0.01,torch_tm_flowpipe,True,2.4886419700539792,,3,,complete_total_degree_2,0.21706650029431884
0.01,1,,,,,,none_one_step,0.023774837199068255,0.0,unavailable,dependency loss requires a matched carry/reset control,torch_nextafter_outward,,,,,True,0.01,0.01,1.2737748371990683,endpoint_raw,,,1.122761692196346,1,unavailable,this protocol did not isolate process/device peak memory,,,"{""affine_state"": 2}",True,,,,,0.3010000000000015,,one_step_common_input,,deterministic_DOP853_trajectory_sanity_non_proof,,0.0010262900054431423,0.01,,unavailable,0.10940882982686162,0.10940882982686162,0.0,unavailable means the backend did not isolate this component; it is not zero,,0,,1,0.01,van_der_pol,2,0.01,torch_tm_flowpipe,True,1.4247879822017906,,3,,complete_total_degree_2,0.3020262900054447
0.01,1,,,,,,none_one_step,-0.013641280093180441,0.0,unavailable,dependency loss requires a matched carry/reset control,torch_nextafter_outward,,,,,True,0.01,0.01,2.38635871990682,endpoint_raw,,,2.2950754697596607,1,unavailable,this protocol did not isolate process/device peak memory,,,"{""affine_state"": 2}",True,,,,,0.10400000000000453,,one_step_common_input,,deterministic_DOP853_trajectory_sanity_non_proof,,0.07856650029431397,0.01,,unavailable,0.10940882982686162,0.10940882982686162,0.0,unavailable means the backend did not isolate this component; it is not zero,,1,,1,0.01,van_der_pol,2,0.01,torch_tm_flowpipe,True,2.4776419700539787,,3,,complete_total_degree_2,0.18256650029431798
0.02,1,,,,,,none_one_step,0.02450000000000019,0.0,unavailable,dependency loss requires a matched carry/reset control,torch_nextafter_outward,,,,,True,0.02,0.02,1.2745000000000002,tube,,,1.0938749999987245,1,unavailable,this protocol did not isolate process/device peak memory,,,"{""affine_state"": 1}",True,,,,,0.30000000000000204,,one_step_common_input,,deterministic_DOP853_trajectory_sanity_non_proof,,0.06125000000255008,0.02,,unavailable,0.050548551604151726,0.050548551604151726,0.0,unavailable means the backend did not isolate this component; it is not zero,,0,,1,0.02,van_der_pol,1,0.02,torch_tm_flowpipe,True,1.4551250000012756,,2,,complete_total_degree_1,0.36125000000255114
0.02,1,,,,,,none_one_step,-0.03752000000010858,0.0,unavailable,dependency loss requires a matched carry/reset control,torch_nextafter_outward,,,,,True,0.02,0.02,2.3624799999998918,tube,,,2.204329999998505,1,unavailable,this protocol did not isolate process/device peak memory,,,"{""affine_state"": 1}",True,,,,,0.10000000000000453,,one_step_common_input,,deterministic_DOP853_trajectory_sanity_non_proof,,0.21630000000277105,0.02,,unavailable,0.050548551604151726,0.050548551604151726,0.0,unavailable means the backend did not isolate this component; it is not zero,,1,,1,0.02,van_der_pol,1,0.02,torch_tm_flowpipe,True,2.5206300000012787,,2,,complete_total_degree_1,0.3163000000027738
0.02,1,,,,,,none_one_step,0.02450000000000019,0.0,unavailable,dependency loss requires a matched carry/reset control,torch_nextafter_outward,,,,,True,0.02,0.02,1.2745000000000002,endpoint_raw,,,1.0938749999987245,1,unavailable,this protocol did not isolate process/device peak memory,,,"{""affine_state"": 1}",True,,,,,0.3000000000000016,,one_step_common_input,,deterministic_DOP853_trajectory_sanity_non_proof,,0.06125000000255008,0.02,,unavailable,0.050548551604151726,0.050548551604151726,0.0,unavailable means the backend did not isolate this component; it is not zero,,0,,1,0.02,van_der_pol,1,0.02,torch_tm_flowpipe,True,1.4551250000012756,,2,,complete_total_degree_1,0.36125000000255114
0.02,1,,,,,,none_one_step,-0.03752000000010858,0.0,unavailable,dependency loss requires a matched carry/reset control,torch_nextafter_outward,,,,,True,0.02,0.02,2.3624799999998918,endpoint_raw,,,2.204329999998505,1,unavailable,this protocol did not isolate process/device peak memory,,,"{""affine_state"": 1}",True,,,,,0.10000000000000364,,one_step_common_input,,deterministic_DOP853_trajectory_sanity_non_proof,,0.21630000000277105,0.02,,unavailable,0.050548551604151726,0.050548551604151726,0.0,unavailable means the backend did not isolate this component; it is not zero,,1,,1,0.02,van_der_pol,1,0.02,torch_tm_flowpipe,True,2.5206300000012787,,2,,complete_total_degree_1,0.3163000000027738
0.02,1,,,,,,none_one_step,0.02355281942019749,0.0,unavailable,dependency loss requires a matched carry/reset control,torch_nextafter_outward,,,,,True,0.02,0.02,1.2735528194201975,tube,,,1.0969275372629745,2,unavailable,this protocol did not isolate process/device peak memory,,,"{""affine_state"": 1, ""time_state"": 1}",True,,,,,0.34900000000000264,,one_step_common_input,,deterministic_DOP853_trajectory_sanity_non_proof,,0.004250564314444609,0.02,,unavailable,0.10825226968154311,0.10825226968154311,0.0,unavailable means the backend did not isolate this component; it is not zero,,0,,1,0.02,van_der_pol,2,0.02,torch_tm_flowpipe,True,1.4501781015774207,,3,,complete_total_degree_2,0.3532505643144461
0.02,1,,,,,,none_one_step,-0.04210902899011382,0.0,unavailable,dependency loss requires a matched carry/reset control,torch_nextafter_outward,,,,,True,0.02,0.02,2.3578909710098865,tube,,,2.187189363211269,2,unavailable,this protocol did not isolate process/device peak memory,,,"{""affine_state"": 1, ""time_state"": 2}",True,,,,,0.17700000000000626,,one_step_common_input,,deterministic_DOP853_trajectory_sanity_non_proof,,0.16440321559722998,0.02,,unavailable,0.10825226968154311,0.10825226968154311,0.0,unavailable means the backend did not isolate this component; it is not zero,,1,,1,0.02,van_der_pol,3,0.02,torch_tm_flowpipe,True,2.528592578808504,,3,,complete_total_degree_2,0.34140321559723485
0.02,1,,,,,,none_one_step,0.04705281942019757,0.0,unavailable,dependency loss requires a matched carry/reset control,torch_nextafter_outward,,,,,True,0.02,0.02,1.2970528194201976,endpoint_raw,,,1.1439275372629745,1,unavailable,this protocol did not isolate process/device peak memory,,,"{""affine_state"": 2}",True,,,,,0.3020000000000016,,one_step_common_input,,deterministic_DOP853_trajectory_sanity_non_proof,,0.004250564314444609,0.02,,unavailable,0.10825226968154311,0.10825226968154311,0.0,unavailable means the backend did not isolate this component; it is not zero,,0,,1,0.02,van_der_pol,2,0.02,torch_tm_flowpipe,True,1.4501781015774207,,3,,complete_total_degree_2,0.3062505643144462
0.02,1,,,,,,none_one_step,-0.02960902899011364,0.0,unavailable,dependency loss requires a matched carry/reset control,torch_nextafter_outward,,,,,True,0.02,0.02,2.3703909710098867,endpoint_raw,,,2.2341893632112697,1,unavailable,this protocol did not isolate process/device peak memory,,,"{""affine_state"": 2}",True,,,,,0.10800000000000498,,one_step_common_input,,deterministic_DOP853_trajectory_sanity_non_proof,,0.16440321559722998,0.02,,unavailable,0.10825226968154311,0.10825226968154311,0.0,unavailable means the backend did not isolate this component; it is not zero,,1,,1,0.02,van_der_pol,2,0.02,torch_tm_flowpipe,True,2.5065925788085037,,3,,complete_total_degree_2,0.272403215597234
0.005,1,0.10005002501250625,,,,,none_one_step,1.2514084016798654e-05,0.0,unavailable,dependency loss requires a matched carry/reset control,False,1.0002502816759482,,,,True,0.005,0.005,0.0500125140840168,tube,,,-2.5018766205711e-05,1,unavailable,this protocol did not isolate process/device peak memory,,,"{""affine_state"": 1, ""constant"": 1, ""time_only"": 1}",True,,,,,0.10006252813941424,,one_step_common_input,,analytic_interval_solution,,1.2537561030913079e-05,0.005,,unavailable,3.6970804361626506,3.6970804361626506,0.0,unavailable means the backend did not isolate this component; it is not zero,,0,,1,0.005,riccati,3,0.005,diffreach,not_applicable_analytic_reference,0.10005004693423931,,1,,upstream_affine_flag,0.10007506570044503
0.005,1,0.10005002501250625,True,,,,none_one_step,1.8764084407423e-05,0.0,unavailable,dependency loss requires a matched carry/reset control,False,1.0001253441681395,,,,True,0.005,0.005,0.050018764084407426,endpoint_raw,,,-1.251876542446231e-05,1,unavailable,this protocol did not isolate process/device peak memory,,,"{""affine_state"": 1, ""constant"": 1}",True,,,,,0.10005002813863294,,one_step_common_input,,analytic_interval_solution,,1.2537561030913079e-05,0.005,,unavailable,3.6970804361626506,3.6970804361626506,0.0,unavailable means the backend did not isolate this component; it is not zero,,0,,1,0.005,riccati,2,0.005,diffreach,not_applicable_analytic_reference,0.10005004693423931,,1,,upstream_affine_flag,0.10006256569966378
0.005,1,0.10005002501250625,,,,,none_one_step,1.8757822670821545e-05,0.0,unavailable,dependency loss requires a matched carry/reset control,False,1.000125281699424,,,,True,0.005,0.005,0.050018757822670824,tube,,,-1.2521902162792577e-05,2,unavailable,this protocol did not isolate process/device peak memory,,,"{""affine_state"": 1, ""constant"": 1, ""time_only"": 2, ""time_state"": 1}",True,,,,,0.10006250312299915,,one_step_common_input,,analytic_interval_solution,,1.2556326668227795e-05,0.005,,unavailable,0.9797162772156298,0.9797162772156298,0.0,unavailable means the backend did not isolate this component; it is not zero,,0,,1,0.005,riccati,5,0.005,diffreach,not_applicable_analytic_reference,0.10005003754750444,,1,,upstream_restricted_quasi_quadratic,0.10006255944966723
0.005,1,0.10005002501250625,True,,,,none_one_step,1.8759385170818987e-05,0.0,unavailable,dependency loss requires a matched carry/reset control,False,1.000125250465049,,,,True,0.005,0.005,0.05001875938517082,endpoint_raw,,,-1.2518777162792575e-05,1,unavailable,this protocol did not isolate process/device peak memory,,,"{""affine_state"": 1, ""constant"": 1}",True,,,,,0.10004999999799909,,one_step_common_input,,analytic_interval_solution,,1.2556326668227795e-05,0.005,,unavailable,0.9797162772156298,0.9797162772156298,0.0,unavailable means the backend did not isolate this component; it is not zero,,0,,1,0.005,riccati,2,0.005,diffreach,not_applicable_analytic_reference,0.10005003754750444,,1,,upstream_restricted_quasi_quadratic,0.10006255632466723
0.01,1,0.1001001001001001,,,,,none_one_step,2.5056422394580113e-05,0.0,unavailable,dependency loss requires a matched carry/reset control,False,1.0005011285527363,,,,True,0.01,0.01,0.05002505642239458,tube,,,-5.007513680142267e-05,1,unavailable,this protocol did not isolate process/device peak memory,,,"{""affine_state"": 1, ""constant"": 1, ""time_only"": 1}",True,,,,,0.10012511262939039,,one_step_common_input,,analytic_interval_solution,,2.5150489001753456e-05,0.01,,unavailable,0.3512211721390486,0.3512211721390486,0.0,unavailable means the backend did not isolate this component; it is not zero,,0,,1,0.01,riccati,3,0.01,diffreach,not_applicable_analytic_reference,0.1001001879815906,,1,,upstream_affine_flag,0.10015026311839202
0.01,1,0.1001001001001001,True,,,,none_one_step,3.7556425519585934e-05,0.0,unavailable,dependency loss requires a matched carry/reset control,False,1.0002513784902987,,,,True,0.01,0.01,0.05003755642551959,endpoint_raw,,,-2.507513055141797e-05,1,unavailable,this protocol did not isolate process/device peak memory,,,"{""affine_state"": 1, ""constant"": 1}",True,,,,,0.10010011262314034,,one_step_common_input,,analytic_interval_solution,,2.5150489001753456e-05,0.01,,unavailable,0.3512211721390486,0.3512211721390486,0.0,unavailable means the backend did not isolate this component; it is not zero,,0,,1,0.01,riccati,2,0.01,diffreach,not_applicable_analytic_reference,0.1001001879815906,,1,,upstream_affine_flag,0.10012526311214201
0.01,1,0.1001001001001001,,,,,none_one_step,3.753133148351462e-05,0.0,unavailable,dependency loss requires a matched carry/reset control,False,1.0002511287408475,,,,True,0.01,0.01,0.05003753133148352,tube,,,-2.508772461496279e-05,2,unavailable,this protocol did not isolate process/device peak memory,,,"{""affine_state"": 1, ""constant"": 1, ""time_only"": 2, ""time_state"": 1}",True,,,,,0.10012501249799814,,one_step_common_input,,analytic_interval_solution,,2.5225614198949224e-05,0.01,,unavailable,0.568337676115334,0.568337676115334,0.0,unavailable means the backend did not isolate this component; it is not zero,,0,,1,0.01,riccati,5,0.01,diffreach,not_applicable_analytic_reference,0.100100150387582,,1,,upstream_restricted_quasi_quadratic,0.10012523811219695
0.01,1,0.1001001001001001,True,,,,none_one_step,3.753758148351133e-05,0.0,unavailable,dependency loss requires a matched carry/reset control,False,1.0002510038658476,,,,True,0.01,0.01,0.050037537581483514,endpoint_raw,,,-2.5075224614962788e-05,1,unavailable,this protocol did not isolate process/device peak memory,,,"{""affine_state"": 1, ""constant"": 1}",True,,,,,0.1000999999979981,,one_step_common_input,,analytic_interval_solution,,2.5225614198949224e-05,0.01,,unavailable,0.568337676115334,0.568337676115334,0.0,unavailable means the backend did not isolate this component; it is not zero,,0,,1,0.01,riccati,2,0.01,diffreach,not_applicable_analytic_reference,0.100100150387582,,1,,upstream_restricted_quasi_quadratic,0.10012522561219696
0.02,1,0.10020040080160321,,,,,none_one_step,5.0226383339270486e-05,0.0,unavailable,dependency loss requires a matched carry/reset control,False,1.001004528645853,,,,True,0.02,0.02,0.05005022638333927,tube,,,-0.00010030110392791667,1,unavailable,this protocol did not isolate process/device peak memory,,,"{""affine_state"": 1, ""constant"": 1, ""time_only"": 1}",True,,,,,0.10025045105027618,,one_step_common_input,,analytic_interval_solution,,5.060392425834019e-05,0.02,,unavailable,0.34323926735669374,0.34323926735669374,0.0,unavailable means the backend did not isolate this component; it is not zero,,0,,1,0.02,riccati,3,0.02,diffreach,not_applicable_analytic_reference,0.10020075387060647,,1,,upstream_affine_flag,0.10030105497453438
0.02,1,0.10020040080160321,True,,,,none_one_step,7.522640833931837e-05,0.0,unavailable,dependency loss requires a matched carry/reset control,False,1.0005055281468522,,,,True,0.02,0.02,0.05007522640833932,endpoint_raw,,,-5.0301053927827846e-05,1,unavailable,this protocol did not isolate process/device peak memory,,,"{""affine_state"": 1, ""constant"": 1}",True,,,,,0.10020045100027604,,one_step_common_input,,analytic_interval_solution,,5.060392425834019e-05,0.02,,unavailable,0.34323926735669374,0.34323926735669374,0.0,unavailable means the backend did not isolate this component; it is not zero,,0,,1,0.02,riccati,2,0.02,diffreach,not_applicable_analytic_reference,0.10020075387060647,,1,,upstream_affine_flag,0.10025105492453429
0.02,1,0.10020040080160321,,,,,none_one_step,7.512565374751673e-05,0.0,unavailable,dependency loss requires a matched carry/reset control,False,1.000504530155638,,,,True,0.02,0.02,0.05007512565374752,tube,,,-5.035180895979276e-05,2,unavailable,this protocol did not isolate process/device peak memory,,,"{""affine_state"": 1, ""constant"": 1, ""time_only"": 2, ""time_state"": 1}",True,,,,,0.10025004999799618,,one_step_common_input,,analytic_interval_solution,,5.090492741861545e-05,0.02,,unavailable,0.5605340851470828,0.5605340851470828,0.0,unavailable means the backend did not isolate this component; it is not zero,,0,,1,0.02,riccati,5,0.02,diffreach,not_applicable_analytic_reference,0.10020060311645483,,1,,upstream_restricted_quasi_quadratic,0.10025095492541462
0.02,1,0.10020040080160321,True,,,,none_one_step,7.515065374751745e-05,0.0,unavailable,dependency loss requires a matched carry/reset control,False,1.000504031155638,,,,True,0.02,0.02,0.05007515065374752,endpoint_raw,,,-5.030180895979276e-05,1,unavailable,this protocol did not isolate process/device peak memory,,,"{""affine_state"": 1, ""constant"": 1}",True,,,,,0.10019999999799609,,one_step_common_input,,analytic_interval_solution,,5.090492741861545e-05,0.02,,unavailable,0.5605340851470828,0.5605340851470828,0.0,unavailable means the backend did not isolate this component; it is not zero,,0,,1,0.02,riccati,2,0.02,diffreach,not_applicable_analytic_reference,0.10020060311645483,,1,,upstream_restricted_quasi_quadratic,0.10025090492541462
0.05,1,0.10050251256281408,,,,,none_one_step,0.0001264280632182549,0.0,unavailable,dependency loss requires a matched carry/reset control,False,1.0025285770169954,,,,True,0.05,0.05,0.05012642806321826,tube,,,-0.0002518923898970877,1,unavailable,this protocol did not isolate process/device peak memory,,,"{""affine_state"": 1, ""constant"": 1, ""time_only"": 1}",True,,,,,0.10062782899362112,,one_step_common_input,,analytic_interval_solution,,0.00012881191260971149,0.05,,unavailable,0.35158136393874884,0.35158136393874884,0.0,unavailable means the backend did not isolate this component; it is not zero,,0,,1,0.05,riccati,3,0.05,diffreach,not_applicable_analytic_reference,0.1005047485163336,,1,,upstream_affine_flag,0.1007566409062307
0.05,1,0.10050251256281408,True,,,,none_one_step,0.00018892845384752693,0.0,unavailable,dependency loss requires a matched carry/reset control,False,1.001284819243473,,,,True,0.05,0.05,0.05018892845384753,endpoint_raw,,,-0.00012689160863854363,1,unavailable,this protocol did not isolate process/device peak memory,,,"{""affine_state"": 1, ""constant"": 1}",True,,,,,0.10050282821236252,,one_step_common_input,,analytic_interval_solution,,0.00012881191260971149,0.05,,unavailable,0.35158136393874884,0.35158136393874884,0.0,unavailable means the backend did not isolate this component; it is not zero,,0,,1,0.05,riccati,2,0.05,diffreach,not_applicable_analytic_reference,0.1005047485163336,,1,,upstream_affine_flag,0.10063164012497215
0.05,1,0.10050251256281408,,,,,none_one_step,0.0001882915539852259,0.0,unavailable,dependency loss requires a matched carry/reset control,False,1.001278600838549,,,,True,0.05,0.05,0.05018829155398523,tube,,,-0.00012721602584135318,2,unavailable,this protocol did not isolate process/device peak memory,,,"{""affine_state"": 1, ""constant"": 1, ""time_only"": 2, ""time_state"": 1}",True,,,,,0.10062531249799017,,one_step_common_input,,analytic_interval_solution,,0.0001307026616631619,0.05,,unavailable,0.5453314557671547,0.5453314557671547,0.0,unavailable means the backend did not isolate this component; it is not zero,,0,,1,0.05,riccati,5,0.05,diffreach,not_applicable_analytic_reference,0.10050379913381181,,1,,upstream_restricted_quasi_quadratic,0.10063101515965317
0.05,1,0.10050251256281408,True,,,,none_one_step,0.00018844780398522692,0.0,unavailable,dependency loss requires a matched carry/reset control,False,1.0012754914635489,,,,True,0.05,0.05,0.05018844780398523,endpoint_raw,,,-0.00012690352584135317,1,unavailable,this protocol did not isolate process/device peak memory,,,"{""affine_state"": 1, ""constant"": 1}",True,,,,,0.10049999999799009,,one_step_common_input,,analytic_interval_solution,,0.0001307026616631619,0.05,,unavailable,0.5453314557671547,0.5453314557671547,0.0,unavailable means the backend did not isolate this component; it is not zero,,0,,1,0.05,riccati,2,0.05,diffreach,not_applicable_analytic_reference,0.10050379913381181,,1,,upstream_restricted_quasi_quadratic,0.10063070265965317
0.005,1,0.20099749583854687,,,,,none_one_step,0.0,0.0,unavailable,dependency loss requires a matched carry/reset control,False,1.0000374595995027,,,,True,0.005,0.005,0.0,tube,,,-0.10050251256212102,1,unavailable,this protocol did not isolate process/device peak memory,,,"{""affine_state"": 1}",True,,,,,0.2010050251236172,,one_step_common_input,,analytic_interval_solution,,6.250000000000001e-13,0.005,,unavailable,3.765772805083543,3.765772805083543,0.0,unavailable means the backend did not isolate this component; it is not zero,,0,,1,0.005,harmonic,1,0.005,diffreach,not_applicable_analytic_reference,0.10050251256212102,,1,,upstream_affine_flag,0.20100502512424204
0.005,1,0.20099749583854687,,,,,none_one_step,0.0,0.0,unavailable,dependency loss requires a matched carry/reset control,False,1.0000374595995027,,,,True,0.005,0.005,0.0,tube,,,-0.10050251256212102,1,unavailable,this protocol did not isolate process/device peak memory,,,"{""affine_state"": 1}",True,,,,,0.2010050251236172,,one_step_common_input,,analytic_interval_solution,,6.250000000000001e-13,0.005,,unavailable,3.765772805083543,3.765772805083543,0.0,unavailable means the backend did not isolate this component; it is not zero,,1,,1,0.005,harmonic,1,0.005,diffreach,not_applicable_analytic_reference,0.10050251256212102,,1,,upstream_affine_flag,0.20100502512424204
0.005,1,0.20099749583854687,True,,,,none_one_step,0.0,0.0,unavailable,dependency loss requires a matched carry/reset control,False,1.0000374595995027,,,,True,0.005,0.005,0.0,endpoint_raw,,,-0.10050251256212102,1,unavailable,this protocol did not isolate process/device peak memory,,,"{""affine_state"": 1, ""constant"": 1}",True,,,,,0.20100502512361718,,one_step_common_input,,analytic_interval_solution,,6.250000000000001e-13,0.005,,unavailable,3.765772805083543,3.765772805083543,0.0,unavailable means the backend did not isolate this component; it is not zero,,0,,1,0.005,harmonic,2,0.005,diffreach,not_applicable_analytic_reference,0.10050251256212102,,1,,upstream_affine_flag,0.20100502512424204
0.005,1,0.20099749583854687,True,,,,none_one_step,0.0,0.0,unavailable,dependency loss requires a matched carry/reset control,False,1.0000374595995027,,,,True,0.005,0.005,0.0,endpoint_raw,,,-0.10050251256212102,1,unavailable,this protocol did not isolate process/device peak memory,,,"{""affine_state"": 1, ""constant"": 1}",True,,,,,0.20100502512361718,,one_step_common_input,,analytic_interval_solution,,6.250000000000001e-13,0.005,,unavailable,3.765772805083543,3.765772805083543,0.0,unavailable means the backend did not isolate this component; it is not zero,,1,,1,0.005,harmonic,2,0.005,diffreach,not_applicable_analytic_reference,0.10050251256212102,,1,,upstream_affine_flag,0.20100502512424204
0.005,1,0.20099749583854687,,,,,none_one_step,0.0,0.0,unavailable,dependency loss requires a matched carry/reset control,False,1.000024959131263,,,,True,0.005,0.005,0.0,tube,,,-0.10050125628071453,2,unavailable,this protocol did not isolate process/device peak memory,,,"{""affine_state"": 1, ""time_state"": 1}",True,,,,,0.2009999999979902,,one_step_common_input,,analytic_interval_solution,,2.5125634390625004e-06,0.005,,unavailable,0.9578429190441966,0.9578429190441966,0.0,unavailable means the backend did not isolate this component; it is not zero,,0,,1,0.005,harmonic,2,0.005,diffreach,not_applicable_analytic_reference,0.10050125628071453,,1,,upstream_restricted_quasi_quadratic,0.20100251256142906
0.005,1,0.20099749583854687,,,,,none_one_step,0.0,0.0,unavailable,dependency loss requires a matched carry/reset control,False,1.000024959131263,,,,True,0.005,0.005,0.0,tube,,,-0.10050125628071453,2,unavailable,this protocol did not isolate process/device peak memory,,,"{""affine_state"": 1, ""time_state"": 1}",True,,,,,0.20099999999799018,,one_step_common_input,,analytic_interval_solution,,2.5125634390625004e-06,0.005,,unavailable,0.9578429190441966,0.9578429190441966,0.0,unavailable means the backend did not isolate this component; it is not zero,,1,,1,0.005,harmonic,2,0.005,diffreach,not_applicable_analytic_reference,0.10050125628071453,,1,,upstream_restricted_quasi_quadratic,0.20100251256142906
0.005,1,0.20099749583854687,True,,,,none_one_step,0.0,0.0,unavailable,dependency loss requires a matched carry/reset control,False,1.000024959131263,,,,True,0.005,0.005,0.0,endpoint_raw,,,-0.10050125628071453,1,unavailable,this protocol did not isolate process/device peak memory,,,"{""affine_state"": 2, ""constant"": 1}",True,,,,,0.20099999999799018,,one_step_common_input,,analytic_interval_solution,,2.5125634390625004e-06,0.005,,unavailable,0.9578429190441966,0.9578429190441966,0.0,unavailable means the backend did not isolate this component; it is not zero,,0,,1,0.005,harmonic,3,0.005,diffreach,not_applicable_analytic_reference,0.10050125628071453,,1,,upstream_restricted_quasi_quadratic,0.20100251256142906
0.005,1,0.20099749583854687,True,,,,none_one_step,0.0,0.0,unavailable,dependency loss requires a matched carry/reset control,False,1.000024959131263,,,,True,0.005,0.005,0.0,endpoint_raw,,,-0.10050125628071453,1,unavailable,this protocol did not isolate process/device peak memory,,,"{""affine_state"": 2, ""constant"": 1}",True,,,,,0.20099999999799015,,one_step_common_input,,analytic_interval_solution,,2.5125634390625004e-06,0.005,,unavailable,0.9578429190441966,0.9578429190441966,0.0,unavailable means the backend did not isolate this component; it is not zero,,1,,1,0.005,harmonic,3,0.005,diffreach,not_applicable_analytic_reference,0.10050125628071453,,1,,upstream_restricted_quasi_quadratic,0.20100251256142906
0.01,1,0.2019899667501664,,,,,none_one_step,0.0,0.0,unavailable,dependency loss requires a matched carry/reset control,False,1.000149687078511,,,,True,0.01,0.01,0.0,tube,,,-0.10101010101908887,1,unavailable,this protocol did not isolate process/device peak memory,,,"{""affine_state"": 1}",True,,,,,0.2020202020181779,,one_step_common_input,,analytic_interval_solution,,2.0000000000000002e-11,0.01,,unavailable,0.47409459901973605,0.47409459901973605,0.0,unavailable means the backend did not isolate this component; it is not zero,,0,,1,0.01,harmonic,1,0.01,diffreach,not_applicable_analytic_reference,0.10101010101908887,,1,,upstream_affine_flag,0.20202020203817775
0.01,1,0.2019899667501664,,,,,none_one_step,0.0,0.0,unavailable,dependency loss requires a matched carry/reset control,False,1.000149687078511,,,,True,0.01,0.01,0.0,tube,,,-0.10101010101908887,1,unavailable,this protocol did not isolate process/device peak memory,,,"{""affine_state"": 1}",True,,,,,0.2020202020181779,,one_step_common_input,,analytic_interval_solution,,2.0000000000000002e-11,0.01,,unavailable,0.47409459901973605,0.47409459901973605,0.0,unavailable means the backend did not isolate this component; it is not zero,,1,,1,0.01,harmonic,1,0.01,diffreach,not_applicable_analytic_reference,0.10101010101908887,,1,,upstream_affine_flag,0.20202020203817775
0.01,1,0.2019899667501664,True,,,,none_one_step,0.0,0.0,unavailable,dependency loss requires a matched carry/reset control,False,1.000149687078511,,,,True,0.01,0.01,0.0,endpoint_raw,,,-0.10101010101908887,1,unavailable,this protocol did not isolate process/device peak memory,,,"{""affine_state"": 1, ""constant"": 1}",True,,,,,0.20202020201817789,,one_step_common_input,,analytic_interval_solution,,2.0000000000000002e-11,0.01,,unavailable,0.47409459901973605,0.47409459901973605,0.0,unavailable means the backend did not isolate this component; it is not zero,,0,,1,0.01,harmonic,2,0.01,diffreach,not_applicable_analytic_reference,0.10101010101908887,,1,,upstream_affine_flag,0.20202020203817775
0.01,1,0.2019899667501664,True,,,,none_one_step,0.0,0.0,unavailable,dependency loss requires a matched carry/reset control,False,1.000149687078511,,,,True,0.01,0.01,0.0,endpoint_raw,,,-0.10101010101908887,1,unavailable,this protocol did not isolate process/device peak memory,,,"{""affine_state"": 1, ""constant"": 1}",True,,,,,0.20202020201817789,,one_step_common_input,,analytic_interval_solution,,2.0000000000000002e-11,0.01,,unavailable,0.47409459901973605,0.47409459901973605,0.0,unavailable means the backend did not isolate this component; it is not zero,,1,,1,0.01,harmonic,2,0.01,diffreach,not_applicable_analytic_reference,0.10101010101908887,,1,,upstream_affine_flag,0.20202020203817775
0.01,1,0.2019899667501664,,,,,none_one_step,0.0,0.0,unavailable,dependency loss requires a matched carry/reset control,False,1.0000996795941774,,,,True,0.01,0.01,0.0,tube,,,-0.10100505051403999,2,unavailable,this protocol did not isolate process/device peak memory,,,"{""affine_state"": 1, ""time_state"": 1}",True,,,,,0.20199999999798018,,one_step_common_input,,analytic_interval_solution,,1.01010301e-05,0.01,,unavailable,0.8687473549507558,0.8687473549507558,0.0,unavailable means the backend did not isolate this component; it is not zero,,0,,1,0.01,harmonic,2,0.01,diffreach,not_applicable_analytic_reference,0.10100505051403999,,1,,upstream_restricted_quasi_quadratic,0.20201010102807998
0.01,1,0.2019899667501664,,,,,none_one_step,0.0,0.0,unavailable,dependency loss requires a matched carry/reset control,False,1.0000996795941774,,,,True,0.01,0.01,0.0,tube,,,-0.10100505051403999,2,unavailable,this protocol did not isolate process/device peak memory,,,"{""affine_state"": 1, ""time_state"": 1}",True,,,,,0.20199999999798016,,one_step_common_input,,analytic_interval_solution,,1.01010301e-05,0.01,,unavailable,0.8687473549507558,0.8687473549507558,0.0,unavailable means the backend did not isolate this component; it is not zero,,1,,1,0.01,harmonic,2,0.01,diffreach,not_applicable_analytic_reference,0.10100505051403999,,1,,upstream_restricted_quasi_quadratic,0.20201010102807998
0.01,1,0.2019899667501664,True,,,,none_one_step,0.0,0.0,unavailable,dependency loss requires a matched carry/reset control,False,1.0000996795941774,,,,True,0.01,0.01,0.0,endpoint_raw,,,-0.10100505051403999,1,unavailable,this protocol did not isolate process/device peak memory,,,"{""affine_state"": 2, ""constant"": 1}",True,,,,,0.20199999999798016,,one_step_common_input,,analytic_interval_solution,,1.01010301e-05,0.01,,unavailable,0.8687473549507558,0.8687473549507558,0.0,unavailable means the backend did not isolate this component; it is not zero,,0,,1,0.01,harmonic,3,0.01,diffreach,not_applicable_analytic_reference,0.10100505051403999,,1,,upstream_restricted_quasi_quadratic,0.20201010102807998
0.01,1,0.2019899667501664,True,,,,none_one_step,0.0,0.0,unavailable,dependency loss requires a matched carry/reset control,False,1.0000996795941774,,,,True,0.01,0.01,0.0,endpoint_raw,,,-0.10100505051403999,1,unavailable,this protocol did not isolate process/device peak memory,,,"{""affine_state"": 2, ""constant"": 1}",True,,,,,0.20199999999798013,,one_step_common_input,,analytic_interval_solution,,1.01010301e-05,0.01,,unavailable,0.8687473549507558,0.8687473549507558,0.0,unavailable means the backend did not isolate this component; it is not zero,,1,,1,0.01,harmonic,3,0.01,diffreach,not_applicable_analytic_reference,0.10100505051403999,,1,,upstream_restricted_quasi_quadratic,0.20201010102807998
0.02,1,0.2039597346719822,,,,,none_one_step,0.0,0.0,unavailable,dependency loss requires a matched carry/reset control,False,1.000597660214497,,,,True,0.02,0.02,0.0,tube,,,-0.10204081664537751,1,unavailable,this protocol did not isolate process/device peak memory,,,"{""affine_state"": 1}",True,,,,,0.20408163265075518,,one_step_common_input,,analytic_interval_solution,,6.400000000000001e-10,0.02,,unavailable,0.48378736013546586,0.48378736013546586,0.0,unavailable means the backend did not isolate this component; it is not zero,,0,,1,0.02,harmonic,1,0.02,diffreach,not_applicable_analytic_reference,0.10204081664537751,,1,,upstream_affine_flag,0.20408163329075502
0.02,1,0.2039597346719822,,,,,none_one_step,0.0,0.0,unavailable,dependency loss requires a matched carry/reset control,False,1.000597660214497,,,,True,0.02,0.02,0.0,tube,,,-0.10204081664537751,1,unavailable,this protocol did not isolate process/device peak memory,,,"{""affine_state"": 1}",True,,,,,0.20408163265075518,,one_step_common_input,,analytic_interval_solution,,6.400000000000001e-10,0.02,,unavailable,0.48378736013546586,0.48378736013546586,0.0,unavailable means the backend did not isolate this component; it is not zero,,1,,1,0.02,harmonic,1,0.02,diffreach,not_applicable_analytic_reference,0.10204081664537751,,1,,upstream_affine_flag,0.20408163329075502
0.02,1,0.2039597346719822,True,,,,none_one_step,0.0,0.0,unavailable,dependency loss requires a matched carry/reset control,False,1.000597660214497,,,,True,0.02,0.02,0.0,endpoint_raw,,,-0.10204081664537751,1,unavailable,this protocol did not isolate process/device peak memory,,,"{""affine_state"": 1, ""constant"": 1}",True,,,,,0.20408163265075516,,one_step_common_input,,analytic_interval_solution,,6.400000000000001e-10,0.02,,unavailable,0.48378736013546586,0.48378736013546586,0.0,unavailable means the backend did not isolate this component; it is not zero,,0,,1,0.02,harmonic,2,0.02,diffreach,not_applicable_analytic_reference,0.10204081664537751,,1,,upstream_affine_flag,0.20408163329075502
0.02,1,0.2039597346719822,True,,,,none_one_step,0.0,0.0,unavailable,dependency loss requires a matched carry/reset control,False,1.000597660214497,,,,True,0.02,0.02,0.0,endpoint_raw,,,-0.10204081664537751,1,unavailable,this protocol did not isolate process/device peak memory,,,"{""affine_state"": 1, ""constant"": 1}",True,,,,,0.20408163265075516,,one_step_common_input,,analytic_interval_solution,,6.400000000000001e-10,0.02,,unavailable,0.48378736013546586,0.48378736013546586,0.0,unavailable means the backend did not isolate this component; it is not zero,,1,,1,0.02,harmonic,2,0.02,diffreach,not_applicable_analytic_reference,0.10204081664537751,,1,,upstream_affine_flag,0.20408163329075502
0.02,1,0.2039597346719822,,,,,none_one_step,0.0,0.0,unavailable,dependency loss requires a matched carry/reset control,False,1.0003975406837442,,,,True,0.02,0.02,0.0,tube,,,-0.10202040848218,2,unavailable,this protocol did not isolate process/device peak memory,,,"{""affine_state"": 1, ""time_state"": 1}",True,,,,,0.2039999999979602,,one_step_common_input,,analytic_interval_solution,,4.0816966400000006e-05,0.02,,unavailable,0.8791397092863917,0.8791397092863917,0.0,unavailable means the backend did not isolate this component; it is not zero,,0,,1,0.02,harmonic,2,0.02,diffreach,not_applicable_analytic_reference,0.10202040848218,,1,,upstream_restricted_quasi_quadratic,0.20404081696436
0.02,1,0.2039597346719822,,,,,none_one_step,0.0,0.0,unavailable,dependency loss requires a matched carry/reset control,False,1.0003975406837442,,,,True,0.02,0.02,0.0,tube,,,-0.10202040848218,2,unavailable,this protocol did not isolate process/device peak memory,,,"{""affine_state"": 1, ""time_state"": 1}",True,,,,,0.20399999999796017,,one_step_common_input,,analytic_interval_solution,,4.0816966400000006e-05,0.02,,unavailable,0.8791397092863917,0.8791397092863917,0.0,unavailable means the backend did not isolate this component; it is not zero,,1,,1,0.02,harmonic,2,0.02,diffreach,not_applicable_analytic_reference,0.10202040848218,,1,,upstream_restricted_quasi_quadratic,0.20404081696436
0.02,1,0.2039597346719822,True,,,,none_one_step,0.0,0.0,unavailable,dependency loss requires a matched carry/reset control,False,1.0003975406837442,,,,True,0.02,0.02,0.0,endpoint_raw,,,-0.10202040848218,1,unavailable,this protocol did not isolate process/device peak memory,,,"{""affine_state"": 2, ""constant"": 1}",True,,,,,0.20399999999796017,,one_step_common_input,,analytic_interval_solution,,4.0816966400000006e-05,0.02,,unavailable,0.8791397092863917,0.8791397092863917,0.0,unavailable means the backend did not isolate this component; it is not zero,,0,,1,0.02,harmonic,3,0.02,diffreach,not_applicable_analytic_reference,0.10202040848218,,1,,upstream_restricted_quasi_quadratic,0.20404081696436
0.02,1,0.2039597346719822,True,,,,none_one_step,0.0,0.0,unavailable,dependency loss requires a matched carry/reset control,False,1.0003975406837442,,,,True,0.02,0.02,0.0,endpoint_raw,,,-0.10202040848218,1,unavailable,this protocol did not isolate process/device peak memory,,,"{""affine_state"": 2, ""constant"": 1}",True,,,,,0.20399999999796015,,one_step_common_input,,analytic_interval_solution,,4.0816966400000006e-05,0.02,,unavailable,0.8791397092863917,0.8791397092863917,0.0,unavailable means the backend did not isolate this component; it is not zero,,1,,1,0.02,harmonic,3,0.02,diffreach,not_applicable_analytic_reference,0.10202040848218,,1,,upstream_restricted_quasi_quadratic,0.20404081696436
0.05,1,0.20974588593312893,,,,,none_one_step,0.0,0.0,unavailable,dependency loss requires a matched carry/reset control,False,1.003721132294359,,,,True,0.05,0.05,0.0,tube,,,-0.10526318906144183,1,unavailable,this protocol did not isolate process/device peak memory,,,"{""affine_state"": 1}",True,,,,,0.21052631562288382,,one_step_common_input,,analytic_interval_solution,,6.250000000000002e-08,0.05,,unavailable,0.5677110501565039,0.5677110501565039,0.0,unavailable means the backend did not isolate this component; it is not zero,,0,,1,0.05,harmonic,1,0.05,diffreach,not_applicable_analytic_reference,0.10526318906144183,,1,,upstream_affine_flag,0.21052637812288366
0.05,1,0.20974588593312893,,,,,none_one_step,0.0,0.0,unavailable,dependency loss requires a matched carry/reset control,False,1.003721132294359,,,,True,0.05,0.05,0.0,tube,,,-0.10526318906144183,1,unavailable,this protocol did not isolate process/device peak memory,,,"{""affine_state"": 1}",True,,,,,0.21052631562288382,,one_step_common_input,,analytic_interval_solution,,6.250000000000002e-08,0.05,,unavailable,0.5677110501565039,0.5677110501565039,0.0,unavailable means the backend did not isolate this component; it is not zero,,1,,1,0.05,harmonic,1,0.05,diffreach,not_applicable_analytic_reference,0.10526318906144183,,1,,upstream_affine_flag,0.21052637812288366
0.05,1,0.20974588593312893,True,,,,none_one_step,0.0,0.0,unavailable,dependency loss requires a matched carry/reset control,False,1.003721132294359,,,,True,0.05,0.05,0.0,endpoint_raw,,,-0.10526318906144183,1,unavailable,this protocol did not isolate process/device peak memory,,,"{""affine_state"": 1, ""constant"": 1}",True,,,,,0.2105263156228838,,one_step_common_input,,analytic_interval_solution,,6.250000000000002e-08,0.05,,unavailable,0.5677110501565039,0.5677110501565039,0.0,unavailable means the backend did not isolate this component; it is not zero,,0,,1,0.05,harmonic,2,0.05,diffreach,not_applicable_analytic_reference,0.10526318906144183,,1,,upstream_affine_flag,0.21052637812288366
0.05,1,0.20974588593312893,True,,,,none_one_step,0.0,0.0,unavailable,dependency loss requires a matched carry/reset control,False,1.003721132294359,,,,True,0.05,0.05,0.0,endpoint_raw,,,-0.10526318906144183,1,unavailable,this protocol did not isolate process/device peak memory,,,"{""affine_state"": 1, ""constant"": 1}",True,,,,,0.2105263156228838,,one_step_common_input,,analytic_interval_solution,,6.250000000000002e-08,0.05,,unavailable,0.5677110501565039,0.5677110501565039,0.0,unavailable means the backend did not isolate this component; it is not zero,,1,,1,0.05,harmonic,2,0.05,diffreach,not_applicable_analytic_reference,0.10526318906144183,,1,,upstream_affine_flag,0.21052637812288366
0.05,1,0.20974588593312893,,,,,none_one_step,0.0,0.0,unavailable,dependency loss requires a matched carry/reset control,False,1.0024664816426294,,,,True,0.05,0.05,0.0,tube,,,-0.1051316101552,2,unavailable,this protocol did not isolate process/device peak memory,,,"{""affine_state"": 1, ""time_state"": 1}",True,,,,,0.2099999999979002,,one_step_common_input,,analytic_interval_solution,,0.00026322031250000004,0.05,,unavailable,0.8826801208779216,0.8826801208779216,0.0,unavailable means the backend did not isolate this component; it is not zero,,0,,1,0.05,harmonic,2,0.05,diffreach,not_applicable_analytic_reference,0.1051316101552,,1,,upstream_restricted_quasi_quadratic,0.2102632203104
0.05,1,0.20974588593312893,,,,,none_one_step,0.0,0.0,unavailable,dependency loss requires a matched carry/reset control,False,1.0024664816426294,,,,True,0.05,0.05,0.0,tube,,,-0.1051316101552,2,unavailable,this protocol did not isolate process/device peak memory,,,"{""affine_state"": 1, ""time_state"": 1}",True,,,,,0.20999999999790017,,one_step_common_input,,analytic_interval_solution,,0.00026322031250000004,0.05,,unavailable,0.8826801208779216,0.8826801208779216,0.0,unavailable means the backend did not isolate this component; it is not zero,,1,,1,0.05,harmonic,2,0.05,diffreach,not_applicable_analytic_reference,0.1051316101552,,1,,upstream_restricted_quasi_quadratic,0.2102632203104
0.05,1,0.20974588593312893,True,,,,none_one_step,0.0,0.0,unavailable,dependency loss requires a matched carry/reset control,False,1.0024664816426294,,,,True,0.05,0.05,0.0,endpoint_raw,,,-0.1051316101552,1,unavailable,this protocol did not isolate process/device peak memory,,,"{""affine_state"": 2, ""constant"": 1}",True,,,,,0.20999999999790017,,one_step_common_input,,analytic_interval_solution,,0.00026322031250000004,0.05,,unavailable,0.8826801208779216,0.8826801208779216,0.0,unavailable means the backend did not isolate this component; it is not zero,,0,,1,0.05,harmonic,3,0.05,diffreach,not_applicable_analytic_reference,0.1051316101552,,1,,upstream_restricted_quasi_quadratic,0.2102632203104
0.05,1,0.20974588593312893,True,,,,none_one_step,0.0,0.0,unavailable,dependency loss requires a matched carry/reset control,False,1.0024664816426294,,,,True,0.05,0.05,0.0,endpoint_raw,,,-0.1051316101552,1,unavailable,this protocol did not isolate process/device peak memory,,,"{""affine_state"": 2, ""constant"": 1}",True,,,,,0.20999999999790014,,one_step_common_input,,analytic_interval_solution,,0.00026322031250000004,0.05,,unavailable,0.8826801208779216,0.8826801208779216,0.0,unavailable means the backend did not isolate this component; it is not zero,,1,,1,0.05,harmonic,3,0.05,diffreach,not_applicable_analytic_reference,0.1051316101552,,1,,upstream_restricted_quasi_quadratic,0.2102632203104
0.0025,1,,,,,,none_one_step,2.497674675315531e-05,0.0,unavailable,dependency loss requires a matched carry/reset control,False,,,,,True,0.0025,0.0025,0.10002497674675316,tube,,,0.0799838997912442,1,unavailable,this protocol did not isolate process/device peak memory,,,"{""affine_state"": 1, ""constant"": 1, ""time_only"": 1}",True,,,,,0.040080092242083434,,one_step_common_input,,deterministic_DOP853_trajectory_sanity_non_proof,,2.0616689346696e-06,0.0025,,unavailable,0.7848046603612602,0.7848046603612602,0.0,unavailable means the backend did not isolate this component; it is not zero,,0,,1,0.0025,coupled_quadratic,3,0.0025,diffreach,True,0.12006605370226212,,1,,upstream_affine_flag,0.04008215391101791
0.0025,1,,,,,,none_one_step,-0.0002366981360485687,0.0,unavailable,dependency loss requires a matched carry/reset control,False,,,,,True,0.0025,0.0025,0.19976330186395144,tube,,,0.17946483164631633,1,unavailable,this protocol did not isolate process/device peak memory,,,"{""affine_state"": 1, ""constant"": 1, ""time_only"": 1}",True,,,,,0.04059592436890411,,one_step_common_input,,deterministic_DOP853_trajectory_sanity_non_proof,,1.016066366496804e-06,0.0025,,unavailable,0.7848046603612602,0.7848046603612602,0.0,unavailable means the backend did not isolate this component; it is not zero,,1,,1,0.0025,coupled_quadratic,3,0.0025,diffreach,True,0.22006177208158656,,1,,upstream_affine_flag,0.040596940435270235
0.0025,1,,,,,,none_one_step,4.997677878446072e-05,0.0,unavailable,dependency loss requires a matched carry/reset control,False,,,,,True,0.0025,0.0025,0.10004997677878447,endpoint_raw,,,0.0800338998553068,1,unavailable,this protocol did not isolate process/device peak memory,,,"{""affine_state"": 1, ""constant"": 1}",True,,,,,0.04003009217802078,,one_step_common_input,,deterministic_DOP853_trajectory_sanity_non_proof,,2.0616689346696e-06,0.0025,,unavailable,0.7848046603612602,0.7848046603612602,0.0,unavailable means the backend did not isolate this component; it is not zero,,0,,1,0.0025,coupled_quadratic,2,0.0025,diffreach,True,0.12006605370226212,,1,,upstream_affine_flag,0.04003215384695531
0.0025,1,,,,,,none_one_step,-0.00047419852081481695,0.0,unavailable,dependency loss requires a matched carry/reset control,False,,,,,True,0.0025,0.0025,0.1995258014791852,endpoint_raw,,,0.17946483164631633,1,unavailable,this protocol did not isolate process/device peak memory,,,"{""affine_state"": 1, ""constant"": 1}",True,,,,,0.04012092359937153,,one_step_common_input,,deterministic_DOP853_trajectory_sanity_non_proof,,1.016066366496804e-06,0.0025,,unavailable,0.7848046603612602,0.7848046603612602,0.0,unavailable means the backend did not isolate this component; it is not zero,,1,,1,0.0025,coupled_quadratic,2,0.0025,diffreach,True,0.2195867713120541,,1,,upstream_affine_flag,0.040121939665737766
0.0025,1,,,,,,none_one_step,3.250016616335172e-05,0.0,unavailable,dependency loss requires a matched carry/reset control,False,,,,,True,0.0025,0.0025,0.10003250016616336,tube,,,0.07999898374366696,2,unavailable,this protocol did not isolate process/device peak memory,,,"{""affine_state"": 1, ""constant"": 1, ""time_only"": 2, ""time_state"": 2}",True,,,,,0.04008004687299878,,one_step_common_input,,deterministic_DOP853_trajectory_sanity_non_proof,,2.0328469935527965e-06,0.0025,,unavailable,1.9717752831056714,1.9717752831056714,0.0,unavailable means the backend did not isolate this component; it is not zero,,0,,1,0.0025,coupled_quadratic,6,0.0025,diffreach,True,0.12006601658865976,,1,,upstream_restricted_quasi_quadratic,0.0400670328449928
0.0025,1,,,,,,none_one_step,-0.00026700150348873963,0.0,unavailable,dependency loss requires a matched carry/reset control,False,,,,,True,0.0025,0.0025,0.19973299849651127,tube,,,0.17946492343705656,2,unavailable,this protocol did not isolate process/device peak memory,,,"{""affine_state"": 1, ""constant"": 1, ""time_only"": 2, ""time_state"": 2}",True,,,,,0.04059560624799455,,one_step_common_input,,deterministic_DOP853_trajectory_sanity_non_proof,,1.1501209123500445e-06,0.0025,,unavailable,1.9717752831056714,1.9717752831056714,0.0,unavailable means the backend did not isolate this component; it is not zero,,1,,1,0.0025,coupled_quadratic,6,0.0025,diffreach,True,0.22000107355596596,,1,,upstream_restricted_quasi_quadratic,0.0405361501189094
0.0025,1,,,,,,none_one_step,4.995329116372349e-05,0.0,unavailable,dependency loss requires a matched carry/reset control,False,,,,,True,0.0025,0.0025,0.10004995329116373,endpoint_raw,,,0.08003393686866771,1,unavailable,this protocol did not isolate process/device peak memory,,,"{""affine_state"": 2, ""constant"": 1}",True,,,,,0.040029999997998666,,one_step_common_input,,deterministic_DOP853_trajectory_sanity_non_proof,,2.0328469935527965e-06,0.0025,,unavailable,1.9717752831056714,1.9717752831056714,0.0,unavailable means the backend did not isolate this component; it is not zero,,0,,1,0.0025,coupled_quadratic,3,0.0025,diffreach,True,0.12006596971365976,,1,,upstream_restricted_quasi_quadratic,0.04003203284499206
0.0025,1,,,,,,none_one_step,-0.00047389525349023076,0.0,unavailable,dependency loss requires a matched carry/reset control,False,,,,,True,0.0025,0.0025,0.19952610474650978,endpoint_raw,,,0.17946552968705656,1,unavailable,this protocol did not isolate process/device peak memory,,,"{""affine_state"": 2, ""constant"": 1}",True,,,,,0.03991999999800433,,one_step_common_input,,deterministic_DOP853_trajectory_sanity_non_proof,,1.1501209123500445e-06,0.0025,,unavailable,1.9717752831056714,1.9717752831056714,0.0,unavailable means the backend did not isolate this component; it is not zero,,1,,1,0.0025,coupled_quadratic,3,0.0025,diffreach,True,0.21958667980596297,,1,,upstream_restricted_quasi_quadratic,0.04012115011890641
0.005,1,,,,,,none_one_step,4.990712294233868e-05,0.0,unavailable,dependency loss requires a matched carry/reset control,False,,,,,True,0.005,0.005,0.10004990712294234,tube,,,0.07996759801489785,1,unavailable,this protocol did not isolate process/device peak memory,,,"{""affine_state"": 1, ""constant"": 1, ""time_only"": 1}",True,,,,,0.040160370457140646,,one_step_common_input,,deterministic_DOP853_trajectory_sanity_non_proof,,4.247758948540937e-06,0.005,,unavailable,0.8761263350024819,0.8761263350024819,0.0,unavailable means the backend did not isolate this component; it is not zero,,0,,1,0.005,coupled_quadratic,3,0.005,diffreach,True,0.12013221623098684,,1,,upstream_affine_flag,0.04016461821608899
0.005,1,,,,,,none_one_step,-0.0004727955769199821,0.0,unavailable,dependency loss requires a matched carry/reset control,False,,,,,True,0.005,0.005,0.19952720442308003,tube,,,0.17892931553676836,1,unavailable,this protocol did not isolate process/device peak memory,,,"{""affine_state"": 1, ""constant"": 1, ""time_only"": 1}",True,,,,,0.04119371002160391,,one_step_common_input,,deterministic_DOP853_trajectory_sanity_non_proof,,2.0677510198039035e-06,0.005,,unavailable,0.8761263350024819,0.8761263350024819,0.0,unavailable means the backend did not isolate this component; it is not zero,,1,,1,0.005,coupled_quadratic,3,0.005,diffreach,True,0.22012509330939167,,1,,upstream_affine_flag,0.041195777772623315
0.005,1,,,,,,none_one_step,9.990737919381154e-05,0.0,unavailable,dependency loss requires a matched carry/reset control,False,,,,,True,0.005,0.005,0.10009990737919382,endpoint_raw,,,0.0800675985274008,1,unavailable,this protocol did not isolate process/device peak memory,,,"{""affine_state"": 1, ""constant"": 1}",True,,,,,0.04006036994463763,,one_step_common_input,,deterministic_DOP853_trajectory_sanity_non_proof,,4.247758948540937e-06,0.005,,unavailable,0.8761263350024819,0.8761263350024819,0.0,unavailable means the backend did not isolate this component; it is not zero,,0,,1,0.005,coupled_quadratic,2,0.005,diffreach,True,0.12013221623098684,,1,,upstream_affine_flag,0.04006461770358605
0.005,1,,,,,,none_one_step,-0.0009477986550646689,0.0,unavailable,dependency loss requires a matched carry/reset control,False,,,,,True,0.005,0.005,0.19905220134493534,endpoint_raw,,,0.17892931553676836,1,unavailable,this protocol did not isolate process/device peak memory,,,"{""affine_state"": 1, ""constant"": 1}",True,,,,,0.04024370386531445,,one_step_common_input,,deterministic_DOP853_trajectory_sanity_non_proof,,2.0677510198039035e-06,0.005,,unavailable,0.8761263350024819,0.8761263350024819,0.0,unavailable means the backend did not isolate this component; it is not zero,,1,,1,0.005,coupled_quadratic,2,0.005,diffreach,True,0.21917508715310235,,1,,upstream_affine_flag,0.040245771616334
0.005,1,,,,,,none_one_step,6.500072926902967e-05,0.0,unavailable,dependency loss requires a matched carry/reset control,False,,,,,True,0.005,0.005,0.10006500072926904,tube,,,0.07999793463985531,2,unavailable,this protocol did not isolate process/device peak memory,,,"{""affine_state"": 1, ""constant"": 1, ""time_only"": 2, ""time_state"": 2}",True,,,,,0.04016018749799728,,one_step_common_input,,deterministic_DOP853_trajectory_sanity_non_proof,,4.13218082893637e-06,0.005,,unavailable,2.006847152952105,2.006847152952105,0.0,unavailable means the backend did not isolate this component; it is not zero,,0,,1,0.005,coupled_quadratic,6,0.005,diffreach,True,0.12013206681868276,,1,,upstream_restricted_quasi_quadratic,0.04013413217882744
0.005,1,,,,,,none_one_step,-0.0005340070228363192,0.0,unavailable,dependency loss requires a matched carry/reset control,False,,,,,True,0.005,0.005,0.1994659929771637,tube,,,0.17892969088429214,2,unavailable,this protocol did not isolate process/device peak memory,,,"{""affine_state"": 1, ""constant"": 1, ""time_only"": 2, ""time_state"": 2}",True,,,,,0.0411924249979885,,one_step_common_input,,deterministic_DOP853_trajectory_sanity_non_proof,,2.604187749089902e-06,0.005,,unavailable,2.006847152952105,2.006847152952105,0.0,unavailable means the backend did not isolate this component; it is not zero,,1,,1,0.005,coupled_quadratic,6,0.005,diffreach,True,0.22000229507003524,,1,,upstream_restricted_quasi_quadratic,0.0410726041857431
0.005,1,,,,,,none_one_step,9.981322926977398e-05,0.0,unavailable,dependency loss requires a matched carry/reset control,False,,,,,True,0.005,0.005,0.10009981322926978,endpoint_raw,,,0.08006774713985682,1,unavailable,this protocol did not isolate process/device peak memory,,,"{""affine_state"": 2, ""constant"": 1}",True,,,,,0.04005999999799714,,one_step_common_input,,deterministic_DOP853_trajectory_sanity_non_proof,,4.13218082893637e-06,0.005,,unavailable,2.006847152952105,2.006847152952105,0.0,unavailable means the backend did not isolate this component; it is not zero,,0,,1,0.005,coupled_quadratic,3,0.005,diffreach,True,0.12013187931868274,,1,,upstream_restricted_quasi_quadratic,0.04006413217882593
0.005,1,,,,,,none_one_step,-0.0009465820228393151,0.0,unavailable,dependency loss requires a matched carry/reset control,False,,,,,True,0.005,0.005,0.1990534179771607,endpoint_raw,,,0.17893211588429214,1,unavailable,this protocol did not isolate process/device peak memory,,,"{""affine_state"": 2, ""constant"": 1}",True,,,,,0.0398399999980083,,one_step_common_input,,deterministic_DOP853_trajectory_sanity_non_proof,,2.604187749089902e-06,0.005,,unavailable,2.006847152952105,2.006847152952105,0.0,unavailable means the backend did not isolate this component; it is not zero,,1,,1,0.005,coupled_quadratic,3,0.005,diffreach,True,0.21917472007002925,,1,,upstream_restricted_quasi_quadratic,0.04024260418573711
0.01,1,,,,,,none_one_step,9.962956625475528e-05,0.0,unavailable,dependency loss requires a matched carry/reset control,False,,,,,True,0.01,0.01,0.10009962956625476,tube,,,0.0799343827814515,1,unavailable,this protocol did not isolate process/device peak memory,,,"{""affine_state"": 1, ""constant"": 1, ""time_only"": 1}",True,,,,,0.040321493775486425,,one_step_common_input,,deterministic_DOP853_trajectory_sanity_non_proof,,8.99979412031298e-06,0.01,,unavailable,0.8367106160148978,0.8367106160148978,0.0,unavailable means the backend did not isolate this component; it is not zero,,0,,1,0.01,coupled_quadratic,3,0.01,diffreach,True,0.12026487635105804,,1,,upstream_affine_flag,0.04033049356960654
0.01,1,,,,,,none_one_step,-0.0009432064330111567,0.0,unavailable,dependency loss requires a matched carry/reset control,False,,,,,True,0.01,0.01,0.19905679356698885,tube,,,0.1778571734469218,1,unavailable,this protocol did not isolate process/device peak memory,,,"{""affine_state"": 1, ""constant"": 1, ""time_only"": 1}",True,,,,,0.042394941095743544,,one_step_common_input,,deterministic_DOP853_trajectory_sanity_non_proof,,4.299144390943963e-06,0.01,,unavailable,0.8367106160148978,0.8367106160148978,0.0,unavailable means the backend did not isolate this component; it is not zero,,1,,1,0.01,coupled_quadratic,3,0.01,diffreach,True,0.22025641368705592,,1,,upstream_affine_flag,0.04239924024013411
0.01,1,,,,,,none_one_step,0.0001996316163020151,0.0,unavailable,dependency loss requires a matched carry/reset control,False,,,,,True,0.01,0.01,0.10019963161630202,endpoint_raw,,,0.080134386881546,1,unavailable,this protocol did not isolate process/device peak memory,,,"{""affine_state"": 1, ""constant"": 1}",True,,,,,0.040121489675391864,,one_step_common_input,,deterministic_DOP853_trajectory_sanity_non_proof,,8.99979412031298e-06,0.01,,unavailable,0.8367106160148978,0.8367106160148978,0.0,unavailable means the backend did not isolate this component; it is not zero,,0,,1,0.01,coupled_quadratic,2,0.01,diffreach,True,0.12026487635105804,,1,,upstream_affine_flag,0.04013048946951203
0.01,1,,,,,,none_one_step,-0.001893231058640532,0.0,unavailable,dependency loss requires a matched carry/reset control,False,,,,,True,0.01,0.01,0.19810676894135948,endpoint_raw,,,0.1778571734469218,1,unavailable,this protocol did not isolate process/device peak memory,,,"{""affine_state"": 1, ""constant"": 1}",True,,,,,0.040494891844484626,,one_step_common_input,,deterministic_DOP853_trajectory_sanity_non_proof,,4.299144390943963e-06,0.01,,unavailable,0.8367106160148978,0.8367106160148978,0.0,unavailable means the backend did not isolate this component; it is not zero,,1,,1,0.01,coupled_quadratic,2,0.01,diffreach,True,0.21835636443579717,,1,,upstream_affine_flag,0.04049919098887536
0.01,1,,,,,,none_one_step,0.000130003433558179,0.0,unavailable,dependency loss requires a matched carry/reset control,False,,,,,True,0.01,0.01,0.10013000343355818,tube,,,0.0799957358710494,2,unavailable,this protocol did not isolate process/device peak memory,,,"{""affine_state"": 1, ""constant"": 1, ""time_only"": 2, ""time_state"": 2}",True,,,,,0.04032074999799429,,one_step_common_input,,deterministic_DOP853_trajectory_sanity_non_proof,,8.53512702060044e-06,0.01,,unavailable,2.0075575499795377,2.0075575499795377,0.0,unavailable means the backend did not isolate this component; it is not zero,,0,,1,0.01,coupled_quadratic,6,0.01,diffreach,True,0.12026427099606699,,1,,upstream_restricted_quasi_quadratic,0.04026853512501759
0.01,1,,,,,,none_one_step,-0.0010680361019874962,0.0,unavailable,dependency loss requires a matched carry/reset control,False,,,,,True,0.01,0.01,0.19893196389801251,tube,,,0.1778587405770611,2,unavailable,this protocol did not isolate process/device peak memory,,,"{""affine_state"": 1, ""constant"": 1, ""time_only"": 2, ""time_state"": 2}",True,,,,,0.04238969999797659,,one_step_common_input,,deterministic_DOP853_trajectory_sanity_non_proof,,6.446643914750128e-06,0.01,,unavailable,2.0075575499795377,2.0075575499795377,0.0,unavailable means the backend did not isolate this component; it is not zero,,1,,1,0.01,coupled_quadratic,6,0.01,diffreach,True,0.22000518721896392,,1,,upstream_restricted_quasi_quadratic,0.04214644664190281
0.01,1,,,,,,none_one_step,0.0001992534335596985,0.0,unavailable,dependency loss requires a matched carry/reset control,False,,,,,True,0.01,0.01,0.1001992534335597,endpoint_raw,,,0.0801349858710524,1,unavailable,this protocol did not isolate process/device peak memory,,,"{""affine_state"": 2, ""constant"": 1}",True,,,,,0.04011999999799418,,one_step_common_input,,deterministic_DOP853_trajectory_sanity_non_proof,,8.53512702060044e-06,0.01,,unavailable,2.0075575499795377,2.0075575499795377,0.0,unavailable means the backend did not isolate this component; it is not zero,,0,,1,0.01,coupled_quadratic,3,0.01,diffreach,True,0.12026352099606699,,1,,upstream_restricted_quasi_quadratic,0.04012853512501459
0.01,1,,,,,,none_one_step,-0.0018883361019935152,0.0,unavailable,dependency loss requires a matched carry/reset control,False,,,,,True,0.01,0.01,0.1981116638980065,endpoint_raw,,,0.1778684405770611,1,unavailable,this protocol did not isolate process/device peak memory,,,"{""affine_state"": 2, ""constant"": 1}",True,,,,,0.03967999999801636,,one_step_common_input,,deterministic_DOP853_trajectory_sanity_non_proof,,6.446643914750128e-06,0.01,,unavailable,2.0075575499795377,2.0075575499795377,0.0,unavailable means the backend did not isolate this component; it is not zero,,1,,1,0.01,coupled_quadratic,3,0.01,diffreach,True,0.2183548872189519,,1,,upstream_restricted_quasi_quadratic,0.0404864466418908
0.02,1,,,,,,none_one_step,0.0001985266548145681,0.0,unavailable,dependency loss requires a matched carry/reset control,False,,,,,True,0.02,0.02,0.10019852665481457,tube,,,0.07986545529122575,1,unavailable,this protocol did not isolate process/device peak memory,,,"{""affine_state"": 1, ""constant"": 1, ""time_only"": 1}",True,,,,,0.040646071916713114,,one_step_common_input,,deterministic_DOP853_trajectory_sanity_non_proof,,2.0070810464722883e-05,0.02,,unavailable,0.8769271429628134,0.8769271429628134,0.0,unavailable means the backend did not isolate this component; it is not zero,,0,,1,0.02,coupled_quadratic,3,0.02,diffreach,True,0.12053159801840338,,1,,upstream_affine_flag,0.040666142727177626
0.02,1,,,,,,none_one_step,-0.0018770165825900964,0.0,unavailable,dependency loss requires a matched carry/reset control,False,,,,,True,0.02,0.02,0.19812298341740991,tube,,,0.17570797852930406,1,unavailable,this protocol did not isolate process/device peak memory,,,"{""affine_state"": 1, ""constant"": 1, ""time_only"": 1}",True,,,,,0.04482058356422561,,one_step_common_input,,deterministic_DOP853_trajectory_sanity_non_proof,,9.426211986486417e-06,0.02,,unavailable,0.8769271429628134,0.8769271429628134,0.0,unavailable means the backend did not isolate this component; it is not zero,,1,,1,0.02,coupled_quadratic,3,0.02,diffreach,True,0.22053798830551577,,1,,upstream_affine_flag,0.04483000977621171
0.02,1,,,,,,none_one_step,0.0003985430563266945,0.0,unavailable,dependency loss requires a matched carry/reset control,False,,,,,True,0.02,0.02,0.1003985430563267,endpoint_raw,,,0.08026548809425003,1,unavailable,this protocol did not isolate process/device peak memory,,,"{""affine_state"": 1, ""constant"": 1}",True,,,,,0.040246039113688764,,one_step_common_input,,deterministic_DOP853_trajectory_sanity_non_proof,,2.0070810464722883e-05,0.02,,unavailable,0.8769271429628134,0.8769271429628134,0.0,unavailable means the backend did not isolate this component; it is not zero,,0,,1,0.02,coupled_quadratic,2,0.02,diffreach,True,0.12053159801840338,,1,,upstream_affine_flag,0.040266109924153345
0.02,1,,,,,,none_one_step,-0.003777213602731422,0.0,unavailable,dependency loss requires a matched carry/reset control,False,,,,,True,0.02,0.02,0.1962227863972686,endpoint_raw,,,0.17570797852930406,1,unavailable,this protocol did not isolate process/device peak memory,,,"{""affine_state"": 1, ""constant"": 1}",True,,,,,0.04102018952394282,,one_step_common_input,,deterministic_DOP853_trajectory_sanity_non_proof,,9.426211986486417e-06,0.02,,unavailable,0.8769271429628134,0.8769271429628134,0.0,unavailable means the backend did not isolate this component; it is not zero,,1,,1,0.02,coupled_quadratic,2,0.02,diffreach,True,0.2167375942652331,,1,,upstream_affine_flag,0.04102961573592903
0.02,1,,,,,,none_one_step,0.0002600178602255032,0.0,unavailable,dependency loss requires a matched carry/reset control,False,,,,,True,0.02,0.02,0.10026001786022551,tube,,,0.07999092147291689,2,unavailable,this protocol did not isolate process/device peak memory,,,"{""affine_state"": 1, ""constant"": 1, ""time_only"": 2, ""time_state"": 2}",True,,,,,0.040642999997988274,,one_step_common_input,,deterministic_DOP853_trajectory_sanity_non_proof,,1.819277662324076e-05,0.02,,unavailable,2.0177694796584547,2.0177694796584547,0.0,unavailable means the backend did not isolate this component; it is not zero,,0,,1,0.02,coupled_quadratic,6,0.02,diffreach,True,0.12052911424753412,,1,,upstream_restricted_quasi_quadratic,0.04053819277461723
0.02,1,,,,,,none_one_step,-0.002136207543314006,0.0,unavailable,dependency loss requires a matched carry/reset control,False,,,,,True,0.02,0.02,0.197863792456686,tube,,,0.17571477731000604,2,unavailable,this protocol did not isolate process/device peak memory,,,"{""affine_state"": 1, ""constant"": 1, ""time_only"": 2, ""time_state"": 2}",True,,,,,0.044798799997952526,,one_step_common_input,,deterministic_DOP853_trajectory_sanity_non_proof,,1.8030295383897743e-05,0.02,,unavailable,2.0177694796584547,2.0177694796584547,0.0,unavailable means the backend did not isolate this component; it is not zero,,1,,1,0.02,coupled_quadratic,6,0.02,diffreach,True,0.22001280760336597,,1,,upstream_restricted_quasi_quadratic,0.044298030293359936
0.02,1,,,,,,none_one_step,0.00039701786022849905,0.0,unavailable,dependency loss requires a matched carry/reset control,False,,,,,True,0.02,0.02,0.1003970178602285,endpoint_raw,,,0.08026792147292289,1,unavailable,this protocol did not isolate process/device peak memory,,,"{""affine_state"": 2, ""constant"": 1}",True,,,,,0.04023999999798816,,one_step_common_input,,deterministic_DOP853_trajectory_sanity_non_proof,,1.819277662324076e-05,0.02,,unavailable,2.0177694796584547,2.0177694796584547,0.0,unavailable means the backend did not isolate this component; it is not zero,,0,,1,0.02,coupled_quadratic,3,0.02,diffreach,True,0.12052611424753412,,1,,upstream_restricted_quasi_quadratic,0.040258192774611234
0.02,1,,,,,,none_one_step,-0.0037574075433259857,0.0,unavailable,dependency loss requires a matched carry/reset control,False,,,,,True,0.02,0.02,0.19624259245667403,endpoint_raw,,,0.17575357731000604,1,unavailable,this protocol did not isolate process/device peak memory,,,"{""affine_state"": 2, ""constant"": 1}",True,,,,,0.0393599999980323,,one_step_common_input,,deterministic_DOP853_trajectory_sanity_non_proof,,1.8030295383897743e-05,0.02,,unavailable,2.0177694796584547,2.0177694796584547,0.0,unavailable means the backend did not isolate this component; it is not zero,,1,,1,0.02,coupled_quadratic,3,0.02,diffreach,True,0.21673160760334198,,1,,upstream_restricted_quasi_quadratic,0.04097803029333594
0.0025,1,,,,,,none_one_step,0.0029957054761962087,0.0,unavailable,dependency loss requires a matched carry/reset control,False,,,,,True,0.0025,0.0025,1.2529957054761962,tube,,,1.0998594818113754,1,unavailable,this protocol did not isolate process/device peak memory,,,"{""affine_state"": 1, ""constant"": 1, ""time_only"": 1}",True,,,,,0.3062716922372135,,one_step_common_input,,deterministic_DOP853_trajectory_sanity_non_proof,,7.55092431182813e-07,0.0025,,unavailable,0.8811596231535077,0.8811596231535077,0.0,unavailable means the backend did not isolate this component; it is not zero,,0,,1,0.0025,van_der_pol,3,0.0025,diffreach,True,1.406131929141017,,1,,upstream_affine_flag,0.30627244732964165
0.0025,1,,,,,,none_one_step,-0.0033427830827634786,0.0,unavailable,dependency loss requires a matched carry/reset control,False,,,,,True,0.0025,0.0025,2.396657216917237,tube,,,2.340542780771918,1,unavailable,this protocol did not isolate process/device peak memory,,,"{""affine_state"": 1, ""constant"": 1, ""time_only"": 1}",True,,,,,0.11195080764910204,,one_step_common_input,,deterministic_DOP853_trajectory_sanity_non_proof,,0.0002780646415412864,0.0025,,unavailable,0.8811596231535077,0.8811596231535077,0.0,unavailable means the backend did not isolate this component; it is not zero,,1,,1,0.0025,van_der_pol,3,0.0025,diffreach,True,2.452771653062556,,1,,upstream_affine_flag,0.11222887229063794
0.0025,1,,,,,,none_one_step,0.0059956755207437595,0.0,unavailable,dependency loss requires a matched carry/reset control,False,,,,,True,0.0025,0.0025,1.2559956755207438,endpoint_raw,,,1.1058594219004705,1,unavailable,this protocol did not isolate process/device peak memory,,,"{""affine_state"": 1, ""constant"": 1}",True,,,,,0.3002717521481171,,one_step_common_input,,deterministic_DOP853_trajectory_sanity_non_proof,,7.55092431182813e-07,0.0025,,unavailable,0.8811596231535077,0.8811596231535077,0.0,unavailable means the backend did not isolate this component; it is not zero,,0,,1,0.0025,van_der_pol,2,0.0025,diffreach,True,1.406131929141017,,1,,upstream_affine_flag,0.30027250724054655
0.0025,1,,,,,,none_one_step,-0.0065927306868731606,0.0,unavailable,dependency loss requires a matched carry/reset control,False,,,,,True,0.0025,0.0025,2.393407269313127,endpoint_raw,,,2.340542780771918,1,unavailable,this protocol did not isolate process/device peak memory,,,"{""affine_state"": 1, ""constant"": 1}",True,,,,,0.10545091244088045,,one_step_common_input,,deterministic_DOP853_trajectory_sanity_non_proof,,0.0002780646415412864,0.0025,,unavailable,0.8811596231535077,0.8811596231535077,0.0,unavailable means the backend did not isolate this component; it is not zero,,1,,1,0.0025,van_der_pol,2,0.0025,diffreach,True,2.4462717578543365,,1,,upstream_affine_flag,0.10572897708241857
0.0025,1,,,,,,none_one_step,0.003062308364919719,0.0,unavailable,dependency loss requires a matched carry/reset control,False,,,,,True,0.0025,0.0025,1.2530623083649197,tube,,,1.0999961129708473,2,unavailable,this protocol did not isolate process/device peak memory,,,"{""affine_state"": 1, ""constant"": 1, ""time_only"": 2, ""time_state"": 1}",True,,,,,0.30625812499799854,,one_step_common_input,,deterministic_DOP853_trajectory_sanity_non_proof,,7.3907901478716684e-06,0.0025,,unavailable,2.260587936732918,2.260587936732918,0.0,unavailable means the backend did not isolate this component; it is not zero,,0,,1,0.0025,van_der_pol,5,0.0025,diffreach,True,1.4061285037589923,,1,,upstream_restricted_quasi_quadratic,0.306132390788145
0.0025,1,,,,,,none_one_step,-0.004690286844173386,0.0,unavailable,dependency loss requires a matched carry/reset control,False,,,,,True,0.0025,0.0025,2.395309713155827,tube,,,2.3405655823035376,2,unavailable,this protocol did not isolate process/device peak memory,,,"{""affine_state"": 1, ""constant"": 1, ""time_only"": 2, ""time_state"": 2}",True,,,,,0.11193855468547032,,one_step_common_input,,deterministic_DOP853_trajectory_sanity_non_proof,,0.00024501951909745726,0.0025,,unavailable,2.260587936732918,2.260587936732918,0.0,unavailable means the backend did not isolate this component; it is not zero,,1,,1,0.0025,van_der_pol,6,0.0025,diffreach,True,2.4500538440081168,,1,,upstream_restricted_quasi_quadratic,0.10948826170457915
0.0025,1,,,,,,none_one_step,0.005991683364921174,0.0,unavailable,dependency loss requires a matched carry/reset control,False,,,,,True,0.0025,0.0025,1.2559916833649212,endpoint_raw,,,1.10586298797085,1,unavailable,this protocol did not isolate process/device peak memory,,,"{""affine_state"": 2, ""constant"": 1}",True,,,,,0.3002499999979973,,one_step_common_input,,deterministic_DOP853_trajectory_sanity_non_proof,,7.3907901478716684e-06,0.0025,,unavailable,2.260587936732918,2.260587936732918,0.0,unavailable means the backend did not isolate this component; it is not zero,,0,,1,0.0025,van_der_pol,3,0.0025,diffreach,True,1.4061203787589924,,1,,upstream_restricted_quasi_quadratic,0.3002573907881425
0.0025,1,,,,,,none_one_step,-0.006616595437932915,0.0,unavailable,dependency loss requires a matched carry/reset control,False,,,,,True,0.0025,0.0025,2.3933834045620674,endpoint_raw,,,2.3405655823035376,1,unavailable,this protocol did not isolate process/device peak memory,,,"{""affine_state"": 2, ""constant"": 1}",True,,,,,0.1051093749979719,,one_step_common_input,,deterministic_DOP853_trajectory_sanity_non_proof,,0.00024501951909745726,0.0025,,unavailable,2.260587936732918,2.260587936732918,0.0,unavailable means the backend did not isolate this component; it is not zero,,1,,1,0.0025,van_der_pol,3,0.0025,diffreach,True,2.4462012268205977,,1,,upstream_restricted_quasi_quadratic,0.10563564451706009
0.005,1,,,,,,none_one_step,0.005982584628113408,0.0,unavailable,dependency loss requires a matched carry/reset control,False,,,,,True,0.005,0.005,1.2559825846281134,tube,,,1.0996871391485716,1,unavailable,this protocol did not isolate process/device peak memory,,,"{""affine_state"": 1, ""constant"": 1, ""time_only"": 1}",True,,,,,0.31258713876956423,,one_step_common_input,,deterministic_DOP853_trajectory_sanity_non_proof,,3.752189522208072e-06,0.005,,unavailable,0.8719485681504011,0.8719485681504011,0.0,unavailable means the backend did not isolate this component; it is not zero,,0,,1,0.005,van_der_pol,3,0.005,diffreach,True,1.4122780301076552,,1,,upstream_affine_flag,0.31259089095908354
0.005,1,,,,,,none_one_step,-0.006732860958969411,0.0,unavailable,dependency loss requires a matched carry/reset control,False,,,,,True,0.005,0.005,2.393267139041031,tube,,,2.330928316531959,1,unavailable,this protocol did not isolate process/device peak memory,,,"{""affine_state"": 1, ""constant"": 1, ""time_only"": 1}",True,,,,,0.12402318684468705,,one_step_common_input,,deterministic_DOP853_trajectory_sanity_non_proof,,0.0006544581734619099,0.005,,unavailable,0.8719485681504011,0.8719485681504011,0.0,unavailable means the backend did not isolate this component; it is not zero,,1,,1,0.005,van_der_pol,3,0.005,diffreach,True,2.4556059615501025,,1,,upstream_affine_flag,0.12467764501814349
0.005,1,,,,,,none_one_step,0.01198234499894646,0.0,unavailable,dependency loss requires a matched carry/reset control,False,,,,,True,0.005,0.005,1.2619823449989465,endpoint_raw,,,1.1116866598902375,1,unavailable,this protocol did not isolate process/device peak memory,,,"{""affine_state"": 1, ""constant"": 1}",True,,,,,0.30058761802789746,,one_step_common_input,,deterministic_DOP853_trajectory_sanity_non_proof,,3.752189522208072e-06,0.005,,unavailable,0.8719485681504011,0.8719485681504011,0.0,unavailable means the backend did not isolate this component; it is not zero,,0,,1,0.005,van_der_pol,2,0.005,diffreach,True,1.4122780301076552,,1,,upstream_affine_flag,0.30059137021741766
0.005,1,,,,,,none_one_step,-0.013232441822218721,0.0,unavailable,dependency loss requires a matched carry/reset control,False,,,,,True,0.005,0.005,2.3867675581777816,endpoint_raw,,,2.330928316531959,1,unavailable,this protocol did not isolate process/device peak memory,,,"{""affine_state"": 1, ""constant"": 1}",True,,,,,0.1110240251181871,,one_step_common_input,,deterministic_DOP853_trajectory_sanity_non_proof,,0.0006544581734619099,0.005,,unavailable,0.8719485681504011,0.8719485681504011,0.0,unavailable means the backend did not isolate this component; it is not zero,,1,,1,0.005,van_der_pol,2,0.005,diffreach,True,2.4426067998236043,,1,,upstream_affine_flag,0.11167848329164531
0.005,1,,,,,,none_one_step,0.00612415754704565,0.0,unavailable,dependency loss requires a matched carry/reset control,False,,,,,True,0.005,0.005,1.2561241575470456,tube,,,1.0999842210626107,2,unavailable,this protocol did not isolate process/device peak memory,,,"{""affine_state"": 1, ""constant"": 1, ""time_only"": 2, ""time_state"": 1}",True,,,,,0.3125324999979937,,one_step_common_input,,deterministic_DOP853_trajectory_sanity_non_proof,,2.9872970875227796e-05,0.005,,unavailable,2.1192926499061286,2.1192926499061286,0.0,unavailable means the backend did not isolate this component; it is not zero,,0,,1,0.005,van_der_pol,5,0.005,diffreach,True,1.4122640940314806,,1,,upstream_restricted_quasi_quadratic,0.31227987296886983
0.005,1,,,,,,none_one_step,-0.009427709344349111,0.0,unavailable,dependency loss requires a matched carry/reset control,False,,,,,True,0.005,0.005,2.3905722906556512,tube,,,2.3310211473468807,2,unavailable,this protocol did not isolate process/device peak memory,,,"{""affine_state"": 1, ""constant"": 1, ""time_only"": 2, ""time_state"": 2}",True,,,,,0.12397296874793273,,one_step_common_input,,deterministic_DOP853_trajectory_sanity_non_proof,,0.0005199428695785607,0.005,,unavailable,2.1192926499061286,2.1192926499061286,0.0,unavailable means the backend did not isolate this component; it is not zero,,1,,1,0.005,van_der_pol,6,0.005,diffreach,True,2.450123433964422,,1,,upstream_restricted_quasi_quadratic,0.11910228661754108
0.005,1,,,,,,none_one_step,0.011966657547048065,0.0,unavailable,dependency loss requires a matched carry/reset control,False,,,,,True,0.005,0.005,1.261966657547048,endpoint_raw,,,1.1117017210626157,1,unavailable,this protocol did not isolate process/device peak memory,,,"{""affine_state"": 2, ""constant"": 1}",True,,,,,0.30049999999799226,,one_step_common_input,,deterministic_DOP853_trajectory_sanity_non_proof,,2.9872970875227796e-05,0.005,,unavailable,2.1192926499061286,2.1192926499061286,0.0,unavailable means the backend did not isolate this component; it is not zero,,0,,1,0.005,van_der_pol,3,0.005,diffreach,True,1.4122315940314807,,1,,upstream_restricted_quasi_quadratic,0.300529872968865
0.005,1,,,,,,none_one_step,-0.013328256219367951,0.0,unavailable,dependency loss requires a matched carry/reset control,False,,,,,True,0.005,0.005,2.3866717437806324,endpoint_raw,,,2.3310211473468807,1,unavailable,this protocol did not isolate process/device peak memory,,,"{""affine_state"": 2, ""constant"": 1}",True,,,,,0.11021874999794079,,one_step_common_input,,deterministic_DOP853_trajectory_sanity_non_proof,,0.0005199428695785607,0.005,,unavailable,2.1192926499061286,2.1192926499061286,0.0,unavailable means the backend did not isolate this component; it is not zero,,1,,1,0.005,van_der_pol,3,0.005,diffreach,True,2.442322340214384,,1,,upstream_restricted_quasi_quadratic,0.1113011928675034
0.01,1,,,,,,none_one_step,0.011928461803177415,0.0,unavailable,dependency loss requires a matched carry/reset control,False,,,,,True,0.01,0.01,1.2619284618031774,tube,,,1.099242052052495,1,unavailable,this protocol did not isolate process/device peak memory,,,"{""affine_state"": 1, ""constant"": 1, ""time_only"": 1}",True,,,,,0.3253516014108706,,one_step_common_input,,deterministic_DOP853_trajectory_sanity_non_proof,,2.1218090497020738e-05,0.01,,unavailable,0.877454373985529,0.877454373985529,0.0,unavailable means the backend did not isolate this component; it is not zero,,0,,1,0.01,van_der_pol,3,0.01,diffreach,True,1.4246148715538598,,1,,upstream_affine_flag,0.32537281950136476
0.01,1,,,,,,none_one_step,-0.013652082104369523,0.0,unavailable,dependency loss requires a matched carry/reset control,False,,,,,True,0.01,0.01,2.386347917895631,tube,,,2.3112096508674296,1,unavailable,this protocol did not isolate process/device peak memory,,,"{""affine_state"": 1, ""constant"": 1, ""time_only"": 1}",True,,,,,0.14854010360611314,,one_step_common_input,,deterministic_DOP853_trajectory_sanity_non_proof,,0.0017364304502948424,0.01,,unavailable,0.877454373985529,0.877454373985529,0.0,unavailable means the backend did not isolate this component; it is not zero,,1,,1,0.01,van_der_pol,3,0.01,diffreach,True,2.461486184923832,,1,,upstream_affine_flag,0.1502765340564025
0.01,1,,,,,,none_one_step,0.023926545232139773,0.0,unavailable,dependency loss requires a matched carry/reset control,False,,,,,True,0.01,0.01,1.2739265452321398,endpoint_raw,,,1.12323821891042,1,unavailable,this protocol did not isolate process/device peak memory,,,"{""affine_state"": 1, ""constant"": 1}",True,,,,,0.3013554345529448,,one_step_common_input,,deterministic_DOP853_trajectory_sanity_non_proof,,2.1218090497020738e-05,0.01,,unavailable,0.877454373985529,0.877454373985529,0.0,unavailable means the backend did not isolate this component; it is not zero,,0,,1,0.01,van_der_pol,2,0.01,diffreach,True,1.4246148715538598,,1,,upstream_affine_flag,0.3013766526434398
0.01,1,,,,,,none_one_step,-0.02664872998181078,0.0,unavailable,dependency loss requires a matched carry/reset control,False,,,,,True,0.01,0.01,2.3733512700181896,endpoint_raw,,,2.3112096508674296,1,unavailable,this protocol did not isolate process/device peak memory,,,"{""affine_state"": 1, ""constant"": 1}",True,,,,,0.12254680785122929,,one_step_common_input,,deterministic_DOP853_trajectory_sanity_non_proof,,0.0017364304502948424,0.01,,unavailable,0.877454373985529,0.877454373985529,0.0,unavailable means the backend did not isolate this component; it is not zero,,1,,1,0.01,van_der_pol,2,0.01,diffreach,True,2.43549288916895,,1,,upstream_affine_flag,0.12428323830152044
0.01,1,,,,,,none_one_step,0.012246043138102847,0.0,unavailable,dependency loss requires a matched carry/reset control,False,,,,,True,0.01,0.01,1.2622460431381028,tube,,,1.0999349556976183,2,unavailable,this protocol did not isolate process/device peak memory,,,"{""affine_state"": 1, ""constant"": 1, ""time_only"": 2, ""time_state"": 1}",True,,,,,0.32512999999798353,,one_step_common_input,,deterministic_DOP853_trajectory_sanity_non_proof,,0.00012217488297934018,0.01,,unavailable,2.2351689566858113,2.2351689566858113,0.0,unavailable means the backend did not isolate this component; it is not zero,,0,,1,0.01,van_der_pol,5,0.01,diffreach,True,1.4245571305785873,,1,,upstream_restricted_quasi_quadratic,0.324622174880969
0.01,1,,,,,,none_one_step,-0.019041936311695817,0.0,unavailable,dependency loss requires a matched carry/reset control,False,,,,,True,0.01,0.01,2.3809580636883045,tube,,,2.311594660590568,2,unavailable,this protocol did not isolate process/device peak memory,,,"{""affine_state"": 1, ""constant"": 1, ""time_only"": 2, ""time_state"": 2}",True,,,,,0.14832937499785626,,one_step_common_input,,deterministic_DOP853_trajectory_sanity_non_proof,,0.0011786811975484468,0.01,,unavailable,2.2351689566858113,2.2351689566858113,0.0,unavailable means the backend did not isolate this component; it is not zero,,1,,1,0.01,van_der_pol,6,0.01,diffreach,True,2.450321466786041,,1,,upstream_restricted_quasi_quadratic,0.13872680619547317
0.01,1,,,,,,none_one_step,0.023866043138107917,0.0,unavailable,dependency loss requires a matched carry/reset control,False,,,,,True,0.01,0.01,1.273866043138108,endpoint_raw,,,1.1233049556976284,1,unavailable,this protocol did not isolate process/device peak memory,,,"{""affine_state"": 2, ""constant"": 1}",True,,,,,0.3009999999979822,,one_step_common_input,,deterministic_DOP853_trajectory_sanity_non_proof,,0.00012217488297934018,0.01,,unavailable,2.2351689566858113,2.2351689566858113,0.0,unavailable means the backend did not isolate this component; it is not zero,,0,,1,0.01,van_der_pol,3,0.01,diffreach,True,1.4244271305785874,,1,,upstream_restricted_quasi_quadratic,0.30112217488095894
0.01,1,,,,,,none_one_step,-0.027034748811733955,0.0,unavailable,dependency loss requires a matched carry/reset control,False,,,,,True,0.01,0.01,2.3729652511882664,endpoint_raw,,,2.311594660590568,1,unavailable,this protocol did not isolate process/device peak memory,,,"{""affine_state"": 2, ""constant"": 1}",True,,,,,0.12043749999787501,,one_step_common_input,,deterministic_DOP853_trajectory_sanity_non_proof,,0.0011786811975484468,0.01,,unavailable,2.2351689566858113,2.2351689566858113,0.0,unavailable means the backend did not isolate this component; it is not zero,,1,,1,0.01,van_der_pol,3,0.01,diffreach,True,2.4343358417859653,,1,,upstream_restricted_quasi_quadratic,0.12274118119539734
0.02,1,,,,,,none_one_step,0.023699188099779445,0.0,unavailable,dependency loss requires a matched carry/reset control,False,,,,,True,0.02,0.02,1.2736991880997794,tube,,,1.0979124726324458,1,unavailable,this protocol did not isolate process/device peak memory,,,"{""affine_state"": 1, ""constant"": 1, ""time_only"": 1}",True,,,,,0.3514322548816793,,one_step_common_input,,deterministic_DOP853_trajectory_sanity_non_proof,,0.00014117605299119468,0.02,,unavailable,0.9022932178340852,0.9022932178340852,0.0,unavailable means the backend did not isolate this component; it is not zero,,0,,1,0.02,van_der_pol,3,0.02,diffreach,True,1.4494859035671133,,1,,upstream_affine_flag,0.3515734309346674
0.02,1,,,,,,none_one_step,-0.028026220724190587,0.0,unavailable,dependency loss requires a matched carry/reset control,False,,,,,True,0.02,0.02,2.3719737792758098,tube,,,2.2696680524420554,1,unavailable,this protocol did not isolate process/device peak memory,,,"{""affine_state"": 1, ""constant"": 1, ""time_only"": 1}",True,,,,,0.19911775353616168,,one_step_common_input,,deterministic_DOP853_trajectory_sanity_non_proof,,0.0054937001313525285,0.02,,unavailable,0.9022932178340852,0.9022932178340852,0.0,unavailable means the backend did not isolate this component; it is not zero,,1,,1,0.02,van_der_pol,3,0.02,diffreach,True,2.4742795061095646,,1,,upstream_affine_flag,0.2046114536675092
0.02,1,,,,,,none_one_step,0.04768387030227683,0.0,unavailable,dependency loss requires a matched carry/reset control,False,,,,,True,0.02,0.02,1.2976838703022768,endpoint_raw,,,1.1458818370374404,1,unavailable,this protocol did not isolate process/device peak memory,,,"{""affine_state"": 1, ""constant"": 1}",True,,,,,0.3034628904766836,,one_step_common_input,,deterministic_DOP853_trajectory_sanity_non_proof,,0.00014117605299119468,0.02,,unavailable,0.9022932178340852,0.9022932178340852,0.0,unavailable means the backend did not isolate this component; it is not zero,,0,,1,0.02,van_der_pol,2,0.02,diffreach,True,1.4494859035671133,,1,,upstream_affine_flag,0.30360406652967287
0.02,1,,,,,,none_one_step,-0.0539994347775723,0.0,unavailable,dependency loss requires a matched carry/reset control,False,,,,,True,0.02,0.02,2.346000565222428,endpoint_raw,,,2.2696680524420554,1,unavailable,this protocol did not isolate process/device peak memory,,,"{""affine_state"": 1, ""constant"": 1}",True,,,,,0.14717132542939648,,one_step_common_input,,deterministic_DOP853_trajectory_sanity_non_proof,,0.0054937001313525285,0.02,,unavailable,0.9022932178340852,0.9022932178340852,0.0,unavailable means the backend did not isolate this component; it is not zero,,1,,1,0.02,van_der_pol,2,0.02,diffreach,True,2.422333078002801,,1,,upstream_affine_flag,0.1526650255607458
0.02,1,,,,,,none_one_step,0.024479839063057396,0.0,unavailable,dependency loss requires a matched carry/reset control,False,,,,,True,0.02,0.02,1.2744798390630574,tube,,,1.0997228105700407,2,unavailable,this protocol did not isolate process/device peak memory,,,"{""affine_state"": 1, ""constant"": 1, ""time_only"": 2, ""time_state"": 1}",True,,,,,0.35051999999796357,,one_step_common_input,,deterministic_DOP853_trajectory_sanity_non_proof,,0.0005140569880538882,0.02,,unavailable,2.1110023027285933,2.1110023027285933,0.0,unavailable means the backend did not isolate this component; it is not zero,,0,,1,0.02,van_der_pol,5,0.02,diffreach,True,1.449236867556074,,1,,upstream_restricted_quasi_quadratic,0.34951405698603333
0.02,1,,,,,,none_one_step,-0.0388118001962412,0.0,unavailable,dependency loss requires a matched carry/reset control,False,,,,,True,0.02,0.02,2.361188199803759,tube,,,2.271329836244106,2,unavailable,this protocol did not isolate process/device peak memory,,,"{""affine_state"": 1, ""constant"": 1, ""time_only"": 2, ""time_state"": 2}",True,,,,,0.1981924999977065,,one_step_common_input,,deterministic_DOP853_trajectory_sanity_non_proof,,0.003086727121456825,0.02,,unavailable,2.1110023027285933,2.1110023027285933,0.0,unavailable means the backend did not isolate this component; it is not zero,,1,,1,0.02,van_der_pol,6,0.02,diffreach,True,2.451046563363412,,1,,upstream_restricted_quasi_quadratic,0.17971672711930609
0.02,1,,,,,,none_one_step,0.04745983906306739,0.0,unavailable,dependency loss requires a matched carry/reset control,False,,,,,True,0.02,0.02,1.2974598390630674,endpoint_raw,,,1.1462028105700608,1,unavailable,this protocol did not isolate process/device peak memory,,,"{""affine_state"": 2, ""constant"": 1}",True,,,,,0.3019999999979621,,one_step_common_input,,deterministic_DOP853_trajectory_sanity_non_proof,,0.0005140569880538882,0.02,,unavailable,2.1110023027285933,2.1110023027285933,0.0,unavailable means the backend did not isolate this component; it is not zero,,0,,1,0.02,van_der_pol,3,0.02,diffreach,True,1.4487168675560742,,1,,upstream_restricted_quasi_quadratic,0.3025140569860134
0.02,1,,,,,,none_one_step,-0.055564300196317085,0.0,unavailable,dependency loss requires a matched carry/reset control,False,,,,,True,0.02,0.02,2.3444356998036833,endpoint_raw,,,2.271329836244106,1,unavailable,this protocol did not isolate process/device peak memory,,,"{""affine_state"": 2, ""constant"": 1}",True,,,,,0.140874999997747,,one_step_common_input,,deterministic_DOP853_trajectory_sanity_non_proof,,0.003086727121456825,0.02,,unavailable,2.1110023027285933,2.1110023027285933,0.0,unavailable means the backend did not isolate this component; it is not zero,,1,,1,0.02,van_der_pol,3,0.02,diffreach,True,2.417541563363261,,1,,upstream_restricted_quasi_quadratic,0.14621172711915476
0.005,1,0.10005002501250625,,,,,none_one_step,1.875782266408388e-05,1.7069080891087651,unavailable,dependency loss requires a matched carry/reset control,True,1.0001254693465111,,,,False,0.005,0.005,0.05001875782266409,tube,,,-1.2531289217414028e-05,2,unavailable,this protocol did not isolate process/device peak memory,,,"{""affine_state"": 1, ""constant"": 1, ""time_only"": 2, ""time_state"": 1}",True,,,,,0.10006250312500016,,one_step_common_input,,analytic_interval_solution,,1.257509876297054e-05,0.005,,unavailable,1.8786592450924218,1.8786592450924218,1.7069080891087651,unavailable means the backend did not isolate this component; it is not zero,,0,,1,0.005,riccati,5,0.005,flowstar,not_applicable_analytic_reference,0.10005004693454558,,23,,flowstar_root_cause_patch,0.100062578223763
0.005,1,0.10005002501250625,True,,,,none_one_step,1.875938516408132e-05,1.7069080891087651,unavailable,dependency loss requires a matched carry/reset control,True,1.0001254381121363,,,,False,0.005,0.005,0.050018759385164084,endpoint_raw,,,-1.2528164217412203e-05,1,unavailable,this protocol did not isolate process/device peak memory,,,"{""affine_state"": 1, ""constant"": 1}",True,,,,,0.10005000000000008,,one_step_common_input,,analytic_interval_solution,,1.2575098762977479e-05,0.005,,unavailable,1.8786592450924218,1.8786592450924218,1.7069080891087651,unavailable means the backend did not isolate this component; it is not zero,,0,,1,0.005,riccati,2,0.005,flowstar,not_applicable_analytic_reference,0.10005004693454558,,23,,flowstar_root_cause_patch,0.100062575098763
0.005,1,0.10005002501250625,,,,,none_one_step,1.2503135560476553e-05,1.7101519270800054,unavailable,dependency loss requires a matched carry/reset control,True,1.0002501251957472,,,,False,0.005,0.005,0.05001250313556048,tube,,,-2.5021886738024632e-05,4,unavailable,this protocol did not isolate process/device peak memory,,,"{""affine_state"": 1, ""constant"": 1, ""time_only"": 4, ""time_state"": 1, ""time_state_higher"": 4}",True,,,,,0.10007503125703168,,one_step_common_input,,analytic_interval_solution,,1.2538346778814681e-08,0.005,,unavailable,1.8812042870558798,1.8812042870558798,1.7101519270800054,unavailable means the backend did not isolate this component; it is not zero,,0,,1,0.005,riccati,11,0.005,flowstar,not_applicable_analytic_reference,0.10005002815785899,,27,,flowstar_root_cause_patch,0.10007505004459702
0.005,1,0.10005002501250625,True,,,,none_one_step,1.2503135560580636e-05,1.7101519270800054,unavailable,dependency loss requires a matched carry/reset control,True,1.0002501251957452,,,,False,0.005,0.005,0.05001250313556058,endpoint_raw,,,-2.5021886737823404e-05,2,unavailable,this protocol did not isolate process/device peak memory,,,"{""affine_state"": 1, ""constant"": 1, ""state_state"": 1}",True,,,,,0.10006252813125009,,one_step_common_input,,analytic_interval_solution,,1.2538346792692469e-08,0.005,,unavailable,1.8812042870558798,1.8812042870558798,1.7101519270800054,unavailable means the backend did not isolate this component; it is not zero,,0,,1,0.005,riccati,3,0.005,flowstar,not_applicable_analytic_reference,0.10005002815785899,,27,,flowstar_root_cause_patch,0.10007505004459681
0.01,1,0.1001001001001001,,,,,none_one_step,3.753133137536502e-05,1.7183545981533825,unavailable,dependency loss requires a matched carry/reset control,True,1.0002518797781739,,,,False,0.01,0.01,0.05003753133137537,tube,,,-2.512531417887451e-05,2,unavailable,this protocol did not isolate process/device peak memory,,,"{""affine_state"": 1, ""constant"": 1, ""time_only"": 2, ""time_state"": 1}",True,,,,,0.10012501250000015,,one_step_common_input,,analytic_interval_solution,,2.5300791108456286e-05,0.01,,unavailable,1.889517362229526,1.889517362229526,1.7183545981533825,unavailable means the backend did not isolate this component; it is not zero,,0,,1,0.01,riccati,5,0.01,flowstar,not_applicable_analytic_reference,0.10010018797692961,,23,,flowstar_root_cause_patch,0.10012531329110849
0.01,1,0.1001001001001001,True,,,,none_one_step,3.753758137536867e-05,1.7183545981533825,unavailable,dependency loss requires a matched carry/reset control,True,1.0002517549031738,,,,False,0.01,0.01,0.05003753758137537,endpoint_raw,,,-2.511281417887415e-05,1,unavailable,this protocol did not isolate process/device peak memory,,,"{""affine_state"": 1, ""constant"": 1}",True,,,,,0.10010000000000009,,one_step_common_input,,analytic_interval_solution,,2.5300791108470164e-05,0.01,,unavailable,1.889517362229526,1.889517362229526,1.7183545981533825,unavailable means the backend did not isolate this component; it is not zero,,0,,1,0.01,riccati,2,0.01,flowstar,not_applicable_analytic_reference,0.10010018797692961,,23,,flowstar_root_cause_patch,0.10012530079110848
0.01,1,0.1001001001001001,,,,,none_one_step,2.5012584592823406e-05,1.7194495750591159,unavailable,dependency loss requires a matched carry/reset control,True,1.0005005015694581,,,,False,0.01,0.01,0.050025012584592826,tube,,,-5.008759405873296e-05,4,unavailable,this protocol did not isolate process/device peak memory,,,"{""affine_state"": 1, ""constant"": 1, ""time_only"": 4, ""time_state"": 1, ""time_state_higher"": 4}",True,,,,,0.10015012505625334,,one_step_common_input,,analytic_interval_solution,,5.030729997416936e-08,0.01,,unavailable,1.8912233477458358,1.8912233477458358,1.7194495750591159,unavailable means the backend did not isolate this component; it is not zero,,0,,1,0.01,riccati,11,0.01,flowstar,not_applicable_analytic_reference,0.10010011276324439,,27,,flowstar_root_cause_patch,0.10015020035730313
0.01,1,0.1001001001001001,True,,,,none_one_step,2.5012584594384657e-05,1.7194495750591159,unavailable,dependency loss requires a matched carry/reset control,True,1.000500501569427,,,,False,0.01,0.01,0.05002501258459439,endpoint_raw,,,-5.00875940556174e-05,2,unavailable,this protocol did not isolate process/device peak memory,,,"{""affine_state"": 1, ""constant"": 1, ""state_state"": 1}",True,,,,,0.10012511255000012,,one_step_common_input,,analytic_interval_solution,,5.030729997416936e-08,0.01,,unavailable,1.8912233477458358,1.8912233477458358,1.7194495750591159,unavailable means the backend did not isolate this component; it is not zero,,0,,1,0.01,riccati,3,0.01,flowstar,not_applicable_analytic_reference,0.10010011276324439,,27,,flowstar_root_cause_patch,0.1001502003573
0.02,1,0.10020040080160321,,,,,none_one_step,7.512565200987198e-05,1.7203284199349582,unavailable,dependency loss requires a matched carry/reset control,True,1.0005075383229438,,,,False,0.02,0.02,0.050075125652009875,tube,,,-5.0502520482300046e-05,2,unavailable,this protocol did not isolate process/device peak memory,,,"{""affine_state"": 1, ""constant"": 1, ""time_only"": 2, ""time_state"": 1}",True,,,,,0.10025005000000016,,one_step_common_input,,analytic_interval_solution,,5.120634498432178e-05,0.02,,unavailable,1.891152218915522,1.891152218915522,1.7203284199349582,unavailable means the backend did not isolate this component; it is not zero,,0,,1,0.02,riccati,5,0.02,flowstar,not_applicable_analytic_reference,0.10020075382450205,,23,,flowstar_root_cause_patch,0.10025125634498436
0.02,1,0.10020040080160321,True,,,,none_one_step,7.51506520098727e-05,1.7203284199349582,unavailable,dependency loss requires a matched carry/reset control,True,1.0005070393229438,,,,False,0.02,0.02,0.050075150652009875,endpoint_raw,,,-5.045252048230555e-05,1,unavailable,this protocol did not isolate process/device peak memory,,,"{""affine_state"": 1, ""constant"": 1}",True,,,,,0.1002000000000001,,one_step_common_input,,analytic_interval_solution,,5.120634498432872e-05,0.02,,unavailable,1.891152218915522,1.891152218915522,1.7203284199349582,unavailable means the backend did not isolate this component; it is not zero,,0,,1,0.02,riccati,2,0.02,flowstar,not_applicable_analytic_reference,0.10020075382450205,,23,,flowstar_root_cause_patch,0.10025120634498436
0.02,1,0.10020040080160321,,,,,none_one_step,5.005067849535305e-05,1.7231991440057755,unavailable,dependency loss requires a matched carry/reset control,True,1.0010020126116443,,,,False,0.02,0.02,0.050050050678495356,tube,,,-0.00010035075495376084,4,unavailable,this protocol did not isolate process/device peak memory,,,"{""affine_state"": 1, ""constant"": 1, ""time_only"": 4, ""time_state"": 1, ""time_state_higher"": 4}",True,,,,,0.10030050045005026,,one_step_common_input,,analytic_interval_solution,,2.024668482097914e-07,0.02,,unavailable,1.9449035972356796,1.9449035972356796,1.7231991440057755,unavailable means the backend did not isolate this component; it is not zero,,0,,1,0.02,riccati,11,0.02,flowstar,not_applicable_analytic_reference,0.10020045211194448,,27,,flowstar_root_cause_patch,0.10030080286689824
0.02,1,0.10020040080160321,True,,,,none_one_step,5.0050678520353886e-05,1.7231991440057755,unavailable,dependency loss requires a matched carry/reset control,True,1.0010020126111454,,,,False,0.02,0.02,0.05005005067852036,endpoint_raw,,,-0.00010035075490376611,2,unavailable,this protocol did not isolate process/device peak memory,,,"{""affine_state"": 1, ""constant"": 1, ""state_state"": 1}",True,,,,,0.10025045040000011,,one_step_common_input,,analytic_interval_solution,,2.024668482097914e-07,0.02,,unavailable,1.9449035972356796,1.9449035972356796,1.7231991440057755,unavailable means the backend did not isolate this component; it is not zero,,0,,1,0.02,riccati,3,0.02,flowstar,not_applicable_analytic_reference,0.10020045211194448,,27,,flowstar_root_cause_patch,0.10030080286684824
0.05,1,0.10050251256281408,,,,,none_one_step,0.000125323184621981,1.715990741737187,unavailable,dependency loss requires a matched carry/reset control,True,1.0025126997111122,,,,False,0.05,0.05,0.050125323184621984,tube,,,-0.00025219941392638003,4,unavailable,this protocol did not isolate process/device peak memory,,,"{""affine_state"": 1, ""constant"": 1, ""time_only"": 4, ""time_state"": 1, ""time_state_higher"": 4}",True,,,,,0.10075313203320337,,one_step_common_input,,analytic_interval_solution,,1.2889451435664554e-06,0.05,,unavailable,1.9377326178364456,1.9377326178364456,1.715990741737187,unavailable means the backend did not isolate this component; it is not zero,,0,,1,0.05,riccati,11,0.05,flowstar,not_applicable_analytic_reference,0.10050284578317034,,27,,flowstar_root_cause_patch,0.10075504519709672
0.05,1,0.10050251256281408,True,,,,none_one_step,0.0001253231855985401,1.715990741737187,unavailable,dependency loss requires a matched carry/reset control,True,1.0025126996916787,,,,False,0.05,0.05,0.05012532318559854,endpoint_raw,,,-0.00025219941197325487,2,unavailable,this protocol did not isolate process/device peak memory,,,"{""affine_state"": 1, ""constant"": 1, ""state_state"": 1}",True,,,,,0.10062781875000013,,one_step_common_input,,analytic_interval_solution,,1.2889451435664554e-06,0.05,,unavailable,1.9377326178364456,1.9377326178364456,1.715990741737187,unavailable means the backend did not isolate this component; it is not zero,,0,,1,0.05,riccati,3,0.05,flowstar,not_applicable_analytic_reference,0.10050284578317034,,27,,flowstar_root_cause_patch,0.1007550451951436
0.005,1,0.20099749583854687,,,,,none_one_step,0.0,1.7231580722145736,unavailable,dependency loss requires a matched carry/reset control,True,1.0000374608470706,,,,False,0.005,0.005,0.0,tube,,,-0.10050251268750002,2,unavailable,this protocol did not isolate process/device peak memory,,,"{""affine_state"": 1, ""time_state"": 1}",True,,,,,0.2010000000000002,,one_step_common_input,,analytic_interval_solution,,5.025375000000003e-06,0.005,,unavailable,1.894375727046281,1.894375727046281,1.7231580722145736,unavailable means the backend did not isolate this component; it is not zero,,0,,1,0.005,harmonic,2,0.005,flowstar,not_applicable_analytic_reference,0.10050251268750002,,43,,flowstar_root_cause_patch,0.20100502537500003
0.005,1,0.20099749583854687,,,,,none_one_step,0.0,1.7231580722145736,unavailable,dependency loss requires a matched carry/reset control,True,1.0000374608470706,,,,False,0.005,0.005,0.0,tube,,,-0.10050251268750002,2,unavailable,this protocol did not isolate process/device peak memory,,,"{""affine_state"": 1, ""time_state"": 1}",True,,,,,0.2010000000000002,,one_step_common_input,,analytic_interval_solution,,5.025375000000003e-06,0.005,,unavailable,1.894375727046281,1.894375727046281,1.7231580722145736,unavailable means the backend did not isolate this component; it is not zero,,1,,1,0.005,harmonic,2,0.005,flowstar,not_applicable_analytic_reference,0.10050251268750002,,43,,flowstar_root_cause_patch,0.20100502537500003
0.005,1,0.20099749583854687,True,,,,none_one_step,0.0,1.7231580722145736,unavailable,dependency loss requires a matched carry/reset control,True,1.0000374608470706,,,,False,0.005,0.005,0.0,endpoint_raw,,,-0.10050251268750002,1,unavailable,this protocol did not isolate process/device peak memory,,,"{""affine_state"": 2}",True,,,,,0.20100000000000015,,one_step_common_input,,analytic_interval_solution,,5.025375000000003e-06,0.005,,unavailable,1.894375727046281,1.894375727046281,1.7231580722145736,unavailable means the backend did not isolate this component; it is not zero,,0,,1,0.005,harmonic,2,0.005,flowstar,not_applicable_analytic_reference,0.10050251268750002,,43,,flowstar_root_cause_patch,0.20100502537500003
0.005,1,0.20099749583854687,True,,,,none_one_step,0.0,1.7231580722145736,unavailable,dependency loss requires a matched carry/reset control,True,1.0000374608470706,,,,False,0.005,0.005,0.0,endpoint_raw,,,-0.10050251268750002,1,unavailable,this protocol did not isolate process/device peak memory,,,"{""affine_state"": 2}",True,,,,,0.20100000000000018,,one_step_common_input,,analytic_interval_solution,,5.025375000000003e-06,0.005,,unavailable,1.894375727046281,1.894375727046281,1.7231580722145736,unavailable means the backend did not isolate this component; it is not zero,,1,,1,0.005,harmonic,2,0.005,flowstar,not_applicable_analytic_reference,0.10050251268750002,,43,,flowstar_root_cause_patch,0.20100502537500003
0.005,1,0.20099749583854687,,,,,none_one_step,0.0,1.7140945279970765,unavailable,dependency loss requires a matched carry/reset control,True,1.0000249174699265,,,,False,0.005,0.005,0.0,tube,,,-0.10050125209380237,4,unavailable,this protocol did not isolate process/device peak memory,,,"{""affine_state"": 1, ""time_state"": 1, ""time_state_higher"": 2}",True,,,,,0.20100250416666693,,one_step_common_input,,analytic_interval_solution,,2.093805470058682e-11,0.005,,unavailable,1.935853109229356,1.935853109229356,1.7140945279970765,unavailable means the backend did not isolate this component; it is not zero,,0,,1,0.005,harmonic,4,0.005,flowstar,not_applicable_analytic_reference,0.10050125209380237,,67,,flowstar_root_cause_patch,0.20100250418760474
0.005,1,0.20099749583854687,,,,,none_one_step,0.0,1.7140945279970765,unavailable,dependency loss requires a matched carry/reset control,True,1.0000249174699265,,,,False,0.005,0.005,0.0,tube,,,-0.10050125209380237,4,unavailable,this protocol did not isolate process/device peak memory,,,"{""affine_state"": 1, ""time_state"": 1, ""time_state_higher"": 2}",True,,,,,0.20100250416666693,,one_step_common_input,,analytic_interval_solution,,2.093805470058682e-11,0.005,,unavailable,1.935853109229356,1.935853109229356,1.7140945279970765,unavailable means the backend did not isolate this component; it is not zero,,1,,1,0.005,harmonic,4,0.005,flowstar,not_applicable_analytic_reference,0.10050125209380237,,67,,flowstar_root_cause_patch,0.20100250418760474
0.005,1,0.20099749583854687,True,,,,none_one_step,0.0,1.7140945279970765,unavailable,dependency loss requires a matched carry/reset control,True,1.0000249174699265,,,,False,0.005,0.005,0.0,endpoint_raw,,,-0.10050125209380237,1,unavailable,this protocol did not isolate process/device peak memory,,,"{""affine_state"": 2}",True,,,,,0.20099749583333348,,one_step_common_input,,analytic_interval_solution,,5.008354271360893e-06,0.005,,unavailable,1.935853109229356,1.935853109229356,1.7140945279970765,unavailable means the backend did not isolate this component; it is not zero,,0,,1,0.005,harmonic,2,0.005,flowstar,not_applicable_analytic_reference,0.10050125209380237,,67,,flowstar_root_cause_patch,0.20100250418760474
0.005,1,0.20099749583854687,True,,,,none_one_step,0.0,1.7140945279970765,unavailable,dependency loss requires a matched carry/reset control,True,1.0000249174699265,,,,False,0.005,0.005,0.0,endpoint_raw,,,-0.10050125209380237,1,unavailable,this protocol did not isolate process/device peak memory,,,"{""affine_state"": 2}",True,,,,,0.2009974958333335,,one_step_common_input,,analytic_interval_solution,,5.008354271360893e-06,0.005,,unavailable,1.935853109229356,1.935853109229356,1.7140945279970765,unavailable means the backend did not isolate this component; it is not zero,,1,,1,0.005,harmonic,2,0.005,flowstar,not_applicable_analytic_reference,0.10050125209380237,,67,,flowstar_root_cause_patch,0.20100250418760474
0.01,1,0.2019899667501664,,,,,none_one_step,0.0,1.7174059618264437,unavailable,dependency loss requires a matched carry/reset control,True,1.0001496967909849,,,,False,0.01,0.01,0.0,tube,,,-0.10101010200000002,2,unavailable,this protocol did not isolate process/device peak memory,,,"{""affine_state"": 1, ""time_state"": 1}",True,,,,,0.2020000000000002,,one_step_common_input,,analytic_interval_solution,,2.020400000000001e-05,0.01,,unavailable,1.8887442681007087,1.8887442681007087,1.7174059618264437,unavailable means the backend did not isolate this component; it is not zero,,0,,1,0.01,harmonic,2,0.01,flowstar,not_applicable_analytic_reference,0.10101010200000002,,43,,flowstar_root_cause_patch,0.20202020400000004
0.01,1,0.2019899667501664,,,,,none_one_step,0.0,1.7174059618264437,unavailable,dependency loss requires a matched carry/reset control,True,1.0001496967909849,,,,False,0.01,0.01,0.0,tube,,,-0.10101010200000002,2,unavailable,this protocol did not isolate process/device peak memory,,,"{""affine_state"": 1, ""time_state"": 1}",True,,,,,0.2020000000000002,,one_step_common_input,,analytic_interval_solution,,2.020400000000001e-05,0.01,,unavailable,1.8887442681007087,1.8887442681007087,1.7174059618264437,unavailable means the backend did not isolate this component; it is not zero,,1,,1,0.01,harmonic,2,0.01,flowstar,not_applicable_analytic_reference,0.10101010200000002,,43,,flowstar_root_cause_patch,0.20202020400000004
0.01,1,0.2019899667501664,True,,,,none_one_step,0.0,1.7174059618264437,unavailable,dependency loss requires a matched carry/reset control,True,1.0001496967909849,,,,False,0.01,0.01,0.0,endpoint_raw,,,-0.10101010200000002,1,unavailable,this protocol did not isolate process/device peak memory,,,"{""affine_state"": 2}",True,,,,,0.20200000000000015,,one_step_common_input,,analytic_interval_solution,,2.020400000000001e-05,0.01,,unavailable,1.8887442681007087,1.8887442681007087,1.7174059618264437,unavailable means the backend did not isolate this component; it is not zero,,0,,1,0.01,harmonic,2,0.01,flowstar,not_applicable_analytic_reference,0.10101010200000002,,43,,flowstar_root_cause_patch,0.20202020400000004
0.01,1,0.2019899667501664,True,,,,none_one_step,0.0,1.7174059618264437,unavailable,dependency loss requires a matched carry/reset control,True,1.0001496967909849,,,,False,0.01,0.01,0.0,endpoint_raw,,,-0.10101010200000002,1,unavailable,this protocol did not isolate process/device peak memory,,,"{""affine_state"": 2}",True,,,,,0.20200000000000018,,one_step_common_input,,analytic_interval_solution,,2.020400000000001e-05,0.01,,unavailable,1.8887442681007087,1.8887442681007087,1.7174059618264437,unavailable means the backend did not isolate this component; it is not zero,,1,,1,0.01,harmonic,2,0.01,flowstar,not_applicable_analytic_reference,0.10101010200000002,,43,,flowstar_root_cause_patch,0.20202020400000004
0.01,1,0.2019899667501664,,,,,none_one_step,0.0,1.718475495930761,unavailable,dependency loss requires a matched carry/reset control,True,1.0000993461219494,,,,False,0.01,0.01,0.0,tube,,,-0.10100501683501786,4,unavailable,this protocol did not isolate process/device peak memory,,,"{""affine_state"": 1, ""time_state"": 1, ""time_state_higher"": 2}",True,,,,,0.20201003333333362,,one_step_common_input,,analytic_interval_solution,,3.367023367000072e-10,0.01,,unavailable,1.8905217940919101,1.8905217940919101,1.718475495930761,unavailable means the backend did not isolate this component; it is not zero,,0,,1,0.01,harmonic,4,0.01,flowstar,not_applicable_analytic_reference,0.10100501683501786,,67,,flowstar_root_cause_patch,0.20201003367003573
0.01,1,0.2019899667501664,,,,,none_one_step,0.0,1.718475495930761,unavailable,dependency loss requires a matched carry/reset control,True,1.0000993461219494,,,,False,0.01,0.01,0.0,tube,,,-0.10100501683501786,4,unavailable,this protocol did not isolate process/device peak memory,,,"{""affine_state"": 1, ""time_state"": 1, ""time_state_higher"": 2}",True,,,,,0.20201003333333362,,one_step_common_input,,analytic_interval_solution,,3.367023367000072e-10,0.01,,unavailable,1.8905217940919101,1.8905217940919101,1.718475495930761,unavailable means the backend did not isolate this component; it is not zero,,1,,1,0.01,harmonic,4,0.01,flowstar,not_applicable_analytic_reference,0.10100501683501786,,67,,flowstar_root_cause_patch,0.20201003367003573
0.01,1,0.2019899667501664,True,,,,none_one_step,0.0,1.718475495930761,unavailable,dependency loss requires a matched carry/reset control,True,1.0000993461219494,,,,False,0.01,0.01,0.0,endpoint_raw,,,-0.10100501683501786,1,unavailable,this protocol did not isolate process/device peak memory,,,"{""affine_state"": 2}",True,,,,,0.2019899666666668,,one_step_common_input,,analytic_interval_solution,,2.0067003369016037e-05,0.01,,unavailable,1.8905217940919101,1.8905217940919101,1.718475495930761,unavailable means the backend did not isolate this component; it is not zero,,0,,1,0.01,harmonic,2,0.01,flowstar,not_applicable_analytic_reference,0.10100501683501786,,67,,flowstar_root_cause_patch,0.20201003367003573
0.01,1,0.2019899667501664,True,,,,none_one_step,0.0,1.718475495930761,unavailable,dependency loss requires a matched carry/reset control,True,1.0000993461219494,,,,False,0.01,0.01,0.0,endpoint_raw,,,-0.10100501683501786,1,unavailable,this protocol did not isolate process/device peak memory,,,"{""affine_state"": 2}",True,,,,,0.20198996666666683,,one_step_common_input,,analytic_interval_solution,,2.0067003369016037e-05,0.01,,unavailable,1.8905217940919101,1.8905217940919101,1.718475495930761,unavailable means the backend did not isolate this component; it is not zero,,1,,1,0.01,harmonic,2,0.01,flowstar,not_applicable_analytic_reference,0.10100501683501786,,67,,flowstar_root_cause_patch,0.20201003367003573
0.02,1,0.2039597346719822,,,,,none_one_step,0.0,1.8408331479877234,unavailable,dependency loss requires a matched carry/reset control,True,1.0005977323328739,,,,False,0.02,0.02,0.0,tube,,,-0.10204082400000002,2,unavailable,this protocol did not isolate process/device peak memory,,,"{""affine_state"": 1, ""time_state"": 1}",True,,,,,0.2040000000000002,,one_step_common_input,,analytic_interval_solution,,8.164800000000004e-05,0.02,,unavailable,2.0121382060460746,2.0121382060460746,1.8408331479877234,unavailable means the backend did not isolate this component; it is not zero,,0,,1,0.02,harmonic,2,0.02,flowstar,not_applicable_analytic_reference,0.10204082400000002,,43,,flowstar_root_cause_patch,0.20408164800000003
0.02,1,0.2039597346719822,,,,,none_one_step,0.0,1.8408331479877234,unavailable,dependency loss requires a matched carry/reset control,True,1.0005977323328739,,,,False,0.02,0.02,0.0,tube,,,-0.10204082400000002,2,unavailable,this protocol did not isolate process/device peak memory,,,"{""affine_state"": 1, ""time_state"": 1}",True,,,,,0.2040000000000002,,one_step_common_input,,analytic_interval_solution,,8.164800000000004e-05,0.02,,unavailable,2.0121382060460746,2.0121382060460746,1.8408331479877234,unavailable means the backend did not isolate this component; it is not zero,,1,,1,0.02,harmonic,2,0.02,flowstar,not_applicable_analytic_reference,0.10204082400000002,,43,,flowstar_root_cause_patch,0.20408164800000003
0.02,1,0.2039597346719822,True,,,,none_one_step,0.0,1.8408331479877234,unavailable,dependency loss requires a matched carry/reset control,True,1.0005977323328739,,,,False,0.02,0.02,0.0,endpoint_raw,,,-0.10204082400000002,1,unavailable,this protocol did not isolate process/device peak memory,,,"{""affine_state"": 2}",True,,,,,0.20400000000000015,,one_step_common_input,,analytic_interval_solution,,8.164800000000004e-05,0.02,,unavailable,2.0121382060460746,2.0121382060460746,1.8408331479877234,unavailable means the backend did not isolate this component; it is not zero,,0,,1,0.02,harmonic,2,0.02,flowstar,not_applicable_analytic_reference,0.10204082400000002,,43,,flowstar_root_cause_patch,0.20408164800000003
0.02,1,0.2039597346719822,True,,,,none_one_step,0.0,1.8408331479877234,unavailable,dependency loss requires a matched carry/reset control,True,1.0005977323328739,,,,False,0.02,0.02,0.0,endpoint_raw,,,-0.10204082400000002,1,unavailable,this protocol did not isolate process/device peak memory,,,"{""affine_state"": 2}",True,,,,,0.20400000000000018,,one_step_common_input,,analytic_interval_solution,,8.164800000000004e-05,0.02,,unavailable,2.0121382060460746,2.0121382060460746,1.8408331479877234,unavailable means the backend did not isolate this component; it is not zero,,1,,1,0.02,harmonic,2,0.02,flowstar,not_applicable_analytic_reference,0.10204082400000002,,43,,flowstar_root_cause_patch,0.20408164800000003
0.02,1,0.2039597346719822,,,,,none_one_step,0.0,1.8404313041828573,unavailable,dependency loss requires a matched carry/reset control,True,1.0003948692967213,,,,False,0.02,0.02,0.0,tube,,,-0.10202013605448579,4,unavailable,this protocol did not isolate process/device peak memory,,,"{""affine_state"": 1, ""time_state"": 1, ""time_state_higher"": 2}",True,,,,,0.20404026666666694,,one_step_common_input,,analytic_interval_solution,,5.442304870400059e-09,0.02,,unavailable,2.062365078832954,2.062365078832954,1.8404313041828573,unavailable means the backend did not isolate this component; it is not zero,,0,,1,0.02,harmonic,4,0.02,flowstar,not_applicable_analytic_reference,0.10202013605448579,,67,,flowstar_root_cause_patch,0.20404027210897158
0.02,1,0.2039597346719822,,,,,none_one_step,0.0,1.8404313041828573,unavailable,dependency loss requires a matched carry/reset control,True,1.0003948692967213,,,,False,0.02,0.02,0.0,tube,,,-0.10202013605448579,4,unavailable,this protocol did not isolate process/device peak memory,,,"{""affine_state"": 1, ""time_state"": 1, ""time_state_higher"": 2}",True,,,,,0.20404026666666694,,one_step_common_input,,analytic_interval_solution,,5.442304870400059e-09,0.02,,unavailable,2.062365078832954,2.062365078832954,1.8404313041828573,unavailable means the backend did not isolate this component; it is not zero,,1,,1,0.02,harmonic,4,0.02,flowstar,not_applicable_analytic_reference,0.10202013605448579,,67,,flowstar_root_cause_patch,0.20404027210897158
0.02,1,0.2039597346719822,True,,,,none_one_step,0.0,1.8404313041828573,unavailable,dependency loss requires a matched carry/reset control,True,1.0003948692967213,,,,False,0.02,0.02,0.0,endpoint_raw,,,-0.10202013605448579,1,unavailable,this protocol did not isolate process/device peak memory,,,"{""affine_state"": 2}",True,,,,,0.20395973333333348,,one_step_common_input,,analytic_interval_solution,,8.053877563822507e-05,0.02,,unavailable,2.062365078832954,2.062365078832954,1.8404313041828573,unavailable means the backend did not isolate this component; it is not zero,,0,,1,0.02,harmonic,2,0.02,flowstar,not_applicable_analytic_reference,0.10202013605448579,,67,,flowstar_root_cause_patch,0.20404027210897158
0.02,1,0.2039597346719822,True,,,,none_one_step,0.0,1.8404313041828573,unavailable,dependency loss requires a matched carry/reset control,True,1.0003948692967213,,,,False,0.02,0.02,0.0,endpoint_raw,,,-0.10202013605448579,1,unavailable,this protocol did not isolate process/device peak memory,,,"{""affine_state"": 2}",True,,,,,0.2039597333333335,,one_step_common_input,,analytic_interval_solution,,8.053877563822507e-05,0.02,,unavailable,2.062365078832954,2.062365078832954,1.8404313041828573,unavailable means the backend did not isolate this component; it is not zero,,1,,1,0.02,harmonic,2,0.02,flowstar,not_applicable_analytic_reference,0.10202013605448579,,67,,flowstar_root_cause_patch,0.20404027210897158
0.05,1,0.20974588593312893,,,,,none_one_step,0.0,1.8357700980268419,unavailable,dependency loss requires a matched carry/reset control,True,1.003721713364714,,,,False,0.05,0.05,0.0,tube,,,-0.10526325000000002,2,unavailable,this protocol did not isolate process/device peak memory,,,"{""affine_state"": 1, ""time_state"": 1}",True,,,,,0.21000000000000021,,one_step_common_input,,analytic_interval_solution,,0.0005265000000000003,0.05,,unavailable,2.0072346748784184,2.0072346748784184,1.8357700980268419,unavailable means the backend did not isolate this component; it is not zero,,0,,1,0.05,harmonic,2,0.05,flowstar,not_applicable_analytic_reference,0.10526325000000002,,43,,flowstar_root_cause_patch,0.21052650000000003
0.05,1,0.20974588593312893,,,,,none_one_step,0.0,1.8357700980268419,unavailable,dependency loss requires a matched carry/reset control,True,1.003721713364714,,,,False,0.05,0.05,0.0,tube,,,-0.10526325000000002,2,unavailable,this protocol did not isolate process/device peak memory,,,"{""affine_state"": 1, ""time_state"": 1}",True,,,,,0.21000000000000021,,one_step_common_input,,analytic_interval_solution,,0.0005265000000000003,0.05,,unavailable,2.0072346748784184,2.0072346748784184,1.8357700980268419,unavailable means the backend did not isolate this component; it is not zero,,1,,1,0.05,harmonic,2,0.05,flowstar,not_applicable_analytic_reference,0.10526325000000002,,43,,flowstar_root_cause_patch,0.21052650000000003
0.05,1,0.20974588593312893,True,,,,none_one_step,0.0,1.8357700980268419,unavailable,dependency loss requires a matched carry/reset control,True,1.003721713364714,,,,False,0.05,0.05,0.0,endpoint_raw,,,-0.10526325000000002,1,unavailable,this protocol did not isolate process/device peak memory,,,"{""affine_state"": 2}",True,,,,,0.21000000000000016,,one_step_common_input,,analytic_interval_solution,,0.0005265000000000003,0.05,,unavailable,2.0072346748784184,2.0072346748784184,1.8357700980268419,unavailable means the backend did not isolate this component; it is not zero,,0,,1,0.05,harmonic,2,0.05,flowstar,not_applicable_analytic_reference,0.10526325000000002,,43,,flowstar_root_cause_patch,0.21052650000000003
0.05,1,0.20974588593312893,True,,,,none_one_step,0.0,1.8357700980268419,unavailable,dependency loss requires a matched carry/reset control,True,1.003721713364714,,,,False,0.05,0.05,0.0,endpoint_raw,,,-0.10526325000000002,1,unavailable,this protocol did not isolate process/device peak memory,,,"{""affine_state"": 2}",True,,,,,0.2100000000000002,,one_step_common_input,,analytic_interval_solution,,0.0005265000000000003,0.05,,unavailable,2.0072346748784184,2.0072346748784184,1.8357700980268419,unavailable means the backend did not isolate this component; it is not zero,,1,,1,0.05,harmonic,2,0.05,flowstar,not_applicable_analytic_reference,0.10526325000000002,,43,,flowstar_root_cause_patch,0.21052650000000003
0.05,1,0.20974588593312893,,,,,none_one_step,0.0,1.7340533160604537,unavailable,dependency loss requires a matched carry/reset control,True,1.0024243625126077,,,,False,0.05,0.05,0.0,tube,,,-0.10512719299807945,4,unavailable,this protocol did not isolate process/device peak memory,,,"{""affine_state"": 1, ""time_state"": 1, ""time_state_higher"": 2}",True,,,,,0.21025416666666694,,one_step_common_input,,analytic_interval_solution,,2.1932949218750104e-07,0.05,,unavailable,1.905579905025661,1.905579905025661,1.7340533160604537,unavailable means the backend did not isolate this component; it is not zero,,0,,1,0.05,harmonic,4,0.05,flowstar,not_applicable_analytic_reference,0.10512719299807945,,67,,flowstar_root_cause_patch,0.2102543859961589
0.05,1,0.20974588593312893,,,,,none_one_step,0.0,1.7340533160604537,unavailable,dependency loss requires a matched carry/reset control,True,1.0024243625126077,,,,False,0.05,0.05,0.0,tube,,,-0.10512719299807945,4,unavailable,this protocol did not isolate process/device peak memory,,,"{""affine_state"": 1, ""time_state"": 1, ""time_state_higher"": 2}",True,,,,,0.21025416666666694,,one_step_common_input,,analytic_interval_solution,,2.1932949218750104e-07,0.05,,unavailable,1.905579905025661,1.905579905025661,1.7340533160604537,unavailable means the backend did not isolate this component; it is not zero,,1,,1,0.05,harmonic,4,0.05,flowstar,not_applicable_analytic_reference,0.10512719299807945,,67,,flowstar_root_cause_patch,0.2102543859961589
0.05,1,0.20974588593312893,True,,,,none_one_step,0.0,1.7340533160604537,unavailable,dependency loss requires a matched carry/reset control,True,1.0024243625126077,,,,False,0.05,0.05,0.0,endpoint_raw,,,-0.10512719299807945,1,unavailable,this protocol did not isolate process/device peak memory,,,"{""affine_state"": 2}",True,,,,,0.2097458333333335,,one_step_common_input,,analytic_interval_solution,,0.0005085526628255204,0.05,,unavailable,1.905579905025661,1.905579905025661,1.7340533160604537,unavailable means the backend did not isolate this component; it is not zero,,0,,1,0.05,harmonic,2,0.05,flowstar,not_applicable_analytic_reference,0.10512719299807945,,67,,flowstar_root_cause_patch,0.2102543859961589
0.05,1,0.20974588593312893,True,,,,none_one_step,0.0,1.7340533160604537,unavailable,dependency loss requires a matched carry/reset control,True,1.0024243625126077,,,,False,0.05,0.05,0.0,endpoint_raw,,,-0.10512719299807945,1,unavailable,this protocol did not isolate process/device peak memory,,,"{""affine_state"": 2}",True,,,,,0.20974583333333352,,one_step_common_input,,analytic_interval_solution,,0.0005085526628255204,0.05,,unavailable,1.905579905025661,1.905579905025661,1.7340533160604537,unavailable means the backend did not isolate this component; it is not zero,,1,,1,0.05,harmonic,2,0.05,flowstar,not_applicable_analytic_reference,0.10512719299807945,,67,,flowstar_root_cause_patch,0.2102543859961589
0.0025,1,,,,,,none_one_step,3.2500197959930976e-05,1.8351782942190766,unavailable,dependency loss requires a matched carry/reset control,True,,,,,False,0.0025,0.0025,0.10003250019795994,tube,,,0.0799989467745113,2,unavailable,this protocol did not isolate process/device peak memory,,,"{""affine_state"": 1, ""constant"": 1, ""time_only"": 2, ""time_state"": 2}",True,,,,,0.04008004687500026,,one_step_common_input,,deterministic_DOP853_trajectory_sanity_non_proof,,2.1068468972589232e-06,0.0025,,unavailable,2.0070618391036987,2.0070618391036987,1.8351782942190766,unavailable means the backend did not isolate this component; it is not zero,,0,,1,0.0025,coupled_quadratic,6,0.0025,flowstar,True,0.12006605362140857,,49,,flowstar_root_cause_patch,0.040067106846897266
0.0025,1,,,,,,none_one_step,-0.00026700201359391995,1.8351782942190766,unavailable,dependency loss requires a matched carry/reset control,True,,,,,False,0.0025,0.0025,0.1997329979864061,tube,,,0.1794648309048541,2,unavailable,this protocol did not isolate process/device peak memory,,,"{""affine_state"": 1, ""constant"": 1, ""time_only"": 2, ""time_state"": 2}",True,,,,,0.040595606250000554,,one_step_common_input,,deterministic_DOP853_trajectory_sanity_non_proof,,1.3341631039914071e-06,0.0025,,unavailable,2.0070618391036987,2.0070618391036987,1.8351782942190766,unavailable means the backend did not isolate this component; it is not zero,,1,,1,0.0025,coupled_quadratic,6,0.0025,flowstar,True,0.2200011650679581,,49,,flowstar_root_cause_patch,0.04053633416310401
0.0025,1,,,,,,none_one_step,4.995332295991417e-05,1.8351782942190766,unavailable,dependency loss requires a matched carry/reset control,True,,,,,False,0.0025,0.0025,0.10004995332295992,endpoint_raw,,,0.08003389989951128,1,unavailable,this protocol did not isolate process/device peak memory,,,"{""affine_state"": 2, ""constant"": 1}",True,,,,,0.04003000000000015,,one_step_common_input,,deterministic_DOP853_trajectory_sanity_non_proof,,2.1068468972589232e-06,0.0025,,unavailable,2.0070618391036987,2.0070618391036987,1.8351782942190766,unavailable means the backend did not isolate this component; it is not zero,,0,,1,0.0025,coupled_quadratic,3,0.0025,flowstar,True,0.12006600674640856,,49,,flowstar_root_cause_patch,0.040032106846897286
0.0025,1,,,,,,none_one_step,-0.0004738957635939123,1.8351782942190766,unavailable,dependency loss requires a matched carry/reset control,True,,,,,False,0.0025,0.0025,0.1995261042364061,endpoint_raw,,,0.1794654371548541,1,unavailable,this protocol did not isolate process/device peak memory,,,"{""affine_state"": 2, ""constant"": 1}",True,,,,,0.03992000000000029,,one_step_common_input,,deterministic_DOP853_trajectory_sanity_non_proof,,0.0002013341631039694,0.0025,,unavailable,2.0070618391036987,2.0070618391036987,1.8351782942190766,unavailable means the backend did not isolate this component; it is not zero,,1,,1,0.0025,coupled_quadratic,3,0.0025,flowstar,True,0.21958677131795812,,49,,flowstar_root_cause_patch,0.04012133416310401
0.0025,1,,,,,,none_one_step,3.299999961911548e-05,1.7275918661616743,unavailable,dependency loss requires a matched carry/reset control,True,,,,,False,0.0025,0.0025,0.10003299999961912,tube,,,0.07999999989759911,4,unavailable,this protocol did not isolate process/device peak memory,,,"{""affine_state"": 1, ""constant"": 1, ""time_only"": 4, ""time_state"": 2, ""time_state_higher"": 8}",True,,,,,0.0400820726574002,,one_step_common_input,,deterministic_DOP853_trajectory_sanity_non_proof,,2.0404002348126122e-10,0.0025,,unavailable,1.901785220950842,1.901785220950842,1.7275918661616743,unavailable means the backend did not isolate this component; it is not zero,,0,,1,0.0025,coupled_quadratic,16,0.0025,flowstar,True,0.12006600010163913,,69,,flowstar_root_cause_patch,0.040066000204040025
0.0025,1,,,,,,none_one_step,-0.0002679999991641313,1.7275918661616743,unavailable,dependency loss requires a matched carry/reset control,True,,,,,False,0.0025,0.0025,0.19973200000083588,tube,,,0.17946399989706147,4,unavailable,this protocol did not isolate process/device peak memory,,,"{""affine_state"": 1, ""constant"": 1, ""time_only"": 4, ""time_state"": 2, ""time_state_higher"": 7}",True,,,,,0.04059675112625788,,one_step_common_input,,deterministic_DOP853_trajectory_sanity_non_proof,,2.0754881858235066e-10,0.0025,,unavailable,1.901785220950842,1.901785220950842,1.7275918661616743,unavailable means the backend did not isolate this component; it is not zero,,1,,1,0.0025,coupled_quadratic,15,0.0025,flowstar,True,0.2200000001046103,,69,,flowstar_root_cause_patch,0.04053600020754883
0.0025,1,,,,,,none_one_step,4.9953147539569254e-05,1.7275918661616743,unavailable,dependency loss requires a matched carry/reset control,True,,,,,False,0.0025,0.0025,0.10004995314753957,endpoint_raw,,,0.08003393991577998,2,unavailable,this protocol did not isolate process/device peak memory,,,"{""affine_state"": 2, ""constant"": 1, ""state_state"": 3}",True,,,,,0.040031975258854394,,one_step_common_input,,deterministic_DOP853_trajectory_sanity_non_proof,,5.070466498307422e-08,0.0025,,unavailable,1.901785220950842,1.901785220950842,1.7275918661616743,unavailable means the backend did not isolate this component; it is not zero,,0,,1,0.0025,coupled_quadratic,6,0.0025,flowstar,True,0.12006596637929917,,69,,flowstar_root_cause_patch,0.040032026463519194
0.0025,1,,,,,,none_one_step,-0.0004743942597823514,1.7275918661616743,unavailable,dependency loss requires a matched carry/reset control,True,,,,,False,0.0025,0.0025,0.19952560574021766,endpoint_raw,,,0.17946453307894322,2,unavailable,this protocol did not isolate process/device peak memory,,,"{""affine_state"": 2, ""constant"": 1, ""state_state"": 2}",True,,,,,0.03992111265166706,,one_step_common_input,,deterministic_DOP853_trajectory_sanity_non_proof,,0.00020003342088215794,0.0025,,unavailable,1.901785220950842,1.901785220950842,1.7275918661616743,unavailable means the backend did not isolate this component; it is not zero,,1,,1,0.0025,coupled_quadratic,5,0.0025,flowstar,True,0.21958667840149207,,69,,flowstar_root_cause_patch,0.04012214532254885
0.005,1,,,,,,none_one_step,6.500098232947726e-05,1.8443923499435186,unavailable,dependency loss requires a matched carry/reset control,True,,,,,False,0.005,0.005,0.10006500098232948,tube,,,0.07999778638999476,2,unavailable,this protocol did not isolate process/device peak memory,,,"{""affine_state"": 1, ""constant"": 1, ""time_only"": 2, ""time_state"": 2}",True,,,,,0.04016018750000026,,one_step_common_input,,deterministic_DOP853_trajectory_sanity_non_proof,,4.429184669446219e-06,0.005,,unavailable,2.0162396682426333,2.0162396682426333,1.8443923499435186,unavailable means the backend did not isolate this component; it is not zero,,0,,1,0.005,coupled_quadratic,6,0.005,flowstar,True,0.1201322155746642,,49,,flowstar_root_cause_patch,0.040134429184669446
0.005,1,,,,,,none_one_step,-0.0005340110933018671,1.8443923499435186,unavailable,dependency loss requires a matched carry/reset control,True,,,,,False,0.005,0.005,0.19946598890669814,tube,,,0.1789293156284508,2,unavailable,this protocol did not isolate process/device peak memory,,,"{""affine_state"": 1, ""constant"": 1, ""time_only"": 2, ""time_state"": 2}",True,,,,,0.041192425000000504,,one_step_common_input,,deterministic_DOP853_trajectory_sanity_non_proof,,3.3465564946976835e-06,0.005,,unavailable,2.0162396682426333,2.0162396682426333,1.8443923499435186,unavailable means the backend did not isolate this component; it is not zero,,1,,1,0.005,coupled_quadratic,6,0.005,flowstar,True,0.22000266218494552,,49,,flowstar_root_cause_patch,0.04107334655649472
0.005,1,,,,,,none_one_step,9.981348232948606e-05,1.8443923499435186,unavailable,dependency loss requires a matched carry/reset control,True,,,,,False,0.005,0.005,0.10009981348232949,endpoint_raw,,,0.08006759888999475,1,unavailable,this protocol did not isolate process/device peak memory,,,"{""affine_state"": 2, ""constant"": 1}",True,,,,,0.04006000000000012,,one_step_common_input,,deterministic_DOP853_trajectory_sanity_non_proof,,4.429184669446219e-06,0.005,,unavailable,2.0162396682426333,2.0162396682426333,1.8443923499435186,unavailable means the backend did not isolate this component; it is not zero,,0,,1,0.005,coupled_quadratic,3,0.005,flowstar,True,0.12013202807466422,,49,,flowstar_root_cause_patch,0.04006442918466947
0.005,1,,,,,,none_one_step,-0.0009465860933018377,1.8443923499435186,unavailable,dependency loss requires a matched carry/reset control,True,,,,,False,0.005,0.005,0.19905341390669817,endpoint_raw,,,0.1789317406284508,1,unavailable,this protocol did not isolate process/device peak memory,,,"{""affine_state"": 2, ""constant"": 1}",True,,,,,0.039840000000000264,,one_step_common_input,,deterministic_DOP853_trajectory_sanity_non_proof,,0.00040334655649465365,0.005,,unavailable,2.0162396682426333,2.0162396682426333,1.8443923499435186,unavailable means the backend did not isolate this component; it is not zero,,1,,1,0.005,coupled_quadratic,3,0.005,flowstar,True,0.21917508718494552,,49,,flowstar_root_cause_patch,0.040243346556494725
0.005,1,,,,,,none_one_step,6.599999695530712e-05,1.833661071024835,unavailable,dependency loss requires a matched carry/reset control,True,,,,,False,0.005,0.005,0.10006599999695531,tube,,,0.07999999958033072,4,unavailable,this protocol did not isolate process/device peak memory,,,"{""affine_state"": 1, ""constant"": 1, ""time_only"": 4, ""time_state"": 2, ""time_state_higher"": 8}",True,,,,,0.040164290759227894,,one_step_common_input,,deterministic_DOP853_trajectory_sanity_non_proof,,8.33249203966922e-10,0.005,,unavailable,2.0088894818909466,2.0088894818909466,1.833661071024835,unavailable means the backend did not isolate this component; it is not zero,,0,,1,0.005,coupled_quadratic,16,0.005,flowstar,True,0.12013200041357992,,69,,flowstar_root_cause_patch,0.04013200083324921
0.005,1,,,,,,none_one_step,-0.0005359999933421955,1.833661071024835,unavailable,dependency loss requires a matched carry/reset control,True,,,,,False,0.005,0.005,0.19946400000665782,tube,,,0.17892799957514327,4,unavailable,this protocol did not isolate process/device peak memory,,,"{""affine_state"": 1, ""constant"": 1, ""time_only"": 4, ""time_state"": 2, ""time_state_higher"": 7}",True,,,,,0.04119500701260939,,one_step_common_input,,deterministic_DOP853_trajectory_sanity_non_proof,,8.630290796799214e-10,0.005,,unavailable,2.0088894818909466,2.0088894818909466,1.833661071024835,unavailable means the backend did not isolate this component; it is not zero,,1,,1,0.005,coupled_quadratic,15,0.005,flowstar,True,0.2200000004381724,,69,,flowstar_root_cause_patch,0.04107200086302912
0.005,1,,,,,,none_one_step,9.981268034932322e-05,1.833661071024835,unavailable,dependency loss requires a matched carry/reset control,True,,,,,False,0.005,0.005,0.10009981268034933,endpoint_raw,,,0.08006775972580805,2,unavailable,this protocol did not isolate process/device peak memory,,,"{""affine_state"": 2, ""constant"": 1, ""state_state"": 3}",True,,,,,0.040063901070833574,,one_step_common_input,,deterministic_DOP853_trajectory_sanity_non_proof,,2.0283824920907905e-07,0.005,,unavailable,2.0088894818909466,2.0088894818909466,1.833661071024835,unavailable means the backend did not isolate this component; it is not zero,,0,,1,0.005,coupled_quadratic,6,0.005,flowstar,True,0.1201318656348906,,69,,flowstar_root_cause_patch,0.04006410590908255
0.005,1,,,,,,none_one_step,-0.0009475790757338398,1.833661071024835,unavailable,dependency loss requires a matched carry/reset control,True,,,,,False,0.005,0.005,0.19905242092426617,endpoint_raw,,,0.1789301300327516,2,unavailable,this protocol did not isolate process/device peak memory,,,"{""affine_state"": 2, ""constant"": 1, ""state_state"": 2}",True,,,,,0.03984245021333374,,one_step_common_input,,deterministic_DOP853_trajectory_sanity_non_proof,,0.0004001345696957463,0.005,,unavailable,2.0088894818909466,2.0088894818909466,1.833661071024835,unavailable means the backend did not isolate this component; it is not zero,,1,,1,0.005,coupled_quadratic,5,0.005,flowstar,True,0.21917471181578074,,69,,flowstar_root_cause_patch,0.04024458178302914
0.01,1,,,,,,none_one_step,0.00013000543717497925,1.8393011610023677,unavailable,dependency loss requires a matched carry/reset control,True,,,,,False,0.01,0.01,0.10013000543717498,tube,,,0.07999513982210278,2,unavailable,this protocol did not isolate process/device peak memory,,,"{""affine_state"": 1, ""constant"": 1, ""time_only"": 2, ""time_state"": 2}",True,,,,,0.040320750000000266,,one_step_common_input,,deterministic_DOP853_trajectory_sanity_non_proof,,9.731230144402878e-06,0.01,,unavailable,2.011335598770529,2.011335598770529,1.8393011610023677,unavailable means the backend did not isolate this component; it is not zero,,0,,1,0.01,coupled_quadratic,6,0.01,flowstar,True,0.12026487105224719,,49,,flowstar_root_cause_patch,0.04026973123014441
0.01,1,,,,,,none_one_step,-0.0010680685011248414,1.8393011610023677,unavailable,dependency loss requires a matched carry/reset control,True,,,,,False,0.01,0.01,0.19893193149887517,tube,,,0.17785719845748424,2,unavailable,this protocol did not isolate process/device peak memory,,,"{""affine_state"": 1, ""constant"": 1, ""time_only"": 2, ""time_state"": 2}",True,,,,,0.042389700000000585,,one_step_common_input,,deterministic_DOP853_trajectory_sanity_non_proof,,9.46608278185953e-06,0.01,,unavailable,2.011335598770529,2.011335598770529,1.8393011610023677,unavailable means the backend did not isolate this component; it is not zero,,1,,1,0.01,coupled_quadratic,6,0.01,flowstar,True,0.22000666454026613,,49,,flowstar_root_cause_patch,0.04214946608278189
0.01,1,,,,,,none_one_step,0.00019925543717497218,1.8393011610023677,unavailable,dependency loss requires a matched carry/reset control,True,,,,,False,0.01,0.01,0.10019925543717498,endpoint_raw,,,0.08013438982210278,1,unavailable,this protocol did not isolate process/device peak memory,,,"{""affine_state"": 2, ""constant"": 1}",True,,,,,0.040120000000000156,,one_step_common_input,,deterministic_DOP853_trajectory_sanity_non_proof,,9.731230144416756e-06,0.01,,unavailable,2.011335598770529,2.011335598770529,1.8393011610023677,unavailable means the backend did not isolate this component; it is not zero,,0,,1,0.01,coupled_quadratic,3,0.01,flowstar,True,0.1202641210522472,,49,,flowstar_root_cause_patch,0.04012973123014442
0.01,1,,,,,,none_one_step,-0.0018883685011248375,1.8393011610023677,unavailable,dependency loss requires a matched carry/reset control,True,,,,,False,0.01,0.01,0.19811163149887517,endpoint_raw,,,0.17786689845748424,1,unavailable,this protocol did not isolate process/device peak memory,,,"{""affine_state"": 2, ""constant"": 1}",True,,,,,0.039680000000000326,,one_step_common_input,,deterministic_DOP853_trajectory_sanity_non_proof,,0.0008094660827817992,0.01,,unavailable,2.011335598770529,2.011335598770529,1.8393011610023677,unavailable means the backend did not isolate this component; it is not zero,,1,,1,0.01,coupled_quadratic,3,0.01,flowstar,True,0.21835636454026613,,49,,flowstar_root_cause_patch,0.040489466082781894
0.01,1,,,,,,none_one_step,0.00013199997566827604,1.8335137637332082,unavailable,dependency loss requires a matched carry/reset control,True,,,,,False,0.01,0.01,0.10013199997566828,tube,,,0.07999999823513254,4,unavailable,this protocol did not isolate process/device peak memory,,,"{""affine_state"": 1, ""constant"": 1, ""time_only"": 4, ""time_state"": 2, ""time_state_higher"": 8}",True,,,,,0.04032916407430469,,one_step_common_input,,deterministic_DOP853_trajectory_sanity_non_proof,,3.4810714884293557e-09,0.01,,unavailable,2.0078485812991858,2.0078485812991858,1.8335137637332082,unavailable means the backend did not isolate this component; it is not zero,,0,,1,0.01,coupled_quadratic,16,0.01,flowstar,True,0.12026400171620402,,69,,flowstar_root_cause_patch,0.04026400348107148
0.01,1,,,,,,none_one_step,-0.0010719999473495778,1.8335137637332082,unavailable,dependency loss requires a matched carry/reset control,True,,,,,False,0.01,0.01,0.19892800005265043,tube,,,0.17785599817908643,4,unavailable,this protocol did not isolate process/device peak memory,,,"{""affine_state"": 1, ""constant"": 1, ""time_only"": 4, ""time_state"": 2, ""time_state_higher"": 7}",True,,,,,0.042396048141734394,,one_step_common_input,,deterministic_DOP853_trajectory_sanity_non_proof,,3.74712801626945e-09,0.01,,unavailable,2.0078485812991858,2.0078485812991858,1.8335137637332082,unavailable means the backend did not isolate this component; it is not zero,,1,,1,0.01,coupled_quadratic,15,0.01,flowstar,True,0.22000000192621447,,69,,flowstar_root_cause_patch,0.04214400374712804
0.01,1,,,,,,none_one_step,0.0001992514433057646,1.8335137637332082,unavailable,dependency loss requires a matched carry/reset control,True,,,,,False,0.01,0.01,0.10019925144330577,endpoint_raw,,,0.0801350393994367,2,unavailable,this protocol did not isolate process/device peak memory,,,"{""affine_state"": 2, ""constant"": 1, ""state_state"": 3}",True,,,,,0.040127604566666863,,one_step_common_input,,deterministic_DOP853_trajectory_sanity_non_proof,,8.115210714827771e-07,0.01,,unavailable,2.0078485812991858,2.0078485812991858,1.8335137637332082,unavailable means the backend did not isolate this component; it is not zero,,0,,1,0.01,coupled_quadratic,6,0.01,flowstar,True,0.12026346348717486,,69,,flowstar_root_cause_patch,0.04012842408773816
0.01,1,,,,,,none_one_step,-0.001890332565616215,1.8335137637332082,unavailable,dependency loss requires a matched carry/reset control,True,,,,,False,0.01,0.01,0.1981096674343838,endpoint_raw,,,0.17786450188081976,2,unavailable,this protocol did not isolate process/device peak memory,,,"{""affine_state"": 2, ""constant"": 1, ""state_state"": 2}",True,,,,,0.039685797706667025,,one_step_common_input,,deterministic_DOP853_trajectory_sanity_non_proof,,0.0008005454004613084,0.01,,unavailable,2.0078485812991858,2.0078485812991858,1.8335137637332082,unavailable means the backend did not isolate this component; it is not zero,,1,,1,0.01,coupled_quadratic,5,0.01,flowstar,True,0.2183548329879478,,69,,flowstar_root_cause_patch,0.04049033110712805
0.02,1,,,,,,none_one_step,0.00026003355845072296,1.8307200837880373,unavailable,dependency loss requires a matched carry/reset control,True,,,,,False,0.02,0.02,0.10026003355845073,tube,,,0.07998851220062717,2,unavailable,this protocol did not isolate process/device peak memory,,,"{""affine_state"": 1, ""constant"": 1, ""time_only"": 2, ""time_state"": 2}",True,,,,,0.04064300000000025,,one_step_common_input,,deterministic_DOP853_trajectory_sanity_non_proof,,2.304271564714926e-05,0.02,,unavailable,2.0024500652216375,2.0024500652216375,1.8307200837880373,unavailable means the backend did not isolate this component; it is not zero,,0,,1,0.02,coupled_quadratic,6,0.02,flowstar,True,0.1205315549162743,,49,,flowstar_root_cause_patch,0.04054304271564714
0.02,1,,,,,,none_one_step,-0.0021364641452349953,1.8307200837880373,unavailable,dependency loss requires a matched carry/reset control,True,,,,,False,0.02,0.02,0.19786353585476502,tube,,,0.17570827920945975,2,unavailable,this protocol did not isolate process/device peak memory,,,"{""affine_state"": 1, ""constant"": 1, ""time_only"": 2, ""time_state"": 2}",True,,,,,0.044798800000000555,,one_step_common_input,,deterministic_DOP853_trajectory_sanity_non_proof,,3.051329061050432e-05,0.02,,unavailable,2.0024500652216375,2.0024500652216375,1.8307200837880373,unavailable means the backend did not isolate this component; it is not zero,,1,,1,0.02,coupled_quadratic,6,0.02,flowstar,True,0.22001879250007025,,49,,flowstar_root_cause_patch,0.044310513290610504
0.02,1,,,,,,none_one_step,0.0003970335584507212,1.8307200837880373,unavailable,dependency loss requires a matched carry/reset control,True,,,,,False,0.02,0.02,0.10039703355845073,endpoint_raw,,,0.08026551220062714,1,unavailable,this protocol did not isolate process/device peak memory,,,"{""affine_state"": 2, ""constant"": 1}",True,,,,,0.04024000000000014,,one_step_common_input,,deterministic_DOP853_trajectory_sanity_non_proof,,2.304271564714926e-05,0.02,,unavailable,2.0024500652216375,2.0024500652216375,1.8307200837880373,unavailable means the backend did not isolate this component; it is not zero,,0,,1,0.02,coupled_quadratic,3,0.02,flowstar,True,0.12052855491627432,,49,,flowstar_root_cause_patch,0.04026304271564718
0.02,1,,,,,,none_one_step,-0.0037576641452349846,1.8307200837880373,unavailable,dependency loss requires a matched carry/reset control,True,,,,,False,0.02,0.02,0.19624233585476503,endpoint_raw,,,0.17574707920945976,1,unavailable,this protocol did not isolate process/device peak memory,,,"{""affine_state"": 2, ""constant"": 1}",True,,,,,0.039360000000000284,,one_step_common_input,,deterministic_DOP853_trajectory_sanity_non_proof,,0.0016305132906104392,0.02,,unavailable,2.0024500652216375,2.0024500652216375,1.8307200837880373,unavailable means the backend did not isolate this component; it is not zero,,1,,1,0.02,coupled_quadratic,3,0.02,flowstar,True,0.21673759250007027,,49,,flowstar_root_cause_patch,0.040990513290610514
0.02,1,,,,,,none_one_step,0.000263999805350551,1.826859581284225,unavailable,dependency loss requires a matched carry/reset control,True,,,,,False,0.02,0.02,0.10026399980535056,tube,,,0.07999999215697526,4,unavailable,this protocol did not isolate process/device peak memory,,,"{""affine_state"": 1, ""constant"": 1, ""time_only"": 4, ""time_state"": 2, ""time_state_higher"": 8}",True,,,,,0.04066066460220054,,one_step_common_input,,deterministic_DOP853_trajectory_sanity_non_proof,,1.5296750593024122e-08,0.02,,unavailable,2.001339692156762,2.001339692156762,1.826859581284225,unavailable means the backend did not isolate this component; it is not zero,,0,,1,0.02,coupled_quadratic,16,0.02,flowstar,True,0.12052800745372584,,69,,flowstar_root_cause_patch,0.04052801529675058
0.02,1,,,,,,none_one_step,-0.002143999593173962,1.826859581284225,unavailable,dependency loss requires a matched carry/reset control,True,,,,,False,0.02,0.02,0.19785600040682605,tube,,,0.17571199146408079,4,unavailable,this protocol did not isolate process/device peak memory,,,"{""affine_state"": 1, ""constant"": 1, ""time_only"": 4, ""time_state"": 2, ""time_state_higher"": 7}",True,,,,,0.044816353787734436,,one_step_common_input,,deterministic_DOP853_trajectory_sanity_non_proof,,1.7885490515894e-08,0.02,,unavailable,2.001339692156762,2.001339692156762,1.826859581284225,unavailable means the backend did not isolate this component; it is not zero,,1,,1,0.02,coupled_quadratic,15,0.02,flowstar,True,0.2200000093495713,,69,,flowstar_root_cause_patch,0.04428801788549053
0.02,1,,,,,,none_one_step,0.0003970115542172026,1.826859581284225,unavailable,dependency loss requires a matched carry/reset control,True,,,,,False,0.02,0.02,0.10039701155421721,endpoint_raw,,,0.08026816147917525,2,unavailable,this protocol did not isolate process/device peak memory,,,"{""affine_state"": 2, ""constant"": 1, ""state_state"": 3}",True,,,,,0.04025442053333354,,one_step_common_input,,deterministic_DOP853_trajectory_sanity_non_proof,,3.247616750583654e-06,0.02,,unavailable,2.001339692156762,2.001339692156762,1.826859581284225,unavailable means the backend did not isolate this component; it is not zero,,0,,1,0.02,coupled_quadratic,6,0.02,flowstar,True,0.12052586162925918,,69,,flowstar_root_cause_patch,0.04025770015008394
0.02,1,,,,,,none_one_step,-0.0037614598854406323,1.826859581284225,unavailable,dependency loss requires a matched carry/reset control,True,,,,,False,0.02,0.02,0.19623854011455938,endpoint_raw,,,0.1757458617318141,2,unavailable,this protocol did not isolate process/device peak memory,,,"{""affine_state"": 2, ""constant"": 1, ""state_state"": 2}",True,,,,,0.039375165653333793,,one_step_common_input,,deterministic_DOP853_trajectory_sanity_non_proof,,0.001602239112157133,0.02,,unavailable,2.001339692156762,2.001339692156762,1.826859581284225,unavailable means the backend did not isolate this component; it is not zero,,1,,1,0.02,coupled_quadratic,5,0.02,flowstar,True,0.21673121849730467,,69,,flowstar_root_cause_patch,0.04098535676549056
0.0025,1,,,,,,none_one_step,0.0030622686283297007,1.7279515932314098,unavailable,dependency loss requires a matched carry/reset control,True,,,,,False,0.0025,0.0025,1.2530622686283297,tube,,,1.0999925725580038,2,unavailable,this protocol did not isolate process/device peak memory,,,"{""affine_state"": 1, ""constant"": 1, ""time_only"": 2, ""time_state"": 1}",True,,,,,0.30625812500000316,,one_step_common_input,,deterministic_DOP853_trajectory_sanity_non_proof,,1.4392140651695649e-05,0.0025,,unavailable,1.9004536089487374,1.9004536089487374,1.7279515932314098,unavailable means the backend did not isolate this component; it is not zero,,0,,1,0.0025,van_der_pol,5,0.0025,flowstar,True,1.4061319646986556,,63,,flowstar_root_cause_patch,0.3061393921406519
0.0025,1,,,,,,none_one_step,-0.004690204934078679,1.7279515932314098,unavailable,dependency loss requires a matched carry/reset control,True,,,,,False,0.0025,0.0025,2.3953097950659217,tube,,,2.3405290549199735,2,unavailable,this protocol did not isolate process/device peak memory,,,"{""affine_state"": 1, ""constant"": 1, ""time_only"": 2, ""time_state"": 2}",True,,,,,0.1119385546875078,,one_step_common_input,,deterministic_DOP853_trajectory_sanity_non_proof,,0.0003182381043957323,0.0025,,unavailable,1.9004536089487374,1.9004536089487374,1.7279515932314098,unavailable means the backend did not isolate this component; it is not zero,,1,,1,0.0025,van_der_pol,6,0.0025,flowstar,True,2.45009053521187,,63,,flowstar_root_cause_patch,0.10956148029189627
0.0025,1,,,,,,none_one_step,0.0059916436283296015,1.7279515932314098,unavailable,dependency loss requires a matched carry/reset control,True,,,,,False,0.0025,0.0025,1.2559916436283296,endpoint_raw,,,1.1058594475580037,1,unavailable,this protocol did not isolate process/device peak memory,,,"{""affine_state"": 2, ""constant"": 1}",True,,,,,0.3002500000000019,,one_step_common_input,,deterministic_DOP853_trajectory_sanity_non_proof,,1.4392140651695649e-05,0.0025,,unavailable,1.9004536089487374,1.9004536089487374,1.7279515932314098,unavailable means the backend did not isolate this component; it is not zero,,0,,1,0.0025,van_der_pol,3,0.0025,flowstar,True,1.4061238396986557,,63,,flowstar_root_cause_patch,0.30026439214065204
0.0025,1,,,,,,none_one_step,-0.006616513527828438,1.7279515932314098,unavailable,dependency loss requires a matched carry/reset control,True,,,,,False,0.0025,0.0025,2.393383486472172,endpoint_raw,,,2.3405290549199735,1,unavailable,this protocol did not isolate process/device peak memory,,,"{""affine_state"": 2, ""constant"": 1}",True,,,,,0.10510937500000406,,one_step_common_input,,deterministic_DOP853_trajectory_sanity_non_proof,,0.0005994881043952988,0.0025,,unavailable,1.9004536089487374,1.9004536089487374,1.7279515932314098,unavailable means the backend did not isolate this component; it is not zero,,1,,1,0.0025,van_der_pol,3,0.0025,flowstar,True,2.44623791802437,,63,,flowstar_root_cause_patch,0.10570886310439631
0.0025,1,,,,,,none_one_step,0.003062501903035031,1.74807059019804,unavailable,dependency loss requires a matched carry/reset control,True,,,,,False,0.0025,0.0025,1.253062501903035,tube,,,1.099999991379881,4,unavailable,this protocol did not isolate process/device peak memory,,,"{""affine_state"": 1, ""constant"": 1, ""time_only"": 4, ""time_state"": 1, ""time_state_higher"": 6}",True,,,,,0.3062651933583307,,one_step_common_input,,deterministic_DOP853_trajectory_sanity_non_proof,,2.1046308026949952e-08,0.0025,,unavailable,1.9234843580052257,1.9234843580052257,1.74807059019804,unavailable means the backend did not isolate this component; it is not zero,,0,,1,0.0025,van_der_pol,13,0.0025,flowstar,True,1.4061250124261893,,74,,flowstar_root_cause_patch,0.30612502104630823
0.0025,1,,,,,,none_one_step,-0.004716037914112459,1.74807059019804,unavailable,dependency loss requires a matched carry/reset control,True,,,,,False,0.0025,0.0025,2.395283962085888,tube,,,2.3405675168020124,4,unavailable,this protocol did not isolate process/device peak memory,,,"{""affine_state"": 1, ""constant"": 1, ""time_only"": 4, ""time_state"": 2, ""time_state_higher"": 10}",True,,,,,0.11217999827916758,,one_step_common_input,,deterministic_DOP853_trajectory_sanity_non_proof,,7.817896759359438e-07,0.0025,,unavailable,1.9234843580052257,1.9234843580052257,1.74807059019804,unavailable means the backend did not isolate this component; it is not zero,,1,,1,0.0025,van_der_pol,18,0.0025,flowstar,True,2.4500004073697634,,74,,flowstar_root_cause_patch,0.10943289056775107
0.0025,1,,,,,,none_one_step,0.005991837011074308,1.74807059019804,unavailable,dependency loss requires a matched carry/reset control,True,,,,,False,0.0025,0.0025,1.2559918370110743,endpoint_raw,,,1.105863227929184,2,unavailable,this protocol did not isolate process/device peak memory,,,"{""affine_state"": 2, ""constant"": 1, ""state_state"": 2}",True,,,,,0.3002435435075308,,one_step_common_input,,deterministic_DOP853_trajectory_sanity_non_proof,,1.3505906252261935e-05,0.0025,,unavailable,1.9234843580052257,1.9234843580052257,1.74807059019804,unavailable means the backend did not isolate this component; it is not zero,,0,,1,0.0025,van_der_pol,5,0.0025,flowstar,True,1.4061204460929646,,74,,flowstar_root_cause_patch,0.3002572181637806
0.0025,1,,,,,,none_one_step,-0.006547833293448768,1.74807059019804,unavailable,dependency loss requires a matched carry/reset control,True,,,,,False,0.0025,0.0025,2.3934521667065516,endpoint_raw,,,2.3405675176082643,3,unavailable,this protocol did not isolate process/device peak memory,,,"{""affine_state"": 2, ""constant"": 1, ""higher_order"": 1, ""state_state"": 3}",True,,,,,0.10533946784416193,,one_step_common_input,,deterministic_DOP853_trajectory_sanity_non_proof,,0.00029631902429443964,0.0025,,unavailable,1.9234843580052257,1.9234843580052257,1.74807059019804,unavailable means the backend did not isolate this component; it is not zero,,1,,1,0.0025,van_der_pol,7,0.0025,flowstar,True,2.446336815804839,,74,,flowstar_root_cause_patch,0.10576929819657455
0.005,1,,,,,,none_one_step,0.006123841314753298,1.7309585399925709,unavailable,dependency loss requires a matched carry/reset control,True,,,,,False,0.005,0.005,1.2561238413147533,tube,,,1.0999693606980396,2,unavailable,this protocol did not isolate process/device peak memory,,,"{""affine_state"": 1, ""constant"": 1, ""time_only"": 2, ""time_state"": 1}",True,,,,,0.31253250000000365,,one_step_common_input,,deterministic_DOP853_trajectory_sanity_non_proof,,5.896123342715544e-05,0.005,,unavailable,1.9035253841429949,1.9035253841429949,1.7309585399925709,unavailable means the backend did not isolate this component; it is not zero,,0,,1,0.005,van_der_pol,5,0.005,flowstar,True,1.412278321931467,,63,,flowstar_root_cause_patch,0.31230896123342733
0.005,1,,,,,,none_one_step,-0.009427049810168509,1.7309585399925709,unavailable,dependency loss requires a matched carry/reset control,True,,,,,False,0.005,0.005,2.390572950189832,tube,,,2.330872390992493,2,unavailable,this protocol did not isolate process/device peak memory,,,"{""affine_state"": 1, ""constant"": 1, ""time_only"": 2, ""time_state"": 2}",True,,,,,0.12397296875000752,,one_step_common_input,,deterministic_DOP853_trajectory_sanity_non_proof,,0.0008187746446776734,0.005,,unavailable,1.9035253841429949,1.9035253841429949,1.7309585399925709,unavailable means the backend did not isolate this component; it is not zero,,1,,1,0.005,van_der_pol,6,0.005,flowstar,True,2.450273509387171,,63,,flowstar_root_cause_patch,0.11940111839467793
0.005,1,,,,,,none_one_step,0.01196634131475327,1.7309585399925709,unavailable,dependency loss requires a matched carry/reset control,True,,,,,False,0.005,0.005,1.2619663413147533,endpoint_raw,,,1.1116868606980395,1,unavailable,this protocol did not isolate process/device peak memory,,,"{""affine_state"": 2, ""constant"": 1}",True,,,,,0.3005000000000022,,one_step_common_input,,deterministic_DOP853_trajectory_sanity_non_proof,,5.8961233427377484e-05,0.005,,unavailable,1.9035253841429949,1.9035253841429949,1.7309585399925709,unavailable means the backend did not isolate this component; it is not zero,,0,,1,0.005,van_der_pol,3,0.005,flowstar,True,1.412245821931467,,63,,flowstar_root_cause_patch,0.3005589612334276
0.005,1,,,,,,none_one_step,-0.013327596685168253,1.7309585399925709,unavailable,dependency loss requires a matched carry/reset control,True,,,,,False,0.005,0.005,2.386672403314832,endpoint_raw,,,2.330872390992493,1,unavailable,this protocol did not isolate process/device peak memory,,,"{""affine_state"": 2, ""constant"": 1}",True,,,,,0.11021875000000492,,one_step_common_input,,deterministic_DOP853_trajectory_sanity_non_proof,,0.0013812746446772506,0.005,,unavailable,1.9035253841429949,1.9035253841429949,1.7309585399925709,unavailable means the backend did not isolate this component; it is not zero,,1,,1,0.005,van_der_pol,3,0.005,flowstar,True,2.442472415637171,,63,,flowstar_root_cause_patch,0.111600024644678
0.005,1,,,,,,none_one_step,0.0061250154967704695,1.7436988782137632,unavailable,dependency loss requires a matched carry/reset control,True,,,,,False,0.005,0.005,1.2561250154967705,tube,,,1.0999999569670302,4,unavailable,this protocol did not isolate process/device peak memory,,,"{""affine_state"": 1, ""constant"": 1, ""time_only"": 4, ""time_state"": 1, ""time_state_higher"": 6}",True,,,,,0.31256095038716425,,one_step_common_input,,deterministic_DOP853_trajectory_sanity_non_proof,,1.170594805941698e-07,0.005,,unavailable,1.9692922630347311,1.9692922630347311,1.7436988782137632,unavailable means the backend did not isolate this component; it is not zero,,0,,1,0.005,van_der_pol,13,0.005,flowstar,True,1.412250074026511,,85,,flowstar_root_cause_patch,0.3122501170594807
0.005,1,,,,,,none_one_step,-0.009484108077353337,1.7436988782137632,unavailable,dependency loss requires a matched carry/reset control,True,,,,,False,0.005,0.005,2.390515891922647,tube,,,2.3310299429505665,4,unavailable,this protocol did not isolate process/device peak memory,,,"{""affine_state"": 1, ""constant"": 1, ""time_only"": 4, ""time_state"": 2, ""time_state_higher"": 10}",True,,,,,0.12447097647229155,,one_step_common_input,,deterministic_DOP853_trajectory_sanity_non_proof,,3.4506687798310285e-06,0.005,,unavailable,1.9692922630347311,1.9692922630347311,1.7436988782137632,unavailable means the backend did not isolate this component; it is not zero,,1,,1,0.005,van_der_pol,18,0.005,flowstar,True,2.4500018408947275,,85,,flowstar_root_cause_patch,0.11897189794416096
0.005,1,,,,,,none_one_step,0.011967196756649257,1.7436988782137632,unavailable,dependency loss requires a matched carry/reset control,True,,,,,False,0.005,0.005,1.2619671967566493,endpoint_raw,,,1.1117027356945195,2,unavailable,this protocol did not isolate process/device peak memory,,,"{""affine_state"": 2, ""constant"": 1, ""state_state"": 2}",True,,,,,0.3004741574352243,,one_step_common_input,,deterministic_DOP853_trajectory_sanity_non_proof,,5.408968903779156e-05,0.005,,unavailable,1.9692922630347311,1.9692922630347311,1.7436988782137632,unavailable means the backend did not isolate this component; it is not zero,,0,,1,0.005,van_der_pol,5,0.005,flowstar,True,1.412231657818779,,85,,flowstar_root_cause_patch,0.3005289221242595
0.005,1,,,,,,none_one_step,-0.013190957386639113,1.7436988782137632,unavailable,dependency loss requires a matched carry/reset control,True,,,,,False,0.005,0.005,2.3868090426133612,endpoint_raw,,,2.331029955850596,3,unavailable,this protocol did not isolate process/device peak memory,,,"{""affine_state"": 2, ""constant"": 1, ""higher_order"": 1, ""state_state"": 3}",True,,,,,0.11066971990168017,,one_step_common_input,,deterministic_DOP853_trajectory_sanity_non_proof,,0.0006244083113571333,0.005,,unavailable,1.9692922630347311,1.9692922630347311,1.7436988782137632,unavailable means the backend did not isolate this component; it is not zero,,1,,1,0.005,van_der_pol,7,0.005,flowstar,True,2.442588129376127,,85,,flowstar_root_cause_patch,0.11155817352553088
0.01,1,,,,,,none_one_step,0.012243540358853888,1.725895093753934,unavailable,dependency loss requires a matched carry/reset control,True,,,,,False,0.01,0.01,1.2622435403588539,tube,,,1.0998697551690577,2,unavailable,this protocol did not isolate process/device peak memory,,,"{""affine_state"": 1, ""constant"": 1, ""time_only"": 2, ""time_state"": 1}",True,,,,,0.32513000000000325,,one_step_common_input,,deterministic_DOP853_trajectory_sanity_non_proof,,0.0002475703795923073,0.01,,unavailable,1.8985393177717924,1.8985393177717924,1.725895093753934,unavailable means the backend did not isolate this component; it is not zero,,0,,1,0.01,van_der_pol,5,0.01,flowstar,True,1.4246173255486503,,63,,flowstar_root_cause_patch,0.32474757037959257
0.01,1,,,,,,none_one_step,-0.019036593491978948,1.725895093753934,unavailable,dependency loss requires a matched carry/reset control,True,,,,,False,0.01,0.01,2.3809634065080214,tube,,,2.310977460294789,2,unavailable,this protocol did not isolate process/device peak memory,,,"{""affine_state"": 1, ""constant"": 1, ""time_only"": 2, ""time_state"": 2}",True,,,,,0.14832937500000742,,one_step_common_input,,deterministic_DOP853_trajectory_sanity_non_proof,,0.0024237674264648975,0.01,,unavailable,1.8985393177717924,1.8985393177717924,1.725895093753934,unavailable means the backend did not isolate this component; it is not zero,,1,,1,0.01,van_der_pol,6,0.01,flowstar,True,2.450949352721254,,63,,flowstar_root_cause_patch,0.13997189242646524
0.01,1,,,,,,none_one_step,0.023863540358854074,1.725895093753934,unavailable,dependency loss requires a matched carry/reset control,True,,,,,False,0.01,0.01,1.273863540358854,endpoint_raw,,,1.1232397551690576,1,unavailable,this protocol did not isolate process/device peak memory,,,"{""affine_state"": 2, ""constant"": 1}",True,,,,,0.30100000000000193,,one_step_common_input,,deterministic_DOP853_trajectory_sanity_non_proof,,0.0002475703795923073,0.01,,unavailable,1.8985393177717924,1.8985393177717924,1.725895093753934,unavailable means the backend did not isolate this component; it is not zero,,0,,1,0.01,van_der_pol,3,0.01,flowstar,True,1.4244873255486503,,63,,flowstar_root_cause_patch,0.3012475703795927
0.01,1,,,,,,none_one_step,-0.027029405991978894,1.725895093753934,unavailable,dependency loss requires a matched carry/reset control,True,,,,,False,0.01,0.01,2.3729705940080215,endpoint_raw,,,2.310977460294789,1,unavailable,this protocol did not isolate process/device peak memory,,,"{""affine_state"": 2, ""constant"": 1}",True,,,,,0.12043750000000397,,one_step_common_input,,deterministic_DOP853_trajectory_sanity_non_proof,,0.003548767426463608,0.01,,unavailable,1.8985393177717924,1.8985393177717924,1.725895093753934,unavailable means the backend did not isolate this component; it is not zero,,1,,1,0.01,van_der_pol,3,0.01,flowstar,True,2.434963727721254,,63,,flowstar_root_cause_patch,0.12398626742646535
0.01,1,,,,,,none_one_step,0.0122501285804133,1.7252722037956119,unavailable,dependency loss requires a matched carry/reset control,True,,,,,False,0.01,0.01,1.2622501285804133,tube,,,1.099999730917819,4,unavailable,this protocol did not isolate process/device peak memory,,,"{""affine_state"": 1, ""constant"": 1, ""time_only"": 4, ""time_state"": 1, ""time_state_higher"": 6}",True,,,,,0.325245221926296,,one_step_common_input,,deterministic_DOP853_trajectory_sanity_non_proof,,7.953251884180276e-07,0.01,,unavailable,1.9003559718839824,1.9003559718839824,1.7252722037956119,unavailable means the backend did not isolate this component; it is not zero,,0,,1,0.01,van_der_pol,13,0.01,flowstar,True,1.4245005262430077,,85,,flowstar_root_cause_patch,0.3245007953251886
0.01,1,,,,,,none_one_step,-0.019176097737010345,1.7252722037956119,unavailable,dependency loss requires a matched carry/reset control,True,,,,,False,0.01,0.01,2.38082390226299,tube,,,2.3116385755031117,4,unavailable,this protocol did not isolate process/device peak memory,,,"{""affine_state"": 1, ""constant"": 1, ""time_only"": 4, ""time_state"": 2, ""time_state_higher"": 10}",True,,,,,0.14939185013469647,,one_step_common_input,,deterministic_DOP853_trajectory_sanity_non_proof,,1.6767113588192587e-05,0.01,,unavailable,1.9003559718839824,1.9003559718839824,1.7252722037956119,unavailable means the backend did not isolate this component; it is not zero,,1,,1,0.01,van_der_pol,18,0.01,flowstar,True,2.4500092290228688,,85,,flowstar_root_cause_patch,0.13837065351975708
0.01,1,,,,,,none_one_step,0.0238675849884733,1.7252722037956119,unavailable,dependency loss requires a matched carry/reset control,True,,,,,False,0.01,0.01,1.2738675849884733,endpoint_raw,,,1.1233095108167643,2,unavailable,this protocol did not isolate process/device peak memory,,,"{""affine_state"": 2, ""constant"": 1, ""state_state"": 2}",True,,,,,0.3008964969817738,,one_step_common_input,,deterministic_DOP853_trajectory_sanity_non_proof,,0.0002169513616463887,0.01,,unavailable,1.9003559718839824,1.9003559718839824,1.7252722037956119,unavailable means the backend did not isolate this component; it is not zero,,0,,1,0.01,van_der_pol,5,0.01,flowstar,True,1.424425659160182,,85,,flowstar_root_cause_patch,0.3011161483434177
0.01,1,,,,,,none_one_step,-0.026760759909500997,1.7252722037956119,unavailable,dependency loss requires a matched carry/reset control,True,,,,,False,0.01,0.01,2.3732392400904994,endpoint_raw,,,2.3116387819035777,3,unavailable,this protocol did not isolate process/device peak memory,,,"{""affine_state"": 2, ""constant"": 1, ""higher_order"": 1, ""state_state"": 3}",True,,,,,0.12129866780713616,,one_step_common_input,,deterministic_DOP853_trajectory_sanity_non_proof,,0.0013860673167131717,0.01,,unavailable,1.9003559718839824,1.9003559718839824,1.7252722037956119,unavailable means the backend did not isolate this component; it is not zero,,1,,1,0.01,van_der_pol,7,0.01,flowstar,True,2.4348396982774205,,85,,flowstar_root_cause_patch,0.12320091637384278
0.02,1,,,,,,none_one_step,0.024460265613185594,1.7410556399263442,unavailable,dependency loss requires a matched carry/reset control,True,,,,,False,0.02,0.02,1.2744602656131856,tube,,,1.0994130559737552,2,unavailable,this protocol did not isolate process/device peak memory,,,"{""affine_state"": 1, ""constant"": 1, ""time_only"": 2, ""time_state"": 1}",True,,,,,0.3505200000000033,,one_step_common_input,,deterministic_DOP853_trajectory_sanity_non_proof,,0.0010944192788604817,0.02,,unavailable,1.9138968493789434,1.9138968493789434,1.7410556399263442,unavailable means the backend did not isolate this component; it is not zero,,0,,1,0.02,van_der_pol,5,0.02,flowstar,True,1.4495074752526158,,63,,flowstar_root_cause_patch,0.35009441927886065
0.02,1,,,,,,none_one_step,-0.038768046160608804,1.7410556399263442,unavailable,dependency loss requires a matched carry/reset control,True,,,,,False,0.02,0.02,2.3612319538393916,tube,,,2.2686661357365683,2,unavailable,this protocol did not isolate process/device peak memory,,,"{""affine_state"": 1, ""constant"": 1, ""time_only"": 2, ""time_state"": 2}",True,,,,,0.19819250000000777,,one_step_common_input,,deterministic_DOP853_trajectory_sanity_non_proof,,0.00850163620564562,0.02,,unavailable,1.9138968493789434,1.9138968493789434,1.7410556399263442,unavailable means the backend did not isolate this component; it is not zero,,1,,1,0.02,van_der_pol,6,0.02,flowstar,True,2.4537977719422144,,63,,flowstar_root_cause_patch,0.1851316362056461
0.02,1,,,,,,none_one_step,0.04744026561318537,1.7410556399263442,unavailable,dependency loss requires a matched carry/reset control,True,,,,,False,0.02,0.02,1.2974402656131854,endpoint_raw,,,1.145893055973755,1,unavailable,this protocol did not isolate process/device peak memory,,,"{""affine_state"": 2, ""constant"": 1}",True,,,,,0.3020000000000018,,one_step_common_input,,deterministic_DOP853_trajectory_sanity_non_proof,,0.0010944192788604817,0.02,,unavailable,1.9138968493789434,1.9138968493789434,1.7410556399263442,unavailable means the backend did not isolate this component; it is not zero,,0,,1,0.02,van_der_pol,3,0.02,flowstar,True,1.4489874752526157,,63,,flowstar_root_cause_patch,0.3030944192788607
0.02,1,,,,,,none_one_step,-0.05552054616060875,1.7410556399263442,unavailable,dependency loss requires a matched carry/reset control,True,,,,,False,0.02,0.02,2.3444794538393916,endpoint_raw,,,2.2686661357365683,1,unavailable,this protocol did not isolate process/device peak memory,,,"{""affine_state"": 2, ""constant"": 1}",True,,,,,0.14087500000000386,,one_step_common_input,,deterministic_DOP853_trajectory_sanity_non_proof,,0.010751636205644375,0.02,,unavailable,1.9138968493789434,1.9138968493789434,1.7410556399263442,unavailable means the backend did not isolate this component; it is not zero,,1,,1,0.02,van_der_pol,3,0.02,flowstar,True,2.4202927719422145,,63,,flowstar_root_cause_patch,0.1516266362056462
0.02,1,,,,,,none_one_step,0.024501109365531182,1.725671673193574,unavailable,dependency loss requires a matched carry/reset control,True,,,,,False,0.02,0.02,1.2745011093655312,tube,,,1.0999976231089645,4,unavailable,this protocol did not isolate process/device peak memory,,,"{""affine_state"": 1, ""constant"": 1, ""time_only"": 4, ""time_state"": 1, ""time_state_higher"": 6}",True,,,,,0.3509923266747985,,one_step_common_input,,deterministic_DOP853_trajectory_sanity_non_proof,,6.972513132767658e-06,0.02,,unavailable,1.9011792191304266,1.9011792191304266,1.725671673193574,unavailable means the backend did not isolate this component; it is not zero,,0,,1,0.02,van_der_pol,13,0.02,flowstar,True,1.4490045956220976,,85,,flowstar_root_cause_patch,0.34900697251313306
0.02,1,,,,,,none_one_step,-0.03918198246333482,1.725671673193574,unavailable,dependency loss requires a matched carry/reset control,True,,,,,False,0.02,0.02,2.3608180175366655,tube,,,2.271580973143627,4,unavailable,this protocol did not isolate process/device peak memory,,,"{""affine_state"": 1, ""constant"": 1, ""time_only"": 4, ""time_state"": 2, ""time_state_higher"": 10}",True,,,,,0.2006321929061765,,one_step_common_input,,deterministic_DOP853_trajectory_sanity_non_proof,,9.776472422733278e-05,0.02,,unavailable,1.9011792191304266,1.9011792191304266,1.725671673193574,unavailable means the backend did not isolate this component; it is not zero,,1,,1,0.02,van_der_pol,18,0.02,flowstar,True,2.450055061929704,,85,,flowstar_root_cause_patch,0.17847408878607673
0.02,1,,,,,,none_one_step,0.04746086189448939,1.725671673193574,unavailable,dependency loss requires a matched carry/reset control,True,,,,,False,0.02,0.02,1.2974608618944894,endpoint_raw,,,1.146226138565006,2,unavailable,this protocol did not isolate process/device peak memory,,,"{""affine_state"": 2, ""constant"": 1, ""state_state"": 2}",True,,,,,0.30158492585416985,,one_step_common_input,,deterministic_DOP853_trajectory_sanity_non_proof,,0.0008737208047989871,0.02,,unavailable,1.9011792191304266,1.9011792191304266,1.725671673193574,unavailable means the backend did not isolate this component; it is not zero,,0,,1,0.02,van_der_pol,5,0.02,flowstar,True,1.4486955852239727,,85,,flowstar_root_cause_patch,0.3024694466589666
0.02,1,,,,,,none_one_step,-0.05501751223328277,1.725671673193574,unavailable,dependency loss requires a matched carry/reset control,True,,,,,False,0.02,0.02,2.3449824877667176,endpoint_raw,,,2.2715842755510884,3,unavailable,this protocol did not isolate process/device peak memory,,,"{""affine_state"": 2, ""constant"": 1, ""higher_order"": 1, ""state_state"": 3}",True,,,,,0.1424029768320385,,one_step_common_input,,deterministic_DOP853_trajectory_sanity_non_proof,,0.00340872259922702,0.02,,unavailable,1.9011792191304266,1.9011792191304266,1.725671673193574,unavailable means the backend did not isolate this component; it is not zero,,1,,1,0.02,van_der_pol,7,0.02,flowstar,True,2.418380699982347,,85,,flowstar_root_cause_patch,0.14679642443125873
