tool,source_commit,run_id,accepted_step_index,attempt_index,retry_index,t_pre_decimal,t_pre_hex,h_attempt_decimal,h_attempt_hex,accepted,rejection_reason,state_component,stage,validation_status,subset_margin_x,subset_margin_y
torch,cdda27bf2c0e7f72e135edbfd2b2ba10a8c5f96d,torch-authoritative-observation-20260806,0,0,0,0,0x0.0p+0,0.01,0x1.47ae147ae147bp-7,True,,-1,acceptance_predicate,validated,9.8999997e-05,8.110169058223875e-05
torch,cdda27bf2c0e7f72e135edbfd2b2ba10a8c5f96d,torch-authoritative-observation-20260806,1,1,0,0.01,0x1.47ae147ae147bp-7,0.01,0x1.47ae147ae147bp-7,True,,-1,acceptance_predicate,validated,9.8999997e-05,8.047873278435237e-05
torch,cdda27bf2c0e7f72e135edbfd2b2ba10a8c5f96d,torch-authoritative-observation-20260806,2,2,0,0.02,0x1.47ae147ae147bp-6,0.01,0x1.47ae147ae147bp-7,True,,-1,acceptance_predicate,validated,9.8999997e-05,7.986451942850653e-05
torch,cdda27bf2c0e7f72e135edbfd2b2ba10a8c5f96d,torch-authoritative-observation-20260806,3,3,0,0.029999999999999999,0x1.eb851eb851eb8p-6,0.01,0x1.47ae147ae147bp-7,True,,-1,acceptance_predicate,validated,9.8999997e-05,7.926185990781473e-05
torch,cdda27bf2c0e7f72e135edbfd2b2ba10a8c5f96d,torch-authoritative-observation-20260806,4,4,0,0.040000000000000001,0x1.47ae147ae147bp-5,0.01,0x1.47ae147ae147bp-7,True,,-1,acceptance_predicate,validated,9.8999997e-05,7.867639381040802e-05
torch,cdda27bf2c0e7f72e135edbfd2b2ba10a8c5f96d,torch-authoritative-observation-20260806,5,5,0,0.050000000000000003,0x1.999999999999ap-5,0.01,0x1.47ae147ae147bp-7,True,,-1,acceptance_predicate,validated,9.8999997e-05,7.811265959433293e-05
torch,cdda27bf2c0e7f72e135edbfd2b2ba10a8c5f96d,torch-authoritative-observation-20260806,6,6,0,0.059999999999999998,0x1.eb851eb851eb8p-5,0.01,0x1.47ae147ae147bp-7,True,,-1,acceptance_predicate,validated,9.8999997e-05,7.757513196634854e-05
torch,cdda27bf2c0e7f72e135edbfd2b2ba10a8c5f96d,torch-authoritative-observation-20260806,7,7,0,0.070000000000000007,0x1.1eb851eb851ecp-4,0.01,0x1.47ae147ae147bp-7,True,,-1,acceptance_predicate,validated,9.8999997e-05,7.706801034654078e-05
torch,cdda27bf2c0e7f72e135edbfd2b2ba10a8c5f96d,torch-authoritative-observation-20260806,8,8,0,0.080000000000000002,0x1.47ae147ae147bp-4,0.01,0x1.47ae147ae147bp-7,True,,-1,acceptance_predicate,validated,9.8999997e-05,7.659584134741017e-05
torch,cdda27bf2c0e7f72e135edbfd2b2ba10a8c5f96d,torch-authoritative-observation-20260806,9,9,0,0.089999999999999997,0x1.70a3d70a3d70ap-4,0.01,0x1.47ae147ae147bp-7,True,,-1,acceptance_predicate,validated,9.8999997e-05,7.616266673416577e-05
torch,cdda27bf2c0e7f72e135edbfd2b2ba10a8c5f96d,torch-authoritative-observation-20260806,10,10,0,0.10000000000000001,0x1.999999999999ap-4,0.01,0x1.47ae147ae147bp-7,True,,-1,acceptance_predicate,validated,9.8999997e-05,7.57712317304543e-05
torch,cdda27bf2c0e7f72e135edbfd2b2ba10a8c5f96d,torch-authoritative-observation-20260806,11,11,0,0.11,0x1.c28f5c28f5c29p-4,0.01,0x1.47ae147ae147bp-7,True,,-1,acceptance_predicate,validated,9.8999997e-05,7.533966413167911e-05
torch,cdda27bf2c0e7f72e135edbfd2b2ba10a8c5f96d,torch-authoritative-observation-20260806,12,12,0,0.12,0x1.eb851eb851eb8p-4,0.01,0x1.47ae147ae147bp-7,True,,-1,acceptance_predicate,validated,9.8999997e-05,7.493986877029435e-05
torch,cdda27bf2c0e7f72e135edbfd2b2ba10a8c5f96d,torch-authoritative-observation-20260806,13,13,0,0.13,0x1.0a3d70a3d70a4p-3,0.01,0x1.47ae147ae147bp-7,True,,-1,acceptance_predicate,validated,9.8999997e-05,7.459338721151488e-05
torch,cdda27bf2c0e7f72e135edbfd2b2ba10a8c5f96d,torch-authoritative-observation-20260806,14,14,0,0.14000000000000001,0x1.1eb851eb851ecp-3,0.01,0x1.47ae147ae147bp-7,True,,-1,acceptance_predicate,validated,9.8999997e-05,7.430294834807479e-05
torch,cdda27bf2c0e7f72e135edbfd2b2ba10a8c5f96d,torch-authoritative-observation-20260806,15,15,0,0.14999999999999999,0x1.3333333333333p-3,0.01,0x1.47ae147ae147bp-7,True,,-1,acceptance_predicate,validated,9.8999997e-05,7.407081851880426e-05
torch,cdda27bf2c0e7f72e135edbfd2b2ba10a8c5f96d,torch-authoritative-observation-20260806,16,16,0,0.16,0x1.47ae147ae147bp-3,0.01,0x1.47ae147ae147bp-7,True,,-1,acceptance_predicate,validated,9.8999997e-05,7.38985133041965e-05
torch,cdda27bf2c0e7f72e135edbfd2b2ba10a8c5f96d,torch-authoritative-observation-20260806,17,17,0,0.17000000000000001,0x1.5c28f5c28f5c3p-3,0.01,0x1.47ae147ae147bp-7,True,,-1,acceptance_predicate,validated,9.8999997e-05,7.378693508488492e-05
torch,cdda27bf2c0e7f72e135edbfd2b2ba10a8c5f96d,torch-authoritative-observation-20260806,18,18,0,0.17999999999999999,0x1.70a3d70a3d70ap-3,0.01,0x1.47ae147ae147bp-7,True,,-1,acceptance_predicate,validated,9.8999997e-05,7.373634984321263e-05
torch,cdda27bf2c0e7f72e135edbfd2b2ba10a8c5f96d,torch-authoritative-observation-20260806,19,19,0,0.19,0x1.851eb851eb852p-3,0.01,0x1.47ae147ae147bp-7,True,,-1,acceptance_predicate,validated,9.8999997e-05,7.374578556318536e-05
torch,cdda27bf2c0e7f72e135edbfd2b2ba10a8c5f96d,torch-authoritative-observation-20260806,20,20,0,0.20000000000000001,0x1.999999999999ap-3,0.01,0x1.47ae147ae147bp-7,True,,-1,acceptance_predicate,validated,9.8999997e-05,7.377161758118283e-05
torch,cdda27bf2c0e7f72e135edbfd2b2ba10a8c5f96d,torch-authoritative-observation-20260806,21,21,0,0.20999999999999999,0x1.ae147ae147ae1p-3,0.01,0x1.47ae147ae147bp-7,True,,-1,acceptance_predicate,validated,9.8999997e-05,7.382480795511349e-05
torch,cdda27bf2c0e7f72e135edbfd2b2ba10a8c5f96d,torch-authoritative-observation-20260806,22,22,0,0.22,0x1.c28f5c28f5c29p-3,0.01,0x1.47ae147ae147bp-7,True,,-1,acceptance_predicate,validated,9.8999997e-05,7.393179571877343e-05
torch,cdda27bf2c0e7f72e135edbfd2b2ba10a8c5f96d,torch-authoritative-observation-20260806,23,23,0,0.23000000000000001,0x1.d70a3d70a3d71p-3,0.01,0x1.47ae147ae147bp-7,True,,-1,acceptance_predicate,validated,9.8999997e-05,7.409090387118087e-05
torch,cdda27bf2c0e7f72e135edbfd2b2ba10a8c5f96d,torch-authoritative-observation-20260806,24,24,0,0.23999999999999999,0x1.eb851eb851eb8p-3,0.01,0x1.47ae147ae147bp-7,True,,-1,acceptance_predicate,validated,9.8999997e-05,7.429987622794982e-05
torch,cdda27bf2c0e7f72e135edbfd2b2ba10a8c5f96d,torch-authoritative-observation-20260806,25,25,0,0.25,0x1.0000000000000p-2,0.01,0x1.47ae147ae147bp-7,True,,-1,acceptance_predicate,validated,9.8999997e-05,7.455635493315818e-05
torch,cdda27bf2c0e7f72e135edbfd2b2ba10a8c5f96d,torch-authoritative-observation-20260806,26,26,0,0.26000000000000001,0x1.0a3d70a3d70a4p-2,0.01,0x1.47ae147ae147bp-7,True,,-1,acceptance_predicate,validated,9.8999997e-05,7.485746234326695e-05
torch,cdda27bf2c0e7f72e135edbfd2b2ba10a8c5f96d,torch-authoritative-observation-20260806,27,27,0,0.27000000000000002,0x1.147ae147ae148p-2,0.01,0x1.47ae147ae147bp-7,True,,-1,acceptance_predicate,validated,9.8999997e-05,7.520002728211706e-05
torch,cdda27bf2c0e7f72e135edbfd2b2ba10a8c5f96d,torch-authoritative-observation-20260806,28,28,0,0.28000000000000003,0x1.1eb851eb851ecp-2,0.01,0x1.47ae147ae147bp-7,True,,-1,acceptance_predicate,validated,9.8999997e-05,7.55808832505746e-05
torch,cdda27bf2c0e7f72e135edbfd2b2ba10a8c5f96d,torch-authoritative-observation-20260806,29,29,0,0.28999999999999998,0x1.28f5c28f5c28fp-2,0.01,0x1.47ae147ae147bp-7,True,,-1,acceptance_predicate,validated,9.8999997e-05,7.599627407224994e-05
torch,cdda27bf2c0e7f72e135edbfd2b2ba10a8c5f96d,torch-authoritative-observation-20260806,30,30,0,0.29999999999999999,0x1.3333333333333p-2,0.01,0x1.47ae147ae147bp-7,True,,-1,acceptance_predicate,validated,9.8999997e-05,7.644174497561576e-05
torch,cdda27bf2c0e7f72e135edbfd2b2ba10a8c5f96d,torch-authoritative-observation-20260806,31,31,0,0.31,0x1.3d70a3d70a3d7p-2,0.01,0x1.47ae147ae147bp-7,True,,-1,acceptance_predicate,validated,9.8999997e-05,7.690452455952245e-05
torch,cdda27bf2c0e7f72e135edbfd2b2ba10a8c5f96d,torch-authoritative-observation-20260806,32,32,0,0.32000000000000001,0x1.47ae147ae147bp-2,0.01,0x1.47ae147ae147bp-7,True,,-1,acceptance_predicate,validated,9.8999997e-05,7.733706358752357e-05
torch,cdda27bf2c0e7f72e135edbfd2b2ba10a8c5f96d,torch-authoritative-observation-20260806,33,33,0,0.33000000000000002,0x1.51eb851eb851fp-2,0.01,0x1.47ae147ae147bp-7,True,,-1,acceptance_predicate,validated,9.8999997e-05,7.779036849075234e-05
torch,cdda27bf2c0e7f72e135edbfd2b2ba10a8c5f96d,torch-authoritative-observation-20260806,34,34,0,0.34000000000000002,0x1.5c28f5c28f5c3p-2,0.01,0x1.47ae147ae147bp-7,True,,-1,acceptance_predicate,validated,9.8999997e-05,7.826901805679832e-05
torch,cdda27bf2c0e7f72e135edbfd2b2ba10a8c5f96d,torch-authoritative-observation-20260806,35,35,0,0.35000000000000003,0x1.6666666666667p-2,0.01,0x1.47ae147ae147bp-7,True,,-1,acceptance_predicate,validated,9.8999997e-05,7.87631128449993e-05
torch,cdda27bf2c0e7f72e135edbfd2b2ba10a8c5f96d,torch-authoritative-observation-20260806,36,36,0,0.35999999999999999,0x1.70a3d70a3d70ap-2,0.01,0x1.47ae147ae147bp-7,True,,-1,acceptance_predicate,validated,9.8999997e-05,7.927361904865981e-05
torch,cdda27bf2c0e7f72e135edbfd2b2ba10a8c5f96d,torch-authoritative-observation-20260806,37,37,0,0.37,0x1.7ae147ae147aep-2,0.01,0x1.47ae147ae147bp-7,True,,-1,acceptance_predicate,validated,9.8999997e-05,7.979775985896177e-05
torch,cdda27bf2c0e7f72e135edbfd2b2ba10a8c5f96d,torch-authoritative-observation-20260806,38,38,0,0.38,0x1.851eb851eb852p-2,0.01,0x1.47ae147ae147bp-7,True,,-1,acceptance_predicate,validated,9.8999997e-05,8.03316507443657e-05
torch,cdda27bf2c0e7f72e135edbfd2b2ba10a8c5f96d,torch-authoritative-observation-20260806,39,39,0,0.39000000000000001,0x1.8f5c28f5c28f6p-2,0.01,0x1.47ae147ae147bp-7,True,,-1,acceptance_predicate,validated,9.8999997e-05,8.087125263328752e-05
torch,cdda27bf2c0e7f72e135edbfd2b2ba10a8c5f96d,torch-authoritative-observation-20260806,40,40,0,0.40000000000000002,0x1.999999999999ap-2,0.01,0x1.47ae147ae147bp-7,True,,-1,acceptance_predicate,validated,9.8999997e-05,8.141404307868927e-05
torch,cdda27bf2c0e7f72e135edbfd2b2ba10a8c5f96d,torch-authoritative-observation-20260806,41,41,0,0.41000000000000003,0x1.a3d70a3d70a3ep-2,0.01,0x1.47ae147ae147bp-7,True,,-1,acceptance_predicate,validated,9.8999997e-05,8.195701273651487e-05
torch,cdda27bf2c0e7f72e135edbfd2b2ba10a8c5f96d,torch-authoritative-observation-20260806,42,42,0,0.41999999999999998,0x1.ae147ae147ae1p-2,0.01,0x1.47ae147ae147bp-7,True,,-1,acceptance_predicate,validated,9.8999997e-05,8.249751009505199e-05
torch,cdda27bf2c0e7f72e135edbfd2b2ba10a8c5f96d,torch-authoritative-observation-20260806,43,43,0,0.42999999999999999,0x1.b851eb851eb85p-2,0.01,0x1.47ae147ae147bp-7,True,,-1,acceptance_predicate,validated,9.8999997e-05,8.303312222028422e-05
torch,cdda27bf2c0e7f72e135edbfd2b2ba10a8c5f96d,torch-authoritative-observation-20260806,44,44,0,0.44,0x1.c28f5c28f5c29p-2,0.01,0x1.47ae147ae147bp-7,True,,-1,acceptance_predicate,validated,9.8999997e-05,8.351633413534552e-05
torch,cdda27bf2c0e7f72e135edbfd2b2ba10a8c5f96d,torch-authoritative-observation-20260806,45,45,0,0.45000000000000001,0x1.ccccccccccccdp-2,0.01,0x1.47ae147ae147bp-7,True,,-1,acceptance_predicate,validated,9.8999997e-05,8.393737423451682e-05
torch,cdda27bf2c0e7f72e135edbfd2b2ba10a8c5f96d,torch-authoritative-observation-20260806,46,46,0,0.46000000000000002,0x1.d70a3d70a3d71p-2,0.01,0x1.47ae147ae147bp-7,True,,-1,acceptance_predicate,validated,9.8999997e-05,8.433473485828827e-05
torch,cdda27bf2c0e7f72e135edbfd2b2ba10a8c5f96d,torch-authoritative-observation-20260806,47,47,0,0.47000000000000003,0x1.e147ae147ae15p-2,0.01,0x1.47ae147ae147bp-7,True,,-1,acceptance_predicate,validated,9.8999997e-05,8.468911548501073e-05
torch,cdda27bf2c0e7f72e135edbfd2b2ba10a8c5f96d,torch-authoritative-observation-20260806,48,48,0,0.47999999999999998,0x1.eb851eb851eb8p-2,0.01,0x1.47ae147ae147bp-7,True,,-1,acceptance_predicate,validated,9.8999997e-05,8.504325212296699e-05
torch,cdda27bf2c0e7f72e135edbfd2b2ba10a8c5f96d,torch-authoritative-observation-20260806,49,49,0,0.48999999999999999,0x1.f5c28f5c28f5cp-2,0.01,0x1.47ae147ae147bp-7,True,,-1,acceptance_predicate,validated,9.8999997e-05,8.539663938783874e-05
torch,cdda27bf2c0e7f72e135edbfd2b2ba10a8c5f96d,torch-authoritative-observation-20260806,50,50,0,0.5,0x1.0000000000000p-1,0.01,0x1.47ae147ae147bp-7,True,,-1,acceptance_predicate,validated,9.8999997e-05,8.574815476083654e-05
torch,cdda27bf2c0e7f72e135edbfd2b2ba10a8c5f96d,torch-authoritative-observation-20260806,51,51,0,0.51000000000000001,0x1.051eb851eb852p-1,0.01,0x1.47ae147ae147bp-7,True,,-1,acceptance_predicate,validated,9.8999997e-05,8.609659021165014e-05
torch,cdda27bf2c0e7f72e135edbfd2b2ba10a8c5f96d,torch-authoritative-observation-20260806,52,52,0,0.52000000000000002,0x1.0a3d70a3d70a4p-1,0.01,0x1.47ae147ae147bp-7,True,,-1,acceptance_predicate,validated,9.8999997e-05,8.644104564647246e-05
torch,cdda27bf2c0e7f72e135edbfd2b2ba10a8c5f96d,torch-authoritative-observation-20260806,53,53,0,0.53000000000000003,0x1.0f5c28f5c28f6p-1,0.01,0x1.47ae147ae147bp-7,True,,-1,acceptance_predicate,validated,9.8999997e-05,8.678090466171095e-05
torch,cdda27bf2c0e7f72e135edbfd2b2ba10a8c5f96d,torch-authoritative-observation-20260806,54,54,0,0.54000000000000004,0x1.147ae147ae148p-1,0.01,0x1.47ae147ae147bp-7,True,,-1,acceptance_predicate,validated,9.8999997e-05,8.711216271016156e-05
torch,cdda27bf2c0e7f72e135edbfd2b2ba10a8c5f96d,torch-authoritative-observation-20260806,55,55,0,0.55000000000000004,0x1.199999999999ap-1,0.01,0x1.47ae147ae147bp-7,True,,-1,acceptance_predicate,validated,9.8999997e-05,8.743569429553485e-05
torch,cdda27bf2c0e7f72e135edbfd2b2ba10a8c5f96d,torch-authoritative-observation-20260806,56,56,0,0.56000000000000005,0x1.1eb851eb851ecp-1,0.01,0x1.47ae147ae147bp-7,True,,-1,acceptance_predicate,validated,9.8999997e-05,8.775295413961906e-05
torch,cdda27bf2c0e7f72e135edbfd2b2ba10a8c5f96d,torch-authoritative-observation-20260806,57,57,0,0.57000000000000006,0x1.23d70a3d70a3ep-1,0.01,0x1.47ae147ae147bp-7,True,,-1,acceptance_predicate,validated,9.8999997e-05,8.80580909335399e-05
torch,cdda27bf2c0e7f72e135edbfd2b2ba10a8c5f96d,torch-authoritative-observation-20260806,58,58,0,0.57999999999999996,0x1.28f5c28f5c28fp-1,0.01,0x1.47ae147ae147bp-7,True,,-1,acceptance_predicate,validated,9.8999997e-05,8.83559013068826e-05
torch,cdda27bf2c0e7f72e135edbfd2b2ba10a8c5f96d,torch-authoritative-observation-20260806,59,59,0,0.58999999999999997,0x1.2e147ae147ae1p-1,0.01,0x1.47ae147ae147bp-7,True,,-1,acceptance_predicate,validated,9.8999997e-05,8.864713223475943e-05
torch,cdda27bf2c0e7f72e135edbfd2b2ba10a8c5f96d,torch-authoritative-observation-20260806,60,60,0,0.59999999999999998,0x1.3333333333333p-1,0.01,0x1.47ae147ae147bp-7,True,,-1,acceptance_predicate,validated,9.8999997e-05,8.893149270572739e-05
torch,cdda27bf2c0e7f72e135edbfd2b2ba10a8c5f96d,torch-authoritative-observation-20260806,61,61,0,0.60999999999999999,0x1.3851eb851eb85p-1,0.01,0x1.47ae147ae147bp-7,True,,-1,acceptance_predicate,validated,9.8999997e-05,8.92087452764005e-05
torch,cdda27bf2c0e7f72e135edbfd2b2ba10a8c5f96d,torch-authoritative-observation-20260806,62,62,0,0.62,0x1.3d70a3d70a3d7p-1,0.01,0x1.47ae147ae147bp-7,True,,-1,acceptance_predicate,validated,9.8999997e-05,8.94787123801172e-05
torch,cdda27bf2c0e7f72e135edbfd2b2ba10a8c5f96d,torch-authoritative-observation-20260806,63,63,0,0.63,0x1.428f5c28f5c29p-1,0.01,0x1.47ae147ae147bp-7,True,,-1,acceptance_predicate,validated,9.8999997e-05,8.974125846120699e-05
torch,cdda27bf2c0e7f72e135edbfd2b2ba10a8c5f96d,torch-authoritative-observation-20260806,64,64,0,0.64000000000000001,0x1.47ae147ae147bp-1,0.01,0x1.47ae147ae147bp-7,True,,-1,acceptance_predicate,validated,9.8999997e-05,8.99962991598582e-05
torch,cdda27bf2c0e7f72e135edbfd2b2ba10a8c5f96d,torch-authoritative-observation-20260806,65,65,0,0.65000000000000002,0x1.4cccccccccccdp-1,0.01,0x1.47ae147ae147bp-7,True,,-1,acceptance_predicate,validated,9.8999997e-05,9.024381402637598e-05
torch,cdda27bf2c0e7f72e135edbfd2b2ba10a8c5f96d,torch-authoritative-observation-20260806,66,66,0,0.66000000000000003,0x1.51eb851eb851fp-1,0.01,0x1.47ae147ae147bp-7,True,,-1,acceptance_predicate,validated,9.8999997e-05,9.045350698897921e-05
torch,cdda27bf2c0e7f72e135edbfd2b2ba10a8c5f96d,torch-authoritative-observation-20260806,67,67,0,0.67000000000000004,0x1.570a3d70a3d71p-1,0.01,0x1.47ae147ae147bp-7,True,,-1,acceptance_predicate,validated,9.8999997e-05,9.052061756347001e-05
torch,cdda27bf2c0e7f72e135edbfd2b2ba10a8c5f96d,torch-authoritative-observation-20260806,68,68,0,0.68000000000000005,0x1.5c28f5c28f5c3p-1,0.01,0x1.47ae147ae147bp-7,True,,-1,acceptance_predicate,validated,9.8999997e-05,9.058543586898907e-05
torch,cdda27bf2c0e7f72e135edbfd2b2ba10a8c5f96d,torch-authoritative-observation-20260806,69,69,0,0.69000000000000006,0x1.6147ae147ae15p-1,0.01,0x1.47ae147ae147bp-7,True,,-1,acceptance_predicate,validated,9.8999997e-05,9.064771875555577e-05
torch,cdda27bf2c0e7f72e135edbfd2b2ba10a8c5f96d,torch-authoritative-observation-20260806,70,70,0,0.70000000000000007,0x1.6666666666667p-1,0.01,0x1.47ae147ae147bp-7,True,,-1,acceptance_predicate,validated,9.8999997e-05,9.070265536585962e-05
torch,cdda27bf2c0e7f72e135edbfd2b2ba10a8c5f96d,torch-authoritative-observation-20260806,71,71,0,0.70999999999999996,0x1.6b851eb851eb8p-1,0.01,0x1.47ae147ae147bp-7,True,,-1,acceptance_predicate,validated,9.8999997e-05,9.075644918869427e-05
torch,cdda27bf2c0e7f72e135edbfd2b2ba10a8c5f96d,torch-authoritative-observation-20260806,72,72,0,0.71999999999999997,0x1.70a3d70a3d70ap-1,0.01,0x1.47ae147ae147bp-7,True,,-1,acceptance_predicate,validated,9.8999997e-05,9.080901803657915e-05
torch,cdda27bf2c0e7f72e135edbfd2b2ba10a8c5f96d,torch-authoritative-observation-20260806,73,73,0,0.72999999999999998,0x1.75c28f5c28f5cp-1,0.01,0x1.47ae147ae147bp-7,True,,-1,acceptance_predicate,validated,9.8999997e-05,9.086029966297092e-05
torch,cdda27bf2c0e7f72e135edbfd2b2ba10a8c5f96d,torch-authoritative-observation-20260806,74,74,0,0.73999999999999999,0x1.7ae147ae147aep-1,0.01,0x1.47ae147ae147bp-7,True,,-1,acceptance_predicate,validated,9.8999997e-05,9.090852511735511e-05
torch,cdda27bf2c0e7f72e135edbfd2b2ba10a8c5f96d,torch-authoritative-observation-20260806,75,75,0,0.75,0x1.8000000000000p-1,0.01,0x1.47ae147ae147bp-7,True,,-1,acceptance_predicate,validated,9.8999997e-05,9.095472580280465e-05
torch,cdda27bf2c0e7f72e135edbfd2b2ba10a8c5f96d,torch-authoritative-observation-20260806,76,76,0,0.76000000000000001,0x1.851eb851eb852p-1,0.01,0x1.47ae147ae147bp-7,True,,-1,acceptance_predicate,validated,9.8999997e-05,9.099970744426333e-05
torch,cdda27bf2c0e7f72e135edbfd2b2ba10a8c5f96d,torch-authoritative-observation-20260806,77,77,0,0.77000000000000002,0x1.8a3d70a3d70a4p-1,0.01,0x1.47ae147ae147bp-7,True,,-1,acceptance_predicate,validated,9.8999997e-05,9.104338083126041e-05
torch,cdda27bf2c0e7f72e135edbfd2b2ba10a8c5f96d,torch-authoritative-observation-20260806,78,78,0,0.78000000000000003,0x1.8f5c28f5c28f6p-1,0.01,0x1.47ae147ae147bp-7,True,,-1,acceptance_predicate,validated,9.8999997e-05,9.108589771914902e-05
torch,cdda27bf2c0e7f72e135edbfd2b2ba10a8c5f96d,torch-authoritative-observation-20260806,79,79,0,0.79000000000000004,0x1.947ae147ae148p-1,0.01,0x1.47ae147ae147bp-7,True,,-1,acceptance_predicate,validated,9.8999997e-05,9.112698146782825e-05
torch,cdda27bf2c0e7f72e135edbfd2b2ba10a8c5f96d,torch-authoritative-observation-20260806,80,80,0,0.80000000000000004,0x1.999999999999ap-1,0.01,0x1.47ae147ae147bp-7,True,,-1,acceptance_predicate,validated,9.8999997e-05,9.116693628069799e-05
torch,cdda27bf2c0e7f72e135edbfd2b2ba10a8c5f96d,torch-authoritative-observation-20260806,81,81,0,0.81000000000000005,0x1.9eb851eb851ecp-1,0.01,0x1.47ae147ae147bp-7,True,,-1,acceptance_predicate,validated,9.8999997e-05,9.120576860438522e-05
torch,cdda27bf2c0e7f72e135edbfd2b2ba10a8c5f96d,torch-authoritative-observation-20260806,82,82,0,0.82000000000000006,0x1.a3d70a3d70a3ep-1,0.01,0x1.47ae147ae147bp-7,True,,-1,acceptance_predicate,validated,9.8999997e-05,9.124350487456218e-05
torch,cdda27bf2c0e7f72e135edbfd2b2ba10a8c5f96d,torch-authoritative-observation-20260806,83,83,0,0.83000000000000007,0x1.a8f5c28f5c290p-1,0.01,0x1.47ae147ae147bp-7,True,,-1,acceptance_predicate,validated,9.8999997e-05,9.12799606525784e-05
torch,cdda27bf2c0e7f72e135edbfd2b2ba10a8c5f96d,torch-authoritative-observation-20260806,84,84,0,0.83999999999999997,0x1.ae147ae147ae1p-1,0.01,0x1.47ae147ae147bp-7,True,,-1,acceptance_predicate,validated,9.8999997e-05,9.131522885515645e-05
torch,cdda27bf2c0e7f72e135edbfd2b2ba10a8c5f96d,torch-authoritative-observation-20260806,85,85,0,0.84999999999999998,0x1.b333333333333p-1,0.01,0x1.47ae147ae147bp-7,True,,-1,acceptance_predicate,validated,9.8999997e-05,9.134948247916442e-05
torch,cdda27bf2c0e7f72e135edbfd2b2ba10a8c5f96d,torch-authoritative-observation-20260806,86,86,0,0.85999999999999999,0x1.b851eb851eb85p-1,0.01,0x1.47ae147ae147bp-7,True,,-1,acceptance_predicate,validated,9.8999997e-05,9.138278290038391e-05
torch,cdda27bf2c0e7f72e135edbfd2b2ba10a8c5f96d,torch-authoritative-observation-20260806,87,87,0,0.87,0x1.bd70a3d70a3d7p-1,0.01,0x1.47ae147ae147bp-7,True,,-1,acceptance_predicate,validated,9.8999997e-05,9.141516678033235e-05
torch,cdda27bf2c0e7f72e135edbfd2b2ba10a8c5f96d,torch-authoritative-observation-20260806,88,88,0,0.88,0x1.c28f5c28f5c29p-1,0.01,0x1.47ae147ae147bp-7,True,,-1,acceptance_predicate,validated,9.8999997e-05,9.14466607012987e-05
torch,cdda27bf2c0e7f72e135edbfd2b2ba10a8c5f96d,torch-authoritative-observation-20260806,89,89,0,0.89000000000000001,0x1.c7ae147ae147bp-1,0.01,0x1.47ae147ae147bp-7,True,,-1,acceptance_predicate,validated,9.8999997e-05,9.14763486708241e-05
torch,cdda27bf2c0e7f72e135edbfd2b2ba10a8c5f96d,torch-authoritative-observation-20260806,90,90,0,0.90000000000000002,0x1.ccccccccccccdp-1,0.01,0x1.47ae147ae147bp-7,True,,-1,acceptance_predicate,validated,9.8999997e-05,9.150532227733161e-05
torch,cdda27bf2c0e7f72e135edbfd2b2ba10a8c5f96d,torch-authoritative-observation-20260806,91,91,0,0.91000000000000003,0x1.d1eb851eb851fp-1,0.01,0x1.47ae147ae147bp-7,True,,-1,acceptance_predicate,validated,9.8999997e-05,9.153363069187835e-05
torch,cdda27bf2c0e7f72e135edbfd2b2ba10a8c5f96d,torch-authoritative-observation-20260806,92,92,0,0.92000000000000004,0x1.d70a3d70a3d71p-1,0.01,0x1.47ae147ae147bp-7,True,,-1,acceptance_predicate,validated,9.8999997e-05,9.156130695405146e-05
torch,cdda27bf2c0e7f72e135edbfd2b2ba10a8c5f96d,torch-authoritative-observation-20260806,93,93,0,0.93000000000000005,0x1.dc28f5c28f5c3p-1,0.01,0x1.47ae147ae147bp-7,True,,-1,acceptance_predicate,validated,9.8999997e-05,9.15883840864173e-05
torch,cdda27bf2c0e7f72e135edbfd2b2ba10a8c5f96d,torch-authoritative-observation-20260806,94,94,0,0.94000000000000006,0x1.e147ae147ae15p-1,0.01,0x1.47ae147ae147bp-7,True,,-1,acceptance_predicate,validated,9.8999997e-05,9.16148948528645e-05
torch,cdda27bf2c0e7f72e135edbfd2b2ba10a8c5f96d,torch-authoritative-observation-20260806,95,95,0,0.95000000000000007,0x1.e666666666667p-1,0.01,0x1.47ae147ae147bp-7,True,,-1,acceptance_predicate,validated,9.8999997e-05,9.16395875132016e-05
torch,cdda27bf2c0e7f72e135edbfd2b2ba10a8c5f96d,torch-authoritative-observation-20260806,96,96,0,0.95999999999999996,0x1.eb851eb851eb8p-1,0.01,0x1.47ae147ae147bp-7,True,,-1,acceptance_predicate,validated,9.8999997e-05,9.166142302546858e-05
torch,cdda27bf2c0e7f72e135edbfd2b2ba10a8c5f96d,torch-authoritative-observation-20260806,97,97,0,0.96999999999999997,0x1.f0a3d70a3d70ap-1,0.01,0x1.47ae147ae147bp-7,True,,-1,acceptance_predicate,validated,9.8999997e-05,9.168290976559254e-05
torch,cdda27bf2c0e7f72e135edbfd2b2ba10a8c5f96d,torch-authoritative-observation-20260806,98,98,0,0.97999999999999998,0x1.f5c28f5c28f5cp-1,0.01,0x1.47ae147ae147bp-7,True,,-1,acceptance_predicate,validated,9.8999997e-05,9.17040748112766e-05
torch,cdda27bf2c0e7f72e135edbfd2b2ba10a8c5f96d,torch-authoritative-observation-20260806,99,99,0,0.98999999999999999,0x1.fae147ae147aep-1,0.01,0x1.47ae147ae147bp-7,True,,-1,acceptance_predicate,validated,9.8999997e-05,9.172494409034905e-05
torch,cdda27bf2c0e7f72e135edbfd2b2ba10a8c5f96d,torch-authoritative-observation-20260806,100,100,0,1,0x1.0000000000000p+0,0.01,0x1.47ae147ae147bp-7,True,,-1,acceptance_predicate,validated,9.8999997e-05,9.17455423424532e-05
torch,cdda27bf2c0e7f72e135edbfd2b2ba10a8c5f96d,torch-authoritative-observation-20260806,101,101,0,1.01,0x1.028f5c28f5c29p+0,0.01,0x1.47ae147ae147bp-7,True,,-1,acceptance_predicate,validated,9.8999997e-05,9.17658930198099e-05
torch,cdda27bf2c0e7f72e135edbfd2b2ba10a8c5f96d,torch-authoritative-observation-20260806,102,102,0,1.02,0x1.051eb851eb852p+0,0.01,0x1.47ae147ae147bp-7,True,,-1,acceptance_predicate,validated,9.8999997e-05,9.178601845756636e-05
torch,cdda27bf2c0e7f72e135edbfd2b2ba10a8c5f96d,torch-authoritative-observation-20260806,103,103,0,1.03,0x1.07ae147ae147bp+0,0.01,0x1.47ae147ae147bp-7,True,,-1,acceptance_predicate,validated,9.8999997e-05,9.180593973029128e-05
torch,cdda27bf2c0e7f72e135edbfd2b2ba10a8c5f96d,torch-authoritative-observation-20260806,104,104,0,1.04,0x1.0a3d70a3d70a4p+0,0.01,0x1.47ae147ae147bp-7,True,,-1,acceptance_predicate,validated,9.8999997e-05,9.182567653240807e-05
torch,cdda27bf2c0e7f72e135edbfd2b2ba10a8c5f96d,torch-authoritative-observation-20260806,105,105,0,1.05,0x1.0cccccccccccdp+0,0.01,0x1.47ae147ae147bp-7,True,,-1,acceptance_predicate,validated,9.8999997e-05,9.184524761392699e-05
torch,cdda27bf2c0e7f72e135edbfd2b2ba10a8c5f96d,torch-authoritative-observation-20260806,106,106,0,1.0600000000000001,0x1.0f5c28f5c28f6p+0,0.01,0x1.47ae147ae147bp-7,True,,-1,acceptance_predicate,validated,9.8999997e-05,9.186467113510337e-05
torch,cdda27bf2c0e7f72e135edbfd2b2ba10a8c5f96d,torch-authoritative-observation-20260806,107,107,0,1.0700000000000001,0x1.11eb851eb851fp+0,0.01,0x1.47ae147ae147bp-7,True,,-1,acceptance_predicate,validated,9.8999997e-05,9.188396381798196e-05
torch,cdda27bf2c0e7f72e135edbfd2b2ba10a8c5f96d,torch-authoritative-observation-20260806,108,108,0,1.0800000000000001,0x1.147ae147ae148p+0,0.01,0x1.47ae147ae147bp-7,True,,-1,acceptance_predicate,validated,9.8999997e-05,9.190313021206848e-05
torch,cdda27bf2c0e7f72e135edbfd2b2ba10a8c5f96d,torch-authoritative-observation-20260806,109,109,0,1.0900000000000001,0x1.170a3d70a3d71p+0,0.01,0x1.47ae147ae147bp-7,True,,-1,acceptance_predicate,validated,9.8999997e-05,9.192217661813026e-05
torch,cdda27bf2c0e7f72e135edbfd2b2ba10a8c5f96d,torch-authoritative-observation-20260806,110,110,0,1.1000000000000001,0x1.199999999999ap+0,0.01,0x1.47ae147ae147bp-7,True,,-1,acceptance_predicate,validated,9.8999997e-05,9.194113534886915e-05
torch,cdda27bf2c0e7f72e135edbfd2b2ba10a8c5f96d,torch-authoritative-observation-20260806,111,111,0,1.1100000000000001,0x1.1c28f5c28f5c3p+0,0.01,0x1.47ae147ae147bp-7,True,,-1,acceptance_predicate,validated,9.8999997e-05,9.196002099869026e-05
torch,cdda27bf2c0e7f72e135edbfd2b2ba10a8c5f96d,torch-authoritative-observation-20260806,112,112,0,1.1200000000000001,0x1.1eb851eb851ecp+0,0.01,0x1.47ae147ae147bp-7,True,,-1,acceptance_predicate,validated,9.8999997e-05,9.197884157530487e-05
torch,cdda27bf2c0e7f72e135edbfd2b2ba10a8c5f96d,torch-authoritative-observation-20260806,113,113,0,1.1300000000000001,0x1.2147ae147ae15p+0,0.01,0x1.47ae147ae147bp-7,True,,-1,acceptance_predicate,validated,9.8999997e-05,9.199760850588614e-05
torch,cdda27bf2c0e7f72e135edbfd2b2ba10a8c5f96d,torch-authoritative-observation-20260806,114,114,0,1.1400000000000001,0x1.23d70a3d70a3ep+0,0.01,0x1.47ae147ae147bp-7,True,,-1,acceptance_predicate,validated,9.8999997e-05,9.201633511758038e-05
torch,cdda27bf2c0e7f72e135edbfd2b2ba10a8c5f96d,torch-authoritative-observation-20260806,115,115,0,1.1500000000000001,0x1.2666666666667p+0,0.01,0x1.47ae147ae147bp-7,True,,-1,acceptance_predicate,validated,9.8999997e-05,9.203503069182806e-05
torch,cdda27bf2c0e7f72e135edbfd2b2ba10a8c5f96d,torch-authoritative-observation-20260806,116,116,0,1.1599999999999999,0x1.28f5c28f5c28fp+0,0.01,0x1.47ae147ae147bp-7,True,,-1,acceptance_predicate,validated,9.8999997e-05,9.205370374351134e-05
torch,cdda27bf2c0e7f72e135edbfd2b2ba10a8c5f96d,torch-authoritative-observation-20260806,117,117,0,1.1699999999999999,0x1.2b851eb851eb8p+0,0.01,0x1.47ae147ae147bp-7,True,,-1,acceptance_predicate,validated,9.8999997e-05,9.207236209826165e-05
torch,cdda27bf2c0e7f72e135edbfd2b2ba10a8c5f96d,torch-authoritative-observation-20260806,118,118,0,1.1799999999999999,0x1.2e147ae147ae1p+0,0.01,0x1.47ae147ae147bp-7,True,,-1,acceptance_predicate,validated,9.8999997e-05,9.209101311655646e-05
torch,cdda27bf2c0e7f72e135edbfd2b2ba10a8c5f96d,torch-authoritative-observation-20260806,119,119,0,1.1899999999999999,0x1.30a3d70a3d70ap+0,0.01,0x1.47ae147ae147bp-7,True,,-1,acceptance_predicate,validated,9.8999997e-05,9.210966344312304e-05
torch,cdda27bf2c0e7f72e135edbfd2b2ba10a8c5f96d,torch-authoritative-observation-20260806,120,120,0,1.2,0x1.3333333333333p+0,0.01,0x1.47ae147ae147bp-7,True,,-1,acceptance_predicate,validated,9.8999997e-05,9.212831871778515e-05
torch,cdda27bf2c0e7f72e135edbfd2b2ba10a8c5f96d,torch-authoritative-observation-20260806,121,121,0,1.21,0x1.35c28f5c28f5cp+0,0.01,0x1.47ae147ae147bp-7,True,,-1,acceptance_predicate,validated,9.8999997e-05,9.214698408040417e-05
torch,cdda27bf2c0e7f72e135edbfd2b2ba10a8c5f96d,torch-authoritative-observation-20260806,122,122,0,1.22,0x1.3851eb851eb85p+0,0.01,0x1.47ae147ae147bp-7,True,,-1,acceptance_predicate,validated,9.8999997e-05,9.216566557887539e-05
torch,cdda27bf2c0e7f72e135edbfd2b2ba10a8c5f96d,torch-authoritative-observation-20260806,123,123,0,1.23,0x1.3ae147ae147aep+0,0.01,0x1.47ae147ae147bp-7,True,,-1,acceptance_predicate,validated,9.8999997e-05,9.218436762475128e-05
torch,cdda27bf2c0e7f72e135edbfd2b2ba10a8c5f96d,torch-authoritative-observation-20260806,124,124,0,1.24,0x1.3d70a3d70a3d7p+0,0.01,0x1.47ae147ae147bp-7,True,,-1,acceptance_predicate,validated,9.8999997e-05,9.220309458653786e-05
torch,cdda27bf2c0e7f72e135edbfd2b2ba10a8c5f96d,torch-authoritative-observation-20260806,125,125,0,1.25,0x1.4000000000000p+0,0.01,0x1.47ae147ae147bp-7,True,,-1,acceptance_predicate,validated,9.8999997e-05,9.222185023908732e-05
torch,cdda27bf2c0e7f72e135edbfd2b2ba10a8c5f96d,torch-authoritative-observation-20260806,126,126,0,1.26,0x1.428f5c28f5c29p+0,0.01,0x1.47ae147ae147bp-7,True,,-1,acceptance_predicate,validated,9.8999997e-05,9.224055802627716e-05
torch,cdda27bf2c0e7f72e135edbfd2b2ba10a8c5f96d,torch-authoritative-observation-20260806,127,127,0,1.27,0x1.451eb851eb852p+0,0.01,0x1.47ae147ae147bp-7,True,,-1,acceptance_predicate,validated,9.8999997e-05,9.225929061332263e-05
torch,cdda27bf2c0e7f72e135edbfd2b2ba10a8c5f96d,torch-authoritative-observation-20260806,128,128,0,1.28,0x1.47ae147ae147bp+0,0.01,0x1.47ae147ae147bp-7,True,,-1,acceptance_predicate,validated,9.8999997e-05,9.227806683087861e-05
torch,cdda27bf2c0e7f72e135edbfd2b2ba10a8c5f96d,torch-authoritative-observation-20260806,129,129,0,1.29,0x1.4a3d70a3d70a4p+0,0.01,0x1.47ae147ae147bp-7,True,,-1,acceptance_predicate,validated,9.8999997e-05,9.229688884460012e-05
torch,cdda27bf2c0e7f72e135edbfd2b2ba10a8c5f96d,torch-authoritative-observation-20260806,130,130,0,1.3,0x1.4cccccccccccdp+0,0.01,0x1.47ae147ae147bp-7,True,,-1,acceptance_predicate,validated,9.8999997e-05,9.231575858208972e-05
torch,cdda27bf2c0e7f72e135edbfd2b2ba10a8c5f96d,torch-authoritative-observation-20260806,131,131,0,1.3100000000000001,0x1.4f5c28f5c28f6p+0,0.01,0x1.47ae147ae147bp-7,True,,-1,acceptance_predicate,validated,9.8999997e-05,9.233467772198072e-05
torch,cdda27bf2c0e7f72e135edbfd2b2ba10a8c5f96d,torch-authoritative-observation-20260806,132,132,0,1.3200000000000001,0x1.51eb851eb851fp+0,0.01,0x1.47ae147ae147bp-7,True,,-1,acceptance_predicate,validated,9.8999997e-05,9.235364772672923e-05
torch,cdda27bf2c0e7f72e135edbfd2b2ba10a8c5f96d,torch-authoritative-observation-20260806,133,133,0,1.3300000000000001,0x1.547ae147ae148p+0,0.01,0x1.47ae147ae147bp-7,True,,-1,acceptance_predicate,validated,9.8999997e-05,9.237266986119253e-05
torch,cdda27bf2c0e7f72e135edbfd2b2ba10a8c5f96d,torch-authoritative-observation-20260806,134,134,0,1.3400000000000001,0x1.570a3d70a3d71p+0,0.01,0x1.47ae147ae147bp-7,True,,-1,acceptance_predicate,validated,9.8999997e-05,9.239174521007428e-05
torch,cdda27bf2c0e7f72e135edbfd2b2ba10a8c5f96d,torch-authoritative-observation-20260806,135,135,0,1.3500000000000001,0x1.599999999999ap+0,0.01,0x1.47ae147ae147bp-7,True,,-1,acceptance_predicate,validated,9.8999997e-05,9.241087460917403e-05
torch,cdda27bf2c0e7f72e135edbfd2b2ba10a8c5f96d,torch-authoritative-observation-20260806,136,136,0,1.3600000000000001,0x1.5c28f5c28f5c3p+0,0.01,0x1.47ae147ae147bp-7,True,,-1,acceptance_predicate,validated,9.8999997e-05,9.243005843825061e-05
torch,cdda27bf2c0e7f72e135edbfd2b2ba10a8c5f96d,torch-authoritative-observation-20260806,137,137,0,1.3700000000000001,0x1.5eb851eb851ecp+0,0.01,0x1.47ae147ae147bp-7,True,,-1,acceptance_predicate,validated,9.8999997e-05,9.244929783589285e-05
torch,cdda27bf2c0e7f72e135edbfd2b2ba10a8c5f96d,torch-authoritative-observation-20260806,138,138,0,1.3800000000000001,0x1.6147ae147ae15p+0,0.01,0x1.47ae147ae147bp-7,True,,-1,acceptance_predicate,validated,9.8999997e-05,9.246859331923177e-05
torch,cdda27bf2c0e7f72e135edbfd2b2ba10a8c5f96d,torch-authoritative-observation-20260806,139,139,0,1.3900000000000001,0x1.63d70a3d70a3ep+0,0.01,0x1.47ae147ae147bp-7,True,,-1,acceptance_predicate,validated,9.8999997e-05,9.248794529744432e-05
torch,cdda27bf2c0e7f72e135edbfd2b2ba10a8c5f96d,torch-authoritative-observation-20260806,140,140,0,1.4000000000000001,0x1.6666666666667p+0,0.01,0x1.47ae147ae147bp-7,True,,-1,acceptance_predicate,validated,9.8999997e-05,9.25073540835543e-05
torch,cdda27bf2c0e7f72e135edbfd2b2ba10a8c5f96d,torch-authoritative-observation-20260806,141,141,0,1.4099999999999999,0x1.68f5c28f5c28fp+0,0.01,0x1.47ae147ae147bp-7,True,,-1,acceptance_predicate,validated,9.8999997e-05,9.252681990548183e-05
torch,cdda27bf2c0e7f72e135edbfd2b2ba10a8c5f96d,torch-authoritative-observation-20260806,142,142,0,1.4199999999999999,0x1.6b851eb851eb8p+0,0.01,0x1.47ae147ae147bp-7,True,,-1,acceptance_predicate,validated,9.8999997e-05,9.254634291638243e-05
torch,cdda27bf2c0e7f72e135edbfd2b2ba10a8c5f96d,torch-authoritative-observation-20260806,143,143,0,1.4299999999999999,0x1.6e147ae147ae1p+0,0.01,0x1.47ae147ae147bp-7,True,,-1,acceptance_predicate,validated,9.8999997e-05,9.256592320432137e-05
torch,cdda27bf2c0e7f72e135edbfd2b2ba10a8c5f96d,torch-authoritative-observation-20260806,144,144,0,1.4399999999999999,0x1.70a3d70a3d70ap+0,0.01,0x1.47ae147ae147bp-7,True,,-1,acceptance_predicate,validated,9.8999997e-05,9.258555953182683e-05
torch,cdda27bf2c0e7f72e135edbfd2b2ba10a8c5f96d,torch-authoritative-observation-20260806,145,145,0,1.45,0x1.7333333333333p+0,0.01,0x1.47ae147ae147bp-7,True,,-1,acceptance_predicate,validated,9.8999997e-05,9.260525091469894e-05
torch,cdda27bf2c0e7f72e135edbfd2b2ba10a8c5f96d,torch-authoritative-observation-20260806,146,146,0,1.46,0x1.75c28f5c28f5cp+0,0.01,0x1.47ae147ae147bp-7,True,,-1,acceptance_predicate,validated,9.8999997e-05,9.262499962748056e-05
torch,cdda27bf2c0e7f72e135edbfd2b2ba10a8c5f96d,torch-authoritative-observation-20260806,147,147,0,1.47,0x1.7851eb851eb85p+0,0.01,0x1.47ae147ae147bp-7,True,,-1,acceptance_predicate,validated,9.8999997e-05,9.264480557849928e-05
torch,cdda27bf2c0e7f72e135edbfd2b2ba10a8c5f96d,torch-authoritative-observation-20260806,148,148,0,1.48,0x1.7ae147ae147aep+0,0.01,0x1.47ae147ae147bp-7,True,,-1,acceptance_predicate,validated,9.8999997e-05,9.266466865105315e-05
torch,cdda27bf2c0e7f72e135edbfd2b2ba10a8c5f96d,torch-authoritative-observation-20260806,149,149,0,1.49,0x1.7d70a3d70a3d7p+0,0.01,0x1.47ae147ae147bp-7,True,,-1,acceptance_predicate,validated,9.8999997e-05,9.268458870995818e-05
torch,cdda27bf2c0e7f72e135edbfd2b2ba10a8c5f96d,torch-authoritative-observation-20260806,150,150,0,1.5,0x1.8000000000000p+0,0.01,0x1.47ae147ae147bp-7,True,,-1,acceptance_predicate,validated,9.8999997e-05,9.270456465833445e-05
torch,cdda27bf2c0e7f72e135edbfd2b2ba10a8c5f96d,torch-authoritative-observation-20260806,151,151,0,1.51,0x1.828f5c28f5c29p+0,0.01,0x1.47ae147ae147bp-7,True,,-1,acceptance_predicate,validated,9.8999997e-05,9.272459608726126e-05
torch,cdda27bf2c0e7f72e135edbfd2b2ba10a8c5f96d,torch-authoritative-observation-20260806,152,152,0,1.52,0x1.851eb851eb852p+0,0.01,0x1.47ae147ae147bp-7,True,,-1,acceptance_predicate,validated,9.8999997e-05,9.274468401986999e-05
torch,cdda27bf2c0e7f72e135edbfd2b2ba10a8c5f96d,torch-authoritative-observation-20260806,153,153,0,1.53,0x1.87ae147ae147bp+0,0.01,0x1.47ae147ae147bp-7,True,,-1,acceptance_predicate,validated,9.8999997e-05,9.276482830439433e-05
torch,cdda27bf2c0e7f72e135edbfd2b2ba10a8c5f96d,torch-authoritative-observation-20260806,154,154,0,1.54,0x1.8a3d70a3d70a4p+0,0.01,0x1.47ae147ae147bp-7,True,,-1,acceptance_predicate,validated,9.8999997e-05,9.278502879802125e-05
torch,cdda27bf2c0e7f72e135edbfd2b2ba10a8c5f96d,torch-authoritative-observation-20260806,155,155,0,1.55,0x1.8cccccccccccdp+0,0.01,0x1.47ae147ae147bp-7,True,,-1,acceptance_predicate,validated,9.8999997e-05,9.280528537153385e-05
torch,cdda27bf2c0e7f72e135edbfd2b2ba10a8c5f96d,torch-authoritative-observation-20260806,156,156,0,1.5600000000000001,0x1.8f5c28f5c28f6p+0,0.01,0x1.47ae147ae147bp-7,True,,-1,acceptance_predicate,validated,9.8999997e-05,9.282559791373136e-05
torch,cdda27bf2c0e7f72e135edbfd2b2ba10a8c5f96d,torch-authoritative-observation-20260806,157,157,0,1.5700000000000001,0x1.91eb851eb851fp+0,0.01,0x1.47ae147ae147bp-7,True,,-1,acceptance_predicate,validated,9.8999997e-05,9.284596633564977e-05
torch,cdda27bf2c0e7f72e135edbfd2b2ba10a8c5f96d,torch-authoritative-observation-20260806,158,158,0,1.5800000000000001,0x1.947ae147ae148p+0,0.01,0x1.47ae147ae147bp-7,True,,-1,acceptance_predicate,validated,9.8999997e-05,9.286639057460574e-05
torch,cdda27bf2c0e7f72e135edbfd2b2ba10a8c5f96d,torch-authoritative-observation-20260806,159,159,0,1.5900000000000001,0x1.970a3d70a3d71p+0,0.01,0x1.47ae147ae147bp-7,True,,-1,acceptance_predicate,validated,9.8999997e-05,9.288687059808502e-05
torch,cdda27bf2c0e7f72e135edbfd2b2ba10a8c5f96d,torch-authoritative-observation-20260806,160,160,0,1.6000000000000001,0x1.999999999999ap+0,0.01,0x1.47ae147ae147bp-7,True,,-1,acceptance_predicate,validated,9.8999997e-05,9.290740640749595e-05
torch,cdda27bf2c0e7f72e135edbfd2b2ba10a8c5f96d,torch-authoritative-observation-20260806,161,161,0,1.6100000000000001,0x1.9c28f5c28f5c3p+0,0.01,0x1.47ae147ae147bp-7,True,,-1,acceptance_predicate,validated,9.8999997e-05,9.292799804180697e-05
torch,cdda27bf2c0e7f72e135edbfd2b2ba10a8c5f96d,torch-authoritative-observation-20260806,162,162,0,1.6200000000000001,0x1.9eb851eb851ecp+0,0.01,0x1.47ae147ae147bp-7,True,,-1,acceptance_predicate,validated,9.8999997e-05,9.294864558108806e-05
torch,cdda27bf2c0e7f72e135edbfd2b2ba10a8c5f96d,torch-authoritative-observation-20260806,163,163,0,1.6300000000000001,0x1.a147ae147ae15p+0,0.01,0x1.47ae147ae147bp-7,True,,-1,acceptance_predicate,validated,9.8999997e-05,9.296934914997424e-05
torch,cdda27bf2c0e7f72e135edbfd2b2ba10a8c5f96d,torch-authoritative-observation-20260806,164,164,0,1.6400000000000001,0x1.a3d70a3d70a3ep+0,0.01,0x1.47ae147ae147bp-7,True,,-1,acceptance_predicate,validated,9.8999997e-05,9.299010892106362e-05
torch,cdda27bf2c0e7f72e135edbfd2b2ba10a8c5f96d,torch-authoritative-observation-20260806,165,165,0,1.6500000000000001,0x1.a666666666667p+0,0.01,0x1.47ae147ae147bp-7,True,,-1,acceptance_predicate,validated,9.8999997e-05,9.301092511827313e-05
torch,cdda27bf2c0e7f72e135edbfd2b2ba10a8c5f96d,torch-authoritative-observation-20260806,166,166,0,1.6600000000000001,0x1.a8f5c28f5c290p+0,0.01,0x1.47ae147ae147bp-7,True,,-1,acceptance_predicate,validated,9.8999997e-05,9.303179802015859e-05
torch,cdda27bf2c0e7f72e135edbfd2b2ba10a8c5f96d,torch-authoritative-observation-20260806,167,167,0,1.6699999999999999,0x1.ab851eb851eb8p+0,0.01,0x1.47ae147ae147bp-7,True,,-1,acceptance_predicate,validated,9.8999997e-05,9.305272795588234e-05
torch,cdda27bf2c0e7f72e135edbfd2b2ba10a8c5f96d,torch-authoritative-observation-20260806,168,168,0,1.6799999999999999,0x1.ae147ae147ae1p+0,0.01,0x1.47ae147ae147bp-7,True,,-1,acceptance_predicate,validated,9.8999997e-05,9.307371532842594e-05
torch,cdda27bf2c0e7f72e135edbfd2b2ba10a8c5f96d,torch-authoritative-observation-20260806,169,169,0,1.6899999999999999,0x1.b0a3d70a3d70ap+0,0.01,0x1.47ae147ae147bp-7,True,,-1,acceptance_predicate,validated,9.8999997e-05,9.309476060255814e-05
torch,cdda27bf2c0e7f72e135edbfd2b2ba10a8c5f96d,torch-authoritative-observation-20260806,170,170,0,1.7,0x1.b333333333333p+0,0.01,0x1.47ae147ae147bp-7,True,,-1,acceptance_predicate,validated,9.8999997e-05,9.311579873019733e-05
torch,cdda27bf2c0e7f72e135edbfd2b2ba10a8c5f96d,torch-authoritative-observation-20260806,171,171,0,1.71,0x1.b5c28f5c28f5cp+0,0.01,0x1.47ae147ae147bp-7,True,,-1,acceptance_predicate,validated,9.8999997e-05,9.313683046659797e-05
torch,cdda27bf2c0e7f72e135edbfd2b2ba10a8c5f96d,torch-authoritative-observation-20260806,172,172,0,1.72,0x1.b851eb851eb85p+0,0.01,0x1.47ae147ae147bp-7,True,,-1,acceptance_predicate,validated,9.8999997e-05,9.315792244530722e-05
torch,cdda27bf2c0e7f72e135edbfd2b2ba10a8c5f96d,torch-authoritative-observation-20260806,173,173,0,1.73,0x1.bae147ae147aep+0,0.01,0x1.47ae147ae147bp-7,True,,-1,acceptance_predicate,validated,9.8999997e-05,9.317907586993787e-05
torch,cdda27bf2c0e7f72e135edbfd2b2ba10a8c5f96d,torch-authoritative-observation-20260806,174,174,0,1.74,0x1.bd70a3d70a3d7p+0,0.01,0x1.47ae147ae147bp-7,True,,-1,acceptance_predicate,validated,9.8999997e-05,9.320029148351262e-05
torch,cdda27bf2c0e7f72e135edbfd2b2ba10a8c5f96d,torch-authoritative-observation-20260806,175,175,0,1.75,0x1.c000000000000p+0,0.01,0x1.47ae147ae147bp-7,True,,-1,acceptance_predicate,validated,9.8999997e-05,9.322157011703346e-05
torch,cdda27bf2c0e7f72e135edbfd2b2ba10a8c5f96d,torch-authoritative-observation-20260806,176,176,0,1.76,0x1.c28f5c28f5c29p+0,0.01,0x1.47ae147ae147bp-7,True,,-1,acceptance_predicate,validated,9.8999997e-05,9.324291269321774e-05
torch,cdda27bf2c0e7f72e135edbfd2b2ba10a8c5f96d,torch-authoritative-observation-20260806,177,177,0,1.77,0x1.c51eb851eb852p+0,0.01,0x1.47ae147ae147bp-7,True,,-1,acceptance_predicate,validated,9.8999997e-05,9.326432023029442e-05
torch,cdda27bf2c0e7f72e135edbfd2b2ba10a8c5f96d,torch-authoritative-observation-20260806,178,178,0,1.78,0x1.c7ae147ae147bp+0,0.01,0x1.47ae147ae147bp-7,True,,-1,acceptance_predicate,validated,9.8999997e-05,9.32857938459134e-05
torch,cdda27bf2c0e7f72e135edbfd2b2ba10a8c5f96d,torch-authoritative-observation-20260806,179,179,0,1.79,0x1.ca3d70a3d70a4p+0,0.01,0x1.47ae147ae147bp-7,True,,-1,acceptance_predicate,validated,9.8999997e-05,9.330733476129973e-05
torch,cdda27bf2c0e7f72e135edbfd2b2ba10a8c5f96d,torch-authoritative-observation-20260806,180,180,0,1.8,0x1.ccccccccccccdp+0,0.01,0x1.47ae147ae147bp-7,True,,-1,acceptance_predicate,validated,9.8999997e-05,9.332894430550716e-05
torch,cdda27bf2c0e7f72e135edbfd2b2ba10a8c5f96d,torch-authoritative-observation-20260806,181,181,0,1.8100000000000001,0x1.cf5c28f5c28f6p+0,0.01,0x1.47ae147ae147bp-7,True,,-1,acceptance_predicate,validated,9.8999997e-05,9.335062391986452e-05
torch,cdda27bf2c0e7f72e135edbfd2b2ba10a8c5f96d,torch-authoritative-observation-20260806,182,182,0,1.8200000000000001,0x1.d1eb851eb851fp+0,0.01,0x1.47ae147ae147bp-7,True,,-1,acceptance_predicate,validated,9.8999997e-05,9.337237516262701e-05
torch,cdda27bf2c0e7f72e135edbfd2b2ba10a8c5f96d,torch-authoritative-observation-20260806,183,183,0,1.8300000000000001,0x1.d47ae147ae148p+0,0.01,0x1.47ae147ae147bp-7,True,,-1,acceptance_predicate,validated,9.8999997e-05,9.339419971383884e-05
torch,cdda27bf2c0e7f72e135edbfd2b2ba10a8c5f96d,torch-authoritative-observation-20260806,184,184,0,1.8400000000000001,0x1.d70a3d70a3d71p+0,0.01,0x1.47ae147ae147bp-7,True,,-1,acceptance_predicate,validated,9.8999997e-05,9.341609938037745e-05
torch,cdda27bf2c0e7f72e135edbfd2b2ba10a8c5f96d,torch-authoritative-observation-20260806,185,185,0,1.8500000000000001,0x1.d99999999999ap+0,0.01,0x1.47ae147ae147bp-7,True,,-1,acceptance_predicate,validated,9.8999997e-05,9.343807610120015e-05
torch,cdda27bf2c0e7f72e135edbfd2b2ba10a8c5f96d,torch-authoritative-observation-20260806,186,186,0,1.8600000000000001,0x1.dc28f5c28f5c3p+0,0.01,0x1.47ae147ae147bp-7,True,,-1,acceptance_predicate,validated,9.8999997e-05,9.34601319532066e-05
torch,cdda27bf2c0e7f72e135edbfd2b2ba10a8c5f96d,torch-authoritative-observation-20260806,187,187,0,1.8700000000000001,0x1.deb851eb851ecp+0,0.01,0x1.47ae147ae147bp-7,True,,-1,acceptance_predicate,validated,9.8999997e-05,9.348226915555374e-05
torch,cdda27bf2c0e7f72e135edbfd2b2ba10a8c5f96d,torch-authoritative-observation-20260806,188,188,0,1.8800000000000001,0x1.e147ae147ae15p+0,0.01,0x1.47ae147ae147bp-7,True,,-1,acceptance_predicate,validated,9.8999997e-05,9.350449007861719e-05
torch,cdda27bf2c0e7f72e135edbfd2b2ba10a8c5f96d,torch-authoritative-observation-20260806,189,189,0,1.8900000000000001,0x1.e3d70a3d70a3ep+0,0.01,0x1.47ae147ae147bp-7,True,,-1,acceptance_predicate,validated,9.8999997e-05,9.352679725013086e-05
torch,cdda27bf2c0e7f72e135edbfd2b2ba10a8c5f96d,torch-authoritative-observation-20260806,190,190,0,1.9000000000000001,0x1.e666666666667p+0,0.01,0x1.47ae147ae147bp-7,True,,-1,acceptance_predicate,validated,9.8999997e-05,9.354919335959236e-05
torch,cdda27bf2c0e7f72e135edbfd2b2ba10a8c5f96d,torch-authoritative-observation-20260806,191,191,0,1.9100000000000001,0x1.e8f5c28f5c290p+0,0.01,0x1.47ae147ae147bp-7,True,,-1,acceptance_predicate,validated,9.8999997e-05,9.357167858080601e-05
torch,cdda27bf2c0e7f72e135edbfd2b2ba10a8c5f96d,torch-authoritative-observation-20260806,192,192,0,1.9199999999999999,0x1.eb851eb851eb8p+0,0.01,0x1.47ae147ae147bp-7,True,,-1,acceptance_predicate,validated,9.8999997e-05,9.359425657318762e-05
torch,cdda27bf2c0e7f72e135edbfd2b2ba10a8c5f96d,torch-authoritative-observation-20260806,193,193,0,1.9299999999999999,0x1.ee147ae147ae1p+0,0.01,0x1.47ae147ae147bp-7,True,,-1,acceptance_predicate,validated,9.8999997e-05,9.361693223173986e-05
torch,cdda27bf2c0e7f72e135edbfd2b2ba10a8c5f96d,torch-authoritative-observation-20260806,194,194,0,1.9399999999999999,0x1.f0a3d70a3d70ap+0,0.01,0x1.47ae147ae147bp-7,True,,-1,acceptance_predicate,validated,9.8999997e-05,9.363970929650918e-05
torch,cdda27bf2c0e7f72e135edbfd2b2ba10a8c5f96d,torch-authoritative-observation-20260806,195,195,0,1.95,0x1.f333333333333p+0,0.01,0x1.47ae147ae147bp-7,True,,-1,acceptance_predicate,validated,9.8999997e-05,9.36625913818806e-05
torch,cdda27bf2c0e7f72e135edbfd2b2ba10a8c5f96d,torch-authoritative-observation-20260806,196,196,0,1.96,0x1.f5c28f5c28f5cp+0,0.01,0x1.47ae147ae147bp-7,True,,-1,acceptance_predicate,validated,9.8999997e-05,9.368558231340863e-05
torch,cdda27bf2c0e7f72e135edbfd2b2ba10a8c5f96d,torch-authoritative-observation-20260806,197,197,0,1.97,0x1.f851eb851eb85p+0,0.01,0x1.47ae147ae147bp-7,True,,-1,acceptance_predicate,validated,9.8999997e-05,9.370868613732236e-05
torch,cdda27bf2c0e7f72e135edbfd2b2ba10a8c5f96d,torch-authoritative-observation-20260806,198,198,0,1.98,0x1.fae147ae147aep+0,0.01,0x1.47ae147ae147bp-7,True,,-1,acceptance_predicate,validated,9.8999997e-05,9.37319071305036e-05
torch,cdda27bf2c0e7f72e135edbfd2b2ba10a8c5f96d,torch-authoritative-observation-20260806,199,199,0,1.99,0x1.fd70a3d70a3d7p+0,0.01,0x1.47ae147ae147bp-7,True,,-1,acceptance_predicate,validated,9.8999997e-05,9.375524981096411e-05
torch,cdda27bf2c0e7f72e135edbfd2b2ba10a8c5f96d,torch-authoritative-observation-20260806,200,200,0,2,0x1.0000000000000p+1,0.01,0x1.47ae147ae147bp-7,True,,-1,acceptance_predicate,validated,9.8999997e-05,9.37787189488417e-05
torch,cdda27bf2c0e7f72e135edbfd2b2ba10a8c5f96d,torch-authoritative-observation-20260806,201,201,0,2.0100000000000002,0x1.0147ae147ae15p+1,0.01,0x1.47ae147ae147bp-7,True,,-1,acceptance_predicate,validated,9.8999997e-05,9.380231957794219e-05
torch,cdda27bf2c0e7f72e135edbfd2b2ba10a8c5f96d,torch-authoritative-observation-20260806,202,202,0,2.02,0x1.028f5c28f5c29p+1,0.01,0x1.47ae147ae147bp-7,True,,-1,acceptance_predicate,validated,9.8999997e-05,9.382605700785161e-05
torch,cdda27bf2c0e7f72e135edbfd2b2ba10a8c5f96d,torch-authoritative-observation-20260806,203,203,0,2.0300000000000002,0x1.03d70a3d70a3ep+1,0.01,0x1.47ae147ae147bp-7,True,,-1,acceptance_predicate,validated,9.8999997e-05,9.384993683664463e-05
torch,cdda27bf2c0e7f72e135edbfd2b2ba10a8c5f96d,torch-authoritative-observation-20260806,204,204,0,2.04,0x1.051eb851eb852p+1,0.01,0x1.47ae147ae147bp-7,True,,-1,acceptance_predicate,validated,9.8999997e-05,9.387396496421536e-05
torch,cdda27bf2c0e7f72e135edbfd2b2ba10a8c5f96d,torch-authoritative-observation-20260806,205,205,0,2.0499999999999998,0x1.0666666666666p+1,0.01,0x1.47ae147ae147bp-7,True,,-1,acceptance_predicate,validated,9.8999997e-05,9.389814760624129e-05
torch,cdda27bf2c0e7f72e135edbfd2b2ba10a8c5f96d,torch-authoritative-observation-20260806,206,206,0,2.0600000000000001,0x1.07ae147ae147bp+1,0.01,0x1.47ae147ae147bp-7,True,,-1,acceptance_predicate,validated,9.8999997e-05,9.392249130874323e-05
torch,cdda27bf2c0e7f72e135edbfd2b2ba10a8c5f96d,torch-authoritative-observation-20260806,207,207,0,2.0699999999999998,0x1.08f5c28f5c28fp+1,0.01,0x1.47ae147ae147bp-7,True,,-1,acceptance_predicate,validated,9.8999997e-05,9.394700295372215e-05
torch,cdda27bf2c0e7f72e135edbfd2b2ba10a8c5f96d,torch-authoritative-observation-20260806,208,208,0,2.0800000000000001,0x1.0a3d70a3d70a4p+1,0.01,0x1.47ae147ae147bp-7,True,,-1,acceptance_predicate,validated,9.8999997e-05,9.397168979193548e-05
torch,cdda27bf2c0e7f72e135edbfd2b2ba10a8c5f96d,torch-authoritative-observation-20260806,209,209,0,2.0899999999999999,0x1.0b851eb851eb8p+1,0.01,0x1.47ae147ae147bp-7,True,,-1,acceptance_predicate,validated,9.8999997e-05,9.399655946692339e-05
torch,cdda27bf2c0e7f72e135edbfd2b2ba10a8c5f96d,torch-authoritative-observation-20260806,210,210,0,2.1000000000000001,0x1.0cccccccccccdp+1,0.01,0x1.47ae147ae147bp-7,True,,-1,acceptance_predicate,validated,9.8999997e-05,9.40216200048946e-05
torch,cdda27bf2c0e7f72e135edbfd2b2ba10a8c5f96d,torch-authoritative-observation-20260806,211,211,0,2.1099999999999999,0x1.0e147ae147ae1p+1,0.01,0x1.47ae147ae147bp-7,True,,-1,acceptance_predicate,validated,9.8999997e-05,9.404687985008461e-05
torch,cdda27bf2c0e7f72e135edbfd2b2ba10a8c5f96d,torch-authoritative-observation-20260806,212,212,0,2.1200000000000001,0x1.0f5c28f5c28f6p+1,0.01,0x1.47ae147ae147bp-7,True,,-1,acceptance_predicate,validated,9.8999997e-05,9.407234788066509e-05
torch,cdda27bf2c0e7f72e135edbfd2b2ba10a8c5f96d,torch-authoritative-observation-20260806,213,213,0,2.1299999999999999,0x1.10a3d70a3d70ap+1,0.01,0x1.47ae147ae147bp-7,True,,-1,acceptance_predicate,validated,9.8999997e-05,9.409803342926202e-05
torch,cdda27bf2c0e7f72e135edbfd2b2ba10a8c5f96d,torch-authoritative-observation-20260806,214,214,0,2.1400000000000001,0x1.11eb851eb851fp+1,0.01,0x1.47ae147ae147bp-7,True,,-1,acceptance_predicate,validated,9.8999997e-05,9.412394630418527e-05
torch,cdda27bf2c0e7f72e135edbfd2b2ba10a8c5f96d,torch-authoritative-observation-20260806,215,215,0,2.1499999999999999,0x1.1333333333333p+1,0.01,0x1.47ae147ae147bp-7,True,,-1,acceptance_predicate,validated,9.8999997e-05,9.415009681154704e-05
torch,cdda27bf2c0e7f72e135edbfd2b2ba10a8c5f96d,torch-authoritative-observation-20260806,216,216,0,2.1600000000000001,0x1.147ae147ae148p+1,0.01,0x1.47ae147ae147bp-7,True,,-1,acceptance_predicate,validated,9.8999997e-05,9.417649577836026e-05
torch,cdda27bf2c0e7f72e135edbfd2b2ba10a8c5f96d,torch-authoritative-observation-20260806,217,217,0,2.1699999999999999,0x1.15c28f5c28f5cp+1,0.01,0x1.47ae147ae147bp-7,True,,-1,acceptance_predicate,validated,9.8999997e-05,9.420315457665073e-05
torch,cdda27bf2c0e7f72e135edbfd2b2ba10a8c5f96d,torch-authoritative-observation-20260806,218,218,0,2.1800000000000002,0x1.170a3d70a3d71p+1,0.01,0x1.47ae147ae147bp-7,True,,-1,acceptance_predicate,validated,9.8999997e-05,9.42300851029795e-05
torch,cdda27bf2c0e7f72e135edbfd2b2ba10a8c5f96d,torch-authoritative-observation-20260806,219,219,0,2.1899999999999999,0x1.1851eb851eb85p+1,0.01,0x1.47ae147ae147bp-7,True,,-1,acceptance_predicate,validated,9.8999997e-05,9.42572738348178e-05
torch,cdda27bf2c0e7f72e135edbfd2b2ba10a8c5f96d,torch-authoritative-observation-20260806,220,220,0,2.2000000000000002,0x1.199999999999ap+1,0.01,0x1.47ae147ae147bp-7,True,,-1,acceptance_predicate,validated,9.8999997e-05,9.428474613318872e-05
torch,cdda27bf2c0e7f72e135edbfd2b2ba10a8c5f96d,torch-authoritative-observation-20260806,221,221,0,2.21,0x1.1ae147ae147aep+1,0.01,0x1.47ae147ae147bp-7,True,,-1,acceptance_predicate,validated,9.8999997e-05,9.431252632071924e-05
torch,cdda27bf2c0e7f72e135edbfd2b2ba10a8c5f96d,torch-authoritative-observation-20260806,222,222,0,2.2200000000000002,0x1.1c28f5c28f5c3p+1,0.01,0x1.47ae147ae147bp-7,True,,-1,acceptance_predicate,validated,9.8999997e-05,9.43406220315873e-05
torch,cdda27bf2c0e7f72e135edbfd2b2ba10a8c5f96d,torch-authoritative-observation-20260806,223,223,0,2.23,0x1.1d70a3d70a3d7p+1,0.01,0x1.47ae147ae147bp-7,True,,-1,acceptance_predicate,validated,9.8999997e-05,9.436903271470573e-05
torch,cdda27bf2c0e7f72e135edbfd2b2ba10a8c5f96d,torch-authoritative-observation-20260806,224,224,0,2.2400000000000002,0x1.1eb851eb851ecp+1,0.01,0x1.47ae147ae147bp-7,True,,-1,acceptance_predicate,validated,9.8999997e-05,9.439779780906146e-05
torch,cdda27bf2c0e7f72e135edbfd2b2ba10a8c5f96d,torch-authoritative-observation-20260806,225,225,0,2.25,0x1.2000000000000p+1,0.01,0x1.47ae147ae147bp-7,True,,-1,acceptance_predicate,validated,9.8999997e-05,9.442693389654608e-05
torch,cdda27bf2c0e7f72e135edbfd2b2ba10a8c5f96d,torch-authoritative-observation-20260806,226,226,0,2.2600000000000002,0x1.2147ae147ae15p+1,0.01,0x1.47ae147ae147bp-7,True,,-1,acceptance_predicate,validated,9.8999997e-05,9.445645835239565e-05
torch,cdda27bf2c0e7f72e135edbfd2b2ba10a8c5f96d,torch-authoritative-observation-20260806,227,227,0,2.27,0x1.228f5c28f5c29p+1,0.01,0x1.47ae147ae147bp-7,True,,-1,acceptance_predicate,validated,9.8999997e-05,9.448638910018597e-05
torch,cdda27bf2c0e7f72e135edbfd2b2ba10a8c5f96d,torch-authoritative-observation-20260806,228,228,0,2.2800000000000002,0x1.23d70a3d70a3ep+1,0.01,0x1.47ae147ae147bp-7,True,,-1,acceptance_predicate,validated,9.8999997e-05,9.451674551643403e-05
torch,cdda27bf2c0e7f72e135edbfd2b2ba10a8c5f96d,torch-authoritative-observation-20260806,229,229,0,2.29,0x1.251eb851eb852p+1,0.01,0x1.47ae147ae147bp-7,True,,-1,acceptance_predicate,validated,9.8999997e-05,9.454754776271088e-05
torch,cdda27bf2c0e7f72e135edbfd2b2ba10a8c5f96d,torch-authoritative-observation-20260806,230,230,0,2.3000000000000003,0x1.2666666666667p+1,0.01,0x1.47ae147ae147bp-7,True,,-1,acceptance_predicate,validated,9.8999997e-05,9.457881686131461e-05
torch,cdda27bf2c0e7f72e135edbfd2b2ba10a8c5f96d,torch-authoritative-observation-20260806,231,231,0,2.3100000000000001,0x1.27ae147ae147bp+1,0.01,0x1.47ae147ae147bp-7,True,,-1,acceptance_predicate,validated,9.8999997e-05,9.461057483429837e-05
torch,cdda27bf2c0e7f72e135edbfd2b2ba10a8c5f96d,torch-authoritative-observation-20260806,232,232,0,2.3199999999999998,0x1.28f5c28f5c28fp+1,0.01,0x1.47ae147ae147bp-7,True,,-1,acceptance_predicate,validated,9.8999997e-05,9.464284471834766e-05
torch,cdda27bf2c0e7f72e135edbfd2b2ba10a8c5f96d,torch-authoritative-observation-20260806,233,233,0,2.3300000000000001,0x1.2a3d70a3d70a4p+1,0.01,0x1.47ae147ae147bp-7,True,,-1,acceptance_predicate,validated,9.8999997e-05,9.467565038016533e-05
torch,cdda27bf2c0e7f72e135edbfd2b2ba10a8c5f96d,torch-authoritative-observation-20260806,234,234,0,2.3399999999999999,0x1.2b851eb851eb8p+1,0.01,0x1.47ae147ae147bp-7,True,,-1,acceptance_predicate,validated,9.8999997e-05,9.470901731079752e-05
torch,cdda27bf2c0e7f72e135edbfd2b2ba10a8c5f96d,torch-authoritative-observation-20260806,235,235,0,2.3500000000000001,0x1.2cccccccccccdp+1,0.01,0x1.47ae147ae147bp-7,True,,-1,acceptance_predicate,validated,9.8999997e-05,9.474297199636727e-05
torch,cdda27bf2c0e7f72e135edbfd2b2ba10a8c5f96d,torch-authoritative-observation-20260806,236,236,0,2.3599999999999999,0x1.2e147ae147ae1p+1,0.01,0x1.47ae147ae147bp-7,True,,-1,acceptance_predicate,validated,9.8999997e-05,9.477754168041328e-05
torch,cdda27bf2c0e7f72e135edbfd2b2ba10a8c5f96d,torch-authoritative-observation-20260806,237,237,0,2.3700000000000001,0x1.2f5c28f5c28f6p+1,0.01,0x1.47ae147ae147bp-7,True,,-1,acceptance_predicate,validated,9.8999997e-05,9.481275565500725e-05
torch,cdda27bf2c0e7f72e135edbfd2b2ba10a8c5f96d,torch-authoritative-observation-20260806,238,238,0,2.3799999999999999,0x1.30a3d70a3d70ap+1,0.01,0x1.47ae147ae147bp-7,True,,-1,acceptance_predicate,validated,9.8999997e-05,9.484864413321916e-05
torch,cdda27bf2c0e7f72e135edbfd2b2ba10a8c5f96d,torch-authoritative-observation-20260806,239,239,0,2.3900000000000001,0x1.31eb851eb851fp+1,0.01,0x1.47ae147ae147bp-7,True,,-1,acceptance_predicate,validated,9.8999997e-05,9.488520470632941e-05
torch,cdda27bf2c0e7f72e135edbfd2b2ba10a8c5f96d,torch-authoritative-observation-20260806,240,240,0,2.3999999999999999,0x1.3333333333333p+1,0.01,0x1.47ae147ae147bp-7,True,,-1,acceptance_predicate,validated,9.8999997e-05,9.49224127277217e-05
torch,cdda27bf2c0e7f72e135edbfd2b2ba10a8c5f96d,torch-authoritative-observation-20260806,241,241,0,2.4100000000000001,0x1.347ae147ae148p+1,0.01,0x1.47ae147ae147bp-7,True,,-1,acceptance_predicate,validated,9.8999997e-05,9.496038478569755e-05
torch,cdda27bf2c0e7f72e135edbfd2b2ba10a8c5f96d,torch-authoritative-observation-20260806,242,242,0,2.4199999999999999,0x1.35c28f5c28f5cp+1,0.01,0x1.47ae147ae147bp-7,True,,-1,acceptance_predicate,validated,9.8999997e-05,9.499915621873298e-05
torch,cdda27bf2c0e7f72e135edbfd2b2ba10a8c5f96d,torch-authoritative-observation-20260806,243,243,0,2.4300000000000002,0x1.370a3d70a3d71p+1,0.01,0x1.47ae147ae147bp-7,True,,-1,acceptance_predicate,validated,9.8999997e-05,9.503871768439094e-05
torch,cdda27bf2c0e7f72e135edbfd2b2ba10a8c5f96d,torch-authoritative-observation-20260806,244,244,0,2.4399999999999999,0x1.3851eb851eb85p+1,0.01,0x1.47ae147ae147bp-7,True,,-1,acceptance_predicate,validated,9.8999997e-05,9.507885909491919e-05
torch,cdda27bf2c0e7f72e135edbfd2b2ba10a8c5f96d,torch-authoritative-observation-20260806,245,245,0,2.4500000000000002,0x1.399999999999ap+1,0.01,0x1.47ae147ae147bp-7,True,,-1,acceptance_predicate,validated,9.8999997e-05,9.511989570416796e-05
torch,cdda27bf2c0e7f72e135edbfd2b2ba10a8c5f96d,torch-authoritative-observation-20260806,246,246,0,2.46,0x1.3ae147ae147aep+1,0.01,0x1.47ae147ae147bp-7,True,,-1,acceptance_predicate,validated,9.8999997e-05,9.516186914323611e-05
torch,cdda27bf2c0e7f72e135edbfd2b2ba10a8c5f96d,torch-authoritative-observation-20260806,247,247,0,2.4700000000000002,0x1.3c28f5c28f5c3p+1,0.01,0x1.47ae147ae147bp-7,True,,-1,acceptance_predicate,validated,9.8999997e-05,9.520482234570797e-05
torch,cdda27bf2c0e7f72e135edbfd2b2ba10a8c5f96d,torch-authoritative-observation-20260806,248,248,0,2.48,0x1.3d70a3d70a3d7p+1,0.01,0x1.47ae147ae147bp-7,True,,-1,acceptance_predicate,validated,9.8999997e-05,9.524827308744528e-05
torch,cdda27bf2c0e7f72e135edbfd2b2ba10a8c5f96d,torch-authoritative-observation-20260806,249,249,0,2.4900000000000002,0x1.3eb851eb851ecp+1,0.01,0x1.47ae147ae147bp-7,True,,-1,acceptance_predicate,validated,9.8999997e-05,9.529179453706488e-05
torch,cdda27bf2c0e7f72e135edbfd2b2ba10a8c5f96d,torch-authoritative-observation-20260806,250,250,0,2.5,0x1.4000000000000p+1,0.01,0x1.47ae147ae147bp-7,True,,-1,acceptance_predicate,validated,9.8999997e-05,9.533628845380267e-05
torch,cdda27bf2c0e7f72e135edbfd2b2ba10a8c5f96d,torch-authoritative-observation-20260806,251,251,0,2.5100000000000002,0x1.4147ae147ae15p+1,0.01,0x1.47ae147ae147bp-7,True,,-1,acceptance_predicate,validated,9.8999997e-05,9.53816109106365e-05
torch,cdda27bf2c0e7f72e135edbfd2b2ba10a8c5f96d,torch-authoritative-observation-20260806,252,252,0,2.52,0x1.428f5c28f5c29p+1,0.01,0x1.47ae147ae147bp-7,True,,-1,acceptance_predicate,validated,9.8999997e-05,9.542805908179829e-05
torch,cdda27bf2c0e7f72e135edbfd2b2ba10a8c5f96d,torch-authoritative-observation-20260806,253,253,0,2.5300000000000002,0x1.43d70a3d70a3ep+1,0.01,0x1.47ae147ae147bp-7,True,,-1,acceptance_predicate,validated,9.8999997e-05,9.547294438412492e-05
torch,cdda27bf2c0e7f72e135edbfd2b2ba10a8c5f96d,torch-authoritative-observation-20260806,254,254,0,2.54,0x1.451eb851eb852p+1,0.01,0x1.47ae147ae147bp-7,True,,-1,acceptance_predicate,validated,9.8999997e-05,9.551758185575737e-05
torch,cdda27bf2c0e7f72e135edbfd2b2ba10a8c5f96d,torch-authoritative-observation-20260806,255,255,0,2.5500000000000003,0x1.4666666666667p+1,0.01,0x1.47ae147ae147bp-7,True,,-1,acceptance_predicate,validated,9.8999997e-05,9.556331677285966e-05
torch,cdda27bf2c0e7f72e135edbfd2b2ba10a8c5f96d,torch-authoritative-observation-20260806,256,256,0,2.5600000000000001,0x1.47ae147ae147bp+1,0.01,0x1.47ae147ae147bp-7,True,,-1,acceptance_predicate,validated,9.8999997e-05,9.561019503642612e-05
torch,cdda27bf2c0e7f72e135edbfd2b2ba10a8c5f96d,torch-authoritative-observation-20260806,257,257,0,2.5699999999999998,0x1.48f5c28f5c28fp+1,0.01,0x1.47ae147ae147bp-7,True,,-1,acceptance_predicate,validated,9.8999997e-05,9.56583109818403e-05
torch,cdda27bf2c0e7f72e135edbfd2b2ba10a8c5f96d,torch-authoritative-observation-20260806,258,258,0,2.5800000000000001,0x1.4a3d70a3d70a4p+1,0.01,0x1.47ae147ae147bp-7,True,,-1,acceptance_predicate,validated,9.8999997e-05,9.570773955949838e-05
torch,cdda27bf2c0e7f72e135edbfd2b2ba10a8c5f96d,torch-authoritative-observation-20260806,259,259,0,2.5899999999999999,0x1.4b851eb851eb8p+1,0.01,0x1.47ae147ae147bp-7,True,,-1,acceptance_predicate,validated,9.8999997e-05,9.575855782421485e-05
torch,cdda27bf2c0e7f72e135edbfd2b2ba10a8c5f96d,torch-authoritative-observation-20260806,260,260,0,2.6000000000000001,0x1.4cccccccccccdp+1,0.01,0x1.47ae147ae147bp-7,True,,-1,acceptance_predicate,validated,9.8999997e-05,9.581084792861653e-05
torch,cdda27bf2c0e7f72e135edbfd2b2ba10a8c5f96d,torch-authoritative-observation-20260806,261,261,0,2.6099999999999999,0x1.4e147ae147ae1p+1,0.01,0x1.47ae147ae147bp-7,True,,-1,acceptance_predicate,validated,9.8999997e-05,9.586224932089391e-05
torch,cdda27bf2c0e7f72e135edbfd2b2ba10a8c5f96d,torch-authoritative-observation-20260806,262,262,0,2.6200000000000001,0x1.4f5c28f5c28f6p+1,0.01,0x1.47ae147ae147bp-7,True,,-1,acceptance_predicate,validated,9.8999997e-05,9.591513977940999e-05
torch,cdda27bf2c0e7f72e135edbfd2b2ba10a8c5f96d,torch-authoritative-observation-20260806,263,263,0,2.6299999999999999,0x1.50a3d70a3d70ap+1,0.01,0x1.47ae147ae147bp-7,True,,-1,acceptance_predicate,validated,9.8999997e-05,9.596971077102591e-05
torch,cdda27bf2c0e7f72e135edbfd2b2ba10a8c5f96d,torch-authoritative-observation-20260806,264,264,0,2.6400000000000001,0x1.51eb851eb851fp+1,0.01,0x1.47ae147ae147bp-7,True,,-1,acceptance_predicate,validated,9.8999997e-05,9.602607550415251e-05
torch,cdda27bf2c0e7f72e135edbfd2b2ba10a8c5f96d,torch-authoritative-observation-20260806,265,265,0,2.6499999999999999,0x1.5333333333333p+1,0.01,0x1.47ae147ae147bp-7,True,,-1,acceptance_predicate,validated,9.8999997e-05,9.608434937420328e-05
torch,cdda27bf2c0e7f72e135edbfd2b2ba10a8c5f96d,torch-authoritative-observation-20260806,266,266,0,2.6600000000000001,0x1.547ae147ae148p+1,0.01,0x1.47ae147ae147bp-7,True,,-1,acceptance_predicate,validated,9.8999997e-05,9.614466628804849e-05
torch,cdda27bf2c0e7f72e135edbfd2b2ba10a8c5f96d,torch-authoritative-observation-20260806,267,267,0,2.6699999999999999,0x1.55c28f5c28f5cp+1,0.01,0x1.47ae147ae147bp-7,True,,-1,acceptance_predicate,validated,9.8999997e-05,9.620716278069288e-05
torch,cdda27bf2c0e7f72e135edbfd2b2ba10a8c5f96d,torch-authoritative-observation-20260806,268,268,0,2.6800000000000002,0x1.570a3d70a3d71p+1,0.01,0x1.47ae147ae147bp-7,True,,-1,acceptance_predicate,validated,9.8999997e-05,9.627198293397137e-05
torch,cdda27bf2c0e7f72e135edbfd2b2ba10a8c5f96d,torch-authoritative-observation-20260806,269,269,0,2.6899999999999999,0x1.5851eb851eb85p+1,0.01,0x1.47ae147ae147bp-7,True,,-1,acceptance_predicate,validated,9.8999997e-05,9.63392101031223e-05
torch,cdda27bf2c0e7f72e135edbfd2b2ba10a8c5f96d,torch-authoritative-observation-20260806,270,270,0,2.7000000000000002,0x1.599999999999ap+1,0.01,0x1.47ae147ae147bp-7,True,,-1,acceptance_predicate,validated,9.8999997e-05,9.640905173371854e-05
torch,cdda27bf2c0e7f72e135edbfd2b2ba10a8c5f96d,torch-authoritative-observation-20260806,271,271,0,2.71,0x1.5ae147ae147aep+1,0.01,0x1.47ae147ae147bp-7,True,,-1,acceptance_predicate,validated,9.8999997e-05,9.648167462620401e-05
torch,cdda27bf2c0e7f72e135edbfd2b2ba10a8c5f96d,torch-authoritative-observation-20260806,272,272,0,2.7200000000000002,0x1.5c28f5c28f5c3p+1,0.01,0x1.47ae147ae147bp-7,True,,-1,acceptance_predicate,validated,9.8999997e-05,9.655725335422985e-05
torch,cdda27bf2c0e7f72e135edbfd2b2ba10a8c5f96d,torch-authoritative-observation-20260806,273,273,0,2.73,0x1.5d70a3d70a3d7p+1,0.01,0x1.47ae147ae147bp-7,True,,-1,acceptance_predicate,validated,9.8999997e-05,9.663593223054932e-05
torch,cdda27bf2c0e7f72e135edbfd2b2ba10a8c5f96d,torch-authoritative-observation-20260806,274,274,0,2.7400000000000002,0x1.5eb851eb851ecp+1,0.01,0x1.47ae147ae147bp-7,True,,-1,acceptance_predicate,validated,9.8999997e-05,9.671665689722387e-05
torch,cdda27bf2c0e7f72e135edbfd2b2ba10a8c5f96d,torch-authoritative-observation-20260806,275,275,0,2.75,0x1.6000000000000p+1,0.01,0x1.47ae147ae147bp-7,True,,-1,acceptance_predicate,validated,9.8999997e-05,9.680042271302368e-05
torch,cdda27bf2c0e7f72e135edbfd2b2ba10a8c5f96d,torch-authoritative-observation-20260806,276,276,0,2.7600000000000002,0x1.6147ae147ae15p+1,0.01,0x1.47ae147ae147bp-7,True,,-1,acceptance_predicate,validated,9.8999997e-05,9.688168543390985e-05
torch,cdda27bf2c0e7f72e135edbfd2b2ba10a8c5f96d,torch-authoritative-observation-20260806,277,277,0,2.77,0x1.628f5c28f5c29p+1,0.01,0x1.47ae147ae147bp-7,True,,-1,acceptance_predicate,validated,9.8999997e-05,9.696107098832913e-05
torch,cdda27bf2c0e7f72e135edbfd2b2ba10a8c5f96d,torch-authoritative-observation-20260806,278,278,0,2.7800000000000002,0x1.63d70a3d70a3ep+1,0.01,0x1.47ae147ae147bp-7,True,,-1,acceptance_predicate,validated,9.8999997e-05,9.704325371902775e-05
torch,cdda27bf2c0e7f72e135edbfd2b2ba10a8c5f96d,torch-authoritative-observation-20260806,279,279,0,2.79,0x1.651eb851eb852p+1,0.01,0x1.47ae147ae147bp-7,True,,-1,acceptance_predicate,validated,9.8999997e-05,9.712819455482347e-05
torch,cdda27bf2c0e7f72e135edbfd2b2ba10a8c5f96d,torch-authoritative-observation-20260806,280,280,0,2.8000000000000003,0x1.6666666666667p+1,0.01,0x1.47ae147ae147bp-7,True,,-1,acceptance_predicate,validated,9.8999997e-05,9.721599262051315e-05
torch,cdda27bf2c0e7f72e135edbfd2b2ba10a8c5f96d,torch-authoritative-observation-20260806,281,281,0,2.8100000000000001,0x1.67ae147ae147bp+1,0.01,0x1.47ae147ae147bp-7,True,,-1,acceptance_predicate,validated,9.8999997e-05,9.720083145480939e-05
torch,cdda27bf2c0e7f72e135edbfd2b2ba10a8c5f96d,torch-authoritative-observation-20260806,282,282,0,2.8199999999999998,0x1.68f5c28f5c28fp+1,0.01,0x1.47ae147ae147bp-7,True,,-1,acceptance_predicate,validated,9.8999997e-05,9.708197276069852e-05
torch,cdda27bf2c0e7f72e135edbfd2b2ba10a8c5f96d,torch-authoritative-observation-20260806,283,283,0,2.8300000000000001,0x1.6a3d70a3d70a4p+1,0.01,0x1.47ae147ae147bp-7,True,,-1,acceptance_predicate,validated,9.8999997e-05,9.695639230951117e-05
torch,cdda27bf2c0e7f72e135edbfd2b2ba10a8c5f96d,torch-authoritative-observation-20260806,284,284,0,2.8399999999999999,0x1.6b851eb851eb8p+1,0.01,0x1.47ae147ae147bp-7,True,,-1,acceptance_predicate,validated,9.8999997e-05,9.680522952307071e-05
torch,cdda27bf2c0e7f72e135edbfd2b2ba10a8c5f96d,torch-authoritative-observation-20260806,285,285,0,2.8500000000000001,0x1.6cccccccccccdp+1,0.01,0x1.47ae147ae147bp-7,True,,-1,acceptance_predicate,validated,9.8999997e-05,9.664750868776944e-05
torch,cdda27bf2c0e7f72e135edbfd2b2ba10a8c5f96d,torch-authoritative-observation-20260806,286,286,0,2.8599999999999999,0x1.6e147ae147ae1p+1,0.01,0x1.47ae147ae147bp-7,True,,-1,acceptance_predicate,validated,9.8999997e-05,9.648388834373698e-05
torch,cdda27bf2c0e7f72e135edbfd2b2ba10a8c5f96d,torch-authoritative-observation-20260806,287,287,0,2.8700000000000001,0x1.6f5c28f5c28f6p+1,0.01,0x1.47ae147ae147bp-7,True,,-1,acceptance_predicate,validated,9.8999997e-05,9.631475219432111e-05
torch,cdda27bf2c0e7f72e135edbfd2b2ba10a8c5f96d,torch-authoritative-observation-20260806,288,288,0,2.8799999999999999,0x1.70a3d70a3d70ap+1,0.01,0x1.47ae147ae147bp-7,True,,-1,acceptance_predicate,validated,9.8999997e-05,9.614016464061752e-05
torch,cdda27bf2c0e7f72e135edbfd2b2ba10a8c5f96d,torch-authoritative-observation-20260806,289,289,0,2.8900000000000001,0x1.71eb851eb851fp+1,0.01,0x1.47ae147ae147bp-7,True,,-1,acceptance_predicate,validated,9.8999997e-05,9.595994125690969e-05
torch,cdda27bf2c0e7f72e135edbfd2b2ba10a8c5f96d,torch-authoritative-observation-20260806,290,290,0,2.8999999999999999,0x1.7333333333333p+1,0.01,0x1.47ae147ae147bp-7,True,,-1,acceptance_predicate,validated,9.8999997e-05,9.577431581942615e-05
torch,cdda27bf2c0e7f72e135edbfd2b2ba10a8c5f96d,torch-authoritative-observation-20260806,291,291,0,2.9100000000000001,0x1.747ae147ae148p+1,0.01,0x1.47ae147ae147bp-7,True,,-1,acceptance_predicate,validated,9.8999997e-05,9.558336798606952e-05
torch,cdda27bf2c0e7f72e135edbfd2b2ba10a8c5f96d,torch-authoritative-observation-20260806,292,292,0,2.9199999999999999,0x1.75c28f5c28f5cp+1,0.01,0x1.47ae147ae147bp-7,True,,-1,acceptance_predicate,validated,9.8999997e-05,9.538718168306452e-05
torch,cdda27bf2c0e7f72e135edbfd2b2ba10a8c5f96d,torch-authoritative-observation-20260806,293,293,0,2.9300000000000002,0x1.770a3d70a3d71p+1,0.01,0x1.47ae147ae147bp-7,True,,-1,acceptance_predicate,validated,9.8999997e-05,9.518584436933555e-05
torch,cdda27bf2c0e7f72e135edbfd2b2ba10a8c5f96d,torch-authoritative-observation-20260806,294,294,0,2.9399999999999999,0x1.7851eb851eb85p+1,0.01,0x1.47ae147ae147bp-7,True,,-1,acceptance_predicate,validated,9.8999997e-05,9.49794644151478e-05
torch,cdda27bf2c0e7f72e135edbfd2b2ba10a8c5f96d,torch-authoritative-observation-20260806,295,295,0,2.9500000000000002,0x1.799999999999ap+1,0.01,0x1.47ae147ae147bp-7,True,,-1,acceptance_predicate,validated,9.8999997e-05,9.476821065499778e-05
torch,cdda27bf2c0e7f72e135edbfd2b2ba10a8c5f96d,torch-authoritative-observation-20260806,296,296,0,2.96,0x1.7ae147ae147aep+1,0.01,0x1.47ae147ae147bp-7,True,,-1,acceptance_predicate,validated,9.8999997e-05,9.455224896708425e-05
torch,cdda27bf2c0e7f72e135edbfd2b2ba10a8c5f96d,torch-authoritative-observation-20260806,297,297,0,2.9700000000000002,0x1.7c28f5c28f5c3p+1,0.01,0x1.47ae147ae147bp-7,True,,-1,acceptance_predicate,validated,9.8999997e-05,9.433176480646076e-05
torch,cdda27bf2c0e7f72e135edbfd2b2ba10a8c5f96d,torch-authoritative-observation-20260806,298,298,0,2.98,0x1.7d70a3d70a3d7p+1,0.01,0x1.47ae147ae147bp-7,True,,-1,acceptance_predicate,validated,9.8999997e-05,9.409794207495219e-05
torch,cdda27bf2c0e7f72e135edbfd2b2ba10a8c5f96d,torch-authoritative-observation-20260806,299,299,0,2.9900000000000002,0x1.7eb851eb851ecp+1,0.01,0x1.47ae147ae147bp-7,True,,-1,acceptance_predicate,validated,9.8999997e-05,9.38433704561398e-05
torch,cdda27bf2c0e7f72e135edbfd2b2ba10a8c5f96d,torch-authoritative-observation-20260806,300,300,0,3,0x1.8000000000000p+1,0.01,0x1.47ae147ae147bp-7,True,,-1,acceptance_predicate,validated,9.8999997e-05,9.357338182697178e-05
torch,cdda27bf2c0e7f72e135edbfd2b2ba10a8c5f96d,torch-authoritative-observation-20260806,301,301,0,3.0100000000000002,0x1.8147ae147ae15p+1,0.01,0x1.47ae147ae147bp-7,True,,-1,acceptance_predicate,validated,9.8999997e-05,9.329707004444291e-05
torch,cdda27bf2c0e7f72e135edbfd2b2ba10a8c5f96d,torch-authoritative-observation-20260806,302,302,0,3.02,0x1.828f5c28f5c29p+1,0.01,0x1.47ae147ae147bp-7,True,,-1,acceptance_predicate,validated,9.8999997e-05,9.301666345026927e-05
torch,cdda27bf2c0e7f72e135edbfd2b2ba10a8c5f96d,torch-authoritative-observation-20260806,303,303,0,3.0300000000000002,0x1.83d70a3d70a3ep+1,0.01,0x1.47ae147ae147bp-7,True,,-1,acceptance_predicate,validated,9.8999997e-05,9.273256132390598e-05
torch,cdda27bf2c0e7f72e135edbfd2b2ba10a8c5f96d,torch-authoritative-observation-20260806,304,304,0,3.04,0x1.851eb851eb852p+1,0.01,0x1.47ae147ae147bp-7,True,,-1,acceptance_predicate,validated,9.8999997e-05,9.24448541129071e-05
torch,cdda27bf2c0e7f72e135edbfd2b2ba10a8c5f96d,torch-authoritative-observation-20260806,305,305,0,3.0500000000000003,0x1.8666666666667p+1,0.01,0x1.47ae147ae147bp-7,True,,-1,acceptance_predicate,validated,9.8999997e-05,9.215488535985409e-05
torch,cdda27bf2c0e7f72e135edbfd2b2ba10a8c5f96d,torch-authoritative-observation-20260806,306,306,0,3.0600000000000001,0x1.87ae147ae147bp+1,0.01,0x1.47ae147ae147bp-7,True,,-1,acceptance_predicate,validated,9.8999997e-05,9.18625788884614e-05
torch,cdda27bf2c0e7f72e135edbfd2b2ba10a8c5f96d,torch-authoritative-observation-20260806,307,307,0,3.0700000000000003,0x1.88f5c28f5c290p+1,0.01,0x1.47ae147ae147bp-7,True,,-1,acceptance_predicate,validated,9.8999997e-05,9.15717420718514e-05
torch,cdda27bf2c0e7f72e135edbfd2b2ba10a8c5f96d,torch-authoritative-observation-20260806,308,308,0,3.0800000000000001,0x1.8a3d70a3d70a4p+1,0.01,0x1.47ae147ae147bp-7,True,,-1,acceptance_predicate,validated,9.8999997e-05,9.128380126783421e-05
torch,cdda27bf2c0e7f72e135edbfd2b2ba10a8c5f96d,torch-authoritative-observation-20260806,309,309,0,3.0899999999999999,0x1.8b851eb851eb8p+1,0.01,0x1.47ae147ae147bp-7,True,,-1,acceptance_predicate,validated,9.8999997e-05,9.100025338121258e-05
torch,cdda27bf2c0e7f72e135edbfd2b2ba10a8c5f96d,torch-authoritative-observation-20260806,310,310,0,3.1000000000000001,0x1.8cccccccccccdp+1,0.01,0x1.47ae147ae147bp-7,True,,-1,acceptance_predicate,validated,9.8999997e-05,9.072256972387295e-05
torch,cdda27bf2c0e7f72e135edbfd2b2ba10a8c5f96d,torch-authoritative-observation-20260806,311,311,0,3.1099999999999999,0x1.8e147ae147ae1p+1,0.01,0x1.47ae147ae147bp-7,True,,-1,acceptance_predicate,validated,9.8999997e-05,9.045208612632936e-05
torch,cdda27bf2c0e7f72e135edbfd2b2ba10a8c5f96d,torch-authoritative-observation-20260806,312,312,0,3.1200000000000001,0x1.8f5c28f5c28f6p+1,0.01,0x1.47ae147ae147bp-7,True,,-1,acceptance_predicate,validated,9.8999997e-05,9.01908556861155e-05
torch,cdda27bf2c0e7f72e135edbfd2b2ba10a8c5f96d,torch-authoritative-observation-20260806,313,313,0,3.1299999999999999,0x1.90a3d70a3d70ap+1,0.01,0x1.47ae147ae147bp-7,True,,-1,acceptance_predicate,validated,9.8999997e-05,8.994036510546921e-05
torch,cdda27bf2c0e7f72e135edbfd2b2ba10a8c5f96d,torch-authoritative-observation-20260806,314,314,0,3.1400000000000001,0x1.91eb851eb851fp+1,0.01,0x1.47ae147ae147bp-7,True,,-1,acceptance_predicate,validated,9.8999997e-05,8.969477809818513e-05
torch,cdda27bf2c0e7f72e135edbfd2b2ba10a8c5f96d,torch-authoritative-observation-20260806,315,315,0,3.1499999999999999,0x1.9333333333333p+1,0.01,0x1.47ae147ae147bp-7,True,,-1,acceptance_predicate,validated,9.8999997e-05,8.939382746221859e-05
torch,cdda27bf2c0e7f72e135edbfd2b2ba10a8c5f96d,torch-authoritative-observation-20260806,316,316,0,3.1600000000000001,0x1.947ae147ae148p+1,0.01,0x1.47ae147ae147bp-7,True,,-1,acceptance_predicate,validated,9.8999997e-05,8.908613605570253e-05
torch,cdda27bf2c0e7f72e135edbfd2b2ba10a8c5f96d,torch-authoritative-observation-20260806,317,317,0,3.1699999999999999,0x1.95c28f5c28f5cp+1,0.01,0x1.47ae147ae147bp-7,True,,-1,acceptance_predicate,validated,9.8999997e-05,8.876348889197746e-05
torch,cdda27bf2c0e7f72e135edbfd2b2ba10a8c5f96d,torch-authoritative-observation-20260806,318,318,0,3.1800000000000002,0x1.970a3d70a3d71p+1,0.01,0x1.47ae147ae147bp-7,True,,-1,acceptance_predicate,validated,9.8999997e-05,8.843169740062391e-05
torch,cdda27bf2c0e7f72e135edbfd2b2ba10a8c5f96d,torch-authoritative-observation-20260806,319,319,0,3.1899999999999999,0x1.9851eb851eb85p+1,0.01,0x1.47ae147ae147bp-7,True,,-1,acceptance_predicate,validated,9.8999997e-05,8.809884189007753e-05
torch,cdda27bf2c0e7f72e135edbfd2b2ba10a8c5f96d,torch-authoritative-observation-20260806,320,320,0,3.2000000000000002,0x1.999999999999ap+1,0.01,0x1.47ae147ae147bp-7,True,,-1,acceptance_predicate,validated,9.8999997e-05,8.776515625829383e-05
torch,cdda27bf2c0e7f72e135edbfd2b2ba10a8c5f96d,torch-authoritative-observation-20260806,321,321,0,3.21,0x1.9ae147ae147aep+1,0.01,0x1.47ae147ae147bp-7,True,,-1,acceptance_predicate,validated,9.8999997e-05,8.743206768220079e-05
torch,cdda27bf2c0e7f72e135edbfd2b2ba10a8c5f96d,torch-authoritative-observation-20260806,322,322,0,3.2200000000000002,0x1.9c28f5c28f5c3p+1,0.01,0x1.47ae147ae147bp-7,True,,-1,acceptance_predicate,validated,9.8999997e-05,8.709634995194896e-05
torch,cdda27bf2c0e7f72e135edbfd2b2ba10a8c5f96d,torch-authoritative-observation-20260806,323,323,0,3.23,0x1.9d70a3d70a3d7p+1,0.01,0x1.47ae147ae147bp-7,True,,-1,acceptance_predicate,validated,9.8999997e-05,8.67647032822084e-05
torch,cdda27bf2c0e7f72e135edbfd2b2ba10a8c5f96d,torch-authoritative-observation-20260806,324,324,0,3.2400000000000002,0x1.9eb851eb851ecp+1,0.01,0x1.47ae147ae147bp-7,True,,-1,acceptance_predicate,validated,9.8999997e-05,8.643849742675441e-05
torch,cdda27bf2c0e7f72e135edbfd2b2ba10a8c5f96d,torch-authoritative-observation-20260806,325,325,0,3.25,0x1.a000000000000p+1,0.01,0x1.47ae147ae147bp-7,True,,-1,acceptance_predicate,validated,9.8999997e-05,8.611682641490512e-05
torch,cdda27bf2c0e7f72e135edbfd2b2ba10a8c5f96d,torch-authoritative-observation-20260806,326,326,0,3.2600000000000002,0x1.a147ae147ae15p+1,0.01,0x1.47ae147ae147bp-7,True,,-1,acceptance_predicate,validated,9.8999997e-05,8.580238202918033e-05
torch,cdda27bf2c0e7f72e135edbfd2b2ba10a8c5f96d,torch-authoritative-observation-20260806,327,327,0,3.27,0x1.a28f5c28f5c29p+1,0.01,0x1.47ae147ae147bp-7,True,,-1,acceptance_predicate,validated,9.8999997e-05,8.549755890778756e-05
torch,cdda27bf2c0e7f72e135edbfd2b2ba10a8c5f96d,torch-authoritative-observation-20260806,328,328,0,3.2800000000000002,0x1.a3d70a3d70a3ep+1,0.01,0x1.47ae147ae147bp-7,True,,-1,acceptance_predicate,validated,9.8999997e-05,8.52038521971985e-05
torch,cdda27bf2c0e7f72e135edbfd2b2ba10a8c5f96d,torch-authoritative-observation-20260806,329,329,0,3.29,0x1.a51eb851eb852p+1,0.01,0x1.47ae147ae147bp-7,True,,-1,acceptance_predicate,validated,9.8999997e-05,8.491123659532715e-05
torch,cdda27bf2c0e7f72e135edbfd2b2ba10a8c5f96d,torch-authoritative-observation-20260806,330,330,0,3.3000000000000003,0x1.a666666666667p+1,0.01,0x1.47ae147ae147bp-7,True,,-1,acceptance_predicate,validated,9.8999997e-05,8.46287102335139e-05
torch,cdda27bf2c0e7f72e135edbfd2b2ba10a8c5f96d,torch-authoritative-observation-20260806,331,331,0,3.3100000000000001,0x1.a7ae147ae147bp+1,0.01,0x1.47ae147ae147bp-7,True,,-1,acceptance_predicate,validated,9.8999997e-05,8.436164307479077e-05
torch,cdda27bf2c0e7f72e135edbfd2b2ba10a8c5f96d,torch-authoritative-observation-20260806,332,332,0,3.3200000000000003,0x1.a8f5c28f5c290p+1,0.01,0x1.47ae147ae147bp-7,True,,-1,acceptance_predicate,validated,9.8999997e-05,8.411173666627805e-05
torch,cdda27bf2c0e7f72e135edbfd2b2ba10a8c5f96d,torch-authoritative-observation-20260806,333,333,0,3.3300000000000001,0x1.aa3d70a3d70a4p+1,0.01,0x1.47ae147ae147bp-7,True,,-1,acceptance_predicate,validated,9.8999997e-05,8.387476992790776e-05
torch,cdda27bf2c0e7f72e135edbfd2b2ba10a8c5f96d,torch-authoritative-observation-20260806,334,334,0,3.3399999999999999,0x1.ab851eb851eb8p+1,0.01,0x1.47ae147ae147bp-7,True,,-1,acceptance_predicate,validated,9.8999997e-05,8.365214784535697e-05
torch,cdda27bf2c0e7f72e135edbfd2b2ba10a8c5f96d,torch-authoritative-observation-20260806,335,335,0,3.3500000000000001,0x1.acccccccccccdp+1,0.01,0x1.47ae147ae147bp-7,True,,-1,acceptance_predicate,validated,9.8999997e-05,8.344896622695342e-05
torch,cdda27bf2c0e7f72e135edbfd2b2ba10a8c5f96d,torch-authoritative-observation-20260806,336,336,0,3.3599999999999999,0x1.ae147ae147ae1p+1,0.01,0x1.47ae147ae147bp-7,True,,-1,acceptance_predicate,validated,9.8999997e-05,8.326634147677643e-05
torch,cdda27bf2c0e7f72e135edbfd2b2ba10a8c5f96d,torch-authoritative-observation-20260806,337,337,0,3.3700000000000001,0x1.af5c28f5c28f6p+1,0.01,0x1.47ae147ae147bp-7,True,,-1,acceptance_predicate,validated,9.8999997e-05,8.310512183097312e-05
torch,cdda27bf2c0e7f72e135edbfd2b2ba10a8c5f96d,torch-authoritative-observation-20260806,338,338,0,3.3799999999999999,0x1.b0a3d70a3d70ap+1,0.01,0x1.47ae147ae147bp-7,True,,-1,acceptance_predicate,validated,9.8999997e-05,8.296602302895319e-05
torch,cdda27bf2c0e7f72e135edbfd2b2ba10a8c5f96d,torch-authoritative-observation-20260806,339,339,0,3.3900000000000001,0x1.b1eb851eb851fp+1,0.01,0x1.47ae147ae147bp-7,True,,-1,acceptance_predicate,validated,9.8999997e-05,8.284995520572836e-05
torch,cdda27bf2c0e7f72e135edbfd2b2ba10a8c5f96d,torch-authoritative-observation-20260806,340,340,0,3.3999999999999999,0x1.b333333333333p+1,0.01,0x1.47ae147ae147bp-7,True,,-1,acceptance_predicate,validated,9.8999997e-05,8.275742535568093e-05
torch,cdda27bf2c0e7f72e135edbfd2b2ba10a8c5f96d,torch-authoritative-observation-20260806,341,341,0,3.4100000000000001,0x1.b47ae147ae148p+1,0.01,0x1.47ae147ae147bp-7,True,,-1,acceptance_predicate,validated,9.8999997e-05,8.268315438385326e-05
torch,cdda27bf2c0e7f72e135edbfd2b2ba10a8c5f96d,torch-authoritative-observation-20260806,342,342,0,3.4199999999999999,0x1.b5c28f5c28f5cp+1,0.01,0x1.47ae147ae147bp-7,True,,-1,acceptance_predicate,validated,9.8999997e-05,8.259678040143699e-05
torch,cdda27bf2c0e7f72e135edbfd2b2ba10a8c5f96d,torch-authoritative-observation-20260806,343,343,0,3.4300000000000002,0x1.b70a3d70a3d71p+1,0.01,0x1.47ae147ae147bp-7,True,,-1,acceptance_predicate,validated,9.8999997e-05,8.253573943186075e-05
torch,cdda27bf2c0e7f72e135edbfd2b2ba10a8c5f96d,torch-authoritative-observation-20260806,344,344,0,3.4399999999999999,0x1.b851eb851eb85p+1,0.01,0x1.47ae147ae147bp-7,True,,-1,acceptance_predicate,validated,9.8999997e-05,8.250014733071238e-05
torch,cdda27bf2c0e7f72e135edbfd2b2ba10a8c5f96d,torch-authoritative-observation-20260806,345,345,0,3.4500000000000002,0x1.b99999999999ap+1,0.01,0x1.47ae147ae147bp-7,True,,-1,acceptance_predicate,validated,9.8999997e-05,8.248983403097897e-05
torch,cdda27bf2c0e7f72e135edbfd2b2ba10a8c5f96d,torch-authoritative-observation-20260806,346,346,0,3.46,0x1.bae147ae147aep+1,0.01,0x1.47ae147ae147bp-7,True,,-1,acceptance_predicate,validated,9.8999997e-05,8.250445182886085e-05
torch,cdda27bf2c0e7f72e135edbfd2b2ba10a8c5f96d,torch-authoritative-observation-20260806,347,347,0,3.4700000000000002,0x1.bc28f5c28f5c3p+1,0.01,0x1.47ae147ae147bp-7,True,,-1,acceptance_predicate,validated,9.8999997e-05,8.253807262545505e-05
torch,cdda27bf2c0e7f72e135edbfd2b2ba10a8c5f96d,torch-authoritative-observation-20260806,348,348,0,3.48,0x1.bd70a3d70a3d7p+1,0.01,0x1.47ae147ae147bp-7,True,,-1,acceptance_predicate,validated,9.8999997e-05,8.259125070100268e-05
torch,cdda27bf2c0e7f72e135edbfd2b2ba10a8c5f96d,torch-authoritative-observation-20260806,349,349,0,3.4900000000000002,0x1.beb851eb851ecp+1,0.01,0x1.47ae147ae147bp-7,True,,-1,acceptance_predicate,validated,9.8999997e-05,8.265979058504312e-05
torch,cdda27bf2c0e7f72e135edbfd2b2ba10a8c5f96d,torch-authoritative-observation-20260806,350,350,0,3.5,0x1.c000000000000p+1,0.01,0x1.47ae147ae147bp-7,True,,-1,acceptance_predicate,validated,9.8999997e-05,8.272202770632263e-05
torch,cdda27bf2c0e7f72e135edbfd2b2ba10a8c5f96d,torch-authoritative-observation-20260806,351,351,0,3.5100000000000002,0x1.c147ae147ae15p+1,0.01,0x1.47ae147ae147bp-7,True,,-1,acceptance_predicate,validated,9.8999997e-05,8.279820570712801e-05
torch,cdda27bf2c0e7f72e135edbfd2b2ba10a8c5f96d,torch-authoritative-observation-20260806,352,352,0,3.52,0x1.c28f5c28f5c29p+1,0.01,0x1.47ae147ae147bp-7,True,,-1,acceptance_predicate,validated,9.8999997e-05,8.290019871410907e-05
torch,cdda27bf2c0e7f72e135edbfd2b2ba10a8c5f96d,torch-authoritative-observation-20260806,353,353,0,3.5300000000000002,0x1.c3d70a3d70a3ep+1,0.01,0x1.47ae147ae147bp-7,True,,-1,acceptance_predicate,validated,9.8999997e-05,8.302723141279766e-05
torch,cdda27bf2c0e7f72e135edbfd2b2ba10a8c5f96d,torch-authoritative-observation-20260806,354,354,0,3.54,0x1.c51eb851eb852p+1,0.01,0x1.47ae147ae147bp-7,True,,-1,acceptance_predicate,validated,9.8999997e-05,8.317751990592744e-05
torch,cdda27bf2c0e7f72e135edbfd2b2ba10a8c5f96d,torch-authoritative-observation-20260806,355,355,0,3.5500000000000003,0x1.c666666666667p+1,0.01,0x1.47ae147ae147bp-7,True,,-1,acceptance_predicate,validated,9.8999997e-05,8.334859982683686e-05
torch,cdda27bf2c0e7f72e135edbfd2b2ba10a8c5f96d,torch-authoritative-observation-20260806,356,356,0,3.5600000000000001,0x1.c7ae147ae147bp+1,0.01,0x1.47ae147ae147bp-7,True,,-1,acceptance_predicate,validated,9.8999997e-05,8.353574238192365e-05
torch,cdda27bf2c0e7f72e135edbfd2b2ba10a8c5f96d,torch-authoritative-observation-20260806,357,357,0,3.5700000000000003,0x1.c8f5c28f5c290p+1,0.01,0x1.47ae147ae147bp-7,True,,-1,acceptance_predicate,validated,9.8999997e-05,8.373586591544807e-05
torch,cdda27bf2c0e7f72e135edbfd2b2ba10a8c5f96d,torch-authoritative-observation-20260806,358,358,0,3.5800000000000001,0x1.ca3d70a3d70a4p+1,0.01,0x1.47ae147ae147bp-7,True,,-1,acceptance_predicate,validated,9.8999997e-05,8.394689333238509e-05
torch,cdda27bf2c0e7f72e135edbfd2b2ba10a8c5f96d,torch-authoritative-observation-20260806,359,359,0,3.5899999999999999,0x1.cb851eb851eb8p+1,0.01,0x1.47ae147ae147bp-7,True,,-1,acceptance_predicate,validated,9.8999997e-05,8.417289703224206e-05
torch,cdda27bf2c0e7f72e135edbfd2b2ba10a8c5f96d,torch-authoritative-observation-20260806,360,360,0,3.6000000000000001,0x1.ccccccccccccdp+1,0.01,0x1.47ae147ae147bp-7,True,,-1,acceptance_predicate,validated,9.8999997e-05,8.44114169971344e-05
torch,cdda27bf2c0e7f72e135edbfd2b2ba10a8c5f96d,torch-authoritative-observation-20260806,361,361,0,3.6099999999999999,0x1.ce147ae147ae1p+1,0.01,0x1.47ae147ae147bp-7,True,,-1,acceptance_predicate,validated,9.8999997e-05,8.466056438925059e-05
torch,cdda27bf2c0e7f72e135edbfd2b2ba10a8c5f96d,torch-authoritative-observation-20260806,362,362,0,3.6200000000000001,0x1.cf5c28f5c28f6p+1,0.01,0x1.47ae147ae147bp-7,True,,-1,acceptance_predicate,validated,9.8999997e-05,8.491932133716433e-05
torch,cdda27bf2c0e7f72e135edbfd2b2ba10a8c5f96d,torch-authoritative-observation-20260806,363,363,0,3.6299999999999999,0x1.d0a3d70a3d70ap+1,0.01,0x1.47ae147ae147bp-7,True,,-1,acceptance_predicate,validated,9.8999997e-05,8.518595105077568e-05
torch,cdda27bf2c0e7f72e135edbfd2b2ba10a8c5f96d,torch-authoritative-observation-20260806,364,364,0,3.6400000000000001,0x1.d1eb851eb851fp+1,0.01,0x1.47ae147ae147bp-7,True,,-1,acceptance_predicate,validated,9.8999997e-05,8.544296061581244e-05
torch,cdda27bf2c0e7f72e135edbfd2b2ba10a8c5f96d,torch-authoritative-observation-20260806,365,365,0,3.6499999999999999,0x1.d333333333333p+1,0.01,0x1.47ae147ae147bp-7,True,,-1,acceptance_predicate,validated,9.8999997e-05,8.569644843792403e-05
torch,cdda27bf2c0e7f72e135edbfd2b2ba10a8c5f96d,torch-authoritative-observation-20260806,366,366,0,3.6600000000000001,0x1.d47ae147ae148p+1,0.01,0x1.47ae147ae147bp-7,True,,-1,acceptance_predicate,validated,9.8999997e-05,8.595239264152783e-05
torch,cdda27bf2c0e7f72e135edbfd2b2ba10a8c5f96d,torch-authoritative-observation-20260806,367,367,0,3.6699999999999999,0x1.d5c28f5c28f5cp+1,0.01,0x1.47ae147ae147bp-7,True,,-1,acceptance_predicate,validated,9.8999997e-05,8.621076857495699e-05
torch,cdda27bf2c0e7f72e135edbfd2b2ba10a8c5f96d,torch-authoritative-observation-20260806,368,368,0,3.6800000000000002,0x1.d70a3d70a3d71p+1,0.01,0x1.47ae147ae147bp-7,True,,-1,acceptance_predicate,validated,9.8999997e-05,8.64706382421755e-05
torch,cdda27bf2c0e7f72e135edbfd2b2ba10a8c5f96d,torch-authoritative-observation-20260806,369,369,0,3.6899999999999999,0x1.d851eb851eb85p+1,0.01,0x1.47ae147ae147bp-7,True,,-1,acceptance_predicate,validated,9.8999997e-05,8.669525369472443e-05
torch,cdda27bf2c0e7f72e135edbfd2b2ba10a8c5f96d,torch-authoritative-observation-20260806,370,370,0,3.7000000000000002,0x1.d99999999999ap+1,0.01,0x1.47ae147ae147bp-7,True,,-1,acceptance_predicate,validated,9.8999997e-05,8.69137121816472e-05
torch,cdda27bf2c0e7f72e135edbfd2b2ba10a8c5f96d,torch-authoritative-observation-20260806,371,371,0,3.71,0x1.dae147ae147aep+1,0.01,0x1.47ae147ae147bp-7,True,,-1,acceptance_predicate,validated,9.8999997e-05,8.713429664870461e-05
torch,cdda27bf2c0e7f72e135edbfd2b2ba10a8c5f96d,torch-authoritative-observation-20260806,372,372,0,3.7200000000000002,0x1.dc28f5c28f5c3p+1,0.01,0x1.47ae147ae147bp-7,True,,-1,acceptance_predicate,validated,9.8999997e-05,8.735630870844562e-05
torch,cdda27bf2c0e7f72e135edbfd2b2ba10a8c5f96d,torch-authoritative-observation-20260806,373,373,0,3.73,0x1.dd70a3d70a3d7p+1,0.01,0x1.47ae147ae147bp-7,True,,-1,acceptance_predicate,validated,9.8999997e-05,8.757907711851823e-05
torch,cdda27bf2c0e7f72e135edbfd2b2ba10a8c5f96d,torch-authoritative-observation-20260806,374,374,0,3.7400000000000002,0x1.deb851eb851ecp+1,0.01,0x1.47ae147ae147bp-7,True,,-1,acceptance_predicate,validated,9.8999997e-05,8.780197570073503e-05
torch,cdda27bf2c0e7f72e135edbfd2b2ba10a8c5f96d,torch-authoritative-observation-20260806,375,375,0,3.75,0x1.e000000000000p+1,0.01,0x1.47ae147ae147bp-7,True,,-1,acceptance_predicate,validated,9.8999997e-05,8.802431906847606e-05
torch,cdda27bf2c0e7f72e135edbfd2b2ba10a8c5f96d,torch-authoritative-observation-20260806,376,376,0,3.7600000000000002,0x1.e147ae147ae15p+1,0.01,0x1.47ae147ae147bp-7,True,,-1,acceptance_predicate,validated,9.8999997e-05,8.823739780226502e-05
torch,cdda27bf2c0e7f72e135edbfd2b2ba10a8c5f96d,torch-authoritative-observation-20260806,377,377,0,3.77,0x1.e28f5c28f5c29p+1,0.01,0x1.47ae147ae147bp-7,True,,-1,acceptance_predicate,validated,9.8999997e-05,8.84233341056036e-05
torch,cdda27bf2c0e7f72e135edbfd2b2ba10a8c5f96d,torch-authoritative-observation-20260806,378,378,0,3.7800000000000002,0x1.e3d70a3d70a3ep+1,0.01,0x1.47ae147ae147bp-7,True,,-1,acceptance_predicate,validated,9.8999997e-05,8.861000148660029e-05
torch,cdda27bf2c0e7f72e135edbfd2b2ba10a8c5f96d,torch-authoritative-observation-20260806,379,379,0,3.79,0x1.e51eb851eb852p+1,0.01,0x1.47ae147ae147bp-7,True,,-1,acceptance_predicate,validated,9.8999997e-05,8.879694777346975e-05
torch,cdda27bf2c0e7f72e135edbfd2b2ba10a8c5f96d,torch-authoritative-observation-20260806,380,380,0,3.8000000000000003,0x1.e666666666667p+1,0.01,0x1.47ae147ae147bp-7,True,,-1,acceptance_predicate,validated,9.8999997e-05,8.898367422063645e-05
torch,cdda27bf2c0e7f72e135edbfd2b2ba10a8c5f96d,torch-authoritative-observation-20260806,381,381,0,3.8100000000000001,0x1.e7ae147ae147bp+1,0.01,0x1.47ae147ae147bp-7,True,,-1,acceptance_predicate,validated,9.8999997e-05,8.916977822775507e-05
torch,cdda27bf2c0e7f72e135edbfd2b2ba10a8c5f96d,torch-authoritative-observation-20260806,382,382,0,3.8200000000000003,0x1.e8f5c28f5c290p+1,0.01,0x1.47ae147ae147bp-7,True,,-1,acceptance_predicate,validated,9.8999997e-05,8.935484352058403e-05
torch,cdda27bf2c0e7f72e135edbfd2b2ba10a8c5f96d,torch-authoritative-observation-20260806,383,383,0,3.8300000000000001,0x1.ea3d70a3d70a4p+1,0.01,0x1.47ae147ae147bp-7,True,,-1,acceptance_predicate,validated,9.8999997e-05,8.953871858021452e-05
torch,cdda27bf2c0e7f72e135edbfd2b2ba10a8c5f96d,torch-authoritative-observation-20260806,384,384,0,3.8399999999999999,0x1.eb851eb851eb8p+1,0.01,0x1.47ae147ae147bp-7,True,,-1,acceptance_predicate,validated,9.8999997e-05,8.971924586871995e-05
torch,cdda27bf2c0e7f72e135edbfd2b2ba10a8c5f96d,torch-authoritative-observation-20260806,385,385,0,3.8500000000000001,0x1.ecccccccccccdp+1,0.01,0x1.47ae147ae147bp-7,True,,-1,acceptance_predicate,validated,9.8999997e-05,8.9897372478917e-05
torch,cdda27bf2c0e7f72e135edbfd2b2ba10a8c5f96d,torch-authoritative-observation-20260806,386,386,0,3.8599999999999999,0x1.ee147ae147ae1p+1,0.01,0x1.47ae147ae147bp-7,True,,-1,acceptance_predicate,validated,9.8999997e-05,9.007354748713278e-05
torch,cdda27bf2c0e7f72e135edbfd2b2ba10a8c5f96d,torch-authoritative-observation-20260806,387,387,0,3.8700000000000001,0x1.ef5c28f5c28f6p+1,0.01,0x1.47ae147ae147bp-7,True,,-1,acceptance_predicate,validated,9.8999997e-05,9.024780030118362e-05
torch,cdda27bf2c0e7f72e135edbfd2b2ba10a8c5f96d,torch-authoritative-observation-20260806,388,388,0,3.8799999999999999,0x1.f0a3d70a3d70ap+1,0.01,0x1.47ae147ae147bp-7,True,,-1,acceptance_predicate,validated,9.8999997e-05,9.041992184858738e-05
torch,cdda27bf2c0e7f72e135edbfd2b2ba10a8c5f96d,torch-authoritative-observation-20260806,389,389,0,3.8900000000000001,0x1.f1eb851eb851fp+1,0.01,0x1.47ae147ae147bp-7,True,,-1,acceptance_predicate,validated,9.8999997e-05,9.058972146479716e-05
torch,cdda27bf2c0e7f72e135edbfd2b2ba10a8c5f96d,torch-authoritative-observation-20260806,390,390,0,3.8999999999999999,0x1.f333333333333p+1,0.01,0x1.47ae147ae147bp-7,True,,-1,acceptance_predicate,validated,9.8999997e-05,9.07570491120587e-05
torch,cdda27bf2c0e7f72e135edbfd2b2ba10a8c5f96d,torch-authoritative-observation-20260806,391,391,0,3.9100000000000001,0x1.f47ae147ae148p+1,0.01,0x1.47ae147ae147bp-7,True,,-1,acceptance_predicate,validated,9.8999997e-05,9.092176362590627e-05
torch,cdda27bf2c0e7f72e135edbfd2b2ba10a8c5f96d,torch-authoritative-observation-20260806,392,392,0,3.9199999999999999,0x1.f5c28f5c28f5cp+1,0.01,0x1.47ae147ae147bp-7,True,,-1,acceptance_predicate,validated,9.8999997e-05,9.108375198413118e-05
torch,cdda27bf2c0e7f72e135edbfd2b2ba10a8c5f96d,torch-authoritative-observation-20260806,393,393,0,3.9300000000000002,0x1.f70a3d70a3d71p+1,0.01,0x1.47ae147ae147bp-7,True,,-1,acceptance_predicate,validated,9.8999997e-05,9.124292069748896e-05
torch,cdda27bf2c0e7f72e135edbfd2b2ba10a8c5f96d,torch-authoritative-observation-20260806,394,394,0,3.9399999999999999,0x1.f851eb851eb85p+1,0.01,0x1.47ae147ae147bp-7,True,,-1,acceptance_predicate,validated,9.8999997e-05,9.139919116729408e-05
torch,cdda27bf2c0e7f72e135edbfd2b2ba10a8c5f96d,torch-authoritative-observation-20260806,395,395,0,3.9500000000000002,0x1.f99999999999ap+1,0.01,0x1.47ae147ae147bp-7,True,,-1,acceptance_predicate,validated,9.8999997e-05,9.155250176501893e-05
torch,cdda27bf2c0e7f72e135edbfd2b2ba10a8c5f96d,torch-authoritative-observation-20260806,396,396,0,3.96,0x1.fae147ae147aep+1,0.01,0x1.47ae147ae147bp-7,True,,-1,acceptance_predicate,validated,9.8999997e-05,9.169107782701172e-05
torch,cdda27bf2c0e7f72e135edbfd2b2ba10a8c5f96d,torch-authoritative-observation-20260806,397,397,0,3.9700000000000002,0x1.fc28f5c28f5c3p+1,0.01,0x1.47ae147ae147bp-7,True,,-1,acceptance_predicate,validated,9.8999997e-05,9.169385821718065e-05
torch,cdda27bf2c0e7f72e135edbfd2b2ba10a8c5f96d,torch-authoritative-observation-20260806,398,398,0,3.98,0x1.fd70a3d70a3d7p+1,0.01,0x1.47ae147ae147bp-7,True,,-1,acceptance_predicate,validated,9.8999997e-05,9.163559923436341e-05
torch,cdda27bf2c0e7f72e135edbfd2b2ba10a8c5f96d,torch-authoritative-observation-20260806,399,399,0,3.9900000000000002,0x1.feb851eb851ecp+1,0.01,0x1.47ae147ae147bp-7,True,,-1,acceptance_predicate,validated,9.8999997e-05,9.157763137831604e-05
torch,cdda27bf2c0e7f72e135edbfd2b2ba10a8c5f96d,torch-authoritative-observation-20260806,400,400,0,4,0x1.0000000000000p+2,0.01,0x1.47ae147ae147bp-7,True,,-1,acceptance_predicate,validated,9.8999997e-05,9.151783194241415e-05
torch,cdda27bf2c0e7f72e135edbfd2b2ba10a8c5f96d,torch-authoritative-observation-20260806,401,401,0,4.0099999999999998,0x1.00a3d70a3d70ap+2,0.01,0x1.47ae147ae147bp-7,True,,-1,acceptance_predicate,validated,9.8999997e-05,9.146198472857373e-05
torch,cdda27bf2c0e7f72e135edbfd2b2ba10a8c5f96d,torch-authoritative-observation-20260806,402,402,0,4.0200000000000005,0x1.0147ae147ae15p+2,0.01,0x1.47ae147ae147bp-7,True,,-1,acceptance_predicate,validated,9.8999997e-05,9.141058560181396e-05
torch,cdda27bf2c0e7f72e135edbfd2b2ba10a8c5f96d,torch-authoritative-observation-20260806,403,403,0,4.0300000000000002,0x1.01eb851eb851fp+2,0.01,0x1.47ae147ae147bp-7,True,,-1,acceptance_predicate,validated,9.8999997e-05,9.136354857442844e-05
torch,cdda27bf2c0e7f72e135edbfd2b2ba10a8c5f96d,torch-authoritative-observation-20260806,404,404,0,4.04,0x1.028f5c28f5c29p+2,0.01,0x1.47ae147ae147bp-7,True,,-1,acceptance_predicate,validated,9.8999997e-05,9.132015564923805e-05
torch,cdda27bf2c0e7f72e135edbfd2b2ba10a8c5f96d,torch-authoritative-observation-20260806,405,405,0,4.0499999999999998,0x1.0333333333333p+2,0.01,0x1.47ae147ae147bp-7,True,,-1,acceptance_predicate,validated,9.8999997e-05,9.127914467456946e-05
torch,cdda27bf2c0e7f72e135edbfd2b2ba10a8c5f96d,torch-authoritative-observation-20260806,406,406,0,4.0600000000000005,0x1.03d70a3d70a3ep+2,0.01,0x1.47ae147ae147bp-7,True,,-1,acceptance_predicate,validated,9.8999997e-05,9.12418742174504e-05
torch,cdda27bf2c0e7f72e135edbfd2b2ba10a8c5f96d,torch-authoritative-observation-20260806,407,407,0,4.0700000000000003,0x1.047ae147ae148p+2,0.01,0x1.47ae147ae147bp-7,True,,-1,acceptance_predicate,validated,9.8999997e-05,9.120814964767419e-05
torch,cdda27bf2c0e7f72e135edbfd2b2ba10a8c5f96d,torch-authoritative-observation-20260806,408,408,0,4.0800000000000001,0x1.051eb851eb852p+2,0.01,0x1.47ae147ae147bp-7,True,,-1,acceptance_predicate,validated,9.8999997e-05,9.117784271389849e-05
torch,cdda27bf2c0e7f72e135edbfd2b2ba10a8c5f96d,torch-authoritative-observation-20260806,409,409,0,4.0899999999999999,0x1.05c28f5c28f5cp+2,0.01,0x1.47ae147ae147bp-7,True,,-1,acceptance_predicate,validated,9.8999997e-05,9.115083974568253e-05
torch,cdda27bf2c0e7f72e135edbfd2b2ba10a8c5f96d,torch-authoritative-observation-20260806,410,410,0,4.0999999999999996,0x1.0666666666666p+2,0.01,0x1.47ae147ae147bp-7,True,,-1,acceptance_predicate,validated,9.8999997e-05,9.112699561730432e-05
torch,cdda27bf2c0e7f72e135edbfd2b2ba10a8c5f96d,torch-authoritative-observation-20260806,411,411,0,4.1100000000000003,0x1.070a3d70a3d71p+2,0.01,0x1.47ae147ae147bp-7,True,,-1,acceptance_predicate,validated,9.8999997e-05,9.110616080207876e-05
torch,cdda27bf2c0e7f72e135edbfd2b2ba10a8c5f96d,torch-authoritative-observation-20260806,412,412,0,4.1200000000000001,0x1.07ae147ae147bp+2,0.01,0x1.47ae147ae147bp-7,True,,-1,acceptance_predicate,validated,9.8999997e-05,9.108817088786421e-05
torch,cdda27bf2c0e7f72e135edbfd2b2ba10a8c5f96d,torch-authoritative-observation-20260806,413,413,0,4.1299999999999999,0x1.0851eb851eb85p+2,0.01,0x1.47ae147ae147bp-7,True,,-1,acceptance_predicate,validated,9.8999997e-05,9.107235163554968e-05
torch,cdda27bf2c0e7f72e135edbfd2b2ba10a8c5f96d,torch-authoritative-observation-20260806,414,414,0,4.1399999999999997,0x1.08f5c28f5c28fp+2,0.01,0x1.47ae147ae147bp-7,True,,-1,acceptance_predicate,validated,9.8999997e-05,9.105793817154878e-05
torch,cdda27bf2c0e7f72e135edbfd2b2ba10a8c5f96d,torch-authoritative-observation-20260806,415,415,0,4.1500000000000004,0x1.099999999999ap+2,0.01,0x1.47ae147ae147bp-7,True,,-1,acceptance_predicate,validated,9.8999997e-05,9.10449074211993e-05
torch,cdda27bf2c0e7f72e135edbfd2b2ba10a8c5f96d,torch-authoritative-observation-20260806,416,416,0,4.1600000000000001,0x1.0a3d70a3d70a4p+2,0.01,0x1.47ae147ae147bp-7,True,,-1,acceptance_predicate,validated,9.8999997e-05,9.103316733910242e-05
torch,cdda27bf2c0e7f72e135edbfd2b2ba10a8c5f96d,torch-authoritative-observation-20260806,417,417,0,4.1699999999999999,0x1.0ae147ae147aep+2,0.01,0x1.47ae147ae147bp-7,True,,-1,acceptance_predicate,validated,9.8999997e-05,9.102262502864657e-05
torch,cdda27bf2c0e7f72e135edbfd2b2ba10a8c5f96d,torch-authoritative-observation-20260806,418,418,0,4.1799999999999997,0x1.0b851eb851eb8p+2,0.01,0x1.47ae147ae147bp-7,True,,-1,acceptance_predicate,validated,9.8999997e-05,9.101255441634104e-05
torch,cdda27bf2c0e7f72e135edbfd2b2ba10a8c5f96d,torch-authoritative-observation-20260806,419,419,0,4.1900000000000004,0x1.0c28f5c28f5c3p+2,0.01,0x1.47ae147ae147bp-7,True,,-1,acceptance_predicate,validated,9.8999997e-05,9.100315520113701e-05
torch,cdda27bf2c0e7f72e135edbfd2b2ba10a8c5f96d,torch-authoritative-observation-20260806,420,420,0,4.2000000000000002,0x1.0cccccccccccdp+2,0.01,0x1.47ae147ae147bp-7,True,,-1,acceptance_predicate,validated,9.8999997e-05,9.099478337721211e-05
torch,cdda27bf2c0e7f72e135edbfd2b2ba10a8c5f96d,torch-authoritative-observation-20260806,421,421,0,4.21,0x1.0d70a3d70a3d7p+2,0.01,0x1.47ae147ae147bp-7,True,,-1,acceptance_predicate,validated,9.8999997e-05,9.098735994195964e-05
torch,cdda27bf2c0e7f72e135edbfd2b2ba10a8c5f96d,torch-authoritative-observation-20260806,422,422,0,4.2199999999999998,0x1.0e147ae147ae1p+2,0.01,0x1.47ae147ae147bp-7,True,,-1,acceptance_predicate,validated,9.8999997e-05,9.09808111653793e-05
torch,cdda27bf2c0e7f72e135edbfd2b2ba10a8c5f96d,torch-authoritative-observation-20260806,423,423,0,4.2300000000000004,0x1.0eb851eb851ecp+2,0.01,0x1.47ae147ae147bp-7,True,,-1,acceptance_predicate,validated,9.8999997e-05,9.097506822023933e-05
torch,cdda27bf2c0e7f72e135edbfd2b2ba10a8c5f96d,torch-authoritative-observation-20260806,424,424,0,4.2400000000000002,0x1.0f5c28f5c28f6p+2,0.01,0x1.47ae147ae147bp-7,True,,-1,acceptance_predicate,validated,9.8999997e-05,9.097006697378568e-05
torch,cdda27bf2c0e7f72e135edbfd2b2ba10a8c5f96d,torch-authoritative-observation-20260806,425,425,0,4.25,0x1.1000000000000p+2,0.01,0x1.47ae147ae147bp-7,True,,-1,acceptance_predicate,validated,9.8999997e-05,9.096458177947577e-05
torch,cdda27bf2c0e7f72e135edbfd2b2ba10a8c5f96d,torch-authoritative-observation-20260806,426,426,0,4.2599999999999998,0x1.10a3d70a3d70ap+2,0.01,0x1.47ae147ae147bp-7,True,,-1,acceptance_predicate,validated,9.8999997e-05,9.095714645258563e-05
torch,cdda27bf2c0e7f72e135edbfd2b2ba10a8c5f96d,torch-authoritative-observation-20260806,427,427,0,4.2700000000000005,0x1.1147ae147ae15p+2,0.01,0x1.47ae147ae147bp-7,True,,-1,acceptance_predicate,validated,9.8999997e-05,9.095033683071062e-05
torch,cdda27bf2c0e7f72e135edbfd2b2ba10a8c5f96d,torch-authoritative-observation-20260806,428,428,0,4.2800000000000002,0x1.11eb851eb851fp+2,0.01,0x1.47ae147ae147bp-7,True,,-1,acceptance_predicate,validated,9.8999997e-05,9.094410901775424e-05
torch,cdda27bf2c0e7f72e135edbfd2b2ba10a8c5f96d,torch-authoritative-observation-20260806,429,429,0,4.29,0x1.128f5c28f5c29p+2,0.01,0x1.47ae147ae147bp-7,True,,-1,acceptance_predicate,validated,9.8999997e-05,9.093842194109544e-05
torch,cdda27bf2c0e7f72e135edbfd2b2ba10a8c5f96d,torch-authoritative-observation-20260806,430,430,0,4.2999999999999998,0x1.1333333333333p+2,0.01,0x1.47ae147ae147bp-7,True,,-1,acceptance_predicate,validated,9.8999997e-05,9.093323714231873e-05
torch,cdda27bf2c0e7f72e135edbfd2b2ba10a8c5f96d,torch-authoritative-observation-20260806,431,431,0,4.3100000000000005,0x1.13d70a3d70a3ep+2,0.01,0x1.47ae147ae147bp-7,True,,-1,acceptance_predicate,validated,9.8999997e-05,9.092851824348905e-05
torch,cdda27bf2c0e7f72e135edbfd2b2ba10a8c5f96d,torch-authoritative-observation-20260806,432,432,0,4.3200000000000003,0x1.147ae147ae148p+2,0.01,0x1.47ae147ae147bp-7,True,,-1,acceptance_predicate,validated,9.8999997e-05,9.092423115326158e-05
torch,cdda27bf2c0e7f72e135edbfd2b2ba10a8c5f96d,torch-authoritative-observation-20260806,433,433,0,4.3300000000000001,0x1.151eb851eb852p+2,0.01,0x1.47ae147ae147bp-7,True,,-1,acceptance_predicate,validated,9.8999997e-05,9.09203440190341e-05
torch,cdda27bf2c0e7f72e135edbfd2b2ba10a8c5f96d,torch-authoritative-observation-20260806,434,434,0,4.3399999999999999,0x1.15c28f5c28f5cp+2,0.01,0x1.47ae147ae147bp-7,True,,-1,acceptance_predicate,validated,9.8999997e-05,9.091682718947921e-05
torch,cdda27bf2c0e7f72e135edbfd2b2ba10a8c5f96d,torch-authoritative-observation-20260806,435,435,0,4.3500000000000005,0x1.1666666666667p+2,0.01,0x1.47ae147ae147bp-7,True,,-1,acceptance_predicate,validated,9.8999997e-05,9.091365324731983e-05
torch,cdda27bf2c0e7f72e135edbfd2b2ba10a8c5f96d,torch-authoritative-observation-20260806,436,436,0,4.3600000000000003,0x1.170a3d70a3d71p+2,0.01,0x1.47ae147ae147bp-7,True,,-1,acceptance_predicate,validated,9.8999997e-05,9.091079584384382e-05
torch,cdda27bf2c0e7f72e135edbfd2b2ba10a8c5f96d,torch-authoritative-observation-20260806,437,437,0,4.3700000000000001,0x1.17ae147ae147bp+2,0.01,0x1.47ae147ae147bp-7,True,,-1,acceptance_predicate,validated,9.8999997e-05,9.090822792414384e-05
torch,cdda27bf2c0e7f72e135edbfd2b2ba10a8c5f96d,torch-authoritative-observation-20260806,438,438,0,4.3799999999999999,0x1.1851eb851eb85p+2,0.01,0x1.47ae147ae147bp-7,True,,-1,acceptance_predicate,validated,9.8999997e-05,9.090588220778378e-05
torch,cdda27bf2c0e7f72e135edbfd2b2ba10a8c5f96d,torch-authoritative-observation-20260806,439,439,0,4.3899999999999997,0x1.18f5c28f5c28fp+2,0.01,0x1.47ae147ae147bp-7,True,,-1,acceptance_predicate,validated,9.8999997e-05,9.090374604112445e-05
torch,cdda27bf2c0e7f72e135edbfd2b2ba10a8c5f96d,torch-authoritative-observation-20260806,440,440,0,4.4000000000000004,0x1.199999999999ap+2,0.01,0x1.47ae147ae147bp-7,True,,-1,acceptance_predicate,validated,9.8999997e-05,9.09018360321981e-05
torch,cdda27bf2c0e7f72e135edbfd2b2ba10a8c5f96d,torch-authoritative-observation-20260806,441,441,0,4.4100000000000001,0x1.1a3d70a3d70a4p+2,0.01,0x1.47ae147ae147bp-7,True,,-1,acceptance_predicate,validated,9.8999997e-05,9.090013217391388e-05
torch,cdda27bf2c0e7f72e135edbfd2b2ba10a8c5f96d,torch-authoritative-observation-20260806,442,442,0,4.4199999999999999,0x1.1ae147ae147aep+2,0.01,0x1.47ae147ae147bp-7,True,,-1,acceptance_predicate,validated,9.8999997e-05,9.089861553122324e-05
torch,cdda27bf2c0e7f72e135edbfd2b2ba10a8c5f96d,torch-authoritative-observation-20260806,443,443,0,4.4299999999999997,0x1.1b851eb851eb8p+2,0.01,0x1.47ae147ae147bp-7,True,,-1,acceptance_predicate,validated,9.8999997e-05,9.089726800365252e-05
torch,cdda27bf2c0e7f72e135edbfd2b2ba10a8c5f96d,torch-authoritative-observation-20260806,444,444,0,4.4400000000000004,0x1.1c28f5c28f5c3p+2,0.01,0x1.47ae147ae147bp-7,True,,-1,acceptance_predicate,validated,9.8999997e-05,9.089606923513013e-05
torch,cdda27bf2c0e7f72e135edbfd2b2ba10a8c5f96d,torch-authoritative-observation-20260806,445,445,0,4.4500000000000002,0x1.1cccccccccccdp+2,0.01,0x1.47ae147ae147bp-7,True,,-1,acceptance_predicate,validated,9.8999997e-05,9.089500208106492e-05
torch,cdda27bf2c0e7f72e135edbfd2b2ba10a8c5f96d,torch-authoritative-observation-20260806,446,446,0,4.46,0x1.1d70a3d70a3d7p+2,0.01,0x1.47ae147ae147bp-7,True,,-1,acceptance_predicate,validated,9.8999997e-05,9.089405392850619e-05
torch,cdda27bf2c0e7f72e135edbfd2b2ba10a8c5f96d,torch-authoritative-observation-20260806,447,447,0,4.4699999999999998,0x1.1e147ae147ae1p+2,0.01,0x1.47ae147ae147bp-7,True,,-1,acceptance_predicate,validated,9.8999997e-05,9.089320970335509e-05
torch,cdda27bf2c0e7f72e135edbfd2b2ba10a8c5f96d,torch-authoritative-observation-20260806,448,448,0,4.4800000000000004,0x1.1eb851eb851ecp+2,0.01,0x1.47ae147ae147bp-7,True,,-1,acceptance_predicate,validated,9.8999997e-05,9.089245459322238e-05
torch,cdda27bf2c0e7f72e135edbfd2b2ba10a8c5f96d,torch-authoritative-observation-20260806,449,449,0,4.4900000000000002,0x1.1f5c28f5c28f6p+2,0.01,0x1.47ae147ae147bp-7,True,,-1,acceptance_predicate,validated,9.8999997e-05,9.089177420439801e-05
torch,cdda27bf2c0e7f72e135edbfd2b2ba10a8c5f96d,torch-authoritative-observation-20260806,450,450,0,4.5,0x1.2000000000000p+2,0.01,0x1.47ae147ae147bp-7,True,,-1,acceptance_predicate,validated,9.8999997e-05,9.089115286979349e-05
torch,cdda27bf2c0e7f72e135edbfd2b2ba10a8c5f96d,torch-authoritative-observation-20260806,451,451,0,4.5099999999999998,0x1.20a3d70a3d70ap+2,0.01,0x1.47ae147ae147bp-7,True,,-1,acceptance_predicate,validated,9.8999997e-05,9.089057866844437e-05
torch,cdda27bf2c0e7f72e135edbfd2b2ba10a8c5f96d,torch-authoritative-observation-20260806,452,452,0,4.5200000000000005,0x1.2147ae147ae15p+2,0.01,0x1.47ae147ae147bp-7,True,,-1,acceptance_predicate,validated,9.8999997e-05,9.089003846758985e-05
torch,cdda27bf2c0e7f72e135edbfd2b2ba10a8c5f96d,torch-authoritative-observation-20260806,453,453,0,4.5300000000000002,0x1.21eb851eb851fp+2,0.01,0x1.47ae147ae147bp-7,True,,-1,acceptance_predicate,validated,9.8999997e-05,9.088951929550462e-05
torch,cdda27bf2c0e7f72e135edbfd2b2ba10a8c5f96d,torch-authoritative-observation-20260806,454,454,0,4.54,0x1.228f5c28f5c29p+2,0.01,0x1.47ae147ae147bp-7,True,,-1,acceptance_predicate,validated,9.8999997e-05,9.088900843918889e-05
torch,cdda27bf2c0e7f72e135edbfd2b2ba10a8c5f96d,torch-authoritative-observation-20260806,455,455,0,4.5499999999999998,0x1.2333333333333p+2,0.01,0x1.47ae147ae147bp-7,True,,-1,acceptance_predicate,validated,9.8999997e-05,9.088831618703363e-05
torch,cdda27bf2c0e7f72e135edbfd2b2ba10a8c5f96d,torch-authoritative-observation-20260806,456,456,0,4.5600000000000005,0x1.23d70a3d70a3ep+2,0.01,0x1.47ae147ae147bp-7,True,,-1,acceptance_predicate,validated,9.8999997e-05,9.088754743547746e-05
torch,cdda27bf2c0e7f72e135edbfd2b2ba10a8c5f96d,torch-authoritative-observation-20260806,457,457,0,4.5700000000000003,0x1.247ae147ae148p+2,0.01,0x1.47ae147ae147bp-7,True,,-1,acceptance_predicate,validated,9.8999997e-05,9.088676084863686e-05
torch,cdda27bf2c0e7f72e135edbfd2b2ba10a8c5f96d,torch-authoritative-observation-20260806,458,458,0,4.5800000000000001,0x1.251eb851eb852p+2,0.01,0x1.47ae147ae147bp-7,True,,-1,acceptance_predicate,validated,9.8999997e-05,9.088594404870085e-05
torch,cdda27bf2c0e7f72e135edbfd2b2ba10a8c5f96d,torch-authoritative-observation-20260806,459,459,0,4.5899999999999999,0x1.25c28f5c28f5cp+2,0.01,0x1.47ae147ae147bp-7,True,,-1,acceptance_predicate,validated,9.8999997e-05,9.088508498392106e-05
torch,cdda27bf2c0e7f72e135edbfd2b2ba10a8c5f96d,torch-authoritative-observation-20260806,460,460,0,4.6000000000000005,0x1.2666666666667p+2,0.01,0x1.47ae147ae147bp-7,True,,-1,acceptance_predicate,validated,9.8999997e-05,9.088417157877486e-05
torch,cdda27bf2c0e7f72e135edbfd2b2ba10a8c5f96d,torch-authoritative-observation-20260806,461,461,0,4.6100000000000003,0x1.270a3d70a3d71p+2,0.01,0x1.47ae147ae147bp-7,True,,-1,acceptance_predicate,validated,9.8999997e-05,9.088319182360162e-05
torch,cdda27bf2c0e7f72e135edbfd2b2ba10a8c5f96d,torch-authoritative-observation-20260806,462,462,0,4.6200000000000001,0x1.27ae147ae147bp+2,0.01,0x1.47ae147ae147bp-7,True,,-1,acceptance_predicate,validated,9.8999997e-05,9.088213373008555e-05
torch,cdda27bf2c0e7f72e135edbfd2b2ba10a8c5f96d,torch-authoritative-observation-20260806,463,463,0,4.6299999999999999,0x1.2851eb851eb85p+2,0.01,0x1.47ae147ae147bp-7,True,,-1,acceptance_predicate,validated,9.8999997e-05,9.088098530021316e-05
torch,cdda27bf2c0e7f72e135edbfd2b2ba10a8c5f96d,torch-authoritative-observation-20260806,464,464,0,4.6399999999999997,0x1.28f5c28f5c28fp+2,0.01,0x1.47ae147ae147bp-7,True,,-1,acceptance_predicate,validated,9.8999997e-05,9.087973460895314e-05
torch,cdda27bf2c0e7f72e135edbfd2b2ba10a8c5f96d,torch-authoritative-observation-20260806,465,465,0,4.6500000000000004,0x1.299999999999ap+2,0.01,0x1.47ae147ae147bp-7,True,,-1,acceptance_predicate,validated,9.8999997e-05,9.087826572944707e-05
torch,cdda27bf2c0e7f72e135edbfd2b2ba10a8c5f96d,torch-authoritative-observation-20260806,466,466,0,4.6600000000000001,0x1.2a3d70a3d70a4p+2,0.01,0x1.47ae147ae147bp-7,True,,-1,acceptance_predicate,validated,9.8999997e-05,9.087645256525722e-05
torch,cdda27bf2c0e7f72e135edbfd2b2ba10a8c5f96d,torch-authoritative-observation-20260806,467,467,0,4.6699999999999999,0x1.2ae147ae147aep+2,0.01,0x1.47ae147ae147bp-7,True,,-1,acceptance_predicate,validated,9.8999997e-05,9.087450736379074e-05
torch,cdda27bf2c0e7f72e135edbfd2b2ba10a8c5f96d,torch-authoritative-observation-20260806,468,468,0,4.6799999999999997,0x1.2b851eb851eb8p+2,0.01,0x1.47ae147ae147bp-7,True,,-1,acceptance_predicate,validated,9.8999997e-05,9.087237806928968e-05
torch,cdda27bf2c0e7f72e135edbfd2b2ba10a8c5f96d,torch-authoritative-observation-20260806,469,469,0,4.6900000000000004,0x1.2c28f5c28f5c3p+2,0.01,0x1.47ae147ae147bp-7,True,,-1,acceptance_predicate,validated,9.8999997e-05,9.086965971501156e-05
torch,cdda27bf2c0e7f72e135edbfd2b2ba10a8c5f96d,torch-authoritative-observation-20260806,470,470,0,4.7000000000000002,0x1.2cccccccccccdp+2,0.01,0x1.47ae147ae147bp-7,True,,-1,acceptance_predicate,validated,9.8999997e-05,9.086645195794337e-05
torch,cdda27bf2c0e7f72e135edbfd2b2ba10a8c5f96d,torch-authoritative-observation-20260806,471,471,0,4.71,0x1.2d70a3d70a3d7p+2,0.01,0x1.47ae147ae147bp-7,True,,-1,acceptance_predicate,validated,9.8999997e-05,9.08630708362902e-05
torch,cdda27bf2c0e7f72e135edbfd2b2ba10a8c5f96d,torch-authoritative-observation-20260806,472,472,0,4.7199999999999998,0x1.2e147ae147ae1p+2,0.01,0x1.47ae147ae147bp-7,True,,-1,acceptance_predicate,validated,9.8999997e-05,9.085950309377776e-05
torch,cdda27bf2c0e7f72e135edbfd2b2ba10a8c5f96d,torch-authoritative-observation-20260806,473,473,0,4.7300000000000004,0x1.2eb851eb851ecp+2,0.01,0x1.47ae147ae147bp-7,True,,-1,acceptance_predicate,validated,9.8999997e-05,9.085573536817751e-05
torch,cdda27bf2c0e7f72e135edbfd2b2ba10a8c5f96d,torch-authoritative-observation-20260806,474,474,0,4.7400000000000002,0x1.2f5c28f5c28f6p+2,0.01,0x1.47ae147ae147bp-7,True,,-1,acceptance_predicate,validated,9.8999997e-05,9.085175417933639e-05
torch,cdda27bf2c0e7f72e135edbfd2b2ba10a8c5f96d,torch-authoritative-observation-20260806,475,475,0,4.75,0x1.3000000000000p+2,0.01,0x1.47ae147ae147bp-7,True,,-1,acceptance_predicate,validated,9.8999997e-05,9.08475443053146e-05
torch,cdda27bf2c0e7f72e135edbfd2b2ba10a8c5f96d,torch-authoritative-observation-20260806,476,476,0,4.7599999999999998,0x1.30a3d70a3d70ap+2,0.01,0x1.47ae147ae147bp-7,True,,-1,acceptance_predicate,validated,9.8999997e-05,9.08430914543448e-05
torch,cdda27bf2c0e7f72e135edbfd2b2ba10a8c5f96d,torch-authoritative-observation-20260806,477,477,0,4.7700000000000005,0x1.3147ae147ae15p+2,0.01,0x1.47ae147ae147bp-7,True,,-1,acceptance_predicate,validated,9.8999997e-05,9.083838396861365e-05
torch,cdda27bf2c0e7f72e135edbfd2b2ba10a8c5f96d,torch-authoritative-observation-20260806,478,478,0,4.7800000000000002,0x1.31eb851eb851fp+2,0.01,0x1.47ae147ae147bp-7,True,,-1,acceptance_predicate,validated,9.8999997e-05,9.083340777371175e-05
torch,cdda27bf2c0e7f72e135edbfd2b2ba10a8c5f96d,torch-authoritative-observation-20260806,479,479,0,4.79,0x1.328f5c28f5c29p+2,0.01,0x1.47ae147ae147bp-7,True,,-1,acceptance_predicate,validated,9.8999997e-05,9.082814861915522e-05
torch,cdda27bf2c0e7f72e135edbfd2b2ba10a8c5f96d,torch-authoritative-observation-20260806,480,480,0,4.7999999999999998,0x1.3333333333333p+2,0.01,0x1.47ae147ae147bp-7,True,,-1,acceptance_predicate,validated,9.8999997e-05,9.082259206694107e-05
torch,cdda27bf2c0e7f72e135edbfd2b2ba10a8c5f96d,torch-authoritative-observation-20260806,481,481,0,4.8100000000000005,0x1.33d70a3d70a3ep+2,0.01,0x1.47ae147ae147bp-7,True,,-1,acceptance_predicate,validated,9.8999997e-05,9.081671851584259e-05
torch,cdda27bf2c0e7f72e135edbfd2b2ba10a8c5f96d,torch-authoritative-observation-20260806,482,482,0,4.8200000000000003,0x1.347ae147ae148p+2,0.01,0x1.47ae147ae147bp-7,True,,-1,acceptance_predicate,validated,9.8999997e-05,9.081051765074146e-05
torch,cdda27bf2c0e7f72e135edbfd2b2ba10a8c5f96d,torch-authoritative-observation-20260806,483,483,0,4.8300000000000001,0x1.351eb851eb852p+2,0.01,0x1.47ae147ae147bp-7,True,,-1,acceptance_predicate,validated,9.8999997e-05,9.080397492231838e-05
torch,cdda27bf2c0e7f72e135edbfd2b2ba10a8c5f96d,torch-authoritative-observation-20260806,484,484,0,4.8399999999999999,0x1.35c28f5c28f5cp+2,0.01,0x1.47ae147ae147bp-7,True,,-1,acceptance_predicate,validated,9.8999997e-05,9.079707056041942e-05
torch,cdda27bf2c0e7f72e135edbfd2b2ba10a8c5f96d,torch-authoritative-observation-20260806,485,485,0,4.8500000000000005,0x1.3666666666667p+2,0.01,0x1.47ae147ae147bp-7,True,,-1,acceptance_predicate,validated,9.8999997e-05,9.078978580327117e-05
torch,cdda27bf2c0e7f72e135edbfd2b2ba10a8c5f96d,torch-authoritative-observation-20260806,486,486,0,4.8600000000000003,0x1.370a3d70a3d71p+2,0.01,0x1.47ae147ae147bp-7,True,,-1,acceptance_predicate,validated,9.8999997e-05,9.078211265950839e-05
torch,cdda27bf2c0e7f72e135edbfd2b2ba10a8c5f96d,torch-authoritative-observation-20260806,487,487,0,4.8700000000000001,0x1.37ae147ae147bp+2,0.01,0x1.47ae147ae147bp-7,True,,-1,acceptance_predicate,validated,9.8999997e-05,9.077403503955209e-05
torch,cdda27bf2c0e7f72e135edbfd2b2ba10a8c5f96d,torch-authoritative-observation-20260806,488,488,0,4.8799999999999999,0x1.3851eb851eb85p+2,0.01,0x1.47ae147ae147bp-7,True,,-1,acceptance_predicate,validated,9.8999997e-05,9.076553657508496e-05
torch,cdda27bf2c0e7f72e135edbfd2b2ba10a8c5f96d,torch-authoritative-observation-20260806,489,489,0,4.8899999999999997,0x1.38f5c28f5c28fp+2,0.01,0x1.47ae147ae147bp-7,True,,-1,acceptance_predicate,validated,9.8999997e-05,9.0756600607392e-05
torch,cdda27bf2c0e7f72e135edbfd2b2ba10a8c5f96d,torch-authoritative-observation-20260806,490,490,0,4.9000000000000004,0x1.399999999999ap+2,0.01,0x1.47ae147ae147bp-7,True,,-1,acceptance_predicate,validated,9.8999997e-05,9.074721017564829e-05
torch,cdda27bf2c0e7f72e135edbfd2b2ba10a8c5f96d,torch-authoritative-observation-20260806,491,491,0,4.9100000000000001,0x1.3a3d70a3d70a4p+2,0.01,0x1.47ae147ae147bp-7,True,,-1,acceptance_predicate,validated,9.8999997e-05,9.073734800515598e-05
torch,cdda27bf2c0e7f72e135edbfd2b2ba10a8c5f96d,torch-authoritative-observation-20260806,492,492,0,4.9199999999999999,0x1.3ae147ae147aep+2,0.01,0x1.47ae147ae147bp-7,True,,-1,acceptance_predicate,validated,9.8999997e-05,9.07269964955343e-05
torch,cdda27bf2c0e7f72e135edbfd2b2ba10a8c5f96d,torch-authoritative-observation-20260806,493,493,0,4.9299999999999997,0x1.3b851eb851eb8p+2,0.01,0x1.47ae147ae147bp-7,True,,-1,acceptance_predicate,validated,9.8999997e-05,9.071613770887123e-05
torch,cdda27bf2c0e7f72e135edbfd2b2ba10a8c5f96d,torch-authoritative-observation-20260806,494,494,0,4.9400000000000004,0x1.3c28f5c28f5c3p+2,0.01,0x1.47ae147ae147bp-7,True,,-1,acceptance_predicate,validated,9.8999997e-05,9.070475335784956e-05
torch,cdda27bf2c0e7f72e135edbfd2b2ba10a8c5f96d,torch-authoritative-observation-20260806,495,495,0,4.9500000000000002,0x1.3cccccccccccdp+2,0.01,0x1.47ae147ae147bp-7,True,,-1,acceptance_predicate,validated,9.8999997e-05,9.06928247938442e-05
torch,cdda27bf2c0e7f72e135edbfd2b2ba10a8c5f96d,torch-authoritative-observation-20260806,496,496,0,4.96,0x1.3d70a3d70a3d7p+2,0.01,0x1.47ae147ae147bp-7,True,,-1,acceptance_predicate,validated,9.8999997e-05,9.068033299502468e-05
torch,cdda27bf2c0e7f72e135edbfd2b2ba10a8c5f96d,torch-authoritative-observation-20260806,497,497,0,4.9699999999999998,0x1.3e147ae147ae1p+2,0.01,0x1.47ae147ae147bp-7,True,,-1,acceptance_predicate,validated,9.8999997e-05,9.066725855446953e-05
torch,cdda27bf2c0e7f72e135edbfd2b2ba10a8c5f96d,torch-authoritative-observation-20260806,498,498,0,4.9800000000000004,0x1.3eb851eb851ecp+2,0.01,0x1.47ae147ae147bp-7,True,,-1,acceptance_predicate,validated,9.8999997e-05,9.065358166376136e-05
torch,cdda27bf2c0e7f72e135edbfd2b2ba10a8c5f96d,torch-authoritative-observation-20260806,499,499,0,4.9900000000000002,0x1.3f5c28f5c28f6p+2,0.01,0x1.47ae147ae147bp-7,True,,-1,acceptance_predicate,validated,9.8999997e-05,9.063928210970639e-05
torch,cdda27bf2c0e7f72e135edbfd2b2ba10a8c5f96d,torch-authoritative-observation-20260806,500,500,0,5,0x1.4000000000000p+2,0.01,0x1.47ae147ae147bp-7,True,,-1,acceptance_predicate,validated,9.8999997e-05,9.06243392646347e-05
torch,cdda27bf2c0e7f72e135edbfd2b2ba10a8c5f96d,torch-authoritative-observation-20260806,501,501,0,5.0099999999999998,0x1.40a3d70a3d70ap+2,0.01,0x1.47ae147ae147bp-7,True,,-1,acceptance_predicate,validated,9.8999997e-05,9.060873206349024e-05
torch,cdda27bf2c0e7f72e135edbfd2b2ba10a8c5f96d,torch-authoritative-observation-20260806,502,502,0,5.0200000000000005,0x1.4147ae147ae15p+2,0.01,0x1.47ae147ae147bp-7,True,,-1,acceptance_predicate,validated,9.8999997e-05,9.059243899775779e-05
torch,cdda27bf2c0e7f72e135edbfd2b2ba10a8c5f96d,torch-authoritative-observation-20260806,503,503,0,5.0300000000000002,0x1.41eb851eb851fp+2,0.01,0x1.47ae147ae147bp-7,True,,-1,acceptance_predicate,validated,9.8999997e-05,9.057543782696975e-05
torch,cdda27bf2c0e7f72e135edbfd2b2ba10a8c5f96d,torch-authoritative-observation-20260806,504,504,0,5.04,0x1.428f5c28f5c29p+2,0.01,0x1.47ae147ae147bp-7,True,,-1,acceptance_predicate,validated,9.8999997e-05,9.055770605196748e-05
torch,cdda27bf2c0e7f72e135edbfd2b2ba10a8c5f96d,torch-authoritative-observation-20260806,505,505,0,5.0499999999999998,0x1.4333333333333p+2,0.01,0x1.47ae147ae147bp-7,True,,-1,acceptance_predicate,validated,9.8999997e-05,9.053922110319324e-05
torch,cdda27bf2c0e7f72e135edbfd2b2ba10a8c5f96d,torch-authoritative-observation-20260806,506,506,0,5.0600000000000005,0x1.43d70a3d70a3ep+2,0.01,0x1.47ae147ae147bp-7,True,,-1,acceptance_predicate,validated,9.8999997e-05,9.051995958762479e-05
torch,cdda27bf2c0e7f72e135edbfd2b2ba10a8c5f96d,torch-authoritative-observation-20260806,507,507,0,5.0700000000000003,0x1.447ae147ae148p+2,0.01,0x1.47ae147ae147bp-7,True,,-1,acceptance_predicate,validated,9.8999997e-05,9.049989761525143e-05
torch,cdda27bf2c0e7f72e135edbfd2b2ba10a8c5f96d,torch-authoritative-observation-20260806,508,508,0,5.0800000000000001,0x1.451eb851eb852p+2,0.01,0x1.47ae147ae147bp-7,True,,-1,acceptance_predicate,validated,9.8999997e-05,9.047901078972472e-05
torch,cdda27bf2c0e7f72e135edbfd2b2ba10a8c5f96d,torch-authoritative-observation-20260806,509,509,0,5.0899999999999999,0x1.45c28f5c28f5cp+2,0.01,0x1.47ae147ae147bp-7,True,,-1,acceptance_predicate,validated,9.8999997e-05,9.045727419949988e-05
torch,cdda27bf2c0e7f72e135edbfd2b2ba10a8c5f96d,torch-authoritative-observation-20260806,510,510,0,5.1000000000000005,0x1.4666666666667p+2,0.01,0x1.47ae147ae147bp-7,True,,-1,acceptance_predicate,validated,9.8999997e-05,9.043466240953762e-05
torch,cdda27bf2c0e7f72e135edbfd2b2ba10a8c5f96d,torch-authoritative-observation-20260806,511,511,0,5.1100000000000003,0x1.470a3d70a3d71p+2,0.01,0x1.47ae147ae147bp-7,True,,-1,acceptance_predicate,validated,9.8999997e-05,9.041106976935824e-05
torch,cdda27bf2c0e7f72e135edbfd2b2ba10a8c5f96d,torch-authoritative-observation-20260806,512,512,0,5.1200000000000001,0x1.47ae147ae147bp+2,0.01,0x1.47ae147ae147bp-7,True,,-1,acceptance_predicate,validated,9.8999997e-05,9.038653376106696e-05
torch,cdda27bf2c0e7f72e135edbfd2b2ba10a8c5f96d,torch-authoritative-observation-20260806,513,513,0,5.1299999999999999,0x1.4851eb851eb85p+2,0.01,0x1.47ae147ae147bp-7,True,,-1,acceptance_predicate,validated,9.8999997e-05,9.036103829233435e-05
torch,cdda27bf2c0e7f72e135edbfd2b2ba10a8c5f96d,torch-authoritative-observation-20260806,514,514,0,5.1399999999999997,0x1.48f5c28f5c28fp+2,0.01,0x1.47ae147ae147bp-7,True,,-1,acceptance_predicate,validated,9.8999997e-05,9.03345555436529e-05
torch,cdda27bf2c0e7f72e135edbfd2b2ba10a8c5f96d,torch-authoritative-observation-20260806,515,515,0,5.1500000000000004,0x1.499999999999ap+2,0.01,0x1.47ae147ae147bp-7,True,,-1,acceptance_predicate,validated,9.8999997e-05,9.030705713111141e-05
torch,cdda27bf2c0e7f72e135edbfd2b2ba10a8c5f96d,torch-authoritative-observation-20260806,516,516,0,5.1600000000000001,0x1.4a3d70a3d70a4p+2,0.01,0x1.47ae147ae147bp-7,True,,-1,acceptance_predicate,validated,9.8999997e-05,9.027851410348921e-05
torch,cdda27bf2c0e7f72e135edbfd2b2ba10a8c5f96d,torch-authoritative-observation-20260806,517,517,0,5.1699999999999999,0x1.4ae147ae147aep+2,0.01,0x1.47ae147ae147bp-7,True,,-1,acceptance_predicate,validated,9.8999997e-05,9.024889694081696e-05
torch,cdda27bf2c0e7f72e135edbfd2b2ba10a8c5f96d,torch-authoritative-observation-20260806,518,518,0,5.1799999999999997,0x1.4b851eb851eb8p+2,0.01,0x1.47ae147ae147bp-7,True,,-1,acceptance_predicate,validated,9.8999997e-05,9.021817555457745e-05
torch,cdda27bf2c0e7f72e135edbfd2b2ba10a8c5f96d,torch-authoritative-observation-20260806,519,519,0,5.1900000000000004,0x1.4c28f5c28f5c3p+2,0.01,0x1.47ae147ae147bp-7,True,,-1,acceptance_predicate,validated,9.8999997e-05,9.0186319289738e-05
torch,cdda27bf2c0e7f72e135edbfd2b2ba10a8c5f96d,torch-authoritative-observation-20260806,520,520,0,5.2000000000000002,0x1.4cccccccccccdp+2,0.01,0x1.47ae147ae147bp-7,True,,-1,acceptance_predicate,validated,9.8999997e-05,9.015329692882182e-05
torch,cdda27bf2c0e7f72e135edbfd2b2ba10a8c5f96d,torch-authoritative-observation-20260806,521,521,0,5.21,0x1.4d70a3d70a3d7p+2,0.01,0x1.47ae147ae147bp-7,True,,-1,acceptance_predicate,validated,9.8999997e-05,9.011907667685652e-05
torch,cdda27bf2c0e7f72e135edbfd2b2ba10a8c5f96d,torch-authoritative-observation-20260806,522,522,0,5.2199999999999998,0x1.4e147ae147ae1p+2,0.01,0x1.47ae147ae147bp-7,True,,-1,acceptance_predicate,validated,9.8999997e-05,9.008362622156822e-05
torch,cdda27bf2c0e7f72e135edbfd2b2ba10a8c5f96d,torch-authoritative-observation-20260806,523,523,0,5.2300000000000004,0x1.4eb851eb851ecp+2,0.01,0x1.47ae147ae147bp-7,True,,-1,acceptance_predicate,validated,9.8999997e-05,9.004691271707264e-05
torch,cdda27bf2c0e7f72e135edbfd2b2ba10a8c5f96d,torch-authoritative-observation-20260806,524,524,0,5.2400000000000002,0x1.4f5c28f5c28f6p+2,0.01,0x1.47ae147ae147bp-7,True,,-1,acceptance_predicate,validated,9.8999997e-05,9.000890244752427e-05
torch,cdda27bf2c0e7f72e135edbfd2b2ba10a8c5f96d,torch-authoritative-observation-20260806,525,525,0,5.25,0x1.5000000000000p+2,0.01,0x1.47ae147ae147bp-7,True,,-1,acceptance_predicate,validated,9.8999997e-05,8.996956142318797e-05
torch,cdda27bf2c0e7f72e135edbfd2b2ba10a8c5f96d,torch-authoritative-observation-20260806,526,526,0,5.2599999999999998,0x1.50a3d70a3d70ap+2,0.01,0x1.47ae147ae147bp-7,True,,-1,acceptance_predicate,validated,9.8999997e-05,8.992885570906487e-05
torch,cdda27bf2c0e7f72e135edbfd2b2ba10a8c5f96d,torch-authoritative-observation-20260806,527,527,0,5.2700000000000005,0x1.5147ae147ae15p+2,0.01,0x1.47ae147ae147bp-7,True,,-1,acceptance_predicate,validated,9.8999997e-05,8.988675048670803e-05
torch,cdda27bf2c0e7f72e135edbfd2b2ba10a8c5f96d,torch-authoritative-observation-20260806,528,528,0,5.2800000000000002,0x1.51eb851eb851fp+2,0.01,0x1.47ae147ae147bp-7,True,,-1,acceptance_predicate,validated,9.8999997e-05,8.984321051280168e-05
torch,cdda27bf2c0e7f72e135edbfd2b2ba10a8c5f96d,torch-authoritative-observation-20260806,529,529,0,5.29,0x1.528f5c28f5c29p+2,0.01,0x1.47ae147ae147bp-7,True,,-1,acceptance_predicate,validated,9.8999997e-05,8.979820015629162e-05
torch,cdda27bf2c0e7f72e135edbfd2b2ba10a8c5f96d,torch-authoritative-observation-20260806,530,530,0,5.2999999999999998,0x1.5333333333333p+2,0.01,0x1.47ae147ae147bp-7,True,,-1,acceptance_predicate,validated,9.8999997e-05,8.975168343811845e-05
torch,cdda27bf2c0e7f72e135edbfd2b2ba10a8c5f96d,torch-authoritative-observation-20260806,531,531,0,5.3100000000000005,0x1.53d70a3d70a3ep+2,0.01,0x1.47ae147ae147bp-7,True,,-1,acceptance_predicate,validated,9.8999997e-05,8.97036240781882e-05
torch,cdda27bf2c0e7f72e135edbfd2b2ba10a8c5f96d,torch-authoritative-observation-20260806,532,532,0,5.3200000000000003,0x1.547ae147ae148p+2,0.01,0x1.47ae147ae147bp-7,True,,-1,acceptance_predicate,validated,9.8999997e-05,8.965398554890871e-05
torch,cdda27bf2c0e7f72e135edbfd2b2ba10a8c5f96d,torch-authoritative-observation-20260806,533,533,0,5.3300000000000001,0x1.551eb851eb852p+2,0.01,0x1.47ae147ae147bp-7,True,,-1,acceptance_predicate,validated,9.8999997e-05,8.960273113590955e-05
torch,cdda27bf2c0e7f72e135edbfd2b2ba10a8c5f96d,torch-authoritative-observation-20260806,534,534,0,5.3399999999999999,0x1.55c28f5c28f5cp+2,0.01,0x1.47ae147ae147bp-7,True,,-1,acceptance_predicate,validated,9.8999997e-05,8.95498240066152e-05
torch,cdda27bf2c0e7f72e135edbfd2b2ba10a8c5f96d,torch-authoritative-observation-20260806,535,535,0,5.3500000000000005,0x1.5666666666667p+2,0.01,0x1.47ae147ae147bp-7,True,,-1,acceptance_predicate,validated,9.8999997e-05,8.949522728739497e-05
torch,cdda27bf2c0e7f72e135edbfd2b2ba10a8c5f96d,torch-authoritative-observation-20260806,536,536,0,5.3600000000000003,0x1.570a3d70a3d71p+2,0.01,0x1.47ae147ae147bp-7,True,,-1,acceptance_predicate,validated,9.8999997e-05,8.943890415007231e-05
torch,cdda27bf2c0e7f72e135edbfd2b2ba10a8c5f96d,torch-authoritative-observation-20260806,537,537,0,5.3700000000000001,0x1.57ae147ae147bp+2,0.01,0x1.47ae147ae147bp-7,True,,-1,acceptance_predicate,validated,9.8999997e-05,8.938081790863901e-05
torch,cdda27bf2c0e7f72e135edbfd2b2ba10a8c5f96d,torch-authoritative-observation-20260806,538,538,0,5.3799999999999999,0x1.5851eb851eb85p+2,0.01,0x1.47ae147ae147bp-7,True,,-1,acceptance_predicate,validated,9.8999997e-05,8.93209321269969e-05
torch,cdda27bf2c0e7f72e135edbfd2b2ba10a8c5f96d,torch-authoritative-observation-20260806,539,539,0,5.3899999999999997,0x1.58f5c28f5c28fp+2,0.01,0x1.47ae147ae147bp-7,True,,-1,acceptance_predicate,validated,9.8999997e-05,8.925921073904837e-05
torch,cdda27bf2c0e7f72e135edbfd2b2ba10a8c5f96d,torch-authoritative-observation-20260806,540,540,0,5.4000000000000004,0x1.599999999999ap+2,0.01,0x1.47ae147ae147bp-7,True,,-1,acceptance_predicate,validated,9.8999997e-05,8.919561817916065e-05
torch,cdda27bf2c0e7f72e135edbfd2b2ba10a8c5f96d,torch-authoritative-observation-20260806,541,541,0,5.4100000000000001,0x1.5a3d70a3d70a4p+2,0.01,0x1.47ae147ae147bp-7,True,,-1,acceptance_predicate,validated,9.8999997e-05,8.913011951520202e-05
torch,cdda27bf2c0e7f72e135edbfd2b2ba10a8c5f96d,torch-authoritative-observation-20260806,542,542,0,5.4199999999999999,0x1.5ae147ae147aep+2,0.01,0x1.47ae147ae147bp-7,True,,-1,acceptance_predicate,validated,9.8999997e-05,8.906268066806391e-05
torch,cdda27bf2c0e7f72e135edbfd2b2ba10a8c5f96d,torch-authoritative-observation-20260806,543,543,0,5.4299999999999997,0x1.5b851eb851eb8p+2,0.01,0x1.47ae147ae147bp-7,True,,-1,acceptance_predicate,validated,9.8999997e-05,8.89932685100893e-05
torch,cdda27bf2c0e7f72e135edbfd2b2ba10a8c5f96d,torch-authoritative-observation-20260806,544,544,0,5.4400000000000004,0x1.5c28f5c28f5c3p+2,0.01,0x1.47ae147ae147bp-7,True,,-1,acceptance_predicate,validated,9.8999997e-05,8.892185112973425e-05
torch,cdda27bf2c0e7f72e135edbfd2b2ba10a8c5f96d,torch-authoritative-observation-20260806,545,545,0,5.4500000000000002,0x1.5cccccccccccdp+2,0.01,0x1.47ae147ae147bp-7,True,,-1,acceptance_predicate,validated,9.8999997e-05,8.884839803587302e-05
torch,cdda27bf2c0e7f72e135edbfd2b2ba10a8c5f96d,torch-authoritative-observation-20260806,546,546,0,5.46,0x1.5d70a3d70a3d7p+2,0.01,0x1.47ae147ae147bp-7,True,,-1,acceptance_predicate,validated,9.8999997e-05,8.877288036178191e-05
torch,cdda27bf2c0e7f72e135edbfd2b2ba10a8c5f96d,torch-authoritative-observation-20260806,547,547,0,5.4699999999999998,0x1.5e147ae147ae1p+2,0.01,0x1.47ae147ae147bp-7,True,,-1,acceptance_predicate,validated,9.8999997e-05,8.869527114248438e-05
torch,cdda27bf2c0e7f72e135edbfd2b2ba10a8c5f96d,torch-authoritative-observation-20260806,548,548,0,5.4800000000000004,0x1.5eb851eb851ecp+2,0.01,0x1.47ae147ae147bp-7,True,,-1,acceptance_predicate,validated,9.8999997e-05,8.861554562833955e-05
torch,cdda27bf2c0e7f72e135edbfd2b2ba10a8c5f96d,torch-authoritative-observation-20260806,549,549,0,5.4900000000000002,0x1.5f5c28f5c28f6p+2,0.01,0x1.47ae147ae147bp-7,True,,-1,acceptance_predicate,validated,9.8999997e-05,8.853368158356952e-05
torch,cdda27bf2c0e7f72e135edbfd2b2ba10a8c5f96d,torch-authoritative-observation-20260806,550,550,0,5.5,0x1.6000000000000p+2,0.01,0x1.47ae147ae147bp-7,True,,-1,acceptance_predicate,validated,9.8999997e-05,8.844965963050383e-05
torch,cdda27bf2c0e7f72e135edbfd2b2ba10a8c5f96d,torch-authoritative-observation-20260806,551,551,0,5.5099999999999998,0x1.60a3d70a3d70ap+2,0.01,0x1.47ae147ae147bp-7,True,,-1,acceptance_predicate,validated,9.8999997e-05,8.836346362544567e-05
torch,cdda27bf2c0e7f72e135edbfd2b2ba10a8c5f96d,torch-authoritative-observation-20260806,552,552,0,5.5200000000000005,0x1.6147ae147ae15p+2,0.01,0x1.47ae147ae147bp-7,True,,-1,acceptance_predicate,validated,9.8999997e-05,8.827499251061825e-05
torch,cdda27bf2c0e7f72e135edbfd2b2ba10a8c5f96d,torch-authoritative-observation-20260806,553,553,0,5.5300000000000002,0x1.61eb851eb851fp+2,0.01,0x1.47ae147ae147bp-7,True,,-1,acceptance_predicate,validated,9.8999997e-05,8.818421837620278e-05
torch,cdda27bf2c0e7f72e135edbfd2b2ba10a8c5f96d,torch-authoritative-observation-20260806,554,554,0,5.54,0x1.628f5c28f5c29p+2,0.01,0x1.47ae147ae147bp-7,True,,-1,acceptance_predicate,validated,9.8999997e-05,8.809123673049185e-05
torch,cdda27bf2c0e7f72e135edbfd2b2ba10a8c5f96d,torch-authoritative-observation-20260806,555,555,0,5.5499999999999998,0x1.6333333333333p+2,0.01,0x1.47ae147ae147bp-7,True,,-1,acceptance_predicate,validated,9.8999997e-05,8.799604846251391e-05
torch,cdda27bf2c0e7f72e135edbfd2b2ba10a8c5f96d,torch-authoritative-observation-20260806,556,556,0,5.5600000000000005,0x1.63d70a3d70a3ep+2,0.01,0x1.47ae147ae147bp-7,True,,-1,acceptance_predicate,validated,9.8999997e-05,8.789851498542455e-05
torch,cdda27bf2c0e7f72e135edbfd2b2ba10a8c5f96d,torch-authoritative-observation-20260806,557,557,0,5.5700000000000003,0x1.647ae147ae148p+2,0.01,0x1.47ae147ae147bp-7,True,,-1,acceptance_predicate,validated,9.8999997e-05,8.779878831779889e-05
torch,cdda27bf2c0e7f72e135edbfd2b2ba10a8c5f96d,torch-authoritative-observation-20260806,558,558,0,5.5800000000000001,0x1.651eb851eb852p+2,0.01,0x1.47ae147ae147bp-7,True,,-1,acceptance_predicate,validated,9.8999997e-05,8.769688790828488e-05
torch,cdda27bf2c0e7f72e135edbfd2b2ba10a8c5f96d,torch-authoritative-observation-20260806,559,559,0,5.5899999999999999,0x1.65c28f5c28f5cp+2,0.01,0x1.47ae147ae147bp-7,True,,-1,acceptance_predicate,validated,9.8999997e-05,8.759284066590993e-05
torch,cdda27bf2c0e7f72e135edbfd2b2ba10a8c5f96d,torch-authoritative-observation-20260806,560,560,0,5.6000000000000005,0x1.6666666666667p+2,0.01,0x1.47ae147ae147bp-7,True,,-1,acceptance_predicate,validated,9.8999997e-05,8.748668063844798e-05
torch,cdda27bf2c0e7f72e135edbfd2b2ba10a8c5f96d,torch-authoritative-observation-20260806,561,561,0,5.6100000000000003,0x1.670a3d70a3d71p+2,0.01,0x1.47ae147ae147bp-7,True,,-1,acceptance_predicate,validated,9.8999997e-05,8.737845310216979e-05
torch,cdda27bf2c0e7f72e135edbfd2b2ba10a8c5f96d,torch-authoritative-observation-20260806,562,562,0,5.6200000000000001,0x1.67ae147ae147bp+2,0.01,0x1.47ae147ae147bp-7,True,,-1,acceptance_predicate,validated,9.8999997e-05,8.726821398792384e-05
torch,cdda27bf2c0e7f72e135edbfd2b2ba10a8c5f96d,torch-authoritative-observation-20260806,563,563,0,5.6299999999999999,0x1.6851eb851eb85p+2,0.01,0x1.47ae147ae147bp-7,True,,-1,acceptance_predicate,validated,9.8999997e-05,8.71560295810542e-05
torch,cdda27bf2c0e7f72e135edbfd2b2ba10a8c5f96d,torch-authoritative-observation-20260806,564,564,0,5.6399999999999997,0x1.68f5c28f5c28fp+2,0.01,0x1.47ae147ae147bp-7,True,,-1,acceptance_predicate,validated,9.8999997e-05,8.704197873473771e-05
torch,cdda27bf2c0e7f72e135edbfd2b2ba10a8c5f96d,torch-authoritative-observation-20260806,565,565,0,5.6500000000000004,0x1.699999999999ap+2,0.01,0x1.47ae147ae147bp-7,True,,-1,acceptance_predicate,validated,9.8999997e-05,8.6926153593095e-05
torch,cdda27bf2c0e7f72e135edbfd2b2ba10a8c5f96d,torch-authoritative-observation-20260806,566,566,0,5.6600000000000001,0x1.6a3d70a3d70a4p+2,0.01,0x1.47ae147ae147bp-7,True,,-1,acceptance_predicate,validated,9.8999997e-05,8.680864879332924e-05
torch,cdda27bf2c0e7f72e135edbfd2b2ba10a8c5f96d,torch-authoritative-observation-20260806,567,567,0,5.6699999999999999,0x1.6ae147ae147aep+2,0.01,0x1.47ae147ae147bp-7,True,,-1,acceptance_predicate,validated,9.8999997e-05,8.668958979443814e-05
torch,cdda27bf2c0e7f72e135edbfd2b2ba10a8c5f96d,torch-authoritative-observation-20260806,568,568,0,5.6799999999999997,0x1.6b851eb851eb8p+2,0.01,0x1.47ae147ae147bp-7,True,,-1,acceptance_predicate,validated,9.8999997e-05,8.656912462529723e-05
torch,cdda27bf2c0e7f72e135edbfd2b2ba10a8c5f96d,torch-authoritative-observation-20260806,569,569,0,5.6900000000000004,0x1.6c28f5c28f5c3p+2,0.01,0x1.47ae147ae147bp-7,True,,-1,acceptance_predicate,validated,9.8999997e-05,8.644734995052622e-05
torch,cdda27bf2c0e7f72e135edbfd2b2ba10a8c5f96d,torch-authoritative-observation-20260806,570,570,0,5.7000000000000002,0x1.6cccccccccccdp+2,0.01,0x1.47ae147ae147bp-7,True,,-1,acceptance_predicate,validated,9.8999997e-05,8.632448456997636e-05
torch,cdda27bf2c0e7f72e135edbfd2b2ba10a8c5f96d,torch-authoritative-observation-20260806,571,571,0,5.71,0x1.6d70a3d70a3d7p+2,0.01,0x1.47ae147ae147bp-7,True,,-1,acceptance_predicate,validated,9.8999997e-05,8.620074583305278e-05
torch,cdda27bf2c0e7f72e135edbfd2b2ba10a8c5f96d,torch-authoritative-observation-20260806,572,572,0,5.7199999999999998,0x1.6e147ae147ae1p+2,0.01,0x1.47ae147ae147bp-7,True,,-1,acceptance_predicate,validated,9.8999997e-05,8.607631326844053e-05
torch,cdda27bf2c0e7f72e135edbfd2b2ba10a8c5f96d,torch-authoritative-observation-20260806,573,573,0,5.7300000000000004,0x1.6eb851eb851ecp+2,0.01,0x1.47ae147ae147bp-7,True,,-1,acceptance_predicate,validated,9.8999997e-05,8.595097980268102e-05
torch,cdda27bf2c0e7f72e135edbfd2b2ba10a8c5f96d,torch-authoritative-observation-20260806,574,574,0,5.7400000000000002,0x1.6f5c28f5c28f6p+2,0.01,0x1.47ae147ae147bp-7,True,,-1,acceptance_predicate,validated,9.8999997e-05,8.582548518797306e-05
torch,cdda27bf2c0e7f72e135edbfd2b2ba10a8c5f96d,torch-authoritative-observation-20260806,575,575,0,5.75,0x1.7000000000000p+2,0.01,0x1.47ae147ae147bp-7,True,,-1,acceptance_predicate,validated,9.8999997e-05,8.569014947952606e-05
torch,cdda27bf2c0e7f72e135edbfd2b2ba10a8c5f96d,torch-authoritative-observation-20260806,576,576,0,5.7599999999999998,0x1.70a3d70a3d70ap+2,0.01,0x1.47ae147ae147bp-7,True,,-1,acceptance_predicate,validated,9.8999997e-05,8.553227657346279e-05
torch,cdda27bf2c0e7f72e135edbfd2b2ba10a8c5f96d,torch-authoritative-observation-20260806,577,577,0,5.7700000000000005,0x1.7147ae147ae15p+2,0.01,0x1.47ae147ae147bp-7,True,,-1,acceptance_predicate,validated,9.8999997e-05,8.53731647597422e-05
torch,cdda27bf2c0e7f72e135edbfd2b2ba10a8c5f96d,torch-authoritative-observation-20260806,578,578,0,5.7800000000000002,0x1.71eb851eb851fp+2,0.01,0x1.47ae147ae147bp-7,True,,-1,acceptance_predicate,validated,9.8999997e-05,8.521311957725863e-05
torch,cdda27bf2c0e7f72e135edbfd2b2ba10a8c5f96d,torch-authoritative-observation-20260806,579,579,0,5.79,0x1.728f5c28f5c29p+2,0.01,0x1.47ae147ae147bp-7,True,,-1,acceptance_predicate,validated,9.8999997e-05,8.505249009662032e-05
torch,cdda27bf2c0e7f72e135edbfd2b2ba10a8c5f96d,torch-authoritative-observation-20260806,580,580,0,5.7999999999999998,0x1.7333333333333p+2,0.01,0x1.47ae147ae147bp-7,True,,-1,acceptance_predicate,validated,9.8999997e-05,8.488608666976422e-05
torch,cdda27bf2c0e7f72e135edbfd2b2ba10a8c5f96d,torch-authoritative-observation-20260806,581,581,0,5.8100000000000005,0x1.73d70a3d70a3ep+2,0.01,0x1.47ae147ae147bp-7,True,,-1,acceptance_predicate,validated,9.8999997e-05,8.471318081991163e-05
torch,cdda27bf2c0e7f72e135edbfd2b2ba10a8c5f96d,torch-authoritative-observation-20260806,582,582,0,5.8200000000000003,0x1.747ae147ae148p+2,0.01,0x1.47ae147ae147bp-7,True,,-1,acceptance_predicate,validated,9.8999997e-05,8.451779206632e-05
torch,cdda27bf2c0e7f72e135edbfd2b2ba10a8c5f96d,torch-authoritative-observation-20260806,583,583,0,5.8300000000000001,0x1.751eb851eb852p+2,0.01,0x1.47ae147ae147bp-7,True,,-1,acceptance_predicate,validated,9.8999997e-05,8.432080076631416e-05
torch,cdda27bf2c0e7f72e135edbfd2b2ba10a8c5f96d,torch-authoritative-observation-20260806,584,584,0,5.8399999999999999,0x1.75c28f5c28f5cp+2,0.01,0x1.47ae147ae147bp-7,True,,-1,acceptance_predicate,validated,9.8999997e-05,8.41165837995496e-05
torch,cdda27bf2c0e7f72e135edbfd2b2ba10a8c5f96d,torch-authoritative-observation-20260806,585,585,0,5.8500000000000005,0x1.7666666666667p+2,0.01,0x1.47ae147ae147bp-7,True,,-1,acceptance_predicate,validated,9.8999997e-05,8.391174990851227e-05
torch,cdda27bf2c0e7f72e135edbfd2b2ba10a8c5f96d,torch-authoritative-observation-20260806,586,586,0,5.8600000000000003,0x1.770a3d70a3d71p+2,0.01,0x1.47ae147ae147bp-7,True,,-1,acceptance_predicate,validated,9.8999997e-05,8.370690434466179e-05
torch,cdda27bf2c0e7f72e135edbfd2b2ba10a8c5f96d,torch-authoritative-observation-20260806,587,587,0,5.8700000000000001,0x1.77ae147ae147bp+2,0.01,0x1.47ae147ae147bp-7,True,,-1,acceptance_predicate,validated,9.8999997e-05,8.350272866315935e-05
torch,cdda27bf2c0e7f72e135edbfd2b2ba10a8c5f96d,torch-authoritative-observation-20260806,588,588,0,5.8799999999999999,0x1.7851eb851eb85p+2,0.01,0x1.47ae147ae147bp-7,True,,-1,acceptance_predicate,validated,9.8999997e-05,8.329920386352113e-05
torch,cdda27bf2c0e7f72e135edbfd2b2ba10a8c5f96d,torch-authoritative-observation-20260806,589,589,0,5.8899999999999997,0x1.78f5c28f5c28fp+2,0.01,0x1.47ae147ae147bp-7,True,,-1,acceptance_predicate,validated,9.8999997e-05,8.309519434314103e-05
torch,cdda27bf2c0e7f72e135edbfd2b2ba10a8c5f96d,torch-authoritative-observation-20260806,590,590,0,5.9000000000000004,0x1.799999999999ap+2,0.01,0x1.47ae147ae147bp-7,True,,-1,acceptance_predicate,validated,9.8999997e-05,8.289413612445444e-05
torch,cdda27bf2c0e7f72e135edbfd2b2ba10a8c5f96d,torch-authoritative-observation-20260806,591,591,0,5.9100000000000001,0x1.7a3d70a3d70a4p+2,0.01,0x1.47ae147ae147bp-7,True,,-1,acceptance_predicate,validated,9.8999997e-05,8.263068662284257e-05
torch,cdda27bf2c0e7f72e135edbfd2b2ba10a8c5f96d,torch-authoritative-observation-20260806,592,592,0,5.9199999999999999,0x1.7ae147ae147aep+2,0.01,0x1.47ae147ae147bp-7,True,,-1,acceptance_predicate,validated,9.8999997e-05,8.228549151056194e-05
torch,cdda27bf2c0e7f72e135edbfd2b2ba10a8c5f96d,torch-authoritative-observation-20260806,593,593,0,5.9299999999999997,0x1.7b851eb851eb8p+2,0.01,0x1.47ae147ae147bp-7,True,,-1,acceptance_predicate,validated,9.8999997e-05,8.194117179212142e-05
torch,cdda27bf2c0e7f72e135edbfd2b2ba10a8c5f96d,torch-authoritative-observation-20260806,594,594,0,5.9400000000000004,0x1.7c28f5c28f5c3p+2,0.01,0x1.47ae147ae147bp-7,True,,-1,acceptance_predicate,validated,9.8999997e-05,8.14285928269516e-05
torch,cdda27bf2c0e7f72e135edbfd2b2ba10a8c5f96d,torch-authoritative-observation-20260806,595,595,0,5.9500000000000002,0x1.7cccccccccccdp+2,0.01,0x1.47ae147ae147bp-7,True,,-1,acceptance_predicate,validated,9.8999997e-05,8.087464474745185e-05
torch,cdda27bf2c0e7f72e135edbfd2b2ba10a8c5f96d,torch-authoritative-observation-20260806,596,596,0,5.96,0x1.7d70a3d70a3d7p+2,0.01,0x1.47ae147ae147bp-7,True,,-1,acceptance_predicate,validated,9.8999997e-05,8.031636663703443e-05
torch,cdda27bf2c0e7f72e135edbfd2b2ba10a8c5f96d,torch-authoritative-observation-20260806,597,597,0,5.9699999999999998,0x1.7e147ae147ae1p+2,0.01,0x1.47ae147ae147bp-7,True,,-1,acceptance_predicate,validated,9.8999997e-05,7.97548502661498e-05
torch,cdda27bf2c0e7f72e135edbfd2b2ba10a8c5f96d,torch-authoritative-observation-20260806,598,598,0,5.9800000000000004,0x1.7eb851eb851ecp+2,0.01,0x1.47ae147ae147bp-7,True,,-1,acceptance_predicate,validated,9.8999997e-05,7.919631823081294e-05
torch,cdda27bf2c0e7f72e135edbfd2b2ba10a8c5f96d,torch-authoritative-observation-20260806,599,599,0,5.9900000000000002,0x1.7f5c28f5c28f6p+2,0.01,0x1.47ae147ae147bp-7,True,,-1,acceptance_predicate,validated,9.8999997e-05,7.864497524961598e-05
torch,cdda27bf2c0e7f72e135edbfd2b2ba10a8c5f96d,torch-authoritative-observation-20260806,600,600,0,6,0x1.8000000000000p+2,0.01,0x1.47ae147ae147bp-7,True,,-1,acceptance_predicate,validated,9.8999997e-05,7.810558681267691e-05
torch,cdda27bf2c0e7f72e135edbfd2b2ba10a8c5f96d,torch-authoritative-observation-20260806,601,601,0,6.0099999999999998,0x1.80a3d70a3d70ap+2,0.01,0x1.47ae147ae147bp-7,True,,-1,acceptance_predicate,validated,9.8999997e-05,7.758355535857798e-05
torch,cdda27bf2c0e7f72e135edbfd2b2ba10a8c5f96d,torch-authoritative-observation-20260806,602,602,0,6.0200000000000005,0x1.8147ae147ae15p+2,0.01,0x1.47ae147ae147bp-7,True,,-1,acceptance_predicate,validated,9.8999997e-05,7.707783137459389e-05
torch,cdda27bf2c0e7f72e135edbfd2b2ba10a8c5f96d,torch-authoritative-observation-20260806,603,603,0,6.0300000000000002,0x1.81eb851eb851fp+2,0.01,0x1.47ae147ae147bp-7,True,,-1,acceptance_predicate,validated,9.8999997e-05,7.658199235431026e-05
torch,cdda27bf2c0e7f72e135edbfd2b2ba10a8c5f96d,torch-authoritative-observation-20260806,604,604,0,6.04,0x1.828f5c28f5c29p+2,0.01,0x1.47ae147ae147bp-7,True,,-1,acceptance_predicate,validated,9.8999997e-05,7.609990998922363e-05
torch,cdda27bf2c0e7f72e135edbfd2b2ba10a8c5f96d,torch-authoritative-observation-20260806,605,605,0,6.0499999999999998,0x1.8333333333333p+2,0.01,0x1.47ae147ae147bp-7,True,,-1,acceptance_predicate,validated,9.8999997e-05,7.563590618167927e-05
torch,cdda27bf2c0e7f72e135edbfd2b2ba10a8c5f96d,torch-authoritative-observation-20260806,606,606,0,6.0600000000000005,0x1.83d70a3d70a3ep+2,0.01,0x1.47ae147ae147bp-7,True,,-1,acceptance_predicate,validated,9.8999997e-05,7.519488603095315e-05
torch,cdda27bf2c0e7f72e135edbfd2b2ba10a8c5f96d,torch-authoritative-observation-20260806,607,607,0,6.0700000000000003,0x1.847ae147ae148p+2,0.01,0x1.47ae147ae147bp-7,True,,-1,acceptance_predicate,validated,9.8999997e-05,7.475775262014665e-05
torch,cdda27bf2c0e7f72e135edbfd2b2ba10a8c5f96d,torch-authoritative-observation-20260806,608,608,0,6.0800000000000001,0x1.851eb851eb852p+2,0.01,0x1.47ae147ae147bp-7,True,,-1,acceptance_predicate,validated,9.8999997e-05,7.43476082333704e-05
torch,cdda27bf2c0e7f72e135edbfd2b2ba10a8c5f96d,torch-authoritative-observation-20260806,609,609,0,6.0899999999999999,0x1.85c28f5c28f5cp+2,0.01,0x1.47ae147ae147bp-7,True,,-1,acceptance_predicate,validated,9.8999997e-05,7.35965102733135e-05
torch,cdda27bf2c0e7f72e135edbfd2b2ba10a8c5f96d,torch-authoritative-observation-20260806,610,610,0,6.1000000000000005,0x1.8666666666667p+2,0.01,0x1.47ae147ae147bp-7,True,,-1,acceptance_predicate,validated,9.8999997e-05,7.259239737010446e-05
torch,cdda27bf2c0e7f72e135edbfd2b2ba10a8c5f96d,torch-authoritative-observation-20260806,611,611,0,6.1100000000000003,0x1.870a3d70a3d71p+2,0.01,0x1.47ae147ae147bp-7,True,,-1,acceptance_predicate,validated,9.8999997e-05,7.155982097645117e-05
torch,cdda27bf2c0e7f72e135edbfd2b2ba10a8c5f96d,torch-authoritative-observation-20260806,612,612,0,6.1200000000000001,0x1.87ae147ae147bp+2,0.01,0x1.47ae147ae147bp-7,True,,-1,acceptance_predicate,validated,9.8999997e-05,7.045667982062131e-05
torch,cdda27bf2c0e7f72e135edbfd2b2ba10a8c5f96d,torch-authoritative-observation-20260806,613,613,0,6.1299999999999999,0x1.8851eb851eb85p+2,0.01,0x1.47ae147ae147bp-7,True,,-1,acceptance_predicate,validated,9.8999997e-05,6.896096197451287e-05
torch,cdda27bf2c0e7f72e135edbfd2b2ba10a8c5f96d,torch-authoritative-observation-20260806,614,614,0,6.1400000000000006,0x1.88f5c28f5c290p+2,0.01,0x1.47ae147ae147bp-7,True,,-1,acceptance_predicate,validated,9.8999997e-05,6.72874556036575e-05
torch,cdda27bf2c0e7f72e135edbfd2b2ba10a8c5f96d,torch-authoritative-observation-20260806,615,615,0,6.1500000000000004,0x1.899999999999ap+2,0.01,0x1.47ae147ae147bp-7,True,,-1,acceptance_predicate,validated,9.8999997e-05,6.515361057507282e-05
torch,cdda27bf2c0e7f72e135edbfd2b2ba10a8c5f96d,torch-authoritative-observation-20260806,616,616,0,6.1600000000000001,0x1.8a3d70a3d70a4p+2,0.01,0x1.47ae147ae147bp-7,True,,-1,acceptance_predicate,validated,9.8999997e-05,6.286128799085987e-05
torch,cdda27bf2c0e7f72e135edbfd2b2ba10a8c5f96d,torch-authoritative-observation-20260806,617,617,0,6.1699999999999999,0x1.8ae147ae147aep+2,0.01,0x1.47ae147ae147bp-7,True,,-1,acceptance_predicate,validated,9.8999997e-05,6.0419122635083436e-05
torch,cdda27bf2c0e7f72e135edbfd2b2ba10a8c5f96d,torch-authoritative-observation-20260806,618,618,0,6.1799999999999997,0x1.8b851eb851eb8p+2,0.01,0x1.47ae147ae147bp-7,True,,-1,acceptance_predicate,validated,9.8999997e-05,5.781005160369888e-05
torch,cdda27bf2c0e7f72e135edbfd2b2ba10a8c5f96d,torch-authoritative-observation-20260806,619,619,0,6.1900000000000004,0x1.8c28f5c28f5c3p+2,0.01,0x1.47ae147ae147bp-7,True,,-1,acceptance_predicate,validated,9.8999997e-05,5.502080049252295e-05
torch,cdda27bf2c0e7f72e135edbfd2b2ba10a8c5f96d,torch-authoritative-observation-20260806,620,620,0,6.2000000000000002,0x1.8cccccccccccdp+2,0.01,0x1.47ae147ae147bp-7,True,,-1,acceptance_predicate,validated,9.8999997e-05,5.204960156549556e-05
torch,cdda27bf2c0e7f72e135edbfd2b2ba10a8c5f96d,torch-authoritative-observation-20260806,621,621,0,6.21,0x1.8d70a3d70a3d7p+2,0.01,0x1.47ae147ae147bp-7,True,,-1,acceptance_predicate,validated,9.8999997e-05,4.8884423243375204e-05
torch,cdda27bf2c0e7f72e135edbfd2b2ba10a8c5f96d,torch-authoritative-observation-20260806,622,622,0,6.2199999999999998,0x1.8e147ae147ae1p+2,0.01,0x1.47ae147ae147bp-7,True,,-1,acceptance_predicate,validated,9.8999997e-05,4.5512202654616545e-05
torch,cdda27bf2c0e7f72e135edbfd2b2ba10a8c5f96d,torch-authoritative-observation-20260806,623,623,0,6.2300000000000004,0x1.8eb851eb851ecp+2,0.01,0x1.47ae147ae147bp-7,True,,-1,acceptance_predicate,validated,9.8999997e-05,4.191938235352252e-05
torch,cdda27bf2c0e7f72e135edbfd2b2ba10a8c5f96d,torch-authoritative-observation-20260806,624,624,0,6.2400000000000002,0x1.8f5c28f5c28f6p+2,0.01,0x1.47ae147ae147bp-7,True,,-1,acceptance_predicate,validated,9.8999997e-05,3.809146751055144e-05
torch,cdda27bf2c0e7f72e135edbfd2b2ba10a8c5f96d,torch-authoritative-observation-20260806,625,625,0,6.25,0x1.9000000000000p+2,0.01,0x1.47ae147ae147bp-7,True,,-1,acceptance_predicate,validated,9.8999997e-05,3.401302959793329e-05
torch,cdda27bf2c0e7f72e135edbfd2b2ba10a8c5f96d,torch-authoritative-observation-20260806,626,626,0,6.2599999999999998,0x1.90a3d70a3d70ap+2,0.01,0x1.47ae147ae147bp-7,True,,-1,acceptance_predicate,validated,9.8999997e-05,2.9667696339674343e-05
torch,cdda27bf2c0e7f72e135edbfd2b2ba10a8c5f96d,torch-authoritative-observation-20260806,627,627,0,6.2700000000000005,0x1.9147ae147ae15p+2,0.01,0x1.47ae147ae147bp-7,True,,-1,acceptance_predicate,validated,9.8999997e-05,2.5037418211133893e-05
torch,cdda27bf2c0e7f72e135edbfd2b2ba10a8c5f96d,torch-authoritative-observation-20260806,628,628,0,6.2800000000000002,0x1.91eb851eb851fp+2,0.01,0x1.47ae147ae147bp-7,True,,-1,acceptance_predicate,validated,9.8999997e-05,2.0103845263387638e-05
torch,cdda27bf2c0e7f72e135edbfd2b2ba10a8c5f96d,torch-authoritative-observation-20260806,629,629,0,6.29,0x1.928f5c28f5c29p+2,0.01,0x1.47ae147ae147bp-7,True,,-1,acceptance_predicate,validated,9.8999997e-05,1.4847499463574058e-05
torch,cdda27bf2c0e7f72e135edbfd2b2ba10a8c5f96d,torch-authoritative-observation-20260806,630,630,0,6.2999999999999998,0x1.9333333333333p+2,0.01,0x1.47ae147ae147bp-7,True,,-1,acceptance_predicate,validated,9.8999997e-05,9.247545193208533e-06
torch,cdda27bf2c0e7f72e135edbfd2b2ba10a8c5f96d,torch-authoritative-observation-20260806,631,631,0,6.3100000000000005,0x1.93d70a3d70a3ep+2,0.01,0x1.47ae147ae147bp-7,True,,-1,acceptance_predicate,validated,9.8999997e-05,2.796769042862058e-06
torch,cdda27bf2c0e7f72e135edbfd2b2ba10a8c5f96d,torch-authoritative-observation-20260806,632,632,0,6.3200000000000003,0x1.947ae147ae148p+2,0.01,0x1.47ae147ae147bp-7,False,Flowstar raw remainder compat residual not subset of target remainder,-1,acceptance_predicate,failed,9.8999997e-05,-8.441898798404161e-06
