plant,mode,step,history_length,replays,phase,operation,dependency_fixed,category,exclusive_seconds,calls,step_seconds,instrumentation
brusselator,optimized,101,100,9,other,object_checks_and_small_tensors,False,python_objects_and_small_tensor_checks,0.003009767271578312,107,1.3709490159526467,nested_function_timer
brusselator,optimized,101,100,9,candidate,object_checks_and_small_tensors,False,python_objects_and_small_tensor_checks,0.010725478176027536,458,1.3709490159526467,nested_function_timer
brusselator,optimized,101,100,9,candidate,polynomial_component,True,polynomial_multiply_truncate_range,0.00037875352427363396,36,1.3709490159526467,nested_function_timer
brusselator,optimized,101,100,9,candidate,interval_arithmetic,True,polynomial_multiply_truncate_range,0.02083012228831649,324,1.3709490159526467,nested_function_timer
brusselator,optimized,101,100,9,candidate,polynomial_mul_trunc,True,polynomial_multiply_truncate_range,0.11409378470852971,24,1.3709490159526467,nested_function_timer
brusselator,optimized,101,100,9,candidate,polynomial_range_bound,True,polynomial_multiply_truncate_range,0.056086437311023474,48,1.3709490159526467,nested_function_timer
brusselator,optimized,101,100,9,candidate,interval_arithmetic,False,candidate_construction_excluding_classified_polynomial_work,0.007166270166635513,234,1.3709490159526467,nested_function_timer
brusselator,optimized,101,100,9,candidate,polynomial_sub,True,polynomial_multiply_truncate_range,0.00014284765347838402,12,1.3709490159526467,nested_function_timer
brusselator,optimized,101,100,9,candidate,polynomial_add,True,polynomial_multiply_truncate_range,0.00015051104128360748,12,1.3709490159526467,nested_function_timer
brusselator,optimized,101,100,9,candidate,polynomial_integrate,True,polynomial_multiply_truncate_range,0.007729696575552225,6,1.3709490159526467,nested_function_timer
brusselator,optimized,101,100,9,candidate,polynomial_apply_cutoff,True,polynomial_multiply_truncate_range,0.007145984098315239,6,1.3709490159526467,nested_function_timer
brusselator,optimized,101,100,9,candidate,dense_polynomial_picard,False,candidate_construction_excluding_classified_polynomial_work,0.011860114522278309,1,1.3709490159526467,nested_function_timer
brusselator,optimized,101,100,9,other,interval_arithmetic,False,other_including_unclassified_python,0.001865713857114315,69,1.3709490159526467,nested_function_timer
brusselator,optimized,101,100,9,other,polynomial_component,True,polynomial_multiply_truncate_range,6.855512037873268e-05,6,1.3709490159526467,nested_function_timer
brusselator,optimized,101,100,9,other,interval_arithmetic,True,polynomial_multiply_truncate_range,0.003645556513220072,54,1.3709490159526467,nested_function_timer
brusselator,optimized,101,100,9,other,polynomial_mul_trunc,True,polynomial_multiply_truncate_range,0.017080531921237707,4,1.3709490159526467,nested_function_timer
brusselator,optimized,101,100,9,other,polynomial_range_bound,True,polynomial_multiply_truncate_range,0.010863128118216991,9,1.3709490159526467,nested_function_timer
brusselator,optimized,101,100,9,other,polynomial_sub,True,polynomial_multiply_truncate_range,3.344519063830376e-05,3,1.3709490159526467,nested_function_timer
brusselator,optimized,101,100,9,other,polynomial_add,True,polynomial_multiply_truncate_range,2.4386215955018997e-05,2,1.3709490159526467,nested_function_timer
brusselator,optimized,101,100,9,other,polynomial_integrate,True,polynomial_multiply_truncate_range,0.0013465415686368942,1,1.3709490159526467,nested_function_timer
brusselator,optimized,101,100,9,initial,polynomial_component,True,polynomial_multiply_truncate_range,8.529145270586014e-05,8,1.3709490159526467,nested_function_timer
brusselator,optimized,101,100,9,initial,object_checks_and_small_tensors,False,python_objects_and_small_tensor_checks,0.004386769607663155,152,1.3709490159526467,nested_function_timer
brusselator,optimized,101,100,9,initial,interval_arithmetic,True,polynomial_multiply_truncate_range,0.007084478624165058,117,1.3709490159526467,nested_function_timer
brusselator,optimized,101,100,9,initial,polynomial_mul_trunc,True,polynomial_multiply_truncate_range,0.047349650878459215,8,1.3709490159526467,nested_function_timer
brusselator,optimized,101,100,9,initial,polynomial_range_bound,True,polynomial_multiply_truncate_range,0.01873309351503849,17,1.3709490159526467,nested_function_timer
brusselator,optimized,101,100,9,initial,interval_arithmetic,False,initial_remainder_excluding_classified_polynomial_work,0.0028594806790351868,109,1.3709490159526467,nested_function_timer
brusselator,optimized,101,100,9,initial,polynomial_apply_cutoff,True,polynomial_multiply_truncate_range,0.005651646759361029,5,1.3709490159526467,nested_function_timer
brusselator,optimized,101,100,9,initial,polynomial_sub,True,polynomial_multiply_truncate_range,5.6277960538864136e-05,5,1.3709490159526467,nested_function_timer
brusselator,optimized,101,100,9,initial,polynomial_add,True,polynomial_multiply_truncate_range,3.2796990126371384e-05,3,1.3709490159526467,nested_function_timer
brusselator,optimized,101,100,9,initial,polynomial_integrate,True,polynomial_multiply_truncate_range,0.00119321933016181,1,1.3709490159526467,nested_function_timer
brusselator,optimized,101,100,9,initial,image,False,initial_remainder_excluding_classified_polynomial_work,0.003908141981810331,1,1.3709490159526467,nested_function_timer
brusselator,optimized,101,100,9,replay,object_checks_and_small_tensors,False,python_objects_and_small_tensor_checks,0.03683108929544687,1278,1.3709490159526467,nested_function_timer
brusselator,optimized,101,100,9,replay,object_checks_and_small_tensors,True,refinement_fixed_preparation,0.00010515190660953522,4,1.3709490159526467,nested_function_timer
brusselator,optimized,101,100,9,replay,prepare_snapshot,True,refinement_fixed_preparation,0.0022890279069542885,1,1.3709490159526467,nested_function_timer
brusselator,optimized,101,100,9,replay,binding_checks,False,refinement_dynamic_and_dispatch,0.0001276540569961071,9,1.3709490159526467,nested_function_timer
brusselator,optimized,101,100,9,replay,polynomial_component,True,refinement_fixed_preparation,2.7691014111042023e-05,2,1.3709490159526467,nested_function_timer
brusselator,optimized,101,100,9,replay,cache_dispatch,False,refinement_dynamic_and_dispatch,0.0028907754458487034,387,1.3709490159526467,nested_function_timer
brusselator,optimized,101,100,9,replay,interval_arithmetic,True,refinement_fixed_preparation,0.004662563558667898,72,1.3709490159526467,nested_function_timer
brusselator,optimized,101,100,9,replay,polynomial_mul_trunc,True,refinement_fixed_preparation,0.02377804694697261,6,1.3709490159526467,nested_function_timer
brusselator,optimized,101,100,9,replay,polynomial_range_bound,True,refinement_fixed_preparation,0.007927740924060345,7,1.3709490159526467,nested_function_timer
brusselator,optimized,101,100,9,replay,interval_arithmetic,False,refinement_dynamic_and_dispatch,0.024797284975647926,981,1.3709490159526467,nested_function_timer
brusselator,optimized,101,100,9,replay,polynomial_apply_cutoff,True,refinement_fixed_preparation,0.004555616062134504,4,1.3709490159526467,nested_function_timer
brusselator,optimized,101,100,9,replay,polynomial_sub,True,refinement_fixed_preparation,6.317906081676483e-05,5,1.3709490159526467,nested_function_timer
brusselator,optimized,101,100,9,replay,polynomial_add,True,refinement_fixed_preparation,3.6967918276786804e-05,3,1.3709490159526467,nested_function_timer
brusselator,optimized,101,100,9,replay,prepare_graph,False,refinement_dynamic_and_dispatch,0.0033037918619811535,2,1.3709490159526467,nested_function_timer
brusselator,optimized,101,100,9,replay,polynomial_integrate,True,refinement_fixed_preparation,0.0012124045751988888,1,1.3709490159526467,nested_function_timer
brusselator,optimized,101,100,9,replay,seal_storage,True,refinement_fixed_preparation,0.00020913081243634224,1,1.3709490159526467,nested_function_timer
brusselator,optimized,101,100,9,replay,image,False,refinement_dynamic_and_dispatch,0.02264346554875374,9,1.3709490159526467,nested_function_timer
brusselator,optimized,101,100,9,replay,_post_accept_refine_raw_remainder,False,refinement_dynamic_and_dispatch,0.0026807268150150776,1,1.3709490159526467,nested_function_timer
brusselator,optimized,101,100,9,boundary,endpoint_correction,False,boundary_and_endpoint_correction,0.01578029990196228,3,1.3709490159526467,nested_function_timer
brusselator,optimized,101,100,9,boundary,boundary,False,boundary_and_endpoint_correction,0.8172893398441374,1,1.3709490159526467,nested_function_timer
brusselator,optimized,101,100,9,other,unattributed,False,other_including_unclassified_python,0.0341485938988626,0,1.3709490159526467,nested_function_timer
brusselator,optimized,102,101,9,other,object_checks_and_small_tensors,False,python_objects_and_small_tensor_checks,0.002729239873588085,107,1.331937266048044,nested_function_timer
brusselator,optimized,102,101,9,candidate,object_checks_and_small_tensors,False,python_objects_and_small_tensor_checks,0.010286157950758934,458,1.331937266048044,nested_function_timer
brusselator,optimized,102,101,9,candidate,polynomial_component,True,polynomial_multiply_truncate_range,0.000368600245565176,36,1.331937266048044,nested_function_timer
brusselator,optimized,102,101,9,candidate,interval_arithmetic,True,polynomial_multiply_truncate_range,0.01999994833022356,324,1.331937266048044,nested_function_timer
brusselator,optimized,102,101,9,candidate,polynomial_mul_trunc,True,polynomial_multiply_truncate_range,0.0948919141665101,24,1.331937266048044,nested_function_timer
brusselator,optimized,102,101,9,candidate,polynomial_range_bound,True,polynomial_multiply_truncate_range,0.05333598097786307,48,1.331937266048044,nested_function_timer
brusselator,optimized,102,101,9,candidate,interval_arithmetic,False,candidate_construction_excluding_classified_polynomial_work,0.006884297356009483,234,1.331937266048044,nested_function_timer
brusselator,optimized,102,101,9,candidate,polynomial_sub,True,polynomial_multiply_truncate_range,0.00014271819964051247,12,1.331937266048044,nested_function_timer
brusselator,optimized,102,101,9,candidate,polynomial_add,True,polynomial_multiply_truncate_range,0.00014531798660755157,12,1.331937266048044,nested_function_timer
brusselator,optimized,102,101,9,candidate,polynomial_integrate,True,polynomial_multiply_truncate_range,0.007083139382302761,6,1.331937266048044,nested_function_timer
brusselator,optimized,102,101,9,candidate,polynomial_apply_cutoff,True,polynomial_multiply_truncate_range,0.006896067410707474,6,1.331937266048044,nested_function_timer
brusselator,optimized,102,101,9,candidate,dense_polynomial_picard,False,candidate_construction_excluding_classified_polynomial_work,0.011409481056034565,1,1.331937266048044,nested_function_timer
brusselator,optimized,102,101,9,other,interval_arithmetic,False,other_including_unclassified_python,0.0015509435907006264,69,1.331937266048044,nested_function_timer
brusselator,optimized,102,101,9,other,polynomial_component,True,polynomial_multiply_truncate_range,6.304355338215828e-05,6,1.331937266048044,nested_function_timer
brusselator,optimized,102,101,9,other,interval_arithmetic,True,polynomial_multiply_truncate_range,0.003289945423603058,54,1.331937266048044,nested_function_timer
brusselator,optimized,102,101,9,other,polynomial_mul_trunc,True,polynomial_multiply_truncate_range,0.015583300031721592,4,1.331937266048044,nested_function_timer
brusselator,optimized,102,101,9,other,polynomial_range_bound,True,polynomial_multiply_truncate_range,0.010038683656603098,9,1.331937266048044,nested_function_timer
brusselator,optimized,102,101,9,other,polynomial_sub,True,polynomial_multiply_truncate_range,3.2602809369564056e-05,3,1.331937266048044,nested_function_timer
brusselator,optimized,102,101,9,other,polynomial_add,True,polynomial_multiply_truncate_range,2.409517765045166e-05,2,1.331937266048044,nested_function_timer
brusselator,optimized,102,101,9,other,polynomial_integrate,True,polynomial_multiply_truncate_range,0.0011888989247381687,1,1.331937266048044,nested_function_timer
brusselator,optimized,102,101,9,initial,polynomial_component,True,polynomial_multiply_truncate_range,8.152006193995476e-05,8,1.331937266048044,nested_function_timer
brusselator,optimized,102,101,9,initial,object_checks_and_small_tensors,False,python_objects_and_small_tensor_checks,0.004416739102452993,152,1.331937266048044,nested_function_timer
brusselator,optimized,102,101,9,initial,interval_arithmetic,True,polynomial_multiply_truncate_range,0.007122762035578489,117,1.331937266048044,nested_function_timer
brusselator,optimized,102,101,9,initial,polynomial_mul_trunc,True,polynomial_multiply_truncate_range,0.031683783046901226,8,1.331937266048044,nested_function_timer
brusselator,optimized,102,101,9,initial,polynomial_range_bound,True,polynomial_multiply_truncate_range,0.0193166546523571,17,1.331937266048044,nested_function_timer
brusselator,optimized,102,101,9,initial,interval_arithmetic,False,initial_remainder_excluding_classified_polynomial_work,0.0028573209419846535,109,1.331937266048044,nested_function_timer
brusselator,optimized,102,101,9,initial,polynomial_apply_cutoff,True,polynomial_multiply_truncate_range,0.005817721132189035,5,1.331937266048044,nested_function_timer
brusselator,optimized,102,101,9,initial,polynomial_sub,True,polynomial_multiply_truncate_range,6.160140037536621e-05,5,1.331937266048044,nested_function_timer
brusselator,optimized,102,101,9,initial,polynomial_add,True,polynomial_multiply_truncate_range,3.514531999826431e-05,3,1.331937266048044,nested_function_timer
brusselator,optimized,102,101,9,initial,polynomial_integrate,True,polynomial_multiply_truncate_range,0.0012507461942732334,1,1.331937266048044,nested_function_timer
brusselator,optimized,102,101,9,initial,image,False,initial_remainder_excluding_classified_polynomial_work,0.003935999237000942,1,1.331937266048044,nested_function_timer
brusselator,optimized,102,101,9,replay,object_checks_and_small_tensors,False,python_objects_and_small_tensor_checks,0.03634607745334506,1278,1.331937266048044,nested_function_timer
brusselator,optimized,102,101,9,replay,object_checks_and_small_tensors,True,refinement_fixed_preparation,9.6853356808424e-05,4,1.331937266048044,nested_function_timer
brusselator,optimized,102,101,9,replay,prepare_snapshot,True,refinement_fixed_preparation,0.0019702399149537086,1,1.331937266048044,nested_function_timer
brusselator,optimized,102,101,9,replay,binding_checks,False,refinement_dynamic_and_dispatch,0.00011849356815218925,9,1.331937266048044,nested_function_timer
brusselator,optimized,102,101,9,replay,polynomial_component,True,refinement_fixed_preparation,2.4444889277219772e-05,2,1.331937266048044,nested_function_timer
brusselator,optimized,102,101,9,replay,cache_dispatch,False,refinement_dynamic_and_dispatch,0.0028244396671652794,387,1.331937266048044,nested_function_timer
brusselator,optimized,102,101,9,replay,interval_arithmetic,True,refinement_fixed_preparation,0.004653179086744785,72,1.331937266048044,nested_function_timer
brusselator,optimized,102,101,9,replay,polynomial_mul_trunc,True,refinement_fixed_preparation,0.023638969752937555,6,1.331937266048044,nested_function_timer
brusselator,optimized,102,101,9,replay,polynomial_range_bound,True,refinement_fixed_preparation,0.007794610224664211,7,1.331937266048044,nested_function_timer
brusselator,optimized,102,101,9,replay,interval_arithmetic,False,refinement_dynamic_and_dispatch,0.024767739698290825,981,1.331937266048044,nested_function_timer
brusselator,optimized,102,101,9,replay,polynomial_apply_cutoff,True,refinement_fixed_preparation,0.00459500914439559,4,1.331937266048044,nested_function_timer
brusselator,optimized,102,101,9,replay,polynomial_sub,True,refinement_fixed_preparation,6.160233169794083e-05,5,1.331937266048044,nested_function_timer
brusselator,optimized,102,101,9,replay,polynomial_add,True,refinement_fixed_preparation,3.6436133086681366e-05,3,1.331937266048044,nested_function_timer
brusselator,optimized,102,101,9,replay,prepare_graph,False,refinement_dynamic_and_dispatch,0.003204571083188057,2,1.331937266048044,nested_function_timer
brusselator,optimized,102,101,9,replay,polynomial_integrate,True,refinement_fixed_preparation,0.0011843834072351456,1,1.331937266048044,nested_function_timer
brusselator,optimized,102,101,9,replay,seal_storage,True,refinement_fixed_preparation,0.00019763223826885223,1,1.331937266048044,nested_function_timer
brusselator,optimized,102,101,9,replay,image,False,refinement_dynamic_and_dispatch,0.022517383098602295,9,1.331937266048044,nested_function_timer
brusselator,optimized,102,101,9,replay,_post_accept_refine_raw_remainder,False,refinement_dynamic_and_dispatch,0.002054397016763687,1,1.331937266048044,nested_function_timer
brusselator,optimized,102,101,9,boundary,endpoint_correction,False,boundary_and_endpoint_correction,0.015578059945255518,3,1.331937266048044,nested_function_timer
brusselator,optimized,102,101,9,boundary,boundary,False,boundary_and_endpoint_correction,0.8342850240878761,1,1.331937266048044,nested_function_timer
brusselator,optimized,102,101,9,other,unattributed,False,other_including_unclassified_python,0.023463350720703602,0,1.331937266048044,nested_function_timer
brusselator,optimized,103,102,9,other,object_checks_and_small_tensors,False,python_objects_and_small_tensor_checks,0.002857034560292959,107,1.3158500888384879,nested_function_timer
brusselator,optimized,103,102,9,candidate,object_checks_and_small_tensors,False,python_objects_and_small_tensor_checks,0.010368467774242163,458,1.3158500888384879,nested_function_timer
brusselator,optimized,103,102,9,candidate,polynomial_component,True,polynomial_multiply_truncate_range,0.0003703506663441658,36,1.3158500888384879,nested_function_timer
brusselator,optimized,103,102,9,candidate,interval_arithmetic,True,polynomial_multiply_truncate_range,0.0199522553011775,324,1.3158500888384879,nested_function_timer
brusselator,optimized,103,102,9,candidate,polynomial_mul_trunc,True,polynomial_multiply_truncate_range,0.09500079788267612,24,1.3158500888384879,nested_function_timer
brusselator,optimized,103,102,9,candidate,polynomial_range_bound,True,polynomial_multiply_truncate_range,0.05354603612795472,48,1.3158500888384879,nested_function_timer
brusselator,optimized,103,102,9,candidate,interval_arithmetic,False,candidate_construction_excluding_classified_polynomial_work,0.006986074149608612,234,1.3158500888384879,nested_function_timer
brusselator,optimized,103,102,9,candidate,polynomial_sub,True,polynomial_multiply_truncate_range,0.0001429789699614048,12,1.3158500888384879,nested_function_timer
brusselator,optimized,103,102,9,candidate,polynomial_add,True,polynomial_multiply_truncate_range,0.0001439056359231472,12,1.3158500888384879,nested_function_timer
brusselator,optimized,103,102,9,candidate,polynomial_integrate,True,polynomial_multiply_truncate_range,0.0072820745408535,6,1.3158500888384879,nested_function_timer
brusselator,optimized,103,102,9,candidate,polynomial_apply_cutoff,True,polynomial_multiply_truncate_range,0.006786878686398268,6,1.3158500888384879,nested_function_timer
brusselator,optimized,103,102,9,candidate,dense_polynomial_picard,False,candidate_construction_excluding_classified_polynomial_work,0.011488131247460842,1,1.3158500888384879,nested_function_timer
brusselator,optimized,103,102,9,other,interval_arithmetic,False,other_including_unclassified_python,0.0015884572640061378,69,1.3158500888384879,nested_function_timer
brusselator,optimized,103,102,9,other,polynomial_component,True,polynomial_multiply_truncate_range,6.279954686760902e-05,6,1.3158500888384879,nested_function_timer
brusselator,optimized,103,102,9,other,interval_arithmetic,True,polynomial_multiply_truncate_range,0.0033915014937520027,54,1.3158500888384879,nested_function_timer
brusselator,optimized,103,102,9,other,polynomial_mul_trunc,True,polynomial_multiply_truncate_range,0.01621739100664854,4,1.3158500888384879,nested_function_timer
brusselator,optimized,103,102,9,other,polynomial_range_bound,True,polynomial_multiply_truncate_range,0.010034138802438974,9,1.3158500888384879,nested_function_timer
brusselator,optimized,103,102,9,other,polynomial_sub,True,polynomial_multiply_truncate_range,3.4304335713386536e-05,3,1.3158500888384879,nested_function_timer
brusselator,optimized,103,102,9,other,polynomial_add,True,polynomial_multiply_truncate_range,2.47233547270298e-05,2,1.3158500888384879,nested_function_timer
brusselator,optimized,103,102,9,other,polynomial_integrate,True,polynomial_multiply_truncate_range,0.0011918437667191029,1,1.3158500888384879,nested_function_timer
brusselator,optimized,103,102,9,initial,polynomial_component,True,polynomial_multiply_truncate_range,8.19740816950798e-05,8,1.3158500888384879,nested_function_timer
brusselator,optimized,103,102,9,initial,object_checks_and_small_tensors,False,python_objects_and_small_tensor_checks,0.004352681804448366,152,1.3158500888384879,nested_function_timer
brusselator,optimized,103,102,9,initial,interval_arithmetic,True,polynomial_multiply_truncate_range,0.007121735718101263,117,1.3158500888384879,nested_function_timer
brusselator,optimized,103,102,9,initial,polynomial_mul_trunc,True,polynomial_multiply_truncate_range,0.03162896120920777,8,1.3158500888384879,nested_function_timer
brusselator,optimized,103,102,9,initial,polynomial_range_bound,True,polynomial_multiply_truncate_range,0.018828521016985178,17,1.3158500888384879,nested_function_timer
brusselator,optimized,103,102,9,initial,interval_arithmetic,False,initial_remainder_excluding_classified_polynomial_work,0.0028050397522747517,109,1.3158500888384879,nested_function_timer
brusselator,optimized,103,102,9,initial,polynomial_apply_cutoff,True,polynomial_multiply_truncate_range,0.00561159010976553,5,1.3158500888384879,nested_function_timer
brusselator,optimized,103,102,9,initial,polynomial_sub,True,polynomial_multiply_truncate_range,5.970243364572525e-05,5,1.3158500888384879,nested_function_timer
brusselator,optimized,103,102,9,initial,polynomial_add,True,polynomial_multiply_truncate_range,3.5171862691640854e-05,3,1.3158500888384879,nested_function_timer
brusselator,optimized,103,102,9,initial,polynomial_integrate,True,polynomial_multiply_truncate_range,0.0011819219216704369,1,1.3158500888384879,nested_function_timer
brusselator,optimized,103,102,9,initial,image,False,initial_remainder_excluding_classified_polynomial_work,0.003839186392724514,1,1.3158500888384879,nested_function_timer
brusselator,optimized,103,102,9,replay,object_checks_and_small_tensors,False,python_objects_and_small_tensor_checks,0.03689401596784592,1278,1.3158500888384879,nested_function_timer
brusselator,optimized,103,102,9,replay,object_checks_and_small_tensors,True,refinement_fixed_preparation,0.00010046083480119705,4,1.3158500888384879,nested_function_timer
brusselator,optimized,103,102,9,replay,prepare_snapshot,True,refinement_fixed_preparation,0.0021132612600922585,1,1.3158500888384879,nested_function_timer
brusselator,optimized,103,102,9,replay,binding_checks,False,refinement_dynamic_and_dispatch,0.000111372210085392,9,1.3158500888384879,nested_function_timer
brusselator,optimized,103,102,9,replay,polynomial_component,True,refinement_fixed_preparation,2.5260262191295624e-05,2,1.3158500888384879,nested_function_timer
brusselator,optimized,103,102,9,replay,cache_dispatch,False,refinement_dynamic_and_dispatch,0.002932153642177582,387,1.3158500888384879,nested_function_timer
brusselator,optimized,103,102,9,replay,interval_arithmetic,True,refinement_fixed_preparation,0.004761111922562122,72,1.3158500888384879,nested_function_timer
brusselator,optimized,103,102,9,replay,polynomial_mul_trunc,True,refinement_fixed_preparation,0.02464800840243697,6,1.3158500888384879,nested_function_timer
brusselator,optimized,103,102,9,replay,polynomial_range_bound,True,refinement_fixed_preparation,0.007941997610032558,7,1.3158500888384879,nested_function_timer
brusselator,optimized,103,102,9,replay,interval_arithmetic,False,refinement_dynamic_and_dispatch,0.025083311833441257,981,1.3158500888384879,nested_function_timer
brusselator,optimized,103,102,9,replay,polynomial_apply_cutoff,True,refinement_fixed_preparation,0.004500022158026695,4,1.3158500888384879,nested_function_timer
brusselator,optimized,103,102,9,replay,polynomial_sub,True,refinement_fixed_preparation,6.245914846658707e-05,5,1.3158500888384879,nested_function_timer
brusselator,optimized,103,102,9,replay,polynomial_add,True,refinement_fixed_preparation,3.744242712855339e-05,3,1.3158500888384879,nested_function_timer
brusselator,optimized,103,102,9,replay,prepare_graph,False,refinement_dynamic_and_dispatch,0.003263153601437807,2,1.3158500888384879,nested_function_timer
brusselator,optimized,103,102,9,replay,polynomial_integrate,True,refinement_fixed_preparation,0.0011878246441483498,1,1.3158500888384879,nested_function_timer
brusselator,optimized,103,102,9,replay,seal_storage,True,refinement_fixed_preparation,0.0002027438022196293,1,1.3158500888384879,nested_function_timer
brusselator,optimized,103,102,9,replay,image,False,refinement_dynamic_and_dispatch,0.02282877080142498,9,1.3158500888384879,nested_function_timer
brusselator,optimized,103,102,9,replay,_post_accept_refine_raw_remainder,False,refinement_dynamic_and_dispatch,0.0020881416276097298,1,1.3158500888384879,nested_function_timer
brusselator,optimized,103,102,9,boundary,endpoint_correction,False,boundary_and_endpoint_correction,0.015587106812745333,3,1.3158500888384879,nested_function_timer
brusselator,optimized,103,102,9,boundary,boundary,False,boundary_and_endpoint_correction,0.8147536697797477,1,1.3158500888384879,nested_function_timer
brusselator,optimized,103,102,9,other,unattributed,False,other_including_unclassified_python,0.02371116867288947,0,1.3158500888384879,nested_function_timer
brusselator,optimized,104,103,9,other,object_checks_and_small_tensors,False,python_objects_and_small_tensor_checks,0.0027445312589406967,107,1.324175475165248,nested_function_timer
brusselator,optimized,104,103,9,candidate,object_checks_and_small_tensors,False,python_objects_and_small_tensor_checks,0.0102700418792665,458,1.324175475165248,nested_function_timer
brusselator,optimized,104,103,9,candidate,polynomial_component,True,polynomial_multiply_truncate_range,0.0003697732463479042,36,1.324175475165248,nested_function_timer
brusselator,optimized,104,103,9,candidate,interval_arithmetic,True,polynomial_multiply_truncate_range,0.01987574389204383,324,1.324175475165248,nested_function_timer
brusselator,optimized,104,103,9,candidate,polynomial_mul_trunc,True,polynomial_multiply_truncate_range,0.09454744448885322,24,1.324175475165248,nested_function_timer
brusselator,optimized,104,103,9,candidate,polynomial_range_bound,True,polynomial_multiply_truncate_range,0.05340203456580639,48,1.324175475165248,nested_function_timer
brusselator,optimized,104,103,9,candidate,interval_arithmetic,False,candidate_construction_excluding_classified_polynomial_work,0.006902239751070738,234,1.324175475165248,nested_function_timer
brusselator,optimized,104,103,9,candidate,polynomial_sub,True,polynomial_multiply_truncate_range,0.0001420034095644951,12,1.324175475165248,nested_function_timer
brusselator,optimized,104,103,9,candidate,polynomial_add,True,polynomial_multiply_truncate_range,0.00014799553900957108,12,1.324175475165248,nested_function_timer
brusselator,optimized,104,103,9,candidate,polynomial_integrate,True,polynomial_multiply_truncate_range,0.0071747638285160065,6,1.324175475165248,nested_function_timer
brusselator,optimized,104,103,9,candidate,polynomial_apply_cutoff,True,polynomial_multiply_truncate_range,0.006866424344480038,6,1.324175475165248,nested_function_timer
brusselator,optimized,104,103,9,candidate,dense_polynomial_picard,False,candidate_construction_excluding_classified_polynomial_work,0.011286519933491945,1,1.324175475165248,nested_function_timer
brusselator,optimized,104,103,9,other,interval_arithmetic,False,other_including_unclassified_python,0.0015496010892093182,69,1.324175475165248,nested_function_timer
brusselator,optimized,104,103,9,other,polynomial_component,True,polynomial_multiply_truncate_range,6.233109161257744e-05,6,1.324175475165248,nested_function_timer
brusselator,optimized,104,103,9,other,interval_arithmetic,True,polynomial_multiply_truncate_range,0.003307928331196308,54,1.324175475165248,nested_function_timer
brusselator,optimized,104,103,9,other,polynomial_mul_trunc,True,polynomial_multiply_truncate_range,0.01587514951825142,4,1.324175475165248,nested_function_timer
brusselator,optimized,104,103,9,other,polynomial_range_bound,True,polynomial_multiply_truncate_range,0.009860803373157978,9,1.324175475165248,nested_function_timer
brusselator,optimized,104,103,9,other,polynomial_sub,True,polynomial_multiply_truncate_range,3.315228968858719e-05,3,1.324175475165248,nested_function_timer
brusselator,optimized,104,103,9,other,polynomial_add,True,polynomial_multiply_truncate_range,2.35680490732193e-05,2,1.324175475165248,nested_function_timer
brusselator,optimized,104,103,9,other,polynomial_integrate,True,polynomial_multiply_truncate_range,0.0011846665292978287,1,1.324175475165248,nested_function_timer
brusselator,optimized,104,103,9,initial,polynomial_component,True,polynomial_multiply_truncate_range,8.776038885116577e-05,8,1.324175475165248,nested_function_timer
brusselator,optimized,104,103,9,initial,object_checks_and_small_tensors,False,python_objects_and_small_tensor_checks,0.004651294089853764,152,1.324175475165248,nested_function_timer
brusselator,optimized,104,103,9,initial,interval_arithmetic,True,polynomial_multiply_truncate_range,0.00764440605416894,117,1.324175475165248,nested_function_timer
brusselator,optimized,104,103,9,initial,polynomial_mul_trunc,True,polynomial_multiply_truncate_range,0.03470122301951051,8,1.324175475165248,nested_function_timer
brusselator,optimized,104,103,9,initial,polynomial_range_bound,True,polynomial_multiply_truncate_range,0.02032143948599696,17,1.324175475165248,nested_function_timer
brusselator,optimized,104,103,9,initial,interval_arithmetic,False,initial_remainder_excluding_classified_polynomial_work,0.002994308713823557,109,1.324175475165248,nested_function_timer
brusselator,optimized,104,103,9,initial,polynomial_apply_cutoff,True,polynomial_multiply_truncate_range,0.005996150895953178,5,1.324175475165248,nested_function_timer
brusselator,optimized,104,103,9,initial,polynomial_sub,True,polynomial_multiply_truncate_range,6.497558206319809e-05,5,1.324175475165248,nested_function_timer
brusselator,optimized,104,103,9,initial,polynomial_add,True,polynomial_multiply_truncate_range,3.626057878136635e-05,3,1.324175475165248,nested_function_timer
brusselator,optimized,104,103,9,initial,polynomial_integrate,True,polynomial_multiply_truncate_range,0.0011905627325177193,1,1.324175475165248,nested_function_timer
brusselator,optimized,104,103,9,initial,image,False,initial_remainder_excluding_classified_polynomial_work,0.004105021245777607,1,1.324175475165248,nested_function_timer
brusselator,optimized,104,103,9,replay,object_checks_and_small_tensors,False,python_objects_and_small_tensor_checks,0.039235811214894056,1278,1.324175475165248,nested_function_timer
brusselator,optimized,104,103,9,replay,object_checks_and_small_tensors,True,refinement_fixed_preparation,9.953416883945465e-05,4,1.324175475165248,nested_function_timer
brusselator,optimized,104,103,9,replay,prepare_snapshot,True,refinement_fixed_preparation,0.0020365379750728607,1,1.324175475165248,nested_function_timer
brusselator,optimized,104,103,9,replay,binding_checks,False,refinement_dynamic_and_dispatch,0.00012344401329755783,9,1.324175475165248,nested_function_timer
brusselator,optimized,104,103,9,replay,polynomial_component,True,refinement_fixed_preparation,2.5059562176465988e-05,2,1.324175475165248,nested_function_timer
brusselator,optimized,104,103,9,replay,cache_dispatch,False,refinement_dynamic_and_dispatch,0.0030674664303660393,387,1.324175475165248,nested_function_timer
brusselator,optimized,104,103,9,replay,interval_arithmetic,True,refinement_fixed_preparation,0.004704914055764675,72,1.324175475165248,nested_function_timer
brusselator,optimized,104,103,9,replay,polynomial_mul_trunc,True,refinement_fixed_preparation,0.024161995854228735,6,1.324175475165248,nested_function_timer
brusselator,optimized,104,103,9,replay,polynomial_range_bound,True,refinement_fixed_preparation,0.007968466263264418,7,1.324175475165248,nested_function_timer
brusselator,optimized,104,103,9,replay,interval_arithmetic,False,refinement_dynamic_and_dispatch,0.026679397094994783,981,1.324175475165248,nested_function_timer
brusselator,optimized,104,103,9,replay,polynomial_apply_cutoff,True,refinement_fixed_preparation,0.004613074474036694,4,1.324175475165248,nested_function_timer
brusselator,optimized,104,103,9,replay,polynomial_sub,True,refinement_fixed_preparation,6.283167749643326e-05,5,1.324175475165248,nested_function_timer
brusselator,optimized,104,103,9,replay,polynomial_add,True,refinement_fixed_preparation,3.6213546991348267e-05,3,1.324175475165248,nested_function_timer
brusselator,optimized,104,103,9,replay,prepare_graph,False,refinement_dynamic_and_dispatch,0.0032413052394986153,2,1.324175475165248,nested_function_timer
brusselator,optimized,104,103,9,replay,polynomial_integrate,True,refinement_fixed_preparation,0.0012504416517913342,1,1.324175475165248,nested_function_timer
brusselator,optimized,104,103,9,replay,seal_storage,True,refinement_fixed_preparation,0.0002095079980790615,1,1.324175475165248,nested_function_timer
brusselator,optimized,104,103,9,replay,image,False,refinement_dynamic_and_dispatch,0.024805353488773108,9,1.324175475165248,nested_function_timer
brusselator,optimized,104,103,9,replay,_post_accept_refine_raw_remainder,False,refinement_dynamic_and_dispatch,0.0022913566790521145,1,1.324175475165248,nested_function_timer
brusselator,optimized,104,103,9,boundary,endpoint_correction,False,boundary_and_endpoint_correction,0.01678038900718093,3,1.324175475165248,nested_function_timer
brusselator,optimized,104,103,9,boundary,boundary,False,boundary_and_endpoint_correction,0.8104804470203817,1,1.324175475165248,nested_function_timer
brusselator,optimized,104,103,9,other,unattributed,False,other_including_unclassified_python,0.024881808552891016,0,1.324175475165248,nested_function_timer
brusselator,optimized,105,104,9,other,object_checks_and_small_tensors,False,python_objects_and_small_tensor_checks,0.002761438488960266,107,1.322370972018689,nested_function_timer
brusselator,optimized,105,104,9,candidate,object_checks_and_small_tensors,False,python_objects_and_small_tensor_checks,0.010330509394407272,458,1.322370972018689,nested_function_timer
brusselator,optimized,105,104,9,candidate,polynomial_component,True,polynomial_multiply_truncate_range,0.00036228960379958153,36,1.322370972018689,nested_function_timer
brusselator,optimized,105,104,9,candidate,interval_arithmetic,True,polynomial_multiply_truncate_range,0.019920594058930874,324,1.322370972018689,nested_function_timer
brusselator,optimized,105,104,9,candidate,polynomial_mul_trunc,True,polynomial_multiply_truncate_range,0.0955746783874929,24,1.322370972018689,nested_function_timer
brusselator,optimized,105,104,9,candidate,polynomial_range_bound,True,polynomial_multiply_truncate_range,0.05407313583418727,48,1.322370972018689,nested_function_timer
brusselator,optimized,105,104,9,candidate,interval_arithmetic,False,candidate_construction_excluding_classified_polynomial_work,0.006989387795329094,234,1.322370972018689,nested_function_timer
brusselator,optimized,105,104,9,candidate,polynomial_sub,True,polynomial_multiply_truncate_range,0.00013957079499959946,12,1.322370972018689,nested_function_timer
brusselator,optimized,105,104,9,candidate,polynomial_add,True,polynomial_multiply_truncate_range,0.00014382554218173027,12,1.322370972018689,nested_function_timer
brusselator,optimized,105,104,9,candidate,polynomial_integrate,True,polynomial_multiply_truncate_range,0.007262143772095442,6,1.322370972018689,nested_function_timer
brusselator,optimized,105,104,9,candidate,polynomial_apply_cutoff,True,polynomial_multiply_truncate_range,0.006945826578885317,6,1.322370972018689,nested_function_timer
brusselator,optimized,105,104,9,candidate,dense_polynomial_picard,False,candidate_construction_excluding_classified_polynomial_work,0.011262424290180206,1,1.322370972018689,nested_function_timer
brusselator,optimized,105,104,9,other,interval_arithmetic,False,other_including_unclassified_python,0.0016232808120548725,69,1.322370972018689,nested_function_timer
brusselator,optimized,105,104,9,other,polynomial_component,True,polynomial_multiply_truncate_range,6.172759458422661e-05,6,1.322370972018689,nested_function_timer
brusselator,optimized,105,104,9,other,interval_arithmetic,True,polynomial_multiply_truncate_range,0.003337416797876358,54,1.322370972018689,nested_function_timer
brusselator,optimized,105,104,9,other,polynomial_mul_trunc,True,polynomial_multiply_truncate_range,0.015652514528483152,4,1.322370972018689,nested_function_timer
brusselator,optimized,105,104,9,other,polynomial_range_bound,True,polynomial_multiply_truncate_range,0.010116003919392824,9,1.322370972018689,nested_function_timer
brusselator,optimized,105,104,9,other,polynomial_sub,True,polynomial_multiply_truncate_range,3.2281968742609024e-05,3,1.322370972018689,nested_function_timer
brusselator,optimized,105,104,9,other,polynomial_add,True,polynomial_multiply_truncate_range,2.5469809770584106e-05,2,1.322370972018689,nested_function_timer
brusselator,optimized,105,104,9,other,polynomial_integrate,True,polynomial_multiply_truncate_range,0.0011930381879210472,1,1.322370972018689,nested_function_timer
brusselator,optimized,105,104,9,initial,polynomial_component,True,polynomial_multiply_truncate_range,8.188607171177864e-05,8,1.322370972018689,nested_function_timer
brusselator,optimized,105,104,9,initial,object_checks_and_small_tensors,False,python_objects_and_small_tensor_checks,0.00448474008589983,152,1.322370972018689,nested_function_timer
brusselator,optimized,105,104,9,initial,interval_arithmetic,True,polynomial_multiply_truncate_range,0.007289823144674301,117,1.322370972018689,nested_function_timer
brusselator,optimized,105,104,9,initial,polynomial_mul_trunc,True,polynomial_multiply_truncate_range,0.03198645915836096,8,1.322370972018689,nested_function_timer
brusselator,optimized,105,104,9,initial,polynomial_range_bound,True,polynomial_multiply_truncate_range,0.01921885460615158,17,1.322370972018689,nested_function_timer
brusselator,optimized,105,104,9,initial,interval_arithmetic,False,initial_remainder_excluding_classified_polynomial_work,0.002872961573302746,109,1.322370972018689,nested_function_timer
brusselator,optimized,105,104,9,initial,polynomial_apply_cutoff,True,polynomial_multiply_truncate_range,0.00577329657971859,5,1.322370972018689,nested_function_timer
brusselator,optimized,105,104,9,initial,polynomial_sub,True,polynomial_multiply_truncate_range,5.885586142539978e-05,5,1.322370972018689,nested_function_timer
brusselator,optimized,105,104,9,initial,polynomial_add,True,polynomial_multiply_truncate_range,3.408361226320267e-05,3,1.322370972018689,nested_function_timer
brusselator,optimized,105,104,9,initial,polynomial_integrate,True,polynomial_multiply_truncate_range,0.00118231400847435,1,1.322370972018689,nested_function_timer
brusselator,optimized,105,104,9,initial,image,False,initial_remainder_excluding_classified_polynomial_work,0.003956039436161518,1,1.322370972018689,nested_function_timer
brusselator,optimized,105,104,9,replay,object_checks_and_small_tensors,False,python_objects_and_small_tensor_checks,0.03725751442834735,1278,1.322370972018689,nested_function_timer
brusselator,optimized,105,104,9,replay,object_checks_and_small_tensors,True,refinement_fixed_preparation,9.81409102678299e-05,4,1.322370972018689,nested_function_timer
brusselator,optimized,105,104,9,replay,prepare_snapshot,True,refinement_fixed_preparation,0.002101224847137928,1,1.322370972018689,nested_function_timer
brusselator,optimized,105,104,9,replay,binding_checks,False,refinement_dynamic_and_dispatch,0.00011384300887584686,9,1.322370972018689,nested_function_timer
brusselator,optimized,105,104,9,replay,polynomial_component,True,refinement_fixed_preparation,2.5079119950532913e-05,2,1.322370972018689,nested_function_timer
brusselator,optimized,105,104,9,replay,cache_dispatch,False,refinement_dynamic_and_dispatch,0.00282946415245533,387,1.322370972018689,nested_function_timer
brusselator,optimized,105,104,9,replay,interval_arithmetic,True,refinement_fixed_preparation,0.004655999597162008,72,1.322370972018689,nested_function_timer
brusselator,optimized,105,104,9,replay,polynomial_mul_trunc,True,refinement_fixed_preparation,0.023999146185815334,6,1.322370972018689,nested_function_timer
brusselator,optimized,105,104,9,replay,polynomial_range_bound,True,refinement_fixed_preparation,0.007794151082634926,7,1.322370972018689,nested_function_timer
brusselator,optimized,105,104,9,replay,interval_arithmetic,False,refinement_dynamic_and_dispatch,0.025041598826646805,981,1.322370972018689,nested_function_timer
brusselator,optimized,105,104,9,replay,polynomial_apply_cutoff,True,refinement_fixed_preparation,0.004544231574982405,4,1.322370972018689,nested_function_timer
brusselator,optimized,105,104,9,replay,polynomial_sub,True,refinement_fixed_preparation,6.139883771538734e-05,5,1.322370972018689,nested_function_timer
brusselator,optimized,105,104,9,replay,polynomial_add,True,refinement_fixed_preparation,3.4646596759557724e-05,3,1.322370972018689,nested_function_timer
brusselator,optimized,105,104,9,replay,prepare_graph,False,refinement_dynamic_and_dispatch,0.003348391968756914,2,1.322370972018689,nested_function_timer
brusselator,optimized,105,104,9,replay,polynomial_integrate,True,refinement_fixed_preparation,0.0014903545379638672,1,1.322370972018689,nested_function_timer
brusselator,optimized,105,104,9,replay,seal_storage,True,refinement_fixed_preparation,0.00019821804016828537,1,1.322370972018689,nested_function_timer
brusselator,optimized,105,104,9,replay,image,False,refinement_dynamic_and_dispatch,0.02283843234181404,9,1.322370972018689,nested_function_timer
brusselator,optimized,105,104,9,replay,_post_accept_refine_raw_remainder,False,refinement_dynamic_and_dispatch,0.0021338281221687794,1,1.322370972018689,nested_function_timer
brusselator,optimized,105,104,9,boundary,endpoint_correction,False,boundary_and_endpoint_correction,0.015495541039854288,3,1.322370972018689,nested_function_timer
brusselator,optimized,105,104,9,boundary,boundary,False,boundary_and_endpoint_correction,0.8197376942262053,1,1.322370972018689,nested_function_timer
brusselator,optimized,105,104,9,other,unattributed,False,other_including_unclassified_python,0.023825200274586678,0,1.322370972018689,nested_function_timer
brusselator,optimized,106,105,9,other,object_checks_and_small_tensors,False,python_objects_and_small_tensor_checks,0.002761996351182461,107,1.3211780679412186,nested_function_timer
brusselator,optimized,106,105,9,candidate,object_checks_and_small_tensors,False,python_objects_and_small_tensor_checks,0.01047670328989625,458,1.3211780679412186,nested_function_timer
brusselator,optimized,106,105,9,candidate,polynomial_component,True,polynomial_multiply_truncate_range,0.00037828320637345314,36,1.3211780679412186,nested_function_timer
brusselator,optimized,106,105,9,candidate,interval_arithmetic,True,polynomial_multiply_truncate_range,0.02011786913499236,324,1.3211780679412186,nested_function_timer
brusselator,optimized,106,105,9,candidate,polynomial_mul_trunc,True,polynomial_multiply_truncate_range,0.09583258582279086,24,1.3211780679412186,nested_function_timer
brusselator,optimized,106,105,9,candidate,polynomial_range_bound,True,polynomial_multiply_truncate_range,0.054031369276344776,48,1.3211780679412186,nested_function_timer
brusselator,optimized,106,105,9,candidate,interval_arithmetic,False,candidate_construction_excluding_classified_polynomial_work,0.006991995498538017,234,1.3211780679412186,nested_function_timer
brusselator,optimized,106,105,9,candidate,polynomial_sub,True,polynomial_multiply_truncate_range,0.00014602206647396088,12,1.3211780679412186,nested_function_timer
brusselator,optimized,106,105,9,candidate,polynomial_add,True,polynomial_multiply_truncate_range,0.0001460779458284378,12,1.3211780679412186,nested_function_timer
brusselator,optimized,106,105,9,candidate,polynomial_integrate,True,polynomial_multiply_truncate_range,0.00723909679800272,6,1.3211780679412186,nested_function_timer
brusselator,optimized,106,105,9,candidate,polynomial_apply_cutoff,True,polynomial_multiply_truncate_range,0.006950993090867996,6,1.3211780679412186,nested_function_timer
brusselator,optimized,106,105,9,candidate,dense_polynomial_picard,False,candidate_construction_excluding_classified_polynomial_work,0.011354999616742134,1,1.3211780679412186,nested_function_timer
brusselator,optimized,106,105,9,other,interval_arithmetic,False,other_including_unclassified_python,0.0015598251484334469,69,1.3211780679412186,nested_function_timer
brusselator,optimized,106,105,9,other,polynomial_component,True,polynomial_multiply_truncate_range,6.216578185558319e-05,6,1.3211780679412186,nested_function_timer
brusselator,optimized,106,105,9,other,interval_arithmetic,True,polynomial_multiply_truncate_range,0.003311621490865946,54,1.3211780679412186,nested_function_timer
brusselator,optimized,106,105,9,other,polynomial_mul_trunc,True,polynomial_multiply_truncate_range,0.015702574979513884,4,1.3211780679412186,nested_function_timer
brusselator,optimized,106,105,9,other,polynomial_range_bound,True,polynomial_multiply_truncate_range,0.009871077723801136,9,1.3211780679412186,nested_function_timer
brusselator,optimized,106,105,9,other,polynomial_sub,True,polynomial_multiply_truncate_range,3.226008266210556e-05,3,1.3211780679412186,nested_function_timer
brusselator,optimized,106,105,9,other,polynomial_add,True,polynomial_multiply_truncate_range,2.282625064253807e-05,2,1.3211780679412186,nested_function_timer
brusselator,optimized,106,105,9,other,polynomial_integrate,True,polynomial_multiply_truncate_range,0.0011723185889422894,1,1.3211780679412186,nested_function_timer
brusselator,optimized,106,105,9,initial,polynomial_component,True,polynomial_multiply_truncate_range,8.13724473118782e-05,8,1.3211780679412186,nested_function_timer
brusselator,optimized,106,105,9,initial,object_checks_and_small_tensors,False,python_objects_and_small_tensor_checks,0.004344293847680092,152,1.3211780679412186,nested_function_timer
brusselator,optimized,106,105,9,initial,interval_arithmetic,True,polynomial_multiply_truncate_range,0.007159622386097908,117,1.3211780679412186,nested_function_timer
brusselator,optimized,106,105,9,initial,polynomial_mul_trunc,True,polynomial_multiply_truncate_range,0.03149430546909571,8,1.3211780679412186,nested_function_timer
brusselator,optimized,106,105,9,initial,polynomial_range_bound,True,polynomial_multiply_truncate_range,0.018923227675259113,17,1.3211780679412186,nested_function_timer
brusselator,optimized,106,105,9,initial,interval_arithmetic,False,initial_remainder_excluding_classified_polynomial_work,0.002793547697365284,109,1.3211780679412186,nested_function_timer
brusselator,optimized,106,105,9,initial,polynomial_apply_cutoff,True,polynomial_multiply_truncate_range,0.005617497488856316,5,1.3211780679412186,nested_function_timer
brusselator,optimized,106,105,9,initial,polynomial_sub,True,polynomial_multiply_truncate_range,5.8331992477178574e-05,5,1.3211780679412186,nested_function_timer
brusselator,optimized,106,105,9,initial,polynomial_add,True,polynomial_multiply_truncate_range,3.401469439268112e-05,3,1.3211780679412186,nested_function_timer
brusselator,optimized,106,105,9,initial,polynomial_integrate,True,polynomial_multiply_truncate_range,0.0011921166442334652,1,1.3211780679412186,nested_function_timer
brusselator,optimized,106,105,9,initial,image,False,initial_remainder_excluding_classified_polynomial_work,0.003802491817623377,1,1.3211780679412186,nested_function_timer
brusselator,optimized,106,105,9,replay,object_checks_and_small_tensors,False,python_objects_and_small_tensor_checks,0.036688098218292,1278,1.3211780679412186,nested_function_timer
brusselator,optimized,106,105,9,replay,object_checks_and_small_tensors,True,refinement_fixed_preparation,0.00010063545778393745,4,1.3211780679412186,nested_function_timer
brusselator,optimized,106,105,9,replay,prepare_snapshot,True,refinement_fixed_preparation,0.0021312166936695576,1,1.3211780679412186,nested_function_timer
brusselator,optimized,106,105,9,replay,binding_checks,False,refinement_dynamic_and_dispatch,0.00011433754116296768,9,1.3211780679412186,nested_function_timer
brusselator,optimized,106,105,9,replay,polynomial_component,True,refinement_fixed_preparation,2.509821206331253e-05,2,1.3211780679412186,nested_function_timer
brusselator,optimized,106,105,9,replay,cache_dispatch,False,refinement_dynamic_and_dispatch,0.0028700209222733974,387,1.3211780679412186,nested_function_timer
brusselator,optimized,106,105,9,replay,interval_arithmetic,True,refinement_fixed_preparation,0.004671923816204071,72,1.3211780679412186,nested_function_timer
brusselator,optimized,106,105,9,replay,polynomial_mul_trunc,True,refinement_fixed_preparation,0.024049430154263973,6,1.3211780679412186,nested_function_timer
brusselator,optimized,106,105,9,replay,polynomial_range_bound,True,refinement_fixed_preparation,0.007783661130815744,7,1.3211780679412186,nested_function_timer
brusselator,optimized,106,105,9,replay,interval_arithmetic,False,refinement_dynamic_and_dispatch,0.02478554891422391,981,1.3211780679412186,nested_function_timer
brusselator,optimized,106,105,9,replay,polynomial_apply_cutoff,True,refinement_fixed_preparation,0.004517587833106518,4,1.3211780679412186,nested_function_timer
brusselator,optimized,106,105,9,replay,polynomial_sub,True,refinement_fixed_preparation,6.193388253450394e-05,5,1.3211780679412186,nested_function_timer
brusselator,optimized,106,105,9,replay,polynomial_add,True,refinement_fixed_preparation,3.5332050174474716e-05,3,1.3211780679412186,nested_function_timer
brusselator,optimized,106,105,9,replay,prepare_graph,False,refinement_dynamic_and_dispatch,0.0031206076964735985,2,1.3211780679412186,nested_function_timer
brusselator,optimized,106,105,9,replay,polynomial_integrate,True,refinement_fixed_preparation,0.0011882800608873367,1,1.3211780679412186,nested_function_timer
brusselator,optimized,106,105,9,replay,seal_storage,True,refinement_fixed_preparation,0.000203064177185297,1,1.3211780679412186,nested_function_timer
brusselator,optimized,106,105,9,replay,image,False,refinement_dynamic_and_dispatch,0.022498081903904676,9,1.3211780679412186,nested_function_timer
brusselator,optimized,106,105,9,replay,_post_accept_refine_raw_remainder,False,refinement_dynamic_and_dispatch,0.00213948218151927,1,1.3211780679412186,nested_function_timer
brusselator,optimized,106,105,9,boundary,endpoint_correction,False,boundary_and_endpoint_correction,0.015634159091860056,3,1.3211780679412186,nested_function_timer
brusselator,optimized,106,105,9,boundary,boundary,False,boundary_and_endpoint_correction,0.8214057399891317,1,1.3211780679412186,nested_function_timer
brusselator,optimized,106,105,9,other,unattributed,False,other_including_unclassified_python,0.02349034370854497,0,1.3211780679412186,nested_function_timer
brusselator,optimized,107,106,9,other,object_checks_and_small_tensors,False,python_objects_and_small_tensor_checks,0.002811519429087639,107,1.3426517178304493,nested_function_timer
brusselator,optimized,107,106,9,candidate,object_checks_and_small_tensors,False,python_objects_and_small_tensor_checks,0.010366365779191256,458,1.3426517178304493,nested_function_timer
brusselator,optimized,107,106,9,candidate,polynomial_component,True,polynomial_multiply_truncate_range,0.000367503147572279,36,1.3426517178304493,nested_function_timer
brusselator,optimized,107,106,9,candidate,interval_arithmetic,True,polynomial_multiply_truncate_range,0.019689211156219244,324,1.3426517178304493,nested_function_timer
brusselator,optimized,107,106,9,candidate,polynomial_mul_trunc,True,polynomial_multiply_truncate_range,0.09437873214483261,24,1.3426517178304493,nested_function_timer
brusselator,optimized,107,106,9,candidate,polynomial_range_bound,True,polynomial_multiply_truncate_range,0.05354290548712015,48,1.3426517178304493,nested_function_timer
brusselator,optimized,107,106,9,candidate,interval_arithmetic,False,candidate_construction_excluding_classified_polynomial_work,0.006870047654956579,234,1.3426517178304493,nested_function_timer
brusselator,optimized,107,106,9,candidate,polynomial_sub,True,polynomial_multiply_truncate_range,0.00013884203508496284,12,1.3426517178304493,nested_function_timer
brusselator,optimized,107,106,9,candidate,polynomial_add,True,polynomial_multiply_truncate_range,0.00014222227036952972,12,1.3426517178304493,nested_function_timer
brusselator,optimized,107,106,9,candidate,polynomial_integrate,True,polynomial_multiply_truncate_range,0.007209822069853544,6,1.3426517178304493,nested_function_timer
brusselator,optimized,107,106,9,candidate,polynomial_apply_cutoff,True,polynomial_multiply_truncate_range,0.006861316971480846,6,1.3426517178304493,nested_function_timer
brusselator,optimized,107,106,9,candidate,dense_polynomial_picard,False,candidate_construction_excluding_classified_polynomial_work,0.011216222308576107,1,1.3426517178304493,nested_function_timer
brusselator,optimized,107,106,9,other,interval_arithmetic,False,other_including_unclassified_python,0.0015974217094480991,69,1.3426517178304493,nested_function_timer
brusselator,optimized,107,106,9,other,polynomial_component,True,polynomial_multiply_truncate_range,6.257789209485054e-05,6,1.3426517178304493,nested_function_timer
brusselator,optimized,107,106,9,other,interval_arithmetic,True,polynomial_multiply_truncate_range,0.0033087488263845444,54,1.3426517178304493,nested_function_timer
brusselator,optimized,107,106,9,other,polynomial_mul_trunc,True,polynomial_multiply_truncate_range,0.015485399402678013,4,1.3426517178304493,nested_function_timer
brusselator,optimized,107,106,9,other,polynomial_range_bound,True,polynomial_multiply_truncate_range,0.01011567423120141,9,1.3426517178304493,nested_function_timer
brusselator,optimized,107,106,9,other,polynomial_sub,True,polynomial_multiply_truncate_range,3.314949572086334e-05,3,1.3426517178304493,nested_function_timer
brusselator,optimized,107,106,9,other,polynomial_add,True,polynomial_multiply_truncate_range,2.340134233236313e-05,2,1.3426517178304493,nested_function_timer
brusselator,optimized,107,106,9,other,polynomial_integrate,True,polynomial_multiply_truncate_range,0.0011911499314010143,1,1.3426517178304493,nested_function_timer
brusselator,optimized,107,106,9,initial,polynomial_component,True,polynomial_multiply_truncate_range,9.009381756186485e-05,8,1.3426517178304493,nested_function_timer
brusselator,optimized,107,106,9,initial,object_checks_and_small_tensors,False,python_objects_and_small_tensor_checks,0.004754138179123402,152,1.3426517178304493,nested_function_timer
brusselator,optimized,107,106,9,initial,interval_arithmetic,True,polynomial_multiply_truncate_range,0.007801531348377466,117,1.3426517178304493,nested_function_timer
brusselator,optimized,107,106,9,initial,polynomial_mul_trunc,True,polynomial_multiply_truncate_range,0.034693753346800804,8,1.3426517178304493,nested_function_timer
brusselator,optimized,107,106,9,initial,polynomial_range_bound,True,polynomial_multiply_truncate_range,0.020446347538381815,17,1.3426517178304493,nested_function_timer
brusselator,optimized,107,106,9,initial,interval_arithmetic,False,initial_remainder_excluding_classified_polynomial_work,0.003058787900954485,109,1.3426517178304493,nested_function_timer
brusselator,optimized,107,106,9,initial,polynomial_apply_cutoff,True,polynomial_multiply_truncate_range,0.006223445758223534,5,1.3426517178304493,nested_function_timer
brusselator,optimized,107,106,9,initial,polynomial_sub,True,polynomial_multiply_truncate_range,6.406428292393684e-05,5,1.3426517178304493,nested_function_timer
brusselator,optimized,107,106,9,initial,polynomial_add,True,polynomial_multiply_truncate_range,3.704521805047989e-05,3,1.3426517178304493,nested_function_timer
brusselator,optimized,107,106,9,initial,polynomial_integrate,True,polynomial_multiply_truncate_range,0.0013252324424684048,1,1.3426517178304493,nested_function_timer
brusselator,optimized,107,106,9,initial,image,False,initial_remainder_excluding_classified_polynomial_work,0.004195745103061199,1,1.3426517178304493,nested_function_timer
brusselator,optimized,107,106,9,replay,object_checks_and_small_tensors,False,python_objects_and_small_tensor_checks,0.036709556356072426,1278,1.3426517178304493,nested_function_timer
brusselator,optimized,107,106,9,replay,object_checks_and_small_tensors,True,refinement_fixed_preparation,0.00010562967509031296,4,1.3426517178304493,nested_function_timer
brusselator,optimized,107,106,9,replay,prepare_snapshot,True,refinement_fixed_preparation,0.0022244066931307316,1,1.3426517178304493,nested_function_timer
brusselator,optimized,107,106,9,replay,binding_checks,False,refinement_dynamic_and_dispatch,0.0001173289492726326,9,1.3426517178304493,nested_function_timer
brusselator,optimized,107,106,9,replay,polynomial_component,True,refinement_fixed_preparation,2.6246532797813416e-05,2,1.3426517178304493,nested_function_timer
brusselator,optimized,107,106,9,replay,cache_dispatch,False,refinement_dynamic_and_dispatch,0.0029111290350556374,387,1.3426517178304493,nested_function_timer
brusselator,optimized,107,106,9,replay,interval_arithmetic,True,refinement_fixed_preparation,0.004712594207376242,72,1.3426517178304493,nested_function_timer
brusselator,optimized,107,106,9,replay,polynomial_mul_trunc,True,refinement_fixed_preparation,0.02428367268294096,6,1.3426517178304493,nested_function_timer
brusselator,optimized,107,106,9,replay,polynomial_range_bound,True,refinement_fixed_preparation,0.007898391224443913,7,1.3426517178304493,nested_function_timer
brusselator,optimized,107,106,9,replay,interval_arithmetic,False,refinement_dynamic_and_dispatch,0.02496153861284256,981,1.3426517178304493,nested_function_timer
brusselator,optimized,107,106,9,replay,polynomial_apply_cutoff,True,refinement_fixed_preparation,0.004580353386700153,4,1.3426517178304493,nested_function_timer
brusselator,optimized,107,106,9,replay,polynomial_sub,True,refinement_fixed_preparation,6.129033863544464e-05,5,1.3426517178304493,nested_function_timer
brusselator,optimized,107,106,9,replay,polynomial_add,True,refinement_fixed_preparation,3.549596294760704e-05,3,1.3426517178304493,nested_function_timer
brusselator,optimized,107,106,9,replay,prepare_graph,False,refinement_dynamic_and_dispatch,0.003169408068060875,2,1.3426517178304493,nested_function_timer
brusselator,optimized,107,106,9,replay,polynomial_integrate,True,refinement_fixed_preparation,0.0011961143463850021,1,1.3426517178304493,nested_function_timer
brusselator,optimized,107,106,9,replay,seal_storage,True,refinement_fixed_preparation,0.00020407699048519135,1,1.3426517178304493,nested_function_timer
brusselator,optimized,107,106,9,replay,image,False,refinement_dynamic_and_dispatch,0.022819182835519314,9,1.3426517178304493,nested_function_timer
brusselator,optimized,107,106,9,replay,_post_accept_refine_raw_remainder,False,refinement_dynamic_and_dispatch,0.002168837934732437,1,1.3426517178304493,nested_function_timer
brusselator,optimized,107,106,9,boundary,endpoint_correction,False,boundary_and_endpoint_correction,0.01568987127393484,3,1.3426517178304493,nested_function_timer
brusselator,optimized,107,106,9,boundary,boundary,False,boundary_and_endpoint_correction,0.8372711278498173,1,1.3426517178304493,nested_function_timer
brusselator,optimized,107,106,9,other,unattributed,False,other_including_unclassified_python,0.023403046652674675,0,1.3426517178304493,nested_function_timer
brusselator,optimized,108,107,9,other,object_checks_and_small_tensors,False,python_objects_and_small_tensor_checks,0.0027493159286677837,107,1.3028487549163401,nested_function_timer
brusselator,optimized,108,107,9,candidate,object_checks_and_small_tensors,False,python_objects_and_small_tensor_checks,0.010341834742575884,458,1.3028487549163401,nested_function_timer
brusselator,optimized,108,107,9,candidate,polynomial_component,True,polynomial_multiply_truncate_range,0.00037947483360767365,36,1.3028487549163401,nested_function_timer
brusselator,optimized,108,107,9,candidate,interval_arithmetic,True,polynomial_multiply_truncate_range,0.020030325278639793,324,1.3028487549163401,nested_function_timer
brusselator,optimized,108,107,9,candidate,polynomial_mul_trunc,True,polynomial_multiply_truncate_range,0.09543200302869081,24,1.3028487549163401,nested_function_timer
brusselator,optimized,108,107,9,candidate,polynomial_range_bound,True,polynomial_multiply_truncate_range,0.05333002842962742,48,1.3028487549163401,nested_function_timer
brusselator,optimized,108,107,9,candidate,interval_arithmetic,False,candidate_construction_excluding_classified_polynomial_work,0.006957211531698704,234,1.3028487549163401,nested_function_timer
brusselator,optimized,108,107,9,candidate,polynomial_sub,True,polynomial_multiply_truncate_range,0.0001391167752444744,12,1.3028487549163401,nested_function_timer
brusselator,optimized,108,107,9,candidate,polynomial_add,True,polynomial_multiply_truncate_range,0.00013799360021948814,12,1.3028487549163401,nested_function_timer
brusselator,optimized,108,107,9,candidate,polynomial_integrate,True,polynomial_multiply_truncate_range,0.007092204876244068,6,1.3028487549163401,nested_function_timer
brusselator,optimized,108,107,9,candidate,polynomial_apply_cutoff,True,polynomial_multiply_truncate_range,0.006955365650355816,6,1.3028487549163401,nested_function_timer
brusselator,optimized,108,107,9,candidate,dense_polynomial_picard,False,candidate_construction_excluding_classified_polynomial_work,0.011461185291409492,1,1.3028487549163401,nested_function_timer
brusselator,optimized,108,107,9,other,interval_arithmetic,False,other_including_unclassified_python,0.001566039863973856,69,1.3028487549163401,nested_function_timer
brusselator,optimized,108,107,9,other,polynomial_component,True,polynomial_multiply_truncate_range,6.0970429331064224e-05,6,1.3028487549163401,nested_function_timer
brusselator,optimized,108,107,9,other,interval_arithmetic,True,polynomial_multiply_truncate_range,0.0033633378334343433,54,1.3028487549163401,nested_function_timer
brusselator,optimized,108,107,9,other,polynomial_mul_trunc,True,polynomial_multiply_truncate_range,0.01573592284694314,4,1.3028487549163401,nested_function_timer
brusselator,optimized,108,107,9,other,polynomial_range_bound,True,polynomial_multiply_truncate_range,0.01023543905466795,9,1.3028487549163401,nested_function_timer
brusselator,optimized,108,107,9,other,polynomial_sub,True,polynomial_multiply_truncate_range,3.129802644252777e-05,3,1.3028487549163401,nested_function_timer
brusselator,optimized,108,107,9,other,polynomial_add,True,polynomial_multiply_truncate_range,2.2644642740488052e-05,2,1.3028487549163401,nested_function_timer
brusselator,optimized,108,107,9,other,polynomial_integrate,True,polynomial_multiply_truncate_range,0.0011768057011067867,1,1.3028487549163401,nested_function_timer
brusselator,optimized,108,107,9,initial,polynomial_component,True,polynomial_multiply_truncate_range,8.255522698163986e-05,8,1.3028487549163401,nested_function_timer
brusselator,optimized,108,107,9,initial,object_checks_and_small_tensors,False,python_objects_and_small_tensor_checks,0.004385726060718298,152,1.3028487549163401,nested_function_timer
brusselator,optimized,108,107,9,initial,interval_arithmetic,True,polynomial_multiply_truncate_range,0.007069482933729887,117,1.3028487549163401,nested_function_timer
brusselator,optimized,108,107,9,initial,polynomial_mul_trunc,True,polynomial_multiply_truncate_range,0.03154124366119504,8,1.3028487549163401,nested_function_timer
brusselator,optimized,108,107,9,initial,polynomial_range_bound,True,polynomial_multiply_truncate_range,0.018799036741256714,17,1.3028487549163401,nested_function_timer
brusselator,optimized,108,107,9,initial,interval_arithmetic,False,initial_remainder_excluding_classified_polynomial_work,0.0027970508672297,109,1.3028487549163401,nested_function_timer
brusselator,optimized,108,107,9,initial,polynomial_apply_cutoff,True,polynomial_multiply_truncate_range,0.0055742450058460236,5,1.3028487549163401,nested_function_timer
brusselator,optimized,108,107,9,initial,polynomial_sub,True,polynomial_multiply_truncate_range,5.833711475133896e-05,5,1.3028487549163401,nested_function_timer
brusselator,optimized,108,107,9,initial,polynomial_add,True,polynomial_multiply_truncate_range,4.6082306653261185e-05,3,1.3028487549163401,nested_function_timer
brusselator,optimized,108,107,9,initial,polynomial_integrate,True,polynomial_multiply_truncate_range,0.0011741174384951591,1,1.3028487549163401,nested_function_timer
brusselator,optimized,108,107,9,initial,image,False,initial_remainder_excluding_classified_polynomial_work,0.0038227075710892677,1,1.3028487549163401,nested_function_timer
brusselator,optimized,108,107,9,replay,object_checks_and_small_tensors,False,python_objects_and_small_tensor_checks,0.0366305336356163,1278,1.3028487549163401,nested_function_timer
brusselator,optimized,108,107,9,replay,object_checks_and_small_tensors,True,refinement_fixed_preparation,0.00010130135342478752,4,1.3028487549163401,nested_function_timer
brusselator,optimized,108,107,9,replay,prepare_snapshot,True,refinement_fixed_preparation,0.002106543630361557,1,1.3028487549163401,nested_function_timer
brusselator,optimized,108,107,9,replay,binding_checks,False,refinement_dynamic_and_dispatch,0.00011224672198295593,9,1.3028487549163401,nested_function_timer
brusselator,optimized,108,107,9,replay,polynomial_component,True,refinement_fixed_preparation,2.6299618184566498e-05,2,1.3028487549163401,nested_function_timer
brusselator,optimized,108,107,9,replay,cache_dispatch,False,refinement_dynamic_and_dispatch,0.002846638672053814,387,1.3028487549163401,nested_function_timer
brusselator,optimized,108,107,9,replay,interval_arithmetic,True,refinement_fixed_preparation,0.004636245779693127,72,1.3028487549163401,nested_function_timer
brusselator,optimized,108,107,9,replay,polynomial_mul_trunc,True,refinement_fixed_preparation,0.023723922204226255,6,1.3028487549163401,nested_function_timer
brusselator,optimized,108,107,9,replay,polynomial_range_bound,True,refinement_fixed_preparation,0.007770601660013199,7,1.3028487549163401,nested_function_timer
brusselator,optimized,108,107,9,replay,interval_arithmetic,False,refinement_dynamic_and_dispatch,0.024835795629769564,981,1.3028487549163401,nested_function_timer
brusselator,optimized,108,107,9,replay,polynomial_apply_cutoff,True,refinement_fixed_preparation,0.0045203701592981815,4,1.3028487549163401,nested_function_timer
brusselator,optimized,108,107,9,replay,polynomial_sub,True,refinement_fixed_preparation,6.136065348982811e-05,5,1.3028487549163401,nested_function_timer
brusselator,optimized,108,107,9,replay,polynomial_add,True,refinement_fixed_preparation,3.511691465973854e-05,3,1.3028487549163401,nested_function_timer
brusselator,optimized,108,107,9,replay,prepare_graph,False,refinement_dynamic_and_dispatch,0.0032070879824459553,2,1.3028487549163401,nested_function_timer
brusselator,optimized,108,107,9,replay,polynomial_integrate,True,refinement_fixed_preparation,0.001187572255730629,1,1.3028487549163401,nested_function_timer
brusselator,optimized,108,107,9,replay,seal_storage,True,refinement_fixed_preparation,0.00019966298714280128,1,1.3028487549163401,nested_function_timer
brusselator,optimized,108,107,9,replay,image,False,refinement_dynamic_and_dispatch,0.0226461929269135,9,1.3028487549163401,nested_function_timer
brusselator,optimized,108,107,9,replay,_post_accept_refine_raw_remainder,False,refinement_dynamic_and_dispatch,0.002124084159731865,1,1.3028487549163401,nested_function_timer
brusselator,optimized,108,107,9,boundary,endpoint_correction,False,boundary_and_endpoint_correction,0.015448407735675573,3,1.3028487549163401,nested_function_timer
brusselator,optimized,108,107,9,boundary,boundary,False,boundary_and_endpoint_correction,0.8040559678338468,1,1.3028487549163401,nested_function_timer
brusselator,optimized,108,107,9,other,unattributed,False,other_including_unclassified_python,0.02402369910851121,0,1.3028487549163401,nested_function_timer
brusselator,optimized,109,108,9,other,object_checks_and_small_tensors,False,python_objects_and_small_tensor_checks,0.002927976194769144,107,1.316895383875817,nested_function_timer
brusselator,optimized,109,108,9,candidate,object_checks_and_small_tensors,False,python_objects_and_small_tensor_checks,0.010362132452428341,458,1.316895383875817,nested_function_timer
brusselator,optimized,109,108,9,candidate,polynomial_component,True,polynomial_multiply_truncate_range,0.00036221835762262344,36,1.316895383875817,nested_function_timer
brusselator,optimized,109,108,9,candidate,interval_arithmetic,True,polynomial_multiply_truncate_range,0.02003196207806468,324,1.316895383875817,nested_function_timer
brusselator,optimized,109,108,9,candidate,polynomial_mul_trunc,True,polynomial_multiply_truncate_range,0.09492882573977113,24,1.316895383875817,nested_function_timer
brusselator,optimized,109,108,9,candidate,polynomial_range_bound,True,polynomial_multiply_truncate_range,0.05363253830000758,48,1.316895383875817,nested_function_timer
brusselator,optimized,109,108,9,candidate,interval_arithmetic,False,candidate_construction_excluding_classified_polynomial_work,0.00687445281073451,234,1.316895383875817,nested_function_timer
brusselator,optimized,109,108,9,candidate,polynomial_sub,True,polynomial_multiply_truncate_range,0.0001375218853354454,12,1.316895383875817,nested_function_timer
brusselator,optimized,109,108,9,candidate,polynomial_add,True,polynomial_multiply_truncate_range,0.00014041224494576454,12,1.316895383875817,nested_function_timer
brusselator,optimized,109,108,9,candidate,polynomial_integrate,True,polynomial_multiply_truncate_range,0.007204967550933361,6,1.316895383875817,nested_function_timer
brusselator,optimized,109,108,9,candidate,polynomial_apply_cutoff,True,polynomial_multiply_truncate_range,0.00695467134937644,6,1.316895383875817,nested_function_timer
brusselator,optimized,109,108,9,candidate,dense_polynomial_picard,False,candidate_construction_excluding_classified_polynomial_work,0.011217091232538223,1,1.316895383875817,nested_function_timer
brusselator,optimized,109,108,9,other,interval_arithmetic,False,other_including_unclassified_python,0.0016996595077216625,69,1.316895383875817,nested_function_timer
brusselator,optimized,109,108,9,other,polynomial_component,True,polynomial_multiply_truncate_range,6.589293479919434e-05,6,1.316895383875817,nested_function_timer
brusselator,optimized,109,108,9,other,interval_arithmetic,True,polynomial_multiply_truncate_range,0.0034493347629904747,54,1.316895383875817,nested_function_timer
brusselator,optimized,109,108,9,other,polynomial_mul_trunc,True,polynomial_multiply_truncate_range,0.016638686880469322,4,1.316895383875817,nested_function_timer
brusselator,optimized,109,108,9,other,polynomial_range_bound,True,polynomial_multiply_truncate_range,0.010736820288002491,9,1.316895383875817,nested_function_timer
brusselator,optimized,109,108,9,other,polynomial_sub,True,polynomial_multiply_truncate_range,3.487803041934967e-05,3,1.316895383875817,nested_function_timer
brusselator,optimized,109,108,9,other,polynomial_add,True,polynomial_multiply_truncate_range,2.5418121367692947e-05,2,1.316895383875817,nested_function_timer
brusselator,optimized,109,108,9,other,polynomial_integrate,True,polynomial_multiply_truncate_range,0.001318895723670721,1,1.316895383875817,nested_function_timer
brusselator,optimized,109,108,9,initial,polynomial_component,True,polynomial_multiply_truncate_range,8.908845484256744e-05,8,1.316895383875817,nested_function_timer
brusselator,optimized,109,108,9,initial,object_checks_and_small_tensors,False,python_objects_and_small_tensor_checks,0.004837715998291969,152,1.316895383875817,nested_function_timer
brusselator,optimized,109,108,9,initial,interval_arithmetic,True,polynomial_multiply_truncate_range,0.007959195412695408,117,1.316895383875817,nested_function_timer
brusselator,optimized,109,108,9,initial,polynomial_mul_trunc,True,polynomial_multiply_truncate_range,0.036104755476117134,8,1.316895383875817,nested_function_timer
brusselator,optimized,109,108,9,initial,polynomial_range_bound,True,polynomial_multiply_truncate_range,0.020918490830808878,17,1.316895383875817,nested_function_timer
brusselator,optimized,109,108,9,initial,interval_arithmetic,False,initial_remainder_excluding_classified_polynomial_work,0.003114307764917612,109,1.316895383875817,nested_function_timer
brusselator,optimized,109,108,9,initial,polynomial_apply_cutoff,True,polynomial_multiply_truncate_range,0.0062547349371016026,5,1.316895383875817,nested_function_timer
brusselator,optimized,109,108,9,initial,polynomial_sub,True,polynomial_multiply_truncate_range,6.565684452652931e-05,5,1.316895383875817,nested_function_timer
brusselator,optimized,109,108,9,initial,polynomial_add,True,polynomial_multiply_truncate_range,3.678817301988602e-05,3,1.316895383875817,nested_function_timer
brusselator,optimized,109,108,9,initial,polynomial_integrate,True,polynomial_multiply_truncate_range,0.0013252818025648594,1,1.316895383875817,nested_function_timer
brusselator,optimized,109,108,9,initial,image,False,initial_remainder_excluding_classified_polynomial_work,0.0042699663899838924,1,1.316895383875817,nested_function_timer
brusselator,optimized,109,108,9,replay,object_checks_and_small_tensors,False,python_objects_and_small_tensor_checks,0.03671243833377957,1278,1.316895383875817,nested_function_timer
brusselator,optimized,109,108,9,replay,object_checks_and_small_tensors,True,refinement_fixed_preparation,0.00010557053610682487,4,1.316895383875817,nested_function_timer
brusselator,optimized,109,108,9,replay,prepare_snapshot,True,refinement_fixed_preparation,0.002258479129523039,1,1.316895383875817,nested_function_timer
brusselator,optimized,109,108,9,replay,binding_checks,False,refinement_dynamic_and_dispatch,0.00011932384222745895,9,1.316895383875817,nested_function_timer
brusselator,optimized,109,108,9,replay,polynomial_component,True,refinement_fixed_preparation,2.785399556159973e-05,2,1.316895383875817,nested_function_timer
brusselator,optimized,109,108,9,replay,cache_dispatch,False,refinement_dynamic_and_dispatch,0.002895819954574108,387,1.316895383875817,nested_function_timer
brusselator,optimized,109,108,9,replay,interval_arithmetic,True,refinement_fixed_preparation,0.004853873047977686,72,1.316895383875817,nested_function_timer
brusselator,optimized,109,108,9,replay,polynomial_mul_trunc,True,refinement_fixed_preparation,0.025029911193996668,6,1.316895383875817,nested_function_timer
brusselator,optimized,109,108,9,replay,polynomial_range_bound,True,refinement_fixed_preparation,0.008160881698131561,7,1.316895383875817,nested_function_timer
brusselator,optimized,109,108,9,replay,interval_arithmetic,False,refinement_dynamic_and_dispatch,0.025179708376526833,981,1.316895383875817,nested_function_timer
brusselator,optimized,109,108,9,replay,polynomial_apply_cutoff,True,refinement_fixed_preparation,0.004843241069465876,4,1.316895383875817,nested_function_timer
brusselator,optimized,109,108,9,replay,polynomial_sub,True,refinement_fixed_preparation,6.339512765407562e-05,5,1.316895383875817,nested_function_timer
brusselator,optimized,109,108,9,replay,polynomial_add,True,refinement_fixed_preparation,3.645243123173714e-05,3,1.316895383875817,nested_function_timer
brusselator,optimized,109,108,9,replay,prepare_graph,False,refinement_dynamic_and_dispatch,0.0032697641290724277,2,1.316895383875817,nested_function_timer
brusselator,optimized,109,108,9,replay,polynomial_integrate,True,refinement_fixed_preparation,0.0011846506968140602,1,1.316895383875817,nested_function_timer
brusselator,optimized,109,108,9,replay,seal_storage,True,refinement_fixed_preparation,0.00020816968753933907,1,1.316895383875817,nested_function_timer
brusselator,optimized,109,108,9,replay,image,False,refinement_dynamic_and_dispatch,0.022635487373918295,9,1.316895383875817,nested_function_timer
brusselator,optimized,109,108,9,replay,_post_accept_refine_raw_remainder,False,refinement_dynamic_and_dispatch,0.0022268122993409634,1,1.316895383875817,nested_function_timer
brusselator,optimized,109,108,9,boundary,endpoint_correction,False,boundary_and_endpoint_correction,0.015471072867512703,3,1.316895383875817,nested_function_timer
brusselator,optimized,109,108,9,boundary,boundary,False,boundary_and_endpoint_correction,0.8042495991103351,1,1.316895383875817,nested_function_timer
brusselator,optimized,109,108,9,other,unattributed,False,other_including_unclassified_python,0.02364254044368863,0,1.316895383875817,nested_function_timer
brusselator,optimized,110,109,9,other,object_checks_and_small_tensors,False,python_objects_and_small_tensor_checks,0.002780457492917776,107,1.345172218978405,nested_function_timer
brusselator,optimized,110,109,9,candidate,object_checks_and_small_tensors,False,python_objects_and_small_tensor_checks,0.010315934661775827,458,1.345172218978405,nested_function_timer
brusselator,optimized,110,109,9,candidate,polynomial_component,True,polynomial_multiply_truncate_range,0.00036130379885435104,36,1.345172218978405,nested_function_timer
brusselator,optimized,110,109,9,candidate,interval_arithmetic,True,polynomial_multiply_truncate_range,0.02000089781358838,324,1.345172218978405,nested_function_timer
brusselator,optimized,110,109,9,candidate,polynomial_mul_trunc,True,polynomial_multiply_truncate_range,0.09522414021193981,24,1.345172218978405,nested_function_timer
brusselator,optimized,110,109,9,candidate,polynomial_range_bound,True,polynomial_multiply_truncate_range,0.05392819829285145,48,1.345172218978405,nested_function_timer
brusselator,optimized,110,109,9,candidate,interval_arithmetic,False,candidate_construction_excluding_classified_polynomial_work,0.007224610541015863,234,1.345172218978405,nested_function_timer
brusselator,optimized,110,109,9,candidate,polynomial_sub,True,polynomial_multiply_truncate_range,0.00015056133270263672,12,1.345172218978405,nested_function_timer
brusselator,optimized,110,109,9,candidate,polynomial_add,True,polynomial_multiply_truncate_range,0.0001480989158153534,12,1.345172218978405,nested_function_timer
brusselator,optimized,110,109,9,candidate,polynomial_integrate,True,polynomial_multiply_truncate_range,0.007116558495908976,6,1.345172218978405,nested_function_timer
brusselator,optimized,110,109,9,candidate,polynomial_apply_cutoff,True,polynomial_multiply_truncate_range,0.006795321591198444,6,1.345172218978405,nested_function_timer
brusselator,optimized,110,109,9,candidate,dense_polynomial_picard,False,candidate_construction_excluding_classified_polynomial_work,0.011191954370588064,1,1.345172218978405,nested_function_timer
brusselator,optimized,110,109,9,other,interval_arithmetic,False,other_including_unclassified_python,0.001558797899633646,69,1.345172218978405,nested_function_timer
brusselator,optimized,110,109,9,other,polynomial_component,True,polynomial_multiply_truncate_range,6.234785541892052e-05,6,1.345172218978405,nested_function_timer
brusselator,optimized,110,109,9,other,interval_arithmetic,True,polynomial_multiply_truncate_range,0.0033295592293143272,54,1.345172218978405,nested_function_timer
brusselator,optimized,110,109,9,other,polynomial_mul_trunc,True,polynomial_multiply_truncate_range,0.01599017484113574,4,1.345172218978405,nested_function_timer
brusselator,optimized,110,109,9,other,polynomial_range_bound,True,polynomial_multiply_truncate_range,0.009974993765354156,9,1.345172218978405,nested_function_timer
brusselator,optimized,110,109,9,other,polynomial_sub,True,polynomial_multiply_truncate_range,3.3291056752204895e-05,3,1.345172218978405,nested_function_timer
brusselator,optimized,110,109,9,other,polynomial_add,True,polynomial_multiply_truncate_range,2.4191103875637054e-05,2,1.345172218978405,nested_function_timer
brusselator,optimized,110,109,9,other,polynomial_integrate,True,polynomial_multiply_truncate_range,0.0011808406561613083,1,1.345172218978405,nested_function_timer
brusselator,optimized,110,109,9,initial,polynomial_component,True,polynomial_multiply_truncate_range,8.248956874012947e-05,8,1.345172218978405,nested_function_timer
brusselator,optimized,110,109,9,initial,object_checks_and_small_tensors,False,python_objects_and_small_tensor_checks,0.004388606175780296,152,1.345172218978405,nested_function_timer
brusselator,optimized,110,109,9,initial,interval_arithmetic,True,polynomial_multiply_truncate_range,0.0070767514407634735,117,1.345172218978405,nested_function_timer
brusselator,optimized,110,109,9,initial,polynomial_mul_trunc,True,polynomial_multiply_truncate_range,0.03134800726547837,8,1.345172218978405,nested_function_timer
brusselator,optimized,110,109,9,initial,polynomial_range_bound,True,polynomial_multiply_truncate_range,0.018808847293257713,17,1.345172218978405,nested_function_timer
brusselator,optimized,110,109,9,initial,interval_arithmetic,False,initial_remainder_excluding_classified_polynomial_work,0.002780692186206579,109,1.345172218978405,nested_function_timer
brusselator,optimized,110,109,9,initial,polynomial_apply_cutoff,True,polynomial_multiply_truncate_range,0.005640340503305197,5,1.345172218978405,nested_function_timer
brusselator,optimized,110,109,9,initial,polynomial_sub,True,polynomial_multiply_truncate_range,5.9172045439481735e-05,5,1.345172218978405,nested_function_timer
brusselator,optimized,110,109,9,initial,polynomial_add,True,polynomial_multiply_truncate_range,4.1000545024871826e-05,3,1.345172218978405,nested_function_timer
brusselator,optimized,110,109,9,initial,polynomial_integrate,True,polynomial_multiply_truncate_range,0.00117885647341609,1,1.345172218978405,nested_function_timer
brusselator,optimized,110,109,9,initial,image,False,initial_remainder_excluding_classified_polynomial_work,0.0038443286903202534,1,1.345172218978405,nested_function_timer
brusselator,optimized,110,109,9,replay,object_checks_and_small_tensors,False,python_objects_and_small_tensor_checks,0.03691325103864074,1278,1.345172218978405,nested_function_timer
brusselator,optimized,110,109,9,replay,object_checks_and_small_tensors,True,refinement_fixed_preparation,9.628571569919586e-05,4,1.345172218978405,nested_function_timer
brusselator,optimized,110,109,9,replay,prepare_snapshot,True,refinement_fixed_preparation,0.0020010313019156456,1,1.345172218978405,nested_function_timer
brusselator,optimized,110,109,9,replay,binding_checks,False,refinement_dynamic_and_dispatch,0.00011411495506763458,9,1.345172218978405,nested_function_timer
brusselator,optimized,110,109,9,replay,polynomial_component,True,refinement_fixed_preparation,3.248732537031174e-05,2,1.345172218978405,nested_function_timer
brusselator,optimized,110,109,9,replay,cache_dispatch,False,refinement_dynamic_and_dispatch,0.0028893924318253994,387,1.345172218978405,nested_function_timer
brusselator,optimized,110,109,9,replay,interval_arithmetic,True,refinement_fixed_preparation,0.004601882304996252,72,1.345172218978405,nested_function_timer
brusselator,optimized,110,109,9,replay,polynomial_mul_trunc,True,refinement_fixed_preparation,0.023666295688599348,6,1.345172218978405,nested_function_timer
brusselator,optimized,110,109,9,replay,polynomial_range_bound,True,refinement_fixed_preparation,0.007765438873320818,7,1.345172218978405,nested_function_timer
brusselator,optimized,110,109,9,replay,interval_arithmetic,False,refinement_dynamic_and_dispatch,0.02521548606455326,981,1.345172218978405,nested_function_timer
brusselator,optimized,110,109,9,replay,polynomial_apply_cutoff,True,refinement_fixed_preparation,0.004577209707349539,4,1.345172218978405,nested_function_timer
brusselator,optimized,110,109,9,replay,polynomial_sub,True,refinement_fixed_preparation,6.090989336371422e-05,5,1.345172218978405,nested_function_timer
brusselator,optimized,110,109,9,replay,polynomial_add,True,refinement_fixed_preparation,3.505498170852661e-05,3,1.345172218978405,nested_function_timer
brusselator,optimized,110,109,9,replay,prepare_graph,False,refinement_dynamic_and_dispatch,0.0031713778153061867,2,1.345172218978405,nested_function_timer
brusselator,optimized,110,109,9,replay,polynomial_integrate,True,refinement_fixed_preparation,0.0011845515109598637,1,1.345172218978405,nested_function_timer
brusselator,optimized,110,109,9,replay,seal_storage,True,refinement_fixed_preparation,0.00019988836720585823,1,1.345172218978405,nested_function_timer
brusselator,optimized,110,109,9,replay,image,False,refinement_dynamic_and_dispatch,0.022886629682034254,9,1.345172218978405,nested_function_timer
brusselator,optimized,110,109,9,replay,_post_accept_refine_raw_remainder,False,refinement_dynamic_and_dispatch,0.002181120216846466,1,1.345172218978405,nested_function_timer
brusselator,optimized,110,109,9,boundary,endpoint_correction,False,boundary_and_endpoint_correction,0.015708467457443476,3,1.345172218978405,nested_function_timer
brusselator,optimized,110,109,9,boundary,boundary,False,boundary_and_endpoint_correction,0.8448029030114412,1,1.345172218978405,nested_function_timer
brusselator,optimized,110,109,9,other,unattributed,False,other_including_unclassified_python,0.02442711452022195,0,1.345172218978405,nested_function_timer
brusselator,optimized,111,110,9,other,object_checks_and_small_tensors,False,python_objects_and_small_tensor_checks,0.0027728588320314884,107,1.3716183882206678,nested_function_timer
brusselator,optimized,111,110,9,candidate,object_checks_and_small_tensors,False,python_objects_and_small_tensor_checks,0.010714378673583269,458,1.3716183882206678,nested_function_timer
brusselator,optimized,111,110,9,candidate,polynomial_component,True,polynomial_multiply_truncate_range,0.0004001106135547161,36,1.3716183882206678,nested_function_timer
brusselator,optimized,111,110,9,candidate,interval_arithmetic,True,polynomial_multiply_truncate_range,0.02014472708106041,324,1.3716183882206678,nested_function_timer
brusselator,optimized,111,110,9,candidate,polynomial_mul_trunc,True,polynomial_multiply_truncate_range,0.09596877871081233,24,1.3716183882206678,nested_function_timer
brusselator,optimized,111,110,9,candidate,polynomial_range_bound,True,polynomial_multiply_truncate_range,0.05371407885104418,48,1.3716183882206678,nested_function_timer
brusselator,optimized,111,110,9,candidate,interval_arithmetic,False,candidate_construction_excluding_classified_polynomial_work,0.007040093652904034,234,1.3716183882206678,nested_function_timer
brusselator,optimized,111,110,9,candidate,polynomial_sub,True,polynomial_multiply_truncate_range,0.00014346279203891754,12,1.3716183882206678,nested_function_timer
brusselator,optimized,111,110,9,candidate,polynomial_add,True,polynomial_multiply_truncate_range,0.0001393142156302929,12,1.3716183882206678,nested_function_timer
brusselator,optimized,111,110,9,candidate,polynomial_integrate,True,polynomial_multiply_truncate_range,0.007194978184998035,6,1.3716183882206678,nested_function_timer
brusselator,optimized,111,110,9,candidate,polynomial_apply_cutoff,True,polynomial_multiply_truncate_range,0.007013730239123106,6,1.3716183882206678,nested_function_timer
brusselator,optimized,111,110,9,candidate,dense_polynomial_picard,False,candidate_construction_excluding_classified_polynomial_work,0.011390347965061665,1,1.3716183882206678,nested_function_timer
brusselator,optimized,111,110,9,other,interval_arithmetic,False,other_including_unclassified_python,0.001539302058517933,69,1.3716183882206678,nested_function_timer
brusselator,optimized,111,110,9,other,polynomial_component,True,polynomial_multiply_truncate_range,6.119208410382271e-05,6,1.3716183882206678,nested_function_timer
brusselator,optimized,111,110,9,other,interval_arithmetic,True,polynomial_multiply_truncate_range,0.003297413233667612,54,1.3716183882206678,nested_function_timer
brusselator,optimized,111,110,9,other,polynomial_mul_trunc,True,polynomial_multiply_truncate_range,0.015776075888425112,4,1.3716183882206678,nested_function_timer
brusselator,optimized,111,110,9,other,polynomial_range_bound,True,polynomial_multiply_truncate_range,0.009929187130182981,9,1.3716183882206678,nested_function_timer
brusselator,optimized,111,110,9,other,polynomial_sub,True,polynomial_multiply_truncate_range,3.187078982591629e-05,3,1.3716183882206678,nested_function_timer
brusselator,optimized,111,110,9,other,polynomial_add,True,polynomial_multiply_truncate_range,2.3286789655685425e-05,2,1.3716183882206678,nested_function_timer
brusselator,optimized,111,110,9,other,polynomial_integrate,True,polynomial_multiply_truncate_range,0.0011731688864529133,1,1.3716183882206678,nested_function_timer
brusselator,optimized,111,110,9,initial,polynomial_component,True,polynomial_multiply_truncate_range,0.0001025698147714138,8,1.3716183882206678,nested_function_timer
brusselator,optimized,111,110,9,initial,object_checks_and_small_tensors,False,python_objects_and_small_tensor_checks,0.004326752852648497,152,1.3716183882206678,nested_function_timer
brusselator,optimized,111,110,9,initial,interval_arithmetic,True,polynomial_multiply_truncate_range,0.0071174209006130695,117,1.3716183882206678,nested_function_timer
brusselator,optimized,111,110,9,initial,polynomial_mul_trunc,True,polynomial_multiply_truncate_range,0.03155323211103678,8,1.3716183882206678,nested_function_timer
brusselator,optimized,111,110,9,initial,polynomial_range_bound,True,polynomial_multiply_truncate_range,0.019385934807360172,17,1.3716183882206678,nested_function_timer
brusselator,optimized,111,110,9,initial,interval_arithmetic,False,initial_remainder_excluding_classified_polynomial_work,0.002807068172842264,109,1.3716183882206678,nested_function_timer
brusselator,optimized,111,110,9,initial,polynomial_apply_cutoff,True,polynomial_multiply_truncate_range,0.005572368390858173,5,1.3716183882206678,nested_function_timer
brusselator,optimized,111,110,9,initial,polynomial_sub,True,polynomial_multiply_truncate_range,6.708502769470215e-05,5,1.3716183882206678,nested_function_timer
brusselator,optimized,111,110,9,initial,polynomial_add,True,polynomial_multiply_truncate_range,3.345031291246414e-05,3,1.3716183882206678,nested_function_timer
brusselator,optimized,111,110,9,initial,polynomial_integrate,True,polynomial_multiply_truncate_range,0.001175025012344122,1,1.3716183882206678,nested_function_timer
brusselator,optimized,111,110,9,initial,image,False,initial_remainder_excluding_classified_polynomial_work,0.003795885480940342,1,1.3716183882206678,nested_function_timer
brusselator,optimized,111,110,9,replay,object_checks_and_small_tensors,False,python_objects_and_small_tensor_checks,0.036560348235070705,1278,1.3716183882206678,nested_function_timer
brusselator,optimized,111,110,9,replay,object_checks_and_small_tensors,True,refinement_fixed_preparation,9.470712393522263e-05,4,1.3716183882206678,nested_function_timer
brusselator,optimized,111,110,9,replay,prepare_snapshot,True,refinement_fixed_preparation,0.0019597429782152176,1,1.3716183882206678,nested_function_timer
brusselator,optimized,111,110,9,replay,binding_checks,False,refinement_dynamic_and_dispatch,0.00011586444452404976,9,1.3716183882206678,nested_function_timer
brusselator,optimized,111,110,9,replay,polynomial_component,True,refinement_fixed_preparation,2.4728477001190186e-05,2,1.3716183882206678,nested_function_timer
brusselator,optimized,111,110,9,replay,cache_dispatch,False,refinement_dynamic_and_dispatch,0.0028548729605972767,387,1.3716183882206678,nested_function_timer
brusselator,optimized,111,110,9,replay,interval_arithmetic,True,refinement_fixed_preparation,0.004812140949070454,72,1.3716183882206678,nested_function_timer
brusselator,optimized,111,110,9,replay,polynomial_mul_trunc,True,refinement_fixed_preparation,0.023914721328765154,6,1.3716183882206678,nested_function_timer
brusselator,optimized,111,110,9,replay,polynomial_range_bound,True,refinement_fixed_preparation,0.007899363059550524,7,1.3716183882206678,nested_function_timer
brusselator,optimized,111,110,9,replay,interval_arithmetic,False,refinement_dynamic_and_dispatch,0.024910384323447943,981,1.3716183882206678,nested_function_timer
brusselator,optimized,111,110,9,replay,polynomial_apply_cutoff,True,refinement_fixed_preparation,0.004666990600526333,4,1.3716183882206678,nested_function_timer
brusselator,optimized,111,110,9,replay,polynomial_sub,True,refinement_fixed_preparation,6.0939230024814606e-05,5,1.3716183882206678,nested_function_timer
brusselator,optimized,111,110,9,replay,polynomial_add,True,refinement_fixed_preparation,4.3425243347883224e-05,3,1.3716183882206678,nested_function_timer
brusselator,optimized,111,110,9,replay,prepare_graph,False,refinement_dynamic_and_dispatch,0.0031588119454681873,2,1.3716183882206678,nested_function_timer
brusselator,optimized,111,110,9,replay,polynomial_integrate,True,refinement_fixed_preparation,0.0012170481495559216,1,1.3716183882206678,nested_function_timer
brusselator,optimized,111,110,9,replay,seal_storage,True,refinement_fixed_preparation,0.00021093524992465973,1,1.3716183882206678,nested_function_timer
brusselator,optimized,111,110,9,replay,image,False,refinement_dynamic_and_dispatch,0.022477546241134405,9,1.3716183882206678,nested_function_timer
brusselator,optimized,111,110,9,replay,_post_accept_refine_raw_remainder,False,refinement_dynamic_and_dispatch,0.0020956513471901417,1,1.3716183882206678,nested_function_timer
brusselator,optimized,111,110,9,boundary,endpoint_correction,False,boundary_and_endpoint_correction,0.015541718807071447,3,1.3716183882206678,nested_function_timer
brusselator,optimized,111,110,9,boundary,boundary,False,boundary_and_endpoint_correction,0.8710770313628018,1,1.3716183882206678,nested_function_timer
brusselator,optimized,111,110,9,other,unattributed,False,other_including_unclassified_python,0.023516266606748104,0,1.3716183882206678,nested_function_timer
brusselator,optimized,112,111,9,other,object_checks_and_small_tensors,False,python_objects_and_small_tensor_checks,0.0027710329741239548,107,1.314030960202217,nested_function_timer
brusselator,optimized,112,111,9,candidate,object_checks_and_small_tensors,False,python_objects_and_small_tensor_checks,0.010385524481534958,458,1.314030960202217,nested_function_timer
brusselator,optimized,112,111,9,candidate,polynomial_component,True,polynomial_multiply_truncate_range,0.00036366144195199013,36,1.314030960202217,nested_function_timer
brusselator,optimized,112,111,9,candidate,interval_arithmetic,True,polynomial_multiply_truncate_range,0.01994413509964943,324,1.314030960202217,nested_function_timer
brusselator,optimized,112,111,9,candidate,polynomial_mul_trunc,True,polynomial_multiply_truncate_range,0.0945478561334312,24,1.314030960202217,nested_function_timer
brusselator,optimized,112,111,9,candidate,polynomial_range_bound,True,polynomial_multiply_truncate_range,0.05349446227774024,48,1.314030960202217,nested_function_timer
brusselator,optimized,112,111,9,candidate,interval_arithmetic,False,candidate_construction_excluding_classified_polynomial_work,0.006921166088432074,234,1.314030960202217,nested_function_timer
brusselator,optimized,112,111,9,candidate,polynomial_sub,True,polynomial_multiply_truncate_range,0.00013661803677678108,12,1.314030960202217,nested_function_timer
brusselator,optimized,112,111,9,candidate,polynomial_add,True,polynomial_multiply_truncate_range,0.00014133937656879425,12,1.314030960202217,nested_function_timer
brusselator,optimized,112,111,9,candidate,polynomial_integrate,True,polynomial_multiply_truncate_range,0.007441524416208267,6,1.314030960202217,nested_function_timer
brusselator,optimized,112,111,9,candidate,polynomial_apply_cutoff,True,polynomial_multiply_truncate_range,0.007041462697088718,6,1.314030960202217,nested_function_timer
brusselator,optimized,112,111,9,candidate,dense_polynomial_picard,False,candidate_construction_excluding_classified_polynomial_work,0.011339290998876095,1,1.314030960202217,nested_function_timer
brusselator,optimized,112,111,9,other,interval_arithmetic,False,other_including_unclassified_python,0.0015666172839701176,69,1.314030960202217,nested_function_timer
brusselator,optimized,112,111,9,other,polynomial_component,True,polynomial_multiply_truncate_range,6.202887743711472e-05,6,1.314030960202217,nested_function_timer
brusselator,optimized,112,111,9,other,interval_arithmetic,True,polynomial_multiply_truncate_range,0.0033022291027009487,54,1.314030960202217,nested_function_timer
brusselator,optimized,112,111,9,other,polynomial_mul_trunc,True,polynomial_multiply_truncate_range,0.015998465940356255,4,1.314030960202217,nested_function_timer
brusselator,optimized,112,111,9,other,polynomial_range_bound,True,polynomial_multiply_truncate_range,0.009868413675576448,9,1.314030960202217,nested_function_timer
brusselator,optimized,112,111,9,other,polynomial_sub,True,polynomial_multiply_truncate_range,3.3227261155843735e-05,3,1.314030960202217,nested_function_timer
brusselator,optimized,112,111,9,other,polynomial_add,True,polynomial_multiply_truncate_range,2.324441447854042e-05,2,1.314030960202217,nested_function_timer
brusselator,optimized,112,111,9,other,polynomial_integrate,True,polynomial_multiply_truncate_range,0.0011918162927031517,1,1.314030960202217,nested_function_timer
brusselator,optimized,112,111,9,initial,polynomial_component,True,polynomial_multiply_truncate_range,8.190656080842018e-05,8,1.314030960202217,nested_function_timer
brusselator,optimized,112,111,9,initial,object_checks_and_small_tensors,False,python_objects_and_small_tensor_checks,0.004367762245237827,152,1.314030960202217,nested_function_timer
brusselator,optimized,112,111,9,initial,interval_arithmetic,True,polynomial_multiply_truncate_range,0.007137858308851719,117,1.314030960202217,nested_function_timer
brusselator,optimized,112,111,9,initial,polynomial_mul_trunc,True,polynomial_multiply_truncate_range,0.03151156147941947,8,1.314030960202217,nested_function_timer
brusselator,optimized,112,111,9,initial,polynomial_range_bound,True,polynomial_multiply_truncate_range,0.01903542224317789,17,1.314030960202217,nested_function_timer
brusselator,optimized,112,111,9,initial,interval_arithmetic,False,initial_remainder_excluding_classified_polynomial_work,0.0028532245196402073,109,1.314030960202217,nested_function_timer
brusselator,optimized,112,111,9,initial,polynomial_apply_cutoff,True,polynomial_multiply_truncate_range,0.005711639299988747,5,1.314030960202217,nested_function_timer
brusselator,optimized,112,111,9,initial,polynomial_sub,True,polynomial_multiply_truncate_range,5.831196904182434e-05,5,1.314030960202217,nested_function_timer
brusselator,optimized,112,111,9,initial,polynomial_add,True,polynomial_multiply_truncate_range,3.34479846060276e-05,3,1.314030960202217,nested_function_timer
brusselator,optimized,112,111,9,initial,polynomial_integrate,True,polynomial_multiply_truncate_range,0.0011809496209025383,1,1.314030960202217,nested_function_timer
brusselator,optimized,112,111,9,initial,image,False,initial_remainder_excluding_classified_polynomial_work,0.003831771668046713,1,1.314030960202217,nested_function_timer
brusselator,optimized,112,111,9,replay,object_checks_and_small_tensors,False,python_objects_and_small_tensor_checks,0.037024655379354954,1278,1.314030960202217,nested_function_timer
brusselator,optimized,112,111,9,replay,object_checks_and_small_tensors,True,refinement_fixed_preparation,9.745033457875252e-05,4,1.314030960202217,nested_function_timer
brusselator,optimized,112,111,9,replay,prepare_snapshot,True,refinement_fixed_preparation,0.0020193015225231647,1,1.314030960202217,nested_function_timer
brusselator,optimized,112,111,9,replay,binding_checks,False,refinement_dynamic_and_dispatch,0.00011491868644952774,9,1.314030960202217,nested_function_timer
brusselator,optimized,112,111,9,replay,polynomial_component,True,refinement_fixed_preparation,2.513127401471138e-05,2,1.314030960202217,nested_function_timer
brusselator,optimized,112,111,9,replay,cache_dispatch,False,refinement_dynamic_and_dispatch,0.00290629081428051,387,1.314030960202217,nested_function_timer
brusselator,optimized,112,111,9,replay,interval_arithmetic,True,refinement_fixed_preparation,0.004644411150366068,72,1.314030960202217,nested_function_timer
brusselator,optimized,112,111,9,replay,polynomial_mul_trunc,True,refinement_fixed_preparation,0.023769627325236797,6,1.314030960202217,nested_function_timer
brusselator,optimized,112,111,9,replay,polynomial_range_bound,True,refinement_fixed_preparation,0.007987508550286293,7,1.314030960202217,nested_function_timer
brusselator,optimized,112,111,9,replay,interval_arithmetic,False,refinement_dynamic_and_dispatch,0.02521491376683116,981,1.314030960202217,nested_function_timer
brusselator,optimized,112,111,9,replay,polynomial_apply_cutoff,True,refinement_fixed_preparation,0.004528828896582127,4,1.314030960202217,nested_function_timer
brusselator,optimized,112,111,9,replay,polynomial_sub,True,refinement_fixed_preparation,6.115809082984924e-05,5,1.314030960202217,nested_function_timer
brusselator,optimized,112,111,9,replay,polynomial_add,True,refinement_fixed_preparation,3.586336970329285e-05,3,1.314030960202217,nested_function_timer
brusselator,optimized,112,111,9,replay,prepare_graph,False,refinement_dynamic_and_dispatch,0.0031255357898771763,2,1.314030960202217,nested_function_timer
brusselator,optimized,112,111,9,replay,polynomial_integrate,True,refinement_fixed_preparation,0.001192030031234026,1,1.314030960202217,nested_function_timer
brusselator,optimized,112,111,9,replay,seal_storage,True,refinement_fixed_preparation,0.00020837318152189255,1,1.314030960202217,nested_function_timer
brusselator,optimized,112,111,9,replay,image,False,refinement_dynamic_and_dispatch,0.022912734653800726,9,1.314030960202217,nested_function_timer
brusselator,optimized,112,111,9,replay,_post_accept_refine_raw_remainder,False,refinement_dynamic_and_dispatch,0.002162317279726267,1,1.314030960202217,nested_function_timer
brusselator,optimized,112,111,9,boundary,endpoint_correction,False,boundary_and_endpoint_correction,0.01629462279379368,3,1.314030960202217,nested_function_timer
brusselator,optimized,112,111,9,boundary,boundary,False,boundary_and_endpoint_correction,0.8121955436654389,1,1.314030960202217,nested_function_timer
brusselator,optimized,112,111,9,other,unattributed,False,other_including_unclassified_python,0.025131770875304937,0,1.314030960202217,nested_function_timer
brusselator,optimized,113,112,9,other,object_checks_and_small_tensors,False,python_objects_and_small_tensor_checks,0.0028584711253643036,107,1.3056531259790063,nested_function_timer
brusselator,optimized,113,112,9,candidate,object_checks_and_small_tensors,False,python_objects_and_small_tensor_checks,0.010331615805625916,458,1.3056531259790063,nested_function_timer
brusselator,optimized,113,112,9,candidate,polynomial_component,True,polynomial_multiply_truncate_range,0.0003770343028008938,36,1.3056531259790063,nested_function_timer
brusselator,optimized,113,112,9,candidate,interval_arithmetic,True,polynomial_multiply_truncate_range,0.02041877480223775,324,1.3056531259790063,nested_function_timer
brusselator,optimized,113,112,9,candidate,polynomial_mul_trunc,True,polynomial_multiply_truncate_range,0.0956883504986763,24,1.3056531259790063,nested_function_timer
brusselator,optimized,113,112,9,candidate,polynomial_range_bound,True,polynomial_multiply_truncate_range,0.05406950041651726,48,1.3056531259790063,nested_function_timer
brusselator,optimized,113,112,9,candidate,interval_arithmetic,False,candidate_construction_excluding_classified_polynomial_work,0.007032360415905714,234,1.3056531259790063,nested_function_timer
brusselator,optimized,113,112,9,candidate,polynomial_sub,True,polynomial_multiply_truncate_range,0.00014766817912459373,12,1.3056531259790063,nested_function_timer
brusselator,optimized,113,112,9,candidate,polynomial_add,True,polynomial_multiply_truncate_range,0.00014140084385871887,12,1.3056531259790063,nested_function_timer
brusselator,optimized,113,112,9,candidate,polynomial_integrate,True,polynomial_multiply_truncate_range,0.007155474275350571,6,1.3056531259790063,nested_function_timer
brusselator,optimized,113,112,9,candidate,polynomial_apply_cutoff,True,polynomial_multiply_truncate_range,0.006925761234015226,6,1.3056531259790063,nested_function_timer
brusselator,optimized,113,112,9,candidate,dense_polynomial_picard,False,candidate_construction_excluding_classified_polynomial_work,0.011299361009150743,1,1.3056531259790063,nested_function_timer
brusselator,optimized,113,112,9,other,interval_arithmetic,False,other_including_unclassified_python,0.0015610633417963982,69,1.3056531259790063,nested_function_timer
brusselator,optimized,113,112,9,other,polynomial_component,True,polynomial_multiply_truncate_range,6.207684054970741e-05,6,1.3056531259790063,nested_function_timer
brusselator,optimized,113,112,9,other,interval_arithmetic,True,polynomial_multiply_truncate_range,0.0032973834313452244,54,1.3056531259790063,nested_function_timer
brusselator,optimized,113,112,9,other,polynomial_mul_trunc,True,polynomial_multiply_truncate_range,0.015687512699514627,4,1.3056531259790063,nested_function_timer
brusselator,optimized,113,112,9,other,polynomial_range_bound,True,polynomial_multiply_truncate_range,0.009937320370227098,9,1.3056531259790063,nested_function_timer
brusselator,optimized,113,112,9,other,polynomial_sub,True,polynomial_multiply_truncate_range,3.347313031554222e-05,3,1.3056531259790063,nested_function_timer
brusselator,optimized,113,112,9,other,polynomial_add,True,polynomial_multiply_truncate_range,2.4206005036830902e-05,2,1.3056531259790063,nested_function_timer
brusselator,optimized,113,112,9,other,polynomial_integrate,True,polynomial_multiply_truncate_range,0.0011912141926586628,1,1.3056531259790063,nested_function_timer
brusselator,optimized,113,112,9,initial,polynomial_component,True,polynomial_multiply_truncate_range,8.163601160049438e-05,8,1.3056531259790063,nested_function_timer
brusselator,optimized,113,112,9,initial,object_checks_and_small_tensors,False,python_objects_and_small_tensor_checks,0.004379502963274717,152,1.3056531259790063,nested_function_timer
brusselator,optimized,113,112,9,initial,interval_arithmetic,True,polynomial_multiply_truncate_range,0.007094402331858873,117,1.3056531259790063,nested_function_timer
brusselator,optimized,113,112,9,initial,polynomial_mul_trunc,True,polynomial_multiply_truncate_range,0.03160643624141812,8,1.3056531259790063,nested_function_timer
brusselator,optimized,113,112,9,initial,polynomial_range_bound,True,polynomial_multiply_truncate_range,0.018930206075310707,17,1.3056531259790063,nested_function_timer
brusselator,optimized,113,112,9,initial,interval_arithmetic,False,initial_remainder_excluding_classified_polynomial_work,0.0028207614086568356,109,1.3056531259790063,nested_function_timer
brusselator,optimized,113,112,9,initial,polynomial_apply_cutoff,True,polynomial_multiply_truncate_range,0.005673663690686226,5,1.3056531259790063,nested_function_timer
brusselator,optimized,113,112,9,initial,polynomial_sub,True,polynomial_multiply_truncate_range,5.8653298765420914e-05,5,1.3056531259790063,nested_function_timer
brusselator,optimized,113,112,9,initial,polynomial_add,True,polynomial_multiply_truncate_range,3.35020013153553e-05,3,1.3056531259790063,nested_function_timer
brusselator,optimized,113,112,9,initial,polynomial_integrate,True,polynomial_multiply_truncate_range,0.0011834409087896347,1,1.3056531259790063,nested_function_timer
brusselator,optimized,113,112,9,initial,image,False,initial_remainder_excluding_classified_polynomial_work,0.003801231272518635,1,1.3056531259790063,nested_function_timer
brusselator,optimized,113,112,9,replay,object_checks_and_small_tensors,False,python_objects_and_small_tensor_checks,0.03693207539618015,1278,1.3056531259790063,nested_function_timer
brusselator,optimized,113,112,9,replay,object_checks_and_small_tensors,True,refinement_fixed_preparation,9.877746924757957e-05,4,1.3056531259790063,nested_function_timer
brusselator,optimized,113,112,9,replay,prepare_snapshot,True,refinement_fixed_preparation,0.002033958677202463,1,1.3056531259790063,nested_function_timer
brusselator,optimized,113,112,9,replay,binding_checks,False,refinement_dynamic_and_dispatch,0.00011308584362268448,9,1.3056531259790063,nested_function_timer
brusselator,optimized,113,112,9,replay,polynomial_component,True,refinement_fixed_preparation,2.5111716240644455e-05,2,1.3056531259790063,nested_function_timer
brusselator,optimized,113,112,9,replay,cache_dispatch,False,refinement_dynamic_and_dispatch,0.0028437464497983456,387,1.3056531259790063,nested_function_timer
brusselator,optimized,113,112,9,replay,interval_arithmetic,True,refinement_fixed_preparation,0.004597071558237076,72,1.3056531259790063,nested_function_timer
brusselator,optimized,113,112,9,replay,polynomial_mul_trunc,True,refinement_fixed_preparation,0.023991380352526903,6,1.3056531259790063,nested_function_timer
brusselator,optimized,113,112,9,replay,polynomial_range_bound,True,refinement_fixed_preparation,0.007852538023144007,7,1.3056531259790063,nested_function_timer
brusselator,optimized,113,112,9,replay,interval_arithmetic,False,refinement_dynamic_and_dispatch,0.0250628050416708,981,1.3056531259790063,nested_function_timer
brusselator,optimized,113,112,9,replay,polynomial_apply_cutoff,True,refinement_fixed_preparation,0.004505597986280918,4,1.3056531259790063,nested_function_timer
brusselator,optimized,113,112,9,replay,polynomial_sub,True,refinement_fixed_preparation,6.157625466585159e-05,5,1.3056531259790063,nested_function_timer
brusselator,optimized,113,112,9,replay,polynomial_add,True,refinement_fixed_preparation,4.2869243770837784e-05,3,1.3056531259790063,nested_function_timer
brusselator,optimized,113,112,9,replay,prepare_graph,False,refinement_dynamic_and_dispatch,0.0031408402137458324,2,1.3056531259790063,nested_function_timer
brusselator,optimized,113,112,9,replay,polynomial_integrate,True,refinement_fixed_preparation,0.0011925604194402695,1,1.3056531259790063,nested_function_timer
brusselator,optimized,113,112,9,replay,seal_storage,True,refinement_fixed_preparation,0.00021829502657055855,1,1.3056531259790063,nested_function_timer
brusselator,optimized,113,112,9,replay,image,False,refinement_dynamic_and_dispatch,0.022889848332852125,9,1.3056531259790063,nested_function_timer
brusselator,optimized,113,112,9,replay,_post_accept_refine_raw_remainder,False,refinement_dynamic_and_dispatch,0.0021292087621986866,1,1.3056531259790063,nested_function_timer
brusselator,optimized,113,112,9,boundary,endpoint_correction,False,boundary_and_endpoint_correction,0.015544430818408728,3,1.3056531259790063,nested_function_timer
brusselator,optimized,113,112,9,boundary,boundary,False,boundary_and_endpoint_correction,0.8048399719409645,1,1.3056531259790063,nested_function_timer
brusselator,optimized,113,112,9,other,unattributed,False,other_including_unclassified_python,0.023633917327970266,0,1.3056531259790063,nested_function_timer
brusselator,optimized,114,113,9,other,object_checks_and_small_tensors,False,python_objects_and_small_tensor_checks,0.003014759626239538,107,1.3352348450571299,nested_function_timer
brusselator,optimized,114,113,9,candidate,object_checks_and_small_tensors,False,python_objects_and_small_tensor_checks,0.011144639924168587,458,1.3352348450571299,nested_function_timer
brusselator,optimized,114,113,9,candidate,polynomial_component,True,polynomial_multiply_truncate_range,0.00039864610880613327,36,1.3352348450571299,nested_function_timer
brusselator,optimized,114,113,9,candidate,interval_arithmetic,True,polynomial_multiply_truncate_range,0.021357853896915913,324,1.3352348450571299,nested_function_timer
brusselator,optimized,114,113,9,candidate,polynomial_mul_trunc,True,polynomial_multiply_truncate_range,0.10198508622124791,24,1.3352348450571299,nested_function_timer
brusselator,optimized,114,113,9,candidate,polynomial_range_bound,True,polynomial_multiply_truncate_range,0.05700204987078905,48,1.3352348450571299,nested_function_timer
brusselator,optimized,114,113,9,candidate,interval_arithmetic,False,candidate_construction_excluding_classified_polynomial_work,0.0075157457031309605,234,1.3352348450571299,nested_function_timer
brusselator,optimized,114,113,9,candidate,polynomial_sub,True,polynomial_multiply_truncate_range,0.00014724582433700562,12,1.3352348450571299,nested_function_timer
brusselator,optimized,114,113,9,candidate,polynomial_add,True,polynomial_multiply_truncate_range,0.0001492784358561039,12,1.3352348450571299,nested_function_timer
brusselator,optimized,114,113,9,candidate,polynomial_integrate,True,polynomial_multiply_truncate_range,0.007956698536872864,6,1.3352348450571299,nested_function_timer
brusselator,optimized,114,113,9,candidate,polynomial_apply_cutoff,True,polynomial_multiply_truncate_range,0.007474718149751425,6,1.3352348450571299,nested_function_timer
brusselator,optimized,114,113,9,candidate,dense_polynomial_picard,False,candidate_construction_excluding_classified_polynomial_work,0.012070426251739264,1,1.3352348450571299,nested_function_timer
brusselator,optimized,114,113,9,other,interval_arithmetic,False,other_including_unclassified_python,0.0016901679337024689,69,1.3352348450571299,nested_function_timer
brusselator,optimized,114,113,9,other,polynomial_component,True,polynomial_multiply_truncate_range,6.810063496232033e-05,6,1.3352348450571299,nested_function_timer
brusselator,optimized,114,113,9,other,interval_arithmetic,True,polynomial_multiply_truncate_range,0.003581153228878975,54,1.3352348450571299,nested_function_timer
brusselator,optimized,114,113,9,other,polynomial_mul_trunc,True,polynomial_multiply_truncate_range,0.017633366398513317,4,1.3352348450571299,nested_function_timer
brusselator,optimized,114,113,9,other,polynomial_range_bound,True,polynomial_multiply_truncate_range,0.01074005151167512,9,1.3352348450571299,nested_function_timer
brusselator,optimized,114,113,9,other,polynomial_sub,True,polynomial_multiply_truncate_range,3.383029252290726e-05,3,1.3352348450571299,nested_function_timer
brusselator,optimized,114,113,9,other,polynomial_add,True,polynomial_multiply_truncate_range,2.50842422246933e-05,2,1.3352348450571299,nested_function_timer
brusselator,optimized,114,113,9,other,polynomial_integrate,True,polynomial_multiply_truncate_range,0.0011944049037992954,1,1.3352348450571299,nested_function_timer
brusselator,optimized,114,113,9,initial,polynomial_component,True,polynomial_multiply_truncate_range,8.05719755589962e-05,8,1.3352348450571299,nested_function_timer
brusselator,optimized,114,113,9,initial,object_checks_and_small_tensors,False,python_objects_and_small_tensor_checks,0.0043541803024709225,152,1.3352348450571299,nested_function_timer
brusselator,optimized,114,113,9,initial,interval_arithmetic,True,polynomial_multiply_truncate_range,0.007271330803632736,117,1.3352348450571299,nested_function_timer
brusselator,optimized,114,113,9,initial,polynomial_mul_trunc,True,polynomial_multiply_truncate_range,0.032664533238857985,8,1.3352348450571299,nested_function_timer
brusselator,optimized,114,113,9,initial,polynomial_range_bound,True,polynomial_multiply_truncate_range,0.019413969945162535,17,1.3352348450571299,nested_function_timer
brusselator,optimized,114,113,9,initial,interval_arithmetic,False,initial_remainder_excluding_classified_polynomial_work,0.00283996295183897,109,1.3352348450571299,nested_function_timer
brusselator,optimized,114,113,9,initial,polynomial_apply_cutoff,True,polynomial_multiply_truncate_range,0.0058670942671597,5,1.3352348450571299,nested_function_timer
brusselator,optimized,114,113,9,initial,polynomial_sub,True,polynomial_multiply_truncate_range,5.975039675831795e-05,5,1.3352348450571299,nested_function_timer
brusselator,optimized,114,113,9,initial,polynomial_add,True,polynomial_multiply_truncate_range,3.49278561770916e-05,3,1.3352348450571299,nested_function_timer
brusselator,optimized,114,113,9,initial,polynomial_integrate,True,polynomial_multiply_truncate_range,0.001181005034595728,1,1.3352348450571299,nested_function_timer
brusselator,optimized,114,113,9,initial,image,False,initial_remainder_excluding_classified_polynomial_work,0.0038846354000270367,1,1.3352348450571299,nested_function_timer
brusselator,optimized,114,113,9,replay,object_checks_and_small_tensors,False,python_objects_and_small_tensor_checks,0.038567967247217894,1278,1.3352348450571299,nested_function_timer
brusselator,optimized,114,113,9,replay,object_checks_and_small_tensors,True,refinement_fixed_preparation,9.857630357146263e-05,4,1.3352348450571299,nested_function_timer
brusselator,optimized,114,113,9,replay,prepare_snapshot,True,refinement_fixed_preparation,0.0020535937510430813,1,1.3352348450571299,nested_function_timer
brusselator,optimized,114,113,9,replay,binding_checks,False,refinement_dynamic_and_dispatch,0.00011934945359826088,9,1.3352348450571299,nested_function_timer
brusselator,optimized,114,113,9,replay,polynomial_component,True,refinement_fixed_preparation,2.5435350835323334e-05,2,1.3352348450571299,nested_function_timer
brusselator,optimized,114,113,9,replay,cache_dispatch,False,refinement_dynamic_and_dispatch,0.003041708841919899,387,1.3352348450571299,nested_function_timer
brusselator,optimized,114,113,9,replay,interval_arithmetic,True,refinement_fixed_preparation,0.00467567378655076,72,1.3352348450571299,nested_function_timer
brusselator,optimized,114,113,9,replay,polynomial_mul_trunc,True,refinement_fixed_preparation,0.023837239481508732,6,1.3352348450571299,nested_function_timer
brusselator,optimized,114,113,9,replay,polynomial_range_bound,True,refinement_fixed_preparation,0.008008810691535473,7,1.3352348450571299,nested_function_timer
brusselator,optimized,114,113,9,replay,interval_arithmetic,False,refinement_dynamic_and_dispatch,0.02615954400971532,981,1.3352348450571299,nested_function_timer
brusselator,optimized,114,113,9,replay,polynomial_apply_cutoff,True,refinement_fixed_preparation,0.00472892913967371,4,1.3352348450571299,nested_function_timer
brusselator,optimized,114,113,9,replay,polynomial_sub,True,refinement_fixed_preparation,6.31352886557579e-05,5,1.3352348450571299,nested_function_timer
brusselator,optimized,114,113,9,replay,polynomial_add,True,refinement_fixed_preparation,3.671692684292793e-05,3,1.3352348450571299,nested_function_timer
brusselator,optimized,114,113,9,replay,prepare_graph,False,refinement_dynamic_and_dispatch,0.003171767108142376,2,1.3352348450571299,nested_function_timer
brusselator,optimized,114,113,9,replay,polynomial_integrate,True,refinement_fixed_preparation,0.0012067039497196674,1,1.3352348450571299,nested_function_timer
brusselator,optimized,114,113,9,replay,seal_storage,True,refinement_fixed_preparation,0.00022034673020243645,1,1.3352348450571299,nested_function_timer
brusselator,optimized,114,113,9,replay,image,False,refinement_dynamic_and_dispatch,0.024137526750564575,9,1.3352348450571299,nested_function_timer
brusselator,optimized,114,113,9,replay,_post_accept_refine_raw_remainder,False,refinement_dynamic_and_dispatch,0.0022229012101888657,1,1.3352348450571299,nested_function_timer
brusselator,optimized,114,113,9,boundary,endpoint_correction,False,boundary_and_endpoint_correction,0.015745742712169886,3,1.3352348450571299,nested_function_timer
brusselator,optimized,114,113,9,boundary,boundary,False,boundary_and_endpoint_correction,0.8107805480249226,1,1.3352348450571299,nested_function_timer
brusselator,optimized,114,113,9,other,unattributed,False,other_including_unclassified_python,0.023497358430176973,0,1.3352348450571299,nested_function_timer
brusselator,optimized,115,114,9,other,object_checks_and_small_tensors,False,python_objects_and_small_tensor_checks,0.0028669838793575764,107,1.3103534751571715,nested_function_timer
brusselator,optimized,115,114,9,candidate,object_checks_and_small_tensors,False,python_objects_and_small_tensor_checks,0.01035770820453763,458,1.3103534751571715,nested_function_timer
brusselator,optimized,115,114,9,candidate,polynomial_component,True,polynomial_multiply_truncate_range,0.00038795312866568565,36,1.3103534751571715,nested_function_timer
brusselator,optimized,115,114,9,candidate,interval_arithmetic,True,polynomial_multiply_truncate_range,0.019962670747190714,324,1.3103534751571715,nested_function_timer
brusselator,optimized,115,114,9,candidate,polynomial_mul_trunc,True,polynomial_multiply_truncate_range,0.09446176700294018,24,1.3103534751571715,nested_function_timer
brusselator,optimized,115,114,9,candidate,polynomial_range_bound,True,polynomial_multiply_truncate_range,0.05322170536965132,48,1.3103534751571715,nested_function_timer
brusselator,optimized,115,114,9,candidate,interval_arithmetic,False,candidate_construction_excluding_classified_polynomial_work,0.006863499991595745,234,1.3103534751571715,nested_function_timer
brusselator,optimized,115,114,9,candidate,polynomial_sub,True,polynomial_multiply_truncate_range,0.0001368424855172634,12,1.3103534751571715,nested_function_timer
brusselator,optimized,115,114,9,candidate,polynomial_add,True,polynomial_multiply_truncate_range,0.00015855347737669945,12,1.3103534751571715,nested_function_timer
brusselator,optimized,115,114,9,candidate,polynomial_integrate,True,polynomial_multiply_truncate_range,0.00727425143122673,6,1.3103534751571715,nested_function_timer
brusselator,optimized,115,114,9,candidate,polynomial_apply_cutoff,True,polynomial_multiply_truncate_range,0.007004843093454838,6,1.3103534751571715,nested_function_timer
brusselator,optimized,115,114,9,candidate,dense_polynomial_picard,False,candidate_construction_excluding_classified_polynomial_work,0.011184641160070896,1,1.3103534751571715,nested_function_timer
brusselator,optimized,115,114,9,other,interval_arithmetic,False,other_including_unclassified_python,0.0016143727116286755,69,1.3103534751571715,nested_function_timer
brusselator,optimized,115,114,9,other,polynomial_component,True,polynomial_multiply_truncate_range,6.305985152721405e-05,6,1.3103534751571715,nested_function_timer
brusselator,optimized,115,114,9,other,interval_arithmetic,True,polynomial_multiply_truncate_range,0.0032739252783358097,54,1.3103534751571715,nested_function_timer
brusselator,optimized,115,114,9,other,polynomial_mul_trunc,True,polynomial_multiply_truncate_range,0.015661995857954025,4,1.3103534751571715,nested_function_timer
brusselator,optimized,115,114,9,other,polynomial_range_bound,True,polynomial_multiply_truncate_range,0.00999933760613203,9,1.3103534751571715,nested_function_timer
brusselator,optimized,115,114,9,other,polynomial_sub,True,polynomial_multiply_truncate_range,3.177206963300705e-05,3,1.3103534751571715,nested_function_timer
brusselator,optimized,115,114,9,other,polynomial_add,True,polynomial_multiply_truncate_range,2.223532646894455e-05,2,1.3103534751571715,nested_function_timer
brusselator,optimized,115,114,9,other,polynomial_integrate,True,polynomial_multiply_truncate_range,0.0011774180456995964,1,1.3103534751571715,nested_function_timer
brusselator,optimized,115,114,9,initial,polynomial_component,True,polynomial_multiply_truncate_range,8.281180635094643e-05,8,1.3103534751571715,nested_function_timer
brusselator,optimized,115,114,9,initial,object_checks_and_small_tensors,False,python_objects_and_small_tensor_checks,0.0044120848178863525,152,1.3103534751571715,nested_function_timer
brusselator,optimized,115,114,9,initial,interval_arithmetic,True,polynomial_multiply_truncate_range,0.007121483329683542,117,1.3103534751571715,nested_function_timer
brusselator,optimized,115,114,9,initial,polynomial_mul_trunc,True,polynomial_multiply_truncate_range,0.032234614714980125,8,1.3103534751571715,nested_function_timer
brusselator,optimized,115,114,9,initial,polynomial_range_bound,True,polynomial_multiply_truncate_range,0.018608551938086748,17,1.3103534751571715,nested_function_timer
brusselator,optimized,115,114,9,initial,interval_arithmetic,False,initial_remainder_excluding_classified_polynomial_work,0.00277579203248024,109,1.3103534751571715,nested_function_timer
brusselator,optimized,115,114,9,initial,polynomial_apply_cutoff,True,polynomial_multiply_truncate_range,0.005620705429464579,5,1.3103534751571715,nested_function_timer
brusselator,optimized,115,114,9,initial,polynomial_sub,True,polynomial_multiply_truncate_range,5.7606492191553116e-05,5,1.3103534751571715,nested_function_timer
brusselator,optimized,115,114,9,initial,polynomial_add,True,polynomial_multiply_truncate_range,3.333063796162605e-05,3,1.3103534751571715,nested_function_timer
brusselator,optimized,115,114,9,initial,polynomial_integrate,True,polynomial_multiply_truncate_range,0.0011761407367885113,1,1.3103534751571715,nested_function_timer
brusselator,optimized,115,114,9,initial,image,False,initial_remainder_excluding_classified_polynomial_work,0.0038342210464179516,1,1.3103534751571715,nested_function_timer
brusselator,optimized,115,114,9,replay,object_checks_and_small_tensors,False,python_objects_and_small_tensor_checks,0.03728476585820317,1278,1.3103534751571715,nested_function_timer
brusselator,optimized,115,114,9,replay,object_checks_and_small_tensors,True,refinement_fixed_preparation,9.801564738154411e-05,4,1.3103534751571715,nested_function_timer
brusselator,optimized,115,114,9,replay,prepare_snapshot,True,refinement_fixed_preparation,0.0020229630172252655,1,1.3103534751571715,nested_function_timer
brusselator,optimized,115,114,9,replay,binding_checks,False,refinement_dynamic_and_dispatch,0.00011227931827306747,9,1.3103534751571715,nested_function_timer
brusselator,optimized,115,114,9,replay,polynomial_component,True,refinement_fixed_preparation,2.4991575628519058e-05,2,1.3103534751571715,nested_function_timer
brusselator,optimized,115,114,9,replay,cache_dispatch,False,refinement_dynamic_and_dispatch,0.0029019201174378395,387,1.3103534751571715,nested_function_timer
brusselator,optimized,115,114,9,replay,interval_arithmetic,True,refinement_fixed_preparation,0.004620722029358149,72,1.3103534751571715,nested_function_timer
brusselator,optimized,115,114,9,replay,polynomial_mul_trunc,True,refinement_fixed_preparation,0.024004890583455563,6,1.3103534751571715,nested_function_timer
brusselator,optimized,115,114,9,replay,polynomial_range_bound,True,refinement_fixed_preparation,0.007751239463686943,7,1.3103534751571715,nested_function_timer
brusselator,optimized,115,114,9,replay,interval_arithmetic,False,refinement_dynamic_and_dispatch,0.025260067079216242,981,1.3103534751571715,nested_function_timer
brusselator,optimized,115,114,9,replay,polynomial_apply_cutoff,True,refinement_fixed_preparation,0.004584057722240686,4,1.3103534751571715,nested_function_timer
brusselator,optimized,115,114,9,replay,polynomial_sub,True,refinement_fixed_preparation,6.304774433374405e-05,5,1.3103534751571715,nested_function_timer
brusselator,optimized,115,114,9,replay,polynomial_add,True,refinement_fixed_preparation,3.6079902201890945e-05,3,1.3103534751571715,nested_function_timer
brusselator,optimized,115,114,9,replay,prepare_graph,False,refinement_dynamic_and_dispatch,0.00309855118393898,2,1.3103534751571715,nested_function_timer
brusselator,optimized,115,114,9,replay,polynomial_integrate,True,refinement_fixed_preparation,0.0011939122341573238,1,1.3103534751571715,nested_function_timer
brusselator,optimized,115,114,9,replay,seal_storage,True,refinement_fixed_preparation,0.00019802525639533997,1,1.3103534751571715,nested_function_timer
brusselator,optimized,115,114,9,replay,image,False,refinement_dynamic_and_dispatch,0.02329206746071577,9,1.3103534751571715,nested_function_timer
brusselator,optimized,115,114,9,replay,_post_accept_refine_raw_remainder,False,refinement_dynamic_and_dispatch,0.0020634070970118046,1,1.3103534751571715,nested_function_timer
brusselator,optimized,115,114,9,boundary,endpoint_correction,False,boundary_and_endpoint_correction,0.015500104986131191,3,1.3103534751571715,nested_function_timer
brusselator,optimized,115,114,9,boundary,boundary,False,boundary_and_endpoint_correction,0.8112140772864223,1,1.3103534751571715,nested_function_timer
brusselator,optimized,115,114,9,other,unattributed,False,other_including_unclassified_python,0.023345409892499447,0,1.3103534751571715,nested_function_timer
brusselator,optimized,116,115,9,other,object_checks_and_small_tensors,False,python_objects_and_small_tensor_checks,0.0027615074068307877,107,1.3011449580080807,nested_function_timer
brusselator,optimized,116,115,9,candidate,object_checks_and_small_tensors,False,python_objects_and_small_tensor_checks,0.01032997015863657,458,1.3011449580080807,nested_function_timer
brusselator,optimized,116,115,9,candidate,polynomial_component,True,polynomial_multiply_truncate_range,0.00038395263254642487,36,1.3011449580080807,nested_function_timer
brusselator,optimized,116,115,9,candidate,interval_arithmetic,True,polynomial_multiply_truncate_range,0.019942286424338818,324,1.3011449580080807,nested_function_timer
brusselator,optimized,116,115,9,candidate,polynomial_mul_trunc,True,polynomial_multiply_truncate_range,0.0944003239274025,24,1.3011449580080807,nested_function_timer
brusselator,optimized,116,115,9,candidate,polynomial_range_bound,True,polynomial_multiply_truncate_range,0.054560377728194,48,1.3011449580080807,nested_function_timer
brusselator,optimized,116,115,9,candidate,interval_arithmetic,False,candidate_construction_excluding_classified_polynomial_work,0.006936392746865749,234,1.3011449580080807,nested_function_timer
brusselator,optimized,116,115,9,candidate,polynomial_sub,True,polynomial_multiply_truncate_range,0.00013967277482151985,12,1.3011449580080807,nested_function_timer
brusselator,optimized,116,115,9,candidate,polynomial_add,True,polynomial_multiply_truncate_range,0.00015798630192875862,12,1.3011449580080807,nested_function_timer
brusselator,optimized,116,115,9,candidate,polynomial_integrate,True,polynomial_multiply_truncate_range,0.007142267655581236,6,1.3011449580080807,nested_function_timer
brusselator,optimized,116,115,9,candidate,polynomial_apply_cutoff,True,polynomial_multiply_truncate_range,0.00685859052464366,6,1.3011449580080807,nested_function_timer
brusselator,optimized,116,115,9,candidate,dense_polynomial_picard,False,candidate_construction_excluding_classified_polynomial_work,0.011310065165162086,1,1.3011449580080807,nested_function_timer
brusselator,optimized,116,115,9,other,interval_arithmetic,False,other_including_unclassified_python,0.0015690801665186882,69,1.3011449580080807,nested_function_timer
brusselator,optimized,116,115,9,other,polynomial_component,True,polynomial_multiply_truncate_range,6.26053661108017e-05,6,1.3011449580080807,nested_function_timer
brusselator,optimized,116,115,9,other,interval_arithmetic,True,polynomial_multiply_truncate_range,0.003286968916654587,54,1.3011449580080807,nested_function_timer
brusselator,optimized,116,115,9,other,polynomial_mul_trunc,True,polynomial_multiply_truncate_range,0.01567169278860092,4,1.3011449580080807,nested_function_timer
brusselator,optimized,116,115,9,other,polynomial_range_bound,True,polynomial_multiply_truncate_range,0.010034481063485146,9,1.3011449580080807,nested_function_timer
brusselator,optimized,116,115,9,other,polynomial_sub,True,polynomial_multiply_truncate_range,3.386009484529495e-05,3,1.3011449580080807,nested_function_timer
brusselator,optimized,116,115,9,other,polynomial_add,True,polynomial_multiply_truncate_range,2.326536923646927e-05,2,1.3011449580080807,nested_function_timer
brusselator,optimized,116,115,9,other,polynomial_integrate,True,polynomial_multiply_truncate_range,0.001267364714294672,1,1.3011449580080807,nested_function_timer
brusselator,optimized,116,115,9,initial,polynomial_component,True,polynomial_multiply_truncate_range,8.298037573695183e-05,8,1.3011449580080807,nested_function_timer
brusselator,optimized,116,115,9,initial,object_checks_and_small_tensors,False,python_objects_and_small_tensor_checks,0.0043295277282595634,152,1.3011449580080807,nested_function_timer
brusselator,optimized,116,115,9,initial,interval_arithmetic,True,polynomial_multiply_truncate_range,0.0070812939666211605,117,1.3011449580080807,nested_function_timer
brusselator,optimized,116,115,9,initial,polynomial_mul_trunc,True,polynomial_multiply_truncate_range,0.031217181123793125,8,1.3011449580080807,nested_function_timer
brusselator,optimized,116,115,9,initial,polynomial_range_bound,True,polynomial_multiply_truncate_range,0.019041610416024923,17,1.3011449580080807,nested_function_timer
brusselator,optimized,116,115,9,initial,interval_arithmetic,False,initial_remainder_excluding_classified_polynomial_work,0.0028303381986916065,109,1.3011449580080807,nested_function_timer
brusselator,optimized,116,115,9,initial,polynomial_apply_cutoff,True,polynomial_multiply_truncate_range,0.005631989799439907,5,1.3011449580080807,nested_function_timer
brusselator,optimized,116,115,9,initial,polynomial_sub,True,polynomial_multiply_truncate_range,5.9452373534440994e-05,5,1.3011449580080807,nested_function_timer
brusselator,optimized,116,115,9,initial,polynomial_add,True,polynomial_multiply_truncate_range,3.291759639978409e-05,3,1.3011449580080807,nested_function_timer
brusselator,optimized,116,115,9,initial,polynomial_integrate,True,polynomial_multiply_truncate_range,0.0011805538088083267,1,1.3011449580080807,nested_function_timer
brusselator,optimized,116,115,9,initial,image,False,initial_remainder_excluding_classified_polynomial_work,0.003800385631620884,1,1.3011449580080807,nested_function_timer
brusselator,optimized,116,115,9,replay,object_checks_and_small_tensors,False,python_objects_and_small_tensor_checks,0.037044575437903404,1278,1.3011449580080807,nested_function_timer
brusselator,optimized,116,115,9,replay,object_checks_and_small_tensors,True,refinement_fixed_preparation,0.00012315250933170319,4,1.3011449580080807,nested_function_timer
brusselator,optimized,116,115,9,replay,prepare_snapshot,True,refinement_fixed_preparation,0.0022118506021797657,1,1.3011449580080807,nested_function_timer
brusselator,optimized,116,115,9,replay,binding_checks,False,refinement_dynamic_and_dispatch,0.00011198455467820168,9,1.3011449580080807,nested_function_timer
brusselator,optimized,116,115,9,replay,polynomial_component,True,refinement_fixed_preparation,2.4698209017515182e-05,2,1.3011449580080807,nested_function_timer
brusselator,optimized,116,115,9,replay,cache_dispatch,False,refinement_dynamic_and_dispatch,0.002874338533729315,387,1.3011449580080807,nested_function_timer
brusselator,optimized,116,115,9,replay,interval_arithmetic,True,refinement_fixed_preparation,0.0046186065301299095,72,1.3011449580080807,nested_function_timer
brusselator,optimized,116,115,9,replay,polynomial_mul_trunc,True,refinement_fixed_preparation,0.023718586657196283,6,1.3011449580080807,nested_function_timer
brusselator,optimized,116,115,9,replay,polynomial_range_bound,True,refinement_fixed_preparation,0.007822195999324322,7,1.3011449580080807,nested_function_timer
brusselator,optimized,116,115,9,replay,interval_arithmetic,False,refinement_dynamic_and_dispatch,0.025071866810321808,981,1.3011449580080807,nested_function_timer
brusselator,optimized,116,115,9,replay,polynomial_apply_cutoff,True,refinement_fixed_preparation,0.0045356303453445435,4,1.3011449580080807,nested_function_timer
brusselator,optimized,116,115,9,replay,polynomial_sub,True,refinement_fixed_preparation,6.140489131212234e-05,5,1.3011449580080807,nested_function_timer
brusselator,optimized,116,115,9,replay,polynomial_add,True,refinement_fixed_preparation,3.580329939723015e-05,3,1.3011449580080807,nested_function_timer
brusselator,optimized,116,115,9,replay,prepare_graph,False,refinement_dynamic_and_dispatch,0.0031595947220921516,2,1.3011449580080807,nested_function_timer
brusselator,optimized,116,115,9,replay,polynomial_integrate,True,refinement_fixed_preparation,0.0011989986523985863,1,1.3011449580080807,nested_function_timer
brusselator,optimized,116,115,9,replay,seal_storage,True,refinement_fixed_preparation,0.0002106321044266224,1,1.3011449580080807,nested_function_timer
brusselator,optimized,116,115,9,replay,image,False,refinement_dynamic_and_dispatch,0.02282804809510708,9,1.3011449580080807,nested_function_timer
brusselator,optimized,116,115,9,replay,_post_accept_refine_raw_remainder,False,refinement_dynamic_and_dispatch,0.0021453932859003544,1,1.3011449580080807,nested_function_timer
brusselator,optimized,116,115,9,boundary,endpoint_correction,False,boundary_and_endpoint_correction,0.01547944825142622,3,1.3011449580080807,nested_function_timer
brusselator,optimized,116,115,9,boundary,boundary,False,boundary_and_endpoint_correction,0.8022048231214285,1,1.3011449580080807,nested_function_timer
brusselator,optimized,116,115,9,other,unattributed,False,other_including_unclassified_python,0.023502382449805737,0,1.3011449580080807,nested_function_timer
brusselator,optimized,117,116,9,other,object_checks_and_small_tensors,False,python_objects_and_small_tensor_checks,0.002766996156424284,107,1.3234710721299052,nested_function_timer
brusselator,optimized,117,116,9,candidate,object_checks_and_small_tensors,False,python_objects_and_small_tensor_checks,0.010353835765272379,458,1.3234710721299052,nested_function_timer
brusselator,optimized,117,116,9,candidate,polynomial_component,True,polynomial_multiply_truncate_range,0.0003679362125694752,36,1.3234710721299052,nested_function_timer
brusselator,optimized,117,116,9,candidate,interval_arithmetic,True,polynomial_multiply_truncate_range,0.0198525283485651,324,1.3234710721299052,nested_function_timer
brusselator,optimized,117,116,9,candidate,polynomial_mul_trunc,True,polynomial_multiply_truncate_range,0.09500020695850253,24,1.3234710721299052,nested_function_timer
brusselator,optimized,117,116,9,candidate,polynomial_range_bound,True,polynomial_multiply_truncate_range,0.05360857164487243,48,1.3234710721299052,nested_function_timer
brusselator,optimized,117,116,9,candidate,interval_arithmetic,False,candidate_construction_excluding_classified_polynomial_work,0.006960512604564428,234,1.3234710721299052,nested_function_timer
brusselator,optimized,117,116,9,candidate,polynomial_sub,True,polynomial_multiply_truncate_range,0.0001390562392771244,12,1.3234710721299052,nested_function_timer
brusselator,optimized,117,116,9,candidate,polynomial_add,True,polynomial_multiply_truncate_range,0.0001406376250088215,12,1.3234710721299052,nested_function_timer
brusselator,optimized,117,116,9,candidate,polynomial_integrate,True,polynomial_multiply_truncate_range,0.007141120731830597,6,1.3234710721299052,nested_function_timer
brusselator,optimized,117,116,9,candidate,polynomial_apply_cutoff,True,polynomial_multiply_truncate_range,0.006923404987901449,6,1.3234710721299052,nested_function_timer
brusselator,optimized,117,116,9,candidate,dense_polynomial_picard,False,candidate_construction_excluding_classified_polynomial_work,0.011240314692258835,1,1.3234710721299052,nested_function_timer
brusselator,optimized,117,116,9,other,interval_arithmetic,False,other_including_unclassified_python,0.0015657399781048298,69,1.3234710721299052,nested_function_timer
brusselator,optimized,117,116,9,other,polynomial_component,True,polynomial_multiply_truncate_range,6.172992289066315e-05,6,1.3234710721299052,nested_function_timer
brusselator,optimized,117,116,9,other,interval_arithmetic,True,polynomial_multiply_truncate_range,0.003300875425338745,54,1.3234710721299052,nested_function_timer
brusselator,optimized,117,116,9,other,polynomial_mul_trunc,True,polynomial_multiply_truncate_range,0.015828038100153208,4,1.3234710721299052,nested_function_timer
brusselator,optimized,117,116,9,other,polynomial_range_bound,True,polynomial_multiply_truncate_range,0.009961763396859169,9,1.3234710721299052,nested_function_timer
brusselator,optimized,117,116,9,other,polynomial_sub,True,polynomial_multiply_truncate_range,3.288360312581062e-05,3,1.3234710721299052,nested_function_timer
brusselator,optimized,117,116,9,other,polynomial_add,True,polynomial_multiply_truncate_range,2.3328233510255814e-05,2,1.3234710721299052,nested_function_timer
brusselator,optimized,117,116,9,other,polynomial_integrate,True,polynomial_multiply_truncate_range,0.0011843759566545486,1,1.3234710721299052,nested_function_timer
brusselator,optimized,117,116,9,initial,polynomial_component,True,polynomial_multiply_truncate_range,8.369795978069305e-05,8,1.3234710721299052,nested_function_timer
brusselator,optimized,117,116,9,initial,object_checks_and_small_tensors,False,python_objects_and_small_tensor_checks,0.004436399322003126,152,1.3234710721299052,nested_function_timer
brusselator,optimized,117,116,9,initial,interval_arithmetic,True,polynomial_multiply_truncate_range,0.007330780848860741,117,1.3234710721299052,nested_function_timer
brusselator,optimized,117,116,9,initial,polynomial_mul_trunc,True,polynomial_multiply_truncate_range,0.03210266958922148,8,1.3234710721299052,nested_function_timer
brusselator,optimized,117,116,9,initial,polynomial_range_bound,True,polynomial_multiply_truncate_range,0.019486756063997746,17,1.3234710721299052,nested_function_timer
brusselator,optimized,117,116,9,initial,interval_arithmetic,False,initial_remainder_excluding_classified_polynomial_work,0.0028861514292657375,109,1.3234710721299052,nested_function_timer
brusselator,optimized,117,116,9,initial,polynomial_apply_cutoff,True,polynomial_multiply_truncate_range,0.0056948065757751465,5,1.3234710721299052,nested_function_timer
brusselator,optimized,117,116,9,initial,polynomial_sub,True,polynomial_multiply_truncate_range,7.425341755151749e-05,5,1.3234710721299052,nested_function_timer
brusselator,optimized,117,116,9,initial,polynomial_add,True,polynomial_multiply_truncate_range,3.336463123559952e-05,3,1.3234710721299052,nested_function_timer
brusselator,optimized,117,116,9,initial,polynomial_integrate,True,polynomial_multiply_truncate_range,0.001221426296979189,1,1.3234710721299052,nested_function_timer
brusselator,optimized,117,116,9,initial,image,False,initial_remainder_excluding_classified_polynomial_work,0.0038656797260046005,1,1.3234710721299052,nested_function_timer
brusselator,optimized,117,116,9,replay,object_checks_and_small_tensors,False,python_objects_and_small_tensor_checks,0.03992334334179759,1278,1.3234710721299052,nested_function_timer
brusselator,optimized,117,116,9,replay,object_checks_and_small_tensors,True,refinement_fixed_preparation,9.86284576356411e-05,4,1.3234710721299052,nested_function_timer
brusselator,optimized,117,116,9,replay,prepare_snapshot,True,refinement_fixed_preparation,0.002151399850845337,1,1.3234710721299052,nested_function_timer
brusselator,optimized,117,116,9,replay,binding_checks,False,refinement_dynamic_and_dispatch,0.00011910637840628624,9,1.3234710721299052,nested_function_timer
brusselator,optimized,117,116,9,replay,polynomial_component,True,refinement_fixed_preparation,2.5352928787469864e-05,2,1.3234710721299052,nested_function_timer
brusselator,optimized,117,116,9,replay,cache_dispatch,False,refinement_dynamic_and_dispatch,0.0030758902430534363,387,1.3234710721299052,nested_function_timer
brusselator,optimized,117,116,9,replay,interval_arithmetic,True,refinement_fixed_preparation,0.004961855243891478,72,1.3234710721299052,nested_function_timer
brusselator,optimized,117,116,9,replay,polynomial_mul_trunc,True,refinement_fixed_preparation,0.025646892841905355,6,1.3234710721299052,nested_function_timer
brusselator,optimized,117,116,9,replay,polynomial_range_bound,True,refinement_fixed_preparation,0.00834004208445549,7,1.3234710721299052,nested_function_timer
brusselator,optimized,117,116,9,replay,interval_arithmetic,False,refinement_dynamic_and_dispatch,0.026756762992590666,981,1.3234710721299052,nested_function_timer
brusselator,optimized,117,116,9,replay,polynomial_apply_cutoff,True,refinement_fixed_preparation,0.0050791287794709206,4,1.3234710721299052,nested_function_timer
brusselator,optimized,117,116,9,replay,polynomial_sub,True,refinement_fixed_preparation,6.60954974591732e-05,5,1.3234710721299052,nested_function_timer
brusselator,optimized,117,116,9,replay,polynomial_add,True,refinement_fixed_preparation,3.9466191083192825e-05,3,1.3234710721299052,nested_function_timer
brusselator,optimized,117,116,9,replay,prepare_graph,False,refinement_dynamic_and_dispatch,0.0033680498600006104,2,1.3234710721299052,nested_function_timer
brusselator,optimized,117,116,9,replay,polynomial_integrate,True,refinement_fixed_preparation,0.0013425806537270546,1,1.3234710721299052,nested_function_timer
brusselator,optimized,117,116,9,replay,seal_storage,True,refinement_fixed_preparation,0.00022601382806897163,1,1.3234710721299052,nested_function_timer
brusselator,optimized,117,116,9,replay,image,False,refinement_dynamic_and_dispatch,0.024203813169151545,9,1.3234710721299052,nested_function_timer
brusselator,optimized,117,116,9,replay,_post_accept_refine_raw_remainder,False,refinement_dynamic_and_dispatch,0.0022152247838675976,1,1.3234710721299052,nested_function_timer
brusselator,optimized,117,116,9,boundary,endpoint_correction,False,boundary_and_endpoint_correction,0.015509897843003273,3,1.3234710721299052,nested_function_timer
brusselator,optimized,117,116,9,boundary,boundary,False,boundary_and_endpoint_correction,0.8131303149275482,1,1.3234710721299052,nested_function_timer
brusselator,optimized,117,116,9,other,unattributed,False,other_including_unclassified_python,0.02352136978879571,0,1.3234710721299052,nested_function_timer
brusselator,optimized,118,117,9,other,object_checks_and_small_tensors,False,python_objects_and_small_tensor_checks,0.002981917466968298,107,1.3153593633323908,nested_function_timer
brusselator,optimized,118,117,9,candidate,object_checks_and_small_tensors,False,python_objects_and_small_tensor_checks,0.010398352053016424,458,1.3153593633323908,nested_function_timer
brusselator,optimized,118,117,9,candidate,polynomial_component,True,polynomial_multiply_truncate_range,0.0003703255206346512,36,1.3153593633323908,nested_function_timer
brusselator,optimized,118,117,9,candidate,interval_arithmetic,True,polynomial_multiply_truncate_range,0.02025268552824855,324,1.3153593633323908,nested_function_timer
brusselator,optimized,118,117,9,candidate,polynomial_mul_trunc,True,polynomial_multiply_truncate_range,0.09681919682770967,24,1.3153593633323908,nested_function_timer
brusselator,optimized,118,117,9,candidate,polynomial_range_bound,True,polynomial_multiply_truncate_range,0.05452025402337313,48,1.3153593633323908,nested_function_timer
brusselator,optimized,118,117,9,candidate,interval_arithmetic,False,candidate_construction_excluding_classified_polynomial_work,0.0069555421359837055,234,1.3153593633323908,nested_function_timer
brusselator,optimized,118,117,9,candidate,polynomial_sub,True,polynomial_multiply_truncate_range,0.00019439728930592537,12,1.3153593633323908,nested_function_timer
brusselator,optimized,118,117,9,candidate,polynomial_add,True,polynomial_multiply_truncate_range,0.00015734834596514702,12,1.3153593633323908,nested_function_timer
brusselator,optimized,118,117,9,candidate,polynomial_integrate,True,polynomial_multiply_truncate_range,0.007151337340474129,6,1.3153593633323908,nested_function_timer
brusselator,optimized,118,117,9,candidate,polynomial_apply_cutoff,True,polynomial_multiply_truncate_range,0.0068478877656161785,6,1.3153593633323908,nested_function_timer
brusselator,optimized,118,117,9,candidate,dense_polynomial_picard,False,candidate_construction_excluding_classified_polynomial_work,0.011360436212271452,1,1.3153593633323908,nested_function_timer
brusselator,optimized,118,117,9,other,interval_arithmetic,False,other_including_unclassified_python,0.0016953777521848679,69,1.3153593633323908,nested_function_timer
brusselator,optimized,118,117,9,other,polynomial_component,True,polynomial_multiply_truncate_range,6.57159835100174e-05,6,1.3153593633323908,nested_function_timer
brusselator,optimized,118,117,9,other,interval_arithmetic,True,polynomial_multiply_truncate_range,0.0035903085954487324,54,1.3153593633323908,nested_function_timer
brusselator,optimized,118,117,9,other,polynomial_mul_trunc,True,polynomial_multiply_truncate_range,0.01678199367597699,4,1.3153593633323908,nested_function_timer
brusselator,optimized,118,117,9,other,polynomial_range_bound,True,polynomial_multiply_truncate_range,0.010923068039119244,9,1.3153593633323908,nested_function_timer
brusselator,optimized,118,117,9,other,polynomial_sub,True,polynomial_multiply_truncate_range,5.2799005061388016e-05,3,1.3153593633323908,nested_function_timer
brusselator,optimized,118,117,9,other,polynomial_add,True,polynomial_multiply_truncate_range,2.4689827114343643e-05,2,1.3153593633323908,nested_function_timer
brusselator,optimized,118,117,9,other,polynomial_integrate,True,polynomial_multiply_truncate_range,0.0012914887629449368,1,1.3153593633323908,nested_function_timer
brusselator,optimized,118,117,9,initial,polynomial_component,True,polynomial_multiply_truncate_range,8.429586887359619e-05,8,1.3153593633323908,nested_function_timer
brusselator,optimized,118,117,9,initial,object_checks_and_small_tensors,False,python_objects_and_small_tensor_checks,0.00444063963368535,152,1.3153593633323908,nested_function_timer
brusselator,optimized,118,117,9,initial,interval_arithmetic,True,polynomial_multiply_truncate_range,0.007084413431584835,117,1.3153593633323908,nested_function_timer
brusselator,optimized,118,117,9,initial,polynomial_mul_trunc,True,polynomial_multiply_truncate_range,0.03141006175428629,8,1.3153593633323908,nested_function_timer
brusselator,optimized,118,117,9,initial,polynomial_range_bound,True,polynomial_multiply_truncate_range,0.019130284432321787,17,1.3153593633323908,nested_function_timer
brusselator,optimized,118,117,9,initial,interval_arithmetic,False,initial_remainder_excluding_classified_polynomial_work,0.0027834498323500156,109,1.3153593633323908,nested_function_timer
brusselator,optimized,118,117,9,initial,polynomial_apply_cutoff,True,polynomial_multiply_truncate_range,0.005615865346044302,5,1.3153593633323908,nested_function_timer
brusselator,optimized,118,117,9,initial,polynomial_sub,True,polynomial_multiply_truncate_range,5.965260788798332e-05,5,1.3153593633323908,nested_function_timer
brusselator,optimized,118,117,9,initial,polynomial_add,True,polynomial_multiply_truncate_range,3.295252099633217e-05,3,1.3153593633323908,nested_function_timer
brusselator,optimized,118,117,9,initial,polynomial_integrate,True,polynomial_multiply_truncate_range,0.0011841654777526855,1,1.3153593633323908,nested_function_timer
brusselator,optimized,118,117,9,initial,image,False,initial_remainder_excluding_classified_polynomial_work,0.003815361298620701,1,1.3153593633323908,nested_function_timer
brusselator,optimized,118,117,9,replay,object_checks_and_small_tensors,False,python_objects_and_small_tensor_checks,0.03645318141207099,1278,1.3153593633323908,nested_function_timer
brusselator,optimized,118,117,9,replay,object_checks_and_small_tensors,True,refinement_fixed_preparation,9.806966409087181e-05,4,1.3153593633323908,nested_function_timer
brusselator,optimized,118,117,9,replay,prepare_snapshot,True,refinement_fixed_preparation,0.002119045238941908,1,1.3153593633323908,nested_function_timer
brusselator,optimized,118,117,9,replay,binding_checks,False,refinement_dynamic_and_dispatch,0.00011574570089578629,9,1.3153593633323908,nested_function_timer
brusselator,optimized,118,117,9,replay,polynomial_component,True,refinement_fixed_preparation,2.505071461200714e-05,2,1.3153593633323908,nested_function_timer
brusselator,optimized,118,117,9,replay,cache_dispatch,False,refinement_dynamic_and_dispatch,0.002883980982005596,387,1.3153593633323908,nested_function_timer
brusselator,optimized,118,117,9,replay,interval_arithmetic,True,refinement_fixed_preparation,0.004651330411434174,72,1.3153593633323908,nested_function_timer
brusselator,optimized,118,117,9,replay,polynomial_mul_trunc,True,refinement_fixed_preparation,0.024109020363539457,6,1.3153593633323908,nested_function_timer
brusselator,optimized,118,117,9,replay,polynomial_range_bound,True,refinement_fixed_preparation,0.007846199441701174,7,1.3153593633323908,nested_function_timer
brusselator,optimized,118,117,9,replay,interval_arithmetic,False,refinement_dynamic_and_dispatch,0.02487678686156869,981,1.3153593633323908,nested_function_timer
brusselator,optimized,118,117,9,replay,polynomial_apply_cutoff,True,refinement_fixed_preparation,0.00451996736228466,4,1.3153593633323908,nested_function_timer
brusselator,optimized,118,117,9,replay,polynomial_sub,True,refinement_fixed_preparation,6.818259134888649e-05,5,1.3153593633323908,nested_function_timer
brusselator,optimized,118,117,9,replay,polynomial_add,True,refinement_fixed_preparation,3.471970558166504e-05,3,1.3153593633323908,nested_function_timer
brusselator,optimized,118,117,9,replay,prepare_graph,False,refinement_dynamic_and_dispatch,0.003133872989565134,2,1.3153593633323908,nested_function_timer
brusselator,optimized,118,117,9,replay,polynomial_integrate,True,refinement_fixed_preparation,0.001192804891616106,1,1.3153593633323908,nested_function_timer
brusselator,optimized,118,117,9,replay,seal_storage,True,refinement_fixed_preparation,0.00020029395818710327,1,1.3153593633323908,nested_function_timer
brusselator,optimized,118,117,9,replay,image,False,refinement_dynamic_and_dispatch,0.023105028551071882,9,1.3153593633323908,nested_function_timer
brusselator,optimized,118,117,9,replay,_post_accept_refine_raw_remainder,False,refinement_dynamic_and_dispatch,0.002198526170104742,1,1.3153593633323908,nested_function_timer
brusselator,optimized,118,117,9,boundary,endpoint_correction,False,boundary_and_endpoint_correction,0.015618159901350737,3,1.3153593633323908,nested_function_timer
brusselator,optimized,118,117,9,boundary,boundary,False,boundary_and_endpoint_correction,0.8102654339745641,1,1.3153593633323908,nested_function_timer
brusselator,optimized,118,117,9,other,unattributed,False,other_including_unclassified_python,0.02376769809052348,0,1.3153593633323908,nested_function_timer
brusselator,optimized,119,118,9,other,object_checks_and_small_tensors,False,python_objects_and_small_tensor_checks,0.002787837292999029,107,1.2960683889687061,nested_function_timer
brusselator,optimized,119,118,9,candidate,object_checks_and_small_tensors,False,python_objects_and_small_tensor_checks,0.010353872086852789,458,1.2960683889687061,nested_function_timer
brusselator,optimized,119,118,9,candidate,polynomial_component,True,polynomial_multiply_truncate_range,0.0003743292763829231,36,1.2960683889687061,nested_function_timer
brusselator,optimized,119,118,9,candidate,interval_arithmetic,True,polynomial_multiply_truncate_range,0.01993575319647789,324,1.2960683889687061,nested_function_timer
brusselator,optimized,119,118,9,candidate,polynomial_mul_trunc,True,polynomial_multiply_truncate_range,0.09475565981119871,24,1.2960683889687061,nested_function_timer
brusselator,optimized,119,118,9,candidate,polynomial_range_bound,True,polynomial_multiply_truncate_range,0.053381871432065964,48,1.2960683889687061,nested_function_timer
brusselator,optimized,119,118,9,candidate,interval_arithmetic,False,candidate_construction_excluding_classified_polynomial_work,0.006944513414055109,234,1.2960683889687061,nested_function_timer
brusselator,optimized,119,118,9,candidate,polynomial_sub,True,polynomial_multiply_truncate_range,0.00013881968334317207,12,1.2960683889687061,nested_function_timer
brusselator,optimized,119,118,9,candidate,polynomial_add,True,polynomial_multiply_truncate_range,0.00014106789603829384,12,1.2960683889687061,nested_function_timer
brusselator,optimized,119,118,9,candidate,polynomial_integrate,True,polynomial_multiply_truncate_range,0.0072623626329004765,6,1.2960683889687061,nested_function_timer
brusselator,optimized,119,118,9,candidate,polynomial_apply_cutoff,True,polynomial_multiply_truncate_range,0.006876714527606964,6,1.2960683889687061,nested_function_timer
brusselator,optimized,119,118,9,candidate,dense_polynomial_picard,False,candidate_construction_excluding_classified_polynomial_work,0.011593937873840332,1,1.2960683889687061,nested_function_timer
brusselator,optimized,119,118,9,other,interval_arithmetic,False,other_including_unclassified_python,0.0015676370821893215,69,1.2960683889687061,nested_function_timer
brusselator,optimized,119,118,9,other,polynomial_component,True,polynomial_multiply_truncate_range,6.152130663394928e-05,6,1.2960683889687061,nested_function_timer
brusselator,optimized,119,118,9,other,interval_arithmetic,True,polynomial_multiply_truncate_range,0.0033466601744294167,54,1.2960683889687061,nested_function_timer
brusselator,optimized,119,118,9,other,polynomial_mul_trunc,True,polynomial_multiply_truncate_range,0.015703932847827673,4,1.2960683889687061,nested_function_timer
brusselator,optimized,119,118,9,other,polynomial_range_bound,True,polynomial_multiply_truncate_range,0.009842947591096163,9,1.2960683889687061,nested_function_timer
brusselator,optimized,119,118,9,other,polynomial_sub,True,polynomial_multiply_truncate_range,3.216369077563286e-05,3,1.2960683889687061,nested_function_timer
brusselator,optimized,119,118,9,other,polynomial_add,True,polynomial_multiply_truncate_range,2.2598542273044586e-05,2,1.2960683889687061,nested_function_timer
brusselator,optimized,119,118,9,other,polynomial_integrate,True,polynomial_multiply_truncate_range,0.001187622081488371,1,1.2960683889687061,nested_function_timer
brusselator,optimized,119,118,9,initial,polynomial_component,True,polynomial_multiply_truncate_range,8.127279579639435e-05,8,1.2960683889687061,nested_function_timer
brusselator,optimized,119,118,9,initial,object_checks_and_small_tensors,False,python_objects_and_small_tensor_checks,0.004363873042166233,152,1.2960683889687061,nested_function_timer
brusselator,optimized,119,118,9,initial,interval_arithmetic,True,polynomial_multiply_truncate_range,0.007234578020870686,117,1.2960683889687061,nested_function_timer
brusselator,optimized,119,118,9,initial,polynomial_mul_trunc,True,polynomial_multiply_truncate_range,0.03146709222346544,8,1.2960683889687061,nested_function_timer
brusselator,optimized,119,118,9,initial,polynomial_range_bound,True,polynomial_multiply_truncate_range,0.018985687289386988,17,1.2960683889687061,nested_function_timer
brusselator,optimized,119,118,9,initial,interval_arithmetic,False,initial_remainder_excluding_classified_polynomial_work,0.0028658658266067505,109,1.2960683889687061,nested_function_timer
brusselator,optimized,119,118,9,initial,polynomial_apply_cutoff,True,polynomial_multiply_truncate_range,0.005696338135749102,5,1.2960683889687061,nested_function_timer
brusselator,optimized,119,118,9,initial,polynomial_sub,True,polynomial_multiply_truncate_range,5.680369213223457e-05,5,1.2960683889687061,nested_function_timer
brusselator,optimized,119,118,9,initial,polynomial_add,True,polynomial_multiply_truncate_range,3.3812131732702255e-05,3,1.2960683889687061,nested_function_timer
brusselator,optimized,119,118,9,initial,polynomial_integrate,True,polynomial_multiply_truncate_range,0.0011756988242268562,1,1.2960683889687061,nested_function_timer
brusselator,optimized,119,118,9,initial,image,False,initial_remainder_excluding_classified_polynomial_work,0.003847891930490732,1,1.2960683889687061,nested_function_timer
brusselator,optimized,119,118,9,replay,object_checks_and_small_tensors,False,python_objects_and_small_tensor_checks,0.036225590854883194,1278,1.2960683889687061,nested_function_timer
brusselator,optimized,119,118,9,replay,object_checks_and_small_tensors,True,refinement_fixed_preparation,9.715138003230095e-05,4,1.2960683889687061,nested_function_timer
brusselator,optimized,119,118,9,replay,prepare_snapshot,True,refinement_fixed_preparation,0.002012171782553196,1,1.2960683889687061,nested_function_timer
brusselator,optimized,119,118,9,replay,binding_checks,False,refinement_dynamic_and_dispatch,0.00011945981532335281,9,1.2960683889687061,nested_function_timer
brusselator,optimized,119,118,9,replay,polynomial_component,True,refinement_fixed_preparation,3.221631050109863e-05,2,1.2960683889687061,nested_function_timer
brusselator,optimized,119,118,9,replay,cache_dispatch,False,refinement_dynamic_and_dispatch,0.0028228876180946827,387,1.2960683889687061,nested_function_timer
brusselator,optimized,119,118,9,replay,interval_arithmetic,True,refinement_fixed_preparation,0.004613308236002922,72,1.2960683889687061,nested_function_timer
brusselator,optimized,119,118,9,replay,polynomial_mul_trunc,True,refinement_fixed_preparation,0.023687726818025112,6,1.2960683889687061,nested_function_timer
brusselator,optimized,119,118,9,replay,polynomial_range_bound,True,refinement_fixed_preparation,0.007935391273349524,7,1.2960683889687061,nested_function_timer
brusselator,optimized,119,118,9,replay,interval_arithmetic,False,refinement_dynamic_and_dispatch,0.02446464402601123,981,1.2960683889687061,nested_function_timer
brusselator,optimized,119,118,9,replay,polynomial_apply_cutoff,True,refinement_fixed_preparation,0.004534509498625994,4,1.2960683889687061,nested_function_timer
brusselator,optimized,119,118,9,replay,polynomial_sub,True,refinement_fixed_preparation,6.058253347873688e-05,5,1.2960683889687061,nested_function_timer
brusselator,optimized,119,118,9,replay,polynomial_add,True,refinement_fixed_preparation,3.595929592847824e-05,3,1.2960683889687061,nested_function_timer
brusselator,optimized,119,118,9,replay,prepare_graph,False,refinement_dynamic_and_dispatch,0.0031530745327472687,2,1.2960683889687061,nested_function_timer
brusselator,optimized,119,118,9,replay,polynomial_integrate,True,refinement_fixed_preparation,0.0012183883227407932,1,1.2960683889687061,nested_function_timer
brusselator,optimized,119,118,9,replay,seal_storage,True,refinement_fixed_preparation,0.00021031824871897697,1,1.2960683889687061,nested_function_timer
brusselator,optimized,119,118,9,replay,image,False,refinement_dynamic_and_dispatch,0.0222102883271873,9,1.2960683889687061,nested_function_timer
brusselator,optimized,119,118,9,replay,_post_accept_refine_raw_remainder,False,refinement_dynamic_and_dispatch,0.0020788218826055527,1,1.2960683889687061,nested_function_timer
brusselator,optimized,119,118,9,boundary,endpoint_correction,False,boundary_and_endpoint_correction,0.015830203890800476,3,1.2960683889687061,nested_function_timer
brusselator,optimized,119,118,9,boundary,boundary,False,boundary_and_endpoint_correction,0.7984595643356442,1,1.2960683889687061,nested_function_timer
brusselator,optimized,119,118,9,other,unattributed,False,other_including_unclassified_python,0.024145393632352352,0,1.2960683889687061,nested_function_timer
brusselator,optimized,120,119,9,other,object_checks_and_small_tensors,False,python_objects_and_small_tensor_checks,0.0027483166195452213,107,1.3204858042299747,nested_function_timer
brusselator,optimized,120,119,9,candidate,object_checks_and_small_tensors,False,python_objects_and_small_tensor_checks,0.010406503453850746,458,1.3204858042299747,nested_function_timer
brusselator,optimized,120,119,9,candidate,polynomial_component,True,polynomial_multiply_truncate_range,0.000363991130143404,36,1.3204858042299747,nested_function_timer
brusselator,optimized,120,119,9,candidate,interval_arithmetic,True,polynomial_multiply_truncate_range,0.019944507628679276,324,1.3204858042299747,nested_function_timer
brusselator,optimized,120,119,9,candidate,polynomial_mul_trunc,True,polynomial_multiply_truncate_range,0.09424912137910724,24,1.3204858042299747,nested_function_timer
brusselator,optimized,120,119,9,candidate,polynomial_range_bound,True,polynomial_multiply_truncate_range,0.053745930548757315,48,1.3204858042299747,nested_function_timer
brusselator,optimized,120,119,9,candidate,interval_arithmetic,False,candidate_construction_excluding_classified_polynomial_work,0.00695026945322752,234,1.3204858042299747,nested_function_timer
brusselator,optimized,120,119,9,candidate,polynomial_sub,True,polynomial_multiply_truncate_range,0.0001369975507259369,12,1.3204858042299747,nested_function_timer
brusselator,optimized,120,119,9,candidate,polynomial_add,True,polynomial_multiply_truncate_range,0.00014002714306116104,12,1.3204858042299747,nested_function_timer
brusselator,optimized,120,119,9,candidate,polynomial_integrate,True,polynomial_multiply_truncate_range,0.007292269263416529,6,1.3204858042299747,nested_function_timer
brusselator,optimized,120,119,9,candidate,polynomial_apply_cutoff,True,polynomial_multiply_truncate_range,0.006983093451708555,6,1.3204858042299747,nested_function_timer
brusselator,optimized,120,119,9,candidate,dense_polynomial_picard,False,candidate_construction_excluding_classified_polynomial_work,0.011292143259197474,1,1.3204858042299747,nested_function_timer
brusselator,optimized,120,119,9,other,interval_arithmetic,False,other_including_unclassified_python,0.0015629916451871395,69,1.3204858042299747,nested_function_timer
brusselator,optimized,120,119,9,other,polynomial_component,True,polynomial_multiply_truncate_range,6.224540993571281e-05,6,1.3204858042299747,nested_function_timer
brusselator,optimized,120,119,9,other,interval_arithmetic,True,polynomial_multiply_truncate_range,0.003310070838779211,54,1.3204858042299747,nested_function_timer
brusselator,optimized,120,119,9,other,polynomial_mul_trunc,True,polynomial_multiply_truncate_range,0.015745547134429216,4,1.3204858042299747,nested_function_timer
brusselator,optimized,120,119,9,other,polynomial_range_bound,True,polynomial_multiply_truncate_range,0.010176085866987705,9,1.3204858042299747,nested_function_timer
brusselator,optimized,120,119,9,other,polynomial_sub,True,polynomial_multiply_truncate_range,3.2368116080760956e-05,3,1.3204858042299747,nested_function_timer
brusselator,optimized,120,119,9,other,polynomial_add,True,polynomial_multiply_truncate_range,2.336595207452774e-05,2,1.3204858042299747,nested_function_timer
brusselator,optimized,120,119,9,other,polynomial_integrate,True,polynomial_multiply_truncate_range,0.001188680063933134,1,1.3204858042299747,nested_function_timer
brusselator,optimized,120,119,9,initial,polynomial_component,True,polynomial_multiply_truncate_range,8.141389116644859e-05,8,1.3204858042299747,nested_function_timer
brusselator,optimized,120,119,9,initial,object_checks_and_small_tensors,False,python_objects_and_small_tensor_checks,0.004338161088526249,152,1.3204858042299747,nested_function_timer
brusselator,optimized,120,119,9,initial,interval_arithmetic,True,polynomial_multiply_truncate_range,0.0071558584459125996,117,1.3204858042299747,nested_function_timer
brusselator,optimized,120,119,9,initial,polynomial_mul_trunc,True,polynomial_multiply_truncate_range,0.03135759150609374,8,1.3204858042299747,nested_function_timer
brusselator,optimized,120,119,9,initial,polynomial_range_bound,True,polynomial_multiply_truncate_range,0.019084790255874395,17,1.3204858042299747,nested_function_timer
brusselator,optimized,120,119,9,initial,interval_arithmetic,False,initial_remainder_excluding_classified_polynomial_work,0.002791836392134428,109,1.3204858042299747,nested_function_timer
brusselator,optimized,120,119,9,initial,polynomial_apply_cutoff,True,polynomial_multiply_truncate_range,0.005634842906147242,5,1.3204858042299747,nested_function_timer
brusselator,optimized,120,119,9,initial,polynomial_sub,True,polynomial_multiply_truncate_range,5.837809294462204e-05,5,1.3204858042299747,nested_function_timer
brusselator,optimized,120,119,9,initial,polynomial_add,True,polynomial_multiply_truncate_range,3.392994403839111e-05,3,1.3204858042299747,nested_function_timer
brusselator,optimized,120,119,9,initial,polynomial_integrate,True,polynomial_multiply_truncate_range,0.00118707912042737,1,1.3204858042299747,nested_function_timer
brusselator,optimized,120,119,9,initial,image,False,initial_remainder_excluding_classified_polynomial_work,0.0038587572053074837,1,1.3204858042299747,nested_function_timer
brusselator,optimized,120,119,9,replay,object_checks_and_small_tensors,False,python_objects_and_small_tensor_checks,0.03674496803432703,1278,1.3204858042299747,nested_function_timer
brusselator,optimized,120,119,9,replay,object_checks_and_small_tensors,True,refinement_fixed_preparation,9.750574827194214e-05,4,1.3204858042299747,nested_function_timer
brusselator,optimized,120,119,9,replay,prepare_snapshot,True,refinement_fixed_preparation,0.001994457095861435,1,1.3204858042299747,nested_function_timer
brusselator,optimized,120,119,9,replay,binding_checks,False,refinement_dynamic_and_dispatch,0.00011045718565583229,9,1.3204858042299747,nested_function_timer
brusselator,optimized,120,119,9,replay,polynomial_component,True,refinement_fixed_preparation,2.485699951648712e-05,2,1.3204858042299747,nested_function_timer
brusselator,optimized,120,119,9,replay,cache_dispatch,False,refinement_dynamic_and_dispatch,0.002860573586076498,387,1.3204858042299747,nested_function_timer
brusselator,optimized,120,119,9,replay,interval_arithmetic,True,refinement_fixed_preparation,0.004656258970499039,72,1.3204858042299747,nested_function_timer
brusselator,optimized,120,119,9,replay,polynomial_mul_trunc,True,refinement_fixed_preparation,0.024052617140114307,6,1.3204858042299747,nested_function_timer
brusselator,optimized,120,119,9,replay,polynomial_range_bound,True,refinement_fixed_preparation,0.00789558282122016,7,1.3204858042299747,nested_function_timer
brusselator,optimized,120,119,9,replay,interval_arithmetic,False,refinement_dynamic_and_dispatch,0.025214996188879013,981,1.3204858042299747,nested_function_timer
brusselator,optimized,120,119,9,replay,polynomial_apply_cutoff,True,refinement_fixed_preparation,0.004522425122559071,4,1.3204858042299747,nested_function_timer
brusselator,optimized,120,119,9,replay,polynomial_sub,True,refinement_fixed_preparation,6.181420758366585e-05,5,1.3204858042299747,nested_function_timer
brusselator,optimized,120,119,9,replay,polynomial_add,True,refinement_fixed_preparation,3.50424088537693e-05,3,1.3204858042299747,nested_function_timer
brusselator,optimized,120,119,9,replay,prepare_graph,False,refinement_dynamic_and_dispatch,0.003119782079011202,2,1.3204858042299747,nested_function_timer
brusselator,optimized,120,119,9,replay,polynomial_integrate,True,refinement_fixed_preparation,0.0011981525458395481,1,1.3204858042299747,nested_function_timer
brusselator,optimized,120,119,9,replay,seal_storage,True,refinement_fixed_preparation,0.00021004211157560349,1,1.3204858042299747,nested_function_timer
brusselator,optimized,120,119,9,replay,image,False,refinement_dynamic_and_dispatch,0.02268265513703227,9,1.3204858042299747,nested_function_timer
brusselator,optimized,120,119,9,replay,_post_accept_refine_raw_remainder,False,refinement_dynamic_and_dispatch,0.0021154466085135937,1,1.3204858042299747,nested_function_timer
brusselator,optimized,120,119,9,boundary,endpoint_correction,False,boundary_and_endpoint_correction,0.015546242706477642,3,1.3204858042299747,nested_function_timer
brusselator,optimized,120,119,9,boundary,boundary,False,boundary_and_endpoint_correction,0.8218380589969456,1,1.3204858042299747,nested_function_timer
brusselator,optimized,120,119,9,other,unattributed,False,other_including_unclassified_python,0.023566703777760267,0,1.3204858042299747,nested_function_timer
