step,category,operation,calls
91,outside_boundary,aten.lift_fresh.default,568
91,outside_boundary,aten.clone.default,4814
91,outside_boundary,aten.view.default,768
91,outside_boundary,aten.isnan.default,202
91,outside_boundary,aten.any.default,547
91,outside_boundary,aten._local_scalar_dense.default,5526
91,outside_boundary,aten.gt.Tensor,245
91,outside_boundary,aten.eq.Scalar,196
91,outside_boundary,aten.all.default,2818
91,outside_boundary,aten.zeros_like.default,1442
91,outside_boundary,aten.add.Tensor,911
91,outside_boundary,aten.ne.Scalar,562
91,outside_boundary,aten.ones.default,148
91,outside_boundary,aten.mul.Tensor,6563
91,outside_boundary,aten.zeros.default,98
91,A,aten.lift_fresh.default,10
91,A,aten.sum.dim_IntList,1
91,A,aten.view.default,803
91,A,aten.empty.memory_format,6
91,A,aten.zeros.default,1
91,A,aten.empty_like.default,1
91,A,aten.select.int,34
91,A,aten.copy_.default,8
91,A,aten.stack.default,2
91,A,aten.clone.default,850
91,A,aten.le.Tensor,3
91,A,aten.all.default,1581
91,A,aten._local_scalar_dense.default,1666
91,outside_boundary,aten.slice.Tensor,4655
91,outside_boundary,aten.select.int,6000
91,outside_boundary,aten.allclose.default,156
91,outside_boundary,aten.full_like.default,4765
91,outside_boundary,aten.le.Tensor,2397
91,outside_boundary,aten.sub.Tensor,427
91,outside_boundary,aten.nextafter.default,4436
91,outside_boundary,aten.index_select.default,844
91,outside_boundary,aten.le.Scalar,296
91,outside_boundary,aten.index.Tensor,12
91,outside_boundary,aten.bitwise_not.default,10
91,outside_boundary,aten.cat.default,444
91,outside_boundary,aten.unique_dim.default,4
91,outside_boundary,aten.expand.default,77
91,outside_boundary,aten.scatter_add_.default,53
91,outside_boundary,aten.ones_like.default,378
91,outside_boundary,aten.max.default,360
91,outside_boundary,aten.detach.default,1514
91,outside_boundary,aten.abs.default,1937
91,outside_boundary,aten.minimum.default,345
91,outside_boundary,aten.maximum.default,445
91,outside_boundary,aten.ge.Scalar,467
91,outside_boundary,aten.bitwise_and.Tensor,482
91,outside_boundary,aten.pow.Tensor_Scalar,3054
91,outside_boundary,aten.stack.default,2582
91,outside_boundary,aten.min.dim,1989
91,outside_boundary,aten.max.dim,1991
91,outside_boundary,aten.where.self,1044
91,outside_boundary,aten.unsqueeze.default,382
91,outside_boundary,aten.sum.dim_IntList,470
91,outside_boundary,aten.eq.Tensor,569
91,outside_boundary,aten.arange.default,72
91,outside_boundary,aten.min.default,90
91,outside_boundary,aten.nonzero.default,96
91,outside_boundary,aten.lt.Tensor,144
91,outside_boundary,aten.unbind.int,720
91,outside_boundary,aten.ge.Tensor,154
91,outside_boundary,aten.all.dim,158
91,outside_boundary,aten.count_nonzero.default,144
91,outside_boundary,aten.clamp.default,54
91,outside_boundary,aten.pow.Tensor_Tensor,162
91,outside_boundary,aten._to_copy.default,54
91,outside_boundary,aten.copy_.default,742
91,outside_boundary,aten.full.default,36
91,outside_boundary,aten.scatter_reduce_.two,36
91,outside_boundary,aten.neg.default,20
91,outside_boundary,aten.amin.default,2
91,outside_boundary,aten.amax.default,2
91,outside_boundary,aten.any.dim,6
91,outside_boundary,aten.rsub.Scalar,2
91,outside_boundary,aten.div.Tensor,6
91,outside_boundary,aten.scatter_.src,4
91,outside_boundary,aten.equal.default,25
91,outside_boundary,aten.permute.default,128
91,outside_boundary,aten.fill_.Tensor,626
91,C,aten.abs.default,111
91,C,aten.ne.Scalar,111
91,C,aten.eq.Tensor,117
91,C,aten.mul.Tensor,267
91,C,aten.all.default,117
91,C,aten._local_scalar_dense.default,165
91,B,aten.lift_fresh.default,14
91,B,aten.expand.default,2
91,B,aten.sum.dim_IntList,1
91,B,aten.view.default,5
91,B,aten.empty.memory_format,5
91,B,aten.slice.Tensor,5
91,B,aten.select.int,1
91,B,aten.unsqueeze.default,3
91,B,aten.pow.Tensor_Tensor,1
91,B,aten.mul.Tensor,32
91,B,aten.detach.default,2
91,B,aten.zeros.default,1
91,B,aten.scatter_add_.default,1
91,C,aten.lift_fresh.default,93
91,C,aten.expand.default,1
91,C,aten.detach.default,4
91,C,aten.gt.Tensor,20
91,C,aten.any.default,48
91,C,aten.slice.Tensor,68
91,C,aten.select.int,140
91,C,aten.lt.Tensor,3
91,C,aten.bitwise_or.Tensor,42
91,C,aten.unsqueeze.default,24
91,C,aten.ones_like.default,18
91,C,aten.stack.default,47
91,C,aten.amin.default,39
91,C,aten.full_like.default,174
91,C,aten.nextafter.default,174
91,C,aten.amax.default,39
91,C,aten.eq.Scalar,492
91,C,aten.bitwise_and.Tensor,249
91,C,aten.where.self,420
91,C,aten.zeros_like.default,138
91,C,aten.index.Tensor,60
91,C,aten.add.Tensor,96
91,C,aten.view.default,68
91,C,aten.index_put_.default,30
91,C,aten.neg.default,6
91,C,aten.cat.default,14
91,C,aten.zeros.default,3
91,C,aten.clone.default,62
91,C,aten.le.Tensor,5
91,C,aten.ge.Tensor,1
91,A,aten.detach.default,76
91,A,aten.unbind.int,4
91,A,aten.isnan.default,10
91,A,aten.any.default,15
91,A,aten.gt.Tensor,5
91,A,aten.ne.Scalar,70
91,A,aten.eq.Scalar,1578
91,A,aten.zeros_like.default,789
91,A,aten.add.Tensor,789
91,B,aten.ones_like.default,4
91,B,aten.zeros_like.default,31
91,B,aten.add.Tensor,31
91,B,aten.pow.Tensor_Scalar,27
91,C,aten.isnan.default,28
91,D,aten.zeros.default,226
91,D,aten.clone.default,19696
91,D,aten.view.default,9849
91,D,aten.isnan.default,9848
91,D,aten.any.default,14772
91,D,aten._local_scalar_dense.default,14772
91,D,aten.gt.Tensor,4924
91,D,aten.add.Tensor,2284
91,D,aten.full_like.default,7150
91,D,aten.nextafter.default,7150
91,D,aten.mul.Tensor,6248
91,D,aten.stack.default,1866
91,D,aten.min.dim,1866
91,D,aten.max.dim,1866
91,D,aten.zeros_like.default,567
91,D,aten.abs.default,2268
91,D,aten.minimum.default,567
91,D,aten.maximum.default,567
91,D,aten.le.Scalar,567
91,D,aten.ge.Scalar,567
91,D,aten.bitwise_and.Tensor,567
91,D,aten.pow.Tensor_Scalar,1742
91,D,aten.where.self,567
91,H,aten.add.Tensor,50
91,H,aten.full_like.default,90
91,H,aten.nextafter.default,90
91,H,aten.clone.default,136
91,H,aten.view.default,72
91,H,aten.isnan.default,68
91,H,aten.any.default,102
91,H,aten._local_scalar_dense.default,198
91,H,aten.gt.Tensor,34
91,H,aten.sub.Tensor,30
91,H,aten.detach.default,96
91,H,aten.lift_fresh.default,48
91,H,aten.abs.default,44
91,H,aten.ne.Scalar,44
91,H,aten.eq.Tensor,44
91,H,aten.mul.Tensor,68
91,F,aten.detach.default,116
91,F,aten._local_scalar_dense.default,132
91,G,aten.lift_fresh.default,29
91,G,aten.abs.default,130
91,G,aten.ne.Scalar,130
91,G,aten.eq.Tensor,130
91,G,aten.mul.Tensor,166
91,G,aten._local_scalar_dense.default,3495
91,G,aten.all.default,152
91,G,aten.view.default,6218
91,G,aten.stack.default,772
91,G,aten.sub.Tensor,33
91,G,aten.full_like.default,243
91,G,aten.nextafter.default,243
91,G,aten.le.Tensor,27
91,G,aten.ge.Tensor,12
91,G,aten.bitwise_and.Tensor,12
91,E,aten.detach.default,288
91,E,aten._local_scalar_dense.default,3026
91,G,aten.clone.default,1520
91,G,aten.isnan.default,760
91,G,aten.any.default,1142
91,G,aten.gt.Tensor,380
91,G,aten.min.dim,6
91,G,aten.max.dim,6
91,G,aten.zeros_like.default,4
91,G,aten.select.int,2364
91,G,aten.slice.Tensor,24
91,G,aten.amin.default,4
91,G,aten.amax.default,4
91,G,aten.add.Tensor,194
91,G,aten.zeros.default,2
91,G,aten.detach.default,4388
91,E,aten.zeros_like.default,782
91,E,aten.add.Tensor,1158
91,E,aten.clone.default,3366
91,E,aten.view.default,1615
91,E,aten.eq.Scalar,10
91,E,aten.all.default,201
91,E,aten.zeros.default,250
91,E,aten.isnan.default,1592
91,E,aten.any.default,2388
91,E,aten.gt.Tensor,796
91,E,aten.mul.Tensor,1481
91,E,aten.lift_fresh.default,314
91,E,aten.abs.default,497
91,E,aten.le.Tensor,191
91,E,aten.stack.default,115
91,E,aten.min.dim,115
91,E,aten.full_like.default,914
91,E,aten.nextafter.default,914
91,E,aten.max.dim,115
91,E,aten.sub.Tensor,308
91,E,aten.ne.Scalar,291
91,E,aten.eq.Tensor,291
91,D,aten.lift_fresh.default,355
91,E,aten.equal.default,16
91,H,aten.div.Tensor,2
91,F,aten.lift_fresh.default,66
91,F,aten.clone.default,20
91,F,aten.view.default,16
91,F,aten.eq.Scalar,8
91,F,aten.all.default,8
91,F,aten.neg.default,2
91,F,aten.abs.default,82
91,F,aten.ne.Scalar,54
91,F,aten.eq.Tensor,52
91,F,aten.mul.Tensor,52
91,F,aten.sub.Tensor,40
91,F,aten.full_like.default,6
91,F,aten.nextafter.default,6
91,F,aten.zeros.default,6
91,F,aten.max.default,30
91,G,aten.le.Scalar,2
91,G,aten.ge.Scalar,2
91,G,aten.reciprocal.default,4
91,F,aten.isnan.default,8
91,F,aten.any.default,14
91,F,aten.gt.Tensor,4
91,F,aten.ones.default,2
91,H,aten.eq.Scalar,4
91,H,aten.all.default,4
91,H,aten.zeros.default,8
91,H,aten.stack.default,6
91,H,aten.min.dim,6
91,H,aten.max.dim,6
92,outside_boundary,aten.lift_fresh.default,562
92,outside_boundary,aten.clone.default,4814
92,outside_boundary,aten.view.default,767
92,outside_boundary,aten.isnan.default,202
92,outside_boundary,aten.any.default,547
92,outside_boundary,aten._local_scalar_dense.default,5526
92,outside_boundary,aten.gt.Tensor,245
92,outside_boundary,aten.eq.Scalar,196
92,outside_boundary,aten.all.default,2818
92,outside_boundary,aten.zeros_like.default,1442
92,outside_boundary,aten.add.Tensor,911
92,outside_boundary,aten.ne.Scalar,562
92,outside_boundary,aten.ones.default,148
92,outside_boundary,aten.mul.Tensor,6563
92,outside_boundary,aten.zeros.default,98
92,A,aten.zeros.default,1
92,A,aten.empty.memory_format,1
92,A,aten.empty_like.default,1
92,A,aten.select.int,34
92,A,aten.copy_.default,8
92,A,aten.stack.default,2
92,A,aten.view.default,801
92,A,aten.clone.default,850
92,A,aten.le.Tensor,3
92,A,aten.all.default,1581
92,A,aten._local_scalar_dense.default,1666
92,outside_boundary,aten.slice.Tensor,4655
92,outside_boundary,aten.select.int,6000
92,outside_boundary,aten.allclose.default,156
92,outside_boundary,aten.full_like.default,4765
92,outside_boundary,aten.le.Tensor,2397
92,outside_boundary,aten.sub.Tensor,427
92,outside_boundary,aten.nextafter.default,4436
92,outside_boundary,aten.index_select.default,840
92,outside_boundary,aten.expand.default,77
92,outside_boundary,aten.scatter_add_.default,53
92,outside_boundary,aten.ones_like.default,378
92,outside_boundary,aten.max.default,360
92,outside_boundary,aten.detach.default,1514
92,outside_boundary,aten.abs.default,1937
92,outside_boundary,aten.minimum.default,345
92,outside_boundary,aten.maximum.default,445
92,outside_boundary,aten.le.Scalar,294
92,outside_boundary,aten.ge.Scalar,467
92,outside_boundary,aten.bitwise_and.Tensor,482
92,outside_boundary,aten.pow.Tensor_Scalar,3054
92,outside_boundary,aten.stack.default,2582
92,outside_boundary,aten.min.dim,1989
92,outside_boundary,aten.max.dim,1991
92,outside_boundary,aten.where.self,1044
92,outside_boundary,aten.unsqueeze.default,382
92,outside_boundary,aten.sum.dim_IntList,470
92,outside_boundary,aten.eq.Tensor,569
92,outside_boundary,aten.arange.default,72
92,outside_boundary,aten.min.default,90
92,outside_boundary,aten.nonzero.default,96
92,outside_boundary,aten.lt.Tensor,144
92,outside_boundary,aten.unbind.int,720
92,outside_boundary,aten.cat.default,438
92,outside_boundary,aten.ge.Tensor,154
92,outside_boundary,aten.all.dim,158
92,outside_boundary,aten.count_nonzero.default,144
92,outside_boundary,aten.clamp.default,54
92,outside_boundary,aten.pow.Tensor_Tensor,162
92,outside_boundary,aten._to_copy.default,54
92,outside_boundary,aten.copy_.default,742
92,outside_boundary,aten.full.default,36
92,outside_boundary,aten.scatter_reduce_.two,36
92,outside_boundary,aten.neg.default,20
92,outside_boundary,aten.amin.default,2
92,outside_boundary,aten.amax.default,2
92,outside_boundary,aten.any.dim,6
92,outside_boundary,aten.unique_dim.default,2
92,outside_boundary,aten.rsub.Scalar,2
92,outside_boundary,aten.div.Tensor,6
92,outside_boundary,aten.scatter_.src,4
92,outside_boundary,aten.equal.default,25
92,outside_boundary,aten.permute.default,128
92,outside_boundary,aten.fill_.Tensor,626
92,outside_boundary,aten.bitwise_not.default,4
92,C,aten.abs.default,111
92,C,aten.ne.Scalar,111
92,C,aten.eq.Tensor,117
92,C,aten.mul.Tensor,267
92,C,aten.all.default,117
92,C,aten._local_scalar_dense.default,165
92,B,aten.lift_fresh.default,4
92,B,aten.expand.default,2
92,B,aten.slice.Tensor,5
92,B,aten.select.int,1
92,B,aten.unsqueeze.default,3
92,B,aten.pow.Tensor_Tensor,1
92,B,aten.mul.Tensor,32
92,B,aten.detach.default,2
92,B,aten.view.default,3
92,B,aten.zeros.default,1
92,B,aten.scatter_add_.default,1
92,C,aten.lift_fresh.default,93
92,C,aten.expand.default,1
92,C,aten.detach.default,4
92,C,aten.gt.Tensor,20
92,C,aten.any.default,48
92,C,aten.slice.Tensor,68
92,C,aten.select.int,140
92,C,aten.lt.Tensor,3
92,C,aten.bitwise_or.Tensor,42
92,C,aten.unsqueeze.default,24
92,C,aten.ones_like.default,18
92,C,aten.stack.default,47
92,C,aten.amin.default,39
92,C,aten.full_like.default,174
92,C,aten.nextafter.default,174
92,C,aten.amax.default,39
92,C,aten.eq.Scalar,492
92,C,aten.bitwise_and.Tensor,249
92,C,aten.where.self,420
92,C,aten.zeros_like.default,138
92,C,aten.index.Tensor,60
92,C,aten.add.Tensor,96
92,C,aten.view.default,68
92,C,aten.index_put_.default,30
92,C,aten.neg.default,6
92,C,aten.cat.default,14
92,C,aten.zeros.default,3
92,C,aten.clone.default,62
92,C,aten.le.Tensor,5
92,C,aten.ge.Tensor,1
92,A,aten.detach.default,76
92,A,aten.unbind.int,4
92,A,aten.isnan.default,10
92,A,aten.any.default,15
92,A,aten.gt.Tensor,5
92,A,aten.ne.Scalar,70
92,A,aten.eq.Scalar,1578
92,A,aten.zeros_like.default,789
92,A,aten.add.Tensor,789
92,B,aten.ones_like.default,4
92,B,aten.zeros_like.default,31
92,B,aten.add.Tensor,31
92,B,aten.pow.Tensor_Scalar,27
92,C,aten.isnan.default,28
92,D,aten.zeros.default,226
92,D,aten.clone.default,19580
92,D,aten.view.default,9791
92,D,aten.isnan.default,9790
92,D,aten.any.default,14685
92,D,aten._local_scalar_dense.default,14685
92,D,aten.gt.Tensor,4895
92,D,aten.add.Tensor,2270
92,D,aten.full_like.default,7112
92,D,aten.nextafter.default,7112
92,D,aten.mul.Tensor,6216
92,D,aten.stack.default,1854
92,D,aten.min.dim,1854
92,D,aten.max.dim,1854
92,D,aten.zeros_like.default,567
92,D,aten.abs.default,2268
92,D,aten.minimum.default,567
92,D,aten.maximum.default,567
92,D,aten.le.Scalar,567
92,D,aten.ge.Scalar,567
92,D,aten.bitwise_and.Tensor,567
92,D,aten.pow.Tensor_Scalar,1734
92,D,aten.where.self,567
92,H,aten.add.Tensor,50
92,H,aten.full_like.default,90
92,H,aten.nextafter.default,90
92,H,aten.clone.default,136
92,H,aten.view.default,72
92,H,aten.isnan.default,68
92,H,aten.any.default,102
92,H,aten._local_scalar_dense.default,198
92,H,aten.gt.Tensor,34
92,H,aten.sub.Tensor,30
92,H,aten.detach.default,96
92,H,aten.lift_fresh.default,48
92,H,aten.abs.default,44
92,H,aten.ne.Scalar,44
92,H,aten.eq.Tensor,44
92,H,aten.mul.Tensor,68
92,F,aten.detach.default,116
92,F,aten._local_scalar_dense.default,132
92,G,aten.lift_fresh.default,29
92,G,aten.abs.default,130
92,G,aten.ne.Scalar,130
92,G,aten.eq.Tensor,130
92,G,aten.mul.Tensor,166
92,G,aten._local_scalar_dense.default,3531
92,G,aten.all.default,152
92,G,aten.view.default,6286
92,G,aten.stack.default,780
92,G,aten.sub.Tensor,33
92,G,aten.full_like.default,245
92,G,aten.nextafter.default,245
92,G,aten.le.Tensor,27
92,G,aten.ge.Tensor,12
92,G,aten.bitwise_and.Tensor,12
92,E,aten.detach.default,288
92,E,aten._local_scalar_dense.default,3026
92,G,aten.clone.default,1536
92,G,aten.isnan.default,768
92,G,aten.any.default,1154
92,G,aten.gt.Tensor,384
92,G,aten.min.dim,6
92,G,aten.max.dim,6
92,G,aten.zeros_like.default,4
92,G,aten.select.int,2390
92,G,aten.slice.Tensor,24
92,G,aten.amin.default,4
92,G,aten.amax.default,4
92,G,aten.add.Tensor,196
92,G,aten.zeros.default,2
92,G,aten.detach.default,4436
92,E,aten.zeros_like.default,782
92,E,aten.add.Tensor,1158
92,E,aten.clone.default,3364
92,E,aten.view.default,1615
92,E,aten.eq.Scalar,10
92,E,aten.all.default,201
92,E,aten.zeros.default,250
92,E,aten.isnan.default,1592
92,E,aten.any.default,2388
92,E,aten.gt.Tensor,796
92,E,aten.mul.Tensor,1481
92,E,aten.lift_fresh.default,314
92,E,aten.abs.default,497
92,E,aten.le.Tensor,191
92,E,aten.stack.default,115
92,E,aten.min.dim,115
92,E,aten.full_like.default,914
92,E,aten.nextafter.default,914
92,E,aten.max.dim,115
92,E,aten.sub.Tensor,308
92,E,aten.ne.Scalar,291
92,E,aten.eq.Tensor,291
92,D,aten.lift_fresh.default,349
92,E,aten.equal.default,16
92,H,aten.div.Tensor,2
92,F,aten.lift_fresh.default,66
92,F,aten.clone.default,20
92,F,aten.view.default,16
92,F,aten.eq.Scalar,8
92,F,aten.all.default,8
92,F,aten.neg.default,2
92,F,aten.abs.default,82
92,F,aten.ne.Scalar,54
92,F,aten.eq.Tensor,52
92,F,aten.mul.Tensor,52
92,F,aten.sub.Tensor,40
92,F,aten.full_like.default,6
92,F,aten.nextafter.default,6
92,F,aten.zeros.default,6
92,F,aten.max.default,30
92,G,aten.le.Scalar,2
92,G,aten.ge.Scalar,2
92,G,aten.reciprocal.default,4
92,F,aten.isnan.default,8
92,F,aten.any.default,14
92,F,aten.gt.Tensor,4
92,F,aten.ones.default,2
92,H,aten.eq.Scalar,4
92,H,aten.all.default,4
92,H,aten.zeros.default,8
92,H,aten.stack.default,6
92,H,aten.min.dim,6
92,H,aten.max.dim,6
93,outside_boundary,aten.lift_fresh.default,562
93,outside_boundary,aten.clone.default,4814
93,outside_boundary,aten.view.default,767
93,outside_boundary,aten.isnan.default,202
93,outside_boundary,aten.any.default,547
93,outside_boundary,aten._local_scalar_dense.default,5526
93,outside_boundary,aten.gt.Tensor,245
93,outside_boundary,aten.eq.Scalar,196
93,outside_boundary,aten.all.default,2818
93,outside_boundary,aten.zeros_like.default,1442
93,outside_boundary,aten.add.Tensor,911
93,outside_boundary,aten.ne.Scalar,562
93,outside_boundary,aten.ones.default,148
93,outside_boundary,aten.mul.Tensor,6563
93,outside_boundary,aten.zeros.default,98
93,A,aten.zeros.default,1
93,A,aten.empty.memory_format,1
93,A,aten.empty_like.default,1
93,A,aten.select.int,34
93,A,aten.copy_.default,8
93,A,aten.stack.default,2
93,A,aten.view.default,801
93,A,aten.clone.default,850
93,A,aten.le.Tensor,3
93,A,aten.all.default,1581
93,A,aten._local_scalar_dense.default,1666
93,outside_boundary,aten.slice.Tensor,4655
93,outside_boundary,aten.select.int,6000
93,outside_boundary,aten.allclose.default,156
93,outside_boundary,aten.full_like.default,4765
93,outside_boundary,aten.le.Tensor,2397
93,outside_boundary,aten.sub.Tensor,427
93,outside_boundary,aten.nextafter.default,4436
93,outside_boundary,aten.index_select.default,840
93,outside_boundary,aten.expand.default,77
93,outside_boundary,aten.scatter_add_.default,53
93,outside_boundary,aten.ones_like.default,378
93,outside_boundary,aten.max.default,360
93,outside_boundary,aten.detach.default,1514
93,outside_boundary,aten.abs.default,1937
93,outside_boundary,aten.minimum.default,345
93,outside_boundary,aten.maximum.default,445
93,outside_boundary,aten.le.Scalar,294
93,outside_boundary,aten.ge.Scalar,467
93,outside_boundary,aten.bitwise_and.Tensor,482
93,outside_boundary,aten.pow.Tensor_Scalar,3054
93,outside_boundary,aten.stack.default,2582
93,outside_boundary,aten.min.dim,1989
93,outside_boundary,aten.max.dim,1991
93,outside_boundary,aten.where.self,1044
93,outside_boundary,aten.unsqueeze.default,382
93,outside_boundary,aten.sum.dim_IntList,470
93,outside_boundary,aten.eq.Tensor,569
93,outside_boundary,aten.arange.default,72
93,outside_boundary,aten.min.default,90
93,outside_boundary,aten.nonzero.default,96
93,outside_boundary,aten.lt.Tensor,144
93,outside_boundary,aten.unbind.int,720
93,outside_boundary,aten.cat.default,438
93,outside_boundary,aten.ge.Tensor,154
93,outside_boundary,aten.all.dim,158
93,outside_boundary,aten.count_nonzero.default,144
93,outside_boundary,aten.clamp.default,54
93,outside_boundary,aten.pow.Tensor_Tensor,162
93,outside_boundary,aten._to_copy.default,54
93,outside_boundary,aten.copy_.default,742
93,outside_boundary,aten.full.default,36
93,outside_boundary,aten.scatter_reduce_.two,36
93,outside_boundary,aten.neg.default,20
93,outside_boundary,aten.amin.default,2
93,outside_boundary,aten.amax.default,2
93,outside_boundary,aten.any.dim,6
93,outside_boundary,aten.unique_dim.default,2
93,outside_boundary,aten.rsub.Scalar,2
93,outside_boundary,aten.div.Tensor,6
93,outside_boundary,aten.scatter_.src,4
93,outside_boundary,aten.equal.default,25
93,outside_boundary,aten.permute.default,128
93,outside_boundary,aten.fill_.Tensor,626
93,outside_boundary,aten.bitwise_not.default,4
93,C,aten.abs.default,111
93,C,aten.ne.Scalar,111
93,C,aten.eq.Tensor,117
93,C,aten.mul.Tensor,267
93,C,aten.all.default,117
93,C,aten._local_scalar_dense.default,165
93,B,aten.lift_fresh.default,4
93,B,aten.expand.default,2
93,B,aten.slice.Tensor,5
93,B,aten.select.int,1
93,B,aten.unsqueeze.default,3
93,B,aten.pow.Tensor_Tensor,1
93,B,aten.mul.Tensor,32
93,B,aten.detach.default,2
93,B,aten.view.default,3
93,B,aten.zeros.default,1
93,B,aten.scatter_add_.default,1
93,C,aten.lift_fresh.default,93
93,C,aten.expand.default,1
93,C,aten.detach.default,4
93,C,aten.gt.Tensor,20
93,C,aten.any.default,48
93,C,aten.slice.Tensor,68
93,C,aten.select.int,140
93,C,aten.lt.Tensor,3
93,C,aten.bitwise_or.Tensor,42
93,C,aten.unsqueeze.default,24
93,C,aten.ones_like.default,18
93,C,aten.stack.default,47
93,C,aten.amin.default,39
93,C,aten.full_like.default,174
93,C,aten.nextafter.default,174
93,C,aten.amax.default,39
93,C,aten.eq.Scalar,492
93,C,aten.bitwise_and.Tensor,249
93,C,aten.where.self,420
93,C,aten.zeros_like.default,138
93,C,aten.index.Tensor,60
93,C,aten.add.Tensor,96
93,C,aten.view.default,68
93,C,aten.index_put_.default,30
93,C,aten.neg.default,6
93,C,aten.cat.default,14
93,C,aten.zeros.default,3
93,C,aten.clone.default,62
93,C,aten.le.Tensor,5
93,C,aten.ge.Tensor,1
93,A,aten.detach.default,76
93,A,aten.unbind.int,4
93,A,aten.isnan.default,10
93,A,aten.any.default,15
93,A,aten.gt.Tensor,5
93,A,aten.ne.Scalar,70
93,A,aten.eq.Scalar,1578
93,A,aten.zeros_like.default,789
93,A,aten.add.Tensor,789
93,B,aten.ones_like.default,4
93,B,aten.zeros_like.default,31
93,B,aten.add.Tensor,31
93,B,aten.pow.Tensor_Scalar,27
93,C,aten.isnan.default,28
93,D,aten.zeros.default,226
93,D,aten.clone.default,19616
93,D,aten.view.default,9809
93,D,aten.isnan.default,9808
93,D,aten.any.default,14712
93,D,aten._local_scalar_dense.default,14712
93,D,aten.gt.Tensor,4904
93,D,aten.add.Tensor,2274
93,D,aten.full_like.default,7124
93,D,aten.nextafter.default,7124
93,D,aten.mul.Tensor,6228
93,D,aten.stack.default,1858
93,D,aten.min.dim,1858
93,D,aten.max.dim,1858
93,D,aten.zeros_like.default,567
93,D,aten.abs.default,2268
93,D,aten.minimum.default,567
93,D,aten.maximum.default,567
93,D,aten.le.Scalar,567
93,D,aten.ge.Scalar,567
93,D,aten.bitwise_and.Tensor,567
93,D,aten.pow.Tensor_Scalar,1736
93,D,aten.where.self,567
93,H,aten.add.Tensor,50
93,H,aten.full_like.default,90
93,H,aten.nextafter.default,90
93,H,aten.clone.default,136
93,H,aten.view.default,72
93,H,aten.isnan.default,68
93,H,aten.any.default,102
93,H,aten._local_scalar_dense.default,198
93,H,aten.gt.Tensor,34
93,H,aten.sub.Tensor,30
93,H,aten.detach.default,96
93,H,aten.lift_fresh.default,48
93,H,aten.abs.default,44
93,H,aten.ne.Scalar,44
93,H,aten.eq.Tensor,44
93,H,aten.mul.Tensor,68
93,F,aten.detach.default,116
93,F,aten._local_scalar_dense.default,132
93,G,aten.lift_fresh.default,29
93,G,aten.abs.default,130
93,G,aten.ne.Scalar,130
93,G,aten.eq.Tensor,130
93,G,aten.mul.Tensor,166
93,G,aten._local_scalar_dense.default,3567
93,G,aten.all.default,152
93,G,aten.view.default,6354
93,G,aten.stack.default,788
93,G,aten.sub.Tensor,33
93,G,aten.full_like.default,247
93,G,aten.nextafter.default,247
93,G,aten.le.Tensor,27
93,G,aten.ge.Tensor,12
93,G,aten.bitwise_and.Tensor,12
93,E,aten.detach.default,288
93,E,aten._local_scalar_dense.default,3026
93,G,aten.clone.default,1552
93,G,aten.isnan.default,776
93,G,aten.any.default,1166
93,G,aten.gt.Tensor,388
93,G,aten.min.dim,6
93,G,aten.max.dim,6
93,G,aten.zeros_like.default,4
93,G,aten.select.int,2416
93,G,aten.slice.Tensor,24
93,G,aten.amin.default,4
93,G,aten.amax.default,4
93,G,aten.add.Tensor,198
93,G,aten.zeros.default,2
93,G,aten.detach.default,4484
93,E,aten.zeros_like.default,782
93,E,aten.add.Tensor,1158
93,E,aten.clone.default,3365
93,E,aten.view.default,1615
93,E,aten.eq.Scalar,10
93,E,aten.all.default,201
93,E,aten.zeros.default,250
93,E,aten.isnan.default,1592
93,E,aten.any.default,2388
93,E,aten.gt.Tensor,796
93,E,aten.mul.Tensor,1481
93,E,aten.lift_fresh.default,314
93,E,aten.abs.default,497
93,E,aten.le.Tensor,191
93,E,aten.stack.default,115
93,E,aten.min.dim,115
93,E,aten.full_like.default,914
93,E,aten.nextafter.default,914
93,E,aten.max.dim,115
93,E,aten.sub.Tensor,308
93,E,aten.ne.Scalar,291
93,E,aten.eq.Tensor,291
93,D,aten.lift_fresh.default,351
93,E,aten.equal.default,16
93,H,aten.div.Tensor,2
93,F,aten.lift_fresh.default,66
93,F,aten.clone.default,20
93,F,aten.view.default,16
93,F,aten.eq.Scalar,8
93,F,aten.all.default,8
93,F,aten.neg.default,2
93,F,aten.abs.default,82
93,F,aten.ne.Scalar,54
93,F,aten.eq.Tensor,52
93,F,aten.mul.Tensor,52
93,F,aten.sub.Tensor,40
93,F,aten.full_like.default,6
93,F,aten.nextafter.default,6
93,F,aten.zeros.default,6
93,F,aten.max.default,30
93,G,aten.le.Scalar,2
93,G,aten.ge.Scalar,2
93,G,aten.reciprocal.default,4
93,F,aten.isnan.default,8
93,F,aten.any.default,14
93,F,aten.gt.Tensor,4
93,F,aten.ones.default,2
93,H,aten.eq.Scalar,4
93,H,aten.all.default,4
93,H,aten.zeros.default,8
93,H,aten.stack.default,6
93,H,aten.min.dim,6
93,H,aten.max.dim,6
94,outside_boundary,aten.lift_fresh.default,562
94,outside_boundary,aten.clone.default,4814
94,outside_boundary,aten.view.default,767
94,outside_boundary,aten.isnan.default,202
94,outside_boundary,aten.any.default,547
94,outside_boundary,aten._local_scalar_dense.default,5526
94,outside_boundary,aten.gt.Tensor,245
94,outside_boundary,aten.eq.Scalar,196
94,outside_boundary,aten.all.default,2818
94,outside_boundary,aten.zeros_like.default,1442
94,outside_boundary,aten.add.Tensor,911
94,outside_boundary,aten.ne.Scalar,562
94,outside_boundary,aten.ones.default,148
94,outside_boundary,aten.mul.Tensor,6563
94,outside_boundary,aten.zeros.default,98
94,A,aten.zeros.default,1
94,A,aten.empty.memory_format,1
94,A,aten.empty_like.default,1
94,A,aten.select.int,34
94,A,aten.copy_.default,8
94,A,aten.stack.default,2
94,A,aten.view.default,798
94,A,aten.clone.default,847
94,A,aten.le.Tensor,3
94,A,aten.all.default,1575
94,A,aten._local_scalar_dense.default,1660
94,outside_boundary,aten.slice.Tensor,4655
94,outside_boundary,aten.select.int,6000
94,outside_boundary,aten.allclose.default,156
94,outside_boundary,aten.full_like.default,4765
94,outside_boundary,aten.le.Tensor,2397
94,outside_boundary,aten.sub.Tensor,427
94,outside_boundary,aten.nextafter.default,4436
94,outside_boundary,aten.index_select.default,840
94,outside_boundary,aten.expand.default,77
94,outside_boundary,aten.scatter_add_.default,53
94,outside_boundary,aten.ones_like.default,378
94,outside_boundary,aten.max.default,360
94,outside_boundary,aten.detach.default,1514
94,outside_boundary,aten.abs.default,1937
94,outside_boundary,aten.minimum.default,345
94,outside_boundary,aten.maximum.default,445
94,outside_boundary,aten.le.Scalar,294
94,outside_boundary,aten.ge.Scalar,467
94,outside_boundary,aten.bitwise_and.Tensor,482
94,outside_boundary,aten.pow.Tensor_Scalar,3054
94,outside_boundary,aten.stack.default,2582
94,outside_boundary,aten.min.dim,1989
94,outside_boundary,aten.max.dim,1991
94,outside_boundary,aten.where.self,1044
94,outside_boundary,aten.unsqueeze.default,382
94,outside_boundary,aten.sum.dim_IntList,470
94,outside_boundary,aten.eq.Tensor,569
94,outside_boundary,aten.arange.default,72
94,outside_boundary,aten.min.default,90
94,outside_boundary,aten.nonzero.default,96
94,outside_boundary,aten.lt.Tensor,144
94,outside_boundary,aten.unbind.int,720
94,outside_boundary,aten.cat.default,438
94,outside_boundary,aten.ge.Tensor,154
94,outside_boundary,aten.all.dim,158
94,outside_boundary,aten.count_nonzero.default,144
94,outside_boundary,aten.clamp.default,54
94,outside_boundary,aten.pow.Tensor_Tensor,162
94,outside_boundary,aten._to_copy.default,54
94,outside_boundary,aten.copy_.default,742
94,outside_boundary,aten.full.default,36
94,outside_boundary,aten.scatter_reduce_.two,36
94,outside_boundary,aten.neg.default,20
94,outside_boundary,aten.amin.default,2
94,outside_boundary,aten.amax.default,2
94,outside_boundary,aten.any.dim,6
94,outside_boundary,aten.unique_dim.default,2
94,outside_boundary,aten.rsub.Scalar,2
94,outside_boundary,aten.div.Tensor,6
94,outside_boundary,aten.scatter_.src,4
94,outside_boundary,aten.equal.default,25
94,outside_boundary,aten.permute.default,128
94,outside_boundary,aten.fill_.Tensor,626
94,outside_boundary,aten.bitwise_not.default,4
94,C,aten.abs.default,111
94,C,aten.ne.Scalar,111
94,C,aten.eq.Tensor,117
94,C,aten.mul.Tensor,267
94,C,aten.all.default,117
94,C,aten._local_scalar_dense.default,165
94,B,aten.lift_fresh.default,4
94,B,aten.expand.default,2
94,B,aten.slice.Tensor,5
94,B,aten.select.int,1
94,B,aten.unsqueeze.default,3
94,B,aten.pow.Tensor_Tensor,1
94,B,aten.mul.Tensor,32
94,B,aten.detach.default,2
94,B,aten.view.default,3
94,B,aten.zeros.default,1
94,B,aten.scatter_add_.default,1
94,C,aten.lift_fresh.default,93
94,C,aten.expand.default,1
94,C,aten.detach.default,4
94,C,aten.gt.Tensor,20
94,C,aten.any.default,48
94,C,aten.slice.Tensor,68
94,C,aten.select.int,140
94,C,aten.lt.Tensor,3
94,C,aten.bitwise_or.Tensor,42
94,C,aten.unsqueeze.default,24
94,C,aten.ones_like.default,18
94,C,aten.stack.default,47
94,C,aten.amin.default,39
94,C,aten.full_like.default,174
94,C,aten.nextafter.default,174
94,C,aten.amax.default,39
94,C,aten.eq.Scalar,492
94,C,aten.bitwise_and.Tensor,249
94,C,aten.where.self,420
94,C,aten.zeros_like.default,138
94,C,aten.index.Tensor,60
94,C,aten.add.Tensor,96
94,C,aten.view.default,68
94,C,aten.index_put_.default,30
94,C,aten.neg.default,6
94,C,aten.cat.default,14
94,C,aten.zeros.default,3
94,C,aten.clone.default,62
94,C,aten.le.Tensor,5
94,C,aten.ge.Tensor,1
94,A,aten.detach.default,76
94,A,aten.unbind.int,4
94,A,aten.isnan.default,10
94,A,aten.any.default,15
94,A,aten.gt.Tensor,5
94,A,aten.ne.Scalar,70
94,A,aten.eq.Scalar,1572
94,A,aten.zeros_like.default,786
94,A,aten.add.Tensor,786
94,B,aten.ones_like.default,4
94,B,aten.zeros_like.default,31
94,B,aten.add.Tensor,31
94,B,aten.pow.Tensor_Scalar,27
94,C,aten.isnan.default,28
94,D,aten.zeros.default,226
94,D,aten.clone.default,19500
94,D,aten.view.default,9751
94,D,aten.isnan.default,9750
94,D,aten.any.default,14625
94,D,aten._local_scalar_dense.default,14625
94,D,aten.gt.Tensor,4875
94,D,aten.add.Tensor,2262
94,D,aten.full_like.default,7082
94,D,aten.nextafter.default,7082
94,D,aten.mul.Tensor,6188
94,D,aten.stack.default,1843
94,D,aten.min.dim,1843
94,D,aten.max.dim,1843
94,D,aten.zeros_like.default,567
94,D,aten.abs.default,2268
94,D,aten.minimum.default,567
94,D,aten.maximum.default,567
94,D,aten.le.Scalar,567
94,D,aten.ge.Scalar,567
94,D,aten.bitwise_and.Tensor,567
94,D,aten.pow.Tensor_Scalar,1726
94,D,aten.where.self,567
94,H,aten.add.Tensor,50
94,H,aten.full_like.default,90
94,H,aten.nextafter.default,90
94,H,aten.clone.default,136
94,H,aten.view.default,72
94,H,aten.isnan.default,68
94,H,aten.any.default,102
94,H,aten._local_scalar_dense.default,198
94,H,aten.gt.Tensor,34
94,H,aten.sub.Tensor,30
94,H,aten.detach.default,96
94,H,aten.lift_fresh.default,48
94,H,aten.abs.default,44
94,H,aten.ne.Scalar,44
94,H,aten.eq.Tensor,44
94,H,aten.mul.Tensor,68
94,F,aten.detach.default,116
94,F,aten._local_scalar_dense.default,132
94,G,aten.lift_fresh.default,29
94,G,aten.abs.default,130
94,G,aten.ne.Scalar,130
94,G,aten.eq.Tensor,130
94,G,aten.mul.Tensor,166
94,G,aten._local_scalar_dense.default,3603
94,G,aten.all.default,152
94,G,aten.view.default,6422
94,G,aten.stack.default,796
94,G,aten.sub.Tensor,33
94,G,aten.full_like.default,249
94,G,aten.nextafter.default,249
94,G,aten.le.Tensor,27
94,G,aten.ge.Tensor,12
94,G,aten.bitwise_and.Tensor,12
94,E,aten.detach.default,288
94,E,aten._local_scalar_dense.default,3025
94,G,aten.clone.default,1568
94,G,aten.isnan.default,784
94,G,aten.any.default,1178
94,G,aten.gt.Tensor,392
94,G,aten.min.dim,6
94,G,aten.max.dim,6
94,G,aten.zeros_like.default,4
94,G,aten.select.int,2442
94,G,aten.slice.Tensor,24
94,G,aten.amin.default,4
94,G,aten.amax.default,4
94,G,aten.add.Tensor,200
94,G,aten.zeros.default,2
94,G,aten.detach.default,4532
94,E,aten.zeros_like.default,768
94,E,aten.add.Tensor,1144
94,E,aten.clone.default,3364
94,E,aten.view.default,1615
94,E,aten.eq.Scalar,10
94,E,aten.all.default,200
94,E,aten.zeros.default,250
94,E,aten.isnan.default,1592
94,E,aten.any.default,2388
94,E,aten.gt.Tensor,796
94,E,aten.mul.Tensor,1467
94,E,aten.lift_fresh.default,314
94,E,aten.abs.default,496
94,E,aten.le.Tensor,190
94,E,aten.stack.default,115
94,E,aten.min.dim,115
94,E,aten.full_like.default,914
94,E,aten.nextafter.default,914
94,E,aten.max.dim,115
94,E,aten.sub.Tensor,308
94,E,aten.ne.Scalar,291
94,E,aten.eq.Tensor,291
94,D,aten.lift_fresh.default,347
94,E,aten.equal.default,16
94,H,aten.div.Tensor,2
94,F,aten.lift_fresh.default,66
94,F,aten.clone.default,20
94,F,aten.view.default,16
94,F,aten.eq.Scalar,8
94,F,aten.all.default,8
94,F,aten.neg.default,2
94,F,aten.abs.default,82
94,F,aten.ne.Scalar,54
94,F,aten.eq.Tensor,52
94,F,aten.mul.Tensor,52
94,F,aten.sub.Tensor,40
94,F,aten.full_like.default,6
94,F,aten.nextafter.default,6
94,F,aten.zeros.default,6
94,F,aten.max.default,30
94,G,aten.le.Scalar,2
94,G,aten.ge.Scalar,2
94,G,aten.reciprocal.default,4
94,F,aten.isnan.default,8
94,F,aten.any.default,14
94,F,aten.gt.Tensor,4
94,F,aten.ones.default,2
94,H,aten.eq.Scalar,4
94,H,aten.all.default,4
94,H,aten.zeros.default,8
94,H,aten.stack.default,6
94,H,aten.min.dim,6
94,H,aten.max.dim,6
95,outside_boundary,aten.lift_fresh.default,562
95,outside_boundary,aten.clone.default,4814
95,outside_boundary,aten.view.default,767
95,outside_boundary,aten.isnan.default,202
95,outside_boundary,aten.any.default,547
95,outside_boundary,aten._local_scalar_dense.default,5526
95,outside_boundary,aten.gt.Tensor,245
95,outside_boundary,aten.eq.Scalar,196
95,outside_boundary,aten.all.default,2818
95,outside_boundary,aten.zeros_like.default,1442
95,outside_boundary,aten.add.Tensor,911
95,outside_boundary,aten.ne.Scalar,562
95,outside_boundary,aten.ones.default,148
95,outside_boundary,aten.mul.Tensor,6563
95,outside_boundary,aten.zeros.default,98
95,A,aten.zeros.default,1
95,A,aten.empty.memory_format,1
95,A,aten.empty_like.default,1
95,A,aten.select.int,34
95,A,aten.copy_.default,8
95,A,aten.stack.default,2
95,A,aten.view.default,798
95,A,aten.clone.default,847
95,A,aten.le.Tensor,3
95,A,aten.all.default,1575
95,A,aten._local_scalar_dense.default,1660
95,outside_boundary,aten.slice.Tensor,4655
95,outside_boundary,aten.select.int,6000
95,outside_boundary,aten.allclose.default,156
95,outside_boundary,aten.full_like.default,4765
95,outside_boundary,aten.le.Tensor,2397
95,outside_boundary,aten.sub.Tensor,427
95,outside_boundary,aten.nextafter.default,4436
95,outside_boundary,aten.index_select.default,840
95,outside_boundary,aten.expand.default,77
95,outside_boundary,aten.scatter_add_.default,53
95,outside_boundary,aten.ones_like.default,378
95,outside_boundary,aten.max.default,360
95,outside_boundary,aten.detach.default,1514
95,outside_boundary,aten.abs.default,1937
95,outside_boundary,aten.minimum.default,345
95,outside_boundary,aten.maximum.default,445
95,outside_boundary,aten.le.Scalar,294
95,outside_boundary,aten.ge.Scalar,467
95,outside_boundary,aten.bitwise_and.Tensor,482
95,outside_boundary,aten.pow.Tensor_Scalar,3054
95,outside_boundary,aten.stack.default,2582
95,outside_boundary,aten.min.dim,1989
95,outside_boundary,aten.max.dim,1991
95,outside_boundary,aten.where.self,1044
95,outside_boundary,aten.unsqueeze.default,382
95,outside_boundary,aten.sum.dim_IntList,470
95,outside_boundary,aten.eq.Tensor,569
95,outside_boundary,aten.arange.default,72
95,outside_boundary,aten.min.default,90
95,outside_boundary,aten.nonzero.default,96
95,outside_boundary,aten.lt.Tensor,144
95,outside_boundary,aten.unbind.int,720
95,outside_boundary,aten.cat.default,438
95,outside_boundary,aten.ge.Tensor,154
95,outside_boundary,aten.all.dim,158
95,outside_boundary,aten.count_nonzero.default,144
95,outside_boundary,aten.clamp.default,54
95,outside_boundary,aten.pow.Tensor_Tensor,162
95,outside_boundary,aten._to_copy.default,54
95,outside_boundary,aten.copy_.default,742
95,outside_boundary,aten.full.default,36
95,outside_boundary,aten.scatter_reduce_.two,36
95,outside_boundary,aten.neg.default,20
95,outside_boundary,aten.amin.default,2
95,outside_boundary,aten.amax.default,2
95,outside_boundary,aten.any.dim,6
95,outside_boundary,aten.unique_dim.default,2
95,outside_boundary,aten.rsub.Scalar,2
95,outside_boundary,aten.div.Tensor,6
95,outside_boundary,aten.scatter_.src,4
95,outside_boundary,aten.equal.default,25
95,outside_boundary,aten.permute.default,128
95,outside_boundary,aten.fill_.Tensor,626
95,outside_boundary,aten.bitwise_not.default,4
95,C,aten.abs.default,111
95,C,aten.ne.Scalar,111
95,C,aten.eq.Tensor,117
95,C,aten.mul.Tensor,267
95,C,aten.all.default,117
95,C,aten._local_scalar_dense.default,165
95,B,aten.lift_fresh.default,4
95,B,aten.expand.default,2
95,B,aten.slice.Tensor,5
95,B,aten.select.int,1
95,B,aten.unsqueeze.default,3
95,B,aten.pow.Tensor_Tensor,1
95,B,aten.mul.Tensor,32
95,B,aten.detach.default,2
95,B,aten.view.default,3
95,B,aten.zeros.default,1
95,B,aten.scatter_add_.default,1
95,C,aten.lift_fresh.default,93
95,C,aten.expand.default,1
95,C,aten.detach.default,4
95,C,aten.gt.Tensor,20
95,C,aten.any.default,48
95,C,aten.slice.Tensor,68
95,C,aten.select.int,140
95,C,aten.lt.Tensor,3
95,C,aten.bitwise_or.Tensor,42
95,C,aten.unsqueeze.default,24
95,C,aten.ones_like.default,18
95,C,aten.stack.default,47
95,C,aten.amin.default,39
95,C,aten.full_like.default,174
95,C,aten.nextafter.default,174
95,C,aten.amax.default,39
95,C,aten.eq.Scalar,492
95,C,aten.bitwise_and.Tensor,249
95,C,aten.where.self,420
95,C,aten.zeros_like.default,138
95,C,aten.index.Tensor,60
95,C,aten.add.Tensor,96
95,C,aten.view.default,68
95,C,aten.index_put_.default,30
95,C,aten.neg.default,6
95,C,aten.cat.default,14
95,C,aten.zeros.default,3
95,C,aten.clone.default,62
95,C,aten.le.Tensor,5
95,C,aten.ge.Tensor,1
95,A,aten.detach.default,76
95,A,aten.unbind.int,4
95,A,aten.isnan.default,10
95,A,aten.any.default,15
95,A,aten.gt.Tensor,5
95,A,aten.ne.Scalar,70
95,A,aten.eq.Scalar,1572
95,A,aten.zeros_like.default,786
95,A,aten.add.Tensor,786
95,B,aten.ones_like.default,4
95,B,aten.zeros_like.default,31
95,B,aten.add.Tensor,31
95,B,aten.pow.Tensor_Scalar,27
95,C,aten.isnan.default,28
95,D,aten.zeros.default,226
95,D,aten.clone.default,19500
95,D,aten.view.default,9751
95,D,aten.isnan.default,9750
95,D,aten.any.default,14625
95,D,aten._local_scalar_dense.default,14625
95,D,aten.gt.Tensor,4875
95,D,aten.add.Tensor,2262
95,D,aten.full_like.default,7082
95,D,aten.nextafter.default,7082
95,D,aten.mul.Tensor,6188
95,D,aten.stack.default,1843
95,D,aten.min.dim,1843
95,D,aten.max.dim,1843
95,D,aten.zeros_like.default,567
95,D,aten.abs.default,2268
95,D,aten.minimum.default,567
95,D,aten.maximum.default,567
95,D,aten.le.Scalar,567
95,D,aten.ge.Scalar,567
95,D,aten.bitwise_and.Tensor,567
95,D,aten.pow.Tensor_Scalar,1726
95,D,aten.where.self,567
95,H,aten.add.Tensor,50
95,H,aten.full_like.default,90
95,H,aten.nextafter.default,90
95,H,aten.clone.default,136
95,H,aten.view.default,72
95,H,aten.isnan.default,68
95,H,aten.any.default,102
95,H,aten._local_scalar_dense.default,198
95,H,aten.gt.Tensor,34
95,H,aten.sub.Tensor,30
95,H,aten.detach.default,96
95,H,aten.lift_fresh.default,48
95,H,aten.abs.default,44
95,H,aten.ne.Scalar,44
95,H,aten.eq.Tensor,44
95,H,aten.mul.Tensor,68
95,F,aten.detach.default,116
95,F,aten._local_scalar_dense.default,132
95,G,aten.lift_fresh.default,29
95,G,aten.abs.default,130
95,G,aten.ne.Scalar,130
95,G,aten.eq.Tensor,130
95,G,aten.mul.Tensor,166
95,G,aten._local_scalar_dense.default,3639
95,G,aten.all.default,152
95,G,aten.view.default,6490
95,G,aten.stack.default,804
95,G,aten.sub.Tensor,33
95,G,aten.full_like.default,251
95,G,aten.nextafter.default,251
95,G,aten.le.Tensor,27
95,G,aten.ge.Tensor,12
95,G,aten.bitwise_and.Tensor,12
95,E,aten.detach.default,288
95,E,aten._local_scalar_dense.default,3025
95,G,aten.clone.default,1584
95,G,aten.isnan.default,792
95,G,aten.any.default,1190
95,G,aten.gt.Tensor,396
95,G,aten.min.dim,6
95,G,aten.max.dim,6
95,G,aten.zeros_like.default,4
95,G,aten.select.int,2468
95,G,aten.slice.Tensor,24
95,G,aten.amin.default,4
95,G,aten.amax.default,4
95,G,aten.add.Tensor,202
95,G,aten.zeros.default,2
95,G,aten.detach.default,4580
95,E,aten.zeros_like.default,768
95,E,aten.add.Tensor,1144
95,E,aten.clone.default,3364
95,E,aten.view.default,1615
95,E,aten.eq.Scalar,10
95,E,aten.all.default,200
95,E,aten.zeros.default,250
95,E,aten.isnan.default,1592
95,E,aten.any.default,2388
95,E,aten.gt.Tensor,796
95,E,aten.mul.Tensor,1467
95,E,aten.lift_fresh.default,314
95,E,aten.abs.default,496
95,E,aten.le.Tensor,190
95,E,aten.stack.default,115
95,E,aten.min.dim,115
95,E,aten.full_like.default,914
95,E,aten.nextafter.default,914
95,E,aten.max.dim,115
95,E,aten.sub.Tensor,308
95,E,aten.ne.Scalar,291
95,E,aten.eq.Tensor,291
95,D,aten.lift_fresh.default,347
95,E,aten.equal.default,16
95,H,aten.div.Tensor,2
95,F,aten.lift_fresh.default,66
95,F,aten.clone.default,20
95,F,aten.view.default,16
95,F,aten.eq.Scalar,8
95,F,aten.all.default,8
95,F,aten.neg.default,2
95,F,aten.abs.default,82
95,F,aten.ne.Scalar,54
95,F,aten.eq.Tensor,52
95,F,aten.mul.Tensor,52
95,F,aten.sub.Tensor,40
95,F,aten.full_like.default,6
95,F,aten.nextafter.default,6
95,F,aten.zeros.default,6
95,F,aten.max.default,30
95,G,aten.le.Scalar,2
95,G,aten.ge.Scalar,2
95,G,aten.reciprocal.default,4
95,F,aten.isnan.default,8
95,F,aten.any.default,14
95,F,aten.gt.Tensor,4
95,F,aten.ones.default,2
95,H,aten.eq.Scalar,4
95,H,aten.all.default,4
95,H,aten.zeros.default,8
95,H,aten.stack.default,6
95,H,aten.min.dim,6
95,H,aten.max.dim,6
96,outside_boundary,aten.lift_fresh.default,562
96,outside_boundary,aten.clone.default,4814
96,outside_boundary,aten.view.default,767
96,outside_boundary,aten.isnan.default,202
96,outside_boundary,aten.any.default,547
96,outside_boundary,aten._local_scalar_dense.default,5526
96,outside_boundary,aten.gt.Tensor,245
96,outside_boundary,aten.eq.Scalar,196
96,outside_boundary,aten.all.default,2818
96,outside_boundary,aten.zeros_like.default,1442
96,outside_boundary,aten.add.Tensor,911
96,outside_boundary,aten.ne.Scalar,562
96,outside_boundary,aten.ones.default,148
96,outside_boundary,aten.mul.Tensor,6563
96,outside_boundary,aten.zeros.default,98
96,A,aten.zeros.default,1
96,A,aten.empty.memory_format,1
96,A,aten.empty_like.default,1
96,A,aten.select.int,34
96,A,aten.copy_.default,8
96,A,aten.stack.default,2
96,A,aten.view.default,801
96,A,aten.clone.default,850
96,A,aten.le.Tensor,3
96,A,aten.all.default,1581
96,A,aten._local_scalar_dense.default,1666
96,outside_boundary,aten.slice.Tensor,4655
96,outside_boundary,aten.select.int,6000
96,outside_boundary,aten.allclose.default,156
96,outside_boundary,aten.full_like.default,4765
96,outside_boundary,aten.le.Tensor,2397
96,outside_boundary,aten.sub.Tensor,427
96,outside_boundary,aten.nextafter.default,4436
96,outside_boundary,aten.index_select.default,840
96,outside_boundary,aten.expand.default,77
96,outside_boundary,aten.scatter_add_.default,53
96,outside_boundary,aten.ones_like.default,378
96,outside_boundary,aten.max.default,360
96,outside_boundary,aten.detach.default,1514
96,outside_boundary,aten.abs.default,1937
96,outside_boundary,aten.minimum.default,345
96,outside_boundary,aten.maximum.default,445
96,outside_boundary,aten.le.Scalar,294
96,outside_boundary,aten.ge.Scalar,467
96,outside_boundary,aten.bitwise_and.Tensor,482
96,outside_boundary,aten.pow.Tensor_Scalar,3054
96,outside_boundary,aten.stack.default,2582
96,outside_boundary,aten.min.dim,1989
96,outside_boundary,aten.max.dim,1991
96,outside_boundary,aten.where.self,1044
96,outside_boundary,aten.unsqueeze.default,382
96,outside_boundary,aten.sum.dim_IntList,470
96,outside_boundary,aten.eq.Tensor,569
96,outside_boundary,aten.arange.default,72
96,outside_boundary,aten.min.default,90
96,outside_boundary,aten.nonzero.default,96
96,outside_boundary,aten.lt.Tensor,144
96,outside_boundary,aten.unbind.int,720
96,outside_boundary,aten.cat.default,438
96,outside_boundary,aten.ge.Tensor,154
96,outside_boundary,aten.all.dim,158
96,outside_boundary,aten.count_nonzero.default,144
96,outside_boundary,aten.clamp.default,54
96,outside_boundary,aten.pow.Tensor_Tensor,162
96,outside_boundary,aten._to_copy.default,54
96,outside_boundary,aten.copy_.default,742
96,outside_boundary,aten.full.default,36
96,outside_boundary,aten.scatter_reduce_.two,36
96,outside_boundary,aten.neg.default,20
96,outside_boundary,aten.amin.default,2
96,outside_boundary,aten.amax.default,2
96,outside_boundary,aten.any.dim,6
96,outside_boundary,aten.unique_dim.default,2
96,outside_boundary,aten.rsub.Scalar,2
96,outside_boundary,aten.div.Tensor,6
96,outside_boundary,aten.scatter_.src,4
96,outside_boundary,aten.equal.default,25
96,outside_boundary,aten.permute.default,128
96,outside_boundary,aten.fill_.Tensor,626
96,outside_boundary,aten.bitwise_not.default,4
96,C,aten.abs.default,111
96,C,aten.ne.Scalar,111
96,C,aten.eq.Tensor,117
96,C,aten.mul.Tensor,267
96,C,aten.all.default,117
96,C,aten._local_scalar_dense.default,165
96,B,aten.lift_fresh.default,4
96,B,aten.expand.default,2
96,B,aten.slice.Tensor,5
96,B,aten.select.int,1
96,B,aten.unsqueeze.default,3
96,B,aten.pow.Tensor_Tensor,1
96,B,aten.mul.Tensor,32
96,B,aten.detach.default,2
96,B,aten.view.default,3
96,B,aten.zeros.default,1
96,B,aten.scatter_add_.default,1
96,C,aten.lift_fresh.default,93
96,C,aten.expand.default,1
96,C,aten.detach.default,4
96,C,aten.gt.Tensor,20
96,C,aten.any.default,48
96,C,aten.slice.Tensor,68
96,C,aten.select.int,140
96,C,aten.lt.Tensor,3
96,C,aten.bitwise_or.Tensor,42
96,C,aten.unsqueeze.default,24
96,C,aten.ones_like.default,18
96,C,aten.stack.default,47
96,C,aten.amin.default,39
96,C,aten.full_like.default,174
96,C,aten.nextafter.default,174
96,C,aten.amax.default,39
96,C,aten.eq.Scalar,492
96,C,aten.bitwise_and.Tensor,249
96,C,aten.where.self,420
96,C,aten.zeros_like.default,138
96,C,aten.index.Tensor,60
96,C,aten.add.Tensor,96
96,C,aten.view.default,68
96,C,aten.index_put_.default,30
96,C,aten.neg.default,6
96,C,aten.cat.default,14
96,C,aten.zeros.default,3
96,C,aten.clone.default,62
96,C,aten.le.Tensor,5
96,C,aten.ge.Tensor,1
96,A,aten.detach.default,76
96,A,aten.unbind.int,4
96,A,aten.isnan.default,10
96,A,aten.any.default,15
96,A,aten.gt.Tensor,5
96,A,aten.ne.Scalar,70
96,A,aten.eq.Scalar,1578
96,A,aten.zeros_like.default,789
96,A,aten.add.Tensor,789
96,B,aten.ones_like.default,4
96,B,aten.zeros_like.default,31
96,B,aten.add.Tensor,31
96,B,aten.pow.Tensor_Scalar,27
96,C,aten.isnan.default,28
96,D,aten.zeros.default,226
96,D,aten.clone.default,19612
96,D,aten.view.default,9807
96,D,aten.isnan.default,9806
96,D,aten.any.default,14709
96,D,aten._local_scalar_dense.default,14709
96,D,aten.gt.Tensor,4903
96,D,aten.add.Tensor,2274
96,D,aten.full_like.default,7122
96,D,aten.nextafter.default,7122
96,D,aten.mul.Tensor,6228
96,D,aten.stack.default,1853
96,D,aten.min.dim,1853
96,D,aten.max.dim,1853
96,D,aten.zeros_like.default,571
96,D,aten.abs.default,2284
96,D,aten.minimum.default,571
96,D,aten.maximum.default,571
96,D,aten.le.Scalar,571
96,D,aten.ge.Scalar,571
96,D,aten.bitwise_and.Tensor,571
96,D,aten.pow.Tensor_Scalar,1734
96,D,aten.where.self,571
96,H,aten.add.Tensor,50
96,H,aten.full_like.default,90
96,H,aten.nextafter.default,90
96,H,aten.clone.default,136
96,H,aten.view.default,72
96,H,aten.isnan.default,68
96,H,aten.any.default,102
96,H,aten._local_scalar_dense.default,198
96,H,aten.gt.Tensor,34
96,H,aten.sub.Tensor,30
96,H,aten.detach.default,96
96,H,aten.lift_fresh.default,48
96,H,aten.abs.default,44
96,H,aten.ne.Scalar,44
96,H,aten.eq.Tensor,44
96,H,aten.mul.Tensor,68
96,F,aten.detach.default,116
96,F,aten._local_scalar_dense.default,132
96,G,aten.lift_fresh.default,29
96,G,aten.abs.default,130
96,G,aten.ne.Scalar,130
96,G,aten.eq.Tensor,130
96,G,aten.mul.Tensor,166
96,G,aten._local_scalar_dense.default,3675
96,G,aten.all.default,152
96,G,aten.view.default,6558
96,G,aten.stack.default,812
96,G,aten.sub.Tensor,33
96,G,aten.full_like.default,253
96,G,aten.nextafter.default,253
96,G,aten.le.Tensor,27
96,G,aten.ge.Tensor,12
96,G,aten.bitwise_and.Tensor,12
96,E,aten.detach.default,288
96,E,aten._local_scalar_dense.default,3026
96,G,aten.clone.default,1600
96,G,aten.isnan.default,800
96,G,aten.any.default,1202
96,G,aten.gt.Tensor,400
96,G,aten.min.dim,6
96,G,aten.max.dim,6
96,G,aten.zeros_like.default,4
96,G,aten.select.int,2494
96,G,aten.slice.Tensor,24
96,G,aten.amin.default,4
96,G,aten.amax.default,4
96,G,aten.add.Tensor,204
96,G,aten.zeros.default,2
96,G,aten.detach.default,4628
96,E,aten.zeros_like.default,782
96,E,aten.add.Tensor,1158
96,E,aten.clone.default,3365
96,E,aten.view.default,1615
96,E,aten.eq.Scalar,10
96,E,aten.all.default,201
96,E,aten.zeros.default,250
96,E,aten.isnan.default,1592
96,E,aten.any.default,2388
96,E,aten.gt.Tensor,796
96,E,aten.mul.Tensor,1481
96,E,aten.lift_fresh.default,314
96,E,aten.abs.default,497
96,E,aten.le.Tensor,191
96,E,aten.stack.default,115
96,E,aten.min.dim,115
96,E,aten.full_like.default,914
96,E,aten.nextafter.default,914
96,E,aten.max.dim,115
96,E,aten.sub.Tensor,308
96,E,aten.ne.Scalar,291
96,E,aten.eq.Tensor,291
96,D,aten.lift_fresh.default,351
96,E,aten.equal.default,16
96,H,aten.div.Tensor,2
96,F,aten.lift_fresh.default,66
96,F,aten.clone.default,20
96,F,aten.view.default,16
96,F,aten.eq.Scalar,8
96,F,aten.all.default,8
96,F,aten.neg.default,2
96,F,aten.abs.default,82
96,F,aten.ne.Scalar,54
96,F,aten.eq.Tensor,52
96,F,aten.mul.Tensor,52
96,F,aten.sub.Tensor,40
96,F,aten.full_like.default,6
96,F,aten.nextafter.default,6
96,F,aten.zeros.default,6
96,F,aten.max.default,30
96,G,aten.le.Scalar,2
96,G,aten.ge.Scalar,2
96,G,aten.reciprocal.default,4
96,F,aten.isnan.default,8
96,F,aten.any.default,14
96,F,aten.gt.Tensor,4
96,F,aten.ones.default,2
96,H,aten.eq.Scalar,4
96,H,aten.all.default,4
96,H,aten.zeros.default,8
96,H,aten.stack.default,6
96,H,aten.min.dim,6
96,H,aten.max.dim,6
97,outside_boundary,aten.lift_fresh.default,562
97,outside_boundary,aten.clone.default,4814
97,outside_boundary,aten.view.default,767
97,outside_boundary,aten.isnan.default,202
97,outside_boundary,aten.any.default,547
97,outside_boundary,aten._local_scalar_dense.default,5526
97,outside_boundary,aten.gt.Tensor,245
97,outside_boundary,aten.eq.Scalar,196
97,outside_boundary,aten.all.default,2818
97,outside_boundary,aten.zeros_like.default,1442
97,outside_boundary,aten.add.Tensor,911
97,outside_boundary,aten.ne.Scalar,562
97,outside_boundary,aten.ones.default,148
97,outside_boundary,aten.mul.Tensor,6563
97,outside_boundary,aten.zeros.default,98
97,A,aten.zeros.default,1
97,A,aten.empty.memory_format,1
97,A,aten.empty_like.default,1
97,A,aten.select.int,34
97,A,aten.copy_.default,8
97,A,aten.stack.default,2
97,A,aten.view.default,801
97,A,aten.clone.default,850
97,A,aten.le.Tensor,3
97,A,aten.all.default,1581
97,A,aten._local_scalar_dense.default,1666
97,outside_boundary,aten.slice.Tensor,4655
97,outside_boundary,aten.select.int,6000
97,outside_boundary,aten.allclose.default,156
97,outside_boundary,aten.full_like.default,4765
97,outside_boundary,aten.le.Tensor,2397
97,outside_boundary,aten.sub.Tensor,427
97,outside_boundary,aten.nextafter.default,4436
97,outside_boundary,aten.index_select.default,840
97,outside_boundary,aten.expand.default,77
97,outside_boundary,aten.scatter_add_.default,53
97,outside_boundary,aten.ones_like.default,378
97,outside_boundary,aten.max.default,360
97,outside_boundary,aten.detach.default,1514
97,outside_boundary,aten.abs.default,1937
97,outside_boundary,aten.minimum.default,345
97,outside_boundary,aten.maximum.default,445
97,outside_boundary,aten.le.Scalar,294
97,outside_boundary,aten.ge.Scalar,467
97,outside_boundary,aten.bitwise_and.Tensor,482
97,outside_boundary,aten.pow.Tensor_Scalar,3054
97,outside_boundary,aten.stack.default,2582
97,outside_boundary,aten.min.dim,1989
97,outside_boundary,aten.max.dim,1991
97,outside_boundary,aten.where.self,1044
97,outside_boundary,aten.unsqueeze.default,382
97,outside_boundary,aten.sum.dim_IntList,470
97,outside_boundary,aten.eq.Tensor,569
97,outside_boundary,aten.arange.default,72
97,outside_boundary,aten.min.default,90
97,outside_boundary,aten.nonzero.default,96
97,outside_boundary,aten.lt.Tensor,144
97,outside_boundary,aten.unbind.int,720
97,outside_boundary,aten.cat.default,438
97,outside_boundary,aten.ge.Tensor,154
97,outside_boundary,aten.all.dim,158
97,outside_boundary,aten.count_nonzero.default,144
97,outside_boundary,aten.clamp.default,54
97,outside_boundary,aten.pow.Tensor_Tensor,162
97,outside_boundary,aten._to_copy.default,54
97,outside_boundary,aten.copy_.default,742
97,outside_boundary,aten.full.default,36
97,outside_boundary,aten.scatter_reduce_.two,36
97,outside_boundary,aten.neg.default,20
97,outside_boundary,aten.amin.default,2
97,outside_boundary,aten.amax.default,2
97,outside_boundary,aten.any.dim,6
97,outside_boundary,aten.unique_dim.default,2
97,outside_boundary,aten.rsub.Scalar,2
97,outside_boundary,aten.div.Tensor,6
97,outside_boundary,aten.scatter_.src,4
97,outside_boundary,aten.equal.default,25
97,outside_boundary,aten.permute.default,128
97,outside_boundary,aten.fill_.Tensor,626
97,outside_boundary,aten.bitwise_not.default,4
97,C,aten.abs.default,111
97,C,aten.ne.Scalar,111
97,C,aten.eq.Tensor,117
97,C,aten.mul.Tensor,267
97,C,aten.all.default,117
97,C,aten._local_scalar_dense.default,165
97,B,aten.lift_fresh.default,4
97,B,aten.expand.default,2
97,B,aten.slice.Tensor,5
97,B,aten.select.int,1
97,B,aten.unsqueeze.default,3
97,B,aten.pow.Tensor_Tensor,1
97,B,aten.mul.Tensor,32
97,B,aten.detach.default,2
97,B,aten.view.default,3
97,B,aten.zeros.default,1
97,B,aten.scatter_add_.default,1
97,C,aten.lift_fresh.default,93
97,C,aten.expand.default,1
97,C,aten.detach.default,4
97,C,aten.gt.Tensor,20
97,C,aten.any.default,48
97,C,aten.slice.Tensor,68
97,C,aten.select.int,140
97,C,aten.lt.Tensor,3
97,C,aten.bitwise_or.Tensor,42
97,C,aten.unsqueeze.default,24
97,C,aten.ones_like.default,18
97,C,aten.stack.default,47
97,C,aten.amin.default,39
97,C,aten.full_like.default,174
97,C,aten.nextafter.default,174
97,C,aten.amax.default,39
97,C,aten.eq.Scalar,492
97,C,aten.bitwise_and.Tensor,249
97,C,aten.where.self,420
97,C,aten.zeros_like.default,138
97,C,aten.index.Tensor,60
97,C,aten.add.Tensor,96
97,C,aten.view.default,68
97,C,aten.index_put_.default,30
97,C,aten.neg.default,6
97,C,aten.cat.default,14
97,C,aten.zeros.default,3
97,C,aten.clone.default,62
97,C,aten.le.Tensor,5
97,C,aten.ge.Tensor,1
97,A,aten.detach.default,76
97,A,aten.unbind.int,4
97,A,aten.isnan.default,10
97,A,aten.any.default,15
97,A,aten.gt.Tensor,5
97,A,aten.ne.Scalar,70
97,A,aten.eq.Scalar,1578
97,A,aten.zeros_like.default,789
97,A,aten.add.Tensor,789
97,B,aten.ones_like.default,4
97,B,aten.zeros_like.default,31
97,B,aten.add.Tensor,31
97,B,aten.pow.Tensor_Scalar,27
97,C,aten.isnan.default,28
97,D,aten.zeros.default,226
97,D,aten.clone.default,19612
97,D,aten.view.default,9807
97,D,aten.isnan.default,9806
97,D,aten.any.default,14709
97,D,aten._local_scalar_dense.default,14709
97,D,aten.gt.Tensor,4903
97,D,aten.add.Tensor,2274
97,D,aten.full_like.default,7122
97,D,aten.nextafter.default,7122
97,D,aten.mul.Tensor,6228
97,D,aten.stack.default,1853
97,D,aten.min.dim,1853
97,D,aten.max.dim,1853
97,D,aten.zeros_like.default,571
97,D,aten.abs.default,2284
97,D,aten.minimum.default,571
97,D,aten.maximum.default,571
97,D,aten.le.Scalar,571
97,D,aten.ge.Scalar,571
97,D,aten.bitwise_and.Tensor,571
97,D,aten.pow.Tensor_Scalar,1734
97,D,aten.where.self,571
97,H,aten.add.Tensor,50
97,H,aten.full_like.default,90
97,H,aten.nextafter.default,90
97,H,aten.clone.default,136
97,H,aten.view.default,72
97,H,aten.isnan.default,68
97,H,aten.any.default,102
97,H,aten._local_scalar_dense.default,198
97,H,aten.gt.Tensor,34
97,H,aten.sub.Tensor,30
97,H,aten.detach.default,96
97,H,aten.lift_fresh.default,48
97,H,aten.abs.default,44
97,H,aten.ne.Scalar,44
97,H,aten.eq.Tensor,44
97,H,aten.mul.Tensor,68
97,F,aten.detach.default,116
97,F,aten._local_scalar_dense.default,132
97,G,aten.lift_fresh.default,29
97,G,aten.abs.default,130
97,G,aten.ne.Scalar,130
97,G,aten.eq.Tensor,130
97,G,aten.mul.Tensor,166
97,G,aten._local_scalar_dense.default,3711
97,G,aten.all.default,152
97,G,aten.view.default,6626
97,G,aten.stack.default,820
97,G,aten.sub.Tensor,33
97,G,aten.full_like.default,255
97,G,aten.nextafter.default,255
97,G,aten.le.Tensor,27
97,G,aten.ge.Tensor,12
97,G,aten.bitwise_and.Tensor,12
97,E,aten.detach.default,288
97,E,aten._local_scalar_dense.default,3026
97,G,aten.clone.default,1616
97,G,aten.isnan.default,808
97,G,aten.any.default,1214
97,G,aten.gt.Tensor,404
97,G,aten.min.dim,6
97,G,aten.max.dim,6
97,G,aten.zeros_like.default,4
97,G,aten.select.int,2520
97,G,aten.slice.Tensor,24
97,G,aten.amin.default,4
97,G,aten.amax.default,4
97,G,aten.add.Tensor,206
97,G,aten.zeros.default,2
97,G,aten.detach.default,4676
97,E,aten.zeros_like.default,782
97,E,aten.add.Tensor,1158
97,E,aten.clone.default,3365
97,E,aten.view.default,1615
97,E,aten.eq.Scalar,10
97,E,aten.all.default,201
97,E,aten.zeros.default,250
97,E,aten.isnan.default,1592
97,E,aten.any.default,2388
97,E,aten.gt.Tensor,796
97,E,aten.mul.Tensor,1481
97,E,aten.lift_fresh.default,314
97,E,aten.abs.default,497
97,E,aten.le.Tensor,191
97,E,aten.stack.default,115
97,E,aten.min.dim,115
97,E,aten.full_like.default,914
97,E,aten.nextafter.default,914
97,E,aten.max.dim,115
97,E,aten.sub.Tensor,308
97,E,aten.ne.Scalar,291
97,E,aten.eq.Tensor,291
97,D,aten.lift_fresh.default,351
97,E,aten.equal.default,16
97,H,aten.div.Tensor,2
97,F,aten.lift_fresh.default,66
97,F,aten.clone.default,20
97,F,aten.view.default,16
97,F,aten.eq.Scalar,8
97,F,aten.all.default,8
97,F,aten.neg.default,2
97,F,aten.abs.default,82
97,F,aten.ne.Scalar,54
97,F,aten.eq.Tensor,52
97,F,aten.mul.Tensor,52
97,F,aten.sub.Tensor,40
97,F,aten.full_like.default,6
97,F,aten.nextafter.default,6
97,F,aten.zeros.default,6
97,F,aten.max.default,30
97,G,aten.le.Scalar,2
97,G,aten.ge.Scalar,2
97,G,aten.reciprocal.default,4
97,F,aten.isnan.default,8
97,F,aten.any.default,14
97,F,aten.gt.Tensor,4
97,F,aten.ones.default,2
97,H,aten.eq.Scalar,4
97,H,aten.all.default,4
97,H,aten.zeros.default,8
97,H,aten.stack.default,6
97,H,aten.min.dim,6
97,H,aten.max.dim,6
98,outside_boundary,aten.lift_fresh.default,562
98,outside_boundary,aten.clone.default,4814
98,outside_boundary,aten.view.default,767
98,outside_boundary,aten.isnan.default,202
98,outside_boundary,aten.any.default,547
98,outside_boundary,aten._local_scalar_dense.default,5526
98,outside_boundary,aten.gt.Tensor,245
98,outside_boundary,aten.eq.Scalar,196
98,outside_boundary,aten.all.default,2818
98,outside_boundary,aten.zeros_like.default,1442
98,outside_boundary,aten.add.Tensor,911
98,outside_boundary,aten.ne.Scalar,562
98,outside_boundary,aten.ones.default,148
98,outside_boundary,aten.mul.Tensor,6563
98,outside_boundary,aten.zeros.default,98
98,A,aten.zeros.default,1
98,A,aten.empty.memory_format,1
98,A,aten.empty_like.default,1
98,A,aten.select.int,34
98,A,aten.copy_.default,8
98,A,aten.stack.default,2
98,A,aten.view.default,801
98,A,aten.clone.default,850
98,A,aten.le.Tensor,3
98,A,aten.all.default,1581
98,A,aten._local_scalar_dense.default,1666
98,outside_boundary,aten.slice.Tensor,4655
98,outside_boundary,aten.select.int,6000
98,outside_boundary,aten.allclose.default,156
98,outside_boundary,aten.full_like.default,4765
98,outside_boundary,aten.le.Tensor,2397
98,outside_boundary,aten.sub.Tensor,427
98,outside_boundary,aten.nextafter.default,4436
98,outside_boundary,aten.index_select.default,840
98,outside_boundary,aten.expand.default,77
98,outside_boundary,aten.scatter_add_.default,53
98,outside_boundary,aten.ones_like.default,378
98,outside_boundary,aten.max.default,360
98,outside_boundary,aten.detach.default,1514
98,outside_boundary,aten.abs.default,1937
98,outside_boundary,aten.minimum.default,345
98,outside_boundary,aten.maximum.default,445
98,outside_boundary,aten.le.Scalar,294
98,outside_boundary,aten.ge.Scalar,467
98,outside_boundary,aten.bitwise_and.Tensor,482
98,outside_boundary,aten.pow.Tensor_Scalar,3054
98,outside_boundary,aten.stack.default,2582
98,outside_boundary,aten.min.dim,1989
98,outside_boundary,aten.max.dim,1991
98,outside_boundary,aten.where.self,1044
98,outside_boundary,aten.unsqueeze.default,382
98,outside_boundary,aten.sum.dim_IntList,470
98,outside_boundary,aten.eq.Tensor,569
98,outside_boundary,aten.arange.default,72
98,outside_boundary,aten.min.default,90
98,outside_boundary,aten.nonzero.default,96
98,outside_boundary,aten.lt.Tensor,144
98,outside_boundary,aten.unbind.int,720
98,outside_boundary,aten.cat.default,438
98,outside_boundary,aten.ge.Tensor,154
98,outside_boundary,aten.all.dim,158
98,outside_boundary,aten.count_nonzero.default,144
98,outside_boundary,aten.clamp.default,54
98,outside_boundary,aten.pow.Tensor_Tensor,162
98,outside_boundary,aten._to_copy.default,54
98,outside_boundary,aten.copy_.default,742
98,outside_boundary,aten.full.default,36
98,outside_boundary,aten.scatter_reduce_.two,36
98,outside_boundary,aten.neg.default,20
98,outside_boundary,aten.amin.default,2
98,outside_boundary,aten.amax.default,2
98,outside_boundary,aten.any.dim,6
98,outside_boundary,aten.unique_dim.default,2
98,outside_boundary,aten.rsub.Scalar,2
98,outside_boundary,aten.div.Tensor,6
98,outside_boundary,aten.scatter_.src,4
98,outside_boundary,aten.equal.default,25
98,outside_boundary,aten.permute.default,128
98,outside_boundary,aten.fill_.Tensor,626
98,outside_boundary,aten.bitwise_not.default,4
98,C,aten.abs.default,111
98,C,aten.ne.Scalar,111
98,C,aten.eq.Tensor,117
98,C,aten.mul.Tensor,267
98,C,aten.all.default,117
98,C,aten._local_scalar_dense.default,165
98,B,aten.lift_fresh.default,4
98,B,aten.expand.default,2
98,B,aten.slice.Tensor,5
98,B,aten.select.int,1
98,B,aten.unsqueeze.default,3
98,B,aten.pow.Tensor_Tensor,1
98,B,aten.mul.Tensor,32
98,B,aten.detach.default,2
98,B,aten.view.default,3
98,B,aten.zeros.default,1
98,B,aten.scatter_add_.default,1
98,C,aten.lift_fresh.default,93
98,C,aten.expand.default,1
98,C,aten.detach.default,4
98,C,aten.gt.Tensor,20
98,C,aten.any.default,48
98,C,aten.slice.Tensor,68
98,C,aten.select.int,140
98,C,aten.lt.Tensor,3
98,C,aten.bitwise_or.Tensor,42
98,C,aten.unsqueeze.default,24
98,C,aten.ones_like.default,18
98,C,aten.stack.default,47
98,C,aten.amin.default,39
98,C,aten.full_like.default,174
98,C,aten.nextafter.default,174
98,C,aten.amax.default,39
98,C,aten.eq.Scalar,492
98,C,aten.bitwise_and.Tensor,249
98,C,aten.where.self,420
98,C,aten.zeros_like.default,138
98,C,aten.index.Tensor,60
98,C,aten.add.Tensor,96
98,C,aten.view.default,68
98,C,aten.index_put_.default,30
98,C,aten.neg.default,6
98,C,aten.cat.default,14
98,C,aten.zeros.default,3
98,C,aten.clone.default,62
98,C,aten.le.Tensor,5
98,C,aten.ge.Tensor,1
98,A,aten.detach.default,76
98,A,aten.unbind.int,4
98,A,aten.isnan.default,10
98,A,aten.any.default,15
98,A,aten.gt.Tensor,5
98,A,aten.ne.Scalar,70
98,A,aten.eq.Scalar,1578
98,A,aten.zeros_like.default,789
98,A,aten.add.Tensor,789
98,B,aten.ones_like.default,4
98,B,aten.zeros_like.default,31
98,B,aten.add.Tensor,31
98,B,aten.pow.Tensor_Scalar,27
98,C,aten.isnan.default,28
98,D,aten.zeros.default,226
98,D,aten.clone.default,19612
98,D,aten.view.default,9807
98,D,aten.isnan.default,9806
98,D,aten.any.default,14709
98,D,aten._local_scalar_dense.default,14709
98,D,aten.gt.Tensor,4903
98,D,aten.add.Tensor,2274
98,D,aten.full_like.default,7122
98,D,aten.nextafter.default,7122
98,D,aten.mul.Tensor,6228
98,D,aten.stack.default,1853
98,D,aten.min.dim,1853
98,D,aten.max.dim,1853
98,D,aten.zeros_like.default,571
98,D,aten.abs.default,2284
98,D,aten.minimum.default,571
98,D,aten.maximum.default,571
98,D,aten.le.Scalar,571
98,D,aten.ge.Scalar,571
98,D,aten.bitwise_and.Tensor,571
98,D,aten.pow.Tensor_Scalar,1734
98,D,aten.where.self,571
98,H,aten.add.Tensor,50
98,H,aten.full_like.default,90
98,H,aten.nextafter.default,90
98,H,aten.clone.default,136
98,H,aten.view.default,72
98,H,aten.isnan.default,68
98,H,aten.any.default,102
98,H,aten._local_scalar_dense.default,198
98,H,aten.gt.Tensor,34
98,H,aten.sub.Tensor,30
98,H,aten.detach.default,96
98,H,aten.lift_fresh.default,48
98,H,aten.abs.default,44
98,H,aten.ne.Scalar,44
98,H,aten.eq.Tensor,44
98,H,aten.mul.Tensor,68
98,F,aten.detach.default,116
98,F,aten._local_scalar_dense.default,132
98,G,aten.lift_fresh.default,29
98,G,aten.abs.default,130
98,G,aten.ne.Scalar,130
98,G,aten.eq.Tensor,130
98,G,aten.mul.Tensor,166
98,G,aten._local_scalar_dense.default,3747
98,G,aten.all.default,152
98,G,aten.view.default,6694
98,G,aten.stack.default,828
98,G,aten.sub.Tensor,33
98,G,aten.full_like.default,257
98,G,aten.nextafter.default,257
98,G,aten.le.Tensor,27
98,G,aten.ge.Tensor,12
98,G,aten.bitwise_and.Tensor,12
98,E,aten.detach.default,288
98,E,aten._local_scalar_dense.default,3026
98,G,aten.clone.default,1632
98,G,aten.isnan.default,816
98,G,aten.any.default,1226
98,G,aten.gt.Tensor,408
98,G,aten.min.dim,6
98,G,aten.max.dim,6
98,G,aten.zeros_like.default,4
98,G,aten.select.int,2546
98,G,aten.slice.Tensor,24
98,G,aten.amin.default,4
98,G,aten.amax.default,4
98,G,aten.add.Tensor,208
98,G,aten.zeros.default,2
98,G,aten.detach.default,4724
98,E,aten.zeros_like.default,782
98,E,aten.add.Tensor,1158
98,E,aten.clone.default,3365
98,E,aten.view.default,1615
98,E,aten.eq.Scalar,10
98,E,aten.all.default,201
98,E,aten.zeros.default,250
98,E,aten.isnan.default,1592
98,E,aten.any.default,2388
98,E,aten.gt.Tensor,796
98,E,aten.mul.Tensor,1481
98,E,aten.lift_fresh.default,314
98,E,aten.abs.default,497
98,E,aten.le.Tensor,191
98,E,aten.stack.default,115
98,E,aten.min.dim,115
98,E,aten.full_like.default,914
98,E,aten.nextafter.default,914
98,E,aten.max.dim,115
98,E,aten.sub.Tensor,308
98,E,aten.ne.Scalar,291
98,E,aten.eq.Tensor,291
98,D,aten.lift_fresh.default,351
98,E,aten.equal.default,16
98,H,aten.div.Tensor,2
98,F,aten.lift_fresh.default,66
98,F,aten.clone.default,20
98,F,aten.view.default,16
98,F,aten.eq.Scalar,8
98,F,aten.all.default,8
98,F,aten.neg.default,2
98,F,aten.abs.default,82
98,F,aten.ne.Scalar,54
98,F,aten.eq.Tensor,52
98,F,aten.mul.Tensor,52
98,F,aten.sub.Tensor,40
98,F,aten.full_like.default,6
98,F,aten.nextafter.default,6
98,F,aten.zeros.default,6
98,F,aten.max.default,30
98,G,aten.le.Scalar,2
98,G,aten.ge.Scalar,2
98,G,aten.reciprocal.default,4
98,F,aten.isnan.default,8
98,F,aten.any.default,14
98,F,aten.gt.Tensor,4
98,F,aten.ones.default,2
98,H,aten.eq.Scalar,4
98,H,aten.all.default,4
98,H,aten.zeros.default,8
98,H,aten.stack.default,6
98,H,aten.min.dim,6
98,H,aten.max.dim,6
99,outside_boundary,aten.lift_fresh.default,562
99,outside_boundary,aten.clone.default,4814
99,outside_boundary,aten.view.default,767
99,outside_boundary,aten.isnan.default,202
99,outside_boundary,aten.any.default,547
99,outside_boundary,aten._local_scalar_dense.default,5526
99,outside_boundary,aten.gt.Tensor,245
99,outside_boundary,aten.eq.Scalar,196
99,outside_boundary,aten.all.default,2818
99,outside_boundary,aten.zeros_like.default,1442
99,outside_boundary,aten.add.Tensor,911
99,outside_boundary,aten.ne.Scalar,562
99,outside_boundary,aten.ones.default,148
99,outside_boundary,aten.mul.Tensor,6563
99,outside_boundary,aten.zeros.default,98
99,A,aten.zeros.default,1
99,A,aten.empty.memory_format,1
99,A,aten.empty_like.default,1
99,A,aten.select.int,34
99,A,aten.copy_.default,8
99,A,aten.stack.default,2
99,A,aten.view.default,801
99,A,aten.clone.default,850
99,A,aten.le.Tensor,3
99,A,aten.all.default,1581
99,A,aten._local_scalar_dense.default,1666
99,outside_boundary,aten.slice.Tensor,4655
99,outside_boundary,aten.select.int,6000
99,outside_boundary,aten.allclose.default,156
99,outside_boundary,aten.full_like.default,4765
99,outside_boundary,aten.le.Tensor,2397
99,outside_boundary,aten.sub.Tensor,427
99,outside_boundary,aten.nextafter.default,4436
99,outside_boundary,aten.index_select.default,840
99,outside_boundary,aten.expand.default,77
99,outside_boundary,aten.scatter_add_.default,53
99,outside_boundary,aten.ones_like.default,378
99,outside_boundary,aten.max.default,360
99,outside_boundary,aten.detach.default,1514
99,outside_boundary,aten.abs.default,1937
99,outside_boundary,aten.minimum.default,345
99,outside_boundary,aten.maximum.default,445
99,outside_boundary,aten.le.Scalar,294
99,outside_boundary,aten.ge.Scalar,467
99,outside_boundary,aten.bitwise_and.Tensor,482
99,outside_boundary,aten.pow.Tensor_Scalar,3054
99,outside_boundary,aten.stack.default,2582
99,outside_boundary,aten.min.dim,1989
99,outside_boundary,aten.max.dim,1991
99,outside_boundary,aten.where.self,1044
99,outside_boundary,aten.unsqueeze.default,382
99,outside_boundary,aten.sum.dim_IntList,470
99,outside_boundary,aten.eq.Tensor,569
99,outside_boundary,aten.arange.default,72
99,outside_boundary,aten.min.default,90
99,outside_boundary,aten.nonzero.default,96
99,outside_boundary,aten.lt.Tensor,144
99,outside_boundary,aten.unbind.int,720
99,outside_boundary,aten.cat.default,438
99,outside_boundary,aten.ge.Tensor,154
99,outside_boundary,aten.all.dim,158
99,outside_boundary,aten.count_nonzero.default,144
99,outside_boundary,aten.clamp.default,54
99,outside_boundary,aten.pow.Tensor_Tensor,162
99,outside_boundary,aten._to_copy.default,54
99,outside_boundary,aten.copy_.default,742
99,outside_boundary,aten.full.default,36
99,outside_boundary,aten.scatter_reduce_.two,36
99,outside_boundary,aten.neg.default,20
99,outside_boundary,aten.amin.default,2
99,outside_boundary,aten.amax.default,2
99,outside_boundary,aten.any.dim,6
99,outside_boundary,aten.unique_dim.default,2
99,outside_boundary,aten.rsub.Scalar,2
99,outside_boundary,aten.div.Tensor,6
99,outside_boundary,aten.scatter_.src,4
99,outside_boundary,aten.equal.default,25
99,outside_boundary,aten.permute.default,128
99,outside_boundary,aten.fill_.Tensor,626
99,outside_boundary,aten.bitwise_not.default,4
99,C,aten.abs.default,111
99,C,aten.ne.Scalar,111
99,C,aten.eq.Tensor,117
99,C,aten.mul.Tensor,267
99,C,aten.all.default,117
99,C,aten._local_scalar_dense.default,165
99,B,aten.lift_fresh.default,4
99,B,aten.expand.default,2
99,B,aten.slice.Tensor,5
99,B,aten.select.int,1
99,B,aten.unsqueeze.default,3
99,B,aten.pow.Tensor_Tensor,1
99,B,aten.mul.Tensor,32
99,B,aten.detach.default,2
99,B,aten.view.default,3
99,B,aten.zeros.default,1
99,B,aten.scatter_add_.default,1
99,C,aten.lift_fresh.default,93
99,C,aten.expand.default,1
99,C,aten.detach.default,4
99,C,aten.gt.Tensor,20
99,C,aten.any.default,48
99,C,aten.slice.Tensor,68
99,C,aten.select.int,140
99,C,aten.lt.Tensor,3
99,C,aten.bitwise_or.Tensor,42
99,C,aten.unsqueeze.default,24
99,C,aten.ones_like.default,18
99,C,aten.stack.default,47
99,C,aten.amin.default,39
99,C,aten.full_like.default,174
99,C,aten.nextafter.default,174
99,C,aten.amax.default,39
99,C,aten.eq.Scalar,492
99,C,aten.bitwise_and.Tensor,249
99,C,aten.where.self,420
99,C,aten.zeros_like.default,138
99,C,aten.index.Tensor,60
99,C,aten.add.Tensor,96
99,C,aten.view.default,68
99,C,aten.index_put_.default,30
99,C,aten.neg.default,6
99,C,aten.cat.default,14
99,C,aten.zeros.default,3
99,C,aten.clone.default,62
99,C,aten.le.Tensor,5
99,C,aten.ge.Tensor,1
99,A,aten.detach.default,76
99,A,aten.unbind.int,4
99,A,aten.isnan.default,10
99,A,aten.any.default,15
99,A,aten.gt.Tensor,5
99,A,aten.ne.Scalar,70
99,A,aten.eq.Scalar,1578
99,A,aten.zeros_like.default,789
99,A,aten.add.Tensor,789
99,B,aten.ones_like.default,4
99,B,aten.zeros_like.default,31
99,B,aten.add.Tensor,31
99,B,aten.pow.Tensor_Scalar,27
99,C,aten.isnan.default,28
99,D,aten.zeros.default,226
99,D,aten.clone.default,19644
99,D,aten.view.default,9823
99,D,aten.isnan.default,9822
99,D,aten.any.default,14733
99,D,aten._local_scalar_dense.default,14733
99,D,aten.gt.Tensor,4911
99,D,aten.add.Tensor,2278
99,D,aten.full_like.default,7132
99,D,aten.nextafter.default,7132
99,D,aten.mul.Tensor,6236
99,D,aten.stack.default,1855
99,D,aten.min.dim,1855
99,D,aten.max.dim,1855
99,D,aten.zeros_like.default,572
99,D,aten.abs.default,2288
99,D,aten.minimum.default,572
99,D,aten.maximum.default,572
99,D,aten.le.Scalar,572
99,D,aten.ge.Scalar,572
99,D,aten.bitwise_and.Tensor,572
99,D,aten.pow.Tensor_Scalar,1736
99,D,aten.where.self,572
99,H,aten.add.Tensor,50
99,H,aten.full_like.default,90
99,H,aten.nextafter.default,90
99,H,aten.clone.default,136
99,H,aten.view.default,72
99,H,aten.isnan.default,68
99,H,aten.any.default,102
99,H,aten._local_scalar_dense.default,198
99,H,aten.gt.Tensor,34
99,H,aten.sub.Tensor,30
99,H,aten.detach.default,96
99,H,aten.lift_fresh.default,48
99,H,aten.abs.default,44
99,H,aten.ne.Scalar,44
99,H,aten.eq.Tensor,44
99,H,aten.mul.Tensor,68
99,F,aten.detach.default,116
99,F,aten._local_scalar_dense.default,132
99,G,aten.lift_fresh.default,29
99,G,aten.abs.default,130
99,G,aten.ne.Scalar,130
99,G,aten.eq.Tensor,130
99,G,aten.mul.Tensor,166
99,G,aten._local_scalar_dense.default,3783
99,G,aten.all.default,152
99,G,aten.view.default,6762
99,G,aten.stack.default,836
99,G,aten.sub.Tensor,33
99,G,aten.full_like.default,259
99,G,aten.nextafter.default,259
99,G,aten.le.Tensor,27
99,G,aten.ge.Tensor,12
99,G,aten.bitwise_and.Tensor,12
99,E,aten.detach.default,288
99,E,aten._local_scalar_dense.default,3026
99,G,aten.clone.default,1648
99,G,aten.isnan.default,824
99,G,aten.any.default,1238
99,G,aten.gt.Tensor,412
99,G,aten.min.dim,6
99,G,aten.max.dim,6
99,G,aten.zeros_like.default,4
99,G,aten.select.int,2572
99,G,aten.slice.Tensor,24
99,G,aten.amin.default,4
99,G,aten.amax.default,4
99,G,aten.add.Tensor,210
99,G,aten.zeros.default,2
99,G,aten.detach.default,4772
99,E,aten.zeros_like.default,782
99,E,aten.add.Tensor,1158
99,E,aten.clone.default,3366
99,E,aten.view.default,1615
99,E,aten.eq.Scalar,10
99,E,aten.all.default,201
99,E,aten.zeros.default,250
99,E,aten.isnan.default,1592
99,E,aten.any.default,2388
99,E,aten.gt.Tensor,796
99,E,aten.mul.Tensor,1481
99,E,aten.lift_fresh.default,314
99,E,aten.abs.default,497
99,E,aten.le.Tensor,191
99,E,aten.stack.default,115
99,E,aten.min.dim,115
99,E,aten.full_like.default,914
99,E,aten.nextafter.default,914
99,E,aten.max.dim,115
99,E,aten.sub.Tensor,308
99,E,aten.ne.Scalar,291
99,E,aten.eq.Tensor,291
99,D,aten.lift_fresh.default,353
99,E,aten.equal.default,16
99,H,aten.div.Tensor,2
99,F,aten.lift_fresh.default,66
99,F,aten.clone.default,20
99,F,aten.view.default,16
99,F,aten.eq.Scalar,8
99,F,aten.all.default,8
99,F,aten.neg.default,2
99,F,aten.abs.default,82
99,F,aten.ne.Scalar,54
99,F,aten.eq.Tensor,52
99,F,aten.mul.Tensor,52
99,F,aten.sub.Tensor,40
99,F,aten.full_like.default,6
99,F,aten.nextafter.default,6
99,F,aten.zeros.default,6
99,F,aten.max.default,30
99,G,aten.le.Scalar,2
99,G,aten.ge.Scalar,2
99,G,aten.reciprocal.default,4
99,F,aten.isnan.default,8
99,F,aten.any.default,14
99,F,aten.gt.Tensor,4
99,F,aten.ones.default,2
99,H,aten.eq.Scalar,4
99,H,aten.all.default,4
99,H,aten.zeros.default,8
99,H,aten.stack.default,6
99,H,aten.min.dim,6
99,H,aten.max.dim,6
100,outside_boundary,aten.lift_fresh.default,562
100,outside_boundary,aten.clone.default,4814
100,outside_boundary,aten.view.default,767
100,outside_boundary,aten.isnan.default,202
100,outside_boundary,aten.any.default,547
100,outside_boundary,aten._local_scalar_dense.default,5526
100,outside_boundary,aten.gt.Tensor,245
100,outside_boundary,aten.eq.Scalar,196
100,outside_boundary,aten.all.default,2818
100,outside_boundary,aten.zeros_like.default,1442
100,outside_boundary,aten.add.Tensor,911
100,outside_boundary,aten.ne.Scalar,562
100,outside_boundary,aten.ones.default,148
100,outside_boundary,aten.mul.Tensor,6563
100,outside_boundary,aten.zeros.default,98
100,A,aten.zeros.default,1
100,A,aten.empty.memory_format,1
100,A,aten.empty_like.default,1
100,A,aten.select.int,34
100,A,aten.copy_.default,8
100,A,aten.stack.default,2
100,A,aten.view.default,801
100,A,aten.clone.default,850
100,A,aten.le.Tensor,3
100,A,aten.all.default,1581
100,A,aten._local_scalar_dense.default,1666
100,outside_boundary,aten.slice.Tensor,4655
100,outside_boundary,aten.select.int,6000
100,outside_boundary,aten.allclose.default,156
100,outside_boundary,aten.full_like.default,4765
100,outside_boundary,aten.le.Tensor,2397
100,outside_boundary,aten.sub.Tensor,427
100,outside_boundary,aten.nextafter.default,4436
100,outside_boundary,aten.index_select.default,840
100,outside_boundary,aten.expand.default,77
100,outside_boundary,aten.scatter_add_.default,53
100,outside_boundary,aten.ones_like.default,378
100,outside_boundary,aten.max.default,360
100,outside_boundary,aten.detach.default,1514
100,outside_boundary,aten.abs.default,1937
100,outside_boundary,aten.minimum.default,345
100,outside_boundary,aten.maximum.default,445
100,outside_boundary,aten.le.Scalar,294
100,outside_boundary,aten.ge.Scalar,467
100,outside_boundary,aten.bitwise_and.Tensor,482
100,outside_boundary,aten.pow.Tensor_Scalar,3054
100,outside_boundary,aten.stack.default,2582
100,outside_boundary,aten.min.dim,1989
100,outside_boundary,aten.max.dim,1991
100,outside_boundary,aten.where.self,1044
100,outside_boundary,aten.unsqueeze.default,382
100,outside_boundary,aten.sum.dim_IntList,470
100,outside_boundary,aten.eq.Tensor,569
100,outside_boundary,aten.arange.default,72
100,outside_boundary,aten.min.default,90
100,outside_boundary,aten.nonzero.default,96
100,outside_boundary,aten.lt.Tensor,144
100,outside_boundary,aten.unbind.int,720
100,outside_boundary,aten.cat.default,438
100,outside_boundary,aten.ge.Tensor,154
100,outside_boundary,aten.all.dim,158
100,outside_boundary,aten.count_nonzero.default,144
100,outside_boundary,aten.clamp.default,54
100,outside_boundary,aten.pow.Tensor_Tensor,162
100,outside_boundary,aten._to_copy.default,54
100,outside_boundary,aten.copy_.default,742
100,outside_boundary,aten.full.default,36
100,outside_boundary,aten.scatter_reduce_.two,36
100,outside_boundary,aten.neg.default,20
100,outside_boundary,aten.amin.default,2
100,outside_boundary,aten.amax.default,2
100,outside_boundary,aten.any.dim,6
100,outside_boundary,aten.unique_dim.default,2
100,outside_boundary,aten.rsub.Scalar,2
100,outside_boundary,aten.div.Tensor,6
100,outside_boundary,aten.scatter_.src,4
100,outside_boundary,aten.equal.default,25
100,outside_boundary,aten.permute.default,128
100,outside_boundary,aten.fill_.Tensor,626
100,outside_boundary,aten.bitwise_not.default,4
100,C,aten.abs.default,111
100,C,aten.ne.Scalar,111
100,C,aten.eq.Tensor,117
100,C,aten.mul.Tensor,267
100,C,aten.all.default,117
100,C,aten._local_scalar_dense.default,165
100,B,aten.lift_fresh.default,4
100,B,aten.expand.default,2
100,B,aten.slice.Tensor,5
100,B,aten.select.int,1
100,B,aten.unsqueeze.default,3
100,B,aten.pow.Tensor_Tensor,1
100,B,aten.mul.Tensor,32
100,B,aten.detach.default,2
100,B,aten.view.default,3
100,B,aten.zeros.default,1
100,B,aten.scatter_add_.default,1
100,C,aten.lift_fresh.default,93
100,C,aten.expand.default,1
100,C,aten.detach.default,4
100,C,aten.gt.Tensor,20
100,C,aten.any.default,48
100,C,aten.slice.Tensor,68
100,C,aten.select.int,140
100,C,aten.lt.Tensor,3
100,C,aten.bitwise_or.Tensor,42
100,C,aten.unsqueeze.default,24
100,C,aten.ones_like.default,18
100,C,aten.stack.default,47
100,C,aten.amin.default,39
100,C,aten.full_like.default,174
100,C,aten.nextafter.default,174
100,C,aten.amax.default,39
100,C,aten.eq.Scalar,492
100,C,aten.bitwise_and.Tensor,249
100,C,aten.where.self,420
100,C,aten.zeros_like.default,138
100,C,aten.index.Tensor,60
100,C,aten.add.Tensor,96
100,C,aten.view.default,68
100,C,aten.index_put_.default,30
100,C,aten.neg.default,6
100,C,aten.cat.default,14
100,C,aten.zeros.default,3
100,C,aten.clone.default,62
100,C,aten.le.Tensor,5
100,C,aten.ge.Tensor,1
100,A,aten.detach.default,76
100,A,aten.unbind.int,4
100,A,aten.isnan.default,10
100,A,aten.any.default,15
100,A,aten.gt.Tensor,5
100,A,aten.ne.Scalar,70
100,A,aten.eq.Scalar,1578
100,A,aten.zeros_like.default,789
100,A,aten.add.Tensor,789
100,B,aten.ones_like.default,4
100,B,aten.zeros_like.default,31
100,B,aten.add.Tensor,31
100,B,aten.pow.Tensor_Scalar,27
100,C,aten.isnan.default,28
100,D,aten.zeros.default,226
100,D,aten.clone.default,19644
100,D,aten.view.default,9823
100,D,aten.isnan.default,9822
100,D,aten.any.default,14733
100,D,aten._local_scalar_dense.default,14733
100,D,aten.gt.Tensor,4911
100,D,aten.add.Tensor,2278
100,D,aten.full_like.default,7132
100,D,aten.nextafter.default,7132
100,D,aten.mul.Tensor,6236
100,D,aten.stack.default,1855
100,D,aten.min.dim,1855
100,D,aten.max.dim,1855
100,D,aten.zeros_like.default,572
100,D,aten.abs.default,2288
100,D,aten.minimum.default,572
100,D,aten.maximum.default,572
100,D,aten.le.Scalar,572
100,D,aten.ge.Scalar,572
100,D,aten.bitwise_and.Tensor,572
100,D,aten.pow.Tensor_Scalar,1736
100,D,aten.where.self,572
100,H,aten.add.Tensor,50
100,H,aten.full_like.default,90
100,H,aten.nextafter.default,90
100,H,aten.clone.default,136
100,H,aten.view.default,72
100,H,aten.isnan.default,68
100,H,aten.any.default,102
100,H,aten._local_scalar_dense.default,198
100,H,aten.gt.Tensor,34
100,H,aten.sub.Tensor,30
100,H,aten.detach.default,96
100,H,aten.lift_fresh.default,48
100,H,aten.abs.default,44
100,H,aten.ne.Scalar,44
100,H,aten.eq.Tensor,44
100,H,aten.mul.Tensor,68
100,F,aten.detach.default,116
100,F,aten._local_scalar_dense.default,132
100,G,aten.lift_fresh.default,26
100,G,aten.abs.default,112
100,G,aten.ne.Scalar,112
100,G,aten.eq.Tensor,112
100,G,aten.mul.Tensor,148
100,G,aten._local_scalar_dense.default,2599
100,G,aten.all.default,126
100,G,aten.view.default,4430
100,G,aten.stack.default,834
100,G,aten.sub.Tensor,28
100,G,aten.full_like.default,256
100,G,aten.nextafter.default,256
100,G,aten.le.Tensor,19
100,G,aten.ge.Tensor,9
100,G,aten.bitwise_and.Tensor,9
100,E,aten.detach.default,288
100,E,aten._local_scalar_dense.default,3026
100,G,aten.clone.default,1673
100,G,aten.isnan.default,836
100,G,aten.any.default,1256
100,G,aten.gt.Tensor,418
100,G,aten.min.dim,6
100,G,aten.max.dim,6
100,G,aten.zeros_like.default,4
100,G,aten.select.int,2598
100,G,aten.slice.Tensor,24
100,G,aten.amin.default,4
100,G,aten.amax.default,4
100,G,aten.add.Tensor,212
100,G,aten.zeros.default,2
100,G,aten.detach.default,2420
100,E,aten.zeros_like.default,782
100,E,aten.add.Tensor,1158
100,E,aten.clone.default,3366
100,E,aten.view.default,1615
100,E,aten.eq.Scalar,10
100,E,aten.all.default,201
100,E,aten.zeros.default,250
100,E,aten.isnan.default,1592
100,E,aten.any.default,2388
100,E,aten.gt.Tensor,796
100,E,aten.mul.Tensor,1481
100,E,aten.lift_fresh.default,314
100,E,aten.abs.default,497
100,E,aten.le.Tensor,191
100,E,aten.stack.default,115
100,E,aten.min.dim,115
100,E,aten.full_like.default,914
100,E,aten.nextafter.default,914
100,E,aten.max.dim,115
100,E,aten.sub.Tensor,308
100,E,aten.ne.Scalar,291
100,E,aten.eq.Tensor,291
100,D,aten.lift_fresh.default,353
100,E,aten.equal.default,16
100,H,aten.div.Tensor,2
100,F,aten.lift_fresh.default,66
100,F,aten.clone.default,20
100,F,aten.view.default,16
100,F,aten.eq.Scalar,8
100,F,aten.all.default,8
100,F,aten.neg.default,2
100,F,aten.abs.default,82
100,F,aten.ne.Scalar,54
100,F,aten.eq.Tensor,52
100,F,aten.mul.Tensor,52
100,F,aten.sub.Tensor,40
100,F,aten.full_like.default,6
100,F,aten.nextafter.default,6
100,F,aten.zeros.default,6
100,F,aten.max.default,30
100,G,aten.le.Scalar,2
100,G,aten.ge.Scalar,2
100,G,aten.reciprocal.default,4
100,G,aten.ones_like.default,2
100,G,aten.empty.memory_format,1
100,F,aten.isnan.default,8
100,F,aten.any.default,14
100,F,aten.gt.Tensor,4
100,F,aten.ones.default,2
100,H,aten.eq.Scalar,4
100,H,aten.all.default,4
100,H,aten.zeros.default,8
100,H,aten.stack.default,6
100,H,aten.min.dim,6
100,H,aten.max.dim,6
101,outside_boundary,aten.lift_fresh.default,562
101,outside_boundary,aten.clone.default,4814
101,outside_boundary,aten.view.default,767
101,outside_boundary,aten.isnan.default,202
101,outside_boundary,aten.any.default,547
101,outside_boundary,aten._local_scalar_dense.default,5526
101,outside_boundary,aten.gt.Tensor,245
101,outside_boundary,aten.eq.Scalar,196
101,outside_boundary,aten.all.default,2818
101,outside_boundary,aten.zeros_like.default,1442
101,outside_boundary,aten.add.Tensor,911
101,outside_boundary,aten.ne.Scalar,562
101,outside_boundary,aten.ones.default,148
101,outside_boundary,aten.mul.Tensor,6563
101,outside_boundary,aten.zeros.default,98
101,A,aten.zeros.default,1
101,A,aten.empty.memory_format,1
101,A,aten.empty_like.default,1
101,A,aten.select.int,34
101,A,aten.copy_.default,8
101,A,aten.stack.default,2
101,A,aten.view.default,897
101,A,aten.clone.default,946
101,A,aten.le.Tensor,3
101,A,aten.all.default,1773
101,A,aten._local_scalar_dense.default,1858
101,outside_boundary,aten.slice.Tensor,4655
101,outside_boundary,aten.select.int,6000
101,outside_boundary,aten.allclose.default,156
101,outside_boundary,aten.full_like.default,4765
101,outside_boundary,aten.le.Tensor,2397
101,outside_boundary,aten.sub.Tensor,427
101,outside_boundary,aten.nextafter.default,4436
101,outside_boundary,aten.index_select.default,840
101,outside_boundary,aten.expand.default,77
101,outside_boundary,aten.scatter_add_.default,53
101,outside_boundary,aten.ones_like.default,378
101,outside_boundary,aten.max.default,360
101,outside_boundary,aten.detach.default,1514
101,outside_boundary,aten.abs.default,1937
101,outside_boundary,aten.minimum.default,345
101,outside_boundary,aten.maximum.default,445
101,outside_boundary,aten.le.Scalar,294
101,outside_boundary,aten.ge.Scalar,467
101,outside_boundary,aten.bitwise_and.Tensor,482
101,outside_boundary,aten.pow.Tensor_Scalar,3054
101,outside_boundary,aten.stack.default,2582
101,outside_boundary,aten.min.dim,1989
101,outside_boundary,aten.max.dim,1991
101,outside_boundary,aten.where.self,1044
101,outside_boundary,aten.unsqueeze.default,382
101,outside_boundary,aten.sum.dim_IntList,470
101,outside_boundary,aten.eq.Tensor,569
101,outside_boundary,aten.arange.default,72
101,outside_boundary,aten.min.default,90
101,outside_boundary,aten.nonzero.default,96
101,outside_boundary,aten.lt.Tensor,144
101,outside_boundary,aten.unbind.int,720
101,outside_boundary,aten.cat.default,438
101,outside_boundary,aten.ge.Tensor,154
101,outside_boundary,aten.all.dim,158
101,outside_boundary,aten.count_nonzero.default,144
101,outside_boundary,aten.clamp.default,54
101,outside_boundary,aten.pow.Tensor_Tensor,162
101,outside_boundary,aten._to_copy.default,54
101,outside_boundary,aten.copy_.default,742
101,outside_boundary,aten.full.default,36
101,outside_boundary,aten.scatter_reduce_.two,36
101,outside_boundary,aten.neg.default,20
101,outside_boundary,aten.amin.default,2
101,outside_boundary,aten.amax.default,2
101,outside_boundary,aten.any.dim,6
101,outside_boundary,aten.unique_dim.default,2
101,outside_boundary,aten.rsub.Scalar,2
101,outside_boundary,aten.div.Tensor,6
101,outside_boundary,aten.scatter_.src,4
101,outside_boundary,aten.equal.default,25
101,outside_boundary,aten.permute.default,128
101,outside_boundary,aten.fill_.Tensor,626
101,outside_boundary,aten.bitwise_not.default,4
101,C,aten.abs.default,111
101,C,aten.ne.Scalar,111
101,C,aten.eq.Tensor,117
101,C,aten.mul.Tensor,267
101,C,aten.all.default,117
101,C,aten._local_scalar_dense.default,165
101,B,aten.lift_fresh.default,4
101,B,aten.expand.default,2
101,B,aten.slice.Tensor,5
101,B,aten.select.int,1
101,B,aten.unsqueeze.default,3
101,B,aten.pow.Tensor_Tensor,1
101,B,aten.mul.Tensor,32
101,B,aten.detach.default,2
101,B,aten.view.default,3
101,B,aten.zeros.default,1
101,B,aten.scatter_add_.default,1
101,C,aten.lift_fresh.default,93
101,C,aten.expand.default,1
101,C,aten.detach.default,4
101,C,aten.gt.Tensor,20
101,C,aten.any.default,48
101,C,aten.slice.Tensor,68
101,C,aten.select.int,140
101,C,aten.lt.Tensor,3
101,C,aten.bitwise_or.Tensor,42
101,C,aten.unsqueeze.default,24
101,C,aten.ones_like.default,18
101,C,aten.stack.default,47
101,C,aten.amin.default,39
101,C,aten.full_like.default,174
101,C,aten.nextafter.default,174
101,C,aten.amax.default,39
101,C,aten.eq.Scalar,492
101,C,aten.bitwise_and.Tensor,249
101,C,aten.where.self,420
101,C,aten.zeros_like.default,138
101,C,aten.index.Tensor,60
101,C,aten.add.Tensor,96
101,C,aten.view.default,68
101,C,aten.index_put_.default,30
101,C,aten.neg.default,6
101,C,aten.cat.default,14
101,C,aten.zeros.default,3
101,C,aten.clone.default,62
101,C,aten.le.Tensor,5
101,C,aten.ge.Tensor,1
101,A,aten.detach.default,76
101,A,aten.unbind.int,4
101,A,aten.isnan.default,10
101,A,aten.any.default,15
101,A,aten.gt.Tensor,5
101,A,aten.ne.Scalar,70
101,A,aten.eq.Scalar,1770
101,A,aten.zeros_like.default,885
101,A,aten.add.Tensor,885
101,B,aten.ones_like.default,4
101,B,aten.zeros_like.default,31
101,B,aten.add.Tensor,31
101,B,aten.pow.Tensor_Scalar,27
101,C,aten.isnan.default,28
101,D,aten.zeros.default,244
101,D,aten.clone.default,22520
101,D,aten.view.default,11266
101,D,aten.isnan.default,11260
101,D,aten.any.default,16890
101,D,aten._local_scalar_dense.default,16890
101,D,aten.gt.Tensor,5630
101,D,aten.add.Tensor,2620
101,D,aten.full_like.default,7930
101,D,aten.nextafter.default,7930
101,D,aten.mul.Tensor,6964
101,D,aten.stack.default,2055
101,D,aten.min.dim,2055
101,D,aten.max.dim,2055
101,D,aten.zeros_like.default,600
101,D,aten.abs.default,2400
101,D,aten.minimum.default,600
101,D,aten.maximum.default,600
101,D,aten.le.Scalar,600
101,D,aten.ge.Scalar,600
101,D,aten.bitwise_and.Tensor,600
101,D,aten.pow.Tensor_Scalar,1828
101,D,aten.where.self,600
101,H,aten.add.Tensor,50
101,H,aten.full_like.default,90
101,H,aten.nextafter.default,90
101,H,aten.clone.default,136
101,H,aten.view.default,72
101,H,aten.isnan.default,68
101,H,aten.any.default,102
101,H,aten._local_scalar_dense.default,198
101,H,aten.gt.Tensor,34
101,H,aten.sub.Tensor,30
101,H,aten.detach.default,96
101,H,aten.lift_fresh.default,48
101,H,aten.abs.default,44
101,H,aten.ne.Scalar,44
101,H,aten.eq.Tensor,44
101,H,aten.mul.Tensor,68
101,F,aten.detach.default,116
101,F,aten._local_scalar_dense.default,132
101,G,aten.lift_fresh.default,26
101,G,aten.abs.default,109
101,G,aten.ne.Scalar,109
101,G,aten.eq.Tensor,109
101,G,aten.mul.Tensor,129
101,G,aten._local_scalar_dense.default,225
101,G,aten.all.default,122
101,G,aten.view.default,86
101,G,aten.stack.default,24
101,G,aten.sub.Tensor,27
101,G,aten.full_like.default,41
101,G,aten.nextafter.default,41
101,G,aten.le.Tensor,18
101,G,aten.ge.Tensor,9
101,G,aten.bitwise_and.Tensor,9
101,G,aten.empty.memory_format,3
101,G,aten.clone.default,83
101,E,aten.detach.default,344
101,E,aten._local_scalar_dense.default,1767
101,G,aten.isnan.default,40
101,G,aten.any.default,62
101,G,aten.gt.Tensor,20
101,G,aten.min.dim,6
101,G,aten.max.dim,6
101,G,aten.zeros.default,4
101,G,aten.detach.default,68
101,E,aten.zeros_like.default,787
101,E,aten.add.Tensor,1031
101,E,aten.clone.default,1506
101,E,aten.view.default,680
101,E,aten.eq.Scalar,14
101,E,aten.all.default,275
101,E,aten.zeros.default,48
101,E,aten.isnan.default,648
101,E,aten.any.default,972
101,E,aten.gt.Tensor,324
101,E,aten.mul.Tensor,1324
101,E,aten.lift_fresh.default,370
101,E,aten.abs.default,627
101,E,aten.le.Tensor,261
101,E,aten.stack.default,62
101,E,aten.min.dim,62
101,E,aten.full_like.default,592
101,E,aten.nextafter.default,592
101,E,aten.max.dim,62
101,E,aten.sub.Tensor,224
101,E,aten.ne.Scalar,346
101,E,aten.eq.Tensor,346
101,D,aten.lift_fresh.default,516
101,E,aten.equal.default,32
101,H,aten.div.Tensor,2
101,F,aten.lift_fresh.default,66
101,F,aten.clone.default,20
101,F,aten.view.default,16
101,F,aten.eq.Scalar,8
101,F,aten.all.default,8
101,F,aten.neg.default,2
101,F,aten.abs.default,82
101,F,aten.ne.Scalar,54
101,F,aten.eq.Tensor,52
101,F,aten.mul.Tensor,52
101,F,aten.sub.Tensor,40
101,F,aten.full_like.default,6
101,F,aten.nextafter.default,6
101,F,aten.zeros.default,6
101,F,aten.max.default,30
101,G,aten.add.Tensor,6
101,G,aten.le.Scalar,2
101,G,aten.ge.Scalar,2
101,G,aten.reciprocal.default,4
101,F,aten.isnan.default,8
101,F,aten.any.default,14
101,F,aten.gt.Tensor,4
101,F,aten.ones.default,2
101,H,aten.eq.Scalar,4
101,H,aten.all.default,4
101,H,aten.zeros.default,8
101,H,aten.stack.default,6
101,H,aten.min.dim,6
101,H,aten.max.dim,6
102,outside_boundary,aten.lift_fresh.default,562
102,outside_boundary,aten.clone.default,4814
102,outside_boundary,aten.view.default,767
102,outside_boundary,aten.isnan.default,202
102,outside_boundary,aten.any.default,547
102,outside_boundary,aten._local_scalar_dense.default,5526
102,outside_boundary,aten.gt.Tensor,245
102,outside_boundary,aten.eq.Scalar,196
102,outside_boundary,aten.all.default,2818
102,outside_boundary,aten.zeros_like.default,1442
102,outside_boundary,aten.add.Tensor,911
102,outside_boundary,aten.ne.Scalar,562
102,outside_boundary,aten.ones.default,148
102,outside_boundary,aten.mul.Tensor,6563
102,outside_boundary,aten.zeros.default,98
102,A,aten.zeros.default,1
102,A,aten.empty.memory_format,1
102,A,aten.empty_like.default,1
102,A,aten.select.int,34
102,A,aten.copy_.default,8
102,A,aten.stack.default,2
102,A,aten.view.default,801
102,A,aten.clone.default,850
102,A,aten.le.Tensor,3
102,A,aten.all.default,1581
102,A,aten._local_scalar_dense.default,1666
102,outside_boundary,aten.slice.Tensor,4655
102,outside_boundary,aten.select.int,6000
102,outside_boundary,aten.allclose.default,156
102,outside_boundary,aten.full_like.default,4765
102,outside_boundary,aten.le.Tensor,2397
102,outside_boundary,aten.sub.Tensor,427
102,outside_boundary,aten.nextafter.default,4436
102,outside_boundary,aten.index_select.default,840
102,outside_boundary,aten.expand.default,77
102,outside_boundary,aten.scatter_add_.default,53
102,outside_boundary,aten.ones_like.default,378
102,outside_boundary,aten.max.default,360
102,outside_boundary,aten.detach.default,1514
102,outside_boundary,aten.abs.default,1937
102,outside_boundary,aten.minimum.default,345
102,outside_boundary,aten.maximum.default,445
102,outside_boundary,aten.le.Scalar,294
102,outside_boundary,aten.ge.Scalar,467
102,outside_boundary,aten.bitwise_and.Tensor,482
102,outside_boundary,aten.pow.Tensor_Scalar,3054
102,outside_boundary,aten.stack.default,2582
102,outside_boundary,aten.min.dim,1989
102,outside_boundary,aten.max.dim,1991
102,outside_boundary,aten.where.self,1044
102,outside_boundary,aten.unsqueeze.default,382
102,outside_boundary,aten.sum.dim_IntList,470
102,outside_boundary,aten.eq.Tensor,569
102,outside_boundary,aten.arange.default,72
102,outside_boundary,aten.min.default,90
102,outside_boundary,aten.nonzero.default,96
102,outside_boundary,aten.lt.Tensor,144
102,outside_boundary,aten.unbind.int,720
102,outside_boundary,aten.cat.default,438
102,outside_boundary,aten.ge.Tensor,154
102,outside_boundary,aten.all.dim,158
102,outside_boundary,aten.count_nonzero.default,144
102,outside_boundary,aten.clamp.default,54
102,outside_boundary,aten.pow.Tensor_Tensor,162
102,outside_boundary,aten._to_copy.default,54
102,outside_boundary,aten.copy_.default,742
102,outside_boundary,aten.full.default,36
102,outside_boundary,aten.scatter_reduce_.two,36
102,outside_boundary,aten.neg.default,20
102,outside_boundary,aten.amin.default,2
102,outside_boundary,aten.amax.default,2
102,outside_boundary,aten.any.dim,6
102,outside_boundary,aten.unique_dim.default,2
102,outside_boundary,aten.rsub.Scalar,2
102,outside_boundary,aten.div.Tensor,6
102,outside_boundary,aten.scatter_.src,4
102,outside_boundary,aten.equal.default,25
102,outside_boundary,aten.permute.default,128
102,outside_boundary,aten.fill_.Tensor,626
102,outside_boundary,aten.bitwise_not.default,4
102,C,aten.abs.default,111
102,C,aten.ne.Scalar,111
102,C,aten.eq.Tensor,117
102,C,aten.mul.Tensor,267
102,C,aten.all.default,117
102,C,aten._local_scalar_dense.default,165
102,B,aten.lift_fresh.default,4
102,B,aten.expand.default,2
102,B,aten.slice.Tensor,5
102,B,aten.select.int,1
102,B,aten.unsqueeze.default,3
102,B,aten.pow.Tensor_Tensor,1
102,B,aten.mul.Tensor,32
102,B,aten.detach.default,2
102,B,aten.view.default,3
102,B,aten.zeros.default,1
102,B,aten.scatter_add_.default,1
102,C,aten.lift_fresh.default,93
102,C,aten.expand.default,1
102,C,aten.detach.default,4
102,C,aten.gt.Tensor,20
102,C,aten.any.default,48
102,C,aten.slice.Tensor,68
102,C,aten.select.int,140
102,C,aten.lt.Tensor,3
102,C,aten.bitwise_or.Tensor,42
102,C,aten.unsqueeze.default,24
102,C,aten.ones_like.default,18
102,C,aten.stack.default,47
102,C,aten.amin.default,39
102,C,aten.full_like.default,174
102,C,aten.nextafter.default,174
102,C,aten.amax.default,39
102,C,aten.eq.Scalar,492
102,C,aten.bitwise_and.Tensor,249
102,C,aten.where.self,420
102,C,aten.zeros_like.default,138
102,C,aten.index.Tensor,60
102,C,aten.add.Tensor,96
102,C,aten.view.default,68
102,C,aten.index_put_.default,30
102,C,aten.neg.default,6
102,C,aten.cat.default,14
102,C,aten.zeros.default,3
102,C,aten.clone.default,62
102,C,aten.le.Tensor,5
102,C,aten.ge.Tensor,1
102,A,aten.detach.default,76
102,A,aten.unbind.int,4
102,A,aten.isnan.default,10
102,A,aten.any.default,15
102,A,aten.gt.Tensor,5
102,A,aten.ne.Scalar,70
102,A,aten.eq.Scalar,1578
102,A,aten.zeros_like.default,789
102,A,aten.add.Tensor,789
102,B,aten.ones_like.default,4
102,B,aten.zeros_like.default,31
102,B,aten.add.Tensor,31
102,B,aten.pow.Tensor_Scalar,27
102,C,aten.isnan.default,28
102,D,aten.zeros.default,226
102,D,aten.clone.default,19644
102,D,aten.view.default,9823
102,D,aten.isnan.default,9822
102,D,aten.any.default,14733
102,D,aten._local_scalar_dense.default,14733
102,D,aten.gt.Tensor,4911
102,D,aten.add.Tensor,2278
102,D,aten.full_like.default,7132
102,D,aten.nextafter.default,7132
102,D,aten.mul.Tensor,6236
102,D,aten.stack.default,1855
102,D,aten.min.dim,1855
102,D,aten.max.dim,1855
102,D,aten.zeros_like.default,572
102,D,aten.abs.default,2288
102,D,aten.minimum.default,572
102,D,aten.maximum.default,572
102,D,aten.le.Scalar,572
102,D,aten.ge.Scalar,572
102,D,aten.bitwise_and.Tensor,572
102,D,aten.pow.Tensor_Scalar,1736
102,D,aten.where.self,572
102,H,aten.add.Tensor,50
102,H,aten.full_like.default,90
102,H,aten.nextafter.default,90
102,H,aten.clone.default,136
102,H,aten.view.default,72
102,H,aten.isnan.default,68
102,H,aten.any.default,102
102,H,aten._local_scalar_dense.default,198
102,H,aten.gt.Tensor,34
102,H,aten.sub.Tensor,30
102,H,aten.detach.default,96
102,H,aten.lift_fresh.default,48
102,H,aten.abs.default,44
102,H,aten.ne.Scalar,44
102,H,aten.eq.Tensor,44
102,H,aten.mul.Tensor,68
102,F,aten.detach.default,116
102,F,aten._local_scalar_dense.default,132
102,G,aten.lift_fresh.default,29
102,G,aten.abs.default,130
102,G,aten.ne.Scalar,130
102,G,aten.eq.Tensor,130
102,G,aten.mul.Tensor,166
102,G,aten._local_scalar_dense.default,291
102,G,aten.all.default,152
102,G,aten.view.default,166
102,G,aten.stack.default,60
102,G,aten.sub.Tensor,33
102,G,aten.full_like.default,65
102,G,aten.nextafter.default,65
102,G,aten.le.Tensor,27
102,G,aten.ge.Tensor,12
102,G,aten.bitwise_and.Tensor,12
102,E,aten.detach.default,288
102,E,aten._local_scalar_dense.default,3026
102,G,aten.clone.default,96
102,G,aten.isnan.default,48
102,G,aten.any.default,74
102,G,aten.gt.Tensor,24
102,G,aten.min.dim,6
102,G,aten.max.dim,6
102,G,aten.zeros_like.default,4
102,G,aten.select.int,50
102,G,aten.slice.Tensor,24
102,G,aten.amin.default,4
102,G,aten.amax.default,4
102,G,aten.add.Tensor,16
102,G,aten.zeros.default,2
102,G,aten.detach.default,116
102,E,aten.zeros_like.default,782
102,E,aten.add.Tensor,1158
102,E,aten.clone.default,3366
102,E,aten.view.default,1615
102,E,aten.eq.Scalar,10
102,E,aten.all.default,201
102,E,aten.zeros.default,250
102,E,aten.isnan.default,1592
102,E,aten.any.default,2388
102,E,aten.gt.Tensor,796
102,E,aten.mul.Tensor,1481
102,E,aten.lift_fresh.default,314
102,E,aten.abs.default,497
102,E,aten.le.Tensor,191
102,E,aten.stack.default,115
102,E,aten.min.dim,115
102,E,aten.full_like.default,914
102,E,aten.nextafter.default,914
102,E,aten.max.dim,115
102,E,aten.sub.Tensor,308
102,E,aten.ne.Scalar,291
102,E,aten.eq.Tensor,291
102,D,aten.lift_fresh.default,353
102,E,aten.equal.default,16
102,H,aten.div.Tensor,2
102,F,aten.lift_fresh.default,66
102,F,aten.clone.default,20
102,F,aten.view.default,16
102,F,aten.eq.Scalar,8
102,F,aten.all.default,8
102,F,aten.neg.default,2
102,F,aten.abs.default,82
102,F,aten.ne.Scalar,54
102,F,aten.eq.Tensor,52
102,F,aten.mul.Tensor,52
102,F,aten.sub.Tensor,40
102,F,aten.full_like.default,6
102,F,aten.nextafter.default,6
102,F,aten.zeros.default,6
102,F,aten.max.default,30
102,G,aten.le.Scalar,2
102,G,aten.ge.Scalar,2
102,G,aten.reciprocal.default,4
102,F,aten.isnan.default,8
102,F,aten.any.default,14
102,F,aten.gt.Tensor,4
102,F,aten.ones.default,2
102,H,aten.eq.Scalar,4
102,H,aten.all.default,4
102,H,aten.zeros.default,8
102,H,aten.stack.default,6
102,H,aten.min.dim,6
102,H,aten.max.dim,6
103,outside_boundary,aten.lift_fresh.default,562
103,outside_boundary,aten.clone.default,4814
103,outside_boundary,aten.view.default,767
103,outside_boundary,aten.isnan.default,202
103,outside_boundary,aten.any.default,547
103,outside_boundary,aten._local_scalar_dense.default,5526
103,outside_boundary,aten.gt.Tensor,245
103,outside_boundary,aten.eq.Scalar,196
103,outside_boundary,aten.all.default,2818
103,outside_boundary,aten.zeros_like.default,1442
103,outside_boundary,aten.add.Tensor,911
103,outside_boundary,aten.ne.Scalar,562
103,outside_boundary,aten.ones.default,148
103,outside_boundary,aten.mul.Tensor,6563
103,outside_boundary,aten.zeros.default,98
103,A,aten.zeros.default,1
103,A,aten.empty.memory_format,1
103,A,aten.empty_like.default,1
103,A,aten.select.int,34
103,A,aten.copy_.default,8
103,A,aten.stack.default,2
103,A,aten.view.default,801
103,A,aten.clone.default,850
103,A,aten.le.Tensor,3
103,A,aten.all.default,1581
103,A,aten._local_scalar_dense.default,1666
103,outside_boundary,aten.slice.Tensor,4655
103,outside_boundary,aten.select.int,6000
103,outside_boundary,aten.allclose.default,156
103,outside_boundary,aten.full_like.default,4765
103,outside_boundary,aten.le.Tensor,2397
103,outside_boundary,aten.sub.Tensor,427
103,outside_boundary,aten.nextafter.default,4436
103,outside_boundary,aten.index_select.default,840
103,outside_boundary,aten.expand.default,77
103,outside_boundary,aten.scatter_add_.default,53
103,outside_boundary,aten.ones_like.default,378
103,outside_boundary,aten.max.default,360
103,outside_boundary,aten.detach.default,1514
103,outside_boundary,aten.abs.default,1937
103,outside_boundary,aten.minimum.default,345
103,outside_boundary,aten.maximum.default,445
103,outside_boundary,aten.le.Scalar,294
103,outside_boundary,aten.ge.Scalar,467
103,outside_boundary,aten.bitwise_and.Tensor,482
103,outside_boundary,aten.pow.Tensor_Scalar,3054
103,outside_boundary,aten.stack.default,2582
103,outside_boundary,aten.min.dim,1989
103,outside_boundary,aten.max.dim,1991
103,outside_boundary,aten.where.self,1044
103,outside_boundary,aten.unsqueeze.default,382
103,outside_boundary,aten.sum.dim_IntList,470
103,outside_boundary,aten.eq.Tensor,569
103,outside_boundary,aten.arange.default,72
103,outside_boundary,aten.min.default,90
103,outside_boundary,aten.nonzero.default,96
103,outside_boundary,aten.lt.Tensor,144
103,outside_boundary,aten.unbind.int,720
103,outside_boundary,aten.cat.default,438
103,outside_boundary,aten.ge.Tensor,154
103,outside_boundary,aten.all.dim,158
103,outside_boundary,aten.count_nonzero.default,144
103,outside_boundary,aten.clamp.default,54
103,outside_boundary,aten.pow.Tensor_Tensor,162
103,outside_boundary,aten._to_copy.default,54
103,outside_boundary,aten.copy_.default,742
103,outside_boundary,aten.full.default,36
103,outside_boundary,aten.scatter_reduce_.two,36
103,outside_boundary,aten.neg.default,20
103,outside_boundary,aten.amin.default,2
103,outside_boundary,aten.amax.default,2
103,outside_boundary,aten.any.dim,6
103,outside_boundary,aten.unique_dim.default,2
103,outside_boundary,aten.rsub.Scalar,2
103,outside_boundary,aten.div.Tensor,6
103,outside_boundary,aten.scatter_.src,4
103,outside_boundary,aten.equal.default,25
103,outside_boundary,aten.permute.default,128
103,outside_boundary,aten.fill_.Tensor,626
103,outside_boundary,aten.bitwise_not.default,4
103,C,aten.abs.default,111
103,C,aten.ne.Scalar,111
103,C,aten.eq.Tensor,117
103,C,aten.mul.Tensor,267
103,C,aten.all.default,117
103,C,aten._local_scalar_dense.default,165
103,B,aten.lift_fresh.default,4
103,B,aten.expand.default,2
103,B,aten.slice.Tensor,5
103,B,aten.select.int,1
103,B,aten.unsqueeze.default,3
103,B,aten.pow.Tensor_Tensor,1
103,B,aten.mul.Tensor,32
103,B,aten.detach.default,2
103,B,aten.view.default,3
103,B,aten.zeros.default,1
103,B,aten.scatter_add_.default,1
103,C,aten.lift_fresh.default,93
103,C,aten.expand.default,1
103,C,aten.detach.default,4
103,C,aten.gt.Tensor,20
103,C,aten.any.default,48
103,C,aten.slice.Tensor,68
103,C,aten.select.int,140
103,C,aten.lt.Tensor,3
103,C,aten.bitwise_or.Tensor,42
103,C,aten.unsqueeze.default,24
103,C,aten.ones_like.default,18
103,C,aten.stack.default,47
103,C,aten.amin.default,39
103,C,aten.full_like.default,174
103,C,aten.nextafter.default,174
103,C,aten.amax.default,39
103,C,aten.eq.Scalar,492
103,C,aten.bitwise_and.Tensor,249
103,C,aten.where.self,420
103,C,aten.zeros_like.default,138
103,C,aten.index.Tensor,60
103,C,aten.add.Tensor,96
103,C,aten.view.default,68
103,C,aten.index_put_.default,30
103,C,aten.neg.default,6
103,C,aten.cat.default,14
103,C,aten.zeros.default,3
103,C,aten.clone.default,62
103,C,aten.le.Tensor,5
103,C,aten.ge.Tensor,1
103,A,aten.detach.default,76
103,A,aten.unbind.int,4
103,A,aten.isnan.default,10
103,A,aten.any.default,15
103,A,aten.gt.Tensor,5
103,A,aten.ne.Scalar,70
103,A,aten.eq.Scalar,1578
103,A,aten.zeros_like.default,789
103,A,aten.add.Tensor,789
103,B,aten.ones_like.default,4
103,B,aten.zeros_like.default,31
103,B,aten.add.Tensor,31
103,B,aten.pow.Tensor_Scalar,27
103,C,aten.isnan.default,28
103,D,aten.zeros.default,226
103,D,aten.clone.default,19644
103,D,aten.view.default,9823
103,D,aten.isnan.default,9822
103,D,aten.any.default,14733
103,D,aten._local_scalar_dense.default,14733
103,D,aten.gt.Tensor,4911
103,D,aten.add.Tensor,2278
103,D,aten.full_like.default,7132
103,D,aten.nextafter.default,7132
103,D,aten.mul.Tensor,6236
103,D,aten.stack.default,1855
103,D,aten.min.dim,1855
103,D,aten.max.dim,1855
103,D,aten.zeros_like.default,572
103,D,aten.abs.default,2288
103,D,aten.minimum.default,572
103,D,aten.maximum.default,572
103,D,aten.le.Scalar,572
103,D,aten.ge.Scalar,572
103,D,aten.bitwise_and.Tensor,572
103,D,aten.pow.Tensor_Scalar,1736
103,D,aten.where.self,572
103,H,aten.add.Tensor,50
103,H,aten.full_like.default,90
103,H,aten.nextafter.default,90
103,H,aten.clone.default,136
103,H,aten.view.default,72
103,H,aten.isnan.default,68
103,H,aten.any.default,102
103,H,aten._local_scalar_dense.default,198
103,H,aten.gt.Tensor,34
103,H,aten.sub.Tensor,30
103,H,aten.detach.default,96
103,H,aten.lift_fresh.default,48
103,H,aten.abs.default,44
103,H,aten.ne.Scalar,44
103,H,aten.eq.Tensor,44
103,H,aten.mul.Tensor,68
103,F,aten.detach.default,116
103,F,aten._local_scalar_dense.default,132
103,G,aten.lift_fresh.default,29
103,G,aten.abs.default,130
103,G,aten.ne.Scalar,130
103,G,aten.eq.Tensor,130
103,G,aten.mul.Tensor,166
103,G,aten._local_scalar_dense.default,327
103,G,aten.all.default,152
103,G,aten.view.default,234
103,G,aten.stack.default,68
103,G,aten.sub.Tensor,33
103,G,aten.full_like.default,67
103,G,aten.nextafter.default,67
103,G,aten.le.Tensor,27
103,G,aten.ge.Tensor,12
103,G,aten.bitwise_and.Tensor,12
103,E,aten.detach.default,288
103,E,aten._local_scalar_dense.default,3026
103,G,aten.clone.default,112
103,G,aten.isnan.default,56
103,G,aten.any.default,86
103,G,aten.gt.Tensor,28
103,G,aten.min.dim,6
103,G,aten.max.dim,6
103,G,aten.zeros_like.default,4
103,G,aten.select.int,76
103,G,aten.slice.Tensor,24
103,G,aten.amin.default,4
103,G,aten.amax.default,4
103,G,aten.add.Tensor,18
103,G,aten.zeros.default,2
103,G,aten.detach.default,164
103,E,aten.zeros_like.default,782
103,E,aten.add.Tensor,1158
103,E,aten.clone.default,3366
103,E,aten.view.default,1615
103,E,aten.eq.Scalar,10
103,E,aten.all.default,201
103,E,aten.zeros.default,250
103,E,aten.isnan.default,1592
103,E,aten.any.default,2388
103,E,aten.gt.Tensor,796
103,E,aten.mul.Tensor,1481
103,E,aten.lift_fresh.default,314
103,E,aten.abs.default,497
103,E,aten.le.Tensor,191
103,E,aten.stack.default,115
103,E,aten.min.dim,115
103,E,aten.full_like.default,914
103,E,aten.nextafter.default,914
103,E,aten.max.dim,115
103,E,aten.sub.Tensor,308
103,E,aten.ne.Scalar,291
103,E,aten.eq.Tensor,291
103,D,aten.lift_fresh.default,353
103,E,aten.equal.default,16
103,H,aten.div.Tensor,2
103,F,aten.lift_fresh.default,66
103,F,aten.clone.default,20
103,F,aten.view.default,16
103,F,aten.eq.Scalar,8
103,F,aten.all.default,8
103,F,aten.neg.default,2
103,F,aten.abs.default,82
103,F,aten.ne.Scalar,54
103,F,aten.eq.Tensor,52
103,F,aten.mul.Tensor,52
103,F,aten.sub.Tensor,40
103,F,aten.full_like.default,6
103,F,aten.nextafter.default,6
103,F,aten.zeros.default,6
103,F,aten.max.default,30
103,G,aten.le.Scalar,2
103,G,aten.ge.Scalar,2
103,G,aten.reciprocal.default,4
103,F,aten.isnan.default,8
103,F,aten.any.default,14
103,F,aten.gt.Tensor,4
103,F,aten.ones.default,2
103,H,aten.eq.Scalar,4
103,H,aten.all.default,4
103,H,aten.zeros.default,8
103,H,aten.stack.default,6
103,H,aten.min.dim,6
103,H,aten.max.dim,6
104,outside_boundary,aten.lift_fresh.default,562
104,outside_boundary,aten.clone.default,4814
104,outside_boundary,aten.view.default,767
104,outside_boundary,aten.isnan.default,202
104,outside_boundary,aten.any.default,547
104,outside_boundary,aten._local_scalar_dense.default,5526
104,outside_boundary,aten.gt.Tensor,245
104,outside_boundary,aten.eq.Scalar,196
104,outside_boundary,aten.all.default,2818
104,outside_boundary,aten.zeros_like.default,1442
104,outside_boundary,aten.add.Tensor,911
104,outside_boundary,aten.ne.Scalar,562
104,outside_boundary,aten.ones.default,148
104,outside_boundary,aten.mul.Tensor,6563
104,outside_boundary,aten.zeros.default,98
104,A,aten.zeros.default,1
104,A,aten.empty.memory_format,1
104,A,aten.empty_like.default,1
104,A,aten.select.int,34
104,A,aten.copy_.default,8
104,A,aten.stack.default,2
104,A,aten.view.default,801
104,A,aten.clone.default,850
104,A,aten.le.Tensor,3
104,A,aten.all.default,1581
104,A,aten._local_scalar_dense.default,1666
104,outside_boundary,aten.slice.Tensor,4655
104,outside_boundary,aten.select.int,6000
104,outside_boundary,aten.allclose.default,156
104,outside_boundary,aten.full_like.default,4765
104,outside_boundary,aten.le.Tensor,2397
104,outside_boundary,aten.sub.Tensor,427
104,outside_boundary,aten.nextafter.default,4436
104,outside_boundary,aten.index_select.default,840
104,outside_boundary,aten.expand.default,77
104,outside_boundary,aten.scatter_add_.default,53
104,outside_boundary,aten.ones_like.default,378
104,outside_boundary,aten.max.default,360
104,outside_boundary,aten.detach.default,1514
104,outside_boundary,aten.abs.default,1937
104,outside_boundary,aten.minimum.default,345
104,outside_boundary,aten.maximum.default,445
104,outside_boundary,aten.le.Scalar,294
104,outside_boundary,aten.ge.Scalar,467
104,outside_boundary,aten.bitwise_and.Tensor,482
104,outside_boundary,aten.pow.Tensor_Scalar,3054
104,outside_boundary,aten.stack.default,2582
104,outside_boundary,aten.min.dim,1989
104,outside_boundary,aten.max.dim,1991
104,outside_boundary,aten.where.self,1044
104,outside_boundary,aten.unsqueeze.default,382
104,outside_boundary,aten.sum.dim_IntList,470
104,outside_boundary,aten.eq.Tensor,569
104,outside_boundary,aten.arange.default,72
104,outside_boundary,aten.min.default,90
104,outside_boundary,aten.nonzero.default,96
104,outside_boundary,aten.lt.Tensor,144
104,outside_boundary,aten.unbind.int,720
104,outside_boundary,aten.cat.default,438
104,outside_boundary,aten.ge.Tensor,154
104,outside_boundary,aten.all.dim,158
104,outside_boundary,aten.count_nonzero.default,144
104,outside_boundary,aten.clamp.default,54
104,outside_boundary,aten.pow.Tensor_Tensor,162
104,outside_boundary,aten._to_copy.default,54
104,outside_boundary,aten.copy_.default,742
104,outside_boundary,aten.full.default,36
104,outside_boundary,aten.scatter_reduce_.two,36
104,outside_boundary,aten.neg.default,20
104,outside_boundary,aten.amin.default,2
104,outside_boundary,aten.amax.default,2
104,outside_boundary,aten.any.dim,6
104,outside_boundary,aten.unique_dim.default,2
104,outside_boundary,aten.rsub.Scalar,2
104,outside_boundary,aten.div.Tensor,6
104,outside_boundary,aten.scatter_.src,4
104,outside_boundary,aten.equal.default,25
104,outside_boundary,aten.permute.default,128
104,outside_boundary,aten.fill_.Tensor,626
104,outside_boundary,aten.bitwise_not.default,4
104,C,aten.abs.default,111
104,C,aten.ne.Scalar,111
104,C,aten.eq.Tensor,117
104,C,aten.mul.Tensor,267
104,C,aten.all.default,117
104,C,aten._local_scalar_dense.default,165
104,B,aten.lift_fresh.default,4
104,B,aten.expand.default,2
104,B,aten.slice.Tensor,5
104,B,aten.select.int,1
104,B,aten.unsqueeze.default,3
104,B,aten.pow.Tensor_Tensor,1
104,B,aten.mul.Tensor,32
104,B,aten.detach.default,2
104,B,aten.view.default,3
104,B,aten.zeros.default,1
104,B,aten.scatter_add_.default,1
104,C,aten.lift_fresh.default,93
104,C,aten.expand.default,1
104,C,aten.detach.default,4
104,C,aten.gt.Tensor,20
104,C,aten.any.default,48
104,C,aten.slice.Tensor,68
104,C,aten.select.int,140
104,C,aten.lt.Tensor,3
104,C,aten.bitwise_or.Tensor,42
104,C,aten.unsqueeze.default,24
104,C,aten.ones_like.default,18
104,C,aten.stack.default,47
104,C,aten.amin.default,39
104,C,aten.full_like.default,174
104,C,aten.nextafter.default,174
104,C,aten.amax.default,39
104,C,aten.eq.Scalar,492
104,C,aten.bitwise_and.Tensor,249
104,C,aten.where.self,420
104,C,aten.zeros_like.default,138
104,C,aten.index.Tensor,60
104,C,aten.add.Tensor,96
104,C,aten.view.default,68
104,C,aten.index_put_.default,30
104,C,aten.neg.default,6
104,C,aten.cat.default,14
104,C,aten.zeros.default,3
104,C,aten.clone.default,62
104,C,aten.le.Tensor,5
104,C,aten.ge.Tensor,1
104,A,aten.detach.default,76
104,A,aten.unbind.int,4
104,A,aten.isnan.default,10
104,A,aten.any.default,15
104,A,aten.gt.Tensor,5
104,A,aten.ne.Scalar,70
104,A,aten.eq.Scalar,1578
104,A,aten.zeros_like.default,789
104,A,aten.add.Tensor,789
104,B,aten.ones_like.default,4
104,B,aten.zeros_like.default,31
104,B,aten.add.Tensor,31
104,B,aten.pow.Tensor_Scalar,27
104,C,aten.isnan.default,28
104,D,aten.zeros.default,226
104,D,aten.clone.default,19644
104,D,aten.view.default,9823
104,D,aten.isnan.default,9822
104,D,aten.any.default,14733
104,D,aten._local_scalar_dense.default,14733
104,D,aten.gt.Tensor,4911
104,D,aten.add.Tensor,2278
104,D,aten.full_like.default,7132
104,D,aten.nextafter.default,7132
104,D,aten.mul.Tensor,6236
104,D,aten.stack.default,1855
104,D,aten.min.dim,1855
104,D,aten.max.dim,1855
104,D,aten.zeros_like.default,572
104,D,aten.abs.default,2288
104,D,aten.minimum.default,572
104,D,aten.maximum.default,572
104,D,aten.le.Scalar,572
104,D,aten.ge.Scalar,572
104,D,aten.bitwise_and.Tensor,572
104,D,aten.pow.Tensor_Scalar,1736
104,D,aten.where.self,572
104,H,aten.add.Tensor,50
104,H,aten.full_like.default,90
104,H,aten.nextafter.default,90
104,H,aten.clone.default,136
104,H,aten.view.default,72
104,H,aten.isnan.default,68
104,H,aten.any.default,102
104,H,aten._local_scalar_dense.default,198
104,H,aten.gt.Tensor,34
104,H,aten.sub.Tensor,30
104,H,aten.detach.default,96
104,H,aten.lift_fresh.default,48
104,H,aten.abs.default,44
104,H,aten.ne.Scalar,44
104,H,aten.eq.Tensor,44
104,H,aten.mul.Tensor,68
104,F,aten.detach.default,116
104,F,aten._local_scalar_dense.default,132
104,G,aten.lift_fresh.default,29
104,G,aten.abs.default,130
104,G,aten.ne.Scalar,130
104,G,aten.eq.Tensor,130
104,G,aten.mul.Tensor,166
104,G,aten._local_scalar_dense.default,363
104,G,aten.all.default,152
104,G,aten.view.default,302
104,G,aten.stack.default,76
104,G,aten.sub.Tensor,33
104,G,aten.full_like.default,69
104,G,aten.nextafter.default,69
104,G,aten.le.Tensor,27
104,G,aten.ge.Tensor,12
104,G,aten.bitwise_and.Tensor,12
104,E,aten.detach.default,288
104,E,aten._local_scalar_dense.default,3026
104,G,aten.clone.default,128
104,G,aten.isnan.default,64
104,G,aten.any.default,98
104,G,aten.gt.Tensor,32
104,G,aten.min.dim,6
104,G,aten.max.dim,6
104,G,aten.zeros_like.default,4
104,G,aten.select.int,102
104,G,aten.slice.Tensor,24
104,G,aten.amin.default,4
104,G,aten.amax.default,4
104,G,aten.add.Tensor,20
104,G,aten.zeros.default,2
104,G,aten.detach.default,212
104,E,aten.zeros_like.default,782
104,E,aten.add.Tensor,1158
104,E,aten.clone.default,3366
104,E,aten.view.default,1615
104,E,aten.eq.Scalar,10
104,E,aten.all.default,201
104,E,aten.zeros.default,250
104,E,aten.isnan.default,1592
104,E,aten.any.default,2388
104,E,aten.gt.Tensor,796
104,E,aten.mul.Tensor,1481
104,E,aten.lift_fresh.default,314
104,E,aten.abs.default,497
104,E,aten.le.Tensor,191
104,E,aten.stack.default,115
104,E,aten.min.dim,115
104,E,aten.full_like.default,914
104,E,aten.nextafter.default,914
104,E,aten.max.dim,115
104,E,aten.sub.Tensor,308
104,E,aten.ne.Scalar,291
104,E,aten.eq.Tensor,291
104,D,aten.lift_fresh.default,353
104,E,aten.equal.default,16
104,H,aten.div.Tensor,2
104,F,aten.lift_fresh.default,66
104,F,aten.clone.default,20
104,F,aten.view.default,16
104,F,aten.eq.Scalar,8
104,F,aten.all.default,8
104,F,aten.neg.default,2
104,F,aten.abs.default,82
104,F,aten.ne.Scalar,54
104,F,aten.eq.Tensor,52
104,F,aten.mul.Tensor,52
104,F,aten.sub.Tensor,40
104,F,aten.full_like.default,6
104,F,aten.nextafter.default,6
104,F,aten.zeros.default,6
104,F,aten.max.default,30
104,G,aten.le.Scalar,2
104,G,aten.ge.Scalar,2
104,G,aten.reciprocal.default,4
104,F,aten.isnan.default,8
104,F,aten.any.default,14
104,F,aten.gt.Tensor,4
104,F,aten.ones.default,2
104,H,aten.eq.Scalar,4
104,H,aten.all.default,4
104,H,aten.zeros.default,8
104,H,aten.stack.default,6
104,H,aten.min.dim,6
104,H,aten.max.dim,6
105,outside_boundary,aten.lift_fresh.default,562
105,outside_boundary,aten.clone.default,4814
105,outside_boundary,aten.view.default,767
105,outside_boundary,aten.isnan.default,202
105,outside_boundary,aten.any.default,547
105,outside_boundary,aten._local_scalar_dense.default,5526
105,outside_boundary,aten.gt.Tensor,245
105,outside_boundary,aten.eq.Scalar,196
105,outside_boundary,aten.all.default,2818
105,outside_boundary,aten.zeros_like.default,1442
105,outside_boundary,aten.add.Tensor,911
105,outside_boundary,aten.ne.Scalar,562
105,outside_boundary,aten.ones.default,148
105,outside_boundary,aten.mul.Tensor,6563
105,outside_boundary,aten.zeros.default,98
105,A,aten.zeros.default,1
105,A,aten.empty.memory_format,1
105,A,aten.empty_like.default,1
105,A,aten.select.int,34
105,A,aten.copy_.default,8
105,A,aten.stack.default,2
105,A,aten.view.default,801
105,A,aten.clone.default,850
105,A,aten.le.Tensor,3
105,A,aten.all.default,1581
105,A,aten._local_scalar_dense.default,1666
105,outside_boundary,aten.slice.Tensor,4655
105,outside_boundary,aten.select.int,6000
105,outside_boundary,aten.allclose.default,156
105,outside_boundary,aten.full_like.default,4765
105,outside_boundary,aten.le.Tensor,2397
105,outside_boundary,aten.sub.Tensor,427
105,outside_boundary,aten.nextafter.default,4436
105,outside_boundary,aten.index_select.default,840
105,outside_boundary,aten.expand.default,77
105,outside_boundary,aten.scatter_add_.default,53
105,outside_boundary,aten.ones_like.default,378
105,outside_boundary,aten.max.default,360
105,outside_boundary,aten.detach.default,1514
105,outside_boundary,aten.abs.default,1937
105,outside_boundary,aten.minimum.default,345
105,outside_boundary,aten.maximum.default,445
105,outside_boundary,aten.le.Scalar,294
105,outside_boundary,aten.ge.Scalar,467
105,outside_boundary,aten.bitwise_and.Tensor,482
105,outside_boundary,aten.pow.Tensor_Scalar,3054
105,outside_boundary,aten.stack.default,2582
105,outside_boundary,aten.min.dim,1989
105,outside_boundary,aten.max.dim,1991
105,outside_boundary,aten.where.self,1044
105,outside_boundary,aten.unsqueeze.default,382
105,outside_boundary,aten.sum.dim_IntList,470
105,outside_boundary,aten.eq.Tensor,569
105,outside_boundary,aten.arange.default,72
105,outside_boundary,aten.min.default,90
105,outside_boundary,aten.nonzero.default,96
105,outside_boundary,aten.lt.Tensor,144
105,outside_boundary,aten.unbind.int,720
105,outside_boundary,aten.cat.default,438
105,outside_boundary,aten.ge.Tensor,154
105,outside_boundary,aten.all.dim,158
105,outside_boundary,aten.count_nonzero.default,144
105,outside_boundary,aten.clamp.default,54
105,outside_boundary,aten.pow.Tensor_Tensor,162
105,outside_boundary,aten._to_copy.default,54
105,outside_boundary,aten.copy_.default,742
105,outside_boundary,aten.full.default,36
105,outside_boundary,aten.scatter_reduce_.two,36
105,outside_boundary,aten.neg.default,20
105,outside_boundary,aten.amin.default,2
105,outside_boundary,aten.amax.default,2
105,outside_boundary,aten.any.dim,6
105,outside_boundary,aten.unique_dim.default,2
105,outside_boundary,aten.rsub.Scalar,2
105,outside_boundary,aten.div.Tensor,6
105,outside_boundary,aten.scatter_.src,4
105,outside_boundary,aten.equal.default,25
105,outside_boundary,aten.permute.default,128
105,outside_boundary,aten.fill_.Tensor,626
105,outside_boundary,aten.bitwise_not.default,4
105,C,aten.abs.default,111
105,C,aten.ne.Scalar,111
105,C,aten.eq.Tensor,117
105,C,aten.mul.Tensor,267
105,C,aten.all.default,117
105,C,aten._local_scalar_dense.default,165
105,B,aten.lift_fresh.default,4
105,B,aten.expand.default,2
105,B,aten.slice.Tensor,5
105,B,aten.select.int,1
105,B,aten.unsqueeze.default,3
105,B,aten.pow.Tensor_Tensor,1
105,B,aten.mul.Tensor,32
105,B,aten.detach.default,2
105,B,aten.view.default,3
105,B,aten.zeros.default,1
105,B,aten.scatter_add_.default,1
105,C,aten.lift_fresh.default,93
105,C,aten.expand.default,1
105,C,aten.detach.default,4
105,C,aten.gt.Tensor,20
105,C,aten.any.default,48
105,C,aten.slice.Tensor,68
105,C,aten.select.int,140
105,C,aten.lt.Tensor,3
105,C,aten.bitwise_or.Tensor,42
105,C,aten.unsqueeze.default,24
105,C,aten.ones_like.default,18
105,C,aten.stack.default,47
105,C,aten.amin.default,39
105,C,aten.full_like.default,174
105,C,aten.nextafter.default,174
105,C,aten.amax.default,39
105,C,aten.eq.Scalar,492
105,C,aten.bitwise_and.Tensor,249
105,C,aten.where.self,420
105,C,aten.zeros_like.default,138
105,C,aten.index.Tensor,60
105,C,aten.add.Tensor,96
105,C,aten.view.default,68
105,C,aten.index_put_.default,30
105,C,aten.neg.default,6
105,C,aten.cat.default,14
105,C,aten.zeros.default,3
105,C,aten.clone.default,62
105,C,aten.le.Tensor,5
105,C,aten.ge.Tensor,1
105,A,aten.detach.default,76
105,A,aten.unbind.int,4
105,A,aten.isnan.default,10
105,A,aten.any.default,15
105,A,aten.gt.Tensor,5
105,A,aten.ne.Scalar,70
105,A,aten.eq.Scalar,1578
105,A,aten.zeros_like.default,789
105,A,aten.add.Tensor,789
105,B,aten.ones_like.default,4
105,B,aten.zeros_like.default,31
105,B,aten.add.Tensor,31
105,B,aten.pow.Tensor_Scalar,27
105,C,aten.isnan.default,28
105,D,aten.zeros.default,226
105,D,aten.clone.default,19676
105,D,aten.view.default,9839
105,D,aten.isnan.default,9838
105,D,aten.any.default,14757
105,D,aten._local_scalar_dense.default,14757
105,D,aten.gt.Tensor,4919
105,D,aten.add.Tensor,2282
105,D,aten.full_like.default,7142
105,D,aten.nextafter.default,7142
105,D,aten.mul.Tensor,6244
105,D,aten.stack.default,1857
105,D,aten.min.dim,1857
105,D,aten.max.dim,1857
105,D,aten.zeros_like.default,573
105,D,aten.abs.default,2292
105,D,aten.minimum.default,573
105,D,aten.maximum.default,573
105,D,aten.le.Scalar,573
105,D,aten.ge.Scalar,573
105,D,aten.bitwise_and.Tensor,573
105,D,aten.pow.Tensor_Scalar,1738
105,D,aten.where.self,573
105,H,aten.add.Tensor,50
105,H,aten.full_like.default,90
105,H,aten.nextafter.default,90
105,H,aten.clone.default,136
105,H,aten.view.default,72
105,H,aten.isnan.default,68
105,H,aten.any.default,102
105,H,aten._local_scalar_dense.default,198
105,H,aten.gt.Tensor,34
105,H,aten.sub.Tensor,30
105,H,aten.detach.default,96
105,H,aten.lift_fresh.default,48
105,H,aten.abs.default,44
105,H,aten.ne.Scalar,44
105,H,aten.eq.Tensor,44
105,H,aten.mul.Tensor,68
105,F,aten.detach.default,116
105,F,aten._local_scalar_dense.default,132
105,G,aten.lift_fresh.default,29
105,G,aten.abs.default,130
105,G,aten.ne.Scalar,130
105,G,aten.eq.Tensor,130
105,G,aten.mul.Tensor,166
105,G,aten._local_scalar_dense.default,399
105,G,aten.all.default,152
105,G,aten.view.default,370
105,G,aten.stack.default,84
105,G,aten.sub.Tensor,33
105,G,aten.full_like.default,71
105,G,aten.nextafter.default,71
105,G,aten.le.Tensor,27
105,G,aten.ge.Tensor,12
105,G,aten.bitwise_and.Tensor,12
105,E,aten.detach.default,288
105,E,aten._local_scalar_dense.default,3026
105,G,aten.clone.default,144
105,G,aten.isnan.default,72
105,G,aten.any.default,110
105,G,aten.gt.Tensor,36
105,G,aten.min.dim,6
105,G,aten.max.dim,6
105,G,aten.zeros_like.default,4
105,G,aten.select.int,128
105,G,aten.slice.Tensor,24
105,G,aten.amin.default,4
105,G,aten.amax.default,4
105,G,aten.add.Tensor,22
105,G,aten.zeros.default,2
105,G,aten.detach.default,260
105,E,aten.zeros_like.default,783
105,E,aten.add.Tensor,1159
105,E,aten.clone.default,3366
105,E,aten.view.default,1615
105,E,aten.eq.Scalar,10
105,E,aten.all.default,201
105,E,aten.zeros.default,250
105,E,aten.isnan.default,1592
105,E,aten.any.default,2388
105,E,aten.gt.Tensor,796
105,E,aten.mul.Tensor,1481
105,E,aten.lift_fresh.default,314
105,E,aten.abs.default,497
105,E,aten.le.Tensor,191
105,E,aten.stack.default,115
105,E,aten.min.dim,115
105,E,aten.full_like.default,914
105,E,aten.nextafter.default,914
105,E,aten.max.dim,115
105,E,aten.sub.Tensor,308
105,E,aten.ne.Scalar,291
105,E,aten.eq.Tensor,291
105,D,aten.lift_fresh.default,355
105,E,aten.equal.default,16
105,H,aten.div.Tensor,2
105,F,aten.lift_fresh.default,66
105,F,aten.clone.default,20
105,F,aten.view.default,16
105,F,aten.eq.Scalar,8
105,F,aten.all.default,8
105,F,aten.neg.default,2
105,F,aten.abs.default,82
105,F,aten.ne.Scalar,54
105,F,aten.eq.Tensor,52
105,F,aten.mul.Tensor,52
105,F,aten.sub.Tensor,40
105,F,aten.full_like.default,6
105,F,aten.nextafter.default,6
105,F,aten.zeros.default,6
105,F,aten.max.default,30
105,G,aten.le.Scalar,2
105,G,aten.ge.Scalar,2
105,G,aten.reciprocal.default,4
105,F,aten.isnan.default,8
105,F,aten.any.default,14
105,F,aten.gt.Tensor,4
105,F,aten.ones.default,2
105,H,aten.eq.Scalar,4
105,H,aten.all.default,4
105,H,aten.zeros.default,8
105,H,aten.stack.default,6
105,H,aten.min.dim,6
105,H,aten.max.dim,6
106,outside_boundary,aten.lift_fresh.default,562
106,outside_boundary,aten.clone.default,4814
106,outside_boundary,aten.view.default,767
106,outside_boundary,aten.isnan.default,202
106,outside_boundary,aten.any.default,547
106,outside_boundary,aten._local_scalar_dense.default,5526
106,outside_boundary,aten.gt.Tensor,245
106,outside_boundary,aten.eq.Scalar,196
106,outside_boundary,aten.all.default,2818
106,outside_boundary,aten.zeros_like.default,1442
106,outside_boundary,aten.add.Tensor,911
106,outside_boundary,aten.ne.Scalar,562
106,outside_boundary,aten.ones.default,148
106,outside_boundary,aten.mul.Tensor,6563
106,outside_boundary,aten.zeros.default,98
106,A,aten.zeros.default,1
106,A,aten.empty.memory_format,1
106,A,aten.empty_like.default,1
106,A,aten.select.int,34
106,A,aten.copy_.default,8
106,A,aten.stack.default,2
106,A,aten.view.default,802
106,A,aten.clone.default,851
106,A,aten.le.Tensor,3
106,A,aten.all.default,1583
106,A,aten._local_scalar_dense.default,1668
106,outside_boundary,aten.slice.Tensor,4655
106,outside_boundary,aten.select.int,6000
106,outside_boundary,aten.allclose.default,156
106,outside_boundary,aten.full_like.default,4765
106,outside_boundary,aten.le.Tensor,2397
106,outside_boundary,aten.sub.Tensor,427
106,outside_boundary,aten.nextafter.default,4436
106,outside_boundary,aten.index_select.default,840
106,outside_boundary,aten.expand.default,77
106,outside_boundary,aten.scatter_add_.default,53
106,outside_boundary,aten.ones_like.default,378
106,outside_boundary,aten.max.default,360
106,outside_boundary,aten.detach.default,1514
106,outside_boundary,aten.abs.default,1937
106,outside_boundary,aten.minimum.default,345
106,outside_boundary,aten.maximum.default,445
106,outside_boundary,aten.le.Scalar,294
106,outside_boundary,aten.ge.Scalar,467
106,outside_boundary,aten.bitwise_and.Tensor,482
106,outside_boundary,aten.pow.Tensor_Scalar,3054
106,outside_boundary,aten.stack.default,2582
106,outside_boundary,aten.min.dim,1989
106,outside_boundary,aten.max.dim,1991
106,outside_boundary,aten.where.self,1044
106,outside_boundary,aten.unsqueeze.default,382
106,outside_boundary,aten.sum.dim_IntList,470
106,outside_boundary,aten.eq.Tensor,569
106,outside_boundary,aten.arange.default,72
106,outside_boundary,aten.min.default,90
106,outside_boundary,aten.nonzero.default,96
106,outside_boundary,aten.lt.Tensor,144
106,outside_boundary,aten.unbind.int,720
106,outside_boundary,aten.cat.default,438
106,outside_boundary,aten.ge.Tensor,154
106,outside_boundary,aten.all.dim,158
106,outside_boundary,aten.count_nonzero.default,144
106,outside_boundary,aten.clamp.default,54
106,outside_boundary,aten.pow.Tensor_Tensor,162
106,outside_boundary,aten._to_copy.default,54
106,outside_boundary,aten.copy_.default,742
106,outside_boundary,aten.full.default,36
106,outside_boundary,aten.scatter_reduce_.two,36
106,outside_boundary,aten.neg.default,20
106,outside_boundary,aten.amin.default,2
106,outside_boundary,aten.amax.default,2
106,outside_boundary,aten.any.dim,6
106,outside_boundary,aten.unique_dim.default,2
106,outside_boundary,aten.rsub.Scalar,2
106,outside_boundary,aten.div.Tensor,6
106,outside_boundary,aten.scatter_.src,4
106,outside_boundary,aten.equal.default,25
106,outside_boundary,aten.permute.default,128
106,outside_boundary,aten.fill_.Tensor,626
106,outside_boundary,aten.bitwise_not.default,4
106,C,aten.abs.default,111
106,C,aten.ne.Scalar,111
106,C,aten.eq.Tensor,117
106,C,aten.mul.Tensor,267
106,C,aten.all.default,117
106,C,aten._local_scalar_dense.default,165
106,B,aten.lift_fresh.default,4
106,B,aten.expand.default,2
106,B,aten.slice.Tensor,5
106,B,aten.select.int,1
106,B,aten.unsqueeze.default,3
106,B,aten.pow.Tensor_Tensor,1
106,B,aten.mul.Tensor,32
106,B,aten.detach.default,2
106,B,aten.view.default,3
106,B,aten.zeros.default,1
106,B,aten.scatter_add_.default,1
106,C,aten.lift_fresh.default,93
106,C,aten.expand.default,1
106,C,aten.detach.default,4
106,C,aten.gt.Tensor,20
106,C,aten.any.default,48
106,C,aten.slice.Tensor,68
106,C,aten.select.int,140
106,C,aten.lt.Tensor,3
106,C,aten.bitwise_or.Tensor,42
106,C,aten.unsqueeze.default,24
106,C,aten.ones_like.default,18
106,C,aten.stack.default,47
106,C,aten.amin.default,39
106,C,aten.full_like.default,174
106,C,aten.nextafter.default,174
106,C,aten.amax.default,39
106,C,aten.eq.Scalar,492
106,C,aten.bitwise_and.Tensor,249
106,C,aten.where.self,420
106,C,aten.zeros_like.default,138
106,C,aten.index.Tensor,60
106,C,aten.add.Tensor,96
106,C,aten.view.default,68
106,C,aten.index_put_.default,30
106,C,aten.neg.default,6
106,C,aten.cat.default,14
106,C,aten.zeros.default,3
106,C,aten.clone.default,62
106,C,aten.le.Tensor,5
106,C,aten.ge.Tensor,1
106,A,aten.detach.default,76
106,A,aten.unbind.int,4
106,A,aten.isnan.default,10
106,A,aten.any.default,15
106,A,aten.gt.Tensor,5
106,A,aten.ne.Scalar,70
106,A,aten.eq.Scalar,1580
106,A,aten.zeros_like.default,790
106,A,aten.add.Tensor,790
106,B,aten.ones_like.default,4
106,B,aten.zeros_like.default,31
106,B,aten.add.Tensor,31
106,B,aten.pow.Tensor_Scalar,27
106,C,aten.isnan.default,28
106,D,aten.zeros.default,226
106,D,aten.clone.default,19752
106,D,aten.view.default,9877
106,D,aten.isnan.default,9876
106,D,aten.any.default,14814
106,D,aten._local_scalar_dense.default,14814
106,D,aten.gt.Tensor,4938
106,D,aten.add.Tensor,2290
106,D,aten.full_like.default,7170
106,D,aten.nextafter.default,7170
106,D,aten.mul.Tensor,6272
106,D,aten.stack.default,1864
106,D,aten.min.dim,1864
106,D,aten.max.dim,1864
106,D,aten.zeros_like.default,576
106,D,aten.abs.default,2304
106,D,aten.minimum.default,576
106,D,aten.maximum.default,576
106,D,aten.le.Scalar,576
106,D,aten.ge.Scalar,576
106,D,aten.bitwise_and.Tensor,576
106,D,aten.pow.Tensor_Scalar,1744
106,D,aten.where.self,576
106,H,aten.add.Tensor,50
106,H,aten.full_like.default,90
106,H,aten.nextafter.default,90
106,H,aten.clone.default,136
106,H,aten.view.default,72
106,H,aten.isnan.default,68
106,H,aten.any.default,102
106,H,aten._local_scalar_dense.default,198
106,H,aten.gt.Tensor,34
106,H,aten.sub.Tensor,30
106,H,aten.detach.default,96
106,H,aten.lift_fresh.default,48
106,H,aten.abs.default,44
106,H,aten.ne.Scalar,44
106,H,aten.eq.Tensor,44
106,H,aten.mul.Tensor,68
106,F,aten.detach.default,116
106,F,aten._local_scalar_dense.default,132
106,G,aten.lift_fresh.default,29
106,G,aten.abs.default,130
106,G,aten.ne.Scalar,130
106,G,aten.eq.Tensor,130
106,G,aten.mul.Tensor,166
106,G,aten._local_scalar_dense.default,435
106,G,aten.all.default,152
106,G,aten.view.default,438
106,G,aten.stack.default,92
106,G,aten.sub.Tensor,33
106,G,aten.full_like.default,73
106,G,aten.nextafter.default,73
106,G,aten.le.Tensor,27
106,G,aten.ge.Tensor,12
106,G,aten.bitwise_and.Tensor,12
106,E,aten.detach.default,288
106,E,aten._local_scalar_dense.default,3026
106,G,aten.clone.default,160
106,G,aten.isnan.default,80
106,G,aten.any.default,122
106,G,aten.gt.Tensor,40
106,G,aten.min.dim,6
106,G,aten.max.dim,6
106,G,aten.zeros_like.default,4
106,G,aten.select.int,154
106,G,aten.slice.Tensor,24
106,G,aten.amin.default,4
106,G,aten.amax.default,4
106,G,aten.add.Tensor,24
106,G,aten.zeros.default,2
106,G,aten.detach.default,308
106,E,aten.zeros_like.default,797
106,E,aten.add.Tensor,1173
106,E,aten.clone.default,3366
106,E,aten.view.default,1615
106,E,aten.eq.Scalar,10
106,E,aten.all.default,201
106,E,aten.zeros.default,250
106,E,aten.isnan.default,1592
106,E,aten.any.default,2388
106,E,aten.gt.Tensor,796
106,E,aten.mul.Tensor,1495
106,E,aten.lift_fresh.default,314
106,E,aten.abs.default,497
106,E,aten.le.Tensor,191
106,E,aten.stack.default,115
106,E,aten.min.dim,115
106,E,aten.full_like.default,914
106,E,aten.nextafter.default,914
106,E,aten.max.dim,115
106,E,aten.sub.Tensor,308
106,E,aten.ne.Scalar,291
106,E,aten.eq.Tensor,291
106,D,aten.lift_fresh.default,357
106,E,aten.equal.default,16
106,H,aten.div.Tensor,2
106,F,aten.lift_fresh.default,66
106,F,aten.clone.default,20
106,F,aten.view.default,16
106,F,aten.eq.Scalar,8
106,F,aten.all.default,8
106,F,aten.neg.default,2
106,F,aten.abs.default,82
106,F,aten.ne.Scalar,54
106,F,aten.eq.Tensor,52
106,F,aten.mul.Tensor,52
106,F,aten.sub.Tensor,40
106,F,aten.full_like.default,6
106,F,aten.nextafter.default,6
106,F,aten.zeros.default,6
106,F,aten.max.default,30
106,G,aten.le.Scalar,2
106,G,aten.ge.Scalar,2
106,G,aten.reciprocal.default,4
106,F,aten.isnan.default,8
106,F,aten.any.default,14
106,F,aten.gt.Tensor,4
106,F,aten.ones.default,2
106,H,aten.eq.Scalar,4
106,H,aten.all.default,4
106,H,aten.zeros.default,8
106,H,aten.stack.default,6
106,H,aten.min.dim,6
106,H,aten.max.dim,6
107,outside_boundary,aten.lift_fresh.default,562
107,outside_boundary,aten.clone.default,4814
107,outside_boundary,aten.view.default,767
107,outside_boundary,aten.isnan.default,202
107,outside_boundary,aten.any.default,547
107,outside_boundary,aten._local_scalar_dense.default,5526
107,outside_boundary,aten.gt.Tensor,245
107,outside_boundary,aten.eq.Scalar,196
107,outside_boundary,aten.all.default,2818
107,outside_boundary,aten.zeros_like.default,1442
107,outside_boundary,aten.add.Tensor,911
107,outside_boundary,aten.ne.Scalar,562
107,outside_boundary,aten.ones.default,148
107,outside_boundary,aten.mul.Tensor,6563
107,outside_boundary,aten.zeros.default,98
107,A,aten.zeros.default,1
107,A,aten.empty.memory_format,1
107,A,aten.empty_like.default,1
107,A,aten.select.int,34
107,A,aten.copy_.default,8
107,A,aten.stack.default,2
107,A,aten.view.default,802
107,A,aten.clone.default,851
107,A,aten.le.Tensor,3
107,A,aten.all.default,1583
107,A,aten._local_scalar_dense.default,1668
107,outside_boundary,aten.slice.Tensor,4655
107,outside_boundary,aten.select.int,6000
107,outside_boundary,aten.allclose.default,156
107,outside_boundary,aten.full_like.default,4765
107,outside_boundary,aten.le.Tensor,2397
107,outside_boundary,aten.sub.Tensor,427
107,outside_boundary,aten.nextafter.default,4436
107,outside_boundary,aten.index_select.default,840
107,outside_boundary,aten.expand.default,77
107,outside_boundary,aten.scatter_add_.default,53
107,outside_boundary,aten.ones_like.default,378
107,outside_boundary,aten.max.default,360
107,outside_boundary,aten.detach.default,1514
107,outside_boundary,aten.abs.default,1937
107,outside_boundary,aten.minimum.default,345
107,outside_boundary,aten.maximum.default,445
107,outside_boundary,aten.le.Scalar,294
107,outside_boundary,aten.ge.Scalar,467
107,outside_boundary,aten.bitwise_and.Tensor,482
107,outside_boundary,aten.pow.Tensor_Scalar,3054
107,outside_boundary,aten.stack.default,2582
107,outside_boundary,aten.min.dim,1989
107,outside_boundary,aten.max.dim,1991
107,outside_boundary,aten.where.self,1044
107,outside_boundary,aten.unsqueeze.default,382
107,outside_boundary,aten.sum.dim_IntList,470
107,outside_boundary,aten.eq.Tensor,569
107,outside_boundary,aten.arange.default,72
107,outside_boundary,aten.min.default,90
107,outside_boundary,aten.nonzero.default,96
107,outside_boundary,aten.lt.Tensor,144
107,outside_boundary,aten.unbind.int,720
107,outside_boundary,aten.cat.default,438
107,outside_boundary,aten.ge.Tensor,154
107,outside_boundary,aten.all.dim,158
107,outside_boundary,aten.count_nonzero.default,144
107,outside_boundary,aten.clamp.default,54
107,outside_boundary,aten.pow.Tensor_Tensor,162
107,outside_boundary,aten._to_copy.default,54
107,outside_boundary,aten.copy_.default,742
107,outside_boundary,aten.full.default,36
107,outside_boundary,aten.scatter_reduce_.two,36
107,outside_boundary,aten.neg.default,20
107,outside_boundary,aten.amin.default,2
107,outside_boundary,aten.amax.default,2
107,outside_boundary,aten.any.dim,6
107,outside_boundary,aten.unique_dim.default,2
107,outside_boundary,aten.rsub.Scalar,2
107,outside_boundary,aten.div.Tensor,6
107,outside_boundary,aten.scatter_.src,4
107,outside_boundary,aten.equal.default,25
107,outside_boundary,aten.permute.default,128
107,outside_boundary,aten.fill_.Tensor,626
107,outside_boundary,aten.bitwise_not.default,4
107,C,aten.abs.default,111
107,C,aten.ne.Scalar,111
107,C,aten.eq.Tensor,117
107,C,aten.mul.Tensor,267
107,C,aten.all.default,117
107,C,aten._local_scalar_dense.default,165
107,B,aten.lift_fresh.default,4
107,B,aten.expand.default,2
107,B,aten.slice.Tensor,5
107,B,aten.select.int,1
107,B,aten.unsqueeze.default,3
107,B,aten.pow.Tensor_Tensor,1
107,B,aten.mul.Tensor,32
107,B,aten.detach.default,2
107,B,aten.view.default,3
107,B,aten.zeros.default,1
107,B,aten.scatter_add_.default,1
107,C,aten.lift_fresh.default,93
107,C,aten.expand.default,1
107,C,aten.detach.default,4
107,C,aten.gt.Tensor,20
107,C,aten.any.default,48
107,C,aten.slice.Tensor,68
107,C,aten.select.int,140
107,C,aten.lt.Tensor,3
107,C,aten.bitwise_or.Tensor,42
107,C,aten.unsqueeze.default,24
107,C,aten.ones_like.default,18
107,C,aten.stack.default,47
107,C,aten.amin.default,39
107,C,aten.full_like.default,174
107,C,aten.nextafter.default,174
107,C,aten.amax.default,39
107,C,aten.eq.Scalar,492
107,C,aten.bitwise_and.Tensor,249
107,C,aten.where.self,420
107,C,aten.zeros_like.default,138
107,C,aten.index.Tensor,60
107,C,aten.add.Tensor,96
107,C,aten.view.default,68
107,C,aten.index_put_.default,30
107,C,aten.neg.default,6
107,C,aten.cat.default,14
107,C,aten.zeros.default,3
107,C,aten.clone.default,62
107,C,aten.le.Tensor,5
107,C,aten.ge.Tensor,1
107,A,aten.detach.default,76
107,A,aten.unbind.int,4
107,A,aten.isnan.default,10
107,A,aten.any.default,15
107,A,aten.gt.Tensor,5
107,A,aten.ne.Scalar,70
107,A,aten.eq.Scalar,1580
107,A,aten.zeros_like.default,790
107,A,aten.add.Tensor,790
107,B,aten.ones_like.default,4
107,B,aten.zeros_like.default,31
107,B,aten.add.Tensor,31
107,B,aten.pow.Tensor_Scalar,27
107,C,aten.isnan.default,28
107,D,aten.zeros.default,226
107,D,aten.clone.default,19752
107,D,aten.view.default,9877
107,D,aten.isnan.default,9876
107,D,aten.any.default,14814
107,D,aten._local_scalar_dense.default,14814
107,D,aten.gt.Tensor,4938
107,D,aten.add.Tensor,2290
107,D,aten.full_like.default,7170
107,D,aten.nextafter.default,7170
107,D,aten.mul.Tensor,6272
107,D,aten.stack.default,1864
107,D,aten.min.dim,1864
107,D,aten.max.dim,1864
107,D,aten.zeros_like.default,576
107,D,aten.abs.default,2304
107,D,aten.minimum.default,576
107,D,aten.maximum.default,576
107,D,aten.le.Scalar,576
107,D,aten.ge.Scalar,576
107,D,aten.bitwise_and.Tensor,576
107,D,aten.pow.Tensor_Scalar,1744
107,D,aten.where.self,576
107,H,aten.add.Tensor,50
107,H,aten.full_like.default,90
107,H,aten.nextafter.default,90
107,H,aten.clone.default,136
107,H,aten.view.default,72
107,H,aten.isnan.default,68
107,H,aten.any.default,102
107,H,aten._local_scalar_dense.default,198
107,H,aten.gt.Tensor,34
107,H,aten.sub.Tensor,30
107,H,aten.detach.default,96
107,H,aten.lift_fresh.default,48
107,H,aten.abs.default,44
107,H,aten.ne.Scalar,44
107,H,aten.eq.Tensor,44
107,H,aten.mul.Tensor,68
107,F,aten.detach.default,116
107,F,aten._local_scalar_dense.default,132
107,G,aten.lift_fresh.default,29
107,G,aten.abs.default,130
107,G,aten.ne.Scalar,130
107,G,aten.eq.Tensor,130
107,G,aten.mul.Tensor,166
107,G,aten._local_scalar_dense.default,471
107,G,aten.all.default,152
107,G,aten.view.default,506
107,G,aten.stack.default,100
107,G,aten.sub.Tensor,33
107,G,aten.full_like.default,75
107,G,aten.nextafter.default,75
107,G,aten.le.Tensor,27
107,G,aten.ge.Tensor,12
107,G,aten.bitwise_and.Tensor,12
107,E,aten.detach.default,288
107,E,aten._local_scalar_dense.default,3026
107,G,aten.clone.default,176
107,G,aten.isnan.default,88
107,G,aten.any.default,134
107,G,aten.gt.Tensor,44
107,G,aten.min.dim,6
107,G,aten.max.dim,6
107,G,aten.zeros_like.default,4
107,G,aten.select.int,180
107,G,aten.slice.Tensor,24
107,G,aten.amin.default,4
107,G,aten.amax.default,4
107,G,aten.add.Tensor,26
107,G,aten.zeros.default,2
107,G,aten.detach.default,356
107,E,aten.zeros_like.default,797
107,E,aten.add.Tensor,1173
107,E,aten.clone.default,3366
107,E,aten.view.default,1615
107,E,aten.eq.Scalar,10
107,E,aten.all.default,201
107,E,aten.zeros.default,250
107,E,aten.isnan.default,1592
107,E,aten.any.default,2388
107,E,aten.gt.Tensor,796
107,E,aten.mul.Tensor,1495
107,E,aten.lift_fresh.default,314
107,E,aten.abs.default,497
107,E,aten.le.Tensor,191
107,E,aten.stack.default,115
107,E,aten.min.dim,115
107,E,aten.full_like.default,914
107,E,aten.nextafter.default,914
107,E,aten.max.dim,115
107,E,aten.sub.Tensor,308
107,E,aten.ne.Scalar,291
107,E,aten.eq.Tensor,291
107,D,aten.lift_fresh.default,357
107,E,aten.equal.default,16
107,H,aten.div.Tensor,2
107,F,aten.lift_fresh.default,66
107,F,aten.clone.default,20
107,F,aten.view.default,16
107,F,aten.eq.Scalar,8
107,F,aten.all.default,8
107,F,aten.neg.default,2
107,F,aten.abs.default,82
107,F,aten.ne.Scalar,54
107,F,aten.eq.Tensor,52
107,F,aten.mul.Tensor,52
107,F,aten.sub.Tensor,40
107,F,aten.full_like.default,6
107,F,aten.nextafter.default,6
107,F,aten.zeros.default,6
107,F,aten.max.default,30
107,G,aten.le.Scalar,2
107,G,aten.ge.Scalar,2
107,G,aten.reciprocal.default,4
107,F,aten.isnan.default,8
107,F,aten.any.default,14
107,F,aten.gt.Tensor,4
107,F,aten.ones.default,2
107,H,aten.eq.Scalar,4
107,H,aten.all.default,4
107,H,aten.zeros.default,8
107,H,aten.stack.default,6
107,H,aten.min.dim,6
107,H,aten.max.dim,6
108,outside_boundary,aten.lift_fresh.default,562
108,outside_boundary,aten.clone.default,4814
108,outside_boundary,aten.view.default,767
108,outside_boundary,aten.isnan.default,202
108,outside_boundary,aten.any.default,547
108,outside_boundary,aten._local_scalar_dense.default,5526
108,outside_boundary,aten.gt.Tensor,245
108,outside_boundary,aten.eq.Scalar,196
108,outside_boundary,aten.all.default,2818
108,outside_boundary,aten.zeros_like.default,1442
108,outside_boundary,aten.add.Tensor,911
108,outside_boundary,aten.ne.Scalar,562
108,outside_boundary,aten.ones.default,148
108,outside_boundary,aten.mul.Tensor,6563
108,outside_boundary,aten.zeros.default,98
108,A,aten.zeros.default,1
108,A,aten.empty.memory_format,1
108,A,aten.empty_like.default,1
108,A,aten.select.int,34
108,A,aten.copy_.default,8
108,A,aten.stack.default,2
108,A,aten.view.default,802
108,A,aten.clone.default,851
108,A,aten.le.Tensor,3
108,A,aten.all.default,1583
108,A,aten._local_scalar_dense.default,1668
108,outside_boundary,aten.slice.Tensor,4655
108,outside_boundary,aten.select.int,6000
108,outside_boundary,aten.allclose.default,156
108,outside_boundary,aten.full_like.default,4765
108,outside_boundary,aten.le.Tensor,2397
108,outside_boundary,aten.sub.Tensor,427
108,outside_boundary,aten.nextafter.default,4436
108,outside_boundary,aten.index_select.default,840
108,outside_boundary,aten.expand.default,77
108,outside_boundary,aten.scatter_add_.default,53
108,outside_boundary,aten.ones_like.default,378
108,outside_boundary,aten.max.default,360
108,outside_boundary,aten.detach.default,1514
108,outside_boundary,aten.abs.default,1937
108,outside_boundary,aten.minimum.default,345
108,outside_boundary,aten.maximum.default,445
108,outside_boundary,aten.le.Scalar,294
108,outside_boundary,aten.ge.Scalar,467
108,outside_boundary,aten.bitwise_and.Tensor,482
108,outside_boundary,aten.pow.Tensor_Scalar,3054
108,outside_boundary,aten.stack.default,2582
108,outside_boundary,aten.min.dim,1989
108,outside_boundary,aten.max.dim,1991
108,outside_boundary,aten.where.self,1044
108,outside_boundary,aten.unsqueeze.default,382
108,outside_boundary,aten.sum.dim_IntList,470
108,outside_boundary,aten.eq.Tensor,569
108,outside_boundary,aten.arange.default,72
108,outside_boundary,aten.min.default,90
108,outside_boundary,aten.nonzero.default,96
108,outside_boundary,aten.lt.Tensor,144
108,outside_boundary,aten.unbind.int,720
108,outside_boundary,aten.cat.default,438
108,outside_boundary,aten.ge.Tensor,154
108,outside_boundary,aten.all.dim,158
108,outside_boundary,aten.count_nonzero.default,144
108,outside_boundary,aten.clamp.default,54
108,outside_boundary,aten.pow.Tensor_Tensor,162
108,outside_boundary,aten._to_copy.default,54
108,outside_boundary,aten.copy_.default,742
108,outside_boundary,aten.full.default,36
108,outside_boundary,aten.scatter_reduce_.two,36
108,outside_boundary,aten.neg.default,20
108,outside_boundary,aten.amin.default,2
108,outside_boundary,aten.amax.default,2
108,outside_boundary,aten.any.dim,6
108,outside_boundary,aten.unique_dim.default,2
108,outside_boundary,aten.rsub.Scalar,2
108,outside_boundary,aten.div.Tensor,6
108,outside_boundary,aten.scatter_.src,4
108,outside_boundary,aten.equal.default,25
108,outside_boundary,aten.permute.default,128
108,outside_boundary,aten.fill_.Tensor,626
108,outside_boundary,aten.bitwise_not.default,4
108,C,aten.abs.default,111
108,C,aten.ne.Scalar,111
108,C,aten.eq.Tensor,117
108,C,aten.mul.Tensor,267
108,C,aten.all.default,117
108,C,aten._local_scalar_dense.default,165
108,B,aten.lift_fresh.default,4
108,B,aten.expand.default,2
108,B,aten.slice.Tensor,5
108,B,aten.select.int,1
108,B,aten.unsqueeze.default,3
108,B,aten.pow.Tensor_Tensor,1
108,B,aten.mul.Tensor,32
108,B,aten.detach.default,2
108,B,aten.view.default,3
108,B,aten.zeros.default,1
108,B,aten.scatter_add_.default,1
108,C,aten.lift_fresh.default,93
108,C,aten.expand.default,1
108,C,aten.detach.default,4
108,C,aten.gt.Tensor,20
108,C,aten.any.default,48
108,C,aten.slice.Tensor,68
108,C,aten.select.int,140
108,C,aten.lt.Tensor,3
108,C,aten.bitwise_or.Tensor,42
108,C,aten.unsqueeze.default,24
108,C,aten.ones_like.default,18
108,C,aten.stack.default,47
108,C,aten.amin.default,39
108,C,aten.full_like.default,174
108,C,aten.nextafter.default,174
108,C,aten.amax.default,39
108,C,aten.eq.Scalar,492
108,C,aten.bitwise_and.Tensor,249
108,C,aten.where.self,420
108,C,aten.zeros_like.default,138
108,C,aten.index.Tensor,60
108,C,aten.add.Tensor,96
108,C,aten.view.default,68
108,C,aten.index_put_.default,30
108,C,aten.neg.default,6
108,C,aten.cat.default,14
108,C,aten.zeros.default,3
108,C,aten.clone.default,62
108,C,aten.le.Tensor,5
108,C,aten.ge.Tensor,1
108,A,aten.detach.default,76
108,A,aten.unbind.int,4
108,A,aten.isnan.default,10
108,A,aten.any.default,15
108,A,aten.gt.Tensor,5
108,A,aten.ne.Scalar,70
108,A,aten.eq.Scalar,1580
108,A,aten.zeros_like.default,790
108,A,aten.add.Tensor,790
108,B,aten.ones_like.default,4
108,B,aten.zeros_like.default,31
108,B,aten.add.Tensor,31
108,B,aten.pow.Tensor_Scalar,27
108,C,aten.isnan.default,28
108,D,aten.zeros.default,226
108,D,aten.clone.default,19752
108,D,aten.view.default,9877
108,D,aten.isnan.default,9876
108,D,aten.any.default,14814
108,D,aten._local_scalar_dense.default,14814
108,D,aten.gt.Tensor,4938
108,D,aten.add.Tensor,2290
108,D,aten.full_like.default,7170
108,D,aten.nextafter.default,7170
108,D,aten.mul.Tensor,6272
108,D,aten.stack.default,1864
108,D,aten.min.dim,1864
108,D,aten.max.dim,1864
108,D,aten.zeros_like.default,576
108,D,aten.abs.default,2304
108,D,aten.minimum.default,576
108,D,aten.maximum.default,576
108,D,aten.le.Scalar,576
108,D,aten.ge.Scalar,576
108,D,aten.bitwise_and.Tensor,576
108,D,aten.pow.Tensor_Scalar,1744
108,D,aten.where.self,576
108,H,aten.add.Tensor,50
108,H,aten.full_like.default,90
108,H,aten.nextafter.default,90
108,H,aten.clone.default,136
108,H,aten.view.default,72
108,H,aten.isnan.default,68
108,H,aten.any.default,102
108,H,aten._local_scalar_dense.default,198
108,H,aten.gt.Tensor,34
108,H,aten.sub.Tensor,30
108,H,aten.detach.default,96
108,H,aten.lift_fresh.default,48
108,H,aten.abs.default,44
108,H,aten.ne.Scalar,44
108,H,aten.eq.Tensor,44
108,H,aten.mul.Tensor,68
108,F,aten.detach.default,116
108,F,aten._local_scalar_dense.default,132
108,G,aten.lift_fresh.default,29
108,G,aten.abs.default,130
108,G,aten.ne.Scalar,130
108,G,aten.eq.Tensor,130
108,G,aten.mul.Tensor,166
108,G,aten._local_scalar_dense.default,507
108,G,aten.all.default,152
108,G,aten.view.default,574
108,G,aten.stack.default,108
108,G,aten.sub.Tensor,33
108,G,aten.full_like.default,77
108,G,aten.nextafter.default,77
108,G,aten.le.Tensor,27
108,G,aten.ge.Tensor,12
108,G,aten.bitwise_and.Tensor,12
108,E,aten.detach.default,288
108,E,aten._local_scalar_dense.default,3026
108,G,aten.clone.default,192
108,G,aten.isnan.default,96
108,G,aten.any.default,146
108,G,aten.gt.Tensor,48
108,G,aten.min.dim,6
108,G,aten.max.dim,6
108,G,aten.zeros_like.default,4
108,G,aten.select.int,206
108,G,aten.slice.Tensor,24
108,G,aten.amin.default,4
108,G,aten.amax.default,4
108,G,aten.add.Tensor,28
108,G,aten.zeros.default,2
108,G,aten.detach.default,404
108,E,aten.zeros_like.default,797
108,E,aten.add.Tensor,1173
108,E,aten.clone.default,3366
108,E,aten.view.default,1615
108,E,aten.eq.Scalar,10
108,E,aten.all.default,201
108,E,aten.zeros.default,250
108,E,aten.isnan.default,1592
108,E,aten.any.default,2388
108,E,aten.gt.Tensor,796
108,E,aten.mul.Tensor,1495
108,E,aten.lift_fresh.default,314
108,E,aten.abs.default,497
108,E,aten.le.Tensor,191
108,E,aten.stack.default,115
108,E,aten.min.dim,115
108,E,aten.full_like.default,914
108,E,aten.nextafter.default,914
108,E,aten.max.dim,115
108,E,aten.sub.Tensor,308
108,E,aten.ne.Scalar,291
108,E,aten.eq.Tensor,291
108,D,aten.lift_fresh.default,357
108,E,aten.equal.default,16
108,H,aten.div.Tensor,2
108,F,aten.lift_fresh.default,66
108,F,aten.clone.default,20
108,F,aten.view.default,16
108,F,aten.eq.Scalar,8
108,F,aten.all.default,8
108,F,aten.neg.default,2
108,F,aten.abs.default,82
108,F,aten.ne.Scalar,54
108,F,aten.eq.Tensor,52
108,F,aten.mul.Tensor,52
108,F,aten.sub.Tensor,40
108,F,aten.full_like.default,6
108,F,aten.nextafter.default,6
108,F,aten.zeros.default,6
108,F,aten.max.default,30
108,G,aten.le.Scalar,2
108,G,aten.ge.Scalar,2
108,G,aten.reciprocal.default,4
108,F,aten.isnan.default,8
108,F,aten.any.default,14
108,F,aten.gt.Tensor,4
108,F,aten.ones.default,2
108,H,aten.eq.Scalar,4
108,H,aten.all.default,4
108,H,aten.zeros.default,8
108,H,aten.stack.default,6
108,H,aten.min.dim,6
108,H,aten.max.dim,6
109,outside_boundary,aten.lift_fresh.default,562
109,outside_boundary,aten.clone.default,4814
109,outside_boundary,aten.view.default,767
109,outside_boundary,aten.isnan.default,202
109,outside_boundary,aten.any.default,547
109,outside_boundary,aten._local_scalar_dense.default,5526
109,outside_boundary,aten.gt.Tensor,245
109,outside_boundary,aten.eq.Scalar,196
109,outside_boundary,aten.all.default,2818
109,outside_boundary,aten.zeros_like.default,1442
109,outside_boundary,aten.add.Tensor,911
109,outside_boundary,aten.ne.Scalar,562
109,outside_boundary,aten.ones.default,148
109,outside_boundary,aten.mul.Tensor,6563
109,outside_boundary,aten.zeros.default,98
109,A,aten.zeros.default,1
109,A,aten.empty.memory_format,1
109,A,aten.empty_like.default,1
109,A,aten.select.int,34
109,A,aten.copy_.default,8
109,A,aten.stack.default,2
109,A,aten.view.default,802
109,A,aten.clone.default,851
109,A,aten.le.Tensor,3
109,A,aten.all.default,1583
109,A,aten._local_scalar_dense.default,1668
109,outside_boundary,aten.slice.Tensor,4655
109,outside_boundary,aten.select.int,6000
109,outside_boundary,aten.allclose.default,156
109,outside_boundary,aten.full_like.default,4765
109,outside_boundary,aten.le.Tensor,2397
109,outside_boundary,aten.sub.Tensor,427
109,outside_boundary,aten.nextafter.default,4436
109,outside_boundary,aten.index_select.default,840
109,outside_boundary,aten.expand.default,77
109,outside_boundary,aten.scatter_add_.default,53
109,outside_boundary,aten.ones_like.default,378
109,outside_boundary,aten.max.default,360
109,outside_boundary,aten.detach.default,1514
109,outside_boundary,aten.abs.default,1937
109,outside_boundary,aten.minimum.default,345
109,outside_boundary,aten.maximum.default,445
109,outside_boundary,aten.le.Scalar,294
109,outside_boundary,aten.ge.Scalar,467
109,outside_boundary,aten.bitwise_and.Tensor,482
109,outside_boundary,aten.pow.Tensor_Scalar,3054
109,outside_boundary,aten.stack.default,2582
109,outside_boundary,aten.min.dim,1989
109,outside_boundary,aten.max.dim,1991
109,outside_boundary,aten.where.self,1044
109,outside_boundary,aten.unsqueeze.default,382
109,outside_boundary,aten.sum.dim_IntList,470
109,outside_boundary,aten.eq.Tensor,569
109,outside_boundary,aten.arange.default,72
109,outside_boundary,aten.min.default,90
109,outside_boundary,aten.nonzero.default,96
109,outside_boundary,aten.lt.Tensor,144
109,outside_boundary,aten.unbind.int,720
109,outside_boundary,aten.cat.default,438
109,outside_boundary,aten.ge.Tensor,154
109,outside_boundary,aten.all.dim,158
109,outside_boundary,aten.count_nonzero.default,144
109,outside_boundary,aten.clamp.default,54
109,outside_boundary,aten.pow.Tensor_Tensor,162
109,outside_boundary,aten._to_copy.default,54
109,outside_boundary,aten.copy_.default,742
109,outside_boundary,aten.full.default,36
109,outside_boundary,aten.scatter_reduce_.two,36
109,outside_boundary,aten.neg.default,20
109,outside_boundary,aten.amin.default,2
109,outside_boundary,aten.amax.default,2
109,outside_boundary,aten.any.dim,6
109,outside_boundary,aten.unique_dim.default,2
109,outside_boundary,aten.rsub.Scalar,2
109,outside_boundary,aten.div.Tensor,6
109,outside_boundary,aten.scatter_.src,4
109,outside_boundary,aten.equal.default,25
109,outside_boundary,aten.permute.default,128
109,outside_boundary,aten.fill_.Tensor,626
109,outside_boundary,aten.bitwise_not.default,4
109,C,aten.abs.default,111
109,C,aten.ne.Scalar,111
109,C,aten.eq.Tensor,117
109,C,aten.mul.Tensor,267
109,C,aten.all.default,117
109,C,aten._local_scalar_dense.default,165
109,B,aten.lift_fresh.default,4
109,B,aten.expand.default,2
109,B,aten.slice.Tensor,5
109,B,aten.select.int,1
109,B,aten.unsqueeze.default,3
109,B,aten.pow.Tensor_Tensor,1
109,B,aten.mul.Tensor,32
109,B,aten.detach.default,2
109,B,aten.view.default,3
109,B,aten.zeros.default,1
109,B,aten.scatter_add_.default,1
109,C,aten.lift_fresh.default,93
109,C,aten.expand.default,1
109,C,aten.detach.default,4
109,C,aten.gt.Tensor,20
109,C,aten.any.default,48
109,C,aten.slice.Tensor,68
109,C,aten.select.int,140
109,C,aten.lt.Tensor,3
109,C,aten.bitwise_or.Tensor,42
109,C,aten.unsqueeze.default,24
109,C,aten.ones_like.default,18
109,C,aten.stack.default,47
109,C,aten.amin.default,39
109,C,aten.full_like.default,174
109,C,aten.nextafter.default,174
109,C,aten.amax.default,39
109,C,aten.eq.Scalar,492
109,C,aten.bitwise_and.Tensor,249
109,C,aten.where.self,420
109,C,aten.zeros_like.default,138
109,C,aten.index.Tensor,60
109,C,aten.add.Tensor,96
109,C,aten.view.default,68
109,C,aten.index_put_.default,30
109,C,aten.neg.default,6
109,C,aten.cat.default,14
109,C,aten.zeros.default,3
109,C,aten.clone.default,62
109,C,aten.le.Tensor,5
109,C,aten.ge.Tensor,1
109,A,aten.detach.default,76
109,A,aten.unbind.int,4
109,A,aten.isnan.default,10
109,A,aten.any.default,15
109,A,aten.gt.Tensor,5
109,A,aten.ne.Scalar,70
109,A,aten.eq.Scalar,1580
109,A,aten.zeros_like.default,790
109,A,aten.add.Tensor,790
109,B,aten.ones_like.default,4
109,B,aten.zeros_like.default,31
109,B,aten.add.Tensor,31
109,B,aten.pow.Tensor_Scalar,27
109,C,aten.isnan.default,28
109,D,aten.zeros.default,226
109,D,aten.clone.default,19752
109,D,aten.view.default,9877
109,D,aten.isnan.default,9876
109,D,aten.any.default,14814
109,D,aten._local_scalar_dense.default,14814
109,D,aten.gt.Tensor,4938
109,D,aten.add.Tensor,2290
109,D,aten.full_like.default,7170
109,D,aten.nextafter.default,7170
109,D,aten.mul.Tensor,6272
109,D,aten.stack.default,1864
109,D,aten.min.dim,1864
109,D,aten.max.dim,1864
109,D,aten.zeros_like.default,576
109,D,aten.abs.default,2304
109,D,aten.minimum.default,576
109,D,aten.maximum.default,576
109,D,aten.le.Scalar,576
109,D,aten.ge.Scalar,576
109,D,aten.bitwise_and.Tensor,576
109,D,aten.pow.Tensor_Scalar,1744
109,D,aten.where.self,576
109,H,aten.add.Tensor,50
109,H,aten.full_like.default,90
109,H,aten.nextafter.default,90
109,H,aten.clone.default,136
109,H,aten.view.default,72
109,H,aten.isnan.default,68
109,H,aten.any.default,102
109,H,aten._local_scalar_dense.default,198
109,H,aten.gt.Tensor,34
109,H,aten.sub.Tensor,30
109,H,aten.detach.default,96
109,H,aten.lift_fresh.default,48
109,H,aten.abs.default,44
109,H,aten.ne.Scalar,44
109,H,aten.eq.Tensor,44
109,H,aten.mul.Tensor,68
109,F,aten.detach.default,116
109,F,aten._local_scalar_dense.default,132
109,G,aten.lift_fresh.default,29
109,G,aten.abs.default,130
109,G,aten.ne.Scalar,130
109,G,aten.eq.Tensor,130
109,G,aten.mul.Tensor,166
109,G,aten._local_scalar_dense.default,543
109,G,aten.all.default,152
109,G,aten.view.default,642
109,G,aten.stack.default,116
109,G,aten.sub.Tensor,33
109,G,aten.full_like.default,79
109,G,aten.nextafter.default,79
109,G,aten.le.Tensor,27
109,G,aten.ge.Tensor,12
109,G,aten.bitwise_and.Tensor,12
109,E,aten.detach.default,288
109,E,aten._local_scalar_dense.default,3026
109,G,aten.clone.default,208
109,G,aten.isnan.default,104
109,G,aten.any.default,158
109,G,aten.gt.Tensor,52
109,G,aten.min.dim,6
109,G,aten.max.dim,6
109,G,aten.zeros_like.default,4
109,G,aten.select.int,232
109,G,aten.slice.Tensor,24
109,G,aten.amin.default,4
109,G,aten.amax.default,4
109,G,aten.add.Tensor,30
109,G,aten.zeros.default,2
109,G,aten.detach.default,452
109,E,aten.zeros_like.default,797
109,E,aten.add.Tensor,1173
109,E,aten.clone.default,3366
109,E,aten.view.default,1615
109,E,aten.eq.Scalar,10
109,E,aten.all.default,201
109,E,aten.zeros.default,250
109,E,aten.isnan.default,1592
109,E,aten.any.default,2388
109,E,aten.gt.Tensor,796
109,E,aten.mul.Tensor,1495
109,E,aten.lift_fresh.default,314
109,E,aten.abs.default,497
109,E,aten.le.Tensor,191
109,E,aten.stack.default,115
109,E,aten.min.dim,115
109,E,aten.full_like.default,914
109,E,aten.nextafter.default,914
109,E,aten.max.dim,115
109,E,aten.sub.Tensor,308
109,E,aten.ne.Scalar,291
109,E,aten.eq.Tensor,291
109,D,aten.lift_fresh.default,357
109,E,aten.equal.default,16
109,H,aten.div.Tensor,2
109,F,aten.lift_fresh.default,66
109,F,aten.clone.default,20
109,F,aten.view.default,16
109,F,aten.eq.Scalar,8
109,F,aten.all.default,8
109,F,aten.neg.default,2
109,F,aten.abs.default,82
109,F,aten.ne.Scalar,54
109,F,aten.eq.Tensor,52
109,F,aten.mul.Tensor,52
109,F,aten.sub.Tensor,40
109,F,aten.full_like.default,6
109,F,aten.nextafter.default,6
109,F,aten.zeros.default,6
109,F,aten.max.default,30
109,G,aten.le.Scalar,2
109,G,aten.ge.Scalar,2
109,G,aten.reciprocal.default,4
109,F,aten.isnan.default,8
109,F,aten.any.default,14
109,F,aten.gt.Tensor,4
109,F,aten.ones.default,2
109,H,aten.eq.Scalar,4
109,H,aten.all.default,4
109,H,aten.zeros.default,8
109,H,aten.stack.default,6
109,H,aten.min.dim,6
109,H,aten.max.dim,6
110,outside_boundary,aten.lift_fresh.default,562
110,outside_boundary,aten.clone.default,4814
110,outside_boundary,aten.view.default,767
110,outside_boundary,aten.isnan.default,202
110,outside_boundary,aten.any.default,547
110,outside_boundary,aten._local_scalar_dense.default,5526
110,outside_boundary,aten.gt.Tensor,245
110,outside_boundary,aten.eq.Scalar,196
110,outside_boundary,aten.all.default,2818
110,outside_boundary,aten.zeros_like.default,1442
110,outside_boundary,aten.add.Tensor,911
110,outside_boundary,aten.ne.Scalar,562
110,outside_boundary,aten.ones.default,148
110,outside_boundary,aten.mul.Tensor,6563
110,outside_boundary,aten.zeros.default,98
110,A,aten.zeros.default,1
110,A,aten.empty.memory_format,1
110,A,aten.empty_like.default,1
110,A,aten.select.int,34
110,A,aten.copy_.default,8
110,A,aten.stack.default,2
110,A,aten.view.default,802
110,A,aten.clone.default,851
110,A,aten.le.Tensor,3
110,A,aten.all.default,1583
110,A,aten._local_scalar_dense.default,1668
110,outside_boundary,aten.slice.Tensor,4655
110,outside_boundary,aten.select.int,6000
110,outside_boundary,aten.allclose.default,156
110,outside_boundary,aten.full_like.default,4765
110,outside_boundary,aten.le.Tensor,2397
110,outside_boundary,aten.sub.Tensor,427
110,outside_boundary,aten.nextafter.default,4436
110,outside_boundary,aten.index_select.default,840
110,outside_boundary,aten.expand.default,77
110,outside_boundary,aten.scatter_add_.default,53
110,outside_boundary,aten.ones_like.default,378
110,outside_boundary,aten.max.default,360
110,outside_boundary,aten.detach.default,1514
110,outside_boundary,aten.abs.default,1937
110,outside_boundary,aten.minimum.default,345
110,outside_boundary,aten.maximum.default,445
110,outside_boundary,aten.le.Scalar,294
110,outside_boundary,aten.ge.Scalar,467
110,outside_boundary,aten.bitwise_and.Tensor,482
110,outside_boundary,aten.pow.Tensor_Scalar,3054
110,outside_boundary,aten.stack.default,2582
110,outside_boundary,aten.min.dim,1989
110,outside_boundary,aten.max.dim,1991
110,outside_boundary,aten.where.self,1044
110,outside_boundary,aten.unsqueeze.default,382
110,outside_boundary,aten.sum.dim_IntList,470
110,outside_boundary,aten.eq.Tensor,569
110,outside_boundary,aten.arange.default,72
110,outside_boundary,aten.min.default,90
110,outside_boundary,aten.nonzero.default,96
110,outside_boundary,aten.lt.Tensor,144
110,outside_boundary,aten.unbind.int,720
110,outside_boundary,aten.cat.default,438
110,outside_boundary,aten.ge.Tensor,154
110,outside_boundary,aten.all.dim,158
110,outside_boundary,aten.count_nonzero.default,144
110,outside_boundary,aten.clamp.default,54
110,outside_boundary,aten.pow.Tensor_Tensor,162
110,outside_boundary,aten._to_copy.default,54
110,outside_boundary,aten.copy_.default,742
110,outside_boundary,aten.full.default,36
110,outside_boundary,aten.scatter_reduce_.two,36
110,outside_boundary,aten.neg.default,20
110,outside_boundary,aten.amin.default,2
110,outside_boundary,aten.amax.default,2
110,outside_boundary,aten.any.dim,6
110,outside_boundary,aten.unique_dim.default,2
110,outside_boundary,aten.rsub.Scalar,2
110,outside_boundary,aten.div.Tensor,6
110,outside_boundary,aten.scatter_.src,4
110,outside_boundary,aten.equal.default,25
110,outside_boundary,aten.permute.default,128
110,outside_boundary,aten.fill_.Tensor,626
110,outside_boundary,aten.bitwise_not.default,4
110,C,aten.abs.default,111
110,C,aten.ne.Scalar,111
110,C,aten.eq.Tensor,117
110,C,aten.mul.Tensor,267
110,C,aten.all.default,117
110,C,aten._local_scalar_dense.default,165
110,B,aten.lift_fresh.default,4
110,B,aten.expand.default,2
110,B,aten.slice.Tensor,5
110,B,aten.select.int,1
110,B,aten.unsqueeze.default,3
110,B,aten.pow.Tensor_Tensor,1
110,B,aten.mul.Tensor,32
110,B,aten.detach.default,2
110,B,aten.view.default,3
110,B,aten.zeros.default,1
110,B,aten.scatter_add_.default,1
110,C,aten.lift_fresh.default,93
110,C,aten.expand.default,1
110,C,aten.detach.default,4
110,C,aten.gt.Tensor,20
110,C,aten.any.default,48
110,C,aten.slice.Tensor,68
110,C,aten.select.int,140
110,C,aten.lt.Tensor,3
110,C,aten.bitwise_or.Tensor,42
110,C,aten.unsqueeze.default,24
110,C,aten.ones_like.default,18
110,C,aten.stack.default,47
110,C,aten.amin.default,39
110,C,aten.full_like.default,174
110,C,aten.nextafter.default,174
110,C,aten.amax.default,39
110,C,aten.eq.Scalar,492
110,C,aten.bitwise_and.Tensor,249
110,C,aten.where.self,420
110,C,aten.zeros_like.default,138
110,C,aten.index.Tensor,60
110,C,aten.add.Tensor,96
110,C,aten.view.default,68
110,C,aten.index_put_.default,30
110,C,aten.neg.default,6
110,C,aten.cat.default,14
110,C,aten.zeros.default,3
110,C,aten.clone.default,62
110,C,aten.le.Tensor,5
110,C,aten.ge.Tensor,1
110,A,aten.detach.default,76
110,A,aten.unbind.int,4
110,A,aten.isnan.default,10
110,A,aten.any.default,15
110,A,aten.gt.Tensor,5
110,A,aten.ne.Scalar,70
110,A,aten.eq.Scalar,1580
110,A,aten.zeros_like.default,790
110,A,aten.add.Tensor,790
110,B,aten.ones_like.default,4
110,B,aten.zeros_like.default,31
110,B,aten.add.Tensor,31
110,B,aten.pow.Tensor_Scalar,27
110,C,aten.isnan.default,28
110,D,aten.zeros.default,226
110,D,aten.clone.default,19752
110,D,aten.view.default,9877
110,D,aten.isnan.default,9876
110,D,aten.any.default,14814
110,D,aten._local_scalar_dense.default,14814
110,D,aten.gt.Tensor,4938
110,D,aten.add.Tensor,2290
110,D,aten.full_like.default,7170
110,D,aten.nextafter.default,7170
110,D,aten.mul.Tensor,6272
110,D,aten.stack.default,1864
110,D,aten.min.dim,1864
110,D,aten.max.dim,1864
110,D,aten.zeros_like.default,576
110,D,aten.abs.default,2304
110,D,aten.minimum.default,576
110,D,aten.maximum.default,576
110,D,aten.le.Scalar,576
110,D,aten.ge.Scalar,576
110,D,aten.bitwise_and.Tensor,576
110,D,aten.pow.Tensor_Scalar,1744
110,D,aten.where.self,576
110,H,aten.add.Tensor,50
110,H,aten.full_like.default,90
110,H,aten.nextafter.default,90
110,H,aten.clone.default,136
110,H,aten.view.default,72
110,H,aten.isnan.default,68
110,H,aten.any.default,102
110,H,aten._local_scalar_dense.default,198
110,H,aten.gt.Tensor,34
110,H,aten.sub.Tensor,30
110,H,aten.detach.default,96
110,H,aten.lift_fresh.default,48
110,H,aten.abs.default,44
110,H,aten.ne.Scalar,44
110,H,aten.eq.Tensor,44
110,H,aten.mul.Tensor,68
110,F,aten.detach.default,116
110,F,aten._local_scalar_dense.default,132
110,G,aten.lift_fresh.default,29
110,G,aten.abs.default,130
110,G,aten.ne.Scalar,130
110,G,aten.eq.Tensor,130
110,G,aten.mul.Tensor,166
110,G,aten._local_scalar_dense.default,579
110,G,aten.all.default,152
110,G,aten.view.default,710
110,G,aten.stack.default,124
110,G,aten.sub.Tensor,33
110,G,aten.full_like.default,81
110,G,aten.nextafter.default,81
110,G,aten.le.Tensor,27
110,G,aten.ge.Tensor,12
110,G,aten.bitwise_and.Tensor,12
110,E,aten.detach.default,288
110,E,aten._local_scalar_dense.default,3026
110,G,aten.clone.default,224
110,G,aten.isnan.default,112
110,G,aten.any.default,170
110,G,aten.gt.Tensor,56
110,G,aten.min.dim,6
110,G,aten.max.dim,6
110,G,aten.zeros_like.default,4
110,G,aten.select.int,258
110,G,aten.slice.Tensor,24
110,G,aten.amin.default,4
110,G,aten.amax.default,4
110,G,aten.add.Tensor,32
110,G,aten.zeros.default,2
110,G,aten.detach.default,500
110,E,aten.zeros_like.default,797
110,E,aten.add.Tensor,1173
110,E,aten.clone.default,3366
110,E,aten.view.default,1615
110,E,aten.eq.Scalar,10
110,E,aten.all.default,201
110,E,aten.zeros.default,250
110,E,aten.isnan.default,1592
110,E,aten.any.default,2388
110,E,aten.gt.Tensor,796
110,E,aten.mul.Tensor,1495
110,E,aten.lift_fresh.default,314
110,E,aten.abs.default,497
110,E,aten.le.Tensor,191
110,E,aten.stack.default,115
110,E,aten.min.dim,115
110,E,aten.full_like.default,914
110,E,aten.nextafter.default,914
110,E,aten.max.dim,115
110,E,aten.sub.Tensor,308
110,E,aten.ne.Scalar,291
110,E,aten.eq.Tensor,291
110,D,aten.lift_fresh.default,357
110,E,aten.equal.default,16
110,H,aten.div.Tensor,2
110,F,aten.lift_fresh.default,66
110,F,aten.clone.default,20
110,F,aten.view.default,16
110,F,aten.eq.Scalar,8
110,F,aten.all.default,8
110,F,aten.neg.default,2
110,F,aten.abs.default,82
110,F,aten.ne.Scalar,54
110,F,aten.eq.Tensor,52
110,F,aten.mul.Tensor,52
110,F,aten.sub.Tensor,40
110,F,aten.full_like.default,6
110,F,aten.nextafter.default,6
110,F,aten.zeros.default,6
110,F,aten.max.default,30
110,G,aten.le.Scalar,2
110,G,aten.ge.Scalar,2
110,G,aten.reciprocal.default,4
110,F,aten.isnan.default,8
110,F,aten.any.default,14
110,F,aten.gt.Tensor,4
110,F,aten.ones.default,2
110,H,aten.eq.Scalar,4
110,H,aten.all.default,4
110,H,aten.zeros.default,8
110,H,aten.stack.default,6
110,H,aten.min.dim,6
110,H,aten.max.dim,6
