plant,mode,step,history_length,replays,phase,operation,dependency_fixed,category,exclusive_seconds,calls,step_seconds,instrumentation
brusselator,optimized,981,980,9,other,object_checks_and_small_tensors,False,python_objects_and_small_tensor_checks,0.0028347340412437916,107,1.6045062099583447,nested_function_timer
brusselator,optimized,981,980,9,candidate,object_checks_and_small_tensors,False,python_objects_and_small_tensor_checks,0.010285640135407448,458,1.6045062099583447,nested_function_timer
brusselator,optimized,981,980,9,candidate,polynomial_component,True,polynomial_multiply_truncate_range,0.0003697252832353115,36,1.6045062099583447,nested_function_timer
brusselator,optimized,981,980,9,candidate,interval_arithmetic,True,polynomial_multiply_truncate_range,0.020683688577264547,324,1.6045062099583447,nested_function_timer
brusselator,optimized,981,980,9,candidate,polynomial_mul_trunc,True,polynomial_multiply_truncate_range,0.11325050191953778,24,1.6045062099583447,nested_function_timer
brusselator,optimized,981,980,9,candidate,polynomial_range_bound,True,polynomial_multiply_truncate_range,0.05534567963331938,48,1.6045062099583447,nested_function_timer
brusselator,optimized,981,980,9,candidate,interval_arithmetic,False,candidate_construction_excluding_classified_polynomial_work,0.00705839553847909,234,1.6045062099583447,nested_function_timer
brusselator,optimized,981,980,9,candidate,polynomial_sub,True,polynomial_multiply_truncate_range,0.0001419447362422943,12,1.6045062099583447,nested_function_timer
brusselator,optimized,981,980,9,candidate,polynomial_add,True,polynomial_multiply_truncate_range,0.00014485977590084076,12,1.6045062099583447,nested_function_timer
brusselator,optimized,981,980,9,candidate,polynomial_integrate,True,polynomial_multiply_truncate_range,0.0077612572349607944,6,1.6045062099583447,nested_function_timer
brusselator,optimized,981,980,9,candidate,polynomial_apply_cutoff,True,polynomial_multiply_truncate_range,0.0070401630364358425,6,1.6045062099583447,nested_function_timer
brusselator,optimized,981,980,9,candidate,dense_polynomial_picard,False,candidate_construction_excluding_classified_polynomial_work,0.011514888145029545,1,1.6045062099583447,nested_function_timer
brusselator,optimized,981,980,9,other,interval_arithmetic,False,other_including_unclassified_python,0.001657090149819851,69,1.6045062099583447,nested_function_timer
brusselator,optimized,981,980,9,other,polynomial_component,True,polynomial_multiply_truncate_range,6.433064118027687e-05,6,1.6045062099583447,nested_function_timer
brusselator,optimized,981,980,9,other,interval_arithmetic,True,polynomial_multiply_truncate_range,0.003755745477974415,54,1.6045062099583447,nested_function_timer
brusselator,optimized,981,980,9,other,polynomial_mul_trunc,True,polynomial_multiply_truncate_range,0.017942029982805252,4,1.6045062099583447,nested_function_timer
brusselator,optimized,981,980,9,other,polynomial_range_bound,True,polynomial_multiply_truncate_range,0.012018267530947924,9,1.6045062099583447,nested_function_timer
brusselator,optimized,981,980,9,other,polynomial_sub,True,polynomial_multiply_truncate_range,3.406405448913574e-05,3,1.6045062099583447,nested_function_timer
brusselator,optimized,981,980,9,other,polynomial_add,True,polynomial_multiply_truncate_range,2.4582259356975555e-05,2,1.6045062099583447,nested_function_timer
brusselator,optimized,981,980,9,other,polynomial_integrate,True,polynomial_multiply_truncate_range,0.0013241921551525593,1,1.6045062099583447,nested_function_timer
brusselator,optimized,981,980,9,initial,polynomial_component,True,polynomial_multiply_truncate_range,9.052176028490067e-05,8,1.6045062099583447,nested_function_timer
brusselator,optimized,981,980,9,initial,object_checks_and_small_tensors,False,python_objects_and_small_tensor_checks,0.004210781771689653,152,1.6045062099583447,nested_function_timer
brusselator,optimized,981,980,9,initial,interval_arithmetic,True,polynomial_multiply_truncate_range,0.0072806174866855145,117,1.6045062099583447,nested_function_timer
brusselator,optimized,981,980,9,initial,polynomial_mul_trunc,True,polynomial_multiply_truncate_range,0.04917422169819474,8,1.6045062099583447,nested_function_timer
brusselator,optimized,981,980,9,initial,polynomial_range_bound,True,polynomial_multiply_truncate_range,0.019309140276163816,17,1.6045062099583447,nested_function_timer
brusselator,optimized,981,980,9,initial,interval_arithmetic,False,initial_remainder_excluding_classified_polynomial_work,0.0028011873364448547,109,1.6045062099583447,nested_function_timer
brusselator,optimized,981,980,9,initial,polynomial_apply_cutoff,True,polynomial_multiply_truncate_range,0.005945931654423475,5,1.6045062099583447,nested_function_timer
brusselator,optimized,981,980,9,initial,polynomial_sub,True,polynomial_multiply_truncate_range,5.849776789546013e-05,5,1.6045062099583447,nested_function_timer
brusselator,optimized,981,980,9,initial,polynomial_add,True,polynomial_multiply_truncate_range,3.318954259157181e-05,3,1.6045062099583447,nested_function_timer
brusselator,optimized,981,980,9,initial,polynomial_integrate,True,polynomial_multiply_truncate_range,0.0011967187747359276,1,1.6045062099583447,nested_function_timer
brusselator,optimized,981,980,9,initial,image,False,initial_remainder_excluding_classified_polynomial_work,0.0038532749749720097,1,1.6045062099583447,nested_function_timer
brusselator,optimized,981,980,9,replay,object_checks_and_small_tensors,False,python_objects_and_small_tensor_checks,0.03558232868090272,1278,1.6045062099583447,nested_function_timer
brusselator,optimized,981,980,9,replay,object_checks_and_small_tensors,True,refinement_fixed_preparation,0.00010089995339512825,4,1.6045062099583447,nested_function_timer
brusselator,optimized,981,980,9,replay,prepare_snapshot,True,refinement_fixed_preparation,0.0022373651154339314,1,1.6045062099583447,nested_function_timer
brusselator,optimized,981,980,9,replay,binding_checks,False,refinement_dynamic_and_dispatch,0.00013143522664904594,9,1.6045062099583447,nested_function_timer
brusselator,optimized,981,980,9,replay,polynomial_component,True,refinement_fixed_preparation,2.6260968297719955e-05,2,1.6045062099583447,nested_function_timer
brusselator,optimized,981,980,9,replay,cache_dispatch,False,refinement_dynamic_and_dispatch,0.0029655382968485355,387,1.6045062099583447,nested_function_timer
brusselator,optimized,981,980,9,replay,interval_arithmetic,True,refinement_fixed_preparation,0.004530563950538635,72,1.6045062099583447,nested_function_timer
brusselator,optimized,981,980,9,replay,polynomial_mul_trunc,True,refinement_fixed_preparation,0.02331916196271777,6,1.6045062099583447,nested_function_timer
brusselator,optimized,981,980,9,replay,polynomial_range_bound,True,refinement_fixed_preparation,0.007813220843672752,7,1.6045062099583447,nested_function_timer
brusselator,optimized,981,980,9,replay,interval_arithmetic,False,refinement_dynamic_and_dispatch,0.024416640866547823,981,1.6045062099583447,nested_function_timer
brusselator,optimized,981,980,9,replay,polynomial_apply_cutoff,True,refinement_fixed_preparation,0.0044637927785515785,4,1.6045062099583447,nested_function_timer
brusselator,optimized,981,980,9,replay,polynomial_sub,True,refinement_fixed_preparation,6.368802860379219e-05,5,1.6045062099583447,nested_function_timer
brusselator,optimized,981,980,9,replay,polynomial_add,True,refinement_fixed_preparation,4.455680027604103e-05,3,1.6045062099583447,nested_function_timer
brusselator,optimized,981,980,9,replay,prepare_graph,False,refinement_dynamic_and_dispatch,0.003180723637342453,2,1.6045062099583447,nested_function_timer
brusselator,optimized,981,980,9,replay,polynomial_integrate,True,refinement_fixed_preparation,0.0011898139491677284,1,1.6045062099583447,nested_function_timer
brusselator,optimized,981,980,9,replay,seal_storage,True,refinement_fixed_preparation,0.0002157837152481079,1,1.6045062099583447,nested_function_timer
brusselator,optimized,981,980,9,replay,image,False,refinement_dynamic_and_dispatch,0.022579902783036232,9,1.6045062099583447,nested_function_timer
brusselator,optimized,981,980,9,replay,_post_accept_refine_raw_remainder,False,refinement_dynamic_and_dispatch,0.0027121533639729023,1,1.6045062099583447,nested_function_timer
brusselator,optimized,981,980,9,boundary,endpoint_correction,False,boundary_and_endpoint_correction,0.015786563977599144,3,1.6045062099583447,nested_function_timer
brusselator,optimized,981,980,9,boundary,boundary,False,boundary_and_endpoint_correction,1.0555204120464623,1,1.6045062099583447,nested_function_timer
brusselator,optimized,981,980,9,other,unattributed,False,other_including_unclassified_python,0.030419539660215378,0,1.6045062099583447,nested_function_timer
brusselator,optimized,982,981,9,other,object_checks_and_small_tensors,False,python_objects_and_small_tensor_checks,0.0028087524697184563,107,1.5566072491928935,nested_function_timer
brusselator,optimized,982,981,9,candidate,object_checks_and_small_tensors,False,python_objects_and_small_tensor_checks,0.00992128485813737,458,1.5566072491928935,nested_function_timer
brusselator,optimized,982,981,9,candidate,polynomial_component,True,polynomial_multiply_truncate_range,0.00036530662328004837,36,1.5566072491928935,nested_function_timer
brusselator,optimized,982,981,9,candidate,interval_arithmetic,True,polynomial_multiply_truncate_range,0.019624522421509027,324,1.5566072491928935,nested_function_timer
brusselator,optimized,982,981,9,candidate,polynomial_mul_trunc,True,polynomial_multiply_truncate_range,0.0942740268073976,24,1.5566072491928935,nested_function_timer
brusselator,optimized,982,981,9,candidate,polynomial_range_bound,True,polynomial_multiply_truncate_range,0.05288216006010771,48,1.5566072491928935,nested_function_timer
brusselator,optimized,982,981,9,candidate,interval_arithmetic,False,candidate_construction_excluding_classified_polynomial_work,0.006756284739822149,234,1.5566072491928935,nested_function_timer
brusselator,optimized,982,981,9,candidate,polynomial_sub,True,polynomial_multiply_truncate_range,0.00014254683628678322,12,1.5566072491928935,nested_function_timer
brusselator,optimized,982,981,9,candidate,polynomial_add,True,polynomial_multiply_truncate_range,0.0001431060954928398,12,1.5566072491928935,nested_function_timer
brusselator,optimized,982,981,9,candidate,polynomial_integrate,True,polynomial_multiply_truncate_range,0.007068956270813942,6,1.5566072491928935,nested_function_timer
brusselator,optimized,982,981,9,candidate,polynomial_apply_cutoff,True,polynomial_multiply_truncate_range,0.006754303816705942,6,1.5566072491928935,nested_function_timer
brusselator,optimized,982,981,9,candidate,dense_polynomial_picard,False,candidate_construction_excluding_classified_polynomial_work,0.01111840270459652,1,1.5566072491928935,nested_function_timer
brusselator,optimized,982,981,9,other,interval_arithmetic,False,other_including_unclassified_python,0.0016109277494251728,69,1.5566072491928935,nested_function_timer
brusselator,optimized,982,981,9,other,polynomial_component,True,polynomial_multiply_truncate_range,6.53914175927639e-05,6,1.5566072491928935,nested_function_timer
brusselator,optimized,982,981,9,other,interval_arithmetic,True,polynomial_multiply_truncate_range,0.0032076160423457623,54,1.5566072491928935,nested_function_timer
brusselator,optimized,982,981,9,other,polynomial_mul_trunc,True,polynomial_multiply_truncate_range,0.01551584480330348,4,1.5566072491928935,nested_function_timer
brusselator,optimized,982,981,9,other,polynomial_range_bound,True,polynomial_multiply_truncate_range,0.009812657255679369,9,1.5566072491928935,nested_function_timer
brusselator,optimized,982,981,9,other,polynomial_sub,True,polynomial_multiply_truncate_range,4.014885053038597e-05,3,1.5566072491928935,nested_function_timer
brusselator,optimized,982,981,9,other,polynomial_add,True,polynomial_multiply_truncate_range,4.1849445551633835e-05,2,1.5566072491928935,nested_function_timer
brusselator,optimized,982,981,9,other,polynomial_integrate,True,polynomial_multiply_truncate_range,0.0012367293238639832,1,1.5566072491928935,nested_function_timer
brusselator,optimized,982,981,9,initial,polynomial_component,True,polynomial_multiply_truncate_range,8.157733827829361e-05,8,1.5566072491928935,nested_function_timer
brusselator,optimized,982,981,9,initial,object_checks_and_small_tensors,False,python_objects_and_small_tensor_checks,0.004298115149140358,152,1.5566072491928935,nested_function_timer
brusselator,optimized,982,981,9,initial,interval_arithmetic,True,polynomial_multiply_truncate_range,0.007358501199632883,117,1.5566072491928935,nested_function_timer
brusselator,optimized,982,981,9,initial,polynomial_mul_trunc,True,polynomial_multiply_truncate_range,0.03141814423725009,8,1.5566072491928935,nested_function_timer
brusselator,optimized,982,981,9,initial,polynomial_range_bound,True,polynomial_multiply_truncate_range,0.018891837913542986,17,1.5566072491928935,nested_function_timer
brusselator,optimized,982,981,9,initial,interval_arithmetic,False,initial_remainder_excluding_classified_polynomial_work,0.002792146522551775,109,1.5566072491928935,nested_function_timer
brusselator,optimized,982,981,9,initial,polynomial_apply_cutoff,True,polynomial_multiply_truncate_range,0.0058112433180212975,5,1.5566072491928935,nested_function_timer
brusselator,optimized,982,981,9,initial,polynomial_sub,True,polynomial_multiply_truncate_range,6.001396104693413e-05,5,1.5566072491928935,nested_function_timer
brusselator,optimized,982,981,9,initial,polynomial_add,True,polynomial_multiply_truncate_range,3.4712255001068115e-05,3,1.5566072491928935,nested_function_timer
brusselator,optimized,982,981,9,initial,polynomial_integrate,True,polynomial_multiply_truncate_range,0.0012574773281812668,1,1.5566072491928935,nested_function_timer
brusselator,optimized,982,981,9,initial,image,False,initial_remainder_excluding_classified_polynomial_work,0.00387805188074708,1,1.5566072491928935,nested_function_timer
brusselator,optimized,982,981,9,replay,object_checks_and_small_tensors,False,python_objects_and_small_tensor_checks,0.035090083722025156,1278,1.5566072491928935,nested_function_timer
brusselator,optimized,982,981,9,replay,object_checks_and_small_tensors,True,refinement_fixed_preparation,9.586010128259659e-05,4,1.5566072491928935,nested_function_timer
brusselator,optimized,982,981,9,replay,prepare_snapshot,True,refinement_fixed_preparation,0.001995414961129427,1,1.5566072491928935,nested_function_timer
brusselator,optimized,982,981,9,replay,binding_checks,False,refinement_dynamic_and_dispatch,0.00011985236778855324,9,1.5566072491928935,nested_function_timer
brusselator,optimized,982,981,9,replay,polynomial_component,True,refinement_fixed_preparation,2.4470500648021698e-05,2,1.5566072491928935,nested_function_timer
brusselator,optimized,982,981,9,replay,cache_dispatch,False,refinement_dynamic_and_dispatch,0.0028653740882873535,387,1.5566072491928935,nested_function_timer
brusselator,optimized,982,981,9,replay,interval_arithmetic,True,refinement_fixed_preparation,0.004616532474756241,72,1.5566072491928935,nested_function_timer
brusselator,optimized,982,981,9,replay,polynomial_mul_trunc,True,refinement_fixed_preparation,0.02358589880168438,6,1.5566072491928935,nested_function_timer
brusselator,optimized,982,981,9,replay,polynomial_range_bound,True,refinement_fixed_preparation,0.007822112645953894,7,1.5566072491928935,nested_function_timer
brusselator,optimized,982,981,9,replay,interval_arithmetic,False,refinement_dynamic_and_dispatch,0.024125114548951387,981,1.5566072491928935,nested_function_timer
brusselator,optimized,982,981,9,replay,polynomial_apply_cutoff,True,refinement_fixed_preparation,0.004604818299412727,4,1.5566072491928935,nested_function_timer
brusselator,optimized,982,981,9,replay,polynomial_sub,True,refinement_fixed_preparation,6.362888962030411e-05,5,1.5566072491928935,nested_function_timer
brusselator,optimized,982,981,9,replay,polynomial_add,True,refinement_fixed_preparation,3.6621466279029846e-05,3,1.5566072491928935,nested_function_timer
brusselator,optimized,982,981,9,replay,prepare_graph,False,refinement_dynamic_and_dispatch,0.003209756687283516,2,1.5566072491928935,nested_function_timer
brusselator,optimized,982,981,9,replay,polynomial_integrate,True,refinement_fixed_preparation,0.0013114046305418015,1,1.5566072491928935,nested_function_timer
brusselator,optimized,982,981,9,replay,seal_storage,True,refinement_fixed_preparation,0.0002324134111404419,1,1.5566072491928935,nested_function_timer
brusselator,optimized,982,981,9,replay,image,False,refinement_dynamic_and_dispatch,0.02198671130463481,9,1.5566072491928935,nested_function_timer
brusselator,optimized,982,981,9,replay,_post_accept_refine_raw_remainder,False,refinement_dynamic_and_dispatch,0.0020713238045573235,1,1.5566072491928935,nested_function_timer
brusselator,optimized,982,981,9,boundary,endpoint_correction,False,boundary_and_endpoint_correction,0.01483793230727315,3,1.5566072491928935,nested_function_timer
brusselator,optimized,982,981,9,boundary,boundary,False,boundary_and_endpoint_correction,1.0686999619938433,1,1.5566072491928935,nested_function_timer
brusselator,optimized,982,981,9,other,unattributed,False,other_including_unclassified_python,0.019939322490245104,0,1.5566072491928935,nested_function_timer
brusselator,optimized,983,982,9,other,object_checks_and_small_tensors,False,python_objects_and_small_tensor_checks,0.002727196551859379,107,1.5526284351944923,nested_function_timer
brusselator,optimized,983,982,9,candidate,object_checks_and_small_tensors,False,python_objects_and_small_tensor_checks,0.009997507557272911,458,1.5526284351944923,nested_function_timer
brusselator,optimized,983,982,9,candidate,polynomial_component,True,polynomial_multiply_truncate_range,0.0003753085620701313,36,1.5526284351944923,nested_function_timer
brusselator,optimized,983,982,9,candidate,interval_arithmetic,True,polynomial_multiply_truncate_range,0.01978418929502368,324,1.5526284351944923,nested_function_timer
brusselator,optimized,983,982,9,candidate,polynomial_mul_trunc,True,polynomial_multiply_truncate_range,0.09390682587400079,24,1.5526284351944923,nested_function_timer
brusselator,optimized,983,982,9,candidate,polynomial_range_bound,True,polynomial_multiply_truncate_range,0.05367337027564645,48,1.5526284351944923,nested_function_timer
brusselator,optimized,983,982,9,candidate,interval_arithmetic,False,candidate_construction_excluding_classified_polynomial_work,0.006860958877950907,234,1.5526284351944923,nested_function_timer
brusselator,optimized,983,982,9,candidate,polynomial_sub,True,polynomial_multiply_truncate_range,0.000160174909979105,12,1.5526284351944923,nested_function_timer
brusselator,optimized,983,982,9,candidate,polynomial_add,True,polynomial_multiply_truncate_range,0.00014428608119487762,12,1.5526284351944923,nested_function_timer
brusselator,optimized,983,982,9,candidate,polynomial_integrate,True,polynomial_multiply_truncate_range,0.007527937646955252,6,1.5526284351944923,nested_function_timer
brusselator,optimized,983,982,9,candidate,polynomial_apply_cutoff,True,polynomial_multiply_truncate_range,0.006754173431545496,6,1.5526284351944923,nested_function_timer
brusselator,optimized,983,982,9,candidate,dense_polynomial_picard,False,candidate_construction_excluding_classified_polynomial_work,0.011160616762936115,1,1.5526284351944923,nested_function_timer
brusselator,optimized,983,982,9,other,interval_arithmetic,False,other_including_unclassified_python,0.0015932884998619556,69,1.5526284351944923,nested_function_timer
brusselator,optimized,983,982,9,other,polynomial_component,True,polynomial_multiply_truncate_range,6.187986582517624e-05,6,1.5526284351944923,nested_function_timer
brusselator,optimized,983,982,9,other,interval_arithmetic,True,polynomial_multiply_truncate_range,0.003245186060667038,54,1.5526284351944923,nested_function_timer
brusselator,optimized,983,982,9,other,polynomial_mul_trunc,True,polynomial_multiply_truncate_range,0.015345960389822721,4,1.5526284351944923,nested_function_timer
brusselator,optimized,983,982,9,other,polynomial_range_bound,True,polynomial_multiply_truncate_range,0.009905727580189705,9,1.5526284351944923,nested_function_timer
brusselator,optimized,983,982,9,other,polynomial_sub,True,polynomial_multiply_truncate_range,3.371667116880417e-05,3,1.5526284351944923,nested_function_timer
brusselator,optimized,983,982,9,other,polynomial_add,True,polynomial_multiply_truncate_range,2.381904050707817e-05,2,1.5526284351944923,nested_function_timer
brusselator,optimized,983,982,9,other,polynomial_integrate,True,polynomial_multiply_truncate_range,0.0012880591675639153,1,1.5526284351944923,nested_function_timer
brusselator,optimized,983,982,9,initial,polynomial_component,True,polynomial_multiply_truncate_range,8.469028398394585e-05,8,1.5526284351944923,nested_function_timer
brusselator,optimized,983,982,9,initial,object_checks_and_small_tensors,False,python_objects_and_small_tensor_checks,0.0041819047182798386,152,1.5526284351944923,nested_function_timer
brusselator,optimized,983,982,9,initial,interval_arithmetic,True,polynomial_multiply_truncate_range,0.0070175002329051495,117,1.5526284351944923,nested_function_timer
brusselator,optimized,983,982,9,initial,polynomial_mul_trunc,True,polynomial_multiply_truncate_range,0.03161813830956817,8,1.5526284351944923,nested_function_timer
brusselator,optimized,983,982,9,initial,polynomial_range_bound,True,polynomial_multiply_truncate_range,0.018620825372636318,17,1.5526284351944923,nested_function_timer
brusselator,optimized,983,982,9,initial,interval_arithmetic,False,initial_remainder_excluding_classified_polynomial_work,0.0027630175463855267,109,1.5526284351944923,nested_function_timer
brusselator,optimized,983,982,9,initial,polynomial_apply_cutoff,True,polynomial_multiply_truncate_range,0.00560125382617116,5,1.5526284351944923,nested_function_timer
brusselator,optimized,983,982,9,initial,polynomial_sub,True,polynomial_multiply_truncate_range,5.9503596276044846e-05,5,1.5526284351944923,nested_function_timer
brusselator,optimized,983,982,9,initial,polynomial_add,True,polynomial_multiply_truncate_range,3.411993384361267e-05,3,1.5526284351944923,nested_function_timer
brusselator,optimized,983,982,9,initial,polynomial_integrate,True,polynomial_multiply_truncate_range,0.0011703516356647015,1,1.5526284351944923,nested_function_timer
brusselator,optimized,983,982,9,initial,image,False,initial_remainder_excluding_classified_polynomial_work,0.0038441475480794907,1,1.5526284351944923,nested_function_timer
brusselator,optimized,983,982,9,replay,object_checks_and_small_tensors,False,python_objects_and_small_tensor_checks,0.03516453457996249,1278,1.5526284351944923,nested_function_timer
brusselator,optimized,983,982,9,replay,object_checks_and_small_tensors,True,refinement_fixed_preparation,0.00010423315688967705,4,1.5526284351944923,nested_function_timer
brusselator,optimized,983,982,9,replay,prepare_snapshot,True,refinement_fixed_preparation,0.002025885973125696,1,1.5526284351944923,nested_function_timer
brusselator,optimized,983,982,9,replay,binding_checks,False,refinement_dynamic_and_dispatch,0.0001124255359172821,9,1.5526284351944923,nested_function_timer
brusselator,optimized,983,982,9,replay,polynomial_component,True,refinement_fixed_preparation,2.5537796318531036e-05,2,1.5526284351944923,nested_function_timer
brusselator,optimized,983,982,9,replay,cache_dispatch,False,refinement_dynamic_and_dispatch,0.002839075867086649,387,1.5526284351944923,nested_function_timer
brusselator,optimized,983,982,9,replay,interval_arithmetic,True,refinement_fixed_preparation,0.004568713717162609,72,1.5526284351944923,nested_function_timer
brusselator,optimized,983,982,9,replay,polynomial_mul_trunc,True,refinement_fixed_preparation,0.023644196335226297,6,1.5526284351944923,nested_function_timer
brusselator,optimized,983,982,9,replay,polynomial_range_bound,True,refinement_fixed_preparation,0.007704181596636772,7,1.5526284351944923,nested_function_timer
brusselator,optimized,983,982,9,replay,interval_arithmetic,False,refinement_dynamic_and_dispatch,0.0240477598272264,981,1.5526284351944923,nested_function_timer
brusselator,optimized,983,982,9,replay,polynomial_apply_cutoff,True,refinement_fixed_preparation,0.0044808415696024895,4,1.5526284351944923,nested_function_timer
brusselator,optimized,983,982,9,replay,polynomial_sub,True,refinement_fixed_preparation,6.222724914550781e-05,5,1.5526284351944923,nested_function_timer
brusselator,optimized,983,982,9,replay,polynomial_add,True,refinement_fixed_preparation,3.633089363574982e-05,3,1.5526284351944923,nested_function_timer
brusselator,optimized,983,982,9,replay,prepare_graph,False,refinement_dynamic_and_dispatch,0.0030546821653842926,2,1.5526284351944923,nested_function_timer
brusselator,optimized,983,982,9,replay,polynomial_integrate,True,refinement_fixed_preparation,0.0011799060739576817,1,1.5526284351944923,nested_function_timer
brusselator,optimized,983,982,9,replay,seal_storage,True,refinement_fixed_preparation,0.00020413333550095558,1,1.5526284351944923,nested_function_timer
brusselator,optimized,983,982,9,replay,image,False,refinement_dynamic_and_dispatch,0.021993675269186497,9,1.5526284351944923,nested_function_timer
brusselator,optimized,983,982,9,replay,_post_accept_refine_raw_remainder,False,refinement_dynamic_and_dispatch,0.002050735056400299,1,1.5526284351944923,nested_function_timer
brusselator,optimized,983,982,9,boundary,endpoint_correction,False,boundary_and_endpoint_correction,0.014469532296061516,3,1.5526284351944923,nested_function_timer
brusselator,optimized,983,982,9,boundary,boundary,False,boundary_and_endpoint_correction,1.065905585885048,1,1.5526284351944923,nested_function_timer
brusselator,optimized,983,982,9,other,unattributed,False,other_including_unclassified_python,0.019388604909181595,0,1.5526284351944923,nested_function_timer
brusselator,optimized,984,983,9,other,object_checks_and_small_tensors,False,python_objects_and_small_tensor_checks,0.0026396578177809715,107,1.5537759722210467,nested_function_timer
brusselator,optimized,984,983,9,candidate,object_checks_and_small_tensors,False,python_objects_and_small_tensor_checks,0.00988919660449028,458,1.5537759722210467,nested_function_timer
brusselator,optimized,984,983,9,candidate,polynomial_component,True,polynomial_multiply_truncate_range,0.00036141229793429375,36,1.5537759722210467,nested_function_timer
brusselator,optimized,984,983,9,candidate,interval_arithmetic,True,polynomial_multiply_truncate_range,0.01960902800783515,324,1.5537759722210467,nested_function_timer
brusselator,optimized,984,983,9,candidate,polynomial_mul_trunc,True,polynomial_multiply_truncate_range,0.09409864246845245,24,1.5537759722210467,nested_function_timer
brusselator,optimized,984,983,9,candidate,polynomial_range_bound,True,polynomial_multiply_truncate_range,0.05312967346981168,48,1.5537759722210467,nested_function_timer
brusselator,optimized,984,983,9,candidate,interval_arithmetic,False,candidate_construction_excluding_classified_polynomial_work,0.006736183539032936,234,1.5537759722210467,nested_function_timer
brusselator,optimized,984,983,9,candidate,polynomial_sub,True,polynomial_multiply_truncate_range,0.00014062412083148956,12,1.5537759722210467,nested_function_timer
brusselator,optimized,984,983,9,candidate,polynomial_add,True,polynomial_multiply_truncate_range,0.00014522718265652657,12,1.5537759722210467,nested_function_timer
brusselator,optimized,984,983,9,candidate,polynomial_integrate,True,polynomial_multiply_truncate_range,0.00706425542011857,6,1.5537759722210467,nested_function_timer
brusselator,optimized,984,983,9,candidate,polynomial_apply_cutoff,True,polynomial_multiply_truncate_range,0.006750019732862711,6,1.5537759722210467,nested_function_timer
brusselator,optimized,984,983,9,candidate,dense_polynomial_picard,False,candidate_construction_excluding_classified_polynomial_work,0.01099304435774684,1,1.5537759722210467,nested_function_timer
brusselator,optimized,984,983,9,other,interval_arithmetic,False,other_including_unclassified_python,0.0015221941284835339,69,1.5537759722210467,nested_function_timer
brusselator,optimized,984,983,9,other,polynomial_component,True,polynomial_multiply_truncate_range,6.0863327234983444e-05,6,1.5537759722210467,nested_function_timer
brusselator,optimized,984,983,9,other,interval_arithmetic,True,polynomial_multiply_truncate_range,0.0033237701281905174,54,1.5537759722210467,nested_function_timer
brusselator,optimized,984,983,9,other,polynomial_mul_trunc,True,polynomial_multiply_truncate_range,0.01584233669564128,4,1.5537759722210467,nested_function_timer
brusselator,optimized,984,983,9,other,polynomial_range_bound,True,polynomial_multiply_truncate_range,0.01056742761284113,9,1.5537759722210467,nested_function_timer
brusselator,optimized,984,983,9,other,polynomial_sub,True,polynomial_multiply_truncate_range,3.268476575613022e-05,3,1.5537759722210467,nested_function_timer
brusselator,optimized,984,983,9,other,polynomial_add,True,polynomial_multiply_truncate_range,2.332264557480812e-05,2,1.5537759722210467,nested_function_timer
brusselator,optimized,984,983,9,other,polynomial_integrate,True,polynomial_multiply_truncate_range,0.0011592372320592403,1,1.5537759722210467,nested_function_timer
brusselator,optimized,984,983,9,initial,polynomial_component,True,polynomial_multiply_truncate_range,8.296733722090721e-05,8,1.5537759722210467,nested_function_timer
brusselator,optimized,984,983,9,initial,object_checks_and_small_tensors,False,python_objects_and_small_tensor_checks,0.004186631180346012,152,1.5537759722210467,nested_function_timer
brusselator,optimized,984,983,9,initial,interval_arithmetic,True,polynomial_multiply_truncate_range,0.007029360625892878,117,1.5537759722210467,nested_function_timer
brusselator,optimized,984,983,9,initial,polynomial_mul_trunc,True,polynomial_multiply_truncate_range,0.031083015259355307,8,1.5537759722210467,nested_function_timer
brusselator,optimized,984,983,9,initial,polynomial_range_bound,True,polynomial_multiply_truncate_range,0.018720689229667187,17,1.5537759722210467,nested_function_timer
brusselator,optimized,984,983,9,initial,interval_arithmetic,False,initial_remainder_excluding_classified_polynomial_work,0.0027474770322442055,109,1.5537759722210467,nested_function_timer
brusselator,optimized,984,983,9,initial,polynomial_apply_cutoff,True,polynomial_multiply_truncate_range,0.0056586614809930325,5,1.5537759722210467,nested_function_timer
brusselator,optimized,984,983,9,initial,polynomial_sub,True,polynomial_multiply_truncate_range,6.0181133449077606e-05,5,1.5537759722210467,nested_function_timer
brusselator,optimized,984,983,9,initial,polynomial_add,True,polynomial_multiply_truncate_range,3.4357886761426926e-05,3,1.5537759722210467,nested_function_timer
brusselator,optimized,984,983,9,initial,polynomial_integrate,True,polynomial_multiply_truncate_range,0.0011986540630459785,1,1.5537759722210467,nested_function_timer
brusselator,optimized,984,983,9,initial,image,False,initial_remainder_excluding_classified_polynomial_work,0.003786258865147829,1,1.5537759722210467,nested_function_timer
brusselator,optimized,984,983,9,replay,object_checks_and_small_tensors,False,python_objects_and_small_tensor_checks,0.03503165580332279,1278,1.5537759722210467,nested_function_timer
brusselator,optimized,984,983,9,replay,object_checks_and_small_tensors,True,refinement_fixed_preparation,9.729014709591866e-05,4,1.5537759722210467,nested_function_timer
brusselator,optimized,984,983,9,replay,prepare_snapshot,True,refinement_fixed_preparation,0.002063114196062088,1,1.5537759722210467,nested_function_timer
brusselator,optimized,984,983,9,replay,binding_checks,False,refinement_dynamic_and_dispatch,0.00011665001511573792,9,1.5537759722210467,nested_function_timer
brusselator,optimized,984,983,9,replay,polynomial_component,True,refinement_fixed_preparation,2.5569461286067963e-05,2,1.5537759722210467,nested_function_timer
brusselator,optimized,984,983,9,replay,cache_dispatch,False,refinement_dynamic_and_dispatch,0.0028510955162346363,387,1.5537759722210467,nested_function_timer
brusselator,optimized,984,983,9,replay,interval_arithmetic,True,refinement_fixed_preparation,0.004589427262544632,72,1.5537759722210467,nested_function_timer
brusselator,optimized,984,983,9,replay,polynomial_mul_trunc,True,refinement_fixed_preparation,0.02390944678336382,6,1.5537759722210467,nested_function_timer
brusselator,optimized,984,983,9,replay,polynomial_range_bound,True,refinement_fixed_preparation,0.0077757141552865505,7,1.5537759722210467,nested_function_timer
brusselator,optimized,984,983,9,replay,interval_arithmetic,False,refinement_dynamic_and_dispatch,0.02418615249916911,981,1.5537759722210467,nested_function_timer
brusselator,optimized,984,983,9,replay,polynomial_apply_cutoff,True,refinement_fixed_preparation,0.004480023868381977,4,1.5537759722210467,nested_function_timer
brusselator,optimized,984,983,9,replay,polynomial_sub,True,refinement_fixed_preparation,6.119580939412117e-05,5,1.5537759722210467,nested_function_timer
brusselator,optimized,984,983,9,replay,polynomial_add,True,refinement_fixed_preparation,3.527337685227394e-05,3,1.5537759722210467,nested_function_timer
brusselator,optimized,984,983,9,replay,prepare_graph,False,refinement_dynamic_and_dispatch,0.003056071698665619,2,1.5537759722210467,nested_function_timer
brusselator,optimized,984,983,9,replay,polynomial_integrate,True,refinement_fixed_preparation,0.0011800331994891167,1,1.5537759722210467,nested_function_timer
brusselator,optimized,984,983,9,replay,seal_storage,True,refinement_fixed_preparation,0.0002124081365764141,1,1.5537759722210467,nested_function_timer
brusselator,optimized,984,983,9,replay,image,False,refinement_dynamic_and_dispatch,0.02221151813864708,9,1.5537759722210467,nested_function_timer
brusselator,optimized,984,983,9,replay,_post_accept_refine_raw_remainder,False,refinement_dynamic_and_dispatch,0.002068412024527788,1,1.5537759722210467,nested_function_timer
brusselator,optimized,984,983,9,boundary,endpoint_correction,False,boundary_and_endpoint_correction,0.01464387634769082,3,1.5537759722210467,nested_function_timer
brusselator,optimized,984,983,9,boundary,boundary,False,boundary_and_endpoint_correction,1.0671113980934024,1,1.5537759722210467,nested_function_timer
brusselator,optimized,984,983,9,other,unattributed,False,other_including_unclassified_python,0.019392590038478374,0,1.5537759722210467,nested_function_timer
brusselator,optimized,985,984,9,other,object_checks_and_small_tensors,False,python_objects_and_small_tensor_checks,0.0026377998292446136,107,1.5086747528985143,nested_function_timer
brusselator,optimized,985,984,9,candidate,object_checks_and_small_tensors,False,python_objects_and_small_tensor_checks,0.00994261959567666,458,1.5086747528985143,nested_function_timer
brusselator,optimized,985,984,9,candidate,polynomial_component,True,polynomial_multiply_truncate_range,0.0003660181537270546,36,1.5086747528985143,nested_function_timer
brusselator,optimized,985,984,9,candidate,interval_arithmetic,True,polynomial_multiply_truncate_range,0.019686810206621885,324,1.5086747528985143,nested_function_timer
brusselator,optimized,985,984,9,candidate,polynomial_mul_trunc,True,polynomial_multiply_truncate_range,0.09432899625971913,24,1.5086747528985143,nested_function_timer
brusselator,optimized,985,984,9,candidate,polynomial_range_bound,True,polynomial_multiply_truncate_range,0.05349616380408406,48,1.5086747528985143,nested_function_timer
brusselator,optimized,985,984,9,candidate,interval_arithmetic,False,candidate_construction_excluding_classified_polynomial_work,0.006734479684382677,234,1.5086747528985143,nested_function_timer
brusselator,optimized,985,984,9,candidate,polynomial_sub,True,polynomial_multiply_truncate_range,0.00014129048213362694,12,1.5086747528985143,nested_function_timer
brusselator,optimized,985,984,9,candidate,polynomial_add,True,polynomial_multiply_truncate_range,0.00014450354501605034,12,1.5086747528985143,nested_function_timer
brusselator,optimized,985,984,9,candidate,polynomial_integrate,True,polynomial_multiply_truncate_range,0.0070825121365487576,6,1.5086747528985143,nested_function_timer
brusselator,optimized,985,984,9,candidate,polynomial_apply_cutoff,True,polynomial_multiply_truncate_range,0.006765874568372965,6,1.5086747528985143,nested_function_timer
brusselator,optimized,985,984,9,candidate,dense_polynomial_picard,False,candidate_construction_excluding_classified_polynomial_work,0.011084336787462234,1,1.5086747528985143,nested_function_timer
brusselator,optimized,985,984,9,other,interval_arithmetic,False,other_including_unclassified_python,0.0015084948390722275,69,1.5086747528985143,nested_function_timer
brusselator,optimized,985,984,9,other,polynomial_component,True,polynomial_multiply_truncate_range,6.267009302973747e-05,6,1.5086747528985143,nested_function_timer
brusselator,optimized,985,984,9,other,interval_arithmetic,True,polynomial_multiply_truncate_range,0.0032550161704421043,54,1.5086747528985143,nested_function_timer
brusselator,optimized,985,984,9,other,polynomial_mul_trunc,True,polynomial_multiply_truncate_range,0.015648506581783295,4,1.5086747528985143,nested_function_timer
brusselator,optimized,985,984,9,other,polynomial_range_bound,True,polynomial_multiply_truncate_range,0.009926659055054188,9,1.5086747528985143,nested_function_timer
brusselator,optimized,985,984,9,other,polynomial_sub,True,polynomial_multiply_truncate_range,3.289477899670601e-05,3,1.5086747528985143,nested_function_timer
brusselator,optimized,985,984,9,other,polynomial_add,True,polynomial_multiply_truncate_range,2.471916377544403e-05,2,1.5086747528985143,nested_function_timer
brusselator,optimized,985,984,9,other,polynomial_integrate,True,polynomial_multiply_truncate_range,0.001191258430480957,1,1.5086747528985143,nested_function_timer
brusselator,optimized,985,984,9,initial,polynomial_component,True,polynomial_multiply_truncate_range,9.549641981720924e-05,8,1.5086747528985143,nested_function_timer
brusselator,optimized,985,984,9,initial,object_checks_and_small_tensors,False,python_objects_and_small_tensor_checks,0.004380097147077322,152,1.5086747528985143,nested_function_timer
brusselator,optimized,985,984,9,initial,interval_arithmetic,True,polynomial_multiply_truncate_range,0.00727047398686409,117,1.5086747528985143,nested_function_timer
brusselator,optimized,985,984,9,initial,polynomial_mul_trunc,True,polynomial_multiply_truncate_range,0.0320582389831543,8,1.5086747528985143,nested_function_timer
brusselator,optimized,985,984,9,initial,polynomial_range_bound,True,polynomial_multiply_truncate_range,0.019753155764192343,17,1.5086747528985143,nested_function_timer
brusselator,optimized,985,984,9,initial,interval_arithmetic,False,initial_remainder_excluding_classified_polynomial_work,0.002842928282916546,109,1.5086747528985143,nested_function_timer
brusselator,optimized,985,984,9,initial,polynomial_apply_cutoff,True,polynomial_multiply_truncate_range,0.005742636509239674,5,1.5086747528985143,nested_function_timer
brusselator,optimized,985,984,9,initial,polynomial_sub,True,polynomial_multiply_truncate_range,6.0788821429014206e-05,5,1.5086747528985143,nested_function_timer
brusselator,optimized,985,984,9,initial,polynomial_add,True,polynomial_multiply_truncate_range,3.53492796421051e-05,3,1.5086747528985143,nested_function_timer
brusselator,optimized,985,984,9,initial,polynomial_integrate,True,polynomial_multiply_truncate_range,0.0012037642300128937,1,1.5086747528985143,nested_function_timer
brusselator,optimized,985,984,9,initial,image,False,initial_remainder_excluding_classified_polynomial_work,0.003908101003617048,1,1.5086747528985143,nested_function_timer
brusselator,optimized,985,984,9,replay,object_checks_and_small_tensors,False,python_objects_and_small_tensor_checks,0.03807843662798405,1278,1.5086747528985143,nested_function_timer
brusselator,optimized,985,984,9,replay,object_checks_and_small_tensors,True,refinement_fixed_preparation,0.00010084826499223709,4,1.5086747528985143,nested_function_timer
brusselator,optimized,985,984,9,replay,prepare_snapshot,True,refinement_fixed_preparation,0.002127606887370348,1,1.5086747528985143,nested_function_timer
brusselator,optimized,985,984,9,replay,binding_checks,False,refinement_dynamic_and_dispatch,0.00012227054685354233,9,1.5086747528985143,nested_function_timer
brusselator,optimized,985,984,9,replay,polynomial_component,True,refinement_fixed_preparation,2.6721041649580002e-05,2,1.5086747528985143,nested_function_timer
brusselator,optimized,985,984,9,replay,cache_dispatch,False,refinement_dynamic_and_dispatch,0.003115876577794552,387,1.5086747528985143,nested_function_timer
brusselator,optimized,985,984,9,replay,interval_arithmetic,True,refinement_fixed_preparation,0.005288375541567802,72,1.5086747528985143,nested_function_timer
brusselator,optimized,985,984,9,replay,polynomial_mul_trunc,True,refinement_fixed_preparation,0.027572395280003548,6,1.5086747528985143,nested_function_timer
brusselator,optimized,985,984,9,replay,polynomial_range_bound,True,refinement_fixed_preparation,0.009238244500011206,7,1.5086747528985143,nested_function_timer
brusselator,optimized,985,984,9,replay,interval_arithmetic,False,refinement_dynamic_and_dispatch,0.02614869736135006,981,1.5086747528985143,nested_function_timer
brusselator,optimized,985,984,9,replay,polynomial_apply_cutoff,True,refinement_fixed_preparation,0.005540836602449417,4,1.5086747528985143,nested_function_timer
brusselator,optimized,985,984,9,replay,polynomial_sub,True,refinement_fixed_preparation,7.019564509391785e-05,5,1.5086747528985143,nested_function_timer
brusselator,optimized,985,984,9,replay,polynomial_add,True,refinement_fixed_preparation,4.305364564061165e-05,3,1.5086747528985143,nested_function_timer
brusselator,optimized,985,984,9,replay,prepare_graph,False,refinement_dynamic_and_dispatch,0.0035847416147589684,2,1.5086747528985143,nested_function_timer
brusselator,optimized,985,984,9,replay,polynomial_integrate,True,refinement_fixed_preparation,0.0013154307380318642,1,1.5086747528985143,nested_function_timer
brusselator,optimized,985,984,9,replay,seal_storage,True,refinement_fixed_preparation,0.0002866550348699093,1,1.5086747528985143,nested_function_timer
brusselator,optimized,985,984,9,replay,image,False,refinement_dynamic_and_dispatch,0.023739435710012913,9,1.5086747528985143,nested_function_timer
brusselator,optimized,985,984,9,replay,_post_accept_refine_raw_remainder,False,refinement_dynamic_and_dispatch,0.0022228723391890526,1,1.5086747528985143,nested_function_timer
brusselator,optimized,985,984,9,boundary,endpoint_correction,False,boundary_and_endpoint_correction,0.014444523025304079,3,1.5086747528985143,nested_function_timer
brusselator,optimized,985,984,9,boundary,boundary,False,boundary_and_endpoint_correction,1.004463355988264,1,1.5086747528985143,nested_function_timer
brusselator,optimized,985,984,9,other,unattributed,False,other_including_unclassified_python,0.01973152533173561,0,1.5086747528985143,nested_function_timer
brusselator,optimized,986,985,9,other,object_checks_and_small_tensors,False,python_objects_and_small_tensor_checks,0.0026462641544640064,107,1.5577812558040023,nested_function_timer
brusselator,optimized,986,985,9,candidate,object_checks_and_small_tensors,False,python_objects_and_small_tensor_checks,0.010021669324487448,458,1.5577812558040023,nested_function_timer
brusselator,optimized,986,985,9,candidate,polynomial_component,True,polynomial_multiply_truncate_range,0.0003664223477244377,36,1.5577812558040023,nested_function_timer
brusselator,optimized,986,985,9,candidate,interval_arithmetic,True,polynomial_multiply_truncate_range,0.019517080392688513,324,1.5577812558040023,nested_function_timer
brusselator,optimized,986,985,9,candidate,polynomial_mul_trunc,True,polynomial_multiply_truncate_range,0.09390541166067123,24,1.5577812558040023,nested_function_timer
brusselator,optimized,986,985,9,candidate,polynomial_range_bound,True,polynomial_multiply_truncate_range,0.05294877756386995,48,1.5577812558040023,nested_function_timer
brusselator,optimized,986,985,9,candidate,interval_arithmetic,False,candidate_construction_excluding_classified_polynomial_work,0.006748433690518141,234,1.5577812558040023,nested_function_timer
brusselator,optimized,986,985,9,candidate,polynomial_sub,True,polynomial_multiply_truncate_range,0.00014101853594183922,12,1.5577812558040023,nested_function_timer
brusselator,optimized,986,985,9,candidate,polynomial_add,True,polynomial_multiply_truncate_range,0.00014153728261590004,12,1.5577812558040023,nested_function_timer
brusselator,optimized,986,985,9,candidate,polynomial_integrate,True,polynomial_multiply_truncate_range,0.0073871491476893425,6,1.5577812558040023,nested_function_timer
brusselator,optimized,986,985,9,candidate,polynomial_apply_cutoff,True,polynomial_multiply_truncate_range,0.0068283965811133385,6,1.5577812558040023,nested_function_timer
brusselator,optimized,986,985,9,candidate,dense_polynomial_picard,False,candidate_construction_excluding_classified_polynomial_work,0.011189266573637724,1,1.5577812558040023,nested_function_timer
brusselator,optimized,986,985,9,other,interval_arithmetic,False,other_including_unclassified_python,0.0015116832219064236,69,1.5577812558040023,nested_function_timer
brusselator,optimized,986,985,9,other,polynomial_component,True,polynomial_multiply_truncate_range,6.275484338402748e-05,6,1.5577812558040023,nested_function_timer
brusselator,optimized,986,985,9,other,interval_arithmetic,True,polynomial_multiply_truncate_range,0.0032756133005023003,54,1.5577812558040023,nested_function_timer
brusselator,optimized,986,985,9,other,polynomial_mul_trunc,True,polynomial_multiply_truncate_range,0.015618172474205494,4,1.5577812558040023,nested_function_timer
brusselator,optimized,986,985,9,other,polynomial_range_bound,True,polynomial_multiply_truncate_range,0.010046135634183884,9,1.5577812558040023,nested_function_timer
brusselator,optimized,986,985,9,other,polynomial_sub,True,polynomial_multiply_truncate_range,3.2817013561725616e-05,3,1.5577812558040023,nested_function_timer
brusselator,optimized,986,985,9,other,polynomial_add,True,polynomial_multiply_truncate_range,2.4070963263511658e-05,2,1.5577812558040023,nested_function_timer
brusselator,optimized,986,985,9,other,polynomial_integrate,True,polynomial_multiply_truncate_range,0.001181911677122116,1,1.5577812558040023,nested_function_timer
brusselator,optimized,986,985,9,initial,polynomial_component,True,polynomial_multiply_truncate_range,9.582564234733582e-05,8,1.5577812558040023,nested_function_timer
brusselator,optimized,986,985,9,initial,object_checks_and_small_tensors,False,python_objects_and_small_tensor_checks,0.004183705896139145,152,1.5577812558040023,nested_function_timer
brusselator,optimized,986,985,9,initial,interval_arithmetic,True,polynomial_multiply_truncate_range,0.0069832224398851395,117,1.5577812558040023,nested_function_timer
brusselator,optimized,986,985,9,initial,polynomial_mul_trunc,True,polynomial_multiply_truncate_range,0.031526020262390375,8,1.5577812558040023,nested_function_timer
brusselator,optimized,986,985,9,initial,polynomial_range_bound,True,polynomial_multiply_truncate_range,0.018588121980428696,17,1.5577812558040023,nested_function_timer
brusselator,optimized,986,985,9,initial,interval_arithmetic,False,initial_remainder_excluding_classified_polynomial_work,0.0027294689789414406,109,1.5577812558040023,nested_function_timer
brusselator,optimized,986,985,9,initial,polynomial_apply_cutoff,True,polynomial_multiply_truncate_range,0.005679094698280096,5,1.5577812558040023,nested_function_timer
brusselator,optimized,986,985,9,initial,polynomial_sub,True,polynomial_multiply_truncate_range,5.814665928483009e-05,5,1.5577812558040023,nested_function_timer
brusselator,optimized,986,985,9,initial,polynomial_add,True,polynomial_multiply_truncate_range,3.432855010032654e-05,3,1.5577812558040023,nested_function_timer
brusselator,optimized,986,985,9,initial,polynomial_integrate,True,polynomial_multiply_truncate_range,0.0011914810165762901,1,1.5577812558040023,nested_function_timer
brusselator,optimized,986,985,9,initial,image,False,initial_remainder_excluding_classified_polynomial_work,0.003843558020889759,1,1.5577812558040023,nested_function_timer
brusselator,optimized,986,985,9,replay,object_checks_and_small_tensors,False,python_objects_and_small_tensor_checks,0.03490458196029067,1278,1.5577812558040023,nested_function_timer
brusselator,optimized,986,985,9,replay,object_checks_and_small_tensors,True,refinement_fixed_preparation,0.00010361988097429276,4,1.5577812558040023,nested_function_timer
brusselator,optimized,986,985,9,replay,prepare_snapshot,True,refinement_fixed_preparation,0.002102314028888941,1,1.5577812558040023,nested_function_timer
brusselator,optimized,986,985,9,replay,binding_checks,False,refinement_dynamic_and_dispatch,0.0001233159564435482,9,1.5577812558040023,nested_function_timer
brusselator,optimized,986,985,9,replay,polynomial_component,True,refinement_fixed_preparation,2.5863759219646454e-05,2,1.5577812558040023,nested_function_timer
brusselator,optimized,986,985,9,replay,cache_dispatch,False,refinement_dynamic_and_dispatch,0.0029371404089033604,387,1.5577812558040023,nested_function_timer
brusselator,optimized,986,985,9,replay,interval_arithmetic,True,refinement_fixed_preparation,0.004628743045032024,72,1.5577812558040023,nested_function_timer
brusselator,optimized,986,985,9,replay,polynomial_mul_trunc,True,refinement_fixed_preparation,0.023843635339289904,6,1.5577812558040023,nested_function_timer
brusselator,optimized,986,985,9,replay,polynomial_range_bound,True,refinement_fixed_preparation,0.008037576451897621,7,1.5577812558040023,nested_function_timer
brusselator,optimized,986,985,9,replay,interval_arithmetic,False,refinement_dynamic_and_dispatch,0.024168626870959997,981,1.5577812558040023,nested_function_timer
brusselator,optimized,986,985,9,replay,polynomial_apply_cutoff,True,refinement_fixed_preparation,0.0045553226955235004,4,1.5577812558040023,nested_function_timer
brusselator,optimized,986,985,9,replay,polynomial_sub,True,refinement_fixed_preparation,6.442517042160034e-05,5,1.5577812558040023,nested_function_timer
brusselator,optimized,986,985,9,replay,polynomial_add,True,refinement_fixed_preparation,3.576232120394707e-05,3,1.5577812558040023,nested_function_timer
brusselator,optimized,986,985,9,replay,prepare_graph,False,refinement_dynamic_and_dispatch,0.0030724038369953632,2,1.5577812558040023,nested_function_timer
brusselator,optimized,986,985,9,replay,polynomial_integrate,True,refinement_fixed_preparation,0.001190987415611744,1,1.5577812558040023,nested_function_timer
brusselator,optimized,986,985,9,replay,seal_storage,True,refinement_fixed_preparation,0.00021563423797488213,1,1.5577812558040023,nested_function_timer
brusselator,optimized,986,985,9,replay,image,False,refinement_dynamic_and_dispatch,0.02194498898461461,9,1.5577812558040023,nested_function_timer
brusselator,optimized,986,985,9,replay,_post_accept_refine_raw_remainder,False,refinement_dynamic_and_dispatch,0.002065530512481928,1,1.5577812558040023,nested_function_timer
brusselator,optimized,986,985,9,boundary,endpoint_correction,False,boundary_and_endpoint_correction,0.014557900372892618,3,1.5577812558040023,nested_function_timer
brusselator,optimized,986,985,9,boundary,boundary,False,boundary_and_endpoint_correction,1.071258442942053,1,1.5577812558040023,nested_function_timer
brusselator,optimized,986,985,9,other,unattributed,False,other_including_unclassified_python,0.019436879083514214,0,1.5577812558040023,nested_function_timer
brusselator,optimized,987,986,9,other,object_checks_and_small_tensors,False,python_objects_and_small_tensor_checks,0.002711887937039137,107,1.56050655990839,nested_function_timer
brusselator,optimized,987,986,9,candidate,object_checks_and_small_tensors,False,python_objects_and_small_tensor_checks,0.010002659633755684,458,1.56050655990839,nested_function_timer
brusselator,optimized,987,986,9,candidate,polynomial_component,True,polynomial_multiply_truncate_range,0.00037547945976257324,36,1.56050655990839,nested_function_timer
brusselator,optimized,987,986,9,candidate,interval_arithmetic,True,polynomial_multiply_truncate_range,0.019620831590145826,324,1.56050655990839,nested_function_timer
brusselator,optimized,987,986,9,candidate,polynomial_mul_trunc,True,polynomial_multiply_truncate_range,0.09373394679278135,24,1.56050655990839,nested_function_timer
brusselator,optimized,987,986,9,candidate,polynomial_range_bound,True,polynomial_multiply_truncate_range,0.053149585612118244,48,1.56050655990839,nested_function_timer
brusselator,optimized,987,986,9,candidate,interval_arithmetic,False,candidate_construction_excluding_classified_polynomial_work,0.00668494775891304,234,1.56050655990839,nested_function_timer
brusselator,optimized,987,986,9,candidate,polynomial_sub,True,polynomial_multiply_truncate_range,0.00013803085312247276,12,1.56050655990839,nested_function_timer
brusselator,optimized,987,986,9,candidate,polynomial_add,True,polynomial_multiply_truncate_range,0.00013822084292769432,12,1.56050655990839,nested_function_timer
brusselator,optimized,987,986,9,candidate,polynomial_integrate,True,polynomial_multiply_truncate_range,0.0071937632746994495,6,1.56050655990839,nested_function_timer
brusselator,optimized,987,986,9,candidate,polynomial_apply_cutoff,True,polynomial_multiply_truncate_range,0.007063922006636858,6,1.56050655990839,nested_function_timer
brusselator,optimized,987,986,9,candidate,dense_polynomial_picard,False,candidate_construction_excluding_classified_polynomial_work,0.011030135210603476,1,1.56050655990839,nested_function_timer
brusselator,optimized,987,986,9,other,interval_arithmetic,False,other_including_unclassified_python,0.0015225107781589031,69,1.56050655990839,nested_function_timer
brusselator,optimized,987,986,9,other,polynomial_component,True,polynomial_multiply_truncate_range,6.136251613497734e-05,6,1.56050655990839,nested_function_timer
brusselator,optimized,987,986,9,other,interval_arithmetic,True,polynomial_multiply_truncate_range,0.003268267959356308,54,1.56050655990839,nested_function_timer
brusselator,optimized,987,986,9,other,polynomial_mul_trunc,True,polynomial_multiply_truncate_range,0.0157253285869956,4,1.56050655990839,nested_function_timer
brusselator,optimized,987,986,9,other,polynomial_range_bound,True,polynomial_multiply_truncate_range,0.00981817301362753,9,1.56050655990839,nested_function_timer
brusselator,optimized,987,986,9,other,polynomial_sub,True,polynomial_multiply_truncate_range,3.132643178105354e-05,3,1.56050655990839,nested_function_timer
brusselator,optimized,987,986,9,other,polynomial_add,True,polynomial_multiply_truncate_range,2.2627878934144974e-05,2,1.56050655990839,nested_function_timer
brusselator,optimized,987,986,9,other,polynomial_integrate,True,polynomial_multiply_truncate_range,0.0012329425662755966,1,1.56050655990839,nested_function_timer
brusselator,optimized,987,986,9,initial,polynomial_component,True,polynomial_multiply_truncate_range,8.136173710227013e-05,8,1.56050655990839,nested_function_timer
brusselator,optimized,987,986,9,initial,object_checks_and_small_tensors,False,python_objects_and_small_tensor_checks,0.004236067645251751,152,1.56050655990839,nested_function_timer
brusselator,optimized,987,986,9,initial,interval_arithmetic,True,polynomial_multiply_truncate_range,0.007055592257529497,117,1.56050655990839,nested_function_timer
brusselator,optimized,987,986,9,initial,polynomial_mul_trunc,True,polynomial_multiply_truncate_range,0.03152293665334582,8,1.56050655990839,nested_function_timer
brusselator,optimized,987,986,9,initial,polynomial_range_bound,True,polynomial_multiply_truncate_range,0.01870306907221675,17,1.56050655990839,nested_function_timer
brusselator,optimized,987,986,9,initial,interval_arithmetic,False,initial_remainder_excluding_classified_polynomial_work,0.002721591852605343,109,1.56050655990839,nested_function_timer
brusselator,optimized,987,986,9,initial,polynomial_apply_cutoff,True,polynomial_multiply_truncate_range,0.0055611347779631615,5,1.56050655990839,nested_function_timer
brusselator,optimized,987,986,9,initial,polynomial_sub,True,polynomial_multiply_truncate_range,5.7349447160959244e-05,5,1.56050655990839,nested_function_timer
brusselator,optimized,987,986,9,initial,polynomial_add,True,polynomial_multiply_truncate_range,3.326591104269028e-05,3,1.56050655990839,nested_function_timer
brusselator,optimized,987,986,9,initial,polynomial_integrate,True,polynomial_multiply_truncate_range,0.0011669634841382504,1,1.56050655990839,nested_function_timer
brusselator,optimized,987,986,9,initial,image,False,initial_remainder_excluding_classified_polynomial_work,0.003789451438933611,1,1.56050655990839,nested_function_timer
brusselator,optimized,987,986,9,replay,object_checks_and_small_tensors,False,python_objects_and_small_tensor_checks,0.03472869750112295,1278,1.56050655990839,nested_function_timer
brusselator,optimized,987,986,9,replay,object_checks_and_small_tensors,True,refinement_fixed_preparation,9.692087769508362e-05,4,1.56050655990839,nested_function_timer
brusselator,optimized,987,986,9,replay,prepare_snapshot,True,refinement_fixed_preparation,0.0020430702716112137,1,1.56050655990839,nested_function_timer
brusselator,optimized,987,986,9,replay,binding_checks,False,refinement_dynamic_and_dispatch,0.00011938298121094704,9,1.56050655990839,nested_function_timer
brusselator,optimized,987,986,9,replay,polynomial_component,True,refinement_fixed_preparation,2.5245826691389084e-05,2,1.56050655990839,nested_function_timer
brusselator,optimized,987,986,9,replay,cache_dispatch,False,refinement_dynamic_and_dispatch,0.00285524083301425,387,1.56050655990839,nested_function_timer
brusselator,optimized,987,986,9,replay,interval_arithmetic,True,refinement_fixed_preparation,0.0045672813430428505,72,1.56050655990839,nested_function_timer
brusselator,optimized,987,986,9,replay,polynomial_mul_trunc,True,refinement_fixed_preparation,0.023700817953795195,6,1.56050655990839,nested_function_timer
brusselator,optimized,987,986,9,replay,polynomial_range_bound,True,refinement_fixed_preparation,0.007984756957739592,7,1.56050655990839,nested_function_timer
brusselator,optimized,987,986,9,replay,interval_arithmetic,False,refinement_dynamic_and_dispatch,0.023952624760568142,981,1.56050655990839,nested_function_timer
brusselator,optimized,987,986,9,replay,polynomial_apply_cutoff,True,refinement_fixed_preparation,0.004539885092526674,4,1.56050655990839,nested_function_timer
brusselator,optimized,987,986,9,replay,polynomial_sub,True,refinement_fixed_preparation,6.372341886162758e-05,5,1.56050655990839,nested_function_timer
brusselator,optimized,987,986,9,replay,polynomial_add,True,refinement_fixed_preparation,3.634113818407059e-05,3,1.56050655990839,nested_function_timer
brusselator,optimized,987,986,9,replay,prepare_graph,False,refinement_dynamic_and_dispatch,0.003097954671829939,2,1.56050655990839,nested_function_timer
brusselator,optimized,987,986,9,replay,polynomial_integrate,True,refinement_fixed_preparation,0.0011724894866347313,1,1.56050655990839,nested_function_timer
brusselator,optimized,987,986,9,replay,seal_storage,True,refinement_fixed_preparation,0.00020431773737072945,1,1.56050655990839,nested_function_timer
brusselator,optimized,987,986,9,replay,image,False,refinement_dynamic_and_dispatch,0.021999124437570572,9,1.56050655990839,nested_function_timer
brusselator,optimized,987,986,9,replay,_post_accept_refine_raw_remainder,False,refinement_dynamic_and_dispatch,0.0020577055402100086,1,1.56050655990839,nested_function_timer
brusselator,optimized,987,986,9,boundary,endpoint_correction,False,boundary_and_endpoint_correction,0.01468406617641449,3,1.56050655990839,nested_function_timer
brusselator,optimized,987,986,9,boundary,boundary,False,boundary_and_endpoint_correction,1.0746856182813644,1,1.56050655990839,nested_function_timer
brusselator,optimized,987,986,9,other,unattributed,False,other_including_unclassified_python,0.01943655963987112,0,1.56050655990839,nested_function_timer
brusselator,optimized,988,987,9,other,object_checks_and_small_tensors,False,python_objects_and_small_tensor_checks,0.002658647485077381,107,1.5623745317570865,nested_function_timer
brusselator,optimized,988,987,9,candidate,object_checks_and_small_tensors,False,python_objects_and_small_tensor_checks,0.010333302430808544,458,1.5623745317570865,nested_function_timer
brusselator,optimized,988,987,9,candidate,polynomial_component,True,polynomial_multiply_truncate_range,0.0003817589022219181,36,1.5623745317570865,nested_function_timer
brusselator,optimized,988,987,9,candidate,interval_arithmetic,True,polynomial_multiply_truncate_range,0.020615884568542242,324,1.5623745317570865,nested_function_timer
brusselator,optimized,988,987,9,candidate,polynomial_mul_trunc,True,polynomial_multiply_truncate_range,0.09840386174619198,24,1.5623745317570865,nested_function_timer
brusselator,optimized,988,987,9,candidate,polynomial_range_bound,True,polynomial_multiply_truncate_range,0.05502901738509536,48,1.5623745317570865,nested_function_timer
brusselator,optimized,988,987,9,candidate,interval_arithmetic,False,candidate_construction_excluding_classified_polynomial_work,0.006908994633704424,234,1.5623745317570865,nested_function_timer
brusselator,optimized,988,987,9,candidate,polynomial_sub,True,polynomial_multiply_truncate_range,0.0001420467160642147,12,1.5623745317570865,nested_function_timer
brusselator,optimized,988,987,9,candidate,polynomial_add,True,polynomial_multiply_truncate_range,0.0001513189636170864,12,1.5623745317570865,nested_function_timer
brusselator,optimized,988,987,9,candidate,polynomial_integrate,True,polynomial_multiply_truncate_range,0.007368508260697126,6,1.5623745317570865,nested_function_timer
brusselator,optimized,988,987,9,candidate,polynomial_apply_cutoff,True,polynomial_multiply_truncate_range,0.006986409891396761,6,1.5623745317570865,nested_function_timer
brusselator,optimized,988,987,9,candidate,dense_polynomial_picard,False,candidate_construction_excluding_classified_polynomial_work,0.011358585674315691,1,1.5623745317570865,nested_function_timer
brusselator,optimized,988,987,9,other,interval_arithmetic,False,other_including_unclassified_python,0.0015142853371798992,69,1.5623745317570865,nested_function_timer
brusselator,optimized,988,987,9,other,polynomial_component,True,polynomial_multiply_truncate_range,6.197765469551086e-05,6,1.5623745317570865,nested_function_timer
brusselator,optimized,988,987,9,other,interval_arithmetic,True,polynomial_multiply_truncate_range,0.0032957554794847965,54,1.5623745317570865,nested_function_timer
brusselator,optimized,988,987,9,other,polynomial_mul_trunc,True,polynomial_multiply_truncate_range,0.01536970492452383,4,1.5623745317570865,nested_function_timer
brusselator,optimized,988,987,9,other,polynomial_range_bound,True,polynomial_multiply_truncate_range,0.009948428720235825,9,1.5623745317570865,nested_function_timer
brusselator,optimized,988,987,9,other,polynomial_sub,True,polynomial_multiply_truncate_range,3.1985342502593994e-05,3,1.5623745317570865,nested_function_timer
brusselator,optimized,988,987,9,other,polynomial_add,True,polynomial_multiply_truncate_range,2.3310072720050812e-05,2,1.5623745317570865,nested_function_timer
brusselator,optimized,988,987,9,other,polynomial_integrate,True,polynomial_multiply_truncate_range,0.0012155878357589245,1,1.5623745317570865,nested_function_timer
brusselator,optimized,988,987,9,initial,polynomial_component,True,polynomial_multiply_truncate_range,8.108140900731087e-05,8,1.5623745317570865,nested_function_timer
brusselator,optimized,988,987,9,initial,object_checks_and_small_tensors,False,python_objects_and_small_tensor_checks,0.0042106215842068195,152,1.5623745317570865,nested_function_timer
brusselator,optimized,988,987,9,initial,interval_arithmetic,True,polynomial_multiply_truncate_range,0.007076475769281387,117,1.5623745317570865,nested_function_timer
brusselator,optimized,988,987,9,initial,polynomial_mul_trunc,True,polynomial_multiply_truncate_range,0.03231723979115486,8,1.5623745317570865,nested_function_timer
brusselator,optimized,988,987,9,initial,polynomial_range_bound,True,polynomial_multiply_truncate_range,0.018653472885489464,17,1.5623745317570865,nested_function_timer
brusselator,optimized,988,987,9,initial,interval_arithmetic,False,initial_remainder_excluding_classified_polynomial_work,0.0027512148953974247,109,1.5623745317570865,nested_function_timer
brusselator,optimized,988,987,9,initial,polynomial_apply_cutoff,True,polynomial_multiply_truncate_range,0.005607976112514734,5,1.5623745317570865,nested_function_timer
brusselator,optimized,988,987,9,initial,polynomial_sub,True,polynomial_multiply_truncate_range,6.052060052752495e-05,5,1.5623745317570865,nested_function_timer
brusselator,optimized,988,987,9,initial,polynomial_add,True,polynomial_multiply_truncate_range,3.3040065318346024e-05,3,1.5623745317570865,nested_function_timer
brusselator,optimized,988,987,9,initial,polynomial_integrate,True,polynomial_multiply_truncate_range,0.0011826958507299423,1,1.5623745317570865,nested_function_timer
brusselator,optimized,988,987,9,initial,image,False,initial_remainder_excluding_classified_polynomial_work,0.0038012610748410225,1,1.5623745317570865,nested_function_timer
brusselator,optimized,988,987,9,replay,object_checks_and_small_tensors,False,python_objects_and_small_tensor_checks,0.035358978901058435,1278,1.5623745317570865,nested_function_timer
brusselator,optimized,988,987,9,replay,object_checks_and_small_tensors,True,refinement_fixed_preparation,0.00010389788076281548,4,1.5623745317570865,nested_function_timer
brusselator,optimized,988,987,9,replay,prepare_snapshot,True,refinement_fixed_preparation,0.0021794638596475124,1,1.5623745317570865,nested_function_timer
brusselator,optimized,988,987,9,replay,binding_checks,False,refinement_dynamic_and_dispatch,0.00012343470007181168,9,1.5623745317570865,nested_function_timer
brusselator,optimized,988,987,9,replay,polynomial_component,True,refinement_fixed_preparation,2.830522134900093e-05,2,1.5623745317570865,nested_function_timer
brusselator,optimized,988,987,9,replay,cache_dispatch,False,refinement_dynamic_and_dispatch,0.0029222778975963593,387,1.5623745317570865,nested_function_timer
brusselator,optimized,988,987,9,replay,interval_arithmetic,True,refinement_fixed_preparation,0.004619225859642029,72,1.5623745317570865,nested_function_timer
brusselator,optimized,988,987,9,replay,polynomial_mul_trunc,True,refinement_fixed_preparation,0.024616600945591927,6,1.5623745317570865,nested_function_timer
brusselator,optimized,988,987,9,replay,polynomial_range_bound,True,refinement_fixed_preparation,0.007961922325193882,7,1.5623745317570865,nested_function_timer
brusselator,optimized,988,987,9,replay,interval_arithmetic,False,refinement_dynamic_and_dispatch,0.024394710082560778,981,1.5623745317570865,nested_function_timer
brusselator,optimized,988,987,9,replay,polynomial_apply_cutoff,True,refinement_fixed_preparation,0.004645590204745531,4,1.5623745317570865,nested_function_timer
brusselator,optimized,988,987,9,replay,polynomial_sub,True,refinement_fixed_preparation,6.291549652814865e-05,5,1.5623745317570865,nested_function_timer
brusselator,optimized,988,987,9,replay,polynomial_add,True,refinement_fixed_preparation,3.580981865525246e-05,3,1.5623745317570865,nested_function_timer
brusselator,optimized,988,987,9,replay,prepare_graph,False,refinement_dynamic_and_dispatch,0.003164032008498907,2,1.5623745317570865,nested_function_timer
brusselator,optimized,988,987,9,replay,polynomial_integrate,True,refinement_fixed_preparation,0.0011985888704657555,1,1.5623745317570865,nested_function_timer
brusselator,optimized,988,987,9,replay,seal_storage,True,refinement_fixed_preparation,0.00020749913528561592,1,1.5623745317570865,nested_function_timer
brusselator,optimized,988,987,9,replay,image,False,refinement_dynamic_and_dispatch,0.022275174967944622,9,1.5623745317570865,nested_function_timer
brusselator,optimized,988,987,9,replay,_post_accept_refine_raw_remainder,False,refinement_dynamic_and_dispatch,0.0020690648816525936,1,1.5623745317570865,nested_function_timer
brusselator,optimized,988,987,9,boundary,endpoint_correction,False,boundary_and_endpoint_correction,0.014489610213786364,3,1.5623745317570865,nested_function_timer
brusselator,optimized,988,987,9,boundary,boundary,False,boundary_and_endpoint_correction,1.0647218115627766,1,1.5623745317570865,nested_function_timer
brusselator,optimized,988,987,9,other,unattributed,False,other_including_unclassified_python,0.019620644859969616,0,1.5623745317570865,nested_function_timer
brusselator,optimized,989,988,9,other,object_checks_and_small_tensors,False,python_objects_and_small_tensor_checks,0.002630703616887331,107,1.5032651689834893,nested_function_timer
brusselator,optimized,989,988,9,candidate,object_checks_and_small_tensors,False,python_objects_and_small_tensor_checks,0.010072466917335987,458,1.5032651689834893,nested_function_timer
brusselator,optimized,989,988,9,candidate,polynomial_component,True,polynomial_multiply_truncate_range,0.000378388911485672,36,1.5032651689834893,nested_function_timer
brusselator,optimized,989,988,9,candidate,interval_arithmetic,True,polynomial_multiply_truncate_range,0.01968341413885355,324,1.5032651689834893,nested_function_timer
brusselator,optimized,989,988,9,candidate,polynomial_mul_trunc,True,polynomial_multiply_truncate_range,0.09418851509690285,24,1.5032651689834893,nested_function_timer
brusselator,optimized,989,988,9,candidate,polynomial_range_bound,True,polynomial_multiply_truncate_range,0.053442043252289295,48,1.5032651689834893,nested_function_timer
brusselator,optimized,989,988,9,candidate,interval_arithmetic,False,candidate_construction_excluding_classified_polynomial_work,0.006785493344068527,234,1.5032651689834893,nested_function_timer
brusselator,optimized,989,988,9,candidate,polynomial_sub,True,polynomial_multiply_truncate_range,0.00014066044241189957,12,1.5032651689834893,nested_function_timer
brusselator,optimized,989,988,9,candidate,polynomial_add,True,polynomial_multiply_truncate_range,0.0001397775486111641,12,1.5032651689834893,nested_function_timer
brusselator,optimized,989,988,9,candidate,polynomial_integrate,True,polynomial_multiply_truncate_range,0.007168377749621868,6,1.5032651689834893,nested_function_timer
brusselator,optimized,989,988,9,candidate,polynomial_apply_cutoff,True,polynomial_multiply_truncate_range,0.006839190609753132,6,1.5032651689834893,nested_function_timer
brusselator,optimized,989,988,9,candidate,dense_polynomial_picard,False,candidate_construction_excluding_classified_polynomial_work,0.011242532636970282,1,1.5032651689834893,nested_function_timer
brusselator,optimized,989,988,9,other,interval_arithmetic,False,other_including_unclassified_python,0.0015322002582252026,69,1.5032651689834893,nested_function_timer
brusselator,optimized,989,988,9,other,polynomial_component,True,polynomial_multiply_truncate_range,6.109476089477539e-05,6,1.5032651689834893,nested_function_timer
brusselator,optimized,989,988,9,other,interval_arithmetic,True,polynomial_multiply_truncate_range,0.003227659035474062,54,1.5032651689834893,nested_function_timer
brusselator,optimized,989,988,9,other,polynomial_mul_trunc,True,polynomial_multiply_truncate_range,0.015804749447852373,4,1.5032651689834893,nested_function_timer
brusselator,optimized,989,988,9,other,polynomial_range_bound,True,polynomial_multiply_truncate_range,0.009849453810602427,9,1.5032651689834893,nested_function_timer
brusselator,optimized,989,988,9,other,polynomial_sub,True,polynomial_multiply_truncate_range,3.2203737646341324e-05,3,1.5032651689834893,nested_function_timer
brusselator,optimized,989,988,9,other,polynomial_add,True,polynomial_multiply_truncate_range,2.2852327674627304e-05,2,1.5032651689834893,nested_function_timer
brusselator,optimized,989,988,9,other,polynomial_integrate,True,polynomial_multiply_truncate_range,0.0011943671852350235,1,1.5032651689834893,nested_function_timer
brusselator,optimized,989,988,9,initial,polynomial_component,True,polynomial_multiply_truncate_range,8.151913061738014e-05,8,1.5032651689834893,nested_function_timer
brusselator,optimized,989,988,9,initial,object_checks_and_small_tensors,False,python_objects_and_small_tensor_checks,0.004266451578587294,152,1.5032651689834893,nested_function_timer
brusselator,optimized,989,988,9,initial,interval_arithmetic,True,polynomial_multiply_truncate_range,0.006975631229579449,117,1.5032651689834893,nested_function_timer
brusselator,optimized,989,988,9,initial,polynomial_mul_trunc,True,polynomial_multiply_truncate_range,0.030988974031060934,8,1.5032651689834893,nested_function_timer
brusselator,optimized,989,988,9,initial,polynomial_range_bound,True,polynomial_multiply_truncate_range,0.018759876489639282,17,1.5032651689834893,nested_function_timer
brusselator,optimized,989,988,9,initial,interval_arithmetic,False,initial_remainder_excluding_classified_polynomial_work,0.0027739969082176685,109,1.5032651689834893,nested_function_timer
brusselator,optimized,989,988,9,initial,polynomial_apply_cutoff,True,polynomial_multiply_truncate_range,0.005691960919648409,5,1.5032651689834893,nested_function_timer
brusselator,optimized,989,988,9,initial,polynomial_sub,True,polynomial_multiply_truncate_range,5.9462618082761765e-05,5,1.5032651689834893,nested_function_timer
brusselator,optimized,989,988,9,initial,polynomial_add,True,polynomial_multiply_truncate_range,3.3721327781677246e-05,3,1.5032651689834893,nested_function_timer
brusselator,optimized,989,988,9,initial,polynomial_integrate,True,polynomial_multiply_truncate_range,0.0012102997861802578,1,1.5032651689834893,nested_function_timer
brusselator,optimized,989,988,9,initial,image,False,initial_remainder_excluding_classified_polynomial_work,0.0037668198347091675,1,1.5032651689834893,nested_function_timer
brusselator,optimized,989,988,9,replay,object_checks_and_small_tensors,False,python_objects_and_small_tensor_checks,0.03494611429050565,1278,1.5032651689834893,nested_function_timer
brusselator,optimized,989,988,9,replay,object_checks_and_small_tensors,True,refinement_fixed_preparation,9.67751257121563e-05,4,1.5032651689834893,nested_function_timer
brusselator,optimized,989,988,9,replay,prepare_snapshot,True,refinement_fixed_preparation,0.002015126869082451,1,1.5032651689834893,nested_function_timer
brusselator,optimized,989,988,9,replay,binding_checks,False,refinement_dynamic_and_dispatch,0.00011554500088095665,9,1.5032651689834893,nested_function_timer
brusselator,optimized,989,988,9,replay,polynomial_component,True,refinement_fixed_preparation,2.529984340071678e-05,2,1.5032651689834893,nested_function_timer
brusselator,optimized,989,988,9,replay,cache_dispatch,False,refinement_dynamic_and_dispatch,0.002887158654630184,387,1.5032651689834893,nested_function_timer
brusselator,optimized,989,988,9,replay,interval_arithmetic,True,refinement_fixed_preparation,0.004688876681029797,72,1.5032651689834893,nested_function_timer
brusselator,optimized,989,988,9,replay,polynomial_mul_trunc,True,refinement_fixed_preparation,0.023436078801751137,6,1.5032651689834893,nested_function_timer
brusselator,optimized,989,988,9,replay,polynomial_range_bound,True,refinement_fixed_preparation,0.008071344811469316,7,1.5032651689834893,nested_function_timer
brusselator,optimized,989,988,9,replay,interval_arithmetic,False,refinement_dynamic_and_dispatch,0.024161315988749266,981,1.5032651689834893,nested_function_timer
brusselator,optimized,989,988,9,replay,polynomial_apply_cutoff,True,refinement_fixed_preparation,0.004496721085160971,4,1.5032651689834893,nested_function_timer
brusselator,optimized,989,988,9,replay,polynomial_sub,True,refinement_fixed_preparation,6.553623825311661e-05,5,1.5032651689834893,nested_function_timer
brusselator,optimized,989,988,9,replay,polynomial_add,True,refinement_fixed_preparation,3.7292949855327606e-05,3,1.5032651689834893,nested_function_timer
brusselator,optimized,989,988,9,replay,prepare_graph,False,refinement_dynamic_and_dispatch,0.00320619810372591,2,1.5032651689834893,nested_function_timer
brusselator,optimized,989,988,9,replay,polynomial_integrate,True,refinement_fixed_preparation,0.0011717448942363262,1,1.5032651689834893,nested_function_timer
brusselator,optimized,989,988,9,replay,seal_storage,True,refinement_fixed_preparation,0.00020805420354008675,1,1.5032651689834893,nested_function_timer
brusselator,optimized,989,988,9,replay,image,False,refinement_dynamic_and_dispatch,0.022076726891100407,9,1.5032651689834893,nested_function_timer
brusselator,optimized,989,988,9,replay,_post_accept_refine_raw_remainder,False,refinement_dynamic_and_dispatch,0.0020864056423306465,1,1.5032651689834893,nested_function_timer
brusselator,optimized,989,988,9,boundary,endpoint_correction,False,boundary_and_endpoint_correction,0.014404854271560907,3,1.5032651689834893,nested_function_timer
brusselator,optimized,989,988,9,boundary,boundary,False,boundary_and_endpoint_correction,1.016737402882427,1,1.5032651689834893,nested_function_timer
brusselator,optimized,989,988,9,other,unattributed,False,other_including_unclassified_python,0.019285737071186304,0,1.5032651689834893,nested_function_timer
brusselator,optimized,990,989,9,other,object_checks_and_small_tensors,False,python_objects_and_small_tensor_checks,0.002637919969856739,107,1.5593168828636408,nested_function_timer
brusselator,optimized,990,989,9,candidate,object_checks_and_small_tensors,False,python_objects_and_small_tensor_checks,0.010009493213146925,458,1.5593168828636408,nested_function_timer
brusselator,optimized,990,989,9,candidate,polynomial_component,True,polynomial_multiply_truncate_range,0.0003797984682023525,36,1.5593168828636408,nested_function_timer
brusselator,optimized,990,989,9,candidate,interval_arithmetic,True,polynomial_multiply_truncate_range,0.019642899744212627,324,1.5593168828636408,nested_function_timer
brusselator,optimized,990,989,9,candidate,polynomial_mul_trunc,True,polynomial_multiply_truncate_range,0.09475341439247131,24,1.5593168828636408,nested_function_timer
brusselator,optimized,990,989,9,candidate,polynomial_range_bound,True,polynomial_multiply_truncate_range,0.05281877052038908,48,1.5593168828636408,nested_function_timer
brusselator,optimized,990,989,9,candidate,interval_arithmetic,False,candidate_construction_excluding_classified_polynomial_work,0.006802025716751814,234,1.5593168828636408,nested_function_timer
brusselator,optimized,990,989,9,candidate,polynomial_sub,True,polynomial_multiply_truncate_range,0.0001394595019519329,12,1.5593168828636408,nested_function_timer
brusselator,optimized,990,989,9,candidate,polynomial_add,True,polynomial_multiply_truncate_range,0.00014146510511636734,12,1.5593168828636408,nested_function_timer
brusselator,optimized,990,989,9,candidate,polynomial_integrate,True,polynomial_multiply_truncate_range,0.007099444512277842,6,1.5593168828636408,nested_function_timer
brusselator,optimized,990,989,9,candidate,polynomial_apply_cutoff,True,polynomial_multiply_truncate_range,0.006908242125064135,6,1.5593168828636408,nested_function_timer
brusselator,optimized,990,989,9,candidate,dense_polynomial_picard,False,candidate_construction_excluding_classified_polynomial_work,0.011043845675885677,1,1.5593168828636408,nested_function_timer
brusselator,optimized,990,989,9,other,interval_arithmetic,False,other_including_unclassified_python,0.0015091216191649437,69,1.5593168828636408,nested_function_timer
brusselator,optimized,990,989,9,other,polynomial_component,True,polynomial_multiply_truncate_range,6.309105083346367e-05,6,1.5593168828636408,nested_function_timer
brusselator,optimized,990,989,9,other,interval_arithmetic,True,polynomial_multiply_truncate_range,0.0032695233821868896,54,1.5593168828636408,nested_function_timer
brusselator,optimized,990,989,9,other,polynomial_mul_trunc,True,polynomial_multiply_truncate_range,0.015467210207134485,4,1.5593168828636408,nested_function_timer
brusselator,optimized,990,989,9,other,polynomial_range_bound,True,polynomial_multiply_truncate_range,0.010088762268424034,9,1.5593168828636408,nested_function_timer
brusselator,optimized,990,989,9,other,polynomial_sub,True,polynomial_multiply_truncate_range,3.238813951611519e-05,3,1.5593168828636408,nested_function_timer
brusselator,optimized,990,989,9,other,polynomial_add,True,polynomial_multiply_truncate_range,2.3015309125185013e-05,2,1.5593168828636408,nested_function_timer
brusselator,optimized,990,989,9,other,polynomial_integrate,True,polynomial_multiply_truncate_range,0.0011818627826869488,1,1.5593168828636408,nested_function_timer
brusselator,optimized,990,989,9,initial,polynomial_component,True,polynomial_multiply_truncate_range,8.013751357793808e-05,8,1.5593168828636408,nested_function_timer
brusselator,optimized,990,989,9,initial,object_checks_and_small_tensors,False,python_objects_and_small_tensor_checks,0.004154148045927286,152,1.5593168828636408,nested_function_timer
brusselator,optimized,990,989,9,initial,interval_arithmetic,True,polynomial_multiply_truncate_range,0.007062653545290232,117,1.5593168828636408,nested_function_timer
brusselator,optimized,990,989,9,initial,polynomial_mul_trunc,True,polynomial_multiply_truncate_range,0.03174461191520095,8,1.5593168828636408,nested_function_timer
brusselator,optimized,990,989,9,initial,polynomial_range_bound,True,polynomial_multiply_truncate_range,0.018677752930670977,17,1.5593168828636408,nested_function_timer
brusselator,optimized,990,989,9,initial,interval_arithmetic,False,initial_remainder_excluding_classified_polynomial_work,0.0026872260496020317,109,1.5593168828636408,nested_function_timer
brusselator,optimized,990,989,9,initial,polynomial_apply_cutoff,True,polynomial_multiply_truncate_range,0.005856238771229982,5,1.5593168828636408,nested_function_timer
brusselator,optimized,990,989,9,initial,polynomial_sub,True,polynomial_multiply_truncate_range,6.807316094636917e-05,5,1.5593168828636408,nested_function_timer
brusselator,optimized,990,989,9,initial,polynomial_add,True,polynomial_multiply_truncate_range,3.352947533130646e-05,3,1.5593168828636408,nested_function_timer
brusselator,optimized,990,989,9,initial,polynomial_integrate,True,polynomial_multiply_truncate_range,0.0013713464140892029,1,1.5593168828636408,nested_function_timer
brusselator,optimized,990,989,9,initial,image,False,initial_remainder_excluding_classified_polynomial_work,0.003754681907594204,1,1.5593168828636408,nested_function_timer
brusselator,optimized,990,989,9,replay,object_checks_and_small_tensors,False,python_objects_and_small_tensor_checks,0.034806040581315756,1278,1.5593168828636408,nested_function_timer
brusselator,optimized,990,989,9,replay,object_checks_and_small_tensors,True,refinement_fixed_preparation,9.34600830078125e-05,4,1.5593168828636408,nested_function_timer
brusselator,optimized,990,989,9,replay,prepare_snapshot,True,refinement_fixed_preparation,0.001965953968465328,1,1.5593168828636408,nested_function_timer
brusselator,optimized,990,989,9,replay,binding_checks,False,refinement_dynamic_and_dispatch,0.0001130807213485241,9,1.5593168828636408,nested_function_timer
brusselator,optimized,990,989,9,replay,polynomial_component,True,refinement_fixed_preparation,2.4513807147741318e-05,2,1.5593168828636408,nested_function_timer
brusselator,optimized,990,989,9,replay,cache_dispatch,False,refinement_dynamic_and_dispatch,0.0028792615048587322,387,1.5593168828636408,nested_function_timer
brusselator,optimized,990,989,9,replay,interval_arithmetic,True,refinement_fixed_preparation,0.004508018493652344,72,1.5593168828636408,nested_function_timer
brusselator,optimized,990,989,9,replay,polynomial_mul_trunc,True,refinement_fixed_preparation,0.023588995449244976,6,1.5593168828636408,nested_function_timer
brusselator,optimized,990,989,9,replay,polynomial_range_bound,True,refinement_fixed_preparation,0.007693558931350708,7,1.5593168828636408,nested_function_timer
brusselator,optimized,990,989,9,replay,interval_arithmetic,False,refinement_dynamic_and_dispatch,0.024013424292206764,981,1.5593168828636408,nested_function_timer
brusselator,optimized,990,989,9,replay,polynomial_apply_cutoff,True,refinement_fixed_preparation,0.004495466593652964,4,1.5593168828636408,nested_function_timer
brusselator,optimized,990,989,9,replay,polynomial_sub,True,refinement_fixed_preparation,6.261048838496208e-05,5,1.5593168828636408,nested_function_timer
brusselator,optimized,990,989,9,replay,polynomial_add,True,refinement_fixed_preparation,3.5497359931468964e-05,3,1.5593168828636408,nested_function_timer
brusselator,optimized,990,989,9,replay,prepare_graph,False,refinement_dynamic_and_dispatch,0.0031402972526848316,2,1.5593168828636408,nested_function_timer
brusselator,optimized,990,989,9,replay,polynomial_integrate,True,refinement_fixed_preparation,0.0011809593997895718,1,1.5593168828636408,nested_function_timer
brusselator,optimized,990,989,9,replay,seal_storage,True,refinement_fixed_preparation,0.00020488305017352104,1,1.5593168828636408,nested_function_timer
brusselator,optimized,990,989,9,replay,image,False,refinement_dynamic_and_dispatch,0.022061781957745552,9,1.5593168828636408,nested_function_timer
brusselator,optimized,990,989,9,replay,_post_accept_refine_raw_remainder,False,refinement_dynamic_and_dispatch,0.0020697331055998802,1,1.5593168828636408,nested_function_timer
brusselator,optimized,990,989,9,boundary,endpoint_correction,False,boundary_and_endpoint_correction,0.014490546192973852,3,1.5593168828636408,nested_function_timer
brusselator,optimized,990,989,9,boundary,boundary,False,boundary_and_endpoint_correction,1.0731407478451729,1,1.5593168828636408,nested_function_timer
brusselator,optimized,990,989,9,other,unattributed,False,other_including_unclassified_python,0.019245898351073265,0,1.5593168828636408,nested_function_timer
brusselator,optimized,991,990,9,other,object_checks_and_small_tensors,False,python_objects_and_small_tensor_checks,0.002624467946588993,107,1.5648746066726744,nested_function_timer
brusselator,optimized,991,990,9,candidate,object_checks_and_small_tensors,False,python_objects_and_small_tensor_checks,0.010343179106712341,458,1.5648746066726744,nested_function_timer
brusselator,optimized,991,990,9,candidate,polynomial_component,True,polynomial_multiply_truncate_range,0.000368697103112936,36,1.5648746066726744,nested_function_timer
brusselator,optimized,991,990,9,candidate,interval_arithmetic,True,polynomial_multiply_truncate_range,0.020544976461678743,324,1.5648746066726744,nested_function_timer
brusselator,optimized,991,990,9,candidate,polynomial_mul_trunc,True,polynomial_multiply_truncate_range,0.0968864900059998,24,1.5648746066726744,nested_function_timer
brusselator,optimized,991,990,9,candidate,polynomial_range_bound,True,polynomial_multiply_truncate_range,0.056095339357852936,48,1.5648746066726744,nested_function_timer
brusselator,optimized,991,990,9,candidate,interval_arithmetic,False,candidate_construction_excluding_classified_polynomial_work,0.006946608889847994,234,1.5648746066726744,nested_function_timer
brusselator,optimized,991,990,9,candidate,polynomial_sub,True,polynomial_multiply_truncate_range,0.00014946237206459045,12,1.5648746066726744,nested_function_timer
brusselator,optimized,991,990,9,candidate,polynomial_add,True,polynomial_multiply_truncate_range,0.00014540879055857658,12,1.5648746066726744,nested_function_timer
brusselator,optimized,991,990,9,candidate,polynomial_integrate,True,polynomial_multiply_truncate_range,0.007601089309900999,6,1.5648746066726744,nested_function_timer
brusselator,optimized,991,990,9,candidate,polynomial_apply_cutoff,True,polynomial_multiply_truncate_range,0.007023025769740343,6,1.5648746066726744,nested_function_timer
brusselator,optimized,991,990,9,candidate,dense_polynomial_picard,False,candidate_construction_excluding_classified_polynomial_work,0.011616590898483992,1,1.5648746066726744,nested_function_timer
brusselator,optimized,991,990,9,other,interval_arithmetic,False,other_including_unclassified_python,0.0015206350944936275,69,1.5648746066726744,nested_function_timer
brusselator,optimized,991,990,9,other,polynomial_component,True,polynomial_multiply_truncate_range,6.264680996537209e-05,6,1.5648746066726744,nested_function_timer
brusselator,optimized,991,990,9,other,interval_arithmetic,True,polynomial_multiply_truncate_range,0.0033033997751772404,54,1.5648746066726744,nested_function_timer
brusselator,optimized,991,990,9,other,polynomial_mul_trunc,True,polynomial_multiply_truncate_range,0.01545876869931817,4,1.5648746066726744,nested_function_timer
brusselator,optimized,991,990,9,other,polynomial_range_bound,True,polynomial_multiply_truncate_range,0.010130706243216991,9,1.5648746066726744,nested_function_timer
brusselator,optimized,991,990,9,other,polynomial_sub,True,polynomial_multiply_truncate_range,3.249896690249443e-05,3,1.5648746066726744,nested_function_timer
brusselator,optimized,991,990,9,other,polynomial_add,True,polynomial_multiply_truncate_range,2.4673063308000565e-05,2,1.5648746066726744,nested_function_timer
brusselator,optimized,991,990,9,other,polynomial_integrate,True,polynomial_multiply_truncate_range,0.0011906209401786327,1,1.5648746066726744,nested_function_timer
brusselator,optimized,991,990,9,initial,polynomial_component,True,polynomial_multiply_truncate_range,8.402159437537193e-05,8,1.5648746066726744,nested_function_timer
brusselator,optimized,991,990,9,initial,object_checks_and_small_tensors,False,python_objects_and_small_tensor_checks,0.004206831566989422,152,1.5648746066726744,nested_function_timer
brusselator,optimized,991,990,9,initial,interval_arithmetic,True,polynomial_multiply_truncate_range,0.0069694616831839085,117,1.5648746066726744,nested_function_timer
brusselator,optimized,991,990,9,initial,polynomial_mul_trunc,True,polynomial_multiply_truncate_range,0.031220219563692808,8,1.5648746066726744,nested_function_timer
brusselator,optimized,991,990,9,initial,polynomial_range_bound,True,polynomial_multiply_truncate_range,0.01881595514714718,17,1.5648746066726744,nested_function_timer
brusselator,optimized,991,990,9,initial,interval_arithmetic,False,initial_remainder_excluding_classified_polynomial_work,0.0027633989229798317,109,1.5648746066726744,nested_function_timer
brusselator,optimized,991,990,9,initial,polynomial_apply_cutoff,True,polynomial_multiply_truncate_range,0.005693810526281595,5,1.5648746066726744,nested_function_timer
brusselator,optimized,991,990,9,initial,polynomial_sub,True,polynomial_multiply_truncate_range,5.9135258197784424e-05,5,1.5648746066726744,nested_function_timer
brusselator,optimized,991,990,9,initial,polynomial_add,True,polynomial_multiply_truncate_range,3.430712968111038e-05,3,1.5648746066726744,nested_function_timer
brusselator,optimized,991,990,9,initial,polynomial_integrate,True,polynomial_multiply_truncate_range,0.0011738990433514118,1,1.5648746066726744,nested_function_timer
brusselator,optimized,991,990,9,initial,image,False,initial_remainder_excluding_classified_polynomial_work,0.0038441303186118603,1,1.5648746066726744,nested_function_timer
brusselator,optimized,991,990,9,replay,object_checks_and_small_tensors,False,python_objects_and_small_tensor_checks,0.03501870250329375,1278,1.5648746066726744,nested_function_timer
brusselator,optimized,991,990,9,replay,object_checks_and_small_tensors,True,refinement_fixed_preparation,9.583821520209312e-05,4,1.5648746066726744,nested_function_timer
brusselator,optimized,991,990,9,replay,prepare_snapshot,True,refinement_fixed_preparation,0.00202373368665576,1,1.5648746066726744,nested_function_timer
brusselator,optimized,991,990,9,replay,binding_checks,False,refinement_dynamic_and_dispatch,0.00011560739949345589,9,1.5648746066726744,nested_function_timer
brusselator,optimized,991,990,9,replay,polynomial_component,True,refinement_fixed_preparation,2.486351877450943e-05,2,1.5648746066726744,nested_function_timer
brusselator,optimized,991,990,9,replay,cache_dispatch,False,refinement_dynamic_and_dispatch,0.002915931399911642,387,1.5648746066726744,nested_function_timer
brusselator,optimized,991,990,9,replay,interval_arithmetic,True,refinement_fixed_preparation,0.004568520933389664,72,1.5648746066726744,nested_function_timer
brusselator,optimized,991,990,9,replay,polynomial_mul_trunc,True,refinement_fixed_preparation,0.02346208645030856,6,1.5648746066726744,nested_function_timer
brusselator,optimized,991,990,9,replay,polynomial_range_bound,True,refinement_fixed_preparation,0.007859157864004374,7,1.5648746066726744,nested_function_timer
brusselator,optimized,991,990,9,replay,interval_arithmetic,False,refinement_dynamic_and_dispatch,0.02418417576700449,981,1.5648746066726744,nested_function_timer
brusselator,optimized,991,990,9,replay,polynomial_apply_cutoff,True,refinement_fixed_preparation,0.00468651344999671,4,1.5648746066726744,nested_function_timer
brusselator,optimized,991,990,9,replay,polynomial_sub,True,refinement_fixed_preparation,6.216578185558319e-05,5,1.5648746066726744,nested_function_timer
brusselator,optimized,991,990,9,replay,polynomial_add,True,refinement_fixed_preparation,3.720121458172798e-05,3,1.5648746066726744,nested_function_timer
brusselator,optimized,991,990,9,replay,prepare_graph,False,refinement_dynamic_and_dispatch,0.003037028945982456,2,1.5648746066726744,nested_function_timer
brusselator,optimized,991,990,9,replay,polynomial_integrate,True,refinement_fixed_preparation,0.0011736559681594372,1,1.5648746066726744,nested_function_timer
brusselator,optimized,991,990,9,replay,seal_storage,True,refinement_fixed_preparation,0.00021327706053853035,1,1.5648746066726744,nested_function_timer
brusselator,optimized,991,990,9,replay,image,False,refinement_dynamic_and_dispatch,0.022128743585199118,9,1.5648746066726744,nested_function_timer
brusselator,optimized,991,990,9,replay,_post_accept_refine_raw_remainder,False,refinement_dynamic_and_dispatch,0.0020582969300448895,1,1.5648746066726744,nested_function_timer
brusselator,optimized,991,990,9,boundary,endpoint_correction,False,boundary_and_endpoint_correction,0.014672339893877506,3,1.5648746066726744,nested_function_timer
brusselator,optimized,991,990,9,boundary,boundary,False,boundary_and_endpoint_correction,1.070440580137074,1,1.5648746066726744,nested_function_timer
brusselator,optimized,991,990,9,other,unattributed,False,other_including_unclassified_python,0.019161729607731104,0,1.5648746066726744,nested_function_timer
brusselator,optimized,992,991,9,other,object_checks_and_small_tensors,False,python_objects_and_small_tensor_checks,0.0030317120254039764,107,1.5220765229314566,nested_function_timer
brusselator,optimized,992,991,9,candidate,object_checks_and_small_tensors,False,python_objects_and_small_tensor_checks,0.010658534243702888,458,1.5220765229314566,nested_function_timer
brusselator,optimized,992,991,9,candidate,polynomial_component,True,polynomial_multiply_truncate_range,0.0003770282492041588,36,1.5220765229314566,nested_function_timer
brusselator,optimized,992,991,9,candidate,interval_arithmetic,True,polynomial_multiply_truncate_range,0.0208241012878716,324,1.5220765229314566,nested_function_timer
brusselator,optimized,992,991,9,candidate,polynomial_mul_trunc,True,polynomial_multiply_truncate_range,0.09922763286158442,24,1.5220765229314566,nested_function_timer
brusselator,optimized,992,991,9,candidate,polynomial_range_bound,True,polynomial_multiply_truncate_range,0.05658241920173168,48,1.5220765229314566,nested_function_timer
brusselator,optimized,992,991,9,candidate,interval_arithmetic,False,candidate_construction_excluding_classified_polynomial_work,0.00722370995208621,234,1.5220765229314566,nested_function_timer
brusselator,optimized,992,991,9,candidate,polynomial_sub,True,polynomial_multiply_truncate_range,0.00014901300892233849,12,1.5220765229314566,nested_function_timer
brusselator,optimized,992,991,9,candidate,polynomial_add,True,polynomial_multiply_truncate_range,0.00015008822083473206,12,1.5220765229314566,nested_function_timer
brusselator,optimized,992,991,9,candidate,polynomial_integrate,True,polynomial_multiply_truncate_range,0.007903263438493013,6,1.5220765229314566,nested_function_timer
brusselator,optimized,992,991,9,candidate,polynomial_apply_cutoff,True,polynomial_multiply_truncate_range,0.007214670535176992,6,1.5220765229314566,nested_function_timer
brusselator,optimized,992,991,9,candidate,dense_polynomial_picard,False,candidate_construction_excluding_classified_polynomial_work,0.011654490604996681,1,1.5220765229314566,nested_function_timer
brusselator,optimized,992,991,9,other,interval_arithmetic,False,other_including_unclassified_python,0.0016895351000130177,69,1.5220765229314566,nested_function_timer
brusselator,optimized,992,991,9,other,polynomial_component,True,polynomial_multiply_truncate_range,7.17327930033207e-05,6,1.5220765229314566,nested_function_timer
brusselator,optimized,992,991,9,other,interval_arithmetic,True,polynomial_multiply_truncate_range,0.003563743084669113,54,1.5220765229314566,nested_function_timer
brusselator,optimized,992,991,9,other,polynomial_mul_trunc,True,polynomial_multiply_truncate_range,0.01750536309555173,4,1.5220765229314566,nested_function_timer
brusselator,optimized,992,991,9,other,polynomial_range_bound,True,polynomial_multiply_truncate_range,0.010857639834284782,9,1.5220765229314566,nested_function_timer
brusselator,optimized,992,991,9,other,polynomial_sub,True,polynomial_multiply_truncate_range,3.380095586180687e-05,3,1.5220765229314566,nested_function_timer
brusselator,optimized,992,991,9,other,polynomial_add,True,polynomial_multiply_truncate_range,2.45608389377594e-05,2,1.5220765229314566,nested_function_timer
brusselator,optimized,992,991,9,other,polynomial_integrate,True,polynomial_multiply_truncate_range,0.001292540691792965,1,1.5220765229314566,nested_function_timer
brusselator,optimized,992,991,9,initial,polynomial_component,True,polynomial_multiply_truncate_range,8.754339069128036e-05,8,1.5220765229314566,nested_function_timer
brusselator,optimized,992,991,9,initial,object_checks_and_small_tensors,False,python_objects_and_small_tensor_checks,0.004331021104007959,152,1.5220765229314566,nested_function_timer
brusselator,optimized,992,991,9,initial,interval_arithmetic,True,polynomial_multiply_truncate_range,0.007493351586163044,117,1.5220765229314566,nested_function_timer
brusselator,optimized,992,991,9,initial,polynomial_mul_trunc,True,polynomial_multiply_truncate_range,0.0335216885432601,8,1.5220765229314566,nested_function_timer
brusselator,optimized,992,991,9,initial,polynomial_range_bound,True,polynomial_multiply_truncate_range,0.020184277556836605,17,1.5220765229314566,nested_function_timer
brusselator,optimized,992,991,9,initial,interval_arithmetic,False,initial_remainder_excluding_classified_polynomial_work,0.0028566704131662846,109,1.5220765229314566,nested_function_timer
brusselator,optimized,992,991,9,initial,polynomial_apply_cutoff,True,polynomial_multiply_truncate_range,0.006034814286977053,5,1.5220765229314566,nested_function_timer
brusselator,optimized,992,991,9,initial,polynomial_sub,True,polynomial_multiply_truncate_range,5.950732156634331e-05,5,1.5220765229314566,nested_function_timer
brusselator,optimized,992,991,9,initial,polynomial_add,True,polynomial_multiply_truncate_range,3.310712054371834e-05,3,1.5220765229314566,nested_function_timer
brusselator,optimized,992,991,9,initial,polynomial_integrate,True,polynomial_multiply_truncate_range,0.001178661361336708,1,1.5220765229314566,nested_function_timer
brusselator,optimized,992,991,9,initial,image,False,initial_remainder_excluding_classified_polynomial_work,0.003919340204447508,1,1.5220765229314566,nested_function_timer
brusselator,optimized,992,991,9,replay,object_checks_and_small_tensors,False,python_objects_and_small_tensor_checks,0.03508097538724542,1278,1.5220765229314566,nested_function_timer
brusselator,optimized,992,991,9,replay,object_checks_and_small_tensors,True,refinement_fixed_preparation,9.775534272193909e-05,4,1.5220765229314566,nested_function_timer
brusselator,optimized,992,991,9,replay,prepare_snapshot,True,refinement_fixed_preparation,0.0020519718527793884,1,1.5220765229314566,nested_function_timer
brusselator,optimized,992,991,9,replay,binding_checks,False,refinement_dynamic_and_dispatch,0.0001245797611773014,9,1.5220765229314566,nested_function_timer
brusselator,optimized,992,991,9,replay,polynomial_component,True,refinement_fixed_preparation,2.5141984224319458e-05,2,1.5220765229314566,nested_function_timer
brusselator,optimized,992,991,9,replay,cache_dispatch,False,refinement_dynamic_and_dispatch,0.0028921468183398247,387,1.5220765229314566,nested_function_timer
brusselator,optimized,992,991,9,replay,interval_arithmetic,True,refinement_fixed_preparation,0.004564018454402685,72,1.5220765229314566,nested_function_timer
brusselator,optimized,992,991,9,replay,polynomial_mul_trunc,True,refinement_fixed_preparation,0.023919974453747272,6,1.5220765229314566,nested_function_timer
brusselator,optimized,992,991,9,replay,polynomial_range_bound,True,refinement_fixed_preparation,0.007777235936373472,7,1.5220765229314566,nested_function_timer
brusselator,optimized,992,991,9,replay,interval_arithmetic,False,refinement_dynamic_and_dispatch,0.0241094920784235,981,1.5220765229314566,nested_function_timer
brusselator,optimized,992,991,9,replay,polynomial_apply_cutoff,True,refinement_fixed_preparation,0.004501729272305965,4,1.5220765229314566,nested_function_timer
brusselator,optimized,992,991,9,replay,polynomial_sub,True,refinement_fixed_preparation,6.25397078692913e-05,5,1.5220765229314566,nested_function_timer
brusselator,optimized,992,991,9,replay,polynomial_add,True,refinement_fixed_preparation,3.599608317017555e-05,3,1.5220765229314566,nested_function_timer
brusselator,optimized,992,991,9,replay,prepare_graph,False,refinement_dynamic_and_dispatch,0.003077351488173008,2,1.5220765229314566,nested_function_timer
brusselator,optimized,992,991,9,replay,polynomial_integrate,True,refinement_fixed_preparation,0.0011903932318091393,1,1.5220765229314566,nested_function_timer
brusselator,optimized,992,991,9,replay,seal_storage,True,refinement_fixed_preparation,0.00021100882440805435,1,1.5220765229314566,nested_function_timer
brusselator,optimized,992,991,9,replay,image,False,refinement_dynamic_and_dispatch,0.021954647731035948,9,1.5220765229314566,nested_function_timer
brusselator,optimized,992,991,9,replay,_post_accept_refine_raw_remainder,False,refinement_dynamic_and_dispatch,0.002089007291942835,1,1.5220765229314566,nested_function_timer
brusselator,optimized,992,991,9,boundary,endpoint_correction,False,boundary_and_endpoint_correction,0.014556167181581259,3,1.5220765229314566,nested_function_timer
brusselator,optimized,992,991,9,boundary,boundary,False,boundary_and_endpoint_correction,1.0135718318633735,1,1.5220765229314566,nested_function_timer
brusselator,optimized,992,991,9,other,unattributed,False,other_including_unclassified_python,0.02044699527323246,0,1.5220765229314566,nested_function_timer
brusselator,optimized,993,992,9,other,object_checks_and_small_tensors,False,python_objects_and_small_tensor_checks,0.002652200870215893,107,1.5697879567742348,nested_function_timer
brusselator,optimized,993,992,9,candidate,object_checks_and_small_tensors,False,python_objects_and_small_tensor_checks,0.009903844445943832,458,1.5697879567742348,nested_function_timer
brusselator,optimized,993,992,9,candidate,polynomial_component,True,polynomial_multiply_truncate_range,0.0003604157827794552,36,1.5697879567742348,nested_function_timer
brusselator,optimized,993,992,9,candidate,interval_arithmetic,True,polynomial_multiply_truncate_range,0.019667196553200483,324,1.5697879567742348,nested_function_timer
brusselator,optimized,993,992,9,candidate,polynomial_mul_trunc,True,polynomial_multiply_truncate_range,0.09456833871081471,24,1.5697879567742348,nested_function_timer
brusselator,optimized,993,992,9,candidate,polynomial_range_bound,True,polynomial_multiply_truncate_range,0.05314312130212784,48,1.5697879567742348,nested_function_timer
brusselator,optimized,993,992,9,candidate,interval_arithmetic,False,candidate_construction_excluding_classified_polynomial_work,0.006731491070240736,234,1.5697879567742348,nested_function_timer
brusselator,optimized,993,992,9,candidate,polynomial_sub,True,polynomial_multiply_truncate_range,0.00014698971062898636,12,1.5697879567742348,nested_function_timer
brusselator,optimized,993,992,9,candidate,polynomial_add,True,polynomial_multiply_truncate_range,0.00013931794092059135,12,1.5697879567742348,nested_function_timer
brusselator,optimized,993,992,9,candidate,polynomial_integrate,True,polynomial_multiply_truncate_range,0.007086059078574181,6,1.5697879567742348,nested_function_timer
brusselator,optimized,993,992,9,candidate,polynomial_apply_cutoff,True,polynomial_multiply_truncate_range,0.006863861810415983,6,1.5697879567742348,nested_function_timer
brusselator,optimized,993,992,9,candidate,dense_polynomial_picard,False,candidate_construction_excluding_classified_polynomial_work,0.011076648253947496,1,1.5697879567742348,nested_function_timer
brusselator,optimized,993,992,9,other,interval_arithmetic,False,other_including_unclassified_python,0.0015601473860442638,69,1.5697879567742348,nested_function_timer
brusselator,optimized,993,992,9,other,polynomial_component,True,polynomial_multiply_truncate_range,6.34114257991314e-05,6,1.5697879567742348,nested_function_timer
brusselator,optimized,993,992,9,other,interval_arithmetic,True,polynomial_multiply_truncate_range,0.003238153178244829,54,1.5697879567742348,nested_function_timer
brusselator,optimized,993,992,9,other,polynomial_mul_trunc,True,polynomial_multiply_truncate_range,0.015745215117931366,4,1.5697879567742348,nested_function_timer
brusselator,optimized,993,992,9,other,polynomial_range_bound,True,polynomial_multiply_truncate_range,0.009916194714605808,9,1.5697879567742348,nested_function_timer
brusselator,optimized,993,992,9,other,polynomial_sub,True,polynomial_multiply_truncate_range,3.1433068215847015e-05,3,1.5697879567742348,nested_function_timer
brusselator,optimized,993,992,9,other,polynomial_add,True,polynomial_multiply_truncate_range,2.3592263460159302e-05,2,1.5697879567742348,nested_function_timer
brusselator,optimized,993,992,9,other,polynomial_integrate,True,polynomial_multiply_truncate_range,0.001238672062754631,1,1.5697879567742348,nested_function_timer
brusselator,optimized,993,992,9,initial,polynomial_component,True,polynomial_multiply_truncate_range,8.112750947475433e-05,8,1.5697879567742348,nested_function_timer
brusselator,optimized,993,992,9,initial,object_checks_and_small_tensors,False,python_objects_and_small_tensor_checks,0.004188992083072662,152,1.5697879567742348,nested_function_timer
brusselator,optimized,993,992,9,initial,interval_arithmetic,True,polynomial_multiply_truncate_range,0.0070672472938895226,117,1.5697879567742348,nested_function_timer
brusselator,optimized,993,992,9,initial,polynomial_mul_trunc,True,polynomial_multiply_truncate_range,0.08846567803993821,8,1.5697879567742348,nested_function_timer
brusselator,optimized,993,992,9,initial,polynomial_range_bound,True,polynomial_multiply_truncate_range,0.01862785080447793,17,1.5697879567742348,nested_function_timer
brusselator,optimized,993,992,9,initial,interval_arithmetic,False,initial_remainder_excluding_classified_polynomial_work,0.0027850898914039135,109,1.5697879567742348,nested_function_timer
brusselator,optimized,993,992,9,initial,polynomial_apply_cutoff,True,polynomial_multiply_truncate_range,0.0057386369444429874,5,1.5697879567742348,nested_function_timer
brusselator,optimized,993,992,9,initial,polynomial_sub,True,polynomial_multiply_truncate_range,6.942031905055046e-05,5,1.5697879567742348,nested_function_timer
brusselator,optimized,993,992,9,initial,polynomial_add,True,polynomial_multiply_truncate_range,3.406591713428497e-05,3,1.5697879567742348,nested_function_timer
brusselator,optimized,993,992,9,initial,polynomial_integrate,True,polynomial_multiply_truncate_range,0.0011653848923742771,1,1.5697879567742348,nested_function_timer
brusselator,optimized,993,992,9,initial,image,False,initial_remainder_excluding_classified_polynomial_work,0.0038542994298040867,1,1.5697879567742348,nested_function_timer
brusselator,optimized,993,992,9,replay,object_checks_and_small_tensors,False,python_objects_and_small_tensor_checks,0.034852927550673485,1278,1.5697879567742348,nested_function_timer
brusselator,optimized,993,992,9,replay,object_checks_and_small_tensors,True,refinement_fixed_preparation,9.476812556385994e-05,4,1.5697879567742348,nested_function_timer
brusselator,optimized,993,992,9,replay,prepare_snapshot,True,refinement_fixed_preparation,0.0019584130495786667,1,1.5697879567742348,nested_function_timer
brusselator,optimized,993,992,9,replay,binding_checks,False,refinement_dynamic_and_dispatch,0.00011416664347052574,9,1.5697879567742348,nested_function_timer
brusselator,optimized,993,992,9,replay,polynomial_component,True,refinement_fixed_preparation,2.411380410194397e-05,2,1.5697879567742348,nested_function_timer
brusselator,optimized,993,992,9,replay,cache_dispatch,False,refinement_dynamic_and_dispatch,0.002906594891101122,387,1.5697879567742348,nested_function_timer
brusselator,optimized,993,992,9,replay,interval_arithmetic,True,refinement_fixed_preparation,0.004550905432552099,72,1.5697879567742348,nested_function_timer
brusselator,optimized,993,992,9,replay,polynomial_mul_trunc,True,refinement_fixed_preparation,0.023502318654209375,6,1.5697879567742348,nested_function_timer
brusselator,optimized,993,992,9,replay,polynomial_range_bound,True,refinement_fixed_preparation,0.007753205485641956,7,1.5697879567742348,nested_function_timer
brusselator,optimized,993,992,9,replay,interval_arithmetic,False,refinement_dynamic_and_dispatch,0.024257715791463852,981,1.5697879567742348,nested_function_timer
brusselator,optimized,993,992,9,replay,polynomial_apply_cutoff,True,refinement_fixed_preparation,0.004599119536578655,4,1.5697879567742348,nested_function_timer
brusselator,optimized,993,992,9,replay,polynomial_sub,True,refinement_fixed_preparation,6.240420043468475e-05,5,1.5697879567742348,nested_function_timer
brusselator,optimized,993,992,9,replay,polynomial_add,True,refinement_fixed_preparation,3.614230081439018e-05,3,1.5697879567742348,nested_function_timer
brusselator,optimized,993,992,9,replay,prepare_graph,False,refinement_dynamic_and_dispatch,0.0031332597136497498,2,1.5697879567742348,nested_function_timer
brusselator,optimized,993,992,9,replay,polynomial_integrate,True,refinement_fixed_preparation,0.0011862954124808311,1,1.5697879567742348,nested_function_timer
brusselator,optimized,993,992,9,replay,seal_storage,True,refinement_fixed_preparation,0.00027272384613752365,1,1.5697879567742348,nested_function_timer
brusselator,optimized,993,992,9,replay,image,False,refinement_dynamic_and_dispatch,0.02220184076577425,9,1.5697879567742348,nested_function_timer
brusselator,optimized,993,992,9,replay,_post_accept_refine_raw_remainder,False,refinement_dynamic_and_dispatch,0.0020733093842864037,1,1.5697879567742348,nested_function_timer
brusselator,optimized,993,992,9,boundary,endpoint_correction,False,boundary_and_endpoint_correction,0.014955053105950356,3,1.5697879567742348,nested_function_timer
brusselator,optimized,993,992,9,boundary,boundary,False,boundary_and_endpoint_correction,1.0247621550224721,1,1.5697879567742348,nested_function_timer
brusselator,optimized,993,992,9,other,unattributed,False,other_including_unclassified_python,0.02025642618536949,0,1.5697879567742348,nested_function_timer
brusselator,optimized,994,993,9,other,object_checks_and_small_tensors,False,python_objects_and_small_tensor_checks,0.0026604337617754936,107,1.5891781146638095,nested_function_timer
brusselator,optimized,994,993,9,candidate,object_checks_and_small_tensors,False,python_objects_and_small_tensor_checks,0.010051867924630642,458,1.5891781146638095,nested_function_timer
brusselator,optimized,994,993,9,candidate,polynomial_component,True,polynomial_multiply_truncate_range,0.0003718319348990917,36,1.5891781146638095,nested_function_timer
brusselator,optimized,994,993,9,candidate,interval_arithmetic,True,polynomial_multiply_truncate_range,0.019909242168068886,324,1.5891781146638095,nested_function_timer
brusselator,optimized,994,993,9,candidate,polynomial_mul_trunc,True,polynomial_multiply_truncate_range,0.09592293202877045,24,1.5891781146638095,nested_function_timer
brusselator,optimized,994,993,9,candidate,polynomial_range_bound,True,polynomial_multiply_truncate_range,0.05436372384428978,48,1.5891781146638095,nested_function_timer
brusselator,optimized,994,993,9,candidate,interval_arithmetic,False,candidate_construction_excluding_classified_polynomial_work,0.006773325614631176,234,1.5891781146638095,nested_function_timer
brusselator,optimized,994,993,9,candidate,polynomial_sub,True,polynomial_multiply_truncate_range,0.00014053471386432648,12,1.5891781146638095,nested_function_timer
brusselator,optimized,994,993,9,candidate,polynomial_add,True,polynomial_multiply_truncate_range,0.0001429365947842598,12,1.5891781146638095,nested_function_timer
brusselator,optimized,994,993,9,candidate,polynomial_integrate,True,polynomial_multiply_truncate_range,0.007319651544094086,6,1.5891781146638095,nested_function_timer
brusselator,optimized,994,993,9,candidate,polynomial_apply_cutoff,True,polynomial_multiply_truncate_range,0.006827936973422766,6,1.5891781146638095,nested_function_timer
brusselator,optimized,994,993,9,candidate,dense_polynomial_picard,False,candidate_construction_excluding_classified_polynomial_work,0.011192705482244492,1,1.5891781146638095,nested_function_timer
brusselator,optimized,994,993,9,other,interval_arithmetic,False,other_including_unclassified_python,0.0015137665905058384,69,1.5891781146638095,nested_function_timer
brusselator,optimized,994,993,9,other,polynomial_component,True,polynomial_multiply_truncate_range,6.199534982442856e-05,6,1.5891781146638095,nested_function_timer
brusselator,optimized,994,993,9,other,interval_arithmetic,True,polynomial_multiply_truncate_range,0.0032277959398925304,54,1.5891781146638095,nested_function_timer
brusselator,optimized,994,993,9,other,polynomial_mul_trunc,True,polynomial_multiply_truncate_range,0.0157297789119184,4,1.5891781146638095,nested_function_timer
brusselator,optimized,994,993,9,other,polynomial_range_bound,True,polynomial_multiply_truncate_range,0.00993707263842225,9,1.5891781146638095,nested_function_timer
brusselator,optimized,994,993,9,other,polynomial_sub,True,polynomial_multiply_truncate_range,3.335578367114067e-05,3,1.5891781146638095,nested_function_timer
brusselator,optimized,994,993,9,other,polynomial_add,True,polynomial_multiply_truncate_range,2.4030450731515884e-05,2,1.5891781146638095,nested_function_timer
brusselator,optimized,994,993,9,other,polynomial_integrate,True,polynomial_multiply_truncate_range,0.0011875666677951813,1,1.5891781146638095,nested_function_timer
brusselator,optimized,994,993,9,initial,polynomial_component,True,polynomial_multiply_truncate_range,8.035823702812195e-05,8,1.5891781146638095,nested_function_timer
brusselator,optimized,994,993,9,initial,object_checks_and_small_tensors,False,python_objects_and_small_tensor_checks,0.004139273427426815,152,1.5891781146638095,nested_function_timer
brusselator,optimized,994,993,9,initial,interval_arithmetic,True,polynomial_multiply_truncate_range,0.0069694602862000465,117,1.5891781146638095,nested_function_timer
brusselator,optimized,994,993,9,initial,polynomial_mul_trunc,True,polynomial_multiply_truncate_range,0.03097169427201152,8,1.5891781146638095,nested_function_timer
brusselator,optimized,994,993,9,initial,polynomial_range_bound,True,polynomial_multiply_truncate_range,0.01908739795908332,17,1.5891781146638095,nested_function_timer
brusselator,optimized,994,993,9,initial,interval_arithmetic,False,initial_remainder_excluding_classified_polynomial_work,0.002738097682595253,109,1.5891781146638095,nested_function_timer
brusselator,optimized,994,993,9,initial,polynomial_apply_cutoff,True,polynomial_multiply_truncate_range,0.005651233252137899,5,1.5891781146638095,nested_function_timer
brusselator,optimized,994,993,9,initial,polynomial_sub,True,polynomial_multiply_truncate_range,5.79063780605793e-05,5,1.5891781146638095,nested_function_timer
brusselator,optimized,994,993,9,initial,polynomial_add,True,polynomial_multiply_truncate_range,3.26056033372879e-05,3,1.5891781146638095,nested_function_timer
brusselator,optimized,994,993,9,initial,polynomial_integrate,True,polynomial_multiply_truncate_range,0.0011678710579872131,1,1.5891781146638095,nested_function_timer
brusselator,optimized,994,993,9,initial,image,False,initial_remainder_excluding_classified_polynomial_work,0.003753878641873598,1,1.5891781146638095,nested_function_timer
brusselator,optimized,994,993,9,replay,object_checks_and_small_tensors,False,python_objects_and_small_tensor_checks,0.03504697419703007,1278,1.5891781146638095,nested_function_timer
brusselator,optimized,994,993,9,replay,object_checks_and_small_tensors,True,refinement_fixed_preparation,9.531294927001e-05,4,1.5891781146638095,nested_function_timer
brusselator,optimized,994,993,9,replay,prepare_snapshot,True,refinement_fixed_preparation,0.0019996347837150097,1,1.5891781146638095,nested_function_timer
brusselator,optimized,994,993,9,replay,binding_checks,False,refinement_dynamic_and_dispatch,0.00011626770719885826,9,1.5891781146638095,nested_function_timer
brusselator,optimized,994,993,9,replay,polynomial_component,True,refinement_fixed_preparation,2.491706982254982e-05,2,1.5891781146638095,nested_function_timer
brusselator,optimized,994,993,9,replay,cache_dispatch,False,refinement_dynamic_and_dispatch,0.0028804587200284004,387,1.5891781146638095,nested_function_timer
brusselator,optimized,994,993,9,replay,interval_arithmetic,True,refinement_fixed_preparation,0.004558115266263485,72,1.5891781146638095,nested_function_timer
brusselator,optimized,994,993,9,replay,polynomial_mul_trunc,True,refinement_fixed_preparation,0.023547593969851732,6,1.5891781146638095,nested_function_timer
brusselator,optimized,994,993,9,replay,polynomial_range_bound,True,refinement_fixed_preparation,0.007893395610153675,7,1.5891781146638095,nested_function_timer
brusselator,optimized,994,993,9,replay,interval_arithmetic,False,refinement_dynamic_and_dispatch,0.024165062699466944,981,1.5891781146638095,nested_function_timer
brusselator,optimized,994,993,9,replay,polynomial_apply_cutoff,True,refinement_fixed_preparation,0.004492887295782566,4,1.5891781146638095,nested_function_timer
brusselator,optimized,994,993,9,replay,polynomial_sub,True,refinement_fixed_preparation,7.01327808201313e-05,5,1.5891781146638095,nested_function_timer
brusselator,optimized,994,993,9,replay,polynomial_add,True,refinement_fixed_preparation,3.754906356334686e-05,3,1.5891781146638095,nested_function_timer
brusselator,optimized,994,993,9,replay,prepare_graph,False,refinement_dynamic_and_dispatch,0.003144375514239073,2,1.5891781146638095,nested_function_timer
brusselator,optimized,994,993,9,replay,polynomial_integrate,True,refinement_fixed_preparation,0.0011864695698022842,1,1.5891781146638095,nested_function_timer
brusselator,optimized,994,993,9,replay,seal_storage,True,refinement_fixed_preparation,0.000205290038138628,1,1.5891781146638095,nested_function_timer
brusselator,optimized,994,993,9,replay,image,False,refinement_dynamic_and_dispatch,0.022187839727848768,9,1.5891781146638095,nested_function_timer
brusselator,optimized,994,993,9,replay,_post_accept_refine_raw_remainder,False,refinement_dynamic_and_dispatch,0.0020779049955308437,1,1.5891781146638095,nested_function_timer
brusselator,optimized,994,993,9,boundary,endpoint_correction,False,boundary_and_endpoint_correction,0.01573373330757022,3,1.5891781146638095,nested_function_timer
brusselator,optimized,994,993,9,boundary,boundary,False,boundary_and_endpoint_correction,1.0964550958015025,1,1.5891781146638095,nested_function_timer
brusselator,optimized,994,993,9,other,unattributed,False,other_including_unclassified_python,0.021216841880232096,0,1.5891781146638095,nested_function_timer
brusselator,optimized,995,994,9,other,object_checks_and_small_tensors,False,python_objects_and_small_tensor_checks,0.002705236431211233,107,1.5703538837842643,nested_function_timer
brusselator,optimized,995,994,9,candidate,object_checks_and_small_tensors,False,python_objects_and_small_tensor_checks,0.009984960313886404,458,1.5703538837842643,nested_function_timer
brusselator,optimized,995,994,9,candidate,polynomial_component,True,polynomial_multiply_truncate_range,0.00036549242213368416,36,1.5703538837842643,nested_function_timer
brusselator,optimized,995,994,9,candidate,interval_arithmetic,True,polynomial_multiply_truncate_range,0.019938422832638025,324,1.5703538837842643,nested_function_timer
brusselator,optimized,995,994,9,candidate,polynomial_mul_trunc,True,polynomial_multiply_truncate_range,0.09494986245408654,24,1.5703538837842643,nested_function_timer
brusselator,optimized,995,994,9,candidate,polynomial_range_bound,True,polynomial_multiply_truncate_range,0.05343150580301881,48,1.5703538837842643,nested_function_timer
brusselator,optimized,995,994,9,candidate,interval_arithmetic,False,candidate_construction_excluding_classified_polynomial_work,0.006767109967768192,234,1.5703538837842643,nested_function_timer
brusselator,optimized,995,994,9,candidate,polynomial_sub,True,polynomial_multiply_truncate_range,0.00013762107118964195,12,1.5703538837842643,nested_function_timer
brusselator,optimized,995,994,9,candidate,polynomial_add,True,polynomial_multiply_truncate_range,0.0001540323719382286,12,1.5703538837842643,nested_function_timer
brusselator,optimized,995,994,9,candidate,polynomial_integrate,True,polynomial_multiply_truncate_range,0.0072715627029538155,6,1.5703538837842643,nested_function_timer
brusselator,optimized,995,994,9,candidate,polynomial_apply_cutoff,True,polynomial_multiply_truncate_range,0.00707582151517272,6,1.5703538837842643,nested_function_timer
brusselator,optimized,995,994,9,candidate,dense_polynomial_picard,False,candidate_construction_excluding_classified_polynomial_work,0.011188232339918613,1,1.5703538837842643,nested_function_timer
brusselator,optimized,995,994,9,other,interval_arithmetic,False,other_including_unclassified_python,0.0015599499456584454,69,1.5703538837842643,nested_function_timer
brusselator,optimized,995,994,9,other,polynomial_component,True,polynomial_multiply_truncate_range,6.202328950166702e-05,6,1.5703538837842643,nested_function_timer
brusselator,optimized,995,994,9,other,interval_arithmetic,True,polynomial_multiply_truncate_range,0.003235423006117344,54,1.5703538837842643,nested_function_timer
brusselator,optimized,995,994,9,other,polynomial_mul_trunc,True,polynomial_multiply_truncate_range,0.015538959763944149,4,1.5703538837842643,nested_function_timer
brusselator,optimized,995,994,9,other,polynomial_range_bound,True,polynomial_multiply_truncate_range,0.009976459667086601,9,1.5703538837842643,nested_function_timer
brusselator,optimized,995,994,9,other,polynomial_sub,True,polynomial_multiply_truncate_range,3.427267074584961e-05,3,1.5703538837842643,nested_function_timer
brusselator,optimized,995,994,9,other,polynomial_add,True,polynomial_multiply_truncate_range,2.3451633751392365e-05,2,1.5703538837842643,nested_function_timer
brusselator,optimized,995,994,9,other,polynomial_integrate,True,polynomial_multiply_truncate_range,0.001198850106447935,1,1.5703538837842643,nested_function_timer
brusselator,optimized,995,994,9,initial,polynomial_component,True,polynomial_multiply_truncate_range,8.2340557128191e-05,8,1.5703538837842643,nested_function_timer
brusselator,optimized,995,994,9,initial,object_checks_and_small_tensors,False,python_objects_and_small_tensor_checks,0.004223483148962259,152,1.5703538837842643,nested_function_timer
brusselator,optimized,995,994,9,initial,interval_arithmetic,True,polynomial_multiply_truncate_range,0.007058061193674803,117,1.5703538837842643,nested_function_timer
brusselator,optimized,995,994,9,initial,polynomial_mul_trunc,True,polynomial_multiply_truncate_range,0.031683271285146475,8,1.5703538837842643,nested_function_timer
brusselator,optimized,995,994,9,initial,polynomial_range_bound,True,polynomial_multiply_truncate_range,0.018961303867399693,17,1.5703538837842643,nested_function_timer
brusselator,optimized,995,994,9,initial,interval_arithmetic,False,initial_remainder_excluding_classified_polynomial_work,0.002799968235194683,109,1.5703538837842643,nested_function_timer
brusselator,optimized,995,994,9,initial,polynomial_apply_cutoff,True,polynomial_multiply_truncate_range,0.005676682107150555,5,1.5703538837842643,nested_function_timer
brusselator,optimized,995,994,9,initial,polynomial_sub,True,polynomial_multiply_truncate_range,6.001954898238182e-05,5,1.5703538837842643,nested_function_timer
brusselator,optimized,995,994,9,initial,polynomial_add,True,polynomial_multiply_truncate_range,3.452831879258156e-05,3,1.5703538837842643,nested_function_timer
brusselator,optimized,995,994,9,initial,polynomial_integrate,True,polynomial_multiply_truncate_range,0.0011716140434145927,1,1.5703538837842643,nested_function_timer
brusselator,optimized,995,994,9,initial,image,False,initial_remainder_excluding_classified_polynomial_work,0.0038185780867934227,1,1.5703538837842643,nested_function_timer
brusselator,optimized,995,994,9,replay,object_checks_and_small_tensors,False,python_objects_and_small_tensor_checks,0.03560006804764271,1278,1.5703538837842643,nested_function_timer
brusselator,optimized,995,994,9,replay,object_checks_and_small_tensors,True,refinement_fixed_preparation,0.00010417308658361435,4,1.5703538837842643,nested_function_timer
brusselator,optimized,995,994,9,replay,prepare_snapshot,True,refinement_fixed_preparation,0.0020093959756195545,1,1.5703538837842643,nested_function_timer
brusselator,optimized,995,994,9,replay,binding_checks,False,refinement_dynamic_and_dispatch,0.00011336104944348335,9,1.5703538837842643,nested_function_timer
brusselator,optimized,995,994,9,replay,polynomial_component,True,refinement_fixed_preparation,2.531474456191063e-05,2,1.5703538837842643,nested_function_timer
brusselator,optimized,995,994,9,replay,cache_dispatch,False,refinement_dynamic_and_dispatch,0.0029036891646683216,387,1.5703538837842643,nested_function_timer
brusselator,optimized,995,994,9,replay,interval_arithmetic,True,refinement_fixed_preparation,0.004574071150273085,72,1.5703538837842643,nested_function_timer
brusselator,optimized,995,994,9,replay,polynomial_mul_trunc,True,refinement_fixed_preparation,0.02371319429948926,6,1.5703538837842643,nested_function_timer
brusselator,optimized,995,994,9,replay,polynomial_range_bound,True,refinement_fixed_preparation,0.007753598503768444,7,1.5703538837842643,nested_function_timer
brusselator,optimized,995,994,9,replay,interval_arithmetic,False,refinement_dynamic_and_dispatch,0.024417147506028414,981,1.5703538837842643,nested_function_timer
brusselator,optimized,995,994,9,replay,polynomial_apply_cutoff,True,refinement_fixed_preparation,0.004508600570261478,4,1.5703538837842643,nested_function_timer
brusselator,optimized,995,994,9,replay,polynomial_sub,True,refinement_fixed_preparation,6.372807547450066e-05,5,1.5703538837842643,nested_function_timer
brusselator,optimized,995,994,9,replay,polynomial_add,True,refinement_fixed_preparation,3.580097109079361e-05,3,1.5703538837842643,nested_function_timer
brusselator,optimized,995,994,9,replay,prepare_graph,False,refinement_dynamic_and_dispatch,0.0030840751715004444,2,1.5703538837842643,nested_function_timer
brusselator,optimized,995,994,9,replay,polynomial_integrate,True,refinement_fixed_preparation,0.001181198749691248,1,1.5703538837842643,nested_function_timer
brusselator,optimized,995,994,9,replay,seal_storage,True,refinement_fixed_preparation,0.00020269956439733505,1,1.5703538837842643,nested_function_timer
brusselator,optimized,995,994,9,replay,image,False,refinement_dynamic_and_dispatch,0.02245242614299059,9,1.5703538837842643,nested_function_timer
brusselator,optimized,995,994,9,replay,_post_accept_refine_raw_remainder,False,refinement_dynamic_and_dispatch,0.002119641285389662,1,1.5703538837842643,nested_function_timer
brusselator,optimized,995,994,9,boundary,endpoint_correction,False,boundary_and_endpoint_correction,0.01519141485914588,3,1.5703538837842643,nested_function_timer
brusselator,optimized,995,994,9,boundary,boundary,False,boundary_and_endpoint_correction,1.0780333122238517,1,1.5703538837842643,nested_function_timer
brusselator,optimized,995,994,9,other,unattributed,False,other_including_unclassified_python,0.02109787194058299,0,1.5703538837842643,nested_function_timer
brusselator,optimized,996,995,9,other,object_checks_and_small_tensors,False,python_objects_and_small_tensor_checks,0.0026580970734357834,107,1.5828882460482419,nested_function_timer
brusselator,optimized,996,995,9,candidate,object_checks_and_small_tensors,False,python_objects_and_small_tensor_checks,0.01008136197924614,458,1.5828882460482419,nested_function_timer
brusselator,optimized,996,995,9,candidate,polynomial_component,True,polynomial_multiply_truncate_range,0.0003630504943430424,36,1.5828882460482419,nested_function_timer
brusselator,optimized,996,995,9,candidate,interval_arithmetic,True,polynomial_multiply_truncate_range,0.020027639344334602,324,1.5828882460482419,nested_function_timer
brusselator,optimized,996,995,9,candidate,polynomial_mul_trunc,True,polynomial_multiply_truncate_range,0.09488578140735626,24,1.5828882460482419,nested_function_timer
brusselator,optimized,996,995,9,candidate,polynomial_range_bound,True,polynomial_multiply_truncate_range,0.05379226943477988,48,1.5828882460482419,nested_function_timer
brusselator,optimized,996,995,9,candidate,interval_arithmetic,False,candidate_construction_excluding_classified_polynomial_work,0.006809246260672808,234,1.5828882460482419,nested_function_timer
brusselator,optimized,996,995,9,candidate,polynomial_sub,True,polynomial_multiply_truncate_range,0.0001482204534113407,12,1.5828882460482419,nested_function_timer
brusselator,optimized,996,995,9,candidate,polynomial_add,True,polynomial_multiply_truncate_range,0.00014110421761870384,12,1.5828882460482419,nested_function_timer
brusselator,optimized,996,995,9,candidate,polynomial_integrate,True,polynomial_multiply_truncate_range,0.007118947803974152,6,1.5828882460482419,nested_function_timer
brusselator,optimized,996,995,9,candidate,polynomial_apply_cutoff,True,polynomial_multiply_truncate_range,0.006798321846872568,6,1.5828882460482419,nested_function_timer
brusselator,optimized,996,995,9,candidate,dense_polynomial_picard,False,candidate_construction_excluding_classified_polynomial_work,0.011261912528425455,1,1.5828882460482419,nested_function_timer
brusselator,optimized,996,995,9,other,interval_arithmetic,False,other_including_unclassified_python,0.001596734393388033,69,1.5828882460482419,nested_function_timer
brusselator,optimized,996,995,9,other,polynomial_component,True,polynomial_multiply_truncate_range,6.717164069414139e-05,6,1.5828882460482419,nested_function_timer
brusselator,optimized,996,995,9,other,interval_arithmetic,True,polynomial_multiply_truncate_range,0.0032940185628831387,54,1.5828882460482419,nested_function_timer
brusselator,optimized,996,995,9,other,polynomial_mul_trunc,True,polynomial_multiply_truncate_range,0.01563491625711322,4,1.5828882460482419,nested_function_timer
brusselator,optimized,996,995,9,other,polynomial_range_bound,True,polynomial_multiply_truncate_range,0.009948635939508677,9,1.5828882460482419,nested_function_timer
brusselator,optimized,996,995,9,other,polynomial_sub,True,polynomial_multiply_truncate_range,3.160769119858742e-05,3,1.5828882460482419,nested_function_timer
brusselator,optimized,996,995,9,other,polynomial_add,True,polynomial_multiply_truncate_range,2.2528227418661118e-05,2,1.5828882460482419,nested_function_timer
brusselator,optimized,996,995,9,other,polynomial_integrate,True,polynomial_multiply_truncate_range,0.0012798793613910675,1,1.5828882460482419,nested_function_timer
brusselator,optimized,996,995,9,initial,polynomial_component,True,polynomial_multiply_truncate_range,8.071959018707275e-05,8,1.5828882460482419,nested_function_timer
brusselator,optimized,996,995,9,initial,object_checks_and_small_tensors,False,python_objects_and_small_tensor_checks,0.004290108103305101,152,1.5828882460482419,nested_function_timer
brusselator,optimized,996,995,9,initial,interval_arithmetic,True,polynomial_multiply_truncate_range,0.0070757498033344746,117,1.5828882460482419,nested_function_timer
brusselator,optimized,996,995,9,initial,polynomial_mul_trunc,True,polynomial_multiply_truncate_range,0.03144913958385587,8,1.5828882460482419,nested_function_timer
brusselator,optimized,996,995,9,initial,polynomial_range_bound,True,polynomial_multiply_truncate_range,0.019221404567360878,17,1.5828882460482419,nested_function_timer
brusselator,optimized,996,995,9,initial,interval_arithmetic,False,initial_remainder_excluding_classified_polynomial_work,0.0028327815234661102,109,1.5828882460482419,nested_function_timer
brusselator,optimized,996,995,9,initial,polynomial_apply_cutoff,True,polynomial_multiply_truncate_range,0.005652934778481722,5,1.5828882460482419,nested_function_timer
brusselator,optimized,996,995,9,initial,polynomial_sub,True,polynomial_multiply_truncate_range,6.135646253824234e-05,5,1.5828882460482419,nested_function_timer
brusselator,optimized,996,995,9,initial,polynomial_add,True,polynomial_multiply_truncate_range,3.319280222058296e-05,3,1.5828882460482419,nested_function_timer
brusselator,optimized,996,995,9,initial,polynomial_integrate,True,polynomial_multiply_truncate_range,0.001227271743118763,1,1.5828882460482419,nested_function_timer
brusselator,optimized,996,995,9,initial,image,False,initial_remainder_excluding_classified_polynomial_work,0.003871890250593424,1,1.5828882460482419,nested_function_timer
brusselator,optimized,996,995,9,replay,object_checks_and_small_tensors,False,python_objects_and_small_tensor_checks,0.03978546801954508,1278,1.5828882460482419,nested_function_timer
brusselator,optimized,996,995,9,replay,object_checks_and_small_tensors,True,refinement_fixed_preparation,9.865593165159225e-05,4,1.5828882460482419,nested_function_timer
brusselator,optimized,996,995,9,replay,prepare_snapshot,True,refinement_fixed_preparation,0.0021204971708357334,1,1.5828882460482419,nested_function_timer
brusselator,optimized,996,995,9,replay,binding_checks,False,refinement_dynamic_and_dispatch,0.00012733135372400284,9,1.5828882460482419,nested_function_timer
brusselator,optimized,996,995,9,replay,polynomial_component,True,refinement_fixed_preparation,2.5914981961250305e-05,2,1.5828882460482419,nested_function_timer
brusselator,optimized,996,995,9,replay,cache_dispatch,False,refinement_dynamic_and_dispatch,0.003223027102649212,387,1.5828882460482419,nested_function_timer
brusselator,optimized,996,995,9,replay,interval_arithmetic,True,refinement_fixed_preparation,0.0051137832924723625,72,1.5828882460482419,nested_function_timer
brusselator,optimized,996,995,9,replay,polynomial_mul_trunc,True,refinement_fixed_preparation,0.025593631900846958,6,1.5828882460482419,nested_function_timer
brusselator,optimized,996,995,9,replay,polynomial_range_bound,True,refinement_fixed_preparation,0.0086051095277071,7,1.5828882460482419,nested_function_timer
brusselator,optimized,996,995,9,replay,interval_arithmetic,False,refinement_dynamic_and_dispatch,0.02753930166363716,981,1.5828882460482419,nested_function_timer
brusselator,optimized,996,995,9,replay,polynomial_apply_cutoff,True,refinement_fixed_preparation,0.00498421723023057,4,1.5828882460482419,nested_function_timer
brusselator,optimized,996,995,9,replay,polynomial_sub,True,refinement_fixed_preparation,7.086480036377907e-05,5,1.5828882460482419,nested_function_timer
brusselator,optimized,996,995,9,replay,polynomial_add,True,refinement_fixed_preparation,4.335399717092514e-05,3,1.5828882460482419,nested_function_timer
brusselator,optimized,996,995,9,replay,prepare_graph,False,refinement_dynamic_and_dispatch,0.003389896359294653,2,1.5828882460482419,nested_function_timer
brusselator,optimized,996,995,9,replay,polynomial_integrate,True,refinement_fixed_preparation,0.0014852248132228851,1,1.5828882460482419,nested_function_timer
brusselator,optimized,996,995,9,replay,seal_storage,True,refinement_fixed_preparation,0.000247378833591938,1,1.5828882460482419,nested_function_timer
brusselator,optimized,996,995,9,replay,image,False,refinement_dynamic_and_dispatch,0.025005712173879147,9,1.5828882460482419,nested_function_timer
brusselator,optimized,996,995,9,replay,_post_accept_refine_raw_remainder,False,refinement_dynamic_and_dispatch,0.0024040788412094116,1,1.5828882460482419,nested_function_timer
brusselator,optimized,996,995,9,boundary,endpoint_correction,False,boundary_and_endpoint_correction,0.01581843663007021,3,1.5828882460482419,nested_function_timer
brusselator,optimized,996,995,9,boundary,boundary,False,boundary_and_endpoint_correction,1.0747095099650323,1,1.5828882460482419,nested_function_timer
brusselator,optimized,996,995,9,other,unattributed,False,other_including_unclassified_python,0.020738857332617044,0,1.5828882460482419,nested_function_timer
brusselator,optimized,997,996,9,other,object_checks_and_small_tensors,False,python_objects_and_small_tensor_checks,0.0027066045440733433,107,1.530452521983534,nested_function_timer
brusselator,optimized,997,996,9,candidate,object_checks_and_small_tensors,False,python_objects_and_small_tensor_checks,0.009964843280613422,458,1.530452521983534,nested_function_timer
brusselator,optimized,997,996,9,candidate,polynomial_component,True,polynomial_multiply_truncate_range,0.00035940762609243393,36,1.530452521983534,nested_function_timer
brusselator,optimized,997,996,9,candidate,interval_arithmetic,True,polynomial_multiply_truncate_range,0.01957327639684081,324,1.530452521983534,nested_function_timer
brusselator,optimized,997,996,9,candidate,polynomial_mul_trunc,True,polynomial_multiply_truncate_range,0.09463456133380532,24,1.530452521983534,nested_function_timer
brusselator,optimized,997,996,9,candidate,polynomial_range_bound,True,polynomial_multiply_truncate_range,0.05306913936510682,48,1.530452521983534,nested_function_timer
brusselator,optimized,997,996,9,candidate,interval_arithmetic,False,candidate_construction_excluding_classified_polynomial_work,0.006737875286489725,234,1.530452521983534,nested_function_timer
brusselator,optimized,997,996,9,candidate,polynomial_sub,True,polynomial_multiply_truncate_range,0.00013953913003206253,12,1.530452521983534,nested_function_timer
brusselator,optimized,997,996,9,candidate,polynomial_add,True,polynomial_multiply_truncate_range,0.0001470525749027729,12,1.530452521983534,nested_function_timer
brusselator,optimized,997,996,9,candidate,polynomial_integrate,True,polynomial_multiply_truncate_range,0.007319600321352482,6,1.530452521983534,nested_function_timer
brusselator,optimized,997,996,9,candidate,polynomial_apply_cutoff,True,polynomial_multiply_truncate_range,0.006940886843949556,6,1.530452521983534,nested_function_timer
brusselator,optimized,997,996,9,candidate,dense_polynomial_picard,False,candidate_construction_excluding_classified_polynomial_work,0.010993859264999628,1,1.530452521983534,nested_function_timer
brusselator,optimized,997,996,9,other,interval_arithmetic,False,other_including_unclassified_python,0.0015422157011926174,69,1.530452521983534,nested_function_timer
brusselator,optimized,997,996,9,other,polynomial_component,True,polynomial_multiply_truncate_range,6.265426054596901e-05,6,1.530452521983534,nested_function_timer
brusselator,optimized,997,996,9,other,interval_arithmetic,True,polynomial_multiply_truncate_range,0.0032623540610074997,54,1.530452521983534,nested_function_timer
brusselator,optimized,997,996,9,other,polynomial_mul_trunc,True,polynomial_multiply_truncate_range,0.015511338133364916,4,1.530452521983534,nested_function_timer
brusselator,optimized,997,996,9,other,polynomial_range_bound,True,polynomial_multiply_truncate_range,0.010145842097699642,9,1.530452521983534,nested_function_timer
brusselator,optimized,997,996,9,other,polynomial_sub,True,polynomial_multiply_truncate_range,3.226008266210556e-05,3,1.530452521983534,nested_function_timer
brusselator,optimized,997,996,9,other,polynomial_add,True,polynomial_multiply_truncate_range,2.3713801056146622e-05,2,1.530452521983534,nested_function_timer
brusselator,optimized,997,996,9,other,polynomial_integrate,True,polynomial_multiply_truncate_range,0.0012028389610350132,1,1.530452521983534,nested_function_timer
brusselator,optimized,997,996,9,initial,polynomial_component,True,polynomial_multiply_truncate_range,9.059393778443336e-05,8,1.530452521983534,nested_function_timer
brusselator,optimized,997,996,9,initial,object_checks_and_small_tensors,False,python_objects_and_small_tensor_checks,0.004331917501986027,152,1.530452521983534,nested_function_timer
brusselator,optimized,997,996,9,initial,interval_arithmetic,True,polynomial_multiply_truncate_range,0.007265344727784395,117,1.530452521983534,nested_function_timer
brusselator,optimized,997,996,9,initial,polynomial_mul_trunc,True,polynomial_multiply_truncate_range,0.03250925987958908,8,1.530452521983534,nested_function_timer
brusselator,optimized,997,996,9,initial,polynomial_range_bound,True,polynomial_multiply_truncate_range,0.01942892884835601,17,1.530452521983534,nested_function_timer
brusselator,optimized,997,996,9,initial,interval_arithmetic,False,initial_remainder_excluding_classified_polynomial_work,0.002778782043606043,109,1.530452521983534,nested_function_timer
brusselator,optimized,997,996,9,initial,polynomial_apply_cutoff,True,polynomial_multiply_truncate_range,0.005951698869466782,5,1.530452521983534,nested_function_timer
brusselator,optimized,997,996,9,initial,polynomial_sub,True,polynomial_multiply_truncate_range,5.8269593864679337e-05,5,1.530452521983534,nested_function_timer
brusselator,optimized,997,996,9,initial,polynomial_add,True,polynomial_multiply_truncate_range,4.969444125890732e-05,3,1.530452521983534,nested_function_timer
brusselator,optimized,997,996,9,initial,polynomial_integrate,True,polynomial_multiply_truncate_range,0.0011888514272868633,1,1.530452521983534,nested_function_timer
brusselator,optimized,997,996,9,initial,image,False,initial_remainder_excluding_classified_polynomial_work,0.0039050071500241756,1,1.530452521983534,nested_function_timer
brusselator,optimized,997,996,9,replay,object_checks_and_small_tensors,False,python_objects_and_small_tensor_checks,0.03516021277755499,1278,1.530452521983534,nested_function_timer
brusselator,optimized,997,996,9,replay,object_checks_and_small_tensors,True,refinement_fixed_preparation,0.00010774284601211548,4,1.530452521983534,nested_function_timer
brusselator,optimized,997,996,9,replay,prepare_snapshot,True,refinement_fixed_preparation,0.00201234919950366,1,1.530452521983534,nested_function_timer
brusselator,optimized,997,996,9,replay,binding_checks,False,refinement_dynamic_and_dispatch,0.00013301754370331764,9,1.530452521983534,nested_function_timer
brusselator,optimized,997,996,9,replay,polynomial_component,True,refinement_fixed_preparation,2.483231946825981e-05,2,1.530452521983534,nested_function_timer
brusselator,optimized,997,996,9,replay,cache_dispatch,False,refinement_dynamic_and_dispatch,0.002925010398030281,387,1.530452521983534,nested_function_timer
brusselator,optimized,997,996,9,replay,interval_arithmetic,True,refinement_fixed_preparation,0.004850145895034075,72,1.530452521983534,nested_function_timer
brusselator,optimized,997,996,9,replay,polynomial_mul_trunc,True,refinement_fixed_preparation,0.023928316310048103,6,1.530452521983534,nested_function_timer
brusselator,optimized,997,996,9,replay,polynomial_range_bound,True,refinement_fixed_preparation,0.008035439066588879,7,1.530452521983534,nested_function_timer
brusselator,optimized,997,996,9,replay,interval_arithmetic,False,refinement_dynamic_and_dispatch,0.024515822529792786,981,1.530452521983534,nested_function_timer
brusselator,optimized,997,996,9,replay,polynomial_apply_cutoff,True,refinement_fixed_preparation,0.004522411152720451,4,1.530452521983534,nested_function_timer
brusselator,optimized,997,996,9,replay,polynomial_sub,True,refinement_fixed_preparation,6.317021325230598e-05,5,1.530452521983534,nested_function_timer
brusselator,optimized,997,996,9,replay,polynomial_add,True,refinement_fixed_preparation,3.703497350215912e-05,3,1.530452521983534,nested_function_timer
brusselator,optimized,997,996,9,replay,prepare_graph,False,refinement_dynamic_and_dispatch,0.003137280698865652,2,1.530452521983534,nested_function_timer
brusselator,optimized,997,996,9,replay,polynomial_integrate,True,refinement_fixed_preparation,0.0011815102770924568,1,1.530452521983534,nested_function_timer
brusselator,optimized,997,996,9,replay,seal_storage,True,refinement_fixed_preparation,0.00020837830379605293,1,1.530452521983534,nested_function_timer
brusselator,optimized,997,996,9,replay,image,False,refinement_dynamic_and_dispatch,0.02225190168246627,9,1.530452521983534,nested_function_timer
brusselator,optimized,997,996,9,replay,_post_accept_refine_raw_remainder,False,refinement_dynamic_and_dispatch,0.0020721014589071274,1,1.530452521983534,nested_function_timer
brusselator,optimized,997,996,9,boundary,endpoint_correction,False,boundary_and_endpoint_correction,0.01501530734822154,3,1.530452521983534,nested_function_timer
brusselator,optimized,997,996,9,boundary,boundary,False,boundary_and_endpoint_correction,1.038215204142034,1,1.530452521983534,nested_function_timer
brusselator,optimized,997,996,9,other,unattributed,False,other_including_unclassified_python,0.02012712135910988,0,1.530452521983534,nested_function_timer
brusselator,optimized,998,997,9,other,object_checks_and_small_tensors,False,python_objects_and_small_tensor_checks,0.00263548968359828,107,1.5760280629619956,nested_function_timer
brusselator,optimized,998,997,9,candidate,object_checks_and_small_tensors,False,python_objects_and_small_tensor_checks,0.009936452843248844,458,1.5760280629619956,nested_function_timer
brusselator,optimized,998,997,9,candidate,polynomial_component,True,polynomial_multiply_truncate_range,0.00035792775452136993,36,1.5760280629619956,nested_function_timer
brusselator,optimized,998,997,9,candidate,interval_arithmetic,True,polynomial_multiply_truncate_range,0.019629464484751225,324,1.5760280629619956,nested_function_timer
brusselator,optimized,998,997,9,candidate,polynomial_mul_trunc,True,polynomial_multiply_truncate_range,0.0946312197484076,24,1.5760280629619956,nested_function_timer
brusselator,optimized,998,997,9,candidate,polynomial_range_bound,True,polynomial_multiply_truncate_range,0.0533232344314456,48,1.5760280629619956,nested_function_timer
brusselator,optimized,998,997,9,candidate,interval_arithmetic,False,candidate_construction_excluding_classified_polynomial_work,0.0067711216397583485,234,1.5760280629619956,nested_function_timer
brusselator,optimized,998,997,9,candidate,polynomial_sub,True,polynomial_multiply_truncate_range,0.00014657247811555862,12,1.5760280629619956,nested_function_timer
brusselator,optimized,998,997,9,candidate,polynomial_add,True,polynomial_multiply_truncate_range,0.0001382981427013874,12,1.5760280629619956,nested_function_timer
brusselator,optimized,998,997,9,candidate,polynomial_integrate,True,polynomial_multiply_truncate_range,0.007206012960523367,6,1.5760280629619956,nested_function_timer
brusselator,optimized,998,997,9,candidate,polynomial_apply_cutoff,True,polynomial_multiply_truncate_range,0.006845579482614994,6,1.5760280629619956,nested_function_timer
brusselator,optimized,998,997,9,candidate,dense_polynomial_picard,False,candidate_construction_excluding_classified_polynomial_work,0.011105943936854601,1,1.5760280629619956,nested_function_timer
brusselator,optimized,998,997,9,other,interval_arithmetic,False,other_including_unclassified_python,0.0014999480918049812,69,1.5760280629619956,nested_function_timer
brusselator,optimized,998,997,9,other,polynomial_component,True,polynomial_multiply_truncate_range,6.058253347873688e-05,6,1.5760280629619956,nested_function_timer
brusselator,optimized,998,997,9,other,interval_arithmetic,True,polynomial_multiply_truncate_range,0.00325612910091877,54,1.5760280629619956,nested_function_timer
brusselator,optimized,998,997,9,other,polynomial_mul_trunc,True,polynomial_multiply_truncate_range,0.01582047948613763,4,1.5760280629619956,nested_function_timer
brusselator,optimized,998,997,9,other,polynomial_range_bound,True,polynomial_multiply_truncate_range,0.009899854194372892,9,1.5760280629619956,nested_function_timer
brusselator,optimized,998,997,9,other,polynomial_sub,True,polynomial_multiply_truncate_range,3.3291056752204895e-05,3,1.5760280629619956,nested_function_timer
brusselator,optimized,998,997,9,other,polynomial_add,True,polynomial_multiply_truncate_range,2.321135252714157e-05,2,1.5760280629619956,nested_function_timer
brusselator,optimized,998,997,9,other,polynomial_integrate,True,polynomial_multiply_truncate_range,0.0011972696520388126,1,1.5760280629619956,nested_function_timer
brusselator,optimized,998,997,9,initial,polynomial_component,True,polynomial_multiply_truncate_range,8.20942223072052e-05,8,1.5760280629619956,nested_function_timer
brusselator,optimized,998,997,9,initial,object_checks_and_small_tensors,False,python_objects_and_small_tensor_checks,0.0041361176408827305,152,1.5760280629619956,nested_function_timer
brusselator,optimized,998,997,9,initial,interval_arithmetic,True,polynomial_multiply_truncate_range,0.007015070412307978,117,1.5760280629619956,nested_function_timer
brusselator,optimized,998,997,9,initial,polynomial_mul_trunc,True,polynomial_multiply_truncate_range,0.031392940785735846,8,1.5760280629619956,nested_function_timer
brusselator,optimized,998,997,9,initial,polynomial_range_bound,True,polynomial_multiply_truncate_range,0.018852081149816513,17,1.5760280629619956,nested_function_timer
brusselator,optimized,998,997,9,initial,interval_arithmetic,False,initial_remainder_excluding_classified_polynomial_work,0.0027345940470695496,109,1.5760280629619956,nested_function_timer
brusselator,optimized,998,997,9,initial,polynomial_apply_cutoff,True,polynomial_multiply_truncate_range,0.005745653994381428,5,1.5760280629619956,nested_function_timer
brusselator,optimized,998,997,9,initial,polynomial_sub,True,polynomial_multiply_truncate_range,5.846424028277397e-05,5,1.5760280629619956,nested_function_timer
brusselator,optimized,998,997,9,initial,polynomial_add,True,polynomial_multiply_truncate_range,3.309082239866257e-05,3,1.5760280629619956,nested_function_timer
brusselator,optimized,998,997,9,initial,polynomial_integrate,True,polynomial_multiply_truncate_range,0.001193394884467125,1,1.5760280629619956,nested_function_timer
brusselator,optimized,998,997,9,initial,image,False,initial_remainder_excluding_classified_polynomial_work,0.0037760864943265915,1,1.5760280629619956,nested_function_timer
brusselator,optimized,998,997,9,replay,object_checks_and_small_tensors,False,python_objects_and_small_tensor_checks,0.03475800342857838,1278,1.5760280629619956,nested_function_timer
brusselator,optimized,998,997,9,replay,object_checks_and_small_tensors,True,refinement_fixed_preparation,0.00010207341983914375,4,1.5760280629619956,nested_function_timer
brusselator,optimized,998,997,9,replay,prepare_snapshot,True,refinement_fixed_preparation,0.0020541767589747906,1,1.5760280629619956,nested_function_timer
brusselator,optimized,998,997,9,replay,binding_checks,False,refinement_dynamic_and_dispatch,0.00011537875980138779,9,1.5760280629619956,nested_function_timer
brusselator,optimized,998,997,9,replay,polynomial_component,True,refinement_fixed_preparation,2.6911962777376175e-05,2,1.5760280629619956,nested_function_timer
brusselator,optimized,998,997,9,replay,cache_dispatch,False,refinement_dynamic_and_dispatch,0.00290883332490921,387,1.5760280629619956,nested_function_timer
brusselator,optimized,998,997,9,replay,interval_arithmetic,True,refinement_fixed_preparation,0.004646340385079384,72,1.5760280629619956,nested_function_timer
brusselator,optimized,998,997,9,replay,polynomial_mul_trunc,True,refinement_fixed_preparation,0.023871063254773617,6,1.5760280629619956,nested_function_timer
brusselator,optimized,998,997,9,replay,polynomial_range_bound,True,refinement_fixed_preparation,0.007936530280858278,7,1.5760280629619956,nested_function_timer
brusselator,optimized,998,997,9,replay,interval_arithmetic,False,refinement_dynamic_and_dispatch,0.023944652173668146,981,1.5760280629619956,nested_function_timer
brusselator,optimized,998,997,9,replay,polynomial_apply_cutoff,True,refinement_fixed_preparation,0.004560787696391344,4,1.5760280629619956,nested_function_timer
brusselator,optimized,998,997,9,replay,polynomial_sub,True,refinement_fixed_preparation,6.315717473626137e-05,5,1.5760280629619956,nested_function_timer
brusselator,optimized,998,997,9,replay,polynomial_add,True,refinement_fixed_preparation,3.606081008911133e-05,3,1.5760280629619956,nested_function_timer
brusselator,optimized,998,997,9,replay,prepare_graph,False,refinement_dynamic_and_dispatch,0.0030907439067959785,2,1.5760280629619956,nested_function_timer
brusselator,optimized,998,997,9,replay,polynomial_integrate,True,refinement_fixed_preparation,0.0011769342236220837,1,1.5760280629619956,nested_function_timer
brusselator,optimized,998,997,9,replay,seal_storage,True,refinement_fixed_preparation,0.00020437687635421753,1,1.5760280629619956,nested_function_timer
brusselator,optimized,998,997,9,replay,image,False,refinement_dynamic_and_dispatch,0.022056689951568842,9,1.5760280629619956,nested_function_timer
brusselator,optimized,998,997,9,replay,_post_accept_refine_raw_remainder,False,refinement_dynamic_and_dispatch,0.002056138589978218,1,1.5760280629619956,nested_function_timer
brusselator,optimized,998,997,9,boundary,endpoint_correction,False,boundary_and_endpoint_correction,0.014644102659076452,3,1.5760280629619956,nested_function_timer
brusselator,optimized,998,997,9,boundary,boundary,False,boundary_and_endpoint_correction,1.0881803180091083,1,1.5760280629619956,nested_function_timer
brusselator,optimized,998,997,9,other,unattributed,False,other_including_unclassified_python,0.02005711756646633,0,1.5760280629619956,nested_function_timer
brusselator,optimized,999,998,9,other,object_checks_and_small_tensors,False,python_objects_and_small_tensor_checks,0.0026896316558122635,107,1.576596336439252,nested_function_timer
brusselator,optimized,999,998,9,candidate,object_checks_and_small_tensors,False,python_objects_and_small_tensor_checks,0.010365805123001337,458,1.576596336439252,nested_function_timer
brusselator,optimized,999,998,9,candidate,polynomial_component,True,polynomial_multiply_truncate_range,0.0003896597772836685,36,1.576596336439252,nested_function_timer
brusselator,optimized,999,998,9,candidate,interval_arithmetic,True,polynomial_multiply_truncate_range,0.02046116255223751,324,1.576596336439252,nested_function_timer
brusselator,optimized,999,998,9,candidate,polynomial_mul_trunc,True,polynomial_multiply_truncate_range,0.09723632410168648,24,1.576596336439252,nested_function_timer
brusselator,optimized,999,998,9,candidate,polynomial_range_bound,True,polynomial_multiply_truncate_range,0.055563698057085276,48,1.576596336439252,nested_function_timer
brusselator,optimized,999,998,9,candidate,interval_arithmetic,False,candidate_construction_excluding_classified_polynomial_work,0.0069493078626692295,234,1.576596336439252,nested_function_timer
brusselator,optimized,999,998,9,candidate,polynomial_sub,True,polynomial_multiply_truncate_range,0.0001416075974702835,12,1.576596336439252,nested_function_timer
brusselator,optimized,999,998,9,candidate,polynomial_add,True,polynomial_multiply_truncate_range,0.0001463177613914013,12,1.576596336439252,nested_function_timer
brusselator,optimized,999,998,9,candidate,polynomial_integrate,True,polynomial_multiply_truncate_range,0.00759642431512475,6,1.576596336439252,nested_function_timer
brusselator,optimized,999,998,9,candidate,polynomial_apply_cutoff,True,polynomial_multiply_truncate_range,0.007100317161530256,6,1.576596336439252,nested_function_timer
brusselator,optimized,999,998,9,candidate,dense_polynomial_picard,False,candidate_construction_excluding_classified_polynomial_work,0.011363790836185217,1,1.576596336439252,nested_function_timer
brusselator,optimized,999,998,9,other,interval_arithmetic,False,other_including_unclassified_python,0.0015368545427918434,69,1.576596336439252,nested_function_timer
brusselator,optimized,999,998,9,other,polynomial_component,True,polynomial_multiply_truncate_range,6.206566467881203e-05,6,1.576596336439252,nested_function_timer
brusselator,optimized,999,998,9,other,interval_arithmetic,True,polynomial_multiply_truncate_range,0.0032508508302271366,54,1.576596336439252,nested_function_timer
brusselator,optimized,999,998,9,other,polynomial_mul_trunc,True,polynomial_multiply_truncate_range,0.015800653025507927,4,1.576596336439252,nested_function_timer
brusselator,optimized,999,998,9,other,polynomial_range_bound,True,polynomial_multiply_truncate_range,0.009976854082196951,9,1.576596336439252,nested_function_timer
brusselator,optimized,999,998,9,other,polynomial_sub,True,polynomial_multiply_truncate_range,3.343774005770683e-05,3,1.576596336439252,nested_function_timer
brusselator,optimized,999,998,9,other,polynomial_add,True,polynomial_multiply_truncate_range,2.4015549570322037e-05,2,1.576596336439252,nested_function_timer
brusselator,optimized,999,998,9,other,polynomial_integrate,True,polynomial_multiply_truncate_range,0.0011988822370767593,1,1.576596336439252,nested_function_timer
brusselator,optimized,999,998,9,initial,polynomial_component,True,polynomial_multiply_truncate_range,8.087512105703354e-05,8,1.576596336439252,nested_function_timer
brusselator,optimized,999,998,9,initial,object_checks_and_small_tensors,False,python_objects_and_small_tensor_checks,0.004120259545743465,152,1.576596336439252,nested_function_timer
brusselator,optimized,999,998,9,initial,interval_arithmetic,True,polynomial_multiply_truncate_range,0.006973888259381056,117,1.576596336439252,nested_function_timer
brusselator,optimized,999,998,9,initial,polynomial_mul_trunc,True,polynomial_multiply_truncate_range,0.031395492143929005,8,1.576596336439252,nested_function_timer
brusselator,optimized,999,998,9,initial,polynomial_range_bound,True,polynomial_multiply_truncate_range,0.01883041951805353,17,1.576596336439252,nested_function_timer
brusselator,optimized,999,998,9,initial,interval_arithmetic,False,initial_remainder_excluding_classified_polynomial_work,0.002719677984714508,109,1.576596336439252,nested_function_timer
brusselator,optimized,999,998,9,initial,polynomial_apply_cutoff,True,polynomial_multiply_truncate_range,0.005603935569524765,5,1.576596336439252,nested_function_timer
brusselator,optimized,999,998,9,initial,polynomial_sub,True,polynomial_multiply_truncate_range,5.944026634097099e-05,5,1.576596336439252,nested_function_timer
brusselator,optimized,999,998,9,initial,polynomial_add,True,polynomial_multiply_truncate_range,3.287149593234062e-05,3,1.576596336439252,nested_function_timer
brusselator,optimized,999,998,9,initial,polynomial_integrate,True,polynomial_multiply_truncate_range,0.0011763786897063255,1,1.576596336439252,nested_function_timer
brusselator,optimized,999,998,9,initial,image,False,initial_remainder_excluding_classified_polynomial_work,0.0037710294127464294,1,1.576596336439252,nested_function_timer
brusselator,optimized,999,998,9,replay,object_checks_and_small_tensors,False,python_objects_and_small_tensor_checks,0.03529503662139177,1278,1.576596336439252,nested_function_timer
brusselator,optimized,999,998,9,replay,object_checks_and_small_tensors,True,refinement_fixed_preparation,9.73232090473175e-05,4,1.576596336439252,nested_function_timer
brusselator,optimized,999,998,9,replay,prepare_snapshot,True,refinement_fixed_preparation,0.002031541895121336,1,1.576596336439252,nested_function_timer
brusselator,optimized,999,998,9,replay,binding_checks,False,refinement_dynamic_and_dispatch,0.0001241224817931652,9,1.576596336439252,nested_function_timer
brusselator,optimized,999,998,9,replay,polynomial_component,True,refinement_fixed_preparation,2.4992041289806366e-05,2,1.576596336439252,nested_function_timer
brusselator,optimized,999,998,9,replay,cache_dispatch,False,refinement_dynamic_and_dispatch,0.0029190052300691605,387,1.576596336439252,nested_function_timer
brusselator,optimized,999,998,9,replay,interval_arithmetic,True,refinement_fixed_preparation,0.004553959239274263,72,1.576596336439252,nested_function_timer
brusselator,optimized,999,998,9,replay,polynomial_mul_trunc,True,refinement_fixed_preparation,0.023796935100108385,6,1.576596336439252,nested_function_timer
brusselator,optimized,999,998,9,replay,polynomial_range_bound,True,refinement_fixed_preparation,0.007748695556074381,7,1.576596336439252,nested_function_timer
brusselator,optimized,999,998,9,replay,interval_arithmetic,False,refinement_dynamic_and_dispatch,0.024616823997348547,981,1.576596336439252,nested_function_timer
brusselator,optimized,999,998,9,replay,polynomial_apply_cutoff,True,refinement_fixed_preparation,0.004512723069638014,4,1.576596336439252,nested_function_timer
brusselator,optimized,999,998,9,replay,polynomial_sub,True,refinement_fixed_preparation,6.485078483819962e-05,5,1.576596336439252,nested_function_timer
brusselator,optimized,999,998,9,replay,polynomial_add,True,refinement_fixed_preparation,3.690505400300026e-05,3,1.576596336439252,nested_function_timer
brusselator,optimized,999,998,9,replay,prepare_graph,False,refinement_dynamic_and_dispatch,0.003084626980125904,2,1.576596336439252,nested_function_timer
brusselator,optimized,999,998,9,replay,polynomial_integrate,True,refinement_fixed_preparation,0.0012121372856199741,1,1.576596336439252,nested_function_timer
brusselator,optimized,999,998,9,replay,seal_storage,True,refinement_fixed_preparation,0.00021647615358233452,1,1.576596336439252,nested_function_timer
brusselator,optimized,999,998,9,replay,image,False,refinement_dynamic_and_dispatch,0.022319846786558628,9,1.576596336439252,nested_function_timer
brusselator,optimized,999,998,9,replay,_post_accept_refine_raw_remainder,False,refinement_dynamic_and_dispatch,0.0021284623071551323,1,1.576596336439252,nested_function_timer
brusselator,optimized,999,998,9,boundary,endpoint_correction,False,boundary_and_endpoint_correction,0.014743741601705551,3,1.576596336439252,nested_function_timer
brusselator,optimized,999,998,9,boundary,boundary,False,boundary_and_endpoint_correction,1.0799538437277079,1,1.576596336439252,nested_function_timer
brusselator,optimized,999,998,9,other,unattributed,False,other_including_unclassified_python,0.020462358836084604,0,1.576596336439252,nested_function_timer
brusselator,optimized,1000,999,9,other,object_checks_and_small_tensors,False,python_objects_and_small_tensor_checks,0.002664689440280199,107,1.4531198758631945,nested_function_timer
brusselator,optimized,1000,999,9,candidate,object_checks_and_small_tensors,False,python_objects_and_small_tensor_checks,0.009989324025809765,458,1.4531198758631945,nested_function_timer
brusselator,optimized,1000,999,9,candidate,polynomial_component,True,polynomial_multiply_truncate_range,0.0003578546456992626,36,1.4531198758631945,nested_function_timer
brusselator,optimized,1000,999,9,candidate,interval_arithmetic,True,polynomial_multiply_truncate_range,0.019555313047021627,324,1.4531198758631945,nested_function_timer
brusselator,optimized,1000,999,9,candidate,polynomial_mul_trunc,True,polynomial_multiply_truncate_range,0.09391044359654188,24,1.4531198758631945,nested_function_timer
brusselator,optimized,1000,999,9,candidate,polynomial_range_bound,True,polynomial_multiply_truncate_range,0.053261760622262955,48,1.4531198758631945,nested_function_timer
brusselator,optimized,1000,999,9,candidate,interval_arithmetic,False,candidate_construction_excluding_classified_polynomial_work,0.006673876661807299,234,1.4531198758631945,nested_function_timer
brusselator,optimized,1000,999,9,candidate,polynomial_sub,True,polynomial_multiply_truncate_range,0.00013754749670624733,12,1.4531198758631945,nested_function_timer
brusselator,optimized,1000,999,9,candidate,polynomial_add,True,polynomial_multiply_truncate_range,0.00013992469757795334,12,1.4531198758631945,nested_function_timer
brusselator,optimized,1000,999,9,candidate,polynomial_integrate,True,polynomial_multiply_truncate_range,0.007252346724271774,6,1.4531198758631945,nested_function_timer
brusselator,optimized,1000,999,9,candidate,polynomial_apply_cutoff,True,polynomial_multiply_truncate_range,0.006842073984444141,6,1.4531198758631945,nested_function_timer
brusselator,optimized,1000,999,9,candidate,dense_polynomial_picard,False,candidate_construction_excluding_classified_polynomial_work,0.011148360557854176,1,1.4531198758631945,nested_function_timer
brusselator,optimized,1000,999,9,other,interval_arithmetic,False,other_including_unclassified_python,0.0015219887718558311,69,1.4531198758631945,nested_function_timer
brusselator,optimized,1000,999,9,other,polynomial_component,True,polynomial_multiply_truncate_range,6.260070949792862e-05,6,1.4531198758631945,nested_function_timer
brusselator,optimized,1000,999,9,other,interval_arithmetic,True,polynomial_multiply_truncate_range,0.003256413619965315,54,1.4531198758631945,nested_function_timer
brusselator,optimized,1000,999,9,other,polynomial_mul_trunc,True,polynomial_multiply_truncate_range,0.015813109930604696,4,1.4531198758631945,nested_function_timer
brusselator,optimized,1000,999,9,other,polynomial_range_bound,True,polynomial_multiply_truncate_range,0.009892548434436321,9,1.4531198758631945,nested_function_timer
brusselator,optimized,1000,999,9,other,polynomial_sub,True,polynomial_multiply_truncate_range,3.2234471291303635e-05,3,1.4531198758631945,nested_function_timer
brusselator,optimized,1000,999,9,other,polynomial_add,True,polynomial_multiply_truncate_range,2.3622065782546997e-05,2,1.4531198758631945,nested_function_timer
brusselator,optimized,1000,999,9,other,polynomial_integrate,True,polynomial_multiply_truncate_range,0.001235568430274725,1,1.4531198758631945,nested_function_timer
brusselator,optimized,1000,999,9,initial,polynomial_component,True,polynomial_multiply_truncate_range,9.079091250896454e-05,8,1.4531198758631945,nested_function_timer
brusselator,optimized,1000,999,9,initial,object_checks_and_small_tensors,False,python_objects_and_small_tensor_checks,0.004416483920067549,152,1.4531198758631945,nested_function_timer
brusselator,optimized,1000,999,9,initial,interval_arithmetic,True,polynomial_multiply_truncate_range,0.007180241867899895,117,1.4531198758631945,nested_function_timer
brusselator,optimized,1000,999,9,initial,polynomial_mul_trunc,True,polynomial_multiply_truncate_range,0.03224169183522463,8,1.4531198758631945,nested_function_timer
brusselator,optimized,1000,999,9,initial,polynomial_range_bound,True,polynomial_multiply_truncate_range,0.01926071150228381,17,1.4531198758631945,nested_function_timer
brusselator,optimized,1000,999,9,initial,interval_arithmetic,False,initial_remainder_excluding_classified_polynomial_work,0.0029306053183972836,109,1.4531198758631945,nested_function_timer
brusselator,optimized,1000,999,9,initial,polynomial_apply_cutoff,True,polynomial_multiply_truncate_range,0.005890802014619112,5,1.4531198758631945,nested_function_timer
brusselator,optimized,1000,999,9,initial,polynomial_sub,True,polynomial_multiply_truncate_range,6.277766078710556e-05,5,1.4531198758631945,nested_function_timer
brusselator,optimized,1000,999,9,initial,polynomial_add,True,polynomial_multiply_truncate_range,3.572087734937668e-05,3,1.4531198758631945,nested_function_timer
brusselator,optimized,1000,999,9,initial,polynomial_integrate,True,polynomial_multiply_truncate_range,0.0011947671882808208,1,1.4531198758631945,nested_function_timer
brusselator,optimized,1000,999,9,initial,image,False,initial_remainder_excluding_classified_polynomial_work,0.0040162899531424046,1,1.4531198758631945,nested_function_timer
brusselator,optimized,1000,999,9,replay,object_checks_and_small_tensors,False,python_objects_and_small_tensor_checks,0.034717648290097713,1278,1.4531198758631945,nested_function_timer
brusselator,optimized,1000,999,9,replay,object_checks_and_small_tensors,True,refinement_fixed_preparation,9.381584823131561e-05,4,1.4531198758631945,nested_function_timer
brusselator,optimized,1000,999,9,replay,prepare_snapshot,True,refinement_fixed_preparation,0.001943930983543396,1,1.4531198758631945,nested_function_timer
brusselator,optimized,1000,999,9,replay,binding_checks,False,refinement_dynamic_and_dispatch,0.00011299178004264832,9,1.4531198758631945,nested_function_timer
brusselator,optimized,1000,999,9,replay,polynomial_component,True,refinement_fixed_preparation,2.4564098566770554e-05,2,1.4531198758631945,nested_function_timer
brusselator,optimized,1000,999,9,replay,cache_dispatch,False,refinement_dynamic_and_dispatch,0.0028799590654671192,387,1.4531198758631945,nested_function_timer
brusselator,optimized,1000,999,9,replay,interval_arithmetic,True,refinement_fixed_preparation,0.00470338249579072,72,1.4531198758631945,nested_function_timer
brusselator,optimized,1000,999,9,replay,polynomial_mul_trunc,True,refinement_fixed_preparation,0.023707807529717684,6,1.4531198758631945,nested_function_timer
brusselator,optimized,1000,999,9,replay,polynomial_range_bound,True,refinement_fixed_preparation,0.0077184210531413555,7,1.4531198758631945,nested_function_timer
brusselator,optimized,1000,999,9,replay,interval_arithmetic,False,refinement_dynamic_and_dispatch,0.02411119220778346,981,1.4531198758631945,nested_function_timer
brusselator,optimized,1000,999,9,replay,polynomial_apply_cutoff,True,refinement_fixed_preparation,0.0046049924567341805,4,1.4531198758631945,nested_function_timer
brusselator,optimized,1000,999,9,replay,polynomial_sub,True,refinement_fixed_preparation,6.400980055332184e-05,5,1.4531198758631945,nested_function_timer
brusselator,optimized,1000,999,9,replay,polynomial_add,True,refinement_fixed_preparation,3.4588389098644257e-05,3,1.4531198758631945,nested_function_timer
brusselator,optimized,1000,999,9,replay,prepare_graph,False,refinement_dynamic_and_dispatch,0.003130819648504257,2,1.4531198758631945,nested_function_timer
brusselator,optimized,1000,999,9,replay,polynomial_integrate,True,refinement_fixed_preparation,0.001176274847239256,1,1.4531198758631945,nested_function_timer
brusselator,optimized,1000,999,9,replay,seal_storage,True,refinement_fixed_preparation,0.00020475173369050026,1,1.4531198758631945,nested_function_timer
brusselator,optimized,1000,999,9,replay,image,False,refinement_dynamic_and_dispatch,0.021905113011598587,9,1.4531198758631945,nested_function_timer
brusselator,optimized,1000,999,9,replay,_post_accept_refine_raw_remainder,False,refinement_dynamic_and_dispatch,0.0021133748814463615,1,1.4531198758631945,nested_function_timer
brusselator,optimized,1000,999,9,boundary,endpoint_correction,False,boundary_and_endpoint_correction,0.015711018349975348,3,1.4531198758631945,nested_function_timer
brusselator,optimized,1000,999,9,boundary,boundary,False,boundary_and_endpoint_correction,0.9621300622820854,1,1.4531198758631945,nested_function_timer
brusselator,optimized,1000,999,9,other,unattributed,False,other_including_unclassified_python,0.020938672125339508,0,1.4531198758631945,nested_function_timer
