accepted_boundary_index_after,accepted_boundary_index_before,accepted_mask,active_columns_after,actual_rejections,actual_status,attempt_index,committed_to_frozen_prefix,conservation_mask,endpoint_publication_mask,endpoint_total_width,event_count_after,evicted_width,expected_status,finite_mask,h_actual_hex,h_attempted_hex,lane,materialized_total_width,no_double_count_mask,nonlinear_residual_width,ordinary_width,schedule_match,source_decomposition_mask,structured_incremental_width,t_before_hex,tube_publication_mask,tube_total_width
1,0,,,3,accepted,0,False,,,,,,accepted,,0x1.999999999999ap-7,0x1.999999999999ap-4,L0,,,,,True,,,0x0.0p+0,,
2,1,,,0,accepted,1,False,,,,,,accepted,,0x1.c28f5c28f5c2ap-7,0x1.c28f5c28f5c2ap-7,L0,,,,,True,,,0x1.999999999999ap-7,,
3,2,,,0,accepted,2,False,,,,,,accepted,,0x1.ef9db22d0e562p-7,0x1.ef9db22d0e562p-7,L0,,,,,True,,,0x1.ae147ae147ae2p-6,,
4,3,,,0,accepted,3,False,,,,,,accepted,,0x1.1096bb98c7e29p-6,0x1.1096bb98c7e29p-6,L0,,,,,True,,,0x1.52f1a9fbe76cap-5,,
5,4,,,0,accepted,4,False,,,,,,accepted,,0x1.2bd9018e75794p-6,0x1.2bd9018e75794p-6,L0,,,,,True,,,0x1.db3d07c84b5dep-5,,
6,5,,,0,accepted,5,False,,,,,,accepted,,0x1.49d51b4fe79f0p-6,0x1.49d51b4fe79f0p-6,L0,,,,,True,,,0x1.3894c447c30d4p-4,,
7,6,,,1,accepted,6,False,,,,,,accepted,,0x1.6ad0d13e4b955p-7,0x1.6ad0d13e4b955p-6,L0,,,,,True,,,0x1.8b0a0b1bbcf50p-4,,
8,7,,,0,accepted,7,False,,,,,,accepted,,0x1.8f18e62aecbdep-7,0x1.8f18e62aecbdep-7,L0,,,,,True,,,0x1.b86425438667bp-4,,
9,8,,,0,accepted,8,False,,,,,,accepted,,0x1.b701c9fc046a8p-7,0x1.b701c9fc046a8p-7,L0,,,,,True,,,0x1.ea474208e3ff7p-4,,
10,9,,,0,accepted,9,False,,,,,,accepted,,0x1.e2e85e2ed1a86p-7,0x1.e2e85e2ed1a86p-7,L0,,,,,True,,,0x1.1093bda432466p-3,,
11,10,,,0,accepted,10,False,,,,,,accepted,,0x1.0999670026830p-6,0x1.0999670026830p-6,L0,,,,,True,,,0x1.2ec243871f60ep-3,,
12,11,,,0,accepted,11,False,,,,,,accepted,,0x1.2428be19c3f68p-6,0x1.2428be19c3f68p-6,L0,,,,,True,,,0x1.4ff5706724314p-3,,
13,12,,,0,accepted,12,False,,,,,,accepted,,0x1.4160044f8ac26p-6,0x1.4160044f8ac26p-6,L0,,,,,True,,,0x1.747a882a5cb01p-3,,
14,13,,,1,accepted,13,False,,,,,,accepted,,0x1.618337f118a2ap-7,0x1.618337f118a2ap-6,L0,,,,,True,,,0x1.9ca688b44e086p-3,,
15,14,,,0,accepted,14,False,,,,,,accepted,,0x1.84dd23ef9b195p-7,0x1.84dd23ef9b195p-7,L0,,,,,True,,,0x1.b2bebc335f929p-3,,
16,15,,,0,accepted,15,False,,,,,,accepted,,0x1.abc00dedf768bp-7,0x1.abc00dedf768bp-7,L0,,,,,True,,,0x1.cb0c8e7259442p-3,,
17,16,,,0,accepted,16,False,,,,,,accepted,,0x1.d68675b8f68cdp-7,0x1.d68675b8f68cdp-7,L0,,,,,True,,,0x1.e5c88f5138babp-3,,
18,17,,,0,accepted,17,False,,,,,,accepted,,0x1.02c9f3f2879a4p-6,0x1.02c9f3f2879a4p-6,L0,,,,,True,,,0x1.01987b566411cp-2,,
19,18,,,0,accepted,18,False,,,,,,accepted,,0x1.1caaf2bdfb902p-6,0x1.1caaf2bdfb902p-6,L0,,,,,True,,,0x1.11c51a958c8b6p-2,,
20,19,,,0,accepted,19,False,,,,,,accepted,,0x1.3922716a94b83p-6,0x1.3922716a94b83p-6,L0,,,,,True,,,0x1.238fc9c16c446p-2,,
21,20,,,0,accepted,20,False,,,,,,accepted,,0x1.5872aff53d311p-6,0x1.5872aff53d311p-6,L0,,,,,True,,,0x1.3721f0d8158fep-2,,
22,21,,,1,accepted,21,False,,,,,,accepted,,0x1.7ae48e5a901c6p-7,0x1.7ae48e5a901c6p-6,L0,,,,,True,,,0x1.4ca91bd76962fp-2,,
23,22,,,0,accepted,22,False,,,,,,accepted,,0x1.a0c836306b527p-7,0x1.a0c836306b527p-7,L0,,,,,True,,,0x1.5880404a3de3dp-2,,
24,23,,,0,accepted,23,False,,,,,,accepted,,0x1.ca75d53542dacp-7,0x1.ca75d53542dacp-7,L0,,,,,True,,,0x1.658681fbc13e6p-2,,
25,24,,,0,accepted,24,False,,,,,,accepted,,0x1.f84e6a876323ep-7,0x1.f84e6a876323ep-7,L0,,,,,True,,,0x1.73da30a56b553p-2,,
26,25,,,0,accepted,25,False,,,,,,accepted,,0x1.155e5430dced6p-6,0x1.155e5430dced6p-6,L0,,,,,True,,,0x1.839ca3f9a66e5p-2,,
27,26,,,0,accepted,26,False,,,,,,accepted,,0x1.311af635bfd1fp-6,0x1.311af635bfd1fp-6,L0,,,,,True,,,0x1.94f2893cb43d2p-2,,
28,27,,,0,accepted,27,False,,,,,,accepted,,0x1.4f9da86e53009p-6,0x1.4f9da86e53009p-6,L0,,,,,True,,,0x1.a80438a0103a4p-2,,
29,28,,,0,accepted,28,False,,,,,,accepted,,0x1.712d6c795b4d7p-6,0x1.712d6c795b4d7p-6,L0,,,,,True,,,0x1.bcfe1326f56a5p-2,,
30,29,,,0,accepted,29,False,,,,,,accepted,,0x1.96185db8b13bap-6,0x1.96185db8b13bap-6,L0,,,,,True,,,0x1.d410e9ee8b1f2p-2,,
31,30,,,0,accepted,30,False,,,,,,accepted,,0x1.beb46717f6280p-6,0x1.beb46717f6280p-6,L0,,,,,True,,,0x1.ed726fca1632ep-2,,
32,31,,,1,accepted,31,False,,,,,,accepted,,0x1.eb600b00c1f8dp-7,0x1.eb600b00c1f8dp-6,L0,,,,,True,,,0x1.04aedb1dcacabp-1,,
33,32,,,0,accepted,32,False,,,,,,accepted,,0x1.0e419fa6d115bp-6,0x1.0e419fa6d115bp-6,L0,,,,,True,,,0x1.0c5c5b49cdd29p-1,,
34,33,,,0,accepted,33,False,,,,,,accepted,,0x1.29482f9de5fe5p-6,0x1.29482f9de5fe5p-6,L0,,,,,True,,,0x1.14ce6847045b4p-1,,
35,34,,,0,accepted,34,False,,,,,,accepted,,0x1.47029ac749cb0p-6,0x1.47029ac749cb0p-6,L0,,,,,True,,,0x1.1e18a9c3f38b3p-1,,
36,35,,,0,accepted,35,False,,,,,,accepted,,0x1.67b610a8045f5p-6,0x1.67b610a8045f5p-6,L0,,,,,True,,,0x1.2850be9a2dd98p-1,,
37,36,,,0,accepted,36,False,,,,,,accepted,,0x1.8baeabec04cf4p-6,0x1.8baeabec04cf4p-6,L0,,,,,True,,,0x1.338e6f1f6dfc8p-1,,
38,37,,,0,accepted,37,False,,,,,,accepted,,0x1.b34023839ee40p-6,0x1.b34023839ee40p-6,L0,,,,,True,,,0x1.3febe47ece230p-1,,
39,38,,,0,accepted,38,False,,,,,,accepted,,0x1.dec68d772ec7ap-6,0x1.dec68d772ec7ap-6,L0,,,,,True,,,0x1.4d85e59aeb1a2p-1,,
40,39,,,0,accepted,39,False,,,,,,accepted,,0x1.07539a9b26877p-5,0x1.07539a9b26877p-5,L0,,,,,True,,,0x1.5c7c1a06a4906p-1,,
41,40,,,0,accepted,40,False,,,,,,accepted,,0x1.21a8c3aaaa61dp-5,0x1.21a8c3aaaa61dp-5,L0,,,,,True,,,0x1.6cf153b056f8dp-1,,
42,41,,,0,accepted,41,False,,,,,,accepted,,0x1.3ea00a6eee9edp-5,0x1.3ea00a6eee9edp-5,L0,,,,,True,,,0x1.7f0bdfeb019efp-1,,
43,42,,,1,accepted,42,False,,,,,,accepted,,0x1.5e7cd846d3485p-6,0x1.5e7cd846d3485p-5,L0,,,,,True,,,0x1.92f5e091f088ep-1,,
44,43,,,0,accepted,43,False,,,,,,accepted,,0x1.8189544de8693p-6,0x1.8189544de8693p-6,L0,,,,,True,,,0x1.9de9c75427232p-1,,
45,44,,,0,accepted,44,False,,,,,,accepted,,0x1.a8170fef4c73cp-6,0x1.a8170fef4c73cp-6,L0,,,,,True,,,0x1.a9f611f696667p-1,,
46,45,,,0,accepted,45,False,,,,,,accepted,,0x1.d27fc4ba6db29p-6,0x1.d27fc4ba6db29p-6,L0,,,,,True,,,0x1.b736ca7610ca1p-1,,
47,46,,,0,accepted,46,False,,,,,,accepted,,0x1.00931299bc557p-5,0x1.00931299bc557p-5,L0,,,,,True,,,0x1.c5cac89be437ap-1,,
48,47,,,0,accepted,47,False,,,,,,accepted,,0x1.1a3b6142b5913p-5,0x1.1a3b6142b5913p-5,L0,,,,,True,,,0x1.d5d3f9c57ffcfp-1,,
49,48,,,0,accepted,48,False,,,,,,accepted,,0x1.367484962e1fcp-5,0x1.367484962e1fcp-5,L0,,,,,True,,,0x1.e777afd9ab560p-1,,
50,49,,,0,accepted,49,False,,,,,,accepted,,0x1.55802b71ff896p-5,0x1.55802b71ff896p-5,L0,,,,,True,,,0x1.fadef8230e380p-1,,
51,50,,,0,accepted,50,False,,,,,,accepted,,0x1.77a6963099172p-5,0x1.77a6963099172p-5,L0,,,,,True,,,0x1.081b7d6d17185p+0,,
52,51,,,0,accepted,51,False,,,,,,accepted,,0x1.9d373ecf0eccbp-5,0x1.9d373ecf0eccbp-5,L0,,,,,True,,,0x1.13d8b21e9be11p+0,,
53,52,,,0,accepted,52,False,,,,,,accepted,,0x1.c68991e3c37adp-5,0x1.c68991e3c37adp-5,L0,,,,,True,,,0x1.20c26c1514577p+0,,
54,53,,,0,accepted,53,False,,,,,,accepted,,0x1.f3fdba1423d3fp-5,0x1.f3fdba1423d3fp-5,L0,,,,,True,,,0x1.2ef6b8a432734p+0,,
55,54,,,1,accepted,54,False,,,,,,accepted,,0x1.12febff17a1b0p-5,0x1.12febff17a1b0p-4,L0,,,,,True,,,0x1.3e96a674d391ep+0,,
56,55,,,0,accepted,55,False,,,,,,accepted,,0x1.2e7e9ff00650fp-5,0x1.2e7e9ff00650fp-5,L0,,,,,True,,,0x1.472e9c745f62cp+0,,
57,56,,,0,accepted,56,False,,,,,,accepted,,0x1.4cbe7cbb3a25ep-5,0x1.4cbe7cbb3a25ep-5,L0,,,,,True,,,0x1.50a29173df954p+0,,
58,57,,,0,accepted,57,False,,,,,,accepted,,0x1.6e04bc678cc35p-5,0x1.6e04bc678cc35p-5,L0,,,,,True,,,0x1.5b088559b9667p+0,,
59,58,,,0,accepted,58,False,,,,,,accepted,,0x1.929ecf3eb4708p-5,0x1.929ecf3eb4708p-5,L0,,,,,True,,,0x1.6678ab3cf5cc9p+0,,
60,59,,,0,accepted,59,False,,,,,,accepted,,0x1.bae1e3f82ce23p-5,0x1.bae1e3f82ce23p-5,L0,,,,,True,,,0x1.730da1b6eb701p+0,,
61,60,,,0,accepted,60,False,,,,,,accepted,,0x1.e72badf764927p-5,0x1.e72badf764927p-5,L0,,,,,True,,,0x1.80e4b0d6acd72p+0,,
62,61,,,0,accepted,61,False,,,,,,accepted,,0x1.0bf19fae77509p-4,0x1.0bf19fae77509p-4,L0,,,,,True,,,0x1.901e0e4667fbbp+0,,
63,62,,,0,accepted,62,False,,,,,,accepted,,0x1.26bcfc731cd8ap-4,0x1.26bcfc731cd8ap-4,L0,,,,,True,,,0x1.a0dd28414f70cp+0,,
64,63,,,1,accepted,63,False,,,,,,accepted,,0x1.443648e506218p-5,0x1.443648e506218p-4,L0,,,,,True,,,0x1.b348f808813e5p+0,,
65,64,,,0,accepted,64,False,,,,,,accepted,,0x1.64a21cfbed24ep-5,0x1.64a21cfbed24ep-5,L0,,,,,True,,,0x1.bd6aaa4fa96f6p+0,,
66,65,,,0,accepted,65,False,,,,,,accepted,,0x1.884becaeb80f0p-5,0x1.884becaeb80f0p-5,L0,,,,,True,,,0x1.c88fbb3788d88p+0,,
67,66,,,0,accepted,66,False,,,,,,accepted,,0x1.af86b78cfdaa2p-5,0x1.af86b78cfdaa2p-5,L0,,,,,True,,,0x1.d4d21a9cfe990p+0,,
68,67,,,0,accepted,67,False,,,,,,accepted,,0x1.daadc9e7e3d4cp-5,0x1.daadc9e7e3d4cp-5,L0,,,,,True,,,0x1.e24e505966865p+0,,
69,68,,,0,accepted,68,False,,,,,,accepted,,0x1.0512c8a5f081dp-4,0x1.0512c8a5f081dp-4,L0,,,,,True,,,0x1.f123bea8a5a4fp+0,,
70,69,,,0,accepted,69,False,,,,,,accepted,,0x1.1f2e431ceef54p-4,0x1.1f2e431ceef54p-4,L0,,,,,True,,,0x1.00ba759982568p+1,,
71,70,,,0,accepted,70,False,,,,,,accepted,,0x1.3be6169fd3a76p-4,0x1.3be6169fd3a76p-4,L0,,,,,True,,,0x1.09b3e7b269ce3p+1,,
72,71,,,1,accepted,71,False,,,,,,accepted,,0x1.5b7d18e3026b5p-5,0x1.5b7d18e3026b5p-4,L0,,,,,True,,,0x1.13931867686b7p+1,,
73,72,,,0,accepted,72,False,,,,,,accepted,,0x1.7e3cce934f761p-5,0x1.7e3cce934f761p-5,L0,,,,,True,,,0x1.19010ccaf4752p+1,,
74,73,,,0,accepted,73,False,,,,,,accepted,,0x1.a476166ed7685p-5,0x1.a476166ed7685p-5,L0,,,,,True,,,0x1.1efa000541b30p+1,,
75,74,,,0,accepted,74,False,,,,,,accepted,,0x1.ce81e579ecf2dp-5,0x1.ce81e579ecf2dp-5,L0,,,,,True,,,0x1.258bd85efd10ap+1,,
76,75,,,0,accepted,75,False,,,,,,accepted,,0x1.fcc216061e3e5p-5,0x1.fcc216061e3e5p-5,L0,,,,,True,,,0x1.2cc5dff4e4c47p+1,,
77,76,,,0,accepted,76,False,,,,,,accepted,,0x1.17d125b690a25p-4,0x1.17d125b690a25p-4,L0,,,,,True,,,0x1.34b8e84cfd3d7p+1,,
78,77,,,1,accepted,77,False,,,,,,accepted,,0x1.33cc7648d24c3p-5,0x1.33cc7648d24c3p-4,L0,,,,,True,,,0x1.3d77717ab1c28p+1,,
79,78,,,0,accepted,78,False,,,,,,accepted,,0x1.52941bb680ed7p-5,0x1.52941bb680ed7p-5,L0,,,,,True,,,0x1.4246a353d50bbp+1,,
80,79,,,0,accepted,79,False,,,,,,accepted,,0x1.746fb8158dd20p-5,0x1.746fb8158dd20p-5,L0,,,,,True,,,0x1.4790f3c2af0f6p+1,,
81,80,,,0,accepted,80,False,,,,,,accepted,,0x1.99ae174ae8cd7p-5,0x1.99ae174ae8cd7p-5,L0,,,,,True,,,0x1.4d62b2a30546ap+1,,
82,81,,,0,accepted,81,False,,,,,,accepted,,0x1.c2a5e66c00154p-5,0x1.c2a5e66c00154p-5,L0,,,,,True,,,0x1.53c96b0030e9dp+1,,
83,82,,,1,accepted,82,False,,,,,,accepted,,0x1.efb67d76cce44p-6,0x1.efb67d76cce44p-5,L0,,,,,True,,,0x1.5ad40299e0ea2p+1,,
84,83,,,0,accepted,83,False,,,,,,accepted,,0x1.10a45e9af0b0cp-5,0x1.10a45e9af0b0cp-5,L0,,,,,True,,,0x1.5eb36f94ce83fp+1,,
85,84,,,0,accepted,84,False,,,,,,accepted,,0x1.2be801aa6f28ep-5,0x1.2be801aa6f28ep-5,L0,,,,,True,,,0x1.62f6010f3a46bp+1,,
86,85,,,0,accepted,85,False,,,,,,accepted,,0x1.49e59b6ead79dp-5,0x1.49e59b6ead79dp-5,L0,,,,,True,,,0x1.67a5a115e4035p+1,,
87,86,,,0,accepted,86,False,,,,,,accepted,,0x1.6ae2f7c68b9fap-5,0x1.6ae2f7c68b9fap-5,L0,,,,,True,,,0x1.6ccd37839eb93p+1,,
88,87,,,1,accepted,87,False,,,,,,accepted,,0x1.8f2cdd5a6662dp-6,0x1.8f2cdd5a6662dp-5,L0,,,,,True,,,0x1.7278c362b8e7bp+1,,
89,88,,,0,accepted,88,False,,,,,,accepted,,0x1.b717c049d7065p-6,0x1.b717c049d7065p-6,L0,,,,,True,,,0x1.75971d1d6db47p+1,,
90,89,,,0,accepted,89,False,,,,,,accepted,,0x1.e30086b79fba3p-6,0x1.e30086b79fba3p-6,L0,,,,,True,,,0x1.79054c9e01628p+1,,
91,90,,,0,accepted,90,False,,,,,,accepted,,0x1.09a6b07e97d9ap-5,0x1.09a6b07e97d9ap-5,L0,,,,,True,,,0x1.7ccb4dab70a1fp+1,,
92,91,,,0,accepted,91,False,,,,,,accepted,,0x1.24375bbe73d5dp-5,0x1.24375bbe73d5dp-5,L0,,,,,True,,,0x1.80f1e86d6b015p+1,,
93,92,,,1,accepted,92,False,,,,,,accepted,,0x1.4170181e4c380p-6,0x1.4170181e4c380p-5,L0,,,,,True,,,0x1.8582c5dc64d0ap+1,,
94,93,,,0,accepted,93,False,,,,,,accepted,,0x1.6194e754870a7p-6,0x1.6194e754870a7p-6,L0,,,,,True,,,0x1.8805a60ca1691p+1,,
95,94,,,0,accepted,94,False,,,,,,accepted,,0x1.84f098102e252p-6,0x1.84f098102e252p-6,L0,,,,,True,,,0x1.8ac8cfdb4a772p+1,,
96,95,,,0,accepted,95,False,,,,,,accepted,,0x1.abd57411cc5c1p-6,0x1.abd57411cc5c1p-6,L0,,,,,True,,,0x1.8dd2b10b6ad37p+1,,
97,96,,,0,accepted,96,False,,,,,,accepted,,0x1.d69dffad2d988p-6,0x1.d69dffad2d988p-6,L0,,,,,True,,,0x1.912a5bf38e6c3p+1,,
98,97,,,1,accepted,97,False,,,,,,accepted,,0x1.02d6e638d913ep-6,0x1.02d6e638d913ep-5,L0,,,,,True,,,0x1.94d797f2e8c76p+1,,
99,98,,,0,accepted,98,False,,,,,,accepted,,0x1.1cb93071bb95ep-6,0x1.1cb93071bb95ep-6,L0,,,,,True,,,0x1.96dd45bf5a798p+1,,
100,99,,,0,accepted,99,False,,,,,,accepted,,0x1.39321bb04e581p-6,0x1.39321bb04e581p-6,L0,,,,,True,,,0x1.9916b8203df0bp+1,,
101,100,,,0,accepted,100,False,,,,,,accepted,,0x1.5883eb41efc75p-6,0x1.5883eb41efc75p-6,L0,,,,,True,,,0x1.9b891c579e8d6p+1,,
102,101,,,0,accepted,101,False,,,,,,accepted,,0x1.7af782c887c1bp-6,0x1.7af782c887c1bp-6,L0,,,,,True,,,0x1.9e3a242e226cfp+1,,
103,102,,,0,accepted,102,False,,,,,,accepted,,0x1.a0dd0fdc95551p-6,0x1.a0dd0fdc95551p-6,L0,,,,,True,,,0x1.a1301333b37c7p+1,,
104,103,,,1,accepted,103,False,,,,,,accepted,,0x1.ca8cc4a5d7773p-7,0x1.ca8cc4a5d7773p-6,L0,,,,,True,,,0x1.a471cd536ca72p+1,,
105,104,,,0,accepted,104,False,,,,,,accepted,,0x1.f867a51cd3699p-7,0x1.f867a51cd3699p-7,L0,,,,,True,,,0x1.a63c5a18127e9p+1,,
106,105,,,0,accepted,105,False,,,,,,accepted,,0x1.156c34697446ep-6,0x1.156c34697446ep-6,L0,,,,,True,,,0x1.a834c1bd2f520p+1,,
107,106,,,0,accepted,106,False,,,,,,accepted,,0x1.312a39a7331adp-6,0x1.312a39a7331adp-6,L0,,,,,True,,,0x1.aa5f9a26023a9p+1,,
108,107,,,0,accepted,107,False,,,,,,accepted,,0x1.4fae729e51d0cp-6,0x1.4fae729e51d0cp-6,L0,,,,,True,,,0x1.acc1ee9950a0cp+1,,
109,108,,,0,accepted,108,False,,,,,,accepted,,0x1.713fe47af398ep-6,0x1.713fe47af398ep-6,L0,,,,,True,,,0x1.af614b7e8d446p+1,,
110,109,,,0,accepted,109,False,,,,,,accepted,,0x1.962cae873f283p-6,0x1.962cae873f283p-6,L0,,,,,True,,,0x1.b243cb47832b9p+1,,
111,110,,,1,accepted,110,False,,,,,,accepted,,0x1.becabffb2bdf7p-7,0x1.becabffb2bdf7p-6,L0,,,,,True,,,0x1.b57024a491a9ep+1,,
112,111,,,0,accepted,111,False,,,,,,accepted,,0x1.eb789ffab042ap-7,0x1.eb789ffab042ap-7,L0,,,,,True,,,0x1.b72eef648cd5cp+1,,
113,112,,,0,accepted,112,False,,,,,,accepted,,0x1.0e4f24c9e0f17p-6,0x1.0e4f24c9e0f17p-6,L0,,,,,True,,,0x1.b91a680487860p+1,,
114,113,,,0,accepted,113,False,,,,,,accepted,,0x1.29570ede1109ap-6,0x1.29570ede1109ap-6,L0,,,,,True,,,0x1.bb37064e1b47ep+1,,
115,114,,,0,accepted,114,False,,,,,,accepted,,0x1.4712f6c112bddp-6,0x1.4712f6c112bddp-6,L0,,,,,True,,,0x1.bd89b46bd769fp+1,,
116,115,,,0,accepted,115,False,,,,,,accepted,,0x1.67c80f6dfb040p-6,0x1.67c80f6dfb040p-6,L0,,,,,True,,,0x1.c017da59598f7p+1,,
117,116,,,0,accepted,116,False,,,,,,accepted,,0x1.8bc2775f60eadp-6,0x1.8bc2775f60eadp-6,L0,,,,,True,,,0x1.c2e76a7835858p+1,,
118,117,,,1,accepted,117,False,,,,,,accepted,,0x1.b355e9b5b768cp-7,0x1.b355e9b5b768cp-6,L0,,,,,True,,,0x1.c5feef66f4475p+1,,
119,118,,,0,accepted,118,False,,,,,,accepted,,0x1.dede8114b0267p-7,0x1.dede8114b0267p-7,L0,,,,,True,,,0x1.c7b24550a9fecp+1,,
120,119,,,0,accepted,119,False,,,,,,accepted,,0x1.0760c6fe94153p-6,0x1.0760c6fe94153p-6,L0,,,,,True,,,0x1.c99123d1beaeep+1,,
121,120,,,0,accepted,120,False,,,,,,accepted,,0x1.21b7414b3c7dcp-6,0x1.21b7414b3c7dcp-6,L0,,,,,True,,,0x1.cb9fe55fbbd71p+1,,
122,121,,,0,accepted,121,False,,,,,,accepted,,0x1.3eaffb05f5bd9p-6,0x1.3eaffb05f5bd9p-6,L0,,,,,True,,,0x1.cde353e252501p+1,,
123,122,,,0,accepted,122,False,,,,,,accepted,,0x1.5e8e60ecf4b6fp-6,0x1.5e8e60ecf4b6fp-6,L0,,,,,True,,,0x1.d060b3d85e3b9p+1,,
124,123,,,0,accepted,123,False,,,,,,accepted,,0x1.819c9dd173961p-6,0x1.819c9dd173961p-6,L0,,,,,True,,,0x1.d31dd09a38250p+1,,
125,124,,,0,accepted,124,False,,,,,,accepted,,0x1.a82c473332585p-6,0x1.a82c473332585p-6,L0,,,,,True,,,0x1.d62109d5db0c3p+1,,
126,125,,,0,accepted,125,False,,,,,,accepted,,0x1.d2971b1eb7613p-6,0x1.d2971b1eb7613p-6,L0,,,,,True,,,0x1.d97162644170ep+1,,
127,126,,,1,accepted,126,False,,,,,,accepted,,0x1.009fe884180f1p-6,0x1.009fe884180f1p-5,L0,,,,,True,,,0x1.dd16909a7edfap+1,,
128,127,,,0,accepted,127,False,,,,,,accepted,,0x1.1a497fc480dd6p-6,0x1.1a497fc480dd6p-6,L0,,,,,True,,,0x1.df17d06b870fcp+1,,
129,128,,,0,accepted,128,False,,,,,,accepted,,0x1.36840c8b5a8d2p-6,0x1.36840c8b5a8d2p-6,L0,,,,,True,,,0x1.e14c636b10118p+1,,
130,129,,,0,accepted,129,False,,,,,,accepted,,0x1.559140ffb0681p-6,0x1.559140ffb0681p-6,L0,,,,,True,,,0x1.e3b96b8426c6ap+1,,
131,130,,,0,accepted,130,False,,,,,,accepted,,0x1.77b96119420c2p-6,0x1.77b96119420c2p-6,L0,,,,,True,,,0x1.e6648e0626277p+1,,
132,131,,,0,accepted,131,False,,,,,,accepted,,0x1.9d4beacefbda3p-6,0x1.9d4beacefbda3p-6,L0,,,,,True,,,0x1.e95400c858ab9p+1,,
133,132,,,0,accepted,132,False,,,,,,accepted,,0x1.c6a04f16e1d67p-6,0x1.c6a04f16e1d67p-6,L0,,,,,True,,,0x1.ec8e989df6a34p+1,,
134,133,,,0,accepted,133,False,,,,,,accepted,,0x1.f416bd65f86bfp-6,0x1.f416bd65f86bfp-6,L0,,,,,True,,,0x1.f01bd93c2466fp+1,,
135,134,,,0,accepted,134,False,,,,,,accepted,,0x1.130c81c4e23b6p-5,0x1.130c81c4e23b6p-5,L0,,,,,True,,,0x1.f40406b6f057cp+1,,
136,135,,,1,accepted,135,False,,,,,,accepted,,0x1.2e8dc1f22c0e2p-6,0x1.2e8dc1f22c0e2p-5,L0,,,,,True,,,0x1.f85038be03e0bp+1,,
137,136,,,0,accepted,136,False,,,,,,accepted,,0x1.4ccf2223fd42cp-6,0x1.4ccf2223fd42cp-6,L0,,,,,True,,,0x1.faad5441e838dp+1,,
138,137,,,0,accepted,137,False,,,,,,accepted,,0x1.6e170bf463631p-6,0x1.6e170bf463631p-6,L0,,,,,True,,,0x1.fd46f28630335p+1,,
139,138,,,0,accepted,138,False,,,,,,accepted,,0x1.92b2f38cd3b9dp-6,0x1.92b2f38cd3b9dp-6,L0,,,,,True,,,0x1.0011904f0c7d1p+2,,
140,139,,,0,accepted,139,False,,,,,,accepted,,0x1.baf80be7b5b2dp-6,0x1.baf80be7b5b2dp-6,L0,,,,,True,,,0x1.01a443429950dp+2,,
141,140,,,0,accepted,140,False,,,,,,accepted,,0x1.e7440d187b119p-6,0x1.e7440d187b119p-6,L0,,,,,True,,,0x1.035f3b4e81068p+2,,
142,141,,,0,accepted,141,False,,,,,,accepted,,0x1.0bff0733dd49bp-5,0x1.0bff0733dd49bp-5,L0,,,,,True,,,0x1.05467f5b99819p+2,,
143,142,,,0,accepted,142,False,,,,,,accepted,,0x1.26cbbb1f736abp-5,0x1.26cbbb1f736abp-5,L0,,,,,True,,,0x1.075e7d6a013c2p+2,,
144,143,,,1,accepted,143,False,,,,,,accepted,,0x1.44468108fef56p-6,0x1.44468108fef56p-5,L0,,,,,True,,,0x1.09ac14e04022fp+2,,
145,144,,,0,accepted,144,False,,,,,,accepted,,0x1.64b3f456b20dfp-6,0x1.64b3f456b20dfp-6,L0,,,,,True,,,0x1.0af05b614921ep+2,,
146,145,,,0,accepted,145,False,,,,,,accepted,,0x1.885f8cc5c3dc3p-6,0x1.885f8cc5c3dc3p-6,L0,,,,,True,,,0x1.0c550f559fd3fp+2,,
147,146,,,0,accepted,146,False,,,,,,accepted,,0x1.af9c4e0cbdd8ap-6,0x1.af9c4e0cbdd8ap-6,L0,,,,,True,,,0x1.0ddd6ee26597dp+2,,
148,147,,,0,accepted,147,False,,,,,,accepted,,0x1.dac5890e0407fp-6,0x1.dac5890e0407fp-6,L0,,,,,True,,,0x1.0f8d0b307255bp+2,,
149,148,,,0,accepted,148,False,,,,,,accepted,,0x1.051fd82e1bd13p-5,0x1.051fd82e1bd13p-5,L0,,,,,True,,,0x1.1167d0b98059bp+2,,
150,149,,,0,accepted,149,False,,,,,,accepted,,0x1.1f3ca0ff84ffcp-5,0x1.1f3ca0ff84ffcp-5,L0,,,,,True,,,0x1.13721069dc915p+2,,
151,150,,,0,accepted,150,False,,,,,,accepted,,0x1.3bf5e44c457fcp-5,0x1.3bf5e44c457fcp-5,L0,,,,,True,,,0x1.15b089abdb9b5p+2,,
152,151,,,1,accepted,151,False,,,,,,accepted,,0x1.5b8e7b20b2d96p-6,0x1.5b8e7b20b2d96p-5,L0,,,,,True,,,0x1.1828757474265p+2,,
153,152,,,0,accepted,152,False,,,,,,accepted,,0x1.7e4fedd72b226p-6,0x1.7e4fedd72b226p-6,L0,,,,,True,,,0x1.198403ef94d93p+2,,
154,153,,,0,accepted,153,False,,,,,,accepted,,0x1.a48b1f397c3f7p-6,0x1.a48b1f397c3f7p-6,L0,,,,,True,,,0x1.1b0253dd6c045p+2,,
155,154,,,0,accepted,154,False,,,,,,accepted,,0x1.ce9908bf3bdf7p-6,0x1.ce9908bf3bdf7p-6,L0,,,,,True,,,0x1.1ca6defca5809p+2,,
156,155,,,0,accepted,155,False,,,,,,accepted,,0x1.fcdb899f2842ap-6,0x1.fcdb899f2842ap-6,L0,,,,,True,,,0x1.1e75780564bc7p+2,,
157,156,,,0,accepted,156,False,,,,,,accepted,,0x1.17df254abc8b1p-5,0x1.17df254abc8b1p-5,L0,,,,,True,,,0x1.2072538f03e4bp+2,,
158,157,,,0,accepted,157,False,,,,,,accepted,,0x1.33dbdc389c32ap-5,0x1.33dbdc389c32ap-5,L0,,,,,True,,,0x1.22a211d9995dcp+2,,
159,158,,,1,accepted,158,False,,,,,,accepted,,0x1.52a50bd7df048p-6,0x1.52a50bd7df048p-5,L0,,,,,True,,,0x1.2509c9920a962p+2,,
160,159,,,0,accepted,159,False,,,,,,accepted,,0x1.748259d3dbb83p-6,0x1.748259d3dbb83p-6,L0,,,,,True,,,0x1.265c6e9de2752p+2,,
161,160,,,0,accepted,160,False,,,,,,accepted,,0x1.99c29602a4e44p-6,0x1.99c29602a4e44p-6,L0,,,,,True,,,0x1.27d0f0f7b650ep+2,,
162,161,,,0,accepted,161,False,,,,,,accepted,,0x1.c2bc71cfb5618p-6,0x1.c2bc71cfb5618p-6,L0,,,,,True,,,0x1.296ab38db8f5cp+2,,
163,162,,,0,accepted,162,False,,,,,,accepted,,0x1.efcf49fe1451bp-6,0x1.efcf49fe1451bp-6,L0,,,,,True,,,0x1.2b2d6fff88ab2p+2,,
164,163,,,0,accepted,163,False,,,,,,accepted,,0x1.10b2024bbe602p-5,0x1.10b2024bbe602p-5,L0,,,,,True,,,0x1.2d1d3f4986bf7p+2,,
165,164,,,0,accepted,164,False,,,,,,accepted,,0x1.2bf70286849cfp-5,0x1.2bf70286849cfp-5,L0,,,,,True,,,0x1.2f3ea34e1e3c3p+2,,
166,165,,,1,accepted,165,False,,,,,,accepted,,0x1.49f61c60c5131p-6,0x1.49f61c60c5131p-5,L0,,,,,True,,,0x1.319691532b457p+2,,
167,166,,,0,accepted,166,False,,,,,,accepted,,0x1.6af51f373f2eap-6,0x1.6af51f373f2eap-6,L0,,,,,True,,,0x1.32e0876f8c0a8p+2,,
168,167,,,0,accepted,167,False,,,,,,accepted,,0x1.8f40d589924cfp-6,0x1.8f40d589924cfp-6,L0,,,,,True,,,0x1.344b7c8ec349bp+2,,
169,168,,,0,accepted,168,False,,,,,,accepted,,0x1.b72db7b0edbb1p-6,0x1.b72db7b0edbb1p-6,L0,,,,,True,,,0x1.35dabd644cdc0p+2,,
170,169,,,0,accepted,169,False,,,,,,accepted,,0x1.e318b075d24ddp-6,0x1.e318b075d24ddp-6,L0,,,,,True,,,0x1.3791eb1bfdc9cp+2,,
171,170,,,0,accepted,170,False,,,,,,accepted,,0x1.09b3faa733aadp-5,0x1.09b3faa733aadp-5,L0,,,,,True,,,0x1.397503cc739c1p+2,,
172,171,,,1,accepted,171,False,,,,,,accepted,,0x1.2445fa1e526f2p-6,0x1.2445fa1e526f2p-5,L0,,,,,True,,,0x1.3b886bc1c2036p+2,,
173,172,,,0,accepted,172,False,,,,,,accepted,,0x1.41802cbaf4471p-6,0x1.41802cbaf4471p-6,L0,,,,,True,,,0x1.3cacb1bbe055dp+2,,
174,173,,,0,accepted,173,False,,,,,,accepted,,0x1.61a6979a731b0p-6,0x1.61a6979a731b0p-6,L0,,,,,True,,,0x1.3dee31e89b4a1p+2,,
175,174,,,0,accepted,174,False,,,,,,accepted,,0x1.85040d29e5042p-6,0x1.85040d29e5042p-6,L0,,,,,True,,,0x1.3f4fd88035bd3p+2,,
176,175,,,0,accepted,175,False,,,,,,accepted,,0x1.abeadb47af1e3p-6,0x1.abeadb47af1e3p-6,L0,,,,,True,,,0x1.40d4dc8d5fa23p+2,,
177,176,,,0,accepted,176,False,,,,,,accepted,,0x1.d6b58aceda3aep-6,0x1.d6b58aceda3aep-6,L0,,,,,True,,,0x1.4280c768a7515p+2,,
178,177,,,0,accepted,177,False,,,,,,accepted,,0x1.02e3d924f806dp-5,0x1.02e3d924f806dp-5,L0,,,,,True,,,0x1.44577cf3762b9p+2,,
179,178,,,1,accepted,178,False,,,,,,accepted,,0x1.1cc76edbdda12p-6,0x1.1cc76edbdda12p-5,L0,,,,,True,,,0x1.465d44a5c01bap+2,,
180,179,,,0,accepted,179,False,,,,,,accepted,,0x1.3941c6bea6fe1p-6,0x1.3941c6bea6fe1p-6,L0,,,,,True,,,0x1.477a0c149bf94p+2,,
181,180,,,0,accepted,180,False,,,,,,accepted,,0x1.5895276b514abp-6,0x1.5895276b514abp-6,L0,,,,,True,,,0x1.48b34ddb5aa04p+2,,
182,181,,,0,accepted,181,False,,,,,,accepted,,0x1.7b0a78293fd23p-6,0x1.7b0a78293fd23p-6,L0,,,,,True,,,0x1.4a0be302c5f19p+2,,
183,182,,,0,accepted,182,False,,,,,,accepted,,0x1.a0f1ea93c6341p-6,0x1.a0f1ea93c6341p-6,L0,,,,,True,,,0x1.4b86ed7aef316p+2,,
184,183,,,0,accepted,183,False,,,,,,accepted,,0x1.caa3b53c26d2fp-6,0x1.caa3b53c26d2fp-6,L0,,,,,True,,,0x1.4d27df6582f79p+2,,
185,184,,,1,accepted,184,False,,,,,,accepted,,0x1.f880e0f55de81p-7,0x1.f880e0f55de81p-6,L0,,,,,True,,,0x1.4ef2831abf1e6p+2,,
186,185,,,0,accepted,185,False,,,,,,accepted,,0x1.157a1553c072ep-6,0x1.157a1553c072ep-6,L0,,,,,True,,,0x1.4feec38b39cd5p+2,,
187,186,,,0,accepted,186,False,,,,,,accepted,,0x1.31397ddc207e6p-6,0x1.31397ddc207e6p-6,L0,,,,,True,,,0x1.51043da08d8dcp+2,,
188,187,,,0,accepted,187,False,,,,,,accepted,,0x1.4fbf3da556f17p-6,0x1.4fbf3da556f17p-6,L0,,,,,True,,,0x1.5235771e69ae4p+2,,
189,188,,,0,accepted,188,False,,,,,,accepted,,0x1.71525d6912d67p-6,0x1.71525d6912d67p-6,L0,,,,,True,,,0x1.5385365c0f053p+2,,
190,189,,,0,accepted,189,False,,,,,,accepted,,0x1.96410059fb1f2p-6,0x1.96410059fb1f2p-6,L0,,,,,True,,,0x1.54f688b978180p+2,,
191,190,,,0,accepted,190,False,,,,,,accepted,,0x1.bee119fc943bep-6,0x1.bee119fc943bep-6,L0,,,,,True,,,0x1.568cc9b9d2132p+2,,
192,191,,,1,accepted,191,False,,,,,,accepted,,0x1.eb91362f6fdb8p-7,0x1.eb91362f6fdb8p-6,L0,,,,,True,,,0x1.584baad3cea76p+2,,
193,192,,,0,accepted,192,False,,,,,,accepted,,0x1.0e5caa9a171f2p-6,0x1.0e5caa9a171f2p-6,L0,,,,,True,,,0x1.5941736ee65f5p+2,,
194,193,,,0,accepted,193,False,,,,,,accepted,,0x1.2965eedcb308bp-6,0x1.2965eedcb308bp-6,L0,,,,,True,,,0x1.5a4fd01980767p+2,,
195,194,,,0,accepted,194,False,,,,,,accepted,,0x1.4723538c5e899p-6,0x1.4723538c5e899p-6,L0,,,,,True,,,0x1.5b7936085d298p+2,,
196,195,,,0,accepted,195,False,,,,,,accepted,,0x1.67da0f1a67fdcp-6,0x1.67da0f1a67fdcp-6,L0,,,,,True,,,0x1.5cc0595be9881p+2,,
197,196,,,0,accepted,196,False,,,,,,accepted,,0x1.8bd643d03f30cp-6,0x1.8bd643d03f30cp-6,L0,,,,,True,,,0x1.5e28336b03f01p+2,,
198,197,,,1,accepted,197,False,,,,,,accepted,,0x1.b36bb0feabe8ep-7,0x1.b36bb0feabe8ep-6,L0,,,,,True,,,0x1.5fb409aed42f4p+2,,
199,198,,,0,accepted,198,False,,,,,,accepted,,0x1.def675e4f04d0p-7,0x1.def675e4f04d0p-7,L0,,,,,True,,,0x1.608dbf8753853p+2,,
200,199,,,0,accepted,199,False,,,,,,accepted,,0x1.076df40ab75d9p-6,0x1.076df40ab75d9p-6,L0,,,,,True,,,0x1.617d3ac245fd5p+2,,
201,200,,,0,accepted,200,False,,,,,,accepted,,0x1.21c5bfa5634d6p-6,0x1.21c5bfa5634d6p-6,L0,,,,,True,,,0x1.6284a8b650b4bp+2,,
202,201,,,0,accepted,201,False,,,,,,accepted,,0x1.3ebfec69206ecp-6,0x1.3ebfec69206ecp-6,L0,,,,,True,,,0x1.63a66e75f6180p+2,,
203,202,,,0,accepted,202,False,,,,,,accepted,,0x1.5e9fea73a3ad1p-6,0x1.5e9fea73a3ad1p-6,L0,,,,,True,,,0x1.64e52e625f387p+2,,
204,203,,,1,accepted,203,False,,,,,,accepted,,0x1.81afe84c00d80p-7,0x1.81afe84c00d80p-6,L0,,,,,True,,,0x1.6643ce4cd2dc2p+2,,
205,204,,,0,accepted,204,False,,,,,,accepted,,0x1.a8417f86cdba7p-7,0x1.a8417f86cdba7p-7,L0,,,,,True,,,0x1.6704a640f8dc9p+2,,
206,205,,,0,accepted,205,False,,,,,,accepted,,0x1.d2ae72ade24d2p-7,0x1.d2ae72ade24d2p-7,L0,,,,,True,,,0x1.67d8c700bc437p+2,,
207,206,,,0,accepted,206,False,,,,,,accepted,,0x1.00acbf12d610dp-6,0x1.00acbf12d610dp-6,L0,,,,,True,,,0x1.68c21e3a13349p+2,,
208,207,,,0,accepted,207,False,,,,,,accepted,,0x1.1a579efb1eac2p-6,0x1.1a579efb1eac2p-6,L0,,,,,True,,,0x1.69c2caf9260aap+2,,
209,208,,,0,accepted,208,False,,,,,,accepted,,0x1.369395476e8a3p-6,0x1.369395476e8a3p-6,L0,,,,,True,,,0x1.6add229821295p+2,,
210,209,,,0,accepted,209,False,,,,,,accepted,,0x1.55a257682ccb4p-6,0x1.55a257682ccb4p-6,L0,,,,,True,,,0x1.6c13b62d6897ep+2,,
211,210,,,1,accepted,210,False,,,,,,accepted,,0x1.77cc2cf297ac7p-7,0x1.77cc2cf297ac7p-6,L0,,,,,True,,,0x1.6d695884d0c4bp+2,,
212,211,,,0,accepted,211,False,,,,,,accepted,,0x1.9d6097d7a6d75p-7,0x1.9d6097d7a6d75p-7,L0,,,,,True,,,0x1.6e253e9b4a108p+2,,
213,212,,,0,accepted,212,False,,,,,,accepted,,0x1.c6b70d6d37868p-7,0x1.c6b70d6d37868p-7,L0,,,,,True,,,0x1.6ef3eee735e3fp+2,,
214,213,,,0,accepted,213,False,,,,,,accepted,,0x1.f42fc1f8237a6p-7,0x1.f42fc1f8237a6p-7,L0,,,,,True,,,0x1.6fd74a6dec7fbp+2,,
215,214,,,0,accepted,214,False,,,,,,accepted,,0x1.131a444879e9cp-6,0x1.131a444879e9cp-6,L0,,,,,True,,,0x1.70d1624ee8917p+2,,
216,215,,,0,accepted,215,False,,,,,,accepted,,0x1.2e9ce4b61fb46p-6,0x1.2e9ce4b61fb46p-6,L0,,,,,True,,,0x1.71e47c93310b6p+2,,
217,216,,,1,accepted,216,False,,,,,,accepted,,0x1.4cdfc861efacdp-7,0x1.4cdfc861efacdp-6,L0,,,,,True,,,0x1.73131977e72b1p+2,,
218,217,,,0,accepted,217,False,,,,,,accepted,,0x1.6e295c6bbad7cp-7,0x1.6e295c6bbad7cp-7,L0,,,,,True,,,0x1.73b9895c1822ep+2,,
219,218,,,0,accepted,218,False,,,,,,accepted,,0x1.92c718dce7209p-7,0x1.92c718dce7209p-7,L0,,,,,True,,,0x1.74709e0a4e005p+2,,
220,219,,,0,accepted,219,False,,,,,,accepted,,0x1.bb0e34f2fe3d7p-7,0x1.bb0e34f2fe3d7p-7,L0,,,,,True,,,0x1.753a0196bc73ep+2,,
221,220,,,0,accepted,220,False,,,,,,accepted,,0x1.e75c6d71b143ap-7,0x1.e75c6d71b143ap-7,L0,,,,,True,,,0x1.761788b135f30p+2,,
222,221,,,0,accepted,221,False,,,,,,accepted,,0x1.0c0c6f64ee4bap-6,0x1.0c0c6f64ee4bap-6,L0,,,,,True,,,0x1.770b36e7eecbap+2,,
223,222,,,1,accepted,222,False,,,,,,accepted,,0x1.26da7a889fb9ap-7,0x1.26da7a889fb9ap-6,L0,,,,,True,,,0x1.7817435753b9fp+2,,
224,223,,,0,accepted,223,False,,,,,,accepted,,0x1.4456b9fcafb2ap-7,0x1.4456b9fcafb2ap-7,L0,,,,,True,,,0x1.78aab0949809dp+2,,
225,224,,,0,accepted,224,False,,,,,,accepted,,0x1.64c5cc95f477cp-7,0x1.64c5cc95f477cp-7,L0,,,,,True,,,0x1.794cdbf19661bp+2,,
226,225,,,0,accepted,225,False,,,,,,accepted,,0x1.88732dd82683cp-7,0x1.88732dd82683cp-7,L0,,,,,True,,,0x1.79ff3ed7e15bfp+2,,
227,226,,,0,accepted,226,False,,,,,,accepted,,0x1.afb1e5a0f72a9p-7,0x1.afb1e5a0f72a9p-7,L0,,,,,True,,,0x1.7ac3786ecd6f3p+2,,
228,227,,,0,accepted,227,False,,,,,,accepted,,0x1.dadd496443154p-7,0x1.dadd496443154p-7,L0,,,,,True,,,0x1.7b9b51619deacp+2,,
229,228,,,1,accepted,228,False,,,,,,accepted,,0x1.052ce85d8b4bbp-7,0x1.052ce85d8b4bbp-6,L0,,,,,True,,,0x1.7c88c006500c5p+2,,
230,229,,,0,accepted,229,False,,,,,,accepted,,0x1.1f4aff9a1939bp-7,0x1.1f4aff9a1939bp-7,L0,,,,,True,,,0x1.7d0b567a7ed1fp+2,,
231,230,,,0,accepted,230,False,,,,,,accepted,,0x1.3c05b2c31bbf8p-7,0x1.3c05b2c31bbf8p-7,L0,,,,,True,,,0x1.7d9afbfa4bde9p+2,,
232,231,,,0,accepted,231,False,,,,,,accepted,,0x1.5b9fde3d04ec4p-7,0x1.5b9fde3d04ec4p-7,L0,,,,,True,,,0x1.7e38fed3ad6c7p+2,,
233,232,,,0,accepted,232,False,,,,,,accepted,,0x1.7e630e0febd0bp-7,0x1.7e630e0febd0bp-7,L0,,,,,True,,,0x1.7ee6cec2cbeeep+2,,
234,233,,,0,accepted,233,False,,,,,,accepted,,0x1.a4a0291183659p-7,0x1.a4a0291183659p-7,L0,,,,,True,,,0x1.7fa60049d3e4dp+2,,
235,234,,,1,accepted,234,False,,,,,,accepted,,0x1.ceb02d2cdd563p-8,0x1.ceb02d2cdd563p-7,L0,,,,,True,,,0x1.8078505e5ca68p+2,,
236,235,,,0,accepted,235,False,,,,,,accepted,,0x1.fcf4fe7e26abap-8,0x1.fcf4fe7e26abap-8,L0,,,,,True,,,0x1.80ebfc69a7dddp+2,,
237,236,,,0,accepted,236,False,,,,,,accepted,,0x1.17ed25922ede7p-7,0x1.17ed25922ede7p-7,L0,,,,,True,,,0x1.816b39a947678p+2,,
238,237,,,0,accepted,237,False,,,,,,accepted,,0x1.33eb42ed99f4bp-7,0x1.33eb42ed99f4bp-7,L0,,,,,True,,,0x1.81f7303c107efp+2,,
239,238,,,0,accepted,238,False,,,,,,accepted,,0x1.52b5fcd2295a0p-7,0x1.52b5fcd2295a0p-7,L0,,,,,True,,,0x1.829125dd874bfp+2,,
240,239,,,0,accepted,239,False,,,,,,accepted,,0x1.7494fc80c7164p-7,0x1.7494fc80c7164p-7,L0,,,,,True,,,0x1.833a80dbf060ap+2,,
241,240,,,0,accepted,240,False,,,,,,accepted,,0x1.99d715c0dafefp-7,0x1.99d715c0dafefp-7,L0,,,,,True,,,0x1.83f4cb5a30c43p+2,,
242,241,,,1,accepted,241,False,,,,,,accepted,,0x1.c2d2fe5424188p-8,0x1.c2d2fe5424188p-7,L0,,,,,True,,,0x1.84c1b6e51131bp+2,,
243,242,,,0,accepted,242,False,,,,,,accepted,,0x1.efe817c2f4816p-8,0x1.efe817c2f4816p-8,L0,,,,,True,,,0x1.85326ba4a63abp+2,,
244,243,,,0,accepted,243,False,,,,,,accepted,,0x1.10bfa6ab39ad9p-7,0x1.10bfa6ab39ad9p-7,L0,,,,,True,,,0x1.85ae65aa96f7dp+2,,
245,244,,,0,accepted,244,False,,,,,,accepted,,0x1.2c060422bf722p-7,0x1.2c060422bf722p-7,L0,,,,,True,,,0x1.8636c57dec94ap+2,,
246,245,,,0,accepted,245,False,,,,,,accepted,,0x1.4a069e2638fd9p-7,0x1.4a069e2638fd9p-7,L0,,,,,True,,,0x1.86ccc87ffdf46p+2,,
247,246,,,0,accepted,246,False,,,,,,accepted,,0x1.6b07479071e3cp-7,0x1.6b07479071e3cp-7,L0,,,,,True,,,0x1.8771cbcf1110ep+2,,
248,247,,,1,accepted,247,False,,,,,,accepted,,0x1.8f54ceb87d476p-8,0x1.8f54ceb87d476p-7,L0,,,,,True,,,0x1.88274f72d949dp+2,,
249,248,,,0,accepted,248,False,,,,,,accepted,,0x1.b743b031569b6p-8,0x1.b743b031569b6p-8,L0,,,,,True,,,0x1.888b24a687692p+2,,
250,249,,,0,accepted,249,False,,,,,,accepted,,0x1.e330db6978de2p-8,0x1.e330db6978de2p-8,L0,,,,,True,,,0x1.88f8f59293becp+2,,
251,250,,,0,accepted,250,False,,,,,,accepted,,0x1.09c1457a027a3p-7,0x1.09c1457a027a3p-7,L0,,,,,True,,,0x1.8971c1c96e1cfp+2,,
252,251,,,0,accepted,251,False,,,,,,accepted,,0x1.2454993969201p-7,0x1.2454993969201p-7,L0,,,,,True,,,0x1.89f6a26c2b1e3p+2,,
253,252,,,1,accepted,252,False,,,,,,accepted,,0x1.419042258d3cep-8,0x1.419042258d3cep-7,L0,,,,,True,,,0x1.8a88ccb8c7d2cp+2,,
254,253,,,0,accepted,253,False,,,,,,accepted,,0x1.61b848c2e8296p-8,0x1.61b848c2e8296p-8,L0,,,,,True,,,0x1.8ad930c951361p+2,,
255,254,,,0,accepted,254,False,,,,,,accepted,,0x1.8517833ccc2d9p-8,0x1.8517833ccc2d9p-8,L0,,,,,True,,,0x1.8b319edb81f02p+2,,
256,255,,,0,accepted,255,False,,,,,,accepted,,0x1.ac00438fad656p-8,0x1.ac00438fad656p-8,L0,,,,,True,,,0x1.8b92e4bc51233p+2,,
257,256,,,0,accepted,256,False,,,,,,accepted,,0x1.d6cd171e0b892p-8,0x1.d6cd171e0b892p-8,L0,,,,,True,,,0x1.8bfde4cd350e9p+2,,
258,257,,,0,accepted,257,False,,,,,,accepted,,0x1.02f0ccb6ecbeap-7,0x1.02f0ccb6ecbeap-7,L0,,,,,True,,,0x1.8c739812fc917p+2,,
259,258,,,1,accepted,258,False,,,,,,accepted,,0x1.1cd5adfc6ad1bp-8,0x1.1cd5adfc6ad1bp-7,L0,,,,,True,,,0x1.8cf510795807dp+2,,
260,259,,,0,accepted,259,False,,,,,,accepted,,0x1.39517295a8b38p-8,0x1.39517295a8b38p-8,L0,,,,,True,,,0x1.8d3c45e4d7228p+2,,
261,260,,,0,accepted,260,False,,,,,,accepted,,0x1.58a664716cc58p-8,0x1.58a664716cc58p-8,L0,,,,,True,,,0x1.8d8a9a417c8cbp+2,,
262,261,,,0,accepted,261,False,,,,,,accepted,,0x1.7b1d6e7cc472ep-8,0x1.7b1d6e7cc472ep-8,L0,,,,,True,,,0x1.8de0c3da98e7ep+2,,
263,262,,,0,accepted,262,False,,,,,,accepted,,0x1.a106c6560b4b3p-8,0x1.a106c6560b4b3p-8,L0,,,,,True,,,0x1.8e3f8b3638190p+2,,
264,263,,,0,accepted,263,False,,,,,,accepted,,0x1.cabaa6f83f9f9p-8,0x1.cabaa6f83f9f9p-8,L0,,,,,True,,,0x1.8ea7cce7cd9bdp+2,,
265,264,,,1,accepted,264,False,,,,,,accepted,,0x1.f89a1e1112c93p-9,0x1.f89a1e1112c93p-8,L0,,,,,True,,,0x1.8f1a7b918babbp+2,,
266,265,,,0,accepted,265,False,,,,,,accepted,,0x1.1587f6efca551p-8,0x1.1587f6efca551p-8,L0,,,,,True,,,0x1.8f598ed54dce1p+2,,
267,266,,,0,accepted,266,False,,,,,,accepted,,0x1.3148c2d491c40p-8,0x1.3148c2d491c40p-8,L0,,,,,True,,,0x1.8f9ef0d309c0ap+2,,
268,267,,,0,accepted,267,False,,,,,,accepted,,0x1.4fd009836d247p-8,0x1.4fd009836d247p-8,L0,,,,,True,,,0x1.8feb4303bee51p+2,,
269,268,,,0,accepted,268,False,,,,,,accepted,,0x1.7164d743c4db5p-8,0x1.7164d743c4db5p-8,L0,,,,,True,,,0x1.903f37061fc06p+2,,
270,269,,,0,accepted,269,False,,,,,,accepted,,0x1.96555330f2248p-8,0x1.96555330f2248p-8,L0,,,,,True,,,0x1.909b903bf0b19p+2,,
271,270,,,1,accepted,270,False,,,,,,accepted,,0x1.bef7751c3d8e9p-9,0x1.bef7751c3d8e9p-8,L0,,,,,True,,,0x1.91012590bcee2p+2,,
272,271,,,0,accepted,271,False,,,,,,accepted,,0x1.eba9cd9f10834p-9,0x1.eba9cd9f10834p-9,L0,,,,,True,,,0x1.9139047f6075dp+2,,
273,272,,,0,accepted,272,False,,,,,,accepted,,0x1.0e6a31177c483p-8,0x1.0e6a31177c483p-8,L0,,,,,True,,,0x1.917679b91457ep+2,,
274,273,,,0,accepted,273,False,,,,,,accepted,,0x1.2974cf99d582ap-8,0x1.2974cf99d582ap-8,L0,,,,,True,,,0x1.91ba14455a36fp+2,,
275,274,,,0,accepted,274,False,,,,,,accepted,,0x1.4733b12937a95p-8,0x1.4733b12937a95p-8,L0,,,,,True,,,0x1.9204717940ac5p+2,,
276,275,,,0,accepted,275,False,,,,,,accepted,,0x1.67ec0fad56d3ep-8,0x1.67ec0fad56d3ep-8,L0,,,,,True,,,0x1.92563e658afa4p+2,,
277,276,,,1,accepted,276,False,,,,,,accepted,,0x1.8bea113eac4f8p-9,0x1.8bea113eac4f8p-8,L0,,,,,True,,,0x1.92b03969764ffp+2,,
278,277,,,0,accepted,277,False,,,,,,accepted,,0x1.b381795e8a578p-9,0x1.b381795e8a578p-9,L0,,,,,True,,,0x1.92e1b6ab9e258p+2,,
279,278,,,0,accepted,278,False,,,,,,accepted,,0x1.df0e6be7fe938p-9,0x1.df0e6be7fe938p-9,L0,,,,,True,,,0x1.931826dac9f6dp+2,,
280,279,,,0,accepted,279,False,,,,,,accepted,,0x1.077b21bf98d12p-8,0x1.077b21bf98d12p-8,L0,,,,,True,,,0x1.935408a846f6ap+2,,
281,280,,,0,accepted,280,False,,,,,,accepted,,0x1.21d43eb928194p-8,0x1.21d43eb928194p-8,L0,,,,,True,,,0x1.9395e770b6dcdp+2,,
282,281,,,0,accepted,281,False,,,,,,accepted,,0x1.3ecfde9878e8ap-8,0x1.3ecfde9878e8ap-8,L0,,,,,True,,,0x1.93de5c806526dp+2,,
283,282,,,0,accepted,282,False,,,,,,accepted,,0x1.5eb174daeb665p-8,0x1.5eb174daeb665p-8,L0,,,,,True,,,0x1.942e10780b451p+2,,
284,283,,,1,accepted,283,False,,,,,,accepted,,0x1.81c333bd9c8a3p-9,0x1.81c333bd9c8a3p-8,L0,,,,,True,,,0x1.9485bcd541fffp+2,,
285,284,,,0,accepted,284,False,,,,,,accepted,,0x1.a856b8ea2c31ap-9,0x1.a856b8ea2c31ap-9,L0,,,,,True,,,0x1.94b5f53bb9b38p+2,,
286,285,,,0,accepted,285,False,,,,,,accepted,,0x1.d2c5cb67fd69dp-9,0x1.d2c5cb67fd69dp-9,L0,,,,,True,,,0x1.94eb0012d6f90p+2,,
287,286,,,0,accepted,286,False,,,,,,accepted,,0x1.00b99645fe93dp-8,0x1.00b99645fe93dp-8,L0,,,,,True,,,0x1.952558cc43f8bp+2,,
288,287,,,0,accepted,287,False,,,,,,accepted,,0x1.1a65bee698090p-8,0x1.1a65bee698090p-8,L0,,,,,True,,,0x1.95658731d5785p+2,,
289,288,,,0,accepted,288,False,,,,,,accepted,,0x1.36a31eca7409fp-8,0x1.36a31eca7409fp-8,L0,,,,,True,,,0x1.95ac20a18f1e5p+2,,
290,289,,,1,accepted,289,False,,,,,,accepted,,0x1.55b36eab7fa49p-9,0x1.55b36eab7fa49p-8,L0,,,,,True,,,0x1.95f9c96941bb5p+2,,
291,290,,,0,accepted,290,False,,,,,,accepted,,0x1.77def9bca601ep-9,0x1.77def9bca601ep-9,L0,,,,,True,,,0x1.96247fd7172b4p+2,,
292,291,,,0,accepted,291,False,,,,,,accepted,,0x1.9d7545e91d022p-9,0x1.9d7545e91d022p-9,L0,,,,,True,,,0x1.96537bb64ec00p+2,,
293,292,,,0,accepted,292,False,,,,,,accepted,,0x1.c6cdcce6d31c0p-9,0x1.c6cdcce6d31c0p-9,L0,,,,,True,,,0x1.96872a5f0be3ap+2,,
294,293,,,0,accepted,293,False,,,,,,accepted,,0x1.f448c7cab5054p-9,0x1.f448c7cab5054p-9,L0,,,,,True,,,0x1.96c00418a8be0p+2,,
295,294,,,0,accepted,294,False,,,,,,accepted,,0x1.1328077c49f62p-8,0x1.1328077c49f62p-8,L0,,,,,True,,,0x1.96fe8d31a214ap+2,,
296,295,,,1,accepted,295,False,,,,,,accepted,,0x1.2eac083beaf53p-9,0x1.2eac083beaf53p-8,L0,,,,,True,,,0x1.9743573381272p+2,,
297,296,,,0,accepted,296,False,,,,,,accepted,,0x1.4cf06f751c0dcp-9,0x1.4cf06f751c0dcp-9,L0,,,,,True,,,0x1.97692cb488a48p+2,,
298,297,,,0,accepted,297,False,,,,,,accepted,,0x1.6e3badcd9edbfp-9,0x1.6e3badcd9edbfp-9,L0,,,,,True,,,0x1.9792cac277480p+2,,
299,298,,,0,accepted,298,False,,,,,,accepted,,0x1.92db3f2efb8b9p-9,0x1.92db3f2efb8b9p-9,L0,,,,,True,,,0x1.97c0923830fbep+2,,
300,299,,,0,accepted,299,False,,,,,,accepted,,0x1.bb245f1a14b33p-9,0x1.bb245f1a14b33p-9,L0,,,,,True,,,0x1.97f2eda016db5p+2,,
301,300,,,0,accepted,300,False,,,,,,accepted,,0x1.e774cf0316c52p-9,0x1.e774cf0316c52p-9,L0,,,,,True,,,0x1.982a522bfa1dep+2,,
302,301,,,1,accepted,301,False,,,,,,accepted,,0x1.0c19d841b2ec7p-9,0x1.0c19d841b2ec7p-8,L0,,,,,True,,,0x1.986740c5da80cp+2,,
303,302,,,0,accepted,302,False,,,,,,accepted,,0x1.26e93aaeab375p-9,0x1.26e93aaeab375p-9,L0,,,,,True,,,0x1.9888c400e2b72p+2,,
304,303,,,0,accepted,303,False,,,,,,accepted,,0x1.4466f3c022bcep-9,0x1.4466f3c022bcep-9,L0,,,,,True,,,0x1.98ada128388c8p+2,,
305,304,,,0,accepted,304,False,,,,,,accepted,,0x1.64d7a5b9bfcfdp-9,0x1.64d7a5b9bfcfdp-9,L0,,,,,True,,,0x1.98d62e06b090dp+2,,
306,305,,,0,accepted,305,False,,,,,,accepted,,0x1.8886cfe5ec97dp-9,0x1.8886cfe5ec97dp-9,L0,,,,,True,,,0x1.9902c8fb67c8dp+2,,
307,306,,,0,accepted,306,False,,,,,,accepted,,0x1.afc77e49b773dp-9,0x1.afc77e49b773dp-9,L0,,,,,True,,,0x1.9933d9d564866p+2,,
,307,,,1,rejected,307,False,,,,,,rejected,,0x1.daf50aeab032ap-9,0x1.daf50aeab032ap-9,L0,,,,,True,,,0x1.9969d2c52dbd5p+2,,
1,0,True,0,3,accepted,0,True,True,True,5.261706049034085e-05,1,2e-323,accepted,True,0x1.999999999999ap-7,0x1.999999999999ap-4,L1,0.0008041199767171221,True,6.937e-321,0.000804119976717122,True,True,1.0842021724855044e-19,0x0.0p+0,True,5.261706049034077e-05
2,1,True,0,0,accepted,1,True,True,True,0.00011728534421163958,2,2e-323,accepted,True,0x1.c28f5c28f5c2ap-7,0x1.c28f5c28f5c2ap-7,L1,0.0014594654830910974,True,6.02e-321,0.0014594654830910971,True,True,2.168404344971009e-19,0x1.999999999999ap-7,True,6.392312887391258e-05
3,2,True,0,0,accepted,2,True,True,True,0.00019751041672028165,3,2e-323,accepted,True,0x1.ef9db22d0e562p-7,0x1.ef9db22d0e562p-7,L1,0.002052899986776087,True,5.464e-321,0.0020528999867760866,True,True,4.336808689942018e-19,0x1.ae147ae147ae2p-6,True,7.848983009017986e-05
4,3,True,0,0,accepted,3,True,True,True,0.00029789454461587105,4,2e-323,accepted,True,0x1.1096bb98c7e29p-6,0x1.1096bb98c7e29p-6,L1,0.0026409168444715245,True,4.96e-321,0.002640916844471524,True,True,4.336808689942018e-19,0x1.52f1a9fbe76cap-5,True,9.73649976425272e-05
5,4,True,0,0,accepted,4,True,True,True,0.0004243786253066603,5,2e-323,accepted,True,0x1.2bd9018e75794p-6,0x1.2bd9018e75794p-6,L1,0.00326822188714185,True,4.496e-321,0.0032682218871418495,True,True,4.336808689942018e-19,0x1.db3d07c84b5dep-5,True,0.00012184622503993796
6,5,True,0,0,accepted,5,True,True,True,0.0005871307027882294,6,2e-323,accepted,True,0x1.49d51b4fe79f0p-6,0x1.49d51b4fe79f0p-6,L1,0.003995101697957953,True,4.28e-321,0.003995101697957952,True,True,8.673617379884035e-19,0x1.3894c447c30d4p-4,True,0.00015614765445359118
7,6,True,0,1,accepted,6,True,True,True,0.0006480074364093165,7,2e-323,accepted,True,0x1.6ad0d13e4b955p-7,0x1.6ad0d13e4b955p-6,L1,0.0041662990754016685,True,4.16e-321,0.0041662990754016685,True,True,0.0,0x1.8b0a0b1bbcf50p-4,True,5.599967903048657e-05
8,7,True,0,0,accepted,7,True,True,True,0.0007205945094978256,8,2e-323,accepted,True,0x1.8f18e62aecbdep-7,0x1.8f18e62aecbdep-7,L1,0.00438900008107289,True,4.05e-321,0.00438900008107289,True,True,0.0,0x1.b86425438667bp-4,True,6.677084233733897e-05
9,8,True,0,0,accepted,8,True,True,True,0.0008083983588683579,9,2e-323,accepted,True,0x1.b701c9fc046a8p-7,0x1.b701c9fc046a8p-7,L1,0.00467951539735337,True,3.96e-321,0.004679515397353369,True,True,8.673617379884035e-19,0x1.ea474208e3ff7p-4,True,8.091382930120563e-05
10,9,True,0,0,accepted,9,True,True,True,0.0009161588613588901,10,2e-323,accepted,True,0x1.e2e85e2ed1a86p-7,0x1.e2e85e2ed1a86p-7,L1,0.005059770673500555,True,3.893e-321,0.005059770673500555,True,True,0.0,0x1.1093bda432466p-3,True,9.967590063432662e-05
11,10,True,0,0,accepted,10,True,True,True,0.001048967598089961,11,2e-323,accepted,True,0x1.0999670026830p-6,0x1.0999670026830p-6,L1,0.005552931620390605,True,3.824e-321,0.005552931620390603,True,True,1.734723475976807e-18,0x1.2ec243871f60ep-3,True,0.00012345510331458908
12,11,True,0,0,accepted,11,True,True,True,0.001212867862949237,12,2e-323,accepted,True,0x1.2428be19c3f68p-6,0x1.2428be19c3f68p-6,L1,0.006188453748565107,True,3.785e-321,0.006188453748565107,True,True,0.0,0x1.4ff5706724314p-3,True,0.00015330528729273022
13,12,True,0,0,accepted,12,True,True,True,0.001414643279520655,13,2e-323,accepted,True,0x1.4160044f8ac26p-6,0x1.4160044f8ac26p-6,L1,0.006980624459291419,True,3.755e-321,0.006980624459291417,True,True,1.734723475976807e-18,0x1.747a882a5cb01p-3,True,0.000190158988359655
14,13,True,0,1,accepted,13,True,True,True,0.00148260257793429,14,2e-323,accepted,True,0x1.618337f118a2ap-7,0x1.618337f118a2ap-6,L1,0.007211290596112003,True,3.794e-321,0.007211290596112002,True,True,8.673617379884035e-19,0x1.9ca688b44e086p-3,True,6.096690835610774e-05
15,14,True,0,0,accepted,14,True,True,True,0.0015624250126213839,15,2e-323,accepted,True,0x1.84dd23ef9b195p-7,0x1.84dd23ef9b195p-7,L1,0.007504194021628979,True,3.794e-321,0.007504194021628978,True,True,8.673617379884035e-19,0x1.b2bebc335f929p-3,True,7.214493126005706e-05
16,15,True,0,0,accepted,15,True,True,True,0.001656330535338332,16,2e-323,accepted,True,0x1.abc00dedf768bp-7,0x1.abc00dedf768bp-7,L1,0.007873544675595114,True,3.755e-321,0.007873544675595114,True,True,0.0,0x1.cb0c8e7259442p-3,True,8.560136603528861e-05
17,16,True,0,0,accepted,16,True,True,True,0.0017668859830318826,17,2e-323,accepted,True,0x1.d68675b8f68cdp-7,0x1.d68675b8f68cdp-7,L1,0.008337054633019989,True,3.775e-321,0.008337054633019987,True,True,1.734723475976807e-18,0x1.e5c88f5138babp-3,True,0.00010176914896545502
18,17,True,0,0,accepted,17,True,True,True,0.001896818235252408,18,2e-323,accepted,True,0x1.02c9f3f2879a4p-6,0x1.02c9f3f2879a4p-6,L1,0.008916180026056129,True,3.804e-321,0.008916180026056127,True,True,1.734723475976807e-18,0x1.01987b566411cp-2,True,0.00012094061401704376
19,18,True,0,0,accepted,18,True,True,True,0.002048884407689555,19,2e-323,accepted,True,0x1.1caaf2bdfb902p-6,0x1.1caaf2bdfb902p-6,L1,0.009637143910257578,True,3.844e-321,0.009637143910257577,True,True,1.734723475976807e-18,0x1.11c51a958c8b6p-2,True,0.0001433411475669825
20,19,True,0,0,accepted,19,True,True,True,0.0022255692116594614,20,2e-323,accepted,True,0x1.3922716a94b83p-6,0x1.3922716a94b83p-6,L1,0.010531863359174436,True,3.903e-321,0.010531863359174434,True,True,1.734723475976807e-18,0x1.238fc9c16c446p-2,True,0.0001689766886661789
21,20,True,0,0,accepted,20,True,True,True,0.0024287339677634143,21,2e-323,accepted,True,0x1.5872aff53d311p-6,0x1.5872aff53d311p-6,L1,0.011632940285877625,True,3.98e-321,0.011632940285877625,True,True,0.0,0x1.3721f0d8158fep-2,True,0.00019760564617032607
22,21,True,0,1,accepted,21,True,True,True,0.002491501068596557,22,2e-323,accepted,True,0x1.7ae48e5a901c6p-7,0x1.7ae48e5a901c6p-6,L1,0.01208033326818787,True,4.04e-321,0.012080333268187868,True,True,1.734723475976807e-18,0x1.4ca91bd76962fp-2,True,6.03683581542312e-05
23,22,True,0,0,accepted,22,True,True,True,0.0025626645615036718,23,2e-323,accepted,True,0x1.a0c836306b527p-7,0x1.a0c836306b527p-7,L1,0.012614533285871535,True,4.09e-321,0.012614533285871535,True,True,0.0,0x1.5880404a3de3dp-2,True,6.929072010954817e-05
24,23,True,0,0,accepted,23,True,True,True,0.002643010467230648,24,2e-323,accepted,True,0x1.ca75d53542dacp-7,0x1.ca75d53542dacp-7,L1,0.013252645913193781,True,4.16e-321,0.013252645913193776,True,True,5.204170427930421e-18,0x1.658681fbc13e6p-2,True,7.936234609670252e-05
25,24,True,0,0,accepted,24,True,True,True,0.0027331762195495542,25,2e-323,accepted,True,0x1.f84e6a876323ep-7,0x1.f84e6a876323ep-7,L1,0.014015089235045972,True,4.16e-321,0.014015089235045967,True,True,5.204170427930421e-18,0x1.73da30a56b553p-2,True,9.05744711464629e-05
26,25,True,0,0,accepted,25,True,True,True,0.002833477500222796,26,2e-323,accepted,True,0x1.155e5430dced6p-6,0x1.155e5430dced6p-6,L1,0.014925946074007818,True,4.26e-321,0.014925946074007816,True,True,1.734723475976807e-18,0x1.839ca3f9a66e5p-2,True,0.00010278407199024312
27,26,True,0,0,accepted,26,True,True,True,0.0029437583616269414,27,2e-323,accepted,True,0x1.311af635bfd1fp-6,0x1.311af635bfd1fp-6,L1,0.01601367373349414,True,4.377e-321,0.01601367373349414,True,True,0.0,0x1.94f2893cb43d2p-2,True,0.00011574040065553556
28,27,True,0,0,accepted,27,True,True,True,0.003063120797536093,28,2e-323,accepted,True,0x1.4f9da86e53009p-6,0x1.4f9da86e53009p-6,L1,0.01731143058725695,True,4.565e-321,0.01731143058725695,True,True,0.0,0x1.a80438a0103a4p-2,True,0.0001289648227127934
29,28,True,0,0,accepted,28,True,True,True,0.0031907030449292257,29,2e-323,accepted,True,0x1.712d6c795b4d7p-6,0x1.712d6c795b4d7p-6,L1,0.018862271596704637,True,4.733e-321,0.018862271596704637,True,True,0.0,0x1.bcfe1326f56a5p-2,True,0.0001427909597908641
30,29,True,0,0,accepted,29,True,True,True,0.003325003867208621,30,2e-323,accepted,True,0x1.96185db8b13bap-6,0x1.96185db8b13bap-6,L1,0.02071840126747229,True,4.9e-321,0.020718401267472285,True,True,6.938893903907228e-18,0x1.d410e9ee8b1f2p-2,True,0.00015692657438490904
31,30,True,0,0,accepted,30,True,True,True,0.0034689522292054554,31,2e-323,accepted,True,0x1.beb46717f6280p-6,0x1.beb46717f6280p-6,L1,0.022969393608985117,True,5.247e-321,0.022969393608985113,True,True,3.469446951953614e-18,0x1.ed726fca1632ep-2,True,0.00017616985790148607
32,31,True,0,1,accepted,31,True,True,True,0.0035033587651788958,32,2e-323,accepted,True,0x1.eb600b00c1f8dp-7,0x1.eb600b00c1f8dp-6,L1,0.02408566632537691,True,5.395e-321,0.02408566632537691,True,True,0.0,0x1.04aedb1dcacabp-1,True,5.4883551230918044e-05
33,32,True,0,0,accepted,32,True,True,True,0.0035408573857882374,33,2e-323,accepted,True,0x1.0e419fa6d115bp-6,0x1.0e419fa6d115bp-6,L1,0.02538198940947052,True,5.563e-321,0.02538198940947052,True,True,0.0,0x1.0c5c5b49cdd29p-1,True,6.181475936581756e-05
34,33,True,0,0,accepted,33,True,True,True,0.003581499707595765,34,2e-323,accepted,True,0x1.29482f9de5fe5p-6,0x1.29482f9de5fe5p-6,L1,0.026888128172637082,True,5.76e-321,0.02688812817263708,True,True,3.469446951953614e-18,0x1.14ce6847045b4p-1,True,6.962343985479052e-05
35,34,True,0,0,accepted,34,True,True,True,0.0036252987898305034,35,2e-323,accepted,True,0x1.47029ac749cb0p-6,0x1.47029ac749cb0p-6,L1,0.028613487653845592,True,5.98e-321,0.028613487653845585,True,True,6.938893903907228e-18,0x1.1e18a9c3f38b3p-1,True,7.84330688214947e-05
36,35,True,0,0,accepted,35,True,True,True,0.003672222128022289,36,2e-323,accepted,True,0x1.67b610a8045f5p-6,0x1.67b610a8045f5p-6,L1,0.030624501250607852,True,6.176e-321,0.030624501250607845,True,True,6.938893903907228e-18,0x1.2850be9a2dd98p-1,True,8.83534172988368e-05
37,36,True,0,0,accepted,36,True,True,True,0.003721975296344115,37,2e-323,accepted,True,0x1.8baeabec04cf4p-6,0x1.8baeabec04cf4p-6,L1,0.03298069257213275,True,6.52e-321,0.03298069257213275,True,True,0.0,0x1.338e6f1f6dfc8p-1,True,9.933936261773802e-05
38,37,True,0,0,accepted,37,True,True,True,0.003774183138511243,38,2e-323,accepted,True,0x1.b34023839ee40p-6,0x1.b34023839ee40p-6,L1,0.035745313063616335,True,6.868e-321,0.03574531306361633,True,True,6.938893903907228e-18,0x1.3febe47ece230p-1,True,0.00011133556460561242
39,38,True,0,0,accepted,38,True,True,True,0.003828557483078399,39,2e-323,accepted,True,0x1.dec68d772ec7ap-6,0x1.dec68d772ec7ap-6,L1,0.03899399922319362,True,7.263e-321,0.03899399922319361,True,True,6.938893903907228e-18,0x1.4d85e59aeb1a2p-1,True,0.00012450836636101754
40,39,True,0,0,accepted,39,True,True,True,0.0038876475275918,40,2e-323,accepted,True,0x1.07539a9b26877p-5,0x1.07539a9b26877p-5,L1,0.04275780435242635,True,7.56e-321,0.04275780435242634,True,True,6.938893903907228e-18,0x1.5c7c1a06a4906p-1,True,0.0001420972193264575
41,40,True,0,0,accepted,40,True,True,True,0.003950973798627503,41,2e-323,accepted,True,0x1.21a8c3aaaa61dp-5,0x1.21a8c3aaaa61dp-5,L1,0.04719504837728021,True,7.974e-321,0.04719504837728021,True,True,0.0,0x1.6cf153b056f8dp-1,True,0.00016130458595952637
42,41,True,0,0,accepted,41,True,True,True,0.004017280650987821,42,2e-323,accepted,True,0x1.3ea00a6eee9edp-5,0x1.3ea00a6eee9edp-5,L1,0.052450463372760034,True,8.567e-321,0.05245046337276003,True,True,6.938893903907228e-18,0x1.7f0bdfeb019efp-1,True,0.0001815571938069268
43,42,True,0,1,accepted,42,True,True,True,0.0040053252426064355,43,2e-323,accepted,True,0x1.5e7cd846d3485p-6,0x1.5e7cd846d3485p-5,L1,0.055029577322597376,True,8.913e-321,0.05502957732259737,True,True,6.938893903907228e-18,0x1.92f5e091f088ep-1,True,5.619630049399096e-05
44,43,True,0,0,accepted,43,True,True,True,0.00399314793011165,44,2e-323,accepted,True,0x1.8189544de8693p-6,0x1.8189544de8693p-6,L1,0.05794959131700375,True,9.407e-321,0.057949591317003744,True,True,6.938893903907228e-18,0x1.9de9c75427232p-1,True,6.342481729054414e-05
45,44,True,0,0,accepted,44,True,True,True,0.003988667532202107,45,2e-323,accepted,True,0x1.a8170fef4c73cp-6,0x1.a8170fef4c73cp-6,L1,0.06134698239936577,True,9.87e-321,0.061346982399365764,True,True,6.938893903907228e-18,0x1.a9f611f696667p-1,True,7.269585140671006e-05
46,45,True,0,0,accepted,45,True,True,True,0.003995462238611272,46,2e-323,accepted,True,0x1.d27fc4ba6db29p-6,0x1.d27fc4ba6db29p-6,L1,0.06533733133239097,True,1.0385e-320,0.06533733133239097,True,True,0.0,0x1.b736ca7610ca1p-1,True,8.160825774995015e-05
47,46,True,0,0,accepted,46,True,True,True,0.004016018348051634,47,2e-323,accepted,True,0x1.00931299bc557p-5,0x1.00931299bc557p-5,L1,0.07004725505557433,True,1.099e-320,0.0700472550555743,True,True,2.7755575615628914e-17,0x1.c5cac89be437ap-1,True,9.141281681502432e-05
48,47,True,0,0,accepted,47,True,True,True,0.004053535672262154,48,2e-323,accepted,True,0x1.1a3b6142b5913p-5,0x1.1a3b6142b5913p-5,L1,0.07560736305483912,True,1.152e-320,0.07560736305483912,True,True,0.0,0x1.d5d3f9c57ffcfp-1,True,0.00010255577575855944
49,48,True,0,0,accepted,48,True,True,True,0.004111338642445759,49,2e-323,accepted,True,0x1.367484962e1fcp-5,0x1.367484962e1fcp-5,L1,0.08197131209554298,True,1.2243e-320,0.08197131209554295,True,True,2.7755575615628914e-17,0x1.e777afd9ab560p-1,True,0.00011485037001250281
50,49,True,0,0,accepted,49,True,True,True,0.004194190714069882,50,2e-323,accepted,True,0x1.55802b71ff896p-5,0x1.55802b71ff896p-5,L1,0.08950786986876674,True,1.3063e-320,0.08950786986876672,True,True,2.7755575615628914e-17,0x1.fadef8230e380p-1,True,0.00012923012374218486
51,50,True,0,0,accepted,50,True,True,True,0.0043066386711210075,51,2e-323,accepted,True,0x1.77a6963099172p-5,0x1.77a6963099172p-5,L1,0.09845679209755082,True,1.398e-320,0.0984567920975508,True,True,1.3877787807814457e-17,0x1.081b7d6d17185p+0,True,0.00014511470167339837
52,51,True,0,0,accepted,51,True,True,True,0.004454002151009474,52,2e-323,accepted,True,0x1.9d373ecf0eccbp-5,0x1.9d373ecf0eccbp-5,L1,0.10909230032372216,True,1.499e-320,0.10909230032372214,True,True,2.7755575615628914e-17,0x1.13d8b21e9be11p+0,True,0.00016257894083131496
53,52,True,0,0,accepted,52,True,True,True,0.004642959155555494,53,2e-323,accepted,True,0x1.c68991e3c37adp-5,0x1.c68991e3c37adp-5,L1,0.12172251246064943,True,1.6077e-320,0.12172251246064938,True,True,4.163336342344337e-17,0x1.20c26c1514577p+0,True,0.0001819592636523207
54,53,True,0,0,accepted,53,True,True,True,0.004881773529708759,54,2e-323,accepted,True,0x1.f3fdba1423d3fp-5,0x1.f3fdba1423d3fp-5,L1,0.13664990783499992,True,1.7213e-320,0.13664990783499986,True,True,5.551115123125783e-17,0x1.2ef6b8a432734p+0,True,0.00020333243674657903
55,54,True,0,1,accepted,54,True,True,True,0.004986795548487059,55,2e-323,accepted,True,0x1.12febff17a1b0p-5,0x1.12febff17a1b0p-4,L1,0.14408029442358344,True,1.7796e-320,0.14408029442358344,True,True,0.0,0x1.3e96a674d391ep+0,True,7.404991016503037e-05
56,55,True,0,0,accepted,55,True,True,True,0.005115395143518435,56,2e-323,accepted,True,0x1.2e7e9ff00650fp-5,0x1.2e7e9ff00650fp-5,L1,0.15246518573484955,True,1.8715e-320,0.15246518573484952,True,True,2.7755575615628914e-17,0x1.472e9c745f62cp+0,True,8.266033314430649e-05
57,56,True,0,0,accepted,56,True,True,True,0.0052725605857005435,57,2e-323,accepted,True,0x1.4cbe7cbb3a25ep-5,0x1.4cbe7cbb3a25ep-5,L1,0.1618993975794167,True,1.934e-320,0.16189939757941668,True,True,2.7755575615628914e-17,0x1.50a29173df954p+0,True,9.245396041435426e-05
58,57,True,0,0,accepted,57,True,True,True,0.0054645185747446735,58,2e-323,accepted,True,0x1.6e04bc678cc35p-5,0x1.6e04bc678cc35p-5,L1,0.1724620035015398,True,1.992e-320,0.17246200350153978,True,True,2.7755575615628914e-17,0x1.5b088559b9667p+0,True,0.00010363025932259098
59,58,True,0,0,accepted,58,True,True,True,0.005699220103392233,59,2e-323,accepted,True,0x1.929ecf3eb4708p-5,0x1.929ecf3eb4708p-5,L1,0.18420195851044308,True,2.0444e-320,0.18420195851044308,True,True,0.0,0x1.6678ab3cf5cc9p+0,True,0.00011648201411200346
60,59,True,0,0,accepted,59,True,True,True,0.005987005410151764,60,2e-323,accepted,True,0x1.bae1e3f82ce23p-5,0x1.bae1e3f82ce23p-5,L1,0.19711933422853006,True,2.086e-320,0.19711933422853004,True,True,2.7755575615628914e-17,0x1.730da1b6eb701p+0,True,0.00013138610108350408
61,60,True,0,0,accepted,60,True,True,True,0.006341625939357977,61,2e-323,accepted,True,0x1.e72badf764927p-5,0x1.e72badf764927p-5,L1,0.2111527577853789,True,2.1097e-320,0.21115275778537884,True,True,5.551115123125783e-17,0x1.80e4b0d6acd72p+0,True,0.00014886682110201512
62,61,True,0,0,accepted,61,True,True,True,0.006781772939743403,62,2e-323,accepted,True,0x1.0bf19fae77509p-4,0x1.0bf19fae77509p-4,L1,0.22616438090505275,True,2.1116e-320,0.22616438090505275,True,True,0.0,0x1.901e0e4667fbbp+0,True,0.00016964238662397067
63,62,True,0,0,accepted,62,True,True,True,0.0073334589199393,63,2e-323,accepted,True,0x1.26bcfc731cd8ap-4,0x1.26bcfc731cd8ap-4,L1,0.2419297406469633,True,2.083e-320,0.2419297406469633,True,True,0.0,0x1.a0dd28414f70cp+0,True,0.00019473646344559032
64,63,True,0,1,accepted,63,True,True,True,0.007640560072485066,64,2e-323,accepted,True,0x1.443648e506218p-5,0x1.443648e506218p-4,L1,0.24900125728244427,True,2.0563e-320,0.24900125728244418,True,True,8.326672684688674e-17,0x1.b348f808813e5p+0,True,7.925578639984341e-05
65,64,True,0,0,accepted,64,True,True,True,0.008007101652845242,65,2e-323,accepted,True,0x1.64a21cfbed24ep-5,0x1.64a21cfbed24ep-5,L1,0.2564544353398738,True,2.018e-320,0.2564544353398738,True,True,0.0,0x1.bd6aaa4fa96f6p+0,True,8.886131659872048e-05
66,65,True,0,0,accepted,65,True,True,True,0.008448001733152775,66,2e-323,accepted,True,0x1.884becaeb80f0p-5,0x1.884becaeb80f0p-5,L1,0.26426333430709004,True,1.9674e-320,0.26426333430709004,True,True,0.0,0x1.c88fbb3788d88p+0,True,0.00010011327630566096
67,66,True,0,0,accepted,66,True,True,True,0.008983088368565081,67,2e-323,accepted,True,0x1.af86b78cfdaa2p-5,0x1.af86b78cfdaa2p-5,L1,0.2724008294429804,True,1.903e-320,0.2724008294429803,True,True,1.1102230246251565e-16,0x1.d4d21a9cfe990p+0,True,0.00011346564923171022
68,67,True,0,0,accepted,67,True,True,True,0.00963914086817447,68,2e-323,accepted,True,0x1.daadc9e7e3d4cp-5,0x1.daadc9e7e3d4cp-5,L1,0.2808462900085148,True,1.825e-320,0.28084629000851474,True,True,5.551115123125783e-17,0x1.e24e505966865p+0,True,0.00012956843339769107
69,68,True,0,0,accepted,68,True,True,True,0.010452892048068273,69,2e-323,accepted,True,0x1.0512c8a5f081dp-4,0x1.0512c8a5f081dp-4,L1,0.2895890573527502,True,1.73e-320,0.28958905735275015,True,True,5.551115123125783e-17,0x1.f123bea8a5a4fp+0,True,0.0001493552162114387
70,69,True,0,0,accepted,69,True,True,True,0.01147543774289237,70,2e-323,accepted,True,0x1.1f2e431ceef54p-4,0x1.1f2e431ceef54p-4,L1,0.29866059878043716,True,1.594e-320,0.2986605987804371,True,True,5.551115123125783e-17,0x1.00ba759982568p+1,True,0.0001741626930085352
71,70,True,0,0,accepted,70,True,True,True,0.012778567804626401,71,2e-323,accepted,True,0x1.3be6169fd3a76p-4,0x1.3be6169fd3a76p-4,L1,0.30813482852401863,True,1.4753e-320,0.3081348285240185,True,True,1.1102230246251565e-16,0x1.09b3e7b269ce3p+1,True,0.00020586777646995212
72,71,True,0,1,accepted,71,True,True,True,0.0135550056869888,72,2e-323,accepted,True,0x1.5b7d18e3026b5p-5,0x1.5b7d18e3026b5p-4,L1,0.3125210054563904,True,1.41e-320,0.3125210054563903,True,True,1.1102230246251565e-16,0x1.13931867686b7p+1,True,8.344536506447022e-05
73,72,True,0,0,accepted,72,True,True,True,0.01448588695231785,73,2e-323,accepted,True,0x1.7e3cce934f761p-5,0x1.7e3cce934f761p-5,L1,0.3172477177767862,True,1.34e-320,0.3172477177767861,True,True,5.551115123125783e-17,0x1.19010ccaf4752p+1,True,9.425944255873515e-05
74,73,True,0,0,accepted,73,True,True,True,0.015610629907956983,74,2e-323,accepted,True,0x1.a476166ed7685p-5,0x1.a476166ed7685p-5,L1,0.32238083185892596,True,1.265e-320,0.32238083185892596,True,True,0.0,0x1.1efa000541b30p+1,True,0.00010768493930360347
75,74,True,0,0,accepted,74,True,True,True,0.016980268634842914,75,2e-323,accepted,True,0x1.ce81e579ecf2dp-5,0x1.ce81e579ecf2dp-5,L1,0.3280262079469595,True,1.185e-320,0.32802620794695947,True,True,5.551115123125783e-17,0x1.258bd85efd10ap+1,True,0.00012535938800589756
76,75,True,0,0,accepted,75,True,True,True,0.018659320457907573,76,2e-323,accepted,True,0x1.fcc216061e3e5p-5,0x1.fcc216061e3e5p-5,L1,0.33434339578836325,True,1.102e-320,0.33434339578836314,True,True,1.1102230246251565e-16,0x1.2cc5dff4e4c47p+1,True,0.0001495804734664622
77,76,True,0,0,accepted,76,True,True,True,0.020727471504533218,77,2e-323,accepted,True,0x1.17d125b690a25p-4,0x1.17d125b690a25p-4,L1,0.34160732342841926,True,1.016e-320,0.34160732342841915,True,True,1.1102230246251565e-16,0x1.34b8e84cfd3d7p+1,True,0.0001860490599435153
78,77,True,0,1,accepted,77,True,True,True,0.02193217859813836,78,2e-323,accepted,True,0x1.33cc7648d24c3p-5,0x1.33cc7648d24c3p-4,L1,0.3454047413987409,True,9.723e-321,0.3454047413987409,True,True,0.0,0x1.3d77717ab1c28p+1,True,7.411441672663438e-05
79,78,True,0,0,accepted,78,True,True,True,0.023327269292949822,79,2e-323,accepted,True,0x1.52941bb680ed7p-5,0x1.52941bb680ed7p-5,L1,0.3497724620235342,True,9.27e-321,0.34977246202353407,True,True,1.1102230246251565e-16,0x1.4246a353d50bbp+1,True,8.785401923950771e-05
80,79,True,0,0,accepted,79,True,True,True,0.02493643641483703,80,2e-323,accepted,True,0x1.746fb8158dd20p-5,0x1.746fb8158dd20p-5,L1,0.35487934709429997,True,8.943e-321,0.3548793470942999,True,True,5.551115123125783e-17,0x1.4790f3c2af0f6p+1,True,0.00010724706061607685
81,80,True,0,0,accepted,80,True,True,True,0.026774169253236033,81,2e-323,accepted,True,0x1.99ae174ae8cd7p-5,0x1.99ae174ae8cd7p-5,L1,0.360985237185377,True,8.48e-321,0.360985237185377,True,True,0.0,0x1.4d62b2a30546ap+1,True,0.00013560843394186614
82,81,True,0,0,accepted,81,True,True,True,0.02884749546268172,82,2e-323,accepted,True,0x1.c2a5e66c00154p-5,0x1.c2a5e66c00154p-5,L1,0.3687333437141624,True,8.16e-321,0.36873334371416233,True,True,5.551115123125783e-17,0x1.53c96b0030e9dp+1,True,0.0001962142055555937
83,82,True,0,1,accepted,82,True,True,True,0.03014813720143186,83,2e-323,accepted,True,0x1.efb67d76cce44p-6,0x1.efb67d76cce44p-5,L1,0.37537508678104664,True,7.954e-321,0.37537508678104664,True,True,0.0,0x1.5ad40299e0ea2p+1,True,9.6829737332748e-05
84,83,True,0,0,accepted,83,True,True,True,0.031760397094126105,84,2e-323,accepted,True,0x1.10a45e9af0b0cp-5,0x1.10a45e9af0b0cp-5,L1,0.3854430356769218,True,7.747e-321,0.38544303567692173,True,True,5.551115123125783e-17,0x1.5eb36f94ce83fp+1,True,0.00011551970713823676
85,84,True,0,0,accepted,84,True,True,True,0.033787031666303396,85,2e-323,accepted,True,0x1.2be801aa6f28ep-5,0x1.2be801aa6f28ep-5,L1,0.4006942572195948,True,7.57e-321,0.40069425721959473,True,True,5.551115123125783e-17,0x1.62f6010f3a46bp+1,True,0.00014077861809018292
86,85,True,0,0,accepted,85,True,True,True,0.036412044291562855,86,2e-323,accepted,True,0x1.49e59b6ead79dp-5,0x1.49e59b6ead79dp-5,L1,0.4233149725660974,True,7.4e-321,0.42331497256609735,True,True,5.551115123125783e-17,0x1.67a5a115e4035p+1,True,0.00018307480330240192
87,86,True,0,0,accepted,86,True,True,True,0.03987540653618745,87,2e-323,accepted,True,0x1.6ae2f7c68b9fap-5,0x1.6ae2f7c68b9fap-5,L1,0.4564932390689297,True,7.243e-321,0.4564932390689296,True,True,1.1102230246251565e-16,0x1.6ccd37839eb93p+1,True,0.00025027560425791063
88,87,True,0,1,accepted,87,True,True,True,0.04208195411114698,88,2e-323,accepted,True,0x1.8f2cdd5a6662dp-6,0x1.8f2cdd5a6662dp-5,L1,0.48098189592350055,True,7.213e-321,0.4809818959235004,True,True,1.6653345369377348e-16,0x1.7278c362b8e7bp+1,True,0.00012074523420860673
89,88,True,0,0,accepted,88,True,True,True,0.04478219076171705,89,2e-323,accepted,True,0x1.b717c049d7065p-6,0x1.b717c049d7065p-6,L1,0.5145905023415352,True,7.213e-321,0.5145905023415351,True,True,1.1102230246251565e-16,0x1.75971d1d6db47p+1,True,0.00014715993764426562
90,89,True,0,0,accepted,89,True,True,True,0.048113612808862324,90,2e-323,accepted,True,0x1.e30086b79fba3p-6,0x1.e30086b79fba3p-6,L1,0.5621877944732803,True,7.263e-321,0.5621877944732802,True,True,1.1102230246251565e-16,0x1.79054c9e01628p+1,True,0.00018155882395884596
91,90,True,0,0,accepted,90,True,True,True,0.05225467669420217,91,2e-323,accepted,True,0x1.09a6b07e97d9ap-5,0x1.09a6b07e97d9ap-5,L1,0.6324508581749693,True,7.33e-321,0.6324508581749693,True,True,0.0,0x1.7ccb4dab70a1fp+1,True,0.00022631523156876117
92,91,True,0,0,accepted,91,True,True,True,0.05743910366748617,92,2e-323,accepted,True,0x1.24375bbe73d5dp-5,0x1.24375bbe73d5dp-5,L1,0.7425942493476589,True,7.68e-321,0.7425942493476588,True,True,1.1102230246251565e-16,0x1.80f1e86d6b015p+1,True,0.00028934543840065843
93,92,True,0,1,accepted,92,True,True,True,0.060623386160877694,93,2e-323,accepted,True,0x1.4170181e4c380p-6,0x1.4170181e4c380p-5,L1,0.8257027840850384,True,7.984e-321,0.8257027840850382,True,True,2.220446049250313e-16,0x1.8582c5dc64d0ap+1,True,0.0001269908039437966
94,93,True,0,0,accepted,93,True,True,True,0.0643841781087607,94,2e-323,accepted,True,0x1.6194e754870a7p-6,0x1.6194e754870a7p-6,L1,0.9448941309903566,True,8.28e-321,0.9448941309903565,True,True,1.1102230246251565e-16,0x1.8805a60ca1691p+1,True,0.00014591053678651277
95,94,True,0,0,accepted,94,True,True,True,0.06884704045043193,95,2e-323,accepted,True,0x1.84f098102e252p-6,0x1.84f098102e252p-6,L1,1.1273902873610306,True,9.02e-321,1.1273902873610302,True,True,4.440892098500626e-16,0x1.8ac8cfdb4a772p+1,True,0.00017454865894774203
96,95,True,0,0,accepted,95,True,True,True,0.07415888529928591,96,2e-323,accepted,True,0x1.abd57411cc5c1p-6,0x1.abd57411cc5c1p-6,L1,1.4361521529025258,True,1.0326e-320,1.4361521529025258,True,True,0.0,0x1.8dd2b10b6ad37p+1,True,0.00021247446361260494
97,96,True,0,0,accepted,96,True,True,True,0.08048486419633745,97,2e-323,accepted,True,0x1.d69dffad2d988p-6,0x1.d69dffad2d988p-6,L1,1.3873866319414039,True,9.32e-321,1.3873866319414034,True,True,4.440892098500626e-16,0x1.912a5bf38e6c3p+1,True,0.00025668270544204695
98,97,True,0,1,accepted,97,True,True,True,0.08426516057040982,98,2e-323,accepted,True,0x1.02d6e638d913ep-6,0x1.02d6e638d913ep-5,L1,1.261478691955575,True,8.28e-321,1.2614786919555745,True,True,4.440892098500626e-16,0x1.94d797f2e8c76p+1,True,0.00011438609545109016
99,98,True,0,0,accepted,98,True,True,True,0.0886170873175656,99,2e-323,accepted,True,0x1.1cb93071bb95ep-6,0x1.1cb93071bb95ep-6,L1,1.1578163815786962,True,7.43e-321,1.1578163815786962,True,True,0.0,0x1.96dd45bf5a798p+1,True,0.00013148453531864883
100,99,True,0,0,accepted,99,True,True,True,0.09363457788415258,100,2e-323,accepted,True,0x1.39321bb04e581p-6,0x1.39321bb04e581p-6,L1,1.0779724750625976,True,6.85e-321,1.0779724750625974,True,True,2.220446049250313e-16,0x1.9916b8203df0bp+1,True,0.00015189354173212916
101,100,True,0,0,accepted,100,True,True,True,0.09942343397209152,101,2e-323,accepted,True,0x1.5883eb41efc75p-6,0x1.5883eb41efc75p-6,L1,1.0189393495506978,True,6.275e-321,1.0189393495506973,True,True,4.440892098500626e-16,0x1.9b891c579e8d6p+1,True,0.000175568789359363
102,101,True,0,0,accepted,101,True,True,True,0.1060991223985083,102,2e-323,accepted,True,0x1.7af782c887c1bp-6,0x1.7af782c887c1bp-6,L1,0.9779949651116953,True,5.73e-321,0.9779949651116951,True,True,1.1102230246251565e-16,0x1.9e3a242e226cfp+1,True,0.00020261271737007815
103,102,True,0,0,accepted,102,True,True,True,0.11378253315152549,103,2e-323,accepted,True,0x1.a0dd0fdc95551p-6,0x1.a0dd0fdc95551p-6,L1,0.9533857112997939,True,5.385e-321,0.9533857112997935,True,True,3.3306690738754696e-16,0x1.a1301333b37c7p+1,True,0.00023448655767671715
104,103,True,0,1,accepted,103,True,True,True,0.11826208232112655,104,2e-323,accepted,True,0x1.ca8cc4a5d7773p-7,0x1.ca8cc4a5d7773p-6,L1,0.9475889033203456,True,5.306e-321,0.9475889033203454,True,True,2.220446049250313e-16,0x1.a471cd536ca72p+1,True,9.378741881761002e-05
105,104,True,0,0,accepted,104,True,True,True,0.12329793616313839,105,2e-323,accepted,True,0x1.f867a51cd3699p-7,0x1.f867a51cd3699p-7,L1,0.9460657467702123,True,5.17e-321,0.9460657467702122,True,True,1.1102230246251565e-16,0x1.a63c5a18127e9p+1,True,0.00010388694329149963
106,105,True,0,0,accepted,105,True,True,True,0.1289524956959428,106,2e-323,accepted,True,0x1.156c34697446ep-6,0x1.156c34697446ep-6,L1,0.9495585331002305,True,5.04e-321,0.9495585331002304,True,True,1.1102230246251565e-16,0x1.a834c1bd2f520p+1,True,0.00011509607717339786
107,106,True,0,0,accepted,106,True,True,True,0.13528850543431664,107,2e-323,accepted,True,0x1.312a39a7331adp-6,0x1.312a39a7331adp-6,L1,0.9589588246180542,True,4.94e-321,0.958958824618054,True,True,1.1102230246251565e-16,0x1.aa5f9a26023a9p+1,True,0.0001278731458078379
108,107,True,0,0,accepted,107,True,True,True,0.14236333097131632,108,2e-323,accepted,True,0x1.4fae729e51d0cp-6,0x1.4fae729e51d0cp-6,L1,0.9753519686283685,True,4.86e-321,0.9753519686283684,True,True,1.1102230246251565e-16,0x1.acc1ee9950a0cp+1,True,0.00014159329051937773
109,108,True,0,0,accepted,108,True,True,True,0.15022895881926598,109,2e-323,accepted,True,0x1.713fe47af398ep-6,0x1.713fe47af398ep-6,L1,1.0000902258856805,True,4.79e-321,1.0000902258856805,True,True,0.0,0x1.af614b7e8d446p+1,True,0.0001628473270080463
110,109,True,0,0,accepted,109,True,True,True,0.15892594946438554,110,2e-323,accepted,True,0x1.962cae873f283p-6,0x1.962cae873f283p-6,L1,1.0348939030079416,True,4.773e-321,1.0348939030079414,True,True,2.220446049250313e-16,0x1.b243cb47832b9p+1,True,0.00020272238673187432
111,110,True,0,1,accepted,110,True,True,True,0.16385409473052337,111,2e-323,accepted,True,0x1.becabffb2bdf7p-7,0x1.becabffb2bdf7p-6,L1,1.0580385976488014,True,4.763e-321,1.0580385976488011,True,True,2.220446049250313e-16,0x1.b57024a491a9ep+1,True,6.331862643683867e-05
112,111,True,0,0,accepted,111,True,True,True,0.16925370194274963,112,2e-323,accepted,True,0x1.eb789ffab042ap-7,0x1.eb789ffab042ap-7,L1,1.0860644564233017,True,4.773e-321,1.0860644564233015,True,True,2.220446049250313e-16,0x1.b72eef648cd5cp+1,True,7.580588415167284e-05
113,112,True,0,0,accepted,112,True,True,True,0.1751444404532769,113,2e-323,accepted,True,0x1.0e4f24c9e0f17p-6,0x1.0e4f24c9e0f17p-6,L1,1.1199222892310576,True,4.83e-321,1.1199222892310572,True,True,4.440892098500626e-16,0x1.b91a680487860p+1,True,9.125456764522541e-05
114,113,True,0,0,accepted,113,True,True,True,0.1815345114998535,114,2e-323,accepted,True,0x1.29570ede1109ap-6,0x1.29570ede1109ap-6,L1,1.15927438800311,True,4.97e-321,1.1592743880031098,True,True,2.220446049250313e-16,0x1.bb37064e1b47ep+1,True,0.00011023500237599387
115,114,True,0,0,accepted,114,True,True,True,0.1884169826422203,115,2e-323,accepted,True,0x1.4712f6c112bddp-6,0x1.4712f6c112bddp-6,L1,1.206736069779138,True,5.01e-321,1.206736069779138,True,True,0.0,0x1.bd89b46bd769fp+1,True,0.00013343978354363862
116,115,True,0,0,accepted,115,True,True,True,0.19575895750511532,116,2e-323,accepted,True,0x1.67c80f6dfb040p-6,0x1.67c80f6dfb040p-6,L1,1.264006383774529,True,5.03e-321,1.2640063837745288,True,True,2.220446049250313e-16,0x1.c017da59598f7p+1,True,0.00016115679430201302
117,116,True,0,0,accepted,116,True,True,True,0.2034956878509314,117,2e-323,accepted,True,0x1.8bc2775f60eadp-6,0x1.8bc2775f60eadp-6,L1,1.3328706439865141,True,5.11e-321,1.3328706439865141,True,True,0.0,0x1.c2e76a7835858p+1,True,0.00019547303669127826
118,117,True,0,1,accepted,117,True,True,True,0.20773953846602206,118,2e-323,accepted,True,0x1.b355e9b5b768cp-7,0x1.b355e9b5b768cp-6,L1,1.3735634537192922,True,5.16e-321,1.3735634537192922,True,True,0.0,0x1.c5feef66f4475p+1,True,6.0147842942104124e-05
119,118,True,0,0,accepted,118,True,True,True,0.21224923624710684,119,2e-323,accepted,True,0x1.dede8114b0267p-7,0x1.dede8114b0267p-7,L1,1.4191067819014824,True,5.217e-321,1.4191067819014822,True,True,2.220446049250313e-16,0x1.c7b24550a9fecp+1,True,6.980185499367757e-05
120,119,True,0,0,accepted,119,True,True,True,0.21700472824621508,120,2e-323,accepted,True,0x1.0760c6fe94153p-6,0x1.0760c6fe94153p-6,L1,1.470984257664333,True,5.287e-321,1.470984257664333,True,True,0.0,0x1.c99123d1beaeep+1,True,8.116332170085421e-05
121,120,True,0,0,accepted,120,True,True,True,0.22197046150729866,121,2e-323,accepted,True,0x1.21b7414b3c7dcp-6,0x1.21b7414b3c7dcp-6,L1,1.5306691221361781,True,5.366e-321,1.5306691221361777,True,True,4.440892098500626e-16,0x1.cb9fe55fbbd71p+1,True,9.437206628066055e-05
122,121,True,0,0,accepted,121,True,True,True,0.22709125376503284,122,2e-323,accepted,True,0x1.3eaffb05f5bd9p-6,0x1.3eaffb05f5bd9p-6,L1,1.5992654266447268,True,5.454e-321,1.5992654266447266,True,True,2.220446049250313e-16,0x1.cde353e252501p+1,True,0.00010952702515901839
123,122,True,0,0,accepted,122,True,True,True,0.23228857644603446,123,2e-323,accepted,True,0x1.5e8e60ecf4b6fp-6,0x1.5e8e60ecf4b6fp-6,L1,1.6779006015036195,True,5.553e-321,1.6779006015036195,True,True,0.0,0x1.d060b3d85e3b9p+1,True,0.00012658707458167233
124,123,True,0,0,accepted,123,True,True,True,0.23745634072263205,124,2e-323,accepted,True,0x1.819c9dd173961p-6,0x1.819c9dd173961p-6,L1,1.7676882053500051,True,5.72e-321,1.7676882053500051,True,True,0.0,0x1.d31dd09a38250p+1,True,0.0001452835652674199
125,124,True,0,0,accepted,124,True,True,True,0.24245742275998367,125,2e-323,accepted,True,0x1.a82c473332585p-6,0x1.a82c473332585p-6,L1,1.869623828528556,True,5.86e-321,1.8696238285285556,True,True,4.440892098500626e-16,0x1.d62109d5db0c3p+1,True,0.00016514695213107209
126,125,True,0,0,accepted,125,True,True,True,0.24712262993822912,126,2e-323,accepted,True,0x1.d2971b1eb7613p-6,0x1.d2971b1eb7613p-6,L1,1.984436374333546,True,5.98e-321,1.984436374333546,True,True,0.0,0x1.d97162644170ep+1,True,0.00018635036103994073
127,126,True,0,1,accepted,126,True,True,True,0.2494925209822872,127,2e-323,accepted,True,0x1.009fe884180f1p-6,0x1.009fe884180f1p-5,L1,2.0489858350271413,True,6.107e-321,2.048985835027141,True,True,4.440892098500626e-16,0x1.dd16909a7edfap+1,True,5.7157113376206564e-05
128,127,True,0,0,accepted,127,True,True,True,0.2517901004365174,128,2e-323,accepted,True,0x1.1a497fc480dd6p-6,0x1.1a497fc480dd6p-6,L1,2.1201617799905446,True,6.156e-321,2.1201617799905446,True,True,0.0,0x1.df17d06b870fcp+1,True,6.432174314544073e-05
129,128,True,0,0,accepted,128,True,True,True,0.2539496430382132,129,2e-323,accepted,True,0x1.36840c8b5a8d2p-6,0x1.36840c8b5a8d2p-6,L1,2.1983084957819616,True,6.265e-321,2.198308495781961,True,True,4.440892098500626e-16,0x1.e14c636b10118p+1,True,7.235671946182514e-05
130,129,True,0,0,accepted,129,True,True,True,0.2558927137787369,130,2e-323,accepted,True,0x1.559140ffb0681p-6,0x1.559140ffb0681p-6,L1,2.2836224835038506,True,6.225e-321,2.2836224835038506,True,True,0.0,0x1.e3b96b8426c6ap+1,True,8.242805958537687e-05
131,130,True,0,0,accepted,130,True,True,True,0.2575267515817391,131,2e-323,accepted,True,0x1.77b96119420c2p-6,0x1.77b96119420c2p-6,L1,2.3760890231554885,True,6.344e-321,2.376089023155488,True,True,4.440892098500626e-16,0x1.e6648e0626277p+1,True,9.480942609887143e-05
132,131,True,0,0,accepted,131,True,True,True,0.2587455997096041,132,2e-323,accepted,True,0x1.9d4beacefbda3p-6,0x1.9d4beacefbda3p-6,L1,2.4754923157506727,True,6.47e-321,2.4754923157506727,True,True,0.0,0x1.e95400c858ab9p+1,True,0.00010995959475164124
133,132,True,0,0,accepted,132,True,True,True,0.2594307629642918,133,2e-323,accepted,True,0x1.c6a04f16e1d67p-6,0x1.c6a04f16e1d67p-6,L1,2.5812326826731224,True,6.62e-321,2.581232682673122,True,True,4.440892098500626e-16,0x1.ec8e989df6a34p+1,True,0.00012830321602938283
134,133,True,0,0,accepted,133,True,True,True,0.25945459723397224,134,2e-323,accepted,True,0x1.f416bd65f86bfp-6,0x1.f416bd65f86bfp-6,L1,2.692274377040853,True,6.79e-321,2.692274377040853,True,True,0.0,0x1.f01bd93c2466fp+1,True,0.00015051750951244352
135,134,True,0,0,accepted,134,True,True,True,0.2586981938345595,135,2e-323,accepted,True,0x1.130c81c4e23b6p-5,0x1.130c81c4e23b6p-5,L1,2.807140933910067,True,6.966e-321,2.807140933910067,True,True,0.0,0x1.f40406b6f057cp+1,True,0.0001765194710105981
136,135,True,0,1,accepted,135,True,True,True,0.25802574705766324,136,2e-323,accepted,True,0x1.2e8dc1f22c0e2p-6,0x1.2e8dc1f22c0e2p-5,L1,2.8621498990709306,True,7.045e-321,2.86214989907093,True,True,4.440892098500626e-16,0x1.f85038be03e0bp+1,True,5.282558579222192e-05
137,136,True,0,0,accepted,136,True,True,True,0.2570556556242253,137,2e-323,accepted,True,0x1.4ccf2223fd42cp-6,0x1.4ccf2223fd42cp-6,L1,2.8686741521596635,True,7.026e-321,2.8686741521596635,True,True,0.0,0x1.faad5441e838dp+1,True,6.035667996151427e-05
138,137,True,0,0,accepted,137,True,True,True,0.2557579345577734,138,2e-323,accepted,True,0x1.6e170bf463631p-6,0x1.6e170bf463631p-6,L1,2.858822916168722,True,6.966e-321,2.858822916168722,True,True,0.0,0x1.fd46f28630335p+1,True,7.208325610710286e-05
139,138,True,0,0,accepted,138,True,True,True,0.25408113951982075,139,2e-323,accepted,True,0x1.92b2f38cd3b9dp-6,0x1.92b2f38cd3b9dp-6,L1,2.845677484120586,True,6.927e-321,2.845677484120586,True,True,0.0,0x1.0011904f0c7d1p+2,True,8.682794062004159e-05
140,139,True,0,0,accepted,139,True,True,True,0.2519682984441649,140,2e-323,accepted,True,0x1.baf80be7b5b2dp-6,0x1.baf80be7b5b2dp-6,L1,2.83520740636748,True,6.976e-321,2.8352074063674797,True,True,4.440892098500626e-16,0x1.01a443429950dp+2,True,0.00010488654678135348
141,140,True,0,0,accepted,140,True,True,True,0.2493595153778133,141,2e-323,accepted,True,0x1.e7440d187b119p-6,0x1.e7440d187b119p-6,L1,2.82701696491199,True,7.006e-321,2.8270169649119894,True,True,4.440892098500626e-16,0x1.035f3b4e81068p+2,True,0.00012667756699322362
142,141,True,0,0,accepted,141,True,True,True,0.24619386622652728,142,2e-323,accepted,True,0x1.0bff0733dd49bp-5,0x1.0bff0733dd49bp-5,L1,2.8204191468305178,True,7.085e-321,2.820419146830517,True,True,8.881784197001252e-16,0x1.05467f5b99819p+2,True,0.000152651457533523
143,142,True,0,0,accepted,142,True,True,True,0.2424103966649432,143,2e-323,accepted,True,0x1.26cbbb1f736abp-5,0x1.26cbbb1f736abp-5,L1,2.8136172407808138,True,7.31e-321,2.813617240780813,True,True,8.881784197001252e-16,0x1.075e7d6a013c2p+2,True,0.00018291193770788824
144,143,True,0,1,accepted,143,True,True,True,0.24087229512175706,144,2e-323,accepted,True,0x1.44468108fef56p-6,0x1.44468108fef56p-5,L1,2.8132528639227914,True,7.4e-321,2.8132528639227905,True,True,8.881784197001252e-16,0x1.09ac14e04022fp+2,True,5.8886005942942974e-05
145,144,True,0,0,accepted,144,True,True,True,0.2396227297012547,145,2e-323,accepted,True,0x1.64b3f456b20dfp-6,0x1.64b3f456b20dfp-6,L1,2.815560492773444,True,7.5e-321,2.815560492773444,True,True,0.0,0x1.0af05b614921ep+2,True,6.839973931706241e-05
146,145,True,0,0,accepted,145,True,True,True,0.23874874635580096,146,2e-323,accepted,True,0x1.885f8cc5c3dc3p-6,0x1.885f8cc5c3dc3p-6,L1,2.8211069024043565,True,7.62e-321,2.821106902404356,True,True,4.440892098500626e-16,0x1.0c550f559fd3fp+2,True,7.980304229340974e-05
147,146,True,0,0,accepted,146,True,True,True,0.23835037662599828,147,2e-323,accepted,True,0x1.af9c4e0cbdd8ap-6,0x1.af9c4e0cbdd8ap-6,L1,2.830488284457367,True,7.747e-321,2.8304882844573664,True,True,4.440892098500626e-16,0x1.0ddd6ee26597dp+2,True,9.343233517922583e-05
148,147,True,0,0,accepted,147,True,True,True,0.23854199952157892,148,2e-323,accepted,True,0x1.dac5890e0407fp-6,0x1.dac5890e0407fp-6,L1,2.8442889551806187,True,7.885e-321,2.8442889551806187,True,True,0.0,0x1.0f8d0b307255bp+2,True,0.00010975245397953605
149,148,True,0,0,accepted,148,True,True,True,0.239455203929022,149,2e-323,accepted,True,0x1.051fd82e1bd13p-5,0x1.051fd82e1bd13p-5,L1,2.8630209203719605,True,7.866e-321,2.86302092037196,True,True,4.440892098500626e-16,0x1.1167d0b98059bp+2,True,0.0001304028615476756
150,149,True,0,0,accepted,149,True,True,True,0.2412403997572639,150,2e-323,accepted,True,0x1.1f3ca0ff84ffcp-5,0x1.1f3ca0ff84ffcp-5,L1,2.887023024645452,True,7.875e-321,2.8870230246454516,True,True,4.440892098500626e-16,0x1.13721069dc915p+2,True,0.00015613429267897106
151,150,True,0,0,accepted,150,True,True,True,0.2440714551306839,151,2e-323,accepted,True,0x1.3bf5e44c457fcp-5,0x1.3bf5e44c457fcp-5,L1,2.916346291298244,True,7.964e-321,2.916346291298244,True,True,0.0,0x1.15b089abdb9b5p+2,True,0.0001883376352513227
152,151,True,0,1,accepted,151,True,True,True,0.24600267368999196,152,2e-323,accepted,True,0x1.5b8e7b20b2d96p-6,0x1.5b8e7b20b2d96p-5,L1,2.9334344949303697,True,7.984e-321,2.933434494930369,True,True,8.881784197001252e-16,0x1.1828757474265p+2,True,6.358961554618022e-05
153,152,True,0,0,accepted,152,True,True,True,0.248409426832402,153,2e-323,accepted,True,0x1.7e4fedd72b226p-6,0x1.7e4fedd72b226p-6,L1,2.952628774330094,True,8.004e-321,2.9526287743300936,True,True,4.440892098500626e-16,0x1.198403ef94d93p+2,True,7.422266489247346e-05
154,153,True,0,0,accepted,153,True,True,True,0.2513859764372064,154,2e-323,accepted,True,0x1.a48b1f397c3f7p-6,0x1.a48b1f397c3f7p-6,L1,2.973934027821274,True,7.994e-321,2.9739340278212736,True,True,4.440892098500626e-16,0x1.1b0253dd6c045p+2,True,8.723898881373617e-05
155,154,True,0,0,accepted,154,True,True,True,0.2550449701753448,155,2e-323,accepted,True,0x1.ce9908bf3bdf7p-6,0x1.ce9908bf3bdf7p-6,L1,2.997271428112487,True,7.974e-321,2.9972714281124864,True,True,4.440892098500626e-16,0x1.1ca6defca5809p+2,True,0.00010333915660859238
156,155,True,0,0,accepted,155,True,True,True,0.2595221130940381,156,2e-323,accepted,True,0x1.fcdb899f2842ap-6,0x1.fcdb899f2842ap-6,L1,3.0224533309518224,True,7.925e-321,3.022453330951822,True,True,4.440892098500626e-16,0x1.1e75780564bc7p+2,True,0.00012347857271220259
157,156,True,0,0,accepted,156,True,True,True,0.26498266354583977,157,2e-323,accepted,True,0x1.17df254abc8b1p-5,0x1.17df254abc8b1p-5,L1,3.0491672076085976,True,7.846e-321,3.049167207608597,True,True,4.440892098500626e-16,0x1.2072538f03e4bp+2,True,0.00014897625897082394
158,157,True,0,0,accepted,157,True,True,True,0.2716306363461657,158,2e-323,accepted,True,0x1.33dbdc389c32ap-5,0x1.33dbdc389c32ap-5,L1,3.076982255156404,True,7.707e-321,3.0769822551564037,True,True,4.440892098500626e-16,0x1.22a211d9995dcp+2,True,0.0001816721817284253
159,158,True,0,1,accepted,158,True,True,True,0.2756154294735874,159,2e-323,accepted,True,0x1.52a50bd7df048p-6,0x1.52a50bd7df048p-5,L1,3.09173866433634,True,7.61e-321,3.0917386643363396,True,True,4.440892098500626e-16,0x1.2509c9920a962p+2,True,6.290549220786811e-05
160,159,True,0,0,accepted,159,True,True,True,0.28023600713765034,160,2e-323,accepted,True,0x1.748259d3dbb83p-6,0x1.748259d3dbb83p-6,L1,3.1072594549146464,True,7.5e-321,3.107259454914646,True,True,4.440892098500626e-16,0x1.265c6e9de2752p+2,True,7.387221195778486e-05
161,160,True,0,0,accepted,160,True,True,True,0.28560982477492824,161,2e-323,accepted,True,0x1.99c29602a4e44p-6,0x1.99c29602a4e44p-6,L1,3.123453674271661,True,7.47e-321,3.1234536742716603,True,True,8.881784197001252e-16,0x1.27d0f0f7b650ep+2,True,8.749117959821407e-05
162,161,True,0,0,accepted,161,True,True,True,0.29188080137044936,162,2e-323,accepted,True,0x1.c2bc71cfb5618p-6,0x1.c2bc71cfb5618p-6,L1,3.139484964132918,True,7.32e-321,3.139484964132918,True,True,0.0,0x1.296ab38db8f5cp+2,True,0.00010460151086883826
163,162,True,0,0,accepted,162,True,True,True,0.29922776363216197,163,2e-323,accepted,True,0x1.efcf49fe1451bp-6,0x1.efcf49fe1451bp-6,L1,3.1544343254215415,True,7.144e-321,3.1544343254215415,True,True,0.0,0x1.2b2d6fff88ab2p+2,True,0.00012639312848684395
164,163,True,0,0,accepted,163,True,True,True,0.30787560359919863,164,2e-323,accepted,True,0x1.10b2024bbe602p-5,0x1.10b2024bbe602p-5,L1,3.169009125675897,True,6.937e-321,3.169009125675897,True,True,0.0,0x1.2d1d3f4986bf7p+2,True,0.0001545478417887358
,164,,,1,accepted,164,False,,,,,,accepted,,0x1.2bf70286849cfp-6,0x1.2bf70286849cfp-5,L1,,,,,False,,,0x1.2f3ea34e1e3c3p+2,,
1,0,True,1,3,accepted,0,True,True,True,5.261706049034085e-05,1,2e-323,accepted,True,0x1.999999999999ap-7,0x1.999999999999ap-4,L2,0.000804119976717122,True,6.937e-321,0.00048262650694892777,True,True,0.0003214934697681942,0x0.0p+0,True,5.261706049034077e-05
2,1,True,2,0,accepted,1,True,True,True,0.00011728534421163948,2,2e-323,accepted,True,0x1.c28f5c28f5c2ap-7,0x1.c28f5c28f5c2ap-7,L2,0.001459465483091096,True,2.924688041554252e-12,0.000849490653546509,True,True,0.0006099748295445871,0x1.999999999999ap-7,True,8.49875615132225e-05
3,2,True,3,0,accepted,2,True,True,True,0.00019751041672028127,3,2e-323,accepted,True,0x1.ef9db22d0e562p-7,0x1.ef9db22d0e562p-7,L2,0.002052899986776083,True,1.7879474788512127e-10,0.0011554730832642939,True,True,0.0008974269035117893,0x1.ae147ae147ae2p-6,True,0.00012811211063455566
4,3,True,4,0,accepted,3,True,True,True,0.00029789454461587035,4,2e-323,accepted,True,0x1.1096bb98c7e29p-6,0x1.1096bb98c7e29p-6,L2,0.0026409168444715176,True,8.608460187780553e-10,0.0014335728612348024,True,True,0.0012073439832367152,0x1.52f1a9fbe76cap-5,True,0.0001857823767006928
5,4,True,5,0,accepted,4,True,True,True,0.0004243786253066589,5,2e-323,accepted,True,0x1.2bd9018e75794p-6,0x1.2bd9018e75794p-6,L2,0.0032682218871418383,True,2.527135556980763e-09,0.0017073505077753125,True,True,0.0015608713793665257,0x1.db3d07c84b5dep-5,True,0.00026301705010135004
6,5,True,6,0,accepted,5,True,True,True,0.0005871307027882272,6,2e-323,accepted,True,0x1.49d51b4fe79f0p-6,0x1.49d51b4fe79f0p-6,L2,0.003995101697957938,True,5.803925718337438e-09,0.0019970690194664265,True,True,0.0019980326784915115,0x1.3894c447c30d4p-4,True,0.00036897476573303486
7,6,True,7,1,accepted,6,True,True,True,0.0006480074364093131,7,2e-323,accepted,True,0x1.6ad0d13e4b955p-7,0x1.6ad0d13e4b955p-6,L2,0.004166299075401646,True,5.975576332326251e-09,0.002121785936324006,True,True,0.00204451313907764,0x1.8b0a0b1bbcf50p-4,True,0.0003587209239845064
8,7,True,8,0,accepted,7,True,True,True,0.0007205945094978209,8,2e-323,accepted,True,0x1.8f18e62aecbdep-7,0x1.8f18e62aecbdep-7,L2,0.004389000081072861,True,8.430767164016697e-09,0.002264977424870919,True,True,0.002124022656201942,0x1.b86425438667bp-4,True,0.00039681411545587424
9,8,True,9,0,accepted,8,True,True,True,0.0008083983588683515,9,2e-323,accepted,True,0x1.b701c9fc046a8p-7,0x1.b701c9fc046a8p-7,L2,0.004679515397353334,True,1.1248502600523168e-08,0.0024312828108827935,True,True,0.0022482325864705403,0x1.ea474208e3ff7p-4,True,0.00044551501530523213
10,9,True,10,0,accepted,9,True,True,True,0.0009161588613588823,10,2e-323,accepted,True,0x1.e2e85e2ed1a86p-7,0x1.e2e85e2ed1a86p-7,L2,0.005059770673500512,True,1.4229108555650175e-08,0.002626629658780991,True,True,0.0024331410147195214,0x1.1093bda432466p-3,True,0.0005089990599904616
11,10,True,11,0,accepted,10,True,True,True,0.001048967598089951,11,2e-323,accepted,True,0x1.0999670026830p-6,0x1.0999670026830p-6,L2,0.005552931620390551,True,1.6922236108778664e-08,0.0028586588687363732,True,True,0.002694272751654178,0x1.2ec243871f60ep-3,True,0.0005918159555858827
12,11,True,12,0,accepted,11,True,True,True,0.001212867862949224,12,2e-323,accepted,True,0x1.2428be19c3f68p-6,0x1.2428be19c3f68p-6,L2,0.0061884537485650485,True,1.839023185908304e-08,0.003137313315938444,True,True,0.0030511404326266046,0x1.4ff5706724314p-3,True,0.0006995256110296638
13,12,True,13,0,accepted,12,True,True,True,0.001414643279520639,13,2e-323,accepted,True,0x1.4160044f8ac26p-6,0x1.4160044f8ac26p-6,L2,0.006980624459291345,True,1.6711900034796675e-08,0.0034648681045360815,True,True,0.0035157563547552634,0x1.747a882a5cb01p-3,True,0.0008385959285196371
14,13,True,14,1,accepted,13,True,True,True,0.0014826025779342712,14,2e-323,accepted,True,0x1.618337f118a2ap-7,0x1.618337f118a2ap-6,L2,0.007211290596111911,True,8.19932149535408e-09,0.0036279512172072387,True,True,0.0035833393789046725,0x1.9ca688b44e086p-3,True,0.0008126133112020054
15,14,True,15,0,accepted,14,True,True,True,0.0015624250126213624,15,2e-323,accepted,True,0x1.84dd23ef9b195p-7,0x1.84dd23ef9b195p-7,L2,0.007504194021628869,True,1.0738984474770202e-08,0.003819284532529693,True,True,0.003684909489099176,0x1.b2bebc335f929p-3,True,0.0008535981839624938
16,15,True,16,0,accepted,15,True,True,True,0.0016563305353383079,16,2e-323,accepted,True,0x1.abc00dedf768bp-7,0x1.abc00dedf768bp-7,L2,0.007873544675595001,True,1.4028691719807504e-08,0.00404468766225232,True,True,0.0038288570133426817,0x1.cb0c8e7259442p-3,True,0.0009042481656167275
17,16,True,16,0,accepted,16,True,True,True,0.0017668859830318562,18,9.302836746009514e-05,accepted,True,0x1.d68675b8f68cdp-7,0x1.d68675b8f68cdp-7,L2,0.008337054633019866,True,1.8541932086548364e-08,0.004404730936488773,True,True,0.003932323696531093,0x1.e5c88f5138babp-3,True,0.0009668008098331501
18,17,True,16,0,accepted,17,True,True,True,0.001896818235252379,20,0.00012214821731926895,accepted,True,0x1.02c9f3f2879a4p-6,0x1.02c9f3f2879a4p-6,L2,0.008916180026055995,True,2.381179719144751e-08,0.0048435002587988,True,True,0.004072679767257195,0x1.01987b566411cp-2,True,0.001024020081949457
19,18,True,16,0,accepted,18,True,True,True,0.0020488844076895236,22,0.00016152539158094343,accepted,True,0x1.1caaf2bdfb902p-6,0x1.1caaf2bdfb902p-6,L2,0.00963714391025743,True,3.105735943047042e-08,0.005383242224699637,True,True,0.004253901685557792,0x1.11c51a958c8b6p-2,True,0.0010920983522587579
20,19,True,16,0,accepted,19,True,True,True,0.002225569211659429,24,0.00021499974058020958,accepted,True,0x1.3922716a94b83p-6,0x1.3922716a94b83p-6,L2,0.010531863359174267,True,4.122023412500557e-08,0.0060537527665025775,True,True,0.00447811059267169,0x1.238fc9c16c446p-2,True,0.0011716000375405521
21,20,True,16,0,accepted,20,True,True,True,0.002428733967763377,26,0.00028740372625689315,accepted,True,0x1.5872aff53d311p-6,0x1.5872aff53d311p-6,L2,0.011632940285877445,True,5.569117197628998e-08,0.006890546258240074,True,True,0.00474239402763737,0x1.3721f0d8158fep-2,True,0.0012621199334786593
22,21,True,16,1,accepted,21,True,True,True,0.002491501068596514,28,0.000395618046989136,accepted,True,0x1.7ae48e5a901c6p-7,0x1.7ae48e5a901c6p-6,L2,0.012080333268187663,True,4.537230921445356e-08,0.007595916700930824,True,True,0.004484416567256839,0x1.4ca91bd76962fp-2,True,0.0011425487755034696
23,22,True,16,0,accepted,22,True,True,True,0.002562664561503623,30,0.00010789023794297199,accepted,True,0x1.a0c836306b527p-7,0x1.a0c836306b527p-7,L2,0.01261453328587131,True,6.479964690845647e-08,0.008066402554384563,True,True,0.004548130731486747,0x1.5880404a3de3dp-2,True,0.0010939711754185473
24,23,True,16,0,accepted,23,True,True,True,0.0026430104672305952,32,0.00013827566356435997,accepted,True,0x1.ca75d53542dacp-7,0x1.ca75d53542dacp-7,L2,0.013252645913193507,True,9.618954485969803e-08,0.008629950833383486,True,True,0.004622695079810021,0x1.658681fbc13e6p-2,True,0.0011105135626138074
25,24,True,16,0,accepted,24,True,True,True,0.0027331762195494957,34,0.00018148055490696904,accepted,True,0x1.f84e6a876323ep-7,0x1.f84e6a876323ep-7,L2,0.014015089235045679,True,1.3873732978774838e-07,0.009312195874879664,True,True,0.004702893360166015,0x1.73da30a56b553p-2,True,0.001128103269413283
26,25,True,16,0,accepted,25,True,True,True,0.0028334775002227318,36,0.0002432506920632033,accepted,True,0x1.155e5430dced6p-6,0x1.155e5430dced6p-6,L2,0.014925946074007483,True,1.9601822882990492e-07,0.01014763894098326,True,True,0.004778307133024223,0x1.839ca3f9a66e5p-2,True,0.0011451084733461445
27,26,True,16,0,accepted,26,True,True,True,0.002943758361626873,38,0.00032614382277398066,accepted,True,0x1.311af635bfd1fp-6,0x1.311af635bfd1fp-6,L2,0.016013673733493775,True,2.7232851598409295e-07,0.011177401609238937,True,True,0.004836272124254838,0x1.94f2893cb43d2p-2,True,0.0011587771394952473
28,27,True,16,0,accepted,27,True,True,True,0.0030631207975360198,40,0.0004364408395525801,accepted,True,0x1.4f9da86e53009p-6,0x1.4f9da86e53009p-6,L2,0.017311430587256545,True,3.7267262657721956e-07,0.012454176779558176,True,True,0.004857253807698369,0x1.a80438a0103a4p-2,True,0.0011660254018696337
29,28,True,16,0,accepted,28,True,True,True,0.003190703044929149,42,0.0005812512266897727,accepted,True,0x1.712d6c795b4d7p-6,0x1.712d6c795b4d7p-6,L2,0.018862271596704193,True,5.021012029710865e-07,0.014044766888016372,True,True,0.0048175047086878205,0x1.bcfe1326f56a5p-2,True,0.0011633223984763926
30,29,True,16,0,accepted,29,True,True,True,0.00332500386720854,44,0.00014516354078375972,accepted,True,0x1.96185db8b13bap-6,0x1.96185db8b13bap-6,L2,0.020718401267471785,True,6.6516070175445e-07,0.015410372573537771,True,True,0.005308028693934014,0x1.d410e9ee8b1f2p-2,True,0.0011465240242967403
31,30,True,16,0,accepted,30,True,True,True,0.0034689522292053717,46,0.00018912842162248475,accepted,True,0x1.beb46717f6280p-6,0x1.beb46717f6280p-6,L2,0.022969393608984555,True,9.547339528079988e-07,0.017060948909345654,True,True,0.005908444699638901,0x1.ed726fca1632ep-2,True,0.0012231895724073426
32,31,True,16,1,accepted,31,True,True,True,0.0035033587651788086,48,0.00024210739021713267,accepted,True,0x1.eb600b00c1f8dp-7,0x1.eb600b00c1f8dp-6,L2,0.024085666325376315,True,6.196879211923975e-07,0.01815258594080012,True,True,0.005933080384576194,0x1.04aedb1dcacabp-1,True,0.0011015903058573153
33,32,True,16,0,accepted,32,True,True,True,0.0035408573857881476,50,0.0003096288143194469,accepted,True,0x1.0e419fa6d115bp-6,0x1.0e419fa6d115bp-6,L2,0.025381989409469886,True,7.388115453548689e-07,0.019443804003577946,True,True,0.00593818540589194,0x1.0c5c5b49cdd29p-1,True,0.0010812906090462652
34,33,True,16,0,accepted,33,True,True,True,0.0035814997075956723,52,0.0003949841981778025,accepted,True,0x1.29482f9de5fe5p-6,0x1.29482f9de5fe5p-6,L2,0.02688812817263639,True,8.798845177464669e-07,0.020974067147921605,True,True,0.005914061024714784,0x1.14ce6847045b4p-1,True,0.0010566338113312482
35,34,True,16,0,accepted,34,True,True,True,0.0036252987898304076,54,0.0005012551907972297,accepted,True,0x1.47029ac749cb0p-6,0x1.47029ac749cb0p-6,L2,0.028613487653844846,True,1.0440014607097769e-06,0.02277121153116683,True,True,0.0058422761226780175,0x1.1e18a9c3f38b3p-1,True,0.0010269440332255093
36,35,True,16,0,accepted,35,True,True,True,0.0036722221280221885,56,0.0006318386723133109,accepted,True,0x1.67b610a8045f5p-6,0x1.67b610a8045f5p-6,L2,0.030624501250607027,True,1.2348979978292936e-06,0.024907010161847126,True,True,0.0057174910887599,0x1.2850be9a2dd98p-1,True,0.0009916580712223649
37,36,True,16,0,accepted,36,True,True,True,0.0037219752963440094,58,0.0007895002372318428,accepted,True,0x1.8baeabec04cf4p-6,0x1.8baeabec04cf4p-6,L2,0.032980692572131834,True,1.455862260865315e-06,0.027451978257792903,True,True,0.00552871431433893,0x1.338e6f1f6dfc8p-1,True,0.0009503265306884667
38,37,True,16,0,accepted,37,True,True,True,0.003774183138511132,60,0.00018817525359287191,accepted,True,0x1.b34023839ee40p-6,0x1.b34023839ee40p-6,L2,0.03574531306361531,True,1.7130999530935898e-06,0.029693936740722387,True,True,0.006051376322892921,0x1.3febe47ece230p-1,True,0.0009028209035581703
39,38,True,16,0,accepted,38,True,True,True,0.0038285574830782855,62,0.00023687575405890776,accepted,True,0x1.dec68d772ec7ap-6,0x1.dec68d772ec7ap-6,L2,0.03899399922319247,True,2.2305513144587425e-06,0.03230122076250518,True,True,0.00669277846068729,0x1.4d85e59aeb1a2p-1,True,0.0009416606052299239
40,39,True,16,0,accepted,39,True,True,True,0.0038876475275916845,64,0.00029748915184713747,accepted,True,0x1.07539a9b26877p-5,0x1.07539a9b26877p-5,L2,0.0427578043524251,True,2.9260841753915546e-06,0.03529743674171164,True,True,0.0074603676107134614,0x1.5c7c1a06a4906p-1,True,0.0009900402183429333
41,40,True,16,0,accepted,40,True,True,True,0.003950973798627386,66,0.0003727911932751203,accepted,True,0x1.21a8c3aaaa61dp-5,0x1.21a8c3aaaa61dp-5,L2,0.04719504837727886,True,3.877197645165791e-06,0.038792659469894505,True,True,0.008402388907384352,0x1.6cf153b056f8dp-1,True,0.001045394745921432
42,41,True,16,0,accepted,41,True,True,True,0.004017280650987704,68,0.00046545776046322897,accepted,True,0x1.3ea00a6eee9edp-5,0x1.3ea00a6eee9edp-5,L2,0.05245046337275851,True,5.1956058626869515e-06,0.042879895873088006,True,True,0.009570567499670501,0x1.7f0bdfeb019efp-1,True,0.0011073951314112627
43,42,True,16,1,accepted,42,True,True,True,0.004005325242606314,70,0.0005585661526730617,accepted,True,0x1.5e7cd846d3485p-6,0x1.5e7cd846d3485p-5,L2,0.05502957732259578,True,3.321009591482777e-06,0.045484070701422206,True,True,0.009545506621173573,0x1.92f5e091f088ep-1,True,0.0009590459118777568
44,43,True,16,0,accepted,43,True,True,True,0.003993147930111528,72,0.0006627944508415628,accepted,True,0x1.8189544de8693p-6,0x1.8189544de8693p-6,L2,0.05794959131700198,True,3.768139823083678e-06,0.048454864321447515,True,True,0.009494726995554467,0x1.9de9c75427232p-1,True,0.0009218712155276564
45,44,True,16,0,accepted,44,True,True,True,0.003988667532201985,74,0.0007842542947704236,accepted,True,0x1.a8170fef4c73cp-6,0x1.a8170fef4c73cp-6,L2,0.06134698239936388,True,5.620056911564455e-06,0.051934482018054805,True,True,0.009412500381309072,0x1.a9f611f696667p-1,True,0.0008838728159284151
46,45,True,16,0,accepted,45,True,True,True,0.0039954622386111525,76,0.0009234863339204343,accepted,True,0x1.d27fc4ba6db29p-6,0x1.d27fc4ba6db29p-6,L2,0.06533733133238898,True,6.270688978334981e-06,0.05604237117017023,True,True,0.009294960162218743,0x1.b736ca7610ca1p-1,True,0.000843399896543158
47,46,True,16,0,accepted,46,True,True,True,0.004016018348051517,78,0.0011362887052289627,accepted,True,0x1.00931299bc557p-5,0x1.00931299bc557p-5,L2,0.07004725505557223,True,6.977260647288794e-06,0.06096192792099843,True,True,0.0090853271345738,0x1.c5cac89be437ap-1,True,0.0008013663963168873
48,47,True,16,0,accepted,47,True,True,True,0.004053535672262036,80,0.0002632864828052584,accepted,True,0x1.1a3b6142b5913p-5,0x1.1a3b6142b5913p-5,L2,0.07560736305483685,True,7.69126118139961e-06,0.0657221810071361,True,True,0.009885182047700752,0x1.d5d3f9c57ffcfp-1,True,0.0007552151163853357
49,48,True,16,0,accepted,48,True,True,True,0.0041113386424456375,82,0.0003317266653907444,accepted,True,0x1.367484962e1fcp-5,0x1.367484962e1fcp-5,L2,0.08197131209554051,True,9.341063262748939e-06,0.07118055153768096,True,True,0.010790760557859547,0x1.e777afd9ab560p-1,True,0.0007733464697025085
50,49,True,16,0,accepted,49,True,True,True,0.004194190714069759,84,0.00041950340351180546,accepted,True,0x1.55802b71ff896p-5,0x1.55802b71ff896p-5,L2,0.08950786986876408,True,1.1415511586234597e-05,0.07763056650055228,True,True,0.0118773033682118,0x1.fadef8230e380p-1,True,0.00079675505494894
51,50,True,16,0,accepted,50,True,True,True,0.004306638671120884,86,0.0005325837045815305,accepted,True,0x1.77a6963099172p-5,0x1.77a6963099172p-5,L2,0.09845679209754798,True,1.4061027415373765e-05,0.08527618381579072,True,True,0.013180608281757267,0x1.081b7d6d17185p+0,True,0.0008262364692783926
52,51,True,16,0,accepted,51,True,True,True,0.004454002151009349,88,0.0006781401992462938,accepted,True,0x1.9d373ecf0eccbp-5,0x1.9d373ecf0eccbp-5,L2,0.10909230032371904,True,1.745569920213951e-05,0.09435494074238457,True,True,0.014737359581334472,0x1.13d8b21e9be11p+0,True,0.0008624198177956433
53,52,True,16,0,accepted,52,True,True,True,0.004642959155555363,90,0.0008630798201672688,accepted,True,0x1.c68991e3c37adp-5,0x1.c68991e3c37adp-5,L2,0.1217225124606461,True,2.182238461600794e-05,0.1051386897526681,True,True,0.016583822707977994,0x1.20c26c1514577p+0,True,0.000906363607962113
54,53,True,16,0,accepted,53,True,True,True,0.004881773529708623,92,0.0010948054937004264,accepted,True,0x1.f3fdba1423d3fp-5,0x1.f3fdba1423d3fp-5,L2,0.13664990783499611,True,2.7425400786370453e-05,0.11790640100892334,True,True,0.018743506826072773,0x1.2ef6b8a432734p+0,True,0.0009585877467165956
55,54,True,16,1,accepted,54,True,True,True,0.004986795548486917,94,0.0013343145827327564,accepted,True,0x1.12febff17a1b0p-5,0x1.12febff17a1b0p-4,L2,0.1440802944235794,True,1.7428065483451262e-05,0.12584305323026249,True,True,0.018237241193316905,0x1.3e96a674d391ep+0,True,0.0007960077648511819
56,55,True,16,0,accepted,55,True,True,True,0.0051153951435182875,96,0.0016144885736031618,accepted,True,0x1.2e7e9ff00650fp-5,0x1.2e7e9ff00650fp-5,L2,0.1524651857348452,True,1.8786404368595665e-05,0.13494267403413587,True,True,0.017522511700709315,0x1.472e9c745f62cp+0,True,0.0007611191566178202
57,56,True,16,0,accepted,56,True,True,True,0.005272560585700389,98,0.0019423158393301375,accepted,True,0x1.4cbe7cbb3a25ep-5,0x1.4cbe7cbb3a25ep-5,L2,0.1618993975794121,True,2.0000986907315976e-05,0.145341008339174,True,True,0.016558389240238114,0x1.50a29173df954p+0,True,0.0007225708832410412
58,57,True,16,0,accepted,57,True,True,True,0.005464518574744516,100,0.0023099928793260875,accepted,True,0x1.6e04bc678cc35p-5,0x1.6e04bc678cc35p-5,L2,0.1724620035015351,True,2.094662321077844e-05,0.1571486931877743,True,True,0.015313310313760792,0x1.5b088559b9667p+0,True,0.0006800253960417804
59,58,True,16,0,accepted,58,True,True,True,0.005699220103392068,102,0.0003965406274410064,accepted,True,0x1.929ecf3eb4708p-5,0x1.929ecf3eb4708p-5,L2,0.18420195851043797,True,2.1471788899323734e-05,0.1681209578104811,True,True,0.016081000699956882,0x1.6678ab3cf5cc9p+0,True,0.0006335161392112756
60,59,True,16,0,accepted,59,True,True,True,0.005987005410151592,104,0.0004849649506054902,accepted,True,0x1.bae1e3f82ce23p-5,0x1.bae1e3f82ce23p-5,L2,0.19711933422852482,True,2.4813412273677817e-05,0.18015559818616456,True,True,0.01696373604236026,0x1.730da1b6eb701p+0,True,0.0006625395895452298
61,60,True,16,0,accepted,60,True,True,True,0.006341625939357798,106,0.000588077995461384,accepted,True,0x1.e72badf764927p-5,0x1.e72badf764927p-5,L2,0.21115275778537326,True,2.8780923377841635e-05,0.19317071784777542,True,True,0.017982039937597838,0x1.80e4b0d6acd72p+0,True,0.000701036565393328
62,61,True,16,0,accepted,61,True,True,True,0.006781772939743216,108,0.0007068656959565043,accepted,True,0x1.0bf19fae77509p-4,0x1.0bf19fae77509p-4,L2,0.2261643809050469,True,3.35067183120557e-05,0.2070067907749265,True,True,0.01915759013012039,0x1.901e0e4667fbbp+0,True,0.0007518003477562181
63,62,True,16,0,accepted,62,True,True,True,0.0073334589199390956,110,0.0008421483065229746,accepted,True,0x1.26bcfc731cd8ap-4,0x1.26bcfc731cd8ap-4,L2,0.24192974064695694,True,3.914800307916716e-05,0.22141781361830604,True,True,0.0205119270286509,0x1.a0dd28414f70cp+0,True,0.0008186882004833243
64,63,True,16,1,accepted,63,True,True,True,0.007640560072484847,112,0.0009925721575272056,accepted,True,0x1.443648e506218p-5,0x1.443648e506218p-4,L2,0.2490012572824375,True,2.4252732190214354e-05,0.22922340987647533,True,True,0.019777847405962168,0x1.b348f808813e5p+0,True,0.0007065383513854122
65,64,True,16,0,accepted,64,True,True,True,0.00800710165284501,114,0.0011646998994290121,accepted,True,0x1.64a21cfbed24ep-5,0x1.64a21cfbed24ep-5,L2,0.2564544353398667,True,2.5658613843248625e-05,0.2375208872894295,True,True,0.018933548050437232,0x1.bd6aaa4fa96f6p+0,True,0.0007065816060510598
66,65,True,16,0,accepted,65,True,True,True,0.008448001733152532,116,0.0013844732026571326,accepted,True,0x1.884becaeb80f0p-5,0x1.884becaeb80f0p-5,L2,0.2642633343070829,True,2.692722101214691e-05,0.24631199572398316,True,True,0.01795133858309972,0x1.c88fbb3788d88p+0,True,0.0007075100232471484
67,66,True,16,0,accepted,66,True,True,True,0.008983088368564825,118,0.0016359493171758189,accepted,True,0x1.af86b78cfdaa2p-5,0x1.af86b78cfdaa2p-5,L2,0.27240082944297295,True,2.7955617751385025e-05,0.25557726670086434,True,True,0.01682356274210861,0x1.d4d21a9cfe990p+0,True,0.0007088391093507261
68,67,True,16,0,accepted,67,True,True,True,0.009639140868174195,120,0.0019201347810097742,accepted,True,0x1.daadc9e7e3d4cp-5,0x1.daadc9e7e3d4cp-5,L2,0.28084629000850725,True,2.8646158033398735e-05,0.2653003297918861,True,True,0.015545960216621135,0x1.e24e505966865p+0,True,0.0007107276371972682
69,68,True,16,0,accepted,68,True,True,True,0.010452892048067975,122,0.0022392872438667106,accepted,True,0x1.0512c8a5f081dp-4,0x1.0512c8a5f081dp-4,L2,0.2895890573527423,True,2.8886269555530553e-05,0.27547323661684325,True,True,0.014115820735899065,0x1.f123bea8a5a4fp+0,True,0.0007134577354544872
70,69,True,16,0,accepted,69,True,True,True,0.011475437742892045,124,0.00259252469213755,accepted,True,0x1.1f2e431ceef54p-4,0x1.1f2e431ceef54p-4,L2,0.29866059878042917,True,2.8544422862388673e-05,0.2861260088470719,True,True,0.012534589933357265,0x1.00ba759982568p+1,True,0.0007173965409636974
71,70,True,16,0,accepted,70,True,True,True,0.01277856780462604,126,0.0003499861007290601,accepted,True,0x1.3be6169fd3a76p-4,0x1.3be6169fd3a76p-4,L2,0.30813482852401036,True,2.7472376285577974e-05,0.29470225690865653,True,True,0.013432571615353828,0x1.09b3e7b269ce3p+1,True,0.0007230656434278391
72,71,True,16,1,accepted,71,True,True,True,0.013555005686988416,128,0.00042925063048014156,accepted,True,0x1.5b7d18e3026b5p-5,0x1.5b7d18e3026b5p-4,L2,0.31252100545638195,True,1.683487031139406e-05,0.2993591993170998,True,True,0.01316180613928214,0x1.13931867686b7p+1,True,0.0006548606164518551
73,72,True,16,0,accepted,72,True,True,True,0.014485886952317438,130,0.0005280124694368647,accepted,True,0x1.7e3cce934f761p-5,0x1.7e3cce934f761p-5,L2,0.3172477177767776,True,1.7828689710634115e-05,0.304377045405696,True,True,0.012870672371081637,0x1.19010ccaf4752p+1,True,0.0006864259835058523
74,73,True,16,0,accepted,73,True,True,True,0.015610629907956537,132,0.0006505981612916292,accepted,True,0x1.a476166ed7685p-5,0x1.a476166ed7685p-5,L2,0.3223808318589173,True,1.8735990349436515e-05,0.3098242508444966,True,True,0.012556581014420698,0x1.1efa000541b30p+1,True,0.0007274091163063192
75,74,True,16,0,accepted,74,True,True,True,0.016980268634842432,134,0.0008037938114020635,accepted,True,0x1.ce81e579ecf2dp-5,0x1.ce81e579ecf2dp-5,L2,0.3280262079469507,True,1.9476912170597768e-05,0.31580934276560835,True,True,0.012216865181342351,0x1.258bd85efd10ap+1,True,0.0007778568684261179
76,75,True,16,0,accepted,75,True,True,True,0.018659320457907046,136,0.0009961836313992902,accepted,True,0x1.fcc216061e3e5p-5,0x1.fcc216061e3e5p-5,L2,0.3343433957883542,True,1.992629925595323e-05,0.32249105172595655,True,True,0.011852344062397657,0x1.2cc5dff4e4c47p+1,True,0.0008410628797199073
77,76,True,16,0,accepted,76,True,True,True,0.020727471504532635,138,0.0012396834545365144,accepted,True,0x1.17d125b690a25p-4,0x1.17d125b690a25p-4,L2,0.34160732342841005,True,1.9889434310661557e-05,0.33011040931473334,True,True,0.011496914113676704,0x1.34b8e84cfd3d7p+1,True,0.0009240460821890808
78,77,True,16,1,accepted,77,True,True,True,0.021932178598137737,140,0.0015381656086055127,accepted,True,0x1.33cc7648d24c3p-5,0x1.33cc7648d24c3p-4,L2,0.34540474139873156,True,1.0278925222102934e-05,0.33520516682728885,True,True,0.010199574571442716,0x1.3d77717ab1c28p+1,True,0.0008223261890569448
79,78,True,16,0,accepted,78,True,True,True,0.023327269292949156,142,0.0019140961404087388,accepted,True,0x1.52941bb680ed7p-5,0x1.52941bb680ed7p-5,L2,0.3497724620235247,True,9.331230980280178e-06,0.34115845823916524,True,True,0.008614003784359447,0x1.4246a353d50bbp+1,True,0.0007897992303085547
80,79,True,16,0,accepted,79,True,True,True,0.024936436414836317,144,0.00027341804906419595,accepted,True,0x1.746fb8158dd20p-5,0x1.746fb8158dd20p-5,L2,0.3548793470942904,True,7.825617621193318e-06,0.3460821593845579,True,True,0.008797187709732535,0x1.4790f3c2af0f6p+1,True,0.0007374959090889358
81,80,True,16,0,accepted,80,True,True,True,0.026774169253235263,146,0.0003541018496218296,accepted,True,0x1.99ae174ae8cd7p-5,0x1.99ae174ae8cd7p-5,L2,0.3609852371853671,True,7.544568113943451e-06,0.3518550491210525,True,True,0.009130188064314648,0x1.4d62b2a30546ap+1,True,0.0008202441320729452
82,81,True,16,0,accepted,81,True,True,True,0.028847495462680887,148,0.00046092738840061915,accepted,True,0x1.c2a5e66c00154p-5,0x1.c2a5e66c00154p-5,L2,0.36873334371415234,True,1.0075661409942233e-05,0.3590043871453789,True,True,0.009728956568773428,0x1.53c96b0030e9dp+1,True,0.0009527876262606245
83,82,True,16,1,accepted,82,True,True,True,0.030148137201430964,150,0.0005952402919914466,accepted,True,0x1.efb67d76cce44p-6,0x1.efb67d76cce44p-5,L2,0.37537508678103626,True,9.191096257307635e-06,0.36590909433233654,True,True,0.009465992448699723,0x1.5ad40299e0ea2p+1,True,0.0009140909689700339
84,83,True,16,0,accepted,83,True,True,True,0.03176039709412515,152,0.0007702418669561571,accepted,True,0x1.10a45e9af0b0cp-5,0x1.10a45e9af0b0cp-5,L2,0.38544303567691096,True,9.671117721703026e-06,0.37633180949850786,True,True,0.009111226178403098,0x1.5eb36f94ce83fp+1,True,0.000936215953714207
85,84,True,16,0,accepted,84,True,True,True,0.03378703166630235,154,0.0009987263761346108,accepted,True,0x1.2be801aa6f28ep-5,0x1.2be801aa6f28ep-5,L2,0.4006942572195833,True,9.928496770554236e-06,0.3920413003515042,True,True,0.008652956868079098,0x1.62f6010f3a46bp+1,True,0.00095570183076823
86,85,True,16,0,accepted,85,True,True,True,0.03641204429156168,156,0.0012945706426157274,accepted,True,0x1.49e59b6ead79dp-5,0x1.49e59b6ead79dp-5,L2,0.4233149725660854,True,1.1449717122436683e-05,0.4152504272577152,True,True,0.008064545308370197,0x1.67a5a115e4035p+1,True,0.000979248527708556
87,86,True,16,0,accepted,86,True,True,True,0.03987540653618611,158,0.0016684859669674596,accepted,True,0x1.6ae2f7c68b9fap-5,0x1.6ae2f7c68b9fap-5,L2,0.45649323906891637,True,1.2884218002786625e-05,0.4491205852186959,True,True,0.007372653850220456,0x1.6ccd37839eb93p+1,True,0.0010127699927021288
88,87,True,16,1,accepted,87,True,True,True,0.042081954111145514,160,0.0002664455263280234,accepted,True,0x1.8f2cdd5a6662dp-6,0x1.8f2cdd5a6662dp-5,L2,0.48098189592348595,True,6.4430296959348286e-06,0.4735024108037319,True,True,0.007479485119754048,0x1.7278c362b8e7bp+1,True,0.0007965461777847754
89,88,True,16,0,accepted,88,True,True,True,0.04478219076171545,162,0.0003499992485595958,accepted,True,0x1.b717c049d7065p-6,0x1.b717c049d7065p-6,L2,0.5145905023415195,True,7.905419797183872e-06,0.5069558014416933,True,True,0.007634700899826208,0x1.75971d1d6db47p+1,True,0.0008344164653245147
90,89,True,16,0,accepted,89,True,True,True,0.04811361280886056,164,0.0004674928721299543,accepted,True,0x1.e30086b79fba3p-6,0x1.e30086b79fba3p-6,L2,0.562187794473263,True,9.743930339935993e-06,0.5543009698348205,True,True,0.00788682463844248,0x1.79054c9e01628p+1,True,0.0008799789412146584
91,90,True,16,0,accepted,90,True,True,True,0.052254676694200204,166,0.0006385574691409046,accepted,True,0x1.09a6b07e97d9ap-5,0x1.09a6b07e97d9ap-5,L2,0.6324508581749501,True,1.2074380516860219e-05,0.6241163807394672,True,True,0.008334477435482879,0x1.7ccb4dab70a1fp+1,True,0.0009362641860464754
92,91,True,16,0,accepted,91,True,True,True,0.057439103667483934,168,0.0009036371636446158,accepted,True,0x1.24375bbe73d5dp-5,0x1.24375bbe73d5dp-5,L2,0.7425942493476363,True,1.5081175764153849e-05,0.7333301242529182,True,True,0.009264125094718079,0x1.80f1e86d6b015p+1,True,0.0010129128666897954
93,92,True,16,1,accepted,92,True,True,True,0.060623383123317484,170,0.0013275184204086974,accepted,True,0x1.4170181e4c380p-6,0x1.4170181e4c380p-5,L2,0.8257027570488763,True,8.712054342659947e-06,0.8168833568482299,True,True,0.008819400200646421,0x1.8582c5dc64d0ap+1,True,0.0008394388932900888
94,93,True,16,0,accepted,93,True,True,True,0.06438417127638969,172,0.00024464032668174444,accepted,True,0x1.6194e754870a7p-6,0x1.6194e754870a7p-6,L2,0.9448940703214493,True,8.824087961741554e-06,0.9351067369197258,True,True,0.009787333401723552,0x1.8805a60ca1691p+1,True,0.0007838328615045631
95,94,True,16,0,accepted,94,True,True,True,0.06884702797787527,174,0.0004168712959266728,accepted,True,0x1.84f098102e252p-6,0x1.84f098102e252p-6,L2,1.1273901768818244,True,1.1604534830958366e-05,1.1161262774441802,True,True,0.011263899437644165,0x1.8ac8cfdb4a772p+1,True,0.0008301343877448738
96,95,True,16,0,accepted,95,True,True,True,0.0741588644541126,176,0.0007609612170879651,accepted,True,0x1.abd57411cc5c1p-6,0x1.abd57411cc5c1p-6,L2,1.436151971557542,True,1.5784728532627448e-05,1.4224005135119722,True,True,0.013751458045569764,0x1.8dd2b10b6ad37p+1,True,0.0008858041154278759
97,96,True,16,0,accepted,96,True,True,True,0.08048483098950968,178,0.0010625773797532218,accepted,True,0x1.d69dffad2d988p-6,0x1.d69dffad2d988p-6,L2,1.387386348450249,True,1.4493968534094344e-05,1.3751998071174492,True,True,0.01218654133279995,0x1.912a5bf38e6c3p+1,True,0.0009454390543278622
98,97,True,16,1,accepted,97,True,True,True,0.08426512142628849,180,0.0014834927507130426,accepted,True,0x1.02d6e638d913ep-6,0x1.02d6e638d913ep-5,L2,1.26147836375908,True,6.11042719852059e-06,1.2523724735982777,True,True,0.009105890160802321,0x1.94d797f2e8c76p+1,True,0.00078404550165763
99,98,True,16,0,accepted,98,True,True,True,0.08861704126621749,182,0.0001972792690207684,accepted,True,0x1.1cb93071bb95ep-6,0x1.1cb93071bb95ep-6,L2,1.1578160035859488,True,4.358151402163857e-06,1.1499822180888353,True,True,0.007833785497113555,0x1.96dd45bf5a798p+1,True,0.0007140380060371764
100,99,True,16,0,accepted,99,True,True,True,0.09363452295252249,184,0.00023331348763551326,accepted,True,0x1.39321bb04e581p-6,0x1.39321bb04e581p-6,L2,1.0779720383357945,True,4.168536530114494e-06,1.071151146620179,True,True,0.006820891715615396,0x1.9916b8203df0bp+1,True,0.0007422757653348266
101,100,True,16,0,accepted,100,True,True,True,0.09942336754228419,186,0.0002937551755474899,accepted,True,0x1.5883eb41efc75p-6,0x1.5883eb41efc75p-6,L2,1.018938841900188,True,3.966032059777493e-06,1.0129287363915753,True,True,0.006010105508612584,0x1.9b891c579e8d6p+1,True,0.0007755881252323132
102,101,True,16,0,accepted,101,True,True,True,0.10609904099870923,188,0.0003813844971851492,accepted,True,0x1.7af782c887c1bp-6,0x1.7af782c887c1bp-6,L2,0.9779943698205383,True,3.7199921136189147e-06,0.972643550132062,True,True,0.005350819688476283,0x1.9e3a242e226cfp+1,True,0.0008146364488236706
103,102,True,16,0,accepted,102,True,True,True,0.11378243218530942,190,0.0005379782045198967,accepted,True,0x1.a0dd0fdc95551p-6,0x1.a0dd0fdc95551p-6,L2,0.95338500616908,True,3.403003797219714e-06,0.948605710278406,True,True,0.00477929589067394,0x1.a1301333b37c7p+1,True,0.0008595260577989094
104,103,True,16,1,accepted,103,True,True,True,0.11826197137205505,192,9.704439807231077e-05,accepted,True,0x1.ca8cc4a5d7773p-7,0x1.ca8cc4a5d7773p-6,L2,0.9475881508546089,True,1.5970096329175704e-06,0.9430476002812336,True,True,0.004540550573375324,0x1.a471cd536ca72p+1,True,0.0007059205515304325
105,104,True,16,0,accepted,104,True,True,True,0.12329781321017322,194,0.00014068061504877768,accepted,True,0x1.f867a51cd3699p-7,0x1.f867a51cd3699p-7,L2,0.94606493787297,True,1.6651063579035868e-06,0.9417546076509488,True,True,0.004310330222021208,0x1.a63c5a18127e9p+1,True,0.0007224148281817033
106,105,True,16,0,accepted,105,True,True,True,0.12895235822681908,196,0.0002073390489730716,accepted,True,0x1.156c34697446ep-6,0x1.156c34697446ep-6,L2,0.9495576561865455,True,1.7066505448723858e-06,0.9454786848549456,True,True,0.0040789713315999565,0x1.a834c1bd2f520p+1,True,0.0007393877957905767
107,106,True,16,0,accepted,106,True,True,True,0.13528835032986858,198,0.0003076872874716365,accepted,True,0x1.312a39a7331adp-6,0x1.312a39a7331adp-6,L2,0.9589578650457087,True,1.705693742967179e-06,0.955127187602137,True,True,0.003830677443571684,0x1.aa5f9a26023a9p+1,True,0.0007560181785688877
108,107,True,16,0,accepted,107,True,True,True,0.1423631543826496,200,0.0004940340202669178,accepted,True,0x1.4fae729e51d0cp-6,0x1.4fae729e51d0cp-6,L2,0.9753509081580002,True,1.6411135683396936e-06,0.9718472064996831,True,True,0.0035037016583170377,0x1.acc1ee9950a0cp+1,True,0.0007694562063867032
109,108,True,16,0,accepted,108,True,True,True,0.15022833387061174,202,9.529294539418337e-05,accepted,True,0x1.713fe47af398ep-6,0x1.713fe47af398ep-6,L2,1.000088078104722,True,1.4580529557429898e-06,0.9963734921376453,True,True,0.0037145859670766335,0x1.af614b7e8d446p+1,True,0.0007764202386549145
110,109,True,16,0,accepted,109,True,True,True,0.1589241529784493,204,0.0001337490636263721,accepted,True,0x1.962cae873f283p-6,0x1.962cae873f283p-6,L2,1.0348875178144892,True,1.6145854558132025e-06,1.0308502001703483,True,True,0.0040373176441408365,0x1.b243cb47832b9p+1,True,0.000890807191796792
111,110,True,16,1,accepted,110,True,True,True,0.1638514954439306,206,0.0001903214573696593,accepted,True,0x1.becabffb2bdf7p-7,0x1.becabffb2bdf7p-6,L2,1.0580294409761455,True,8.807191698600696e-07,1.0541225647234085,True,True,0.0039068762527370016,0x1.b57024a491a9ep+1,True,0.000818154407583519
112,111,True,16,0,accepted,111,True,True,True,0.16925017825469219,208,0.0002665256208922651,accepted,True,0x1.eb789ffab042ap-7,0x1.eb789ffab042ap-7,L2,1.0860521909053154,True,9.108785001814507e-07,1.0823099510888547,True,True,0.003742239816460602,0x1.b72eef648cd5cp+1,True,0.0008227693355109567
113,112,True,16,0,accepted,112,True,True,True,0.17513986315043598,210,0.00036325839930378116,accepted,True,0x1.0e4f24c9e0f17p-6,0x1.0e4f24c9e0f17p-6,L2,1.1199065501099719,True,9.165019286168156e-07,1.1163720965724573,True,True,0.0035344535375145814,0x1.b91a680487860p+1,True,0.000824401052938687
114,113,True,16,0,accepted,113,True,True,True,0.18152875129541307,212,7.297938157035808e-05,accepted,True,0x1.29570ede1109ap-6,0x1.29570ede1109ap-6,L2,1.1592548201978117,True,8.888230347740512e-07,1.1555779126578325,True,True,0.0036769075399791795,0x1.bb37064e1b47ep+1,True,0.0008221610846813113
115,114,True,16,0,accepted,114,True,True,True,0.1884097612177675,214,9.939596811358713e-05,accepted,True,0x1.4712f6c112bddp-6,0x1.4712f6c112bddp-6,L2,1.206711812820491,True,9.99691487913772e-07,1.2028411223197968,True,True,0.0038706905006942183,0x1.bd89b46bd769fp+1,True,0.0008860598713225546
116,115,True,16,0,accepted,115,True,True,True,0.19574992891431517,216,0.00013690641947250624,accepted,True,0x1.67c80f6dfb040p-6,0x1.67c80f6dfb040p-6,L2,1.2639763431890456,True,1.1242546246588029e-06,1.2598520953868664,True,True,0.004124247802179237,0x1.c017da59598f7p+1,True,0.0009652952326158806
117,116,True,16,0,accepted,116,True,True,True,0.2034843912962265,218,0.00019040846316955857,accepted,True,0x1.8bc2775f60eadp-6,0x1.8bc2775f60eadp-6,L2,1.332833335909093,True,1.2660862433437186e-06,1.328382438732235,True,True,0.004450897176857982,0x1.c2e76a7835858p+1,True,0.001063739069783853
118,117,True,16,1,accepted,117,True,True,True,0.2077267876142523,220,0.000265736240872368,accepted,True,0x1.b355e9b5b768cp-7,0x1.b355e9b5b768cp-6,L2,1.3735215137384131,True,6.135160950979914e-07,1.3692140370034829,True,True,0.00430747673493026,0x1.c5feef66f4475p+1,True,0.0009613445294324997
119,118,True,16,0,accepted,118,True,True,True,0.21223488982307387,222,0.00037862568748728927,accepted,True,0x1.dede8114b0267p-7,0x1.dede8114b0267p-7,L2,1.4190597554957387,True,6.312822347157843e-07,1.4149809147782566,True,True,0.004078840717482102,0x1.c7b24550a9fecp+1,True,0.0009439347753354562
120,119,True,16,0,accepted,119,True,True,True,0.21698866972158729,224,8.522162734309253e-05,accepted,True,0x1.0760c6fe94153p-6,0x1.0760c6fe94153p-6,L2,1.4709317284001822,True,6.284742730778545e-07,1.4667503365750005,True,True,0.004181391825181624,0x1.c99123d1beaeep+1,True,0.0009146122940421101
121,120,True,16,0,accepted,120,True,True,True,0.2219524181526914,226,0.00011781842761319472,accepted,True,0x1.21b7414b3c7dcp-6,0x1.21b7414b3c7dcp-6,L2,1.5306101840079243,True,6.972854168792973e-07,1.5263095873558299,True,True,0.004300596652094368,0x1.cb9fe55fbbd71p+1,True,0.0009414506948788505
122,121,True,16,0,accepted,121,True,True,True,0.2270709112306399,228,0.00016369340776208491,accepted,True,0x1.3eaffb05f5bd9p-6,0x1.3eaffb05f5bd9p-6,L2,1.5991990295233365,True,7.699491726911947e-07,1.594765554262152,True,True,0.0044334752611845385,0x1.cde353e252501p+1,True,0.0009721967946528661
123,122,True,16,0,accepted,122,True,True,True,0.2322655777242396,230,0.00022858971843351533,accepted,True,0x1.5e8e60ecf4b6fp-6,0x1.5e8e60ecf4b6fp-6,L2,1.677825551568266,True,8.462526024062928e-07,1.67325309448854,True,True,0.004572457079726089,0x1.d060b3d85e3b9p+1,True,0.0010063491961886772
124,123,True,16,0,accepted,123,True,True,True,0.23743029008519584,232,0.00032081519634583814,accepted,True,0x1.819c9dd173961p-6,0x1.819c9dd173961p-6,L2,1.7676031874833975,True,9.257565330593716e-07,1.7629007756499238,True,True,0.004702411833473752,0x1.d31dd09a38250p+1,True,0.0010424747972173696
125,124,True,16,0,accepted,124,True,True,True,0.2424278990411989,234,0.00044925230863702585,accepted,True,0x1.a82c473332585p-6,0x1.a82c473332585p-6,L2,1.8695274693023503,True,1.007278908537794e-06,1.864727761613722,True,True,0.004799707688628363,0x1.d62109d5db0c3p+1,True,0.0010777921768224403
126,125,True,16,0,accepted,125,True,True,True,0.24708921383383425,236,0.0006244562768302973,accepted,True,0x1.d2971b1eb7613p-6,0x1.d2971b1eb7613p-6,L2,1.9843273657963851,True,1.0886506824238569e-06,1.9794933249564335,True,True,0.004834040839951648,0x1.d97162644170ep+1,True,0.0011089657102516057
127,126,True,16,1,accepted,126,True,True,True,0.2494568811346545,238,0.00013172919864230112,accepted,True,0x1.009fe884180f1p-6,0x1.009fe884180f1p-5,L2,2.0488697377504455,True,3.8630549493911277e-07,2.0439749143689463,True,True,0.004894823381499158,0x1.dd16909a7edfap+1,True,0.0009253996839810404
128,127,True,16,0,accepted,127,True,True,True,0.2517520241379287,240,0.00017413782431154284,accepted,True,0x1.1a497fc480dd6p-6,0x1.1a497fc480dd6p-6,L2,2.120037995845966,True,4.252796514392494e-07,2.115092551236774,True,True,0.004945444609191885,0x1.df17d06b870fcp+1,True,0.0009216727869557628
129,128,True,16,0,accepted,128,True,True,True,0.25390891703871205,242,0.0002298599037161777,accepted,True,0x1.36840c8b5a8d2p-6,0x1.36840c8b5a8d2p-6,L2,2.1981764743063716,True,4.6526290924397126e-07,2.1931982496298796,True,True,0.004978224676492005,0x1.e14c636b10118p+1,True,0.0009163018782281957
130,129,True,16,0,accepted,129,True,True,True,0.2558491340657148,244,0.00030217987042811107,accepted,True,0x1.559140ffb0681p-6,0x1.559140ffb0681p-6,L2,2.2834817731935875,True,5.055732092490734e-07,2.278492784153353,True,True,0.004988989040234593,0x1.e3b96b8426c6ap+1,True,0.0009097312590022067
131,130,True,16,0,accepted,130,True,True,True,0.2574801321096204,246,0.00039529083702918594,accepted,True,0x1.77b96119420c2p-6,0x1.77b96119420c2p-6,L2,2.375939321498139,True,5.460722921594457e-07,2.3709663882905714,True,True,0.0049729332075676425,0x1.e6648e0626277p+1,True,0.0009026136596420753
132,131,True,16,0,accepted,131,True,True,True,0.25869578116072134,248,0.0005120632894749648,accepted,True,0x1.9d4beacefbda3p-6,0x1.9d4beacefbda3p-6,L2,2.4753335123526914,True,5.871033624017453e-07,2.4704049118034472,True,True,0.004928600549244155,0x1.e95400c858ab9p+1,True,0.0008958858294122432
133,132,True,16,0,accepted,132,True,True,True,0.2593776184899639,250,0.0006651702086728076,accepted,True,0x1.c6a04f16e1d67p-6,0x1.c6a04f16e1d67p-6,L2,2.581064886260625,True,6.300421830542976e-07,2.576215195904843,True,True,0.004849690355781977,0x1.ec8e989df6a34p+1,True,0.0008910197736739946
134,133,True,16,0,accepted,133,True,True,True,0.2593980385043854,252,0.00014025483299246957,accepted,True,0x1.f416bd65f86bfp-6,0x1.f416bd65f86bfp-6,L2,2.692097914686435,True,6.764979359147094e-07,2.68664277961531,True,True,0.005455135071124939,0x1.f01bd93c2466fp+1,True,0.000889190284738463
135,134,True,16,0,accepted,134,True,True,True,0.25863753794025524,254,0.00017842238243405761,accepted,True,0x1.130c81c4e23b6p-5,0x1.130c81c4e23b6p-5,L2,2.806954063862009,True,8.294139972860441e-07,2.800702542176679,True,True,0.006251521685330275,0x1.f40406b6f057cp+1,True,0.0009752606596796282
136,135,True,16,1,accepted,135,True,True,True,0.25796247569484626,256,0.00022383478496385657,accepted,True,0x1.2e8dc1f22c0e2p-6,0x1.2e8dc1f22c0e2p-5,L2,2.8619555595515767,True,2.683281402859247e-07,2.855652448164994,True,True,0.006303111386582572,0x1.f85038be03e0bp+1,True,0.0008704089290398684
137,136,True,16,0,accepted,136,True,True,True,0.2569896165262803,258,0.0002755276565858074,accepted,True,0x1.4ccf2223fd42cp-6,0x1.4ccf2223fd42cp-6,L2,2.868466447420756,True,3.017521409926857e-07,2.862166997771213,True,True,0.0062994496495432095,0x1.faad5441e838dp+1,True,0.0008604741846349874
138,137,True,16,0,accepted,137,True,True,True,0.25568896970895477,260,0.00033579750201170156,accepted,True,0x1.6e170bf463631p-6,0x1.6e170bf463631p-6,L2,2.858603126657604,True,3.374106284981827e-07,2.8523133445165683,True,True,0.006289782141035705,0x1.fd46f28630335p+1,True,0.0008543242090880653
139,138,True,16,0,accepted,138,True,True,True,0.25400910993027237,262,0.0004063232039188188,accepted,True,0x1.92b2f38cd3b9dp-6,0x1.92b2f38cd3b9dp-6,L2,2.845438265494822,True,5.761911763907538e-07,2.8391291564699515,True,True,0.006309109024870363,0x1.0011904f0c7d1p+2,True,0.000852560889150714
140,139,True,16,0,accepted,139,True,True,True,0.2518930637281439,264,0.0004882135290129101,accepted,True,0x1.baf80be7b5b2dp-6,0x1.baf80be7b5b2dp-6,L2,2.8349465380832553,True,9.711828217549448e-07,2.8285527770137042,True,True,0.006393761069551029,0x1.01a443429950dp+2,True,0.0008572964783369215
141,140,True,16,0,accepted,140,True,True,True,0.2492809069950114,266,0.000582107872704523,accepted,True,0x1.e7440d187b119p-6,0x1.e7440d187b119p-6,L2,2.826731506308654,True,1.487992728650861e-06,2.820144754487733,True,True,0.006586751820921055,0x1.035f3b4e81068p+2,True,0.0008711586232709148
142,141,True,16,0,accepted,141,True,True,True,0.24611165948863498,268,0.0006943303495619763,accepted,True,0x1.0bff0733dd49bp-5,0x1.0bff0733dd49bp-5,L2,2.8201050118512683,True,2.186331775906919e-06,2.81316163028906,True,True,0.006943381562208195,0x1.05467f5b99819p+2,True,0.0008973708784477453
143,142,True,16,0,accepted,142,True,True,True,0.24232451333858748,270,0.00014178586412589672,accepted,True,0x1.26cbbb1f736abp-5,0x1.26cbbb1f736abp-5,L2,2.8132696210717927,True,5.808680966852676e-06,2.8050480800610353,True,True,0.008221541010757338,0x1.075e7d6a013c2p+2,True,0.0009388340090316831
144,143,True,16,1,accepted,143,True,True,True,0.2407838484145522,272,0.00017216396132625726,accepted,True,0x1.44468108fef56p-6,0x1.44468108fef56p-5,L2,2.812884809795813,True,3.8830411116689016e-06,2.8044825210496818,True,True,0.008402288746131248,0x1.09ac14e04022fp+2,True,0.0008483388707489774
145,144,True,16,0,accepted,144,True,True,True,0.23953144989190683,274,0.0002093863830353454,accepted,True,0x1.64b3f456b20dfp-6,0x1.64b3f456b20dfp-6,L2,2.8151707714939,True,4.562563940802986e-06,2.8065549878697214,True,True,0.008615783624178697,0x1.0af05b614921ep+2,True,0.0008527930348212915
146,145,True,16,0,accepted,145,True,True,True,0.23865430635203727,276,0.0002624876980880484,accepted,True,0x1.885f8cc5c3dc3p-6,0x1.885f8cc5c3dc3p-6,L2,2.82069452511249,True,5.3460551890581415e-06,2.811827998287786,True,True,0.008866526824704124,0x1.0c550f559fd3fp+2,True,0.0008617475712088758
147,146,True,16,0,accepted,146,True,True,True,0.2382523743077702,278,0.0003354541291841984,accepted,True,0x1.af9c4e0cbdd8ap-6,0x1.af9c4e0cbdd8ap-6,L2,2.830052658417877,True,6.243463073307302e-06,2.8208930380330526,True,True,0.009159620384824319,0x1.0ddd6ee26597dp+2,True,0.0008759646396606247
148,147,True,16,0,accepted,147,True,True,True,0.23843993467270747,280,0.00043432970145517217,accepted,True,0x1.dac5890e0407fp-6,0x1.dac5890e0407fp-6,L2,2.8438300675174752,True,7.265182636268332e-06,2.834330223361168,True,True,0.009499844156307446,0x1.0f8d0b307255bp+2,True,0.0008963926560983408
149,148,True,16,0,accepted,148,True,True,True,0.23934844803509533,282,0.000565771562232662,accepted,True,0x1.051fd82e1bd13p-5,0x1.051fd82e1bd13p-5,L2,2.862539541332119,True,8.421582851708876e-06,2.8526326722344773,True,True,0.009906869097641824,0x1.1167d0b98059bp+2,True,0.0009251765632317973
150,149,True,16,0,accepted,149,True,True,True,0.24112814669453175,284,0.0007383076410197978,accepted,True,0x1.1f3ca0ff84ffcp-5,0x1.1f3ca0ff84ffcp-5,L2,2.886520824745382,True,9.736585840313052e-06,2.8761210544433027,True,True,0.010399770302079503,0x1.13721069dc915p+2,True,0.0009648742344679845
151,150,True,16,0,accepted,150,True,True,True,0.24395265638991653,286,0.0009559234494966201,accepted,True,0x1.3bf5e44c457fcp-5,0x1.3bf5e44c457fcp-5,L2,2.9158258632260283,True,1.1244433049151528e-05,2.904819545036841,True,True,0.011006318189187514,0x1.15b089abdb9b5p+2,True,0.0010187362423190597
152,151,True,16,1,accepted,151,True,True,True,0.24587982019202156,288,0.00018761715910620215,accepted,True,0x1.5b8e7b20b2d96p-6,0x1.5b8e7b20b2d96p-5,L2,2.932904952297397,True,6.60791627394136e-06,2.9218603391352365,True,True,0.011044613162160655,0x1.1828757474265p+2,True,0.0008646772286072593
153,152,True,16,0,accepted,152,True,True,True,0.24828199134940956,290,0.0002362110419079526,accepted,True,0x1.7e4fedd72b226p-6,0x1.7e4fedd72b226p-6,L2,2.9520913823873514,True,7.3931911370422374e-06,2.9409879171972033,True,True,0.011103465190148043,0x1.198403ef94d93p+2,True,0.0008776821858717527
154,153,True,16,0,accepted,153,True,True,True,0.2512533150469108,292,0.0003067700695699457,accepted,True,0x1.a48b1f397c3f7p-6,0x1.a48b1f397c3f7p-6,L2,2.973390324643833,True,8.26213439042451e-06,2.9622053277304237,True,True,0.01118499691340924,0x1.1b0253dd6c045p+2,True,0.0008965832152278463
155,154,True,16,0,accepted,154,True,True,True,0.2549062885938907,294,0.000400974569215014,accepted,True,0x1.ce9908bf3bdf7p-6,0x1.ce9908bf3bdf7p-6,L2,2.9967231656008453,True,9.220244089439355e-06,2.9854260293048736,True,True,0.011297136295971733,0x1.1ca6defca5809p+2,True,0.0009225940804375928
156,155,True,16,0,accepted,155,True,True,True,0.2593764190020559,296,0.0005216459429968859,accepted,True,0x1.fcdb899f2842ap-6,0x1.fcdb899f2842ap-6,L2,3.021902353256292,True,1.0279888355815592e-05,3.010448130363569,True,True,0.01145422289272302,0x1.1e75780564bc7p+2,True,0.0009577102619444661
157,156,True,16,0,accepted,156,True,True,True,0.26482869861362834,298,0.0006720952486976285,accepted,True,0x1.17df254abc8b1p-5,0x1.17df254abc8b1p-5,L2,3.0486152603508354,True,1.1464819864285458e-05,3.0369368169106203,True,True,0.01167844344021507,0x1.2072538f03e4bp+2,True,0.0010049328932309652
158,157,True,16,0,accepted,157,True,True,True,0.271466777685363,300,0.0008550510502201793,accepted,True,0x1.33dbdc389c32ap-5,0x1.33dbdc389c32ap-5,L2,3.0764307281797896,True,1.2817197417960026e-05,3.0644283196517454,True,True,0.012002408528044128,0x1.22a211d9995dcp+2,True,0.0010686787723226242
159,158,True,16,1,accepted,158,True,True,True,0.27544547649557116,302,0.001082901083165589,accepted,True,0x1.52a50bd7df048p-6,0x1.52a50bd7df048p-5,L2,3.091186950766747,True,7.494621207579927e-06,3.080205770814074,True,True,0.010981179952672893,0x1.2509c9920a962p+2,True,0.0009341318115443462
160,159,True,16,0,accepted,159,True,True,True,0.2800595257054036,304,0.00021825901726452163,accepted,True,0x1.748259d3dbb83p-6,0x1.748259d3dbb83p-6,L2,3.1067098383548277,True,7.515697747126327e-06,3.0958028274439595,True,True,0.010907010910868209,0x1.265c6e9de2752p+2,True,0.0008815678145509264
161,160,True,16,0,accepted,160,True,True,True,0.28542578722524237,306,0.0002708180632783204,accepted,True,0x1.99c29602a4e44p-6,0x1.99c29602a4e44p-6,L2,3.122906545157431,True,8.233277642434207e-06,3.112030497973706,True,True,0.010876047183725035,0x1.27d0f0f7b650ep+2,True,0.0009093263859510266
162,161,True,16,0,accepted,161,True,True,True,0.2916879310901946,308,0.0003363633565039608,accepted,True,0x1.c2bc71cfb5618p-6,0x1.c2bc71cfb5618p-6,L2,3.1389400260220466,True,9.038552463792067e-06,3.128038534691491,True,True,0.010901491330555402,0x1.296ab38db8f5cp+2,True,0.0009468065282240572
163,162,True,16,0,accepted,162,True,True,True,0.2990244502138322,310,0.0004168453506764139,accepted,True,0x1.efcf49fe1451bp-6,0x1.efcf49fe1451bp-6,L2,3.1538903695218528,True,9.955433622911858e-06,3.1428882191575482,True,True,0.01100215036430452,0x1.2b2d6fff88ab2p+2,True,0.000997359100289094
164,163,True,16,0,accepted,163,True,True,True,0.30765978075684225,312,0.0005152873967791511,accepted,True,0x1.10b2024bbe602p-5,0x1.10b2024bbe602p-5,L2,3.1684649634976445,True,1.1032572260267887e-05,3.1572512938197375,True,True,0.011213669677907045,0x1.2d1d3f4986bf7p+2,True,0.0010657618685407952
,164,,,1,accepted,164,False,,,,,,accepted,,0x1.2bf70286849cfp-6,0x1.2bf70286849cfp-5,L2,,,,,False,,,0x1.2f3ea34e1e3c3p+2,,
