file,line,function,primitive_calls,total_calls,self_seconds,inclusive_seconds
/srv/local/shengenli/repaired_solver_performance_20260908T084224Z/candidate_source/src/torch_tm_flowpipe/interval.py,56,__init__,264870,264870,3.041818333,10.117223764
~,0,<method 'clone' of 'torch._C.TensorBase' objects>,1320622,1320622,2.5533685040000003,2.5533685040000003
~,0,<built-in method torch.any>,807622,807622,1.9136136680000002,1.9136136680000002
~,0,<built-in method torch.stack>,215909,215909,1.415547536,1.415547536
~,0,<built-in method torch.min>,172989,172989,1.2645149580000001,1.2645149580000001
~,0,<built-in method torch.full_like>,497022,497022,1.225314052,1.225314052
~,0,<built-in method torch.max>,186269,186269,1.150283231,1.150283231
~,0,<built-in method torch.nextafter>,496762,496762,1.1270005200000002,1.1270005200000002
~,0,<method 'reshape' of 'torch._C.TensorBase' objects>,704372,704372,1.094280277,1.094280277
/srv/local/shengenli/repaired_solver_performance_20260908T084224Z/candidate_source/src/torch_tm_flowpipe/interval.py,152,__mul__,75942,75942,1.015793629,6.553775010000001
~,0,<built-in method torch.isnan>,529740,529740,1.0113276370000002,1.0113276370000002
/srv/local/shengenli/repaired_solver_performance_20260908T084224Z/candidate_source/src/torch_tm_flowpipe/interval.py,15,_as_tensor,529780,529780,0.9203766910000001,3.2319008310000004
~,0,<method 'pow' of 'torch._C.TensorBase' objects>,314512,314512,0.88282905,0.88282905
/srv/local/shengenli/repaired_solver_performance_20260908T084224Z/candidate_source/src/torch_tm_flowpipe/interval.py,175,pow_int,66326,66326,0.809528384,4.475244941000001
/srv/local/shengenli/repaired_solver_performance_20260908T084224Z/candidate_source/src/torch_tm_flowpipe/batched_dense_tm.py,487,_power_interval_bounds,12240,12240,0.793842684,3.543448252
~,0,<built-in method torch.all>,231221,231221,0.658817626,0.658817626
/srv/local/shengenli/repaired_solver_performance_20260908T084224Z/candidate_source/src/torch_tm_flowpipe/batched_dense_tm.py,1131,validate_dense_subdivision_cover,4080,4080,0.6417477690000001,1.4045871650000001
/srv/local/shengenli/repaired_solver_performance_20260908T084224Z/candidate_source/src/torch_tm_flowpipe/batched_dense_tm.py,246,__post_init__,31200,31200,0.47908532000000004,1.000089582
/srv/local/shengenli/repaired_solver_performance_20260908T084224Z/candidate_source/src/torch_tm_flowpipe/polynomial.py,127,_is_zero_tensor,73784,73784,0.476139032,0.652394491
~,0,<built-in method torch.abs>,187653,187653,0.460445201,0.460445201
/srv/local/shengenli/repaired_solver_performance_20260908T084224Z/candidate_source/src/torch_tm_flowpipe/interval.py,135,__add__,56043,56043,0.42031776600000004,3.165031422
/srv/local/shengenli/repaired_solver_performance_20260908T084224Z/candidate_source/src/torch_tm_flowpipe/batched_dense_tm.py,397,_interval_mul,21620,21620,0.41695928800000004,1.258013662
~,0,<built-in method torch.where>,106459,106459,0.36978059100000005,0.36978059100000005
/srv/local/shengenli/repaired_solver_performance_20260908T084224Z/candidate_source/src/torch_tm_flowpipe/polynomial.py,316,evaluate_interval,3040,3040,0.366886172,13.747017085000001
/srv/local/shengenli/repaired_solver_performance_20260908T084224Z/candidate_source/src/torch_tm_flowpipe/batched_dense_tm.py,520,_monomial_interval_bounds_for_exponents,4080,4080,0.36661020600000005,4.764035439000001
/srv/local/shengenli/repaired_solver_performance_20260908T084224Z/candidate_source/src/torch_tm_flowpipe/polynomial.py,142,__init__,3680,3680,0.336614835,1.3767186550000001
~,0,<built-in method torch.isfinite>,40180,40180,0.334662022,0.334662022
/srv/local/shengenli/repaired_solver_performance_20260908T084224Z/candidate_source/src/torch_tm_flowpipe/batched_dense_tm.py,546,_range_for_terms,4080,4080,0.31009109,5.271123982000001
~,0,<method 'index_select' of 'torch._C.TensorBase' objects>,37400,37400,0.28332418800000003,0.28332418800000003
~,0,<built-in method torch.zeros_like>,145711,145711,0.262895639,0.262895639
/srv/local/shengenli/repaired_solver_performance_20260908T084224Z/candidate_source/src/torch_tm_flowpipe/interval.py,36,_down,182251,182251,0.222669783,1.241426841
~,0,<built-in method torch.allclose>,9720,9720,0.21799378000000003,0.21799378000000003
~,0,<built-in method torch.is_floating_point>,568412,568412,0.216995503,0.216995503
/srv/local/shengenli/repaired_solver_performance_20260908T084224Z/candidate_source/src/torch_tm_flowpipe/batched_dense_tm.py,1016,_subdivision_influence_scores,880,880,0.20501803100000002,0.38547361300000005
/srv/local/shengenli/repaired_solver_performance_20260908T084224Z/candidate_source/src/torch_tm_flowpipe/interval.py,40,_up,188251,188251,0.204330653,1.037466877
/srv/local/shengenli/repaired_solver_performance_20260908T084224Z/candidate_source/src/torch_tm_flowpipe/polynomial.py,235,mul_truncate,360,360,0.19331083500000001,0.7315580930000001
/srv/local/shengenli/repaired_solver_performance_20260908T084224Z/candidate_source/src/torch_tm_flowpipe/batched_dense_tm.py,2282,__post_init__,11640,11640,0.16444782300000002,0.315917532
~,0,<method 'numel' of 'torch._C.TensorBase' objects>,725552,725552,0.144346461,0.144346461
~,0,<built-in method torch.maximum>,48439,48439,0.133760143,0.133760143
~,0,<method 'detach' of 'torch._C.TensorBase' objects>,95380,95380,0.13336868300000002,0.13336868300000002
~,0,<built-in method torch.as_tensor>,30892,30892,0.13051178400000002,0.13051178400000002
~,0,<built-in method torch.minimum>,43739,43739,0.12554520400000002,0.12554520400000002
/srv/local/shengenli/repaired_solver_performance_20260908T084224Z/candidate_source/src/torch_tm_flowpipe/batched_dense_tm.py,1042,_split_leaf_pair,2640,2640,0.108753049,0.121114181
/srv/local/shengenli/repaired_solver_performance_20260908T084224Z/candidate_source/src/torch_tm_flowpipe/interval.py,28,_neg_inf_like,182251,182251,0.10306538500000001,0.5920160050000001
~,0,<method 'unbind' of 'torch._C.TensorBase' objects>,34880,34880,0.09969888,0.09969888
/srv/local/shengenli/repaired_solver_performance_20260908T084224Z/candidate_source/src/torch_tm_flowpipe/symbolic_remainder.py,542,<genexpr>,66440,66440,0.09902524300000001,0.150849699
~,0,<built-in method builtins.isinstance>,721557,721557,0.09363250000000001,0.09363250000000001
/srv/local/shengenli/repaired_solver_performance_20260908T084224Z/candidate_source/src/torch_tm_flowpipe/symbolic_remainder.py,416,<genexpr>,13140,13140,0.088645981,0.464223013
/srv/local/shengenli/repaired_solver_performance_20260908T084224Z/candidate_source/src/torch_tm_flowpipe/batched_dense_tm.py,1321,_range_for_terms_with_policy,3200,3200,0.086351756,7.709215315000001
/srv/local/shengenli/repaired_solver_performance_20260908T084224Z/candidate_source/src/torch_tm_flowpipe/batched_dense_tm.py,371,_down,57520,57520,0.086106177,0.441973188
/srv/local/shengenli/repaired_solver_performance_20260908T084224Z/candidate_source/src/torch_tm_flowpipe/endpoint_substitution.py,37,_mul,1240,1240,0.085733555,0.154040178
/srv/local/shengenli/repaired_solver_performance_20260908T084224Z/candidate_source/src/torch_tm_flowpipe/interval.py,32,_pos_inf_like,188251,188251,0.084284209,0.45304481900000004
/srv/local/shengenli/repaired_solver_performance_20260908T084224Z/candidate_source/src/torch_tm_flowpipe/batched_dense_tm.py,379,_interval_add,14380,14380,0.078698924,0.23228139900000003
/srv/local/shengenli/repaired_solver_performance_20260908T084224Z/candidate_source/src/torch_tm_flowpipe/polynomial.py,107,_coef,37952,37952,0.07074880700000001,0.247118366
/srv/local/shengenli/repaired_solver_performance_20260908T084224Z/candidate_source/src/torch_tm_flowpipe/batched_dense_tm.py,375,_up,58060,58060,0.06999601600000001,0.349892335
~,0,<method 'sum' of 'torch._C.TensorBase' objects>,13120,13120,0.06444496400000001,0.06444496400000001
~,0,<method 'hex' of 'float' objects>,112040,112040,0.06251314100000001,0.06251314100000001
~,0,<built-in method builtins.any>,70292,73572,0.06234255700000001,0.330135852
~,0,<built-in method torch.cat>,13340,13340,0.056747889,0.056747889
~,0,<built-in method torch.tensor>,6720,6720,0.055538319,0.055538319
/srv/local/shengenli/repaired_solver_performance_20260908T084224Z/candidate_source/src/torch_tm_flowpipe/polynomial.py,252,cutoff,600,600,0.054455415,2.7940202960000002
/srv/local/shengenli/repaired_solver_performance_20260908T084224Z/candidate_source/src/torch_tm_flowpipe/interval.py,203,ensure_interval,136785,136785,0.053664843000000004,0.073346374
/srv/local/shengenli/repaired_solver_performance_20260908T084224Z/candidate_source/src/torch_tm_flowpipe/symbolic_remainder.py,563,validate_accepted_boundary_sr_queue,100,100,0.053570552,0.570757325
/srv/local/shengenli/miniforge3/envs/py11/lib/python3.11/site-packages/torch/_tensor.py,1099,__iter__,34880,34880,0.053540004,0.189605553
/srv/local/shengenli/repaired_solver_performance_20260908T084224Z/candidate_source/src/torch_tm_flowpipe/symbolic_remainder.py,813,<listcomp>,8800,8800,0.053222353,0.11759696100000001
~,0,<built-in method torch.zeros>,19400,19400,0.051758575,0.051758575
/srv/local/shengenli/repaired_solver_performance_20260908T084224Z/candidate_source/src/torch_tm_flowpipe/endpoint_substitution.py,59,enclose_constant_substitution,60,60,0.051258274000000006,0.354261414
/srv/local/shengenli/repaired_solver_performance_20260908T084224Z/candidate_source/src/torch_tm_flowpipe/endpoint_substitution.py,28,add,1600,1600,0.050749475,0.085915713
/srv/local/shengenli/repaired_solver_performance_20260908T084224Z/candidate_source/src/torch_tm_flowpipe/batched_dense_tm.py,1199,_identity_dense_cover,3200,3200,0.048319895,1.089808377
~,0,<method 'to' of 'torch._C.TensorBase' objects>,31480,31480,0.047396192000000004,0.047396192000000004
/srv/local/shengenli/repaired_solver_performance_20260908T084224Z/candidate_source/src/torch_tm_flowpipe/batched_dense_tm.py,266,add,22420,22420,0.046991125,1.083084377
~,0,<method 'cpu' of 'torch._C.TensorBase' objects>,93660,93660,0.046375502000000006,0.046375502000000006
/srv/local/shengenli/repaired_solver_performance_20260908T084224Z/candidate_source/src/torch_tm_flowpipe/batched_dense_tm.py,581,_interval_is_valid,4080,4080,0.045336436,0.153994704
~,0,<built-in method torch.ones_like>,16760,16760,0.043980473000000006,0.043980473000000006
~,0,<method 'view' of 'torch._C.TensorBase' objects>,15120,15120,0.043804183000000003,0.043804183000000003
/srv/local/shengenli/repaired_solver_performance_20260908T084224Z/candidate_source/src/torch_tm_flowpipe/batched_dense_tm.py,1055,build_dense_subdivision_cover,880,880,0.042668558,0.616160453
~,0,<built-in method torch.ones>,6800,6800,0.038097253000000005,0.038097253000000005
/srv/local/shengenli/repaired_solver_performance_20260908T084224Z/candidate_source/src/torch_tm_flowpipe/interval.py,72,point,57123,57123,0.037131056,2.0644086720000003
/srv/local/shengenli/repaired_solver_performance_20260908T084224Z/candidate_source/src/torch_tm_flowpipe/polynomial.py,57,evaluate_interval_normal,600,600,0.036954061,1.293472468
/srv/local/shengenli/repaired_solver_performance_20260908T084224Z/candidate_source/src/torch_tm_flowpipe/accepted_boundary_sr.py,159,_linear_polynomial_image,20,20,0.035398386000000004,1.0315022150000002
/srv/local/shengenli/repaired_solver_performance_20260908T084224Z/candidate_source/src/torch_tm_flowpipe/flowpipe.py,480,_float_or_none,14120,14120,0.034712076,0.206654894
/srv/local/shengenli/repaired_solver_performance_20260908T084224Z/candidate_source/src/torch_tm_flowpipe/symbolic_remainder.py,532,_validated_interval_bounds,300,300,0.034529710000000005,0.457795822
/srv/local/shengenli/repaired_solver_performance_20260908T084224Z/candidate_source/src/torch_tm_flowpipe/batched_dense_tm.py,458,_interval_scale,2360,2360,0.032761644,0.091713349
~,0,<method 'append' of 'list' objects>,287080,287080,0.031942684,0.031942684
/srv/local/shengenli/repaired_solver_performance_20260908T084224Z/candidate_source/src/torch_tm_flowpipe/batched_dense_tm.py,1161,<setcomp>,4080,4080,0.031519441,0.119626403
~,0,<built-in method torch.nonzero>,4080,4080,0.030624091000000003,0.030624091000000003
/srv/local/shengenli/repaired_solver_performance_20260908T084224Z/candidate_source/src/torch_tm_flowpipe/prepared_remainder_replay.py,174,__mul__,1440,1440,0.030088864000000003,2.131207072
/srv/local/shengenli/repaired_solver_performance_20260908T084224Z/candidate_source/src/torch_tm_flowpipe/batched_dense_tm.py,2014,mul_trunc,880,880,0.028799757000000002,4.478704416
/srv/local/shengenli/repaired_solver_performance_20260908T084224Z/candidate_source/src/torch_tm_flowpipe/symbolic_remainder.py,804,<listcomp>,4400,4400,0.026836192000000002,0.059122736
/srv/local/shengenli/repaired_solver_performance_20260908T084224Z/candidate_source/src/torch_tm_flowpipe/ode_examples.py,26,brusselator_ode,540,540,0.026030732,9.28477921
/srv/local/shengenli/repaired_solver_performance_20260908T084224Z/candidate_source/src/torch_tm_flowpipe/batched_dense_tm.py,2486,mul_trunc,720,720,0.025008996000000002,6.104153868
/srv/local/shengenli/repaired_solver_performance_20260908T084224Z/candidate_source/src/torch_tm_flowpipe/accepted_boundary_sr.py,103,_interval_polynomial_range,120,120,0.024925298000000002,0.914680142
/srv/local/shengenli/repaired_solver_performance_20260908T084224Z/candidate_source/src/torch_tm_flowpipe/batched_dense_tm.py,2291,<genexpr>,58200,58200,0.023702710000000002,0.023702710000000002
~,0,<built-in method torch.arange>,3200,3200,0.023237510000000003,0.023237510000000003
~,0,<built-in method torch._C._get_tracing_state>,34880,34880,0.023137792,0.023137792
~,0,<built-in method builtins.len>,237642,237882,0.022821751,0.02293639
/srv/local/shengenli/repaired_solver_performance_20260908T084224Z/candidate_source/src/torch_tm_flowpipe/interval.py,95,device,71940,71940,0.022726459,0.022726459
~,0,<built-in method torch.count_nonzero>,6720,6720,0.022628711000000003,0.022628711000000003
~,0,<method 'scatter_add_' of 'torch._C.TensorBase' objects>,1960,1960,0.022576290000000002,0.022576290000000002
/srv/local/shengenli/repaired_solver_performance_20260908T084224Z/candidate_source/src/torch_tm_flowpipe/polynomial.py,151,<genexpr>,111976,111976,0.02223671,0.02223671
/srv/local/shengenli/repaired_solver_performance_20260908T084224Z/candidate_source/src/torch_tm_flowpipe/interval.py,107,width,6000,6000,0.021885078000000002,0.058810230000000005
/srv/local/shengenli/repaired_solver_performance_20260908T084224Z/candidate_source/src/torch_tm_flowpipe/batched_dense_tm.py,2289,<genexpr>,58200,58200,0.021821597,0.021821597
/srv/local/shengenli/repaired_solver_performance_20260908T084224Z/candidate_source/src/torch_tm_flowpipe/polynomial.py,159,<dictcomp>,3680,3680,0.021667521000000002,0.315675594
/srv/local/shengenli/repaired_solver_performance_20260908T084224Z/candidate_source/src/torch_tm_flowpipe/batched_dense_tm.py,2377,_check_domain,4840,4840,0.021627603000000002,0.25717737500000004
/srv/local/shengenli/repaired_solver_performance_20260908T084224Z/candidate_source/src/torch_tm_flowpipe/interval.py,141,__sub__,3000,3000,0.021137625,0.165658455
/srv/local/shengenli/repaired_solver_performance_20260908T084224Z/candidate_source/src/torch_tm_flowpipe/batched_dense_tm.py,2677,component,1720,1720,0.020801587,0.130249748
~,0,<built-in method builtins.sorted>,20580,20580,0.02048252,0.058606883000000005
~,0,<method 'get' of 'dict' objects>,131972,131972,0.020206408000000002,0.020206408000000002
/srv/local/shengenli/miniforge3/envs/py11/lib/python3.11/json/encoder.py,205,iterencode,40,40,0.01991981,0.01991981
/srv/local/shengenli/repaired_solver_performance_20260908T084224Z/candidate_source/src/torch_tm_flowpipe/batched_dense_tm.py,1162,<genexpr>,47040,47040,0.019454543,0.045198829
/srv/local/shengenli/repaired_solver_performance_20260908T084224Z/candidate_source/src/torch_tm_flowpipe/polynomial.py,19,_state_normal_factor,5376,5376,0.018847687000000002,0.254768788
/srv/local/shengenli/repaired_solver_performance_20260908T084224Z/candidate_source/src/torch_tm_flowpipe/batched_dense_tm.py,1173,<listcomp>,12240,12240,0.018515669000000002,0.018515669000000002
/srv/local/shengenli/repaired_solver_performance_20260908T084224Z/candidate_source/src/torch_tm_flowpipe/batched_dense_tm.py,3323,<dictcomp>,40,40,0.018114447000000002,0.022794829000000003
/srv/local/shengenli/repaired_solver_performance_20260908T084224Z/candidate_source/src/torch_tm_flowpipe/symbolic_remainder.py,551,<listcomp>,300,300,0.018089081,0.089129633
/srv/local/shengenli/repaired_solver_performance_20260908T084224Z/candidate_source/src/torch_tm_flowpipe/batched_dense_tm.py,1953,_check_basis,7160,7160,0.016967325000000002,0.016967325000000002
/srv/local/shengenli/repaired_solver_performance_20260908T084224Z/candidate_source/src/torch_tm_flowpipe/symbolic_remainder.py,550,<listcomp>,300,300,0.016751606000000002,0.093382951
/srv/local/shengenli/repaired_solver_performance_20260908T084224Z/candidate_source/src/torch_tm_flowpipe/symbolic_remainder.py,158,dim,77410,77410,0.016476649,0.021034316
/srv/local/shengenli/repaired_solver_performance_20260908T084224Z/candidate_source/src/torch_tm_flowpipe/batched_dense_tm.py,1174,<listcomp>,12240,12240,0.016382867000000002,0.016382867000000002
/srv/local/shengenli/repaired_solver_performance_20260908T084224Z/candidate_source/src/torch_tm_flowpipe/batched_dense_tm.py,2732,domain,1080,1080,0.01601563,0.167270642
/srv/local/shengenli/repaired_solver_performance_20260908T084224Z/candidate_source/src/torch_tm_flowpipe/batched_dense_tm.py,2251,component,1720,1720,0.015915611,0.023118922
/srv/local/shengenli/repaired_solver_performance_20260908T084224Z/candidate_source/src/torch_tm_flowpipe/interval.py,91,dtype,71940,71940,0.015642314,0.015642314
/srv/local/shengenli/repaired_solver_performance_20260908T084224Z/candidate_source/src/torch_tm_flowpipe/polynomial.py,154,<genexpr>,111976,111976,0.015475362000000001,0.015475362000000001
/srv/local/shengenli/repaired_solver_performance_20260908T084224Z/candidate_source/src/torch_tm_flowpipe/interval.py,76,zero,7400,7400,0.015272913,0.337246574
~,0,<method 'extend' of 'list' objects>,57630,57630,0.015260567000000001,0.025356016000000002
/srv/local/shengenli/repaired_solver_performance_20260908T084224Z/candidate_source/src/torch_tm_flowpipe/polynomial.py,241,<genexpr>,87525,87525,0.015200661,0.015200661
/srv/local/shengenli/repaired_solver_performance_20260908T084224Z/candidate_source/src/torch_tm_flowpipe/flowpipe.py,1523,horner,40,440,0.014710502,13.583709229
/srv/local/shengenli/repaired_solver_performance_20260908T084224Z/candidate_source/src/torch_tm_flowpipe/batched_dense_tm.py,3739,_dense_flowstar_raw_compat_image,200,200,0.014550534,5.401359289
/srv/local/shengenli/repaired_solver_performance_20260908T084224Z/candidate_source/src/torch_tm_flowpipe/symbolic_remainder.py,333,_tensor_interval_add,2270,2270,0.014314666,0.032875401000000005
/srv/local/shengenli/miniforge3/envs/py11/lib/python3.11/copy.py,128,deepcopy,20,12460,0.014229080000000002,0.056533362000000004
/srv/local/shengenli/repaired_solver_performance_20260908T084224Z/candidate_source/src/torch_tm_flowpipe/batched_dense_tm.py,288,scale,1100,1100,0.013369326,0.21056939700000002
/srv/local/shengenli/repaired_solver_performance_20260908T084224Z/candidate_source/src/torch_tm_flowpipe/batched_dense_tm.py,329,complete,220,220,0.013285704,0.203698028
~,0,<built-in method torch.sum>,2640,2640,0.013273410000000001,0.013273410000000001
/srv/local/shengenli/repaired_solver_performance_20260908T084224Z/candidate_source/src/torch_tm_flowpipe/flowpipe.py,488,_interval_width_value,5680,5680,0.012721632,0.19702179800000003
/srv/local/shengenli/repaired_solver_performance_20260908T084224Z/candidate_source/src/torch_tm_flowpipe/symbolic_remainder.py,345,_tensorized_interval_matrix_update_and_image,20,20,0.012615983,0.59631445
/srv/local/shengenli/repaired_solver_performance_20260908T084224Z/candidate_source/src/torch_tm_flowpipe/batched_dense_tm.py,2686,<dictcomp>,1720,1720,0.012375243000000001,0.012375243000000001
/srv/local/shengenli/repaired_solver_performance_20260908T084224Z/candidate_source/src/torch_tm_flowpipe/prepared_remainder_replay.py,69,operation,6120,6120,0.012000542000000001,1.4953713750000002
/srv/local/shengenli/repaired_solver_performance_20260908T084224Z/candidate_source/src/torch_tm_flowpipe/batched_dense_tm.py,1878,__post_init__,5240,5240,0.011875475,0.017254934
/srv/local/shengenli/repaired_solver_performance_20260908T084224Z/candidate_source/src/torch_tm_flowpipe/flowpipe.py,1406,_tm_mul_ctrunc_horner_stage,320,320,0.011644579,8.324437166000001
~,0,<built-in method torch.clamp>,2640,2640,0.011641854,0.011641854
/srv/local/shengenli/repaired_solver_performance_20260908T084224Z/candidate_source/src/torch_tm_flowpipe/batched_dense_tm.py,282,merge,2000,2000,0.011411587,0.18943094000000002
/srv/local/shengenli/repaired_solver_performance_20260908T084224Z/candidate_source/src/torch_tm_flowpipe/flowpipe.py,1458,_append_horner_stage,560,560,0.010871591,5.357839704000001
~,0,<built-in method builtins.sum>,46231,46231,0.010706114000000001,0.022715654000000002
/srv/local/shengenli/repaired_solver_performance_20260908T084224Z/candidate_source/src/torch_tm_flowpipe/batched_dense_tm.py,1900,constants,660,660,0.010245644,0.020756825
/srv/local/shengenli/repaired_solver_performance_20260908T084224Z/candidate_source/src/torch_tm_flowpipe/symbolic_remainder.py,625,<genexpr>,65940,65940,0.010095449000000001,0.010095449000000001
/srv/local/shengenli/repaired_solver_performance_20260908T084224Z/candidate_source/src/torch_tm_flowpipe/polynomial.py,394,substitute_const,40,40,0.010031237,0.036184873
~,0,<method 'scatter_reduce_' of 'torch._C.TensorBase' objects>,1760,1760,0.009965823,0.009965823
/srv/local/shengenli/repaired_solver_performance_20260908T084224Z/candidate_source/src/torch_tm_flowpipe/batched_dense_tm.py,4226,_validated_remainder_decomposition,220,220,0.009929433000000001,0.344334474
~,0,<method 'unsqueeze' of 'torch._C.TensorBase' objects>,4720,4720,0.009849201,0.009849201
/srv/local/shengenli/repaired_solver_performance_20260908T084224Z/candidate_source/src/torch_tm_flowpipe/batched_dense_tm.py,2707,<dictcomp>,540,540,0.009543108,0.072025563
~,0,<method 'expand_as' of 'torch._C.TensorBase' objects>,1960,1960,0.009422438,0.009422438
/srv/local/shengenli/repaired_solver_performance_20260908T084224Z/candidate_source/src/torch_tm_flowpipe/polynomial.py,204,__add__,480,480,0.00931706,0.274258019
~,0,<method 'item' of 'torch._C.TensorBase' objects>,12800,12800,0.009283847000000001,0.009283847000000001
/srv/local/shengenli/repaired_solver_performance_20260908T084224Z/candidate_source/src/torch_tm_flowpipe/symbolic_remainder.py,200,_matmul_real,2190,2190,0.009250037000000001,0.021332675000000002
/srv/local/shengenli/repaired_solver_performance_20260908T084224Z/candidate_source/src/torch_tm_flowpipe/prepared_remainder_replay.py,141,addsub,1260,1260,0.009057725,0.465212636
/srv/local/shengenli/repaired_solver_performance_20260908T084224Z/candidate_source/src/torch_tm_flowpipe/endpoint_substitution.py,16,<genexpr>,4560,4560,0.008831835,0.042240578
/srv/local/shengenli/repaired_solver_performance_20260908T084224Z/candidate_source/src/torch_tm_flowpipe/accepted_boundary_sr.py,223,_add_polynomial_images,20,20,0.008662512,0.583469346
~,0,<method 'tolist' of 'torch._C.TensorBase' objects>,6900,6900,0.008584856,0.008584856
/srv/local/shengenli/repaired_solver_performance_20260908T084224Z/candidate_source/src/torch_tm_flowpipe/batched_dense_tm.py,2710,<listcomp>,2360,2360,0.008527910000000001,0.022893425000000002
/srv/local/shengenli/repaired_solver_performance_20260908T084224Z/candidate_source/src/torch_tm_flowpipe/batched_dense_tm.py,1181,<listcomp>,6720,6720,0.008456232000000001,0.008456232000000001
/srv/local/shengenli/repaired_solver_performance_20260908T084224Z/candidate_source/src/torch_tm_flowpipe/prepared_remainder_replay.py,228,integrate,180,180,0.008437215000000001,0.137087404
/srv/local/shengenli/repaired_solver_performance_20260908T084224Z/candidate_source/src/torch_tm_flowpipe/prepared_remainder_replay.py,127,coerce,3060,3060,0.008259715,0.08550526900000001
~,0,<method 'dim' of 'torch._C.TensorBase' objects>,34880,34880,0.007995484,0.007995484
/srv/local/shengenli/repaired_solver_performance_20260908T084224Z/candidate_source/src/torch_tm_flowpipe/batched_dense_tm.py,4307,_atomic_refinement_decision,180,180,0.007969962,0.028119827
<string>,2,__init__,4080,4080,0.007881456,0.007881456
~,0,<built-in method builtins.max>,10560,10560,0.007802758000000001,0.011866653000000001
/srv/local/shengenli/repaired_solver_performance_20260908T084224Z/candidate_source/src/torch_tm_flowpipe/accepted_boundary_sr.py,265,_scale_and_cutoff_right_map,20,20,0.007733243000000001,0.6593699470000001
/srv/local/shengenli/repaired_solver_performance_20260908T084224Z/candidate_source/src/torch_tm_flowpipe/batched_dense_tm.py,2717,<listcomp>,2360,2360,0.007589567,0.019846851000000002
/srv/local/shengenli/repaired_solver_performance_20260908T084224Z/candidate_source/src/torch_tm_flowpipe/batched_dense_tm.py,388,_interval_sub,1100,1100,0.007528334,0.022180195
/srv/local/shengenli/repaired_solver_performance_20260908T084224Z/candidate_source/src/torch_tm_flowpipe/prepared_remainder_replay.py,86,model,6120,6120,0.007371685,0.18156866500000002
/srv/local/shengenli/miniforge3/envs/py11/lib/python3.11/site-packages/torch/functional.py,47,broadcast_tensors,1680,1680,0.007234755000000001,0.014146342000000001
/srv/local/shengenli/repaired_solver_performance_20260908T084224Z/candidate_source/src/torch_tm_flowpipe/batched_dense_tm.py,1177,<listcomp>,12240,12240,0.007222948000000001,0.007222948000000001
~,0,<built-in method torch.full>,1760,1760,0.007027496,0.007027496
~,0,<method 'amin' of 'torch._C.TensorBase' objects>,1240,1240,0.006900198000000001,0.006900198000000001
~,0,<built-in method builtins.iter>,43544,43544,0.006894408,0.006894408
/srv/local/shengenli/repaired_solver_performance_20260908T084224Z/candidate_source/src/torch_tm_flowpipe/batched_dense_tm.py,2609,integrate,160,160,0.006863954,0.342964535
~,0,<method 'expand' of 'torch._C.TensorBase' objects>,1580,1580,0.00672685,0.00672685
/srv/local/shengenli/repaired_solver_performance_20260908T084224Z/candidate_source/src/torch_tm_flowpipe/symbolic_remainder.py,415,<genexpr>,6570,6570,0.006725949,0.470948962
<string>,2,__eq__,4840,4840,0.006706188,0.006706188
/srv/local/shengenli/repaired_solver_performance_20260908T084224Z/candidate_source/src/torch_tm_flowpipe/batched_dense_tm.py,1306,_hull_owner_intervals,880,880,0.006573137000000001,0.040379993
/srv/local/shengenli/repaired_solver_performance_20260908T084224Z/candidate_source/src/torch_tm_flowpipe/flowpipe.py,1807,_polynomial_max_abs_diff,40,40,0.006528919,0.028970968000000003
/srv/local/shengenli/miniforge3/envs/py11/lib/python3.11/site-packages/torch/_tensor.py,81,__deepcopy__,560,560,0.006504,0.031832906
/srv/local/shengenli/repaired_solver_performance_20260908T084224Z/candidate_source/src/torch_tm_flowpipe/batched_dense_tm.py,4217,_inflate_tensor_interval,640,640,0.006297565000000001,0.018659092000000002
/srv/local/shengenli/repaired_solver_performance_20260908T084224Z/candidate_source/src/torch_tm_flowpipe/symbolic_remainder.py,208,<genexpr>,26280,26280,0.006260247,0.006260247
/srv/local/shengenli/repaired_solver_performance_20260908T084224Z/candidate_source/src/torch_tm_flowpipe/batched_dense_tm.py,2692,concat,540,540,0.006063591,0.171575366
/srv/local/shengenli/repaired_solver_performance_20260908T084224Z/candidate_source/src/torch_tm_flowpipe/polynomial.py,186,dtype,3712,3712,0.006043327,0.008797156
/srv/local/shengenli/repaired_solver_performance_20260908T084224Z/candidate_source/src/torch_tm_flowpipe/batched_dense_tm.py,1589,_merge_coefficients_by_index,880,880,0.005976757,0.028973041
/srv/local/shengenli/repaired_solver_performance_20260908T084224Z/candidate_source/src/torch_tm_flowpipe/prepared_remainder_replay.py,215,apply_cutoff,900,900,0.005830505000000001,0.262881608
/srv/local/shengenli/repaired_solver_performance_20260908T084224Z/candidate_source/src/torch_tm_flowpipe/batched_dense_tm.py,298,total,460,460,0.005800058,0.082955841
/srv/local/shengenli/repaired_solver_performance_20260908T084224Z/candidate_source/src/torch_tm_flowpipe/batched_dense_tm.py,2088,range_bound,1820,1820,0.005775641000000001,2.6529705000000003
/srv/local/shengenli/repaired_solver_performance_20260908T084224Z/candidate_source/src/torch_tm_flowpipe/batched_dense_tm.py,262,empty,6520,6520,0.005671644,0.031250566
/srv/local/shengenli/repaired_solver_performance_20260908T084224Z/candidate_source/src/torch_tm_flowpipe/batched_dense_tm.py,2321,constants_like,660,660,0.005664476000000001,0.07521343500000001
/srv/local/shengenli/repaired_solver_performance_20260908T084224Z/candidate_source/src/torch_tm_flowpipe/batched_dense_tm.py,4572,dense_picard_validate_step,20,20,0.005648912000000001,11.429085201000001
~,0,<built-in method time.perf_counter>,27800,27800,0.005619087,0.005619087
/srv/local/shengenli/repaired_solver_performance_20260908T084224Z/candidate_source/src/torch_tm_flowpipe/polynomial.py,433,<dictcomp>,40,40,0.0055117840000000005,0.024919862
/srv/local/shengenli/repaired_solver_performance_20260908T084224Z/candidate_source/src/torch_tm_flowpipe/taylor_model.py,107,__init__,1760,1760,0.0054175180000000005,0.007006928000000001
/srv/local/shengenli/repaired_solver_performance_20260908T084224Z/candidate_source/src/torch_tm_flowpipe/batched_dense_tm.py,1762,multiplication_plan_for_degree,880,880,0.005195264000000001,0.006140888000000001
/srv/local/shengenli/repaired_solver_performance_20260908T084224Z/candidate_source/src/torch_tm_flowpipe/polynomial.py,190,device,3772,3772,0.005118018,0.006480748000000001
/srv/local/shengenli/repaired_solver_performance_20260908T084224Z/candidate_source/src/torch_tm_flowpipe/prepared_remainder_replay.py,308,_regular_tmp,180,180,0.005085877,1.600078882
/srv/local/shengenli/repaired_solver_performance_20260908T084224Z/candidate_source/src/torch_tm_flowpipe/flowpipe.py,1990,_flowstar_normalized_insertion_transition,20,20,0.005035585,20.809920991000002
/srv/local/shengenli/repaired_solver_performance_20260908T084224Z/candidate_source/src/torch_tm_flowpipe/batched_dense_tm.py,4137,dense_polynomial_picard,20,20,0.004943313,4.876767555000001
~,0,<method 'amax' of 'torch._C.TensorBase' objects>,1240,1240,0.004887802,0.004887802
/srv/local/shengenli/repaired_solver_performance_20260908T084224Z/candidate_source/src/torch_tm_flowpipe/prepared_remainder_replay.py,336,image,180,180,0.004826836,3.6713127090000004
/srv/local/shengenli/repaired_solver_performance_20260908T084224Z/candidate_source/src/torch_tm_flowpipe/accepted_boundary_sr.py,69,_validate_cpu_float64_finite,40,40,0.004821924,0.020295744
/srv/local/shengenli/repaired_solver_performance_20260908T084224Z/candidate_source/src/torch_tm_flowpipe/batched_dense_tm.py,4290,_flowstar_width_ratio,180,180,0.0046904830000000005,0.011941338000000001
/srv/local/shengenli/repaired_solver_performance_20260908T084224Z/candidate_source/src/torch_tm_flowpipe/batched_dense_tm.py,1722,num_terms,7140,7140,0.004687414,0.004687414
~,0,<built-in method torch.broadcast_tensors>,1680,1680,0.004611215,0.004611215
/srv/local/shengenli/repaired_solver_performance_20260908T084224Z/candidate_source/src/torch_tm_flowpipe/batched_dense_tm.py,980,applies_to,6400,6400,0.004600982,0.004600982
/srv/local/shengenli/repaired_solver_performance_20260908T084224Z/candidate_source/src/torch_tm_flowpipe/flowpipe.py,1359,_interval_width_float,4920,4920,0.004559266,0.17660723
/srv/local/shengenli/repaired_solver_performance_20260908T084224Z/candidate_source/src/torch_tm_flowpipe/tm_vector.py,17,__init__,840,880,0.004347069,14.206063701000001
/srv/local/shengenli/repaired_solver_performance_20260908T084224Z/candidate_source/src/torch_tm_flowpipe/batched_dense_tm.py,4346,_post_accept_refine_raw_remainder,20,20,0.004263783,3.7761464780000003
~,0,<built-in method _hashlib.openssl_sha256>,40,40,0.004119459000000001,0.004119459000000001
~,0,<method 'items' of 'dict' objects>,26539,26539,0.0040922070000000005,0.0040922070000000005
/srv/local/shengenli/repaired_solver_performance_20260908T084224Z/candidate_source/src/torch_tm_flowpipe/taylor_model.py,302,range_box,1240,1240,0.004058008,6.202916828
/srv/local/shengenli/repaired_solver_performance_20260908T084224Z/candidate_source/src/torch_tm_flowpipe/symbolic_remainder.py,812,<listcomp>,4400,4400,0.004048795,0.12164575600000001
/srv/local/shengenli/repaired_solver_performance_20260908T084224Z/candidate_source/src/torch_tm_flowpipe/endpoint_substitution.py,20,_down,2840,2840,0.003971799,0.019419143
/srv/local/shengenli/repaired_solver_performance_20260908T084224Z/candidate_source/src/torch_tm_flowpipe/batched_dense_tm.py,2739,<listcomp>,1080,1080,0.003867637,0.13404495600000002
/srv/local/shengenli/repaired_solver_performance_20260908T084224Z/candidate_source/src/torch_tm_flowpipe/batched_dense_tm.py,2393,with_remainder,440,440,0.00381443,0.034072635000000004
/srv/local/shengenli/repaired_solver_performance_20260908T084224Z/candidate_source/src/torch_tm_flowpipe/flowpipe.py,1373,_polynomial_part_for_power,400,400,0.003703552,0.026472277000000002
/srv/local/shengenli/repaired_solver_performance_20260908T084224Z/candidate_source/src/torch_tm_flowpipe/batched_dense_tm.py,2725,<genexpr>,17080,17080,0.003692817,0.003692817
~,0,<method 'copy_' of 'torch._C.StorageBase' objects>,560,560,0.0036403150000000003,0.0036403150000000003
/srv/local/shengenli/repaired_solver_performance_20260908T084224Z/candidate_source/src/torch_tm_flowpipe/batched_dense_tm.py,2200,substitute_const_and_drop,20,20,0.0035834620000000004,0.00893991
/srv/local/shengenli/repaired_solver_performance_20260908T084224Z/candidate_source/src/torch_tm_flowpipe/prepared_remainder_replay.py,287,_rhs_on_tape,360,360,0.0035206440000000003,2.896672107
/srv/local/shengenli/repaired_solver_performance_20260908T084224Z/candidate_source/src/torch_tm_flowpipe/batched_dense_tm.py,2132,integrate,180,180,0.003517304,0.28043449000000004
/srv/local/shengenli/repaired_solver_performance_20260908T084224Z/candidate_source/src/torch_tm_flowpipe/endpoint_substitution.py,24,_up,2840,2840,0.003352101,0.015723557000000003
/srv/local/shengenli/repaired_solver_performance_20260908T084224Z/candidate_source/src/torch_tm_flowpipe/symbolic_remainder.py,414,<genexpr>,2210,2210,0.0032734030000000002,0.47422236500000003
/srv/local/shengenli/repaired_solver_performance_20260908T084224Z/candidate_source/src/torch_tm_flowpipe/endpoint_substitution.py,49,_powers,180,180,0.003211227,0.10614861900000001
/srv/local/shengenli/repaired_solver_performance_20260908T084224Z/candidate_source/src/torch_tm_flowpipe/flowpipe.py,528,_poly_interval_normal,600,600,0.003120456,1.2973722710000002
/srv/local/shengenli/repaired_solver_performance_20260908T084224Z/candidate_source/src/torch_tm_flowpipe/batched_dense_tm.py,1942,out_dim,3560,3560,0.0030725170000000003,0.0030725170000000003
/srv/local/shengenli/repaired_solver_performance_20260908T084224Z/candidate_source/src/torch_tm_flowpipe/batched_dense_tm.py,1971,sub,500,500,0.0030638230000000002,0.007824501000000001
/srv/local/shengenli/repaired_solver_performance_20260908T084224Z/candidate_source/src/torch_tm_flowpipe/endpoint_substitution.py,112,<listcomp>,420,420,0.003040211,0.003040211
/srv/local/shengenli/repaired_solver_performance_20260908T084224Z/candidate_source/src/torch_tm_flowpipe/flowpipe.py,1596,_stage_width_sum,180,180,0.0029202660000000004,0.037914041
/srv/local/shengenli/repaired_solver_performance_20260908T084224Z/candidate_source/src/torch_tm_flowpipe/prepared_remainder_replay.py,303,_raw_rhs,180,180,0.002851164,1.577102422
/srv/local/shengenli/repaired_solver_performance_20260908T084224Z/candidate_source/src/torch_tm_flowpipe/polynomial.py,206,<dictcomp>,480,480,0.002847051,0.013492321000000002
/srv/local/shengenli/repaired_solver_performance_20260908T084224Z/candidate_source/src/torch_tm_flowpipe/batched_dense_tm.py,1839,cutoff_mask,320,320,0.002832167,0.004794171000000001
/srv/local/shengenli/repaired_solver_performance_20260908T084224Z/candidate_source/src/torch_tm_flowpipe/batched_dense_tm.py,3301,dense_to_sparse_tmvector,20,20,0.002750082,0.09309345200000001
/srv/local/shengenli/repaired_solver_performance_20260908T084224Z/candidate_source/src/torch_tm_flowpipe/prepared_remainder_replay.py,178,prepare,160,160,0.002714559,1.283346071
/srv/local/shengenli/repaired_solver_performance_20260908T084224Z/candidate_source/src/torch_tm_flowpipe/batched_dense_tm.py,1718,device,6960,6960,0.002687226,0.002687226
/srv/local/shengenli/miniforge3/envs/py11/lib/python3.11/copy.py,227,_deepcopy_dict,40,780,0.002667886,0.055355911
/srv/local/shengenli/repaired_solver_performance_20260908T084224Z/candidate_source/src/torch_tm_flowpipe/polynomial.py,168,constant,600,600,0.0026355130000000004,0.041027939
/srv/local/shengenli/repaired_solver_performance_20260908T084224Z/candidate_source/src/torch_tm_flowpipe/batched_dense_tm.py,2432,sub,380,380,0.002632969,0.160645284
/srv/local/shengenli/miniforge3/envs/py11/lib/python3.11/copy.py,210,_deepcopy_tuple,20,1860,0.002589491,0.05640317
/srv/local/shengenli/repaired_solver_performance_20260908T084224Z/candidate_source/src/torch_tm_flowpipe/prepared_remainder_replay.py,94,concat,360,360,0.002504454,0.128400617
/srv/local/shengenli/repaired_solver_performance_20260908T084224Z/candidate_source/src/torch_tm_flowpipe/polynomial.py,437,drop_variable,40,40,0.0024575210000000003,0.022359835
/srv/local/shengenli/repaired_solver_performance_20260908T084224Z/candidate_source/src/torch_tm_flowpipe/prepared_remainder_replay.py,116,__init__,6120,6120,0.0024261250000000003,0.0024261250000000003
/srv/local/shengenli/repaired_solver_performance_20260908T084224Z/candidate_source/src/torch_tm_flowpipe/flowpipe.py,1824,_add_right_map_centering_diagnostics,20,20,0.00242472,0.12377865800000001
/srv/local/shengenli/repaired_solver_performance_20260908T084224Z/candidate_source/src/torch_tm_flowpipe/batched_dense_tm.py,1966,add,400,400,0.0023449200000000003,0.006306603
/srv/local/shengenli/repaired_solver_performance_20260908T084224Z/candidate_source/src/torch_tm_flowpipe/accepted_boundary_sr.py,321,prepare_accepted_boundary_sr,20,20,0.00232603,16.661910551000002
/srv/local/shengenli/repaired_solver_performance_20260908T084224Z/candidate_source/src/torch_tm_flowpipe/polynomial.py,409,substitute_const_with_roundoff,40,40,0.0023246350000000002,0.28138831400000003
/srv/local/shengenli/repaired_solver_performance_20260908T084224Z/candidate_source/src/torch_tm_flowpipe/batched_dense_tm.py,1938,batch,2300,2300,0.002309493,0.002309493
/srv/local/shengenli/repaired_solver_performance_20260908T084224Z/candidate_source/src/torch_tm_flowpipe/symbolic_remainder.py,317,_tensor_interval_mul,80,80,0.0022991300000000004,0.005438528000000001
/srv/local/shengenli/repaired_solver_performance_20260908T084224Z/candidate_source/src/torch_tm_flowpipe/prepared_remainder_replay.py,90,input,900,900,0.002227049,0.025811629000000003
/srv/local/shengenli/repaired_solver_performance_20260908T084224Z/candidate_source/src/torch_tm_flowpipe/batched_dense_tm.py,2172,apply_cutoff,320,320,0.0022208640000000003,0.478853715
/srv/local/shengenli/repaired_solver_performance_20260908T084224Z/candidate_source/src/torch_tm_flowpipe/flowpipe.py,5934,_flowpipe_step_from_tm_hybrid_dense,20,20,0.0022200740000000003,12.041066090000001
/srv/local/shengenli/repaired_solver_performance_20260908T084224Z/candidate_source/src/torch_tm_flowpipe/batched_dense_tm.py,1210,<genexpr>,6400,6400,0.002144195,0.002144195
/srv/local/shengenli/repaired_solver_performance_20260908T084224Z/candidate_source/src/torch_tm_flowpipe/batched_dense_tm.py,1195,<listcomp>,4080,4080,0.00212397,0.00212397
/srv/local/shengenli/repaired_solver_performance_20260908T084224Z/candidate_source/src/torch_tm_flowpipe/batched_dense_tm.py,3241,sparse_tmvector_to_dense,20,20,0.002123289,0.005173235
~,0,<method 'all' of 'torch._C.TensorBase' objects>,440,440,0.002105945,0.002105945
/srv/local/shengenli/repaired_solver_performance_20260908T084224Z/candidate_source/src/torch_tm_flowpipe/batched_dense_tm.py,2630,apply_cutoff,220,220,0.0020358760000000003,0.35424215000000003
/srv/local/shengenli/repaired_solver_performance_20260908T084224Z/candidate_source/src/torch_tm_flowpipe/batched_dense_tm.py,2388,_coerce,1600,1600,0.002007619,0.057324538
/srv/local/shengenli/repaired_solver_performance_20260908T084224Z/candidate_source/src/torch_tm_flowpipe/taylor_model.py,243,__add__,240,240,0.0019958660000000002,0.13666117800000002
~,0,<method 'set_' of 'torch._C.TensorBase' objects>,560,560,0.0019569270000000002,0.0019569270000000002
/srv/local/shengenli/repaired_solver_performance_20260908T084224Z/candidate_source/src/torch_tm_flowpipe/endpoint_substitution.py,103,<genexpr>,3340,3340,0.0018816910000000002,0.006362439
/srv/local/shengenli/repaired_solver_performance_20260908T084224Z/candidate_source/src/torch_tm_flowpipe/interval.py,116,is_finite,440,440,0.001858817,0.009708251000000001
/srv/local/shengenli/repaired_solver_performance_20260908T084224Z/candidate_source/src/torch_tm_flowpipe/flowpipe.py,6786,_assign_reset,20,20,0.00184913,20.811790151
/srv/local/shengenli/repaired_solver_performance_20260908T084224Z/candidate_source/src/torch_tm_flowpipe/batched_dense_tm.py,2255,concat,540,540,0.0018342380000000002,0.010578450000000001
/srv/local/shengenli/repaired_solver_performance_20260908T084224Z/candidate_source/src/torch_tm_flowpipe/symbolic_remainder.py,803,<listcomp>,40,40,0.0018205780000000002,0.060943314000000005
/srv/local/shengenli/repaired_solver_performance_20260908T084224Z/candidate_source/src/torch_tm_flowpipe/batched_dense_tm.py,2425,add,340,340,0.001762902,0.10033298800000001
/srv/local/shengenli/repaired_solver_performance_20260908T084224Z/candidate_source/src/torch_tm_flowpipe/flowpipe.py,816,_normalized_tm_from_center_scale,40,40,0.0017556160000000002,0.037070940000000004
/srv/local/shengenli/repaired_solver_performance_20260908T084224Z/candidate_source/src/torch_tm_flowpipe/accepted_boundary_sr.py,284,<dictcomp>,40,40,0.0017441890000000002,0.0017441890000000002
/srv/local/shengenli/repaired_solver_performance_20260908T084224Z/candidate_source/src/torch_tm_flowpipe/batched_dense_tm.py,1959,_check_binary_shape,1780,1780,0.0017364840000000002,0.0017364840000000002
/srv/local/shengenli/repaired_solver_performance_20260908T084224Z/candidate_source/src/torch_tm_flowpipe/flowpipe.py,1296,<lambda>,2800,2800,0.0016930860000000001,0.037109605000000004
~,0,<method 'values' of 'dict' objects>,8684,8684,0.0016474620000000001,0.0016474620000000001
/srv/local/shengenli/repaired_solver_performance_20260908T084224Z/candidate_source/src/torch_tm_flowpipe/batched_dense_tm.py,1755,term_index,1760,1760,0.001630525,0.00250933
~,0,<built-in method builtins.next>,8244,8244,0.0016137640000000002,0.0016568650000000002
/srv/local/shengenli/repaired_solver_performance_20260908T084224Z/candidate_source/src/torch_tm_flowpipe/batched_dense_tm.py,2757,<genexpr>,840,840,0.001608412,0.009126619
/srv/local/shengenli/miniforge3/envs/py11/lib/python3.11/site-packages/torch/storage.py,243,clone,560,560,0.0016009540000000001,0.005461533
/srv/local/shengenli/repaired_solver_performance_20260908T084224Z/candidate_source/src/torch_tm_flowpipe/polynomial.py,195,<genexpr>,4936,4936,0.001592609,0.0023977070000000002
/srv/local/shengenli/miniforge3/envs/py11/lib/python3.11/copy.py,211,<listcomp>,20,1860,0.0015635760000000001,0.056345499
~,0,<built-in method builtins.id>,18560,18560,0.0015474660000000002,0.0015474660000000002
/srv/local/shengenli/repaired_solver_performance_20260908T084224Z/candidate_source/src/torch_tm_flowpipe/symbolic_remainder.py,811,<listcomp>,40,40,0.0015332210000000002,0.12317897700000001
/srv/local/shengenli/repaired_solver_performance_20260908T084224Z/candidate_source/src/torch_tm_flowpipe/prepared_remainder_replay.py,290,<listcomp>,360,360,0.001517427,0.078558533
/srv/local/shengenli/repaired_solver_performance_20260908T084224Z/candidate_source/src/torch_tm_flowpipe/batched_dense_tm.py,4267,_subset_margin,260,260,0.001473073,0.002167916
/srv/local/shengenli/repaired_solver_performance_20260908T084224Z/candidate_source/src/torch_tm_flowpipe/endpoint_substitution.py,115,<listcomp>,420,420,0.001446791,0.001446791
/srv/local/shengenli/repaired_solver_performance_20260908T084224Z/candidate_source/src/torch_tm_flowpipe/batched_dense_tm.py,3196,__post_init__,220,220,0.001423178,0.002373191
/srv/local/shengenli/repaired_solver_performance_20260908T084224Z/candidate_source/src/torch_tm_flowpipe/flowpipe.py,4661,_taylor_model_range_box_normal,600,600,0.0014039990000000002,1.332119
/srv/local/shengenli/repaired_solver_performance_20260908T084224Z/candidate_source/src/torch_tm_flowpipe/symbolic_remainder.py,290,<listcomp>,4420,4420,0.001351217,0.001351217
/srv/local/shengenli/repaired_solver_performance_20260908T084224Z/candidate_source/src/torch_tm_flowpipe/taylor_model.py,141,constant,320,320,0.001322901,0.040338549
/srv/local/shengenli/repaired_solver_performance_20260908T084224Z/candidate_source/src/torch_tm_flowpipe/symbolic_remainder.py,810,<listcomp>,40,40,0.001318857,0.016992492
/srv/local/shengenli/repaired_solver_performance_20260908T084224Z/candidate_source/src/torch_tm_flowpipe/batched_dense_tm.py,1079,<genexpr>,2640,2640,0.001313036,0.001313036
/srv/local/shengenli/miniforge3/envs/py11/lib/python3.11/copy.py,243,_keep_alive,2140,2140,0.001296368,0.001785598
/srv/local/shengenli/repaired_solver_performance_20260908T084224Z/candidate_source/src/torch_tm_flowpipe/batched_dense_tm.py,3319,<listcomp>,20,20,0.0012957160000000001,0.002220515
/srv/local/shengenli/repaired_solver_performance_20260908T084224Z/candidate_source/src/torch_tm_flowpipe/flowpipe.py,6025,_validate,20,20,0.00129272,11.430391225000001
/srv/local/shengenli/repaired_solver_performance_20260908T084224Z/candidate_source/src/torch_tm_flowpipe/symbolic_remainder.py,276,_pack_interval_matrices,40,40,0.001287404,0.050118474
~,0,<built-in method builtins.all>,940,940,0.001276849,0.017236826
/srv/local/shengenli/repaired_solver_performance_20260908T084224Z/candidate_source/src/torch_tm_flowpipe/endpoint_substitution.py,15,_finite,1420,1420,0.001258727,0.045101757000000006
/srv/local/shengenli/repaired_solver_performance_20260908T084224Z/candidate_source/src/torch_tm_flowpipe/polynomial.py,422,<listcomp>,40,40,0.0012556140000000002,0.003291654
~,0,<built-in method torch.equal>,800,800,0.001251155,0.001251155
/srv/local/shengenli/repaired_solver_performance_20260908T084224Z/candidate_source/src/torch_tm_flowpipe/accepted_boundary_sr.py,432,commit_accepted_boundary_sr,20,20,0.0012264560000000001,0.90780344
/srv/local/shengenli/repaired_solver_performance_20260908T084224Z/candidate_source/src/torch_tm_flowpipe/symbolic_remainder.py,298,_pack_interval_columns,20,20,0.0012188770000000002,0.018390494
/srv/local/shengenli/repaired_solver_performance_20260908T084224Z/candidate_source/src/torch_tm_flowpipe/symbolic_remainder.py,788,accepted_boundary_sr_queue_sha256,40,40,0.0012173910000000002,0.45743824000000005
/srv/local/shengenli/repaired_solver_performance_20260908T084224Z/candidate_source/src/torch_tm_flowpipe/batched_dense_tm.py,295,negate,1100,1100,0.0012024210000000002,0.211771818
/srv/local/shengenli/miniforge3/envs/py11/lib/python3.11/site-packages/torch/_VF.py,27,__getattr__,1680,1680,0.001199097,0.001763716
<frozen importlib._bootstrap>,405,parent,1360,1360,0.0011789930000000001,0.001736312
/srv/local/shengenli/repaired_solver_performance_20260908T084224Z/candidate_source/src/torch_tm_flowpipe/flowpipe.py,4024,_add_width_metrics,200,200,0.001175604,0.014883912000000001
/srv/local/shengenli/repaired_solver_performance_20260908T084224Z/candidate_source/src/torch_tm_flowpipe/interval.py,161,reciprocal,40,40,0.0011536,0.0054071530000000005
/srv/local/shengenli/miniforge3/envs/py11/lib/python3.11/site-packages/torch/storage.py,766,__init__,1120,1120,0.001152358,0.0015689270000000001
/srv/local/shengenli/miniforge3/envs/py11/lib/python3.11/site-packages/torch/_tensor.py,251,_typed_storage,560,560,0.0011498670000000002,0.0028852490000000003
/srv/local/shengenli/repaired_solver_performance_20260908T084224Z/candidate_source/src/torch_tm_flowpipe/symbolic_remainder.py,293,<listcomp>,4420,4420,0.001115785,0.001115785
/srv/local/shengenli/repaired_solver_performance_20260908T084224Z/candidate_source/src/torch_tm_flowpipe/symbolic_remainder.py,691,accepted_boundary_sr_queue_commit,20,20,0.0011026970000000001,0.243135278
/srv/local/shengenli/miniforge3/envs/py11/lib/python3.11/site-packages/torch/storage.py,872,_new_wrapped_storage,560,560,0.0011024630000000001,0.002413081
/srv/local/shengenli/repaired_solver_performance_20260908T084224Z/candidate_source/src/torch_tm_flowpipe/batched_dense_tm.py,1795,integration_plan,180,180,0.001085975,0.0012873490000000001
/srv/local/shengenli/repaired_solver_performance_20260908T084224Z/candidate_source/src/torch_tm_flowpipe/batched_dense_tm.py,1726,to,660,660,0.001079036,0.001363464
~,0,<method 'new_empty' of 'torch._C.TensorBase' objects>,560,560,0.0010707070000000002,0.0010707070000000002
/srv/local/shengenli/repaired_solver_performance_20260908T084224Z/candidate_source/src/torch_tm_flowpipe/batched_dense_tm.py,2219,<genexpr>,5040,5040,0.0010594340000000002,0.0010594340000000002
~,0,<built-in method builtins.getattr>,4000,4000,0.0010498430000000002,0.0010498430000000002
/srv/local/shengenli/repaired_solver_performance_20260908T084224Z/candidate_source/src/torch_tm_flowpipe/batched_dense_tm.py,3540,__mul__,80,80,0.001044306,0.8118670790000001
/srv/local/shengenli/repaired_solver_performance_20260908T084224Z/candidate_source/src/torch_tm_flowpipe/batched_dense_tm.py,1211,<genexpr>,6400,6400,0.001017661,0.001017661
/srv/local/shengenli/repaired_solver_performance_20260908T084224Z/candidate_source/src/torch_tm_flowpipe/flowpipe.py,1295,<genexpr>,2820,2820,0.0010147580000000002,0.0010147580000000002
/srv/local/shengenli/repaired_solver_performance_20260908T084224Z/candidate_source/src/torch_tm_flowpipe/prepared_remainder_replay.py,284,<genexpr>,2700,2700,0.0010143910000000001,0.0010143910000000001
/srv/local/shengenli/repaired_solver_performance_20260908T084224Z/candidate_source/src/torch_tm_flowpipe/taylor_model.py,279,__mul__,40,40,0.001013658,0.41913455600000005
/srv/local/shengenli/repaired_solver_performance_20260908T084224Z/candidate_source/src/torch_tm_flowpipe/accepted_boundary_sr.py,119,split_endpoint_taylor_map,20,20,0.001011165,0.011502769000000001
/srv/local/shengenli/repaired_solver_performance_20260908T084224Z/candidate_source/src/torch_tm_flowpipe/polynomial.py,223,__mul__,80,80,0.000995346,0.009301001
/srv/local/shengenli/repaired_solver_performance_20260908T084224Z/candidate_source/src/torch_tm_flowpipe/symbolic_remainder.py,671,<genexpr>,2210,2210,0.000989932,0.022322607
/srv/local/shengenli/repaired_solver_performance_20260908T084224Z/candidate_source/src/torch_tm_flowpipe/flowpipe.py,1385,_tm_apply_cutoff_for_horner,200,200,0.000934096,0.102570702
/srv/local/shengenli/repaired_solver_performance_20260908T084224Z/candidate_source/src/torch_tm_flowpipe/batched_dense_tm.py,3319,<genexpr>,6720,6720,0.000924799,0.000924799
/srv/local/shengenli/repaired_solver_performance_20260908T084224Z/candidate_source/src/torch_tm_flowpipe/flowpipe.py,1504,_insert_ctrunc_normal_horner_scalar,40,40,0.0009223300000000001,13.961394825000001
/srv/local/shengenli/repaired_solver_performance_20260908T084224Z/candidate_source/src/torch_tm_flowpipe/batched_dense_tm.py,1078,<genexpr>,2640,2640,0.000891877,0.000891877
/srv/local/shengenli/repaired_solver_performance_20260908T084224Z/candidate_source/src/torch_tm_flowpipe/batched_dense_tm.py,1756,<genexpr>,5360,5360,0.0008788050000000001,0.0008788050000000001
/srv/local/shengenli/miniforge3/envs/py11/lib/python3.11/site-packages/torch/storage.py,227,__deepcopy__,560,560,0.000874931,0.006429529000000001
/srv/local/shengenli/miniforge3/envs/py11/lib/python3.11/site-packages/torch/storage.py,674,__new__,1120,1120,0.0008742730000000001,0.001091025
/srv/local/shengenli/repaired_solver_performance_20260908T084224Z/candidate_source/src/torch_tm_flowpipe/batched_dense_tm.py,3348,_coerce_dense_rhs_output,160,160,0.000872045,0.058043001000000004
/srv/local/shengenli/repaired_solver_performance_20260908T084224Z/candidate_source/src/torch_tm_flowpipe/flowpipe.py,294,endpoint_tm,20,20,0.0008525340000000001,0.46802553300000005
/srv/local/shengenli/miniforge3/envs/py11/lib/python3.11/site-packages/torch/autograd/grad_mode.py,184,__init__,1120,1120,0.000833665,0.0014932530000000002
/srv/local/shengenli/repaired_solver_performance_20260908T084224Z/candidate_source/src/torch_tm_flowpipe/symbolic_remainder.py,649,accepted_boundary_sr_queue_propagate,20,20,0.000806528,0.63506107
/srv/local/shengenli/repaired_solver_performance_20260908T084224Z/candidate_source/src/torch_tm_flowpipe/flowpipe.py,1237,insert_ctrunc_normal_dependency_preserving,20,20,0.0008023360000000001,14.260697417000001
/srv/local/shengenli/repaired_solver_performance_20260908T084224Z/candidate_source/src/torch_tm_flowpipe/interval.py,119,contains,40,40,0.0007949420000000001,0.001428671
~,0,<method 'endswith' of 'str' objects>,3360,3360,0.0007924410000000001,0.0007924410000000001
/srv/local/shengenli/repaired_solver_performance_20260908T084224Z/candidate_source/src/torch_tm_flowpipe/prepared_remainder_replay.py,162,__sub__,720,720,0.000782404,0.32554382200000004
/srv/local/shengenli/repaired_solver_performance_20260908T084224Z/candidate_source/src/torch_tm_flowpipe/batched_dense_tm.py,2660,endpoint,20,20,0.000778523,0.16256972900000002
/srv/local/shengenli/repaired_solver_performance_20260908T084224Z/candidate_source/src/torch_tm_flowpipe/polynomial.py,194,degree,560,560,0.0007763980000000001,0.004937979
/srv/local/shengenli/repaired_solver_performance_20260908T084224Z/candidate_source/src/torch_tm_flowpipe/symbolic_remainder.py,312,<listcomp>,2190,2190,0.0007720040000000001,0.0007720040000000001
/srv/local/shengenli/repaired_solver_performance_20260908T084224Z/candidate_source/src/torch_tm_flowpipe/batched_dense_tm.py,2234,substitute_const_and_drop_with_roundoff,20,20,0.000771746,0.15674595100000002
/srv/local/shengenli/repaired_solver_performance_20260908T084224Z/candidate_source/src/torch_tm_flowpipe/taylor_model.py,325,substitute_const_with_roundoff,40,40,0.0007595740000000001,0.288426457
/srv/local/shengenli/miniforge3/envs/py11/lib/python3.11/copy.py,182,_deepcopy_atomic,8440,8440,0.000743733,0.000743733
/srv/local/shengenli/miniforge3/envs/py11/lib/python3.11/copy.py,259,_reconstruct,40,160,0.0007383870000000001,0.055888309000000004
/srv/local/shengenli/repaired_solver_performance_20260908T084224Z/candidate_source/src/torch_tm_flowpipe/prepared_remainder_replay.py,165,__rsub__,360,360,0.000720103,0.28213762200000003
/srv/local/shengenli/repaired_solver_performance_20260908T084224Z/candidate_source/src/torch_tm_flowpipe/batched_dense_tm.py,2752,__getitem__,960,960,0.000692126,0.071122635
/srv/local/shengenli/miniforge3/envs/py11/lib/python3.11/site-packages/torch/autograd/grad_mode.py,75,__init__,560,560,0.0006914120000000001,0.000770147
/srv/local/shengenli/repaired_solver_performance_20260908T084224Z/candidate_source/src/torch_tm_flowpipe/flowpipe.py,492,_interval_bound_value,560,560,0.000690236,0.010234094000000001
/srv/local/shengenli/repaired_solver_performance_20260908T084224Z/candidate_source/src/torch_tm_flowpipe/flowpipe.py,511,_poly_interval_with_split,320,320,0.0006898770000000001,1.09550783
/srv/local/shengenli/repaired_solver_performance_20260908T084224Z/candidate_source/src/torch_tm_flowpipe/polynomial.py,197,_coerce,960,960,0.000689281,0.00547213
/srv/local/shengenli/repaired_solver_performance_20260908T084224Z/candidate_source/src/torch_tm_flowpipe/polynomial.py,80,<genexpr>,1800,1800,0.0006867630000000001,0.0006867630000000001
/srv/local/shengenli/repaired_solver_performance_20260908T084224Z/candidate_source/src/torch_tm_flowpipe/prepared_remainder_replay.py,119,domain,720,720,0.0006764430000000001,0.112630167
/srv/local/shengenli/repaired_solver_performance_20260908T084224Z/candidate_source/src/torch_tm_flowpipe/prepared_remainder_replay.py,157,__add__,540,540,0.000646829,0.141098047
/srv/local/shengenli/repaired_solver_performance_20260908T084224Z/candidate_source/src/torch_tm_flowpipe/flowpipe.py,538,<listcomp>,600,600,0.000644673,0.000644673
/srv/local/shengenli/repaired_solver_performance_20260908T084224Z/candidate_source/src/torch_tm_flowpipe/symbolic_remainder.py,313,<listcomp>,2190,2190,0.000625869,0.000625869
/srv/local/shengenli/repaired_solver_performance_20260908T084224Z/candidate_source/src/torch_tm_flowpipe/flowpipe.py,626,<genexpr>,2640,2640,0.000621241,0.0009023770000000001
/srv/local/shengenli/repaired_solver_performance_20260908T084224Z/candidate_source/src/torch_tm_flowpipe/polynomial.py,79,<setcomp>,600,600,0.000610993,0.000610993
/srv/local/shengenli/repaired_solver_performance_20260908T084224Z/candidate_source/src/torch_tm_flowpipe/taylor_model.py,16,<genexpr>,600,600,0.00060782,0.0018589750000000001
/srv/local/shengenli/repaired_solver_performance_20260908T084224Z/candidate_source/src/torch_tm_flowpipe/flowpipe.py,1367,_merged_split_value,320,320,0.0005809620000000001,0.0012408380000000002
/srv/local/shengenli/miniforge3/envs/py11/lib/python3.11/site-packages/torch/autograd/grad_mode.py,80,__enter__,560,560,0.000568019,0.001377497
/srv/local/shengenli/repaired_solver_performance_20260908T084224Z/candidate_source/src/torch_tm_flowpipe/flowpipe.py,1536,<dictcomp>,200,200,0.000566374,0.027038651
~,0,<built-in method torch.amin>,80,80,0.0005610070000000001,0.0005610070000000001
~,0,<built-in method torch._C._has_torch_function>,1760,1760,0.0005603040000000001,0.0005603040000000001
~,0,<method 'rpartition' of 'str' objects>,1360,1360,0.000557319,0.000557319
/srv/local/shengenli/repaired_solver_performance_20260908T084224Z/candidate_source/src/torch_tm_flowpipe/batched_dense_tm.py,2412,without_remainder,180,180,0.000542238,0.010690581000000001
/srv/local/shengenli/repaired_solver_performance_20260908T084224Z/candidate_source/src/torch_tm_flowpipe/flowpipe.py,6207,flowpipe_step_from_tm,20,20,0.000541442,12.041607532
/srv/local/shengenli/repaired_solver_performance_20260908T084224Z/candidate_source/src/torch_tm_flowpipe/flowpipe.py,6641,flowpipe_step_flowstar_style_adaptive,20,20,0.000530327,32.973732982
~,0,<method 'update' of 'dict' objects>,780,780,0.0005229880000000001,0.0005229880000000001
/srv/local/shengenli/miniforge3/envs/py11/lib/python3.11/site-packages/torch/storage.py,1117,_deepcopy,560,560,0.000515427,0.011675656000000001
/srv/local/shengenli/repaired_solver_performance_20260908T084224Z/candidate_source/src/torch_tm_flowpipe/prepared_remainder_replay.py,217,prepare,100,100,0.0005114000000000001,0.15025485500000002
/srv/local/shengenli/repaired_solver_performance_20260908T084224Z/candidate_source/experiments/run_brusselator_sr1000_parity.py,158,_step,20,20,0.0005039420000000001,32.974236924
/srv/local/shengenli/repaired_solver_performance_20260908T084224Z/candidate_source/src/torch_tm_flowpipe/prepared_remainder_replay.py,111,__getitem__,2160,2160,0.000498328,0.000498328
/srv/local/shengenli/repaired_solver_performance_20260908T084224Z/candidate_source/src/torch_tm_flowpipe/flowpipe.py,323,range_box,20,20,0.00048149900000000003,0.8151415750000001
/srv/local/shengenli/repaired_solver_performance_20260908T084224Z/candidate_source/src/torch_tm_flowpipe/prepared_remainder_replay.py,262,__init__,20,20,0.00047597700000000004,0.05740242500000001
/srv/local/shengenli/repaired_solver_performance_20260908T084224Z/candidate_source/src/torch_tm_flowpipe/taylor_model.py,189,_coerce,280,280,0.00047055800000000004,0.01360535
~,0,<built-in method torch._C._set_grad_enabled>,1120,1120,0.000470346,0.000470346
/srv/local/shengenli/repaired_solver_performance_20260908T084224Z/candidate_source/src/torch_tm_flowpipe/symbolic_remainder.py,1178,_interval_width,160,160,0.000461343,0.0024790520000000003
/srv/local/shengenli/repaired_solver_performance_20260908T084224Z/candidate_source/src/torch_tm_flowpipe/taylor_model.py,35,_merged_truncation_split,280,280,0.00045089800000000003,0.0009425050000000001
/srv/local/shengenli/repaired_solver_performance_20260908T084224Z/candidate_source/src/torch_tm_flowpipe/batched_dense_tm.py,2439,__rsub__,160,160,0.000450126,0.118619344
/srv/local/shengenli/repaired_solver_performance_20260908T084224Z/candidate_source/src/torch_tm_flowpipe/prepared_remainder_replay.py,299,<genexpr>,1080,1080,0.00044755,0.000523943
/srv/local/shengenli/repaired_solver_performance_20260908T084224Z/candidate_source/src/torch_tm_flowpipe/flowpipe.py,496,_interval_is_zero,40,40,0.000442558,0.000609454
~,0,<built-in method torch.amax>,80,80,0.000440761,0.000440761
/srv/local/shengenli/miniforge3/envs/py11/lib/python3.11/site-packages/torch/autograd/grad_mode.py,84,__exit__,560,560,0.000434199,0.001239
/srv/local/shengenli/repaired_solver_performance_20260908T084224Z/candidate_source/src/torch_tm_flowpipe/polynomial.py,425,<listcomp>,40,40,0.00042771700000000004,0.001133605
/srv/local/shengenli/repaired_solver_performance_20260908T084224Z/candidate_source/src/torch_tm_flowpipe/interval.py,113,mid,40,40,0.00042557200000000004,0.00042557200000000004
/srv/local/shengenli/repaired_solver_performance_20260908T084224Z/candidate_source/src/torch_tm_flowpipe/tm_vector.py,70,<listcomp>,20,20,0.00042041500000000005,0.28884687200000003
/srv/local/shengenli/repaired_solver_performance_20260908T084224Z/candidate_source/src/torch_tm_flowpipe/taylor_model.py,13,_same_domain,200,200,0.00041166,0.002596169
/srv/local/shengenli/repaired_solver_performance_20260908T084224Z/candidate_source/src/torch_tm_flowpipe/flowpipe.py,1368,<listcomp>,320,320,0.00041138300000000003,0.000526987
/srv/local/shengenli/repaired_solver_performance_20260908T084224Z/candidate_source/src/torch_tm_flowpipe/batched_dense_tm.py,3417,_wrap,200,200,0.00040171200000000003,0.000874814
/srv/local/shengenli/repaired_solver_performance_20260908T084224Z/candidate_source/src/torch_tm_flowpipe/polynomial.py,213,__sub__,40,40,0.00039876500000000004,0.041691651
/srv/local/shengenli/repaired_solver_performance_20260908T084224Z/candidate_source/src/torch_tm_flowpipe/tm_vector.py,40,__getitem__,920,920,0.000395755,0.000395755
/srv/local/shengenli/repaired_solver_performance_20260908T084224Z/candidate_source/src/torch_tm_flowpipe/flowpipe.py,4018,_sum_interval_widths,140,140,0.000393011,0.00997662
/srv/local/shengenli/repaired_solver_performance_20260908T084224Z/candidate_source/src/torch_tm_flowpipe/taylor_model.py,28,_normalize_truncation_split,2320,2320,0.000387649,0.000387649
~,0,<built-in method __new__ of type object at 0x5b42230d0600>,1840,1840,0.000383594,0.000383594
~,0,<built-in method torch._C._has_storage>,560,560,0.00038322400000000004,0.00038322400000000004
/srv/local/shengenli/repaired_solver_performance_20260908T084224Z/candidate_source/src/torch_tm_flowpipe/tm_vector.py,52,<listcomp>,180,180,0.000380041,2.040480382
/srv/local/shengenli/repaired_solver_performance_20260908T084224Z/candidate_source/src/torch_tm_flowpipe/endpoint_substitution.py,108,<genexpr>,3340,3340,0.00037688600000000005,0.00037688600000000005
/srv/local/shengenli/miniforge3/envs/py11/lib/python3.11/site-packages/torch/utils/_contextlib.py,154,__new__,560,560,0.000373667,0.000494345
/srv/local/shengenli/repaired_solver_performance_20260908T084224Z/candidate_source/src/torch_tm_flowpipe/batched_dense_tm.py,3384,__init__,240,240,0.00036963100000000004,0.000586131
/srv/local/shengenli/repaired_solver_performance_20260908T084224Z/candidate_source/src/torch_tm_flowpipe/batched_dense_tm.py,3582,_call_dense_raw_trace_rhs,20,20,0.000367893,0.859131127
/srv/local/shengenli/repaired_solver_performance_20260908T084224Z/candidate_source/src/torch_tm_flowpipe/symbolic_remainder.py,799,<listcomp>,40,40,0.000366018,0.0008420400000000001
/srv/local/shengenli/repaired_solver_performance_20260908T084224Z/candidate_source/src/torch_tm_flowpipe/prepared_remainder_replay.py,62,finish,360,360,0.00034993700000000003,0.00041869700000000005
/srv/local/shengenli/repaired_solver_performance_20260908T084224Z/candidate_source/src/torch_tm_flowpipe/polynomial.py,423,<setcomp>,40,40,0.000348969,0.000348969
/srv/local/shengenli/repaired_solver_performance_20260908T084224Z/candidate_source/src/torch_tm_flowpipe/batched_dense_tm.py,3205,<genexpr>,880,880,0.00034851,0.00034851
/srv/local/shengenli/repaired_solver_performance_20260908T084224Z/candidate_source/src/torch_tm_flowpipe/polynomial.py,175,variable,80,80,0.000345154,0.004141687000000001
/srv/local/shengenli/repaired_solver_performance_20260908T084224Z/candidate_source/src/torch_tm_flowpipe/endpoint_substitution.py,126,<genexpr>,2280,2280,0.000345133,0.000345133
/srv/local/shengenli/miniforge3/envs/py11/lib/python3.11/site-packages/torch/_tensor.py,1030,__rdiv__,80,80,0.000343989,0.000565086
/srv/local/shengenli/repaired_solver_performance_20260908T084224Z/candidate_source/src/torch_tm_flowpipe/polynomial.py,444,<genexpr>,1560,1560,0.000342085,0.000342085
/srv/local/shengenli/repaired_solver_performance_20260908T084224Z/candidate_source/src/torch_tm_flowpipe/batched_dense_tm.py,305,covering_total,20,20,0.000341407,0.002399361
/srv/local/shengenli/repaired_solver_performance_20260908T084224Z/candidate_source/src/torch_tm_flowpipe/batched_dense_tm.py,3369,call_dense_rhs,160,160,0.000334621,5.8109419440000005
/srv/local/shengenli/repaired_solver_performance_20260908T084224Z/candidate_source/src/torch_tm_flowpipe/prepared_remainder_replay.py,135,prepare,120,120,0.00033415100000000003,0.013946661
/srv/local/shengenli/repaired_solver_performance_20260908T084224Z/candidate_source/src/torch_tm_flowpipe/flowpipe.py,504,_truncation_split_value,1560,1560,0.000320115,0.000320115
~,0,<method '__reduce_ex__' of 'object' objects>,160,160,0.00031974600000000004,0.00031974600000000004
/srv/local/shengenli/repaired_solver_performance_20260908T084224Z/candidate_source/src/torch_tm_flowpipe/prepared_remainder_replay.py,277,check,180,180,0.00031967000000000003,0.001795062
/srv/local/shengenli/repaired_solver_performance_20260908T084224Z/candidate_source/src/torch_tm_flowpipe/taylor_model.py,344,drop_variable,40,40,0.000319153,0.022877670000000003
~,0,<method 'untyped_storage' of 'torch._C.TensorBase' objects>,560,560,0.000315044,0.000315044
/srv/local/shengenli/miniforge3/envs/py11/lib/python3.11/dataclasses.py,1455,replace,20,20,0.000312568,0.000424135
/srv/local/shengenli/repaired_solver_performance_20260908T084224Z/candidate_source/src/torch_tm_flowpipe/endpoint_substitution.py,128,<listcomp>,120,120,0.000312455,0.000312455
/srv/local/shengenli/repaired_solver_performance_20260908T084224Z/candidate_source/src/torch_tm_flowpipe/flowpipe.py,1066,_diag_add_width,80,80,0.00031217500000000004,0.0039711320000000005
~,0,<built-in method torch.is_grad_enabled>,1680,1680,0.00031026800000000005,0.00031026800000000005
/srv/local/shengenli/repaired_solver_performance_20260908T084224Z/candidate_source/src/torch_tm_flowpipe/taylor_model.py,36,<listcomp>,280,280,0.000309418,0.000383064
/srv/local/shengenli/repaired_solver_performance_20260908T084224Z/candidate_source/src/torch_tm_flowpipe/batched_dense_tm.py,3440,_coerce,160,160,0.000302668,0.00733326
/srv/local/shengenli/repaired_solver_performance_20260908T084224Z/candidate_source/src/torch_tm_flowpipe/flowpipe.py,1784,_tm_shift_polynomial_constant,40,40,0.000297044,0.045292159000000005
/srv/local/shengenli/repaired_solver_performance_20260908T084224Z/candidate_source/src/torch_tm_flowpipe/flowpipe.py,1734,_tmvector_rm_constants,20,20,0.000293137,0.012587824000000001
/srv/local/shengenli/repaired_solver_performance_20260908T084224Z/candidate_source/src/torch_tm_flowpipe/symbolic_remainder.py,523,_accepted_boundary_sr_interval_finite,40,40,0.00029246100000000004,0.002112182
/srv/local/shengenli/repaired_solver_performance_20260908T084224Z/candidate_source/src/torch_tm_flowpipe/flowpipe.py,4038,_add_interval_bounds,60,60,0.000292265,0.004456327
/srv/local/shengenli/repaired_solver_performance_20260908T084224Z/candidate_source/src/torch_tm_flowpipe/tm_vector.py,37,__iter__,500,500,0.00028910700000000004,0.00038771300000000003
/srv/local/shengenli/repaired_solver_performance_20260908T084224Z/candidate_source/src/torch_tm_flowpipe/batched_dense_tm.py,230,<dictcomp>,20,20,0.000288113,0.000443336
~,0,<method 'size' of 'torch._C.TensorBase' objects>,560,560,0.000285614,0.000285614
/srv/local/shengenli/repaired_solver_performance_20260908T084224Z/candidate_source/src/torch_tm_flowpipe/accepted_boundary_sr.py,65,_interval_width,120,120,0.00027938800000000004,0.0014630280000000001
~,0,<built-in method builtins.abs>,1740,1740,0.000278929,0.000278929
/srv/local/shengenli/repaired_solver_performance_20260908T084224Z/candidate_source/src/torch_tm_flowpipe/symbolic_remainder.py,666,<genexpr>,100,100,0.000278762,0.0013328390000000002
/srv/local/shengenli/repaired_solver_performance_20260908T084224Z/candidate_source/src/torch_tm_flowpipe/prepared_remainder_replay.py,102,__init__,360,360,0.00027567900000000003,0.00027567900000000003
/srv/local/shengenli/repaired_solver_performance_20260908T084224Z/candidate_source/src/torch_tm_flowpipe/batched_dense_tm.py,2262,<listcomp>,540,540,0.000254437,0.000254437
/srv/local/shengenli/repaired_solver_performance_20260908T084224Z/candidate_source/src/torch_tm_flowpipe/flowpipe.py,1751,_interval_magnitude,120,120,0.00025368600000000004,0.004962942000000001
/srv/local/shengenli/repaired_solver_performance_20260908T084224Z/candidate_source/src/torch_tm_flowpipe/batched_dense_tm.py,2245,<listcomp>,20,20,0.00025090700000000003,0.00025090700000000003
/srv/local/shengenli/repaired_solver_performance_20260908T084224Z/candidate_source/src/torch_tm_flowpipe/prepared_remainder_replay.py,97,<genexpr>,1080,1080,0.00024986400000000003,0.00024986400000000003
/srv/local/shengenli/repaired_solver_performance_20260908T084224Z/candidate_source/src/torch_tm_flowpipe/batched_dense_tm.py,342,category_order,220,220,0.000246589,0.000246589
/srv/local/shengenli/repaired_solver_performance_20260908T084224Z/candidate_source/src/torch_tm_flowpipe/taylor_model.py,231,apply_cutoff_with_remainder,40,40,0.000243111,0.089979943
/srv/local/shengenli/repaired_solver_performance_20260908T084224Z/candidate_source/src/torch_tm_flowpipe/polynomial.py,15,_interval_point_like,120,120,0.00024011100000000002,0.0059668790000000005
/srv/local/shengenli/repaired_solver_performance_20260908T084224Z/candidate_source/src/torch_tm_flowpipe/endpoint_substitution.py,129,<listcomp>,120,120,0.00023417000000000002,0.00023417000000000002
/srv/local/shengenli/repaired_solver_performance_20260908T084224Z/candidate_source/src/torch_tm_flowpipe/flowpipe.py,1534,<setcomp>,200,200,0.00023242500000000003,0.00023242500000000003
/srv/local/shengenli/repaired_solver_performance_20260908T084224Z/candidate_source/src/torch_tm_flowpipe/batched_dense_tm.py,153,__post_init__,20,20,0.000229449,0.000371902
/srv/local/shengenli/repaired_solver_performance_20260908T084224Z/candidate_source/src/torch_tm_flowpipe/batched_dense_tm.py,2697,<listcomp>,540,540,0.00022762500000000002,0.00022762500000000002
/srv/local/shengenli/repaired_solver_performance_20260908T084224Z/candidate_source/src/torch_tm_flowpipe/tm_vector.py,51,range_box,180,180,0.000227029,2.040707411
/srv/local/shengenli/miniforge3/envs/py11/lib/python3.11/json/__init__.py,183,dumps,40,40,0.00022536800000000001,0.020483554
~,0,<method 'reciprocal' of 'torch._C.TensorBase' objects>,80,80,0.00022109700000000001,0.00022109700000000001
/srv/local/shengenli/repaired_solver_performance_20260908T084224Z/candidate_source/src/torch_tm_flowpipe/batched_dense_tm.py,3320,<listcomp>,20,20,0.00021857200000000002,0.0032189830000000003
/srv/local/shengenli/repaired_solver_performance_20260908T084224Z/candidate_source/src/torch_tm_flowpipe/flowpipe.py,383,diagnostic_widths,20,20,0.00021848,1.1604858230000001
/srv/local/shengenli/repaired_solver_performance_20260908T084224Z/candidate_source/src/torch_tm_flowpipe/endpoint_substitution.py,105,<dictcomp>,60,60,0.000217113,0.000217113
/srv/local/shengenli/miniforge3/envs/py11/lib/python3.11/json/encoder.py,183,encode,40,40,0.00021526700000000002,0.020185034
/srv/local/shengenli/repaired_solver_performance_20260908T084224Z/candidate_source/src/torch_tm_flowpipe/prepared_remainder_replay.py,318,_polynomial_difference,180,180,0.000210788,0.029793919000000002
/srv/local/shengenli/repaired_solver_performance_20260908T084224Z/candidate_source/src/torch_tm_flowpipe/batched_dense_tm.py,2702,<listcomp>,540,540,0.000209828,0.000209828
/srv/local/shengenli/repaired_solver_performance_20260908T084224Z/candidate_source/src/torch_tm_flowpipe/accepted_boundary_sr.py,165,<genexpr>,60,60,0.000208113,0.000295104
/srv/local/shengenli/repaired_solver_performance_20260908T084224Z/candidate_source/src/torch_tm_flowpipe/tm_vector.py,43,domain,220,220,0.00020502900000000002,0.00020502900000000002
/srv/local/shengenli/repaired_solver_performance_20260908T084224Z/candidate_source/src/torch_tm_flowpipe/batched_dense_tm.py,3658,_call_dense_rhs_evaluation,20,20,0.000204641,0.726241243
/srv/local/shengenli/repaired_solver_performance_20260908T084224Z/candidate_source/src/torch_tm_flowpipe/flowpipe.py,1450,_horner_component_name,600,600,0.000204025,0.000204025
/srv/local/shengenli/repaired_solver_performance_20260908T084224Z/candidate_source/src/torch_tm_flowpipe/flowpipe.py,830,<listcomp>,40,40,0.00020316500000000002,0.004411609
/srv/local/shengenli/repaired_solver_performance_20260908T084224Z/candidate_source/src/torch_tm_flowpipe/prepared_remainder_replay.py,96,<listcomp>,360,360,0.000203026,0.000203026
/srv/local/shengenli/repaired_solver_performance_20260908T084224Z/candidate_source/src/torch_tm_flowpipe/symbolic_remainder.py,424,<genexpr>,60,60,0.000199838,0.0016410950000000002
/srv/local/shengenli/repaired_solver_performance_20260908T084224Z/candidate_source/src/torch_tm_flowpipe/symbolic_remainder.py,433,<genexpr>,120,120,0.00019882300000000002,0.003790107
/srv/local/shengenli/repaired_solver_performance_20260908T084224Z/candidate_source/src/torch_tm_flowpipe/symbolic_remainder.py,723,<genexpr>,60,60,0.00019554400000000002,0.007660480000000001
/srv/local/shengenli/repaired_solver_performance_20260908T084224Z/candidate_source/src/torch_tm_flowpipe/batched_dense_tm.py,3353,<genexpr>,480,480,0.00019463100000000001,0.00022534400000000002
/srv/local/shengenli/repaired_solver_performance_20260908T084224Z/candidate_source/src/torch_tm_flowpipe/flowpipe.py,4019,<listcomp>,140,140,0.000194142,0.009398573
~,0,<built-in method builtins.hasattr>,720,720,0.00019346600000000002,0.00019346600000000002
/srv/local/shengenli/repaired_solver_performance_20260908T084224Z/candidate_source/src/torch_tm_flowpipe/flowpipe.py,1291,<listcomp>,20,20,0.000186453,0.000186453
/srv/local/shengenli/repaired_solver_performance_20260908T084224Z/candidate_source/src/torch_tm_flowpipe/batched_dense_tm.py,2755,is_finite,140,140,0.000185932,0.009566408
~,0,<method 'is_conj' of 'torch._C.TensorBase' objects>,560,560,0.000185563,0.000185563
/srv/local/shengenli/repaired_solver_performance_20260908T084224Z/candidate_source/src/torch_tm_flowpipe/symbolic_remainder.py,226,<genexpr>,120,120,0.00018473800000000002,0.0036744190000000004
/srv/local/shengenli/repaired_solver_performance_20260908T084224Z/candidate_source/src/torch_tm_flowpipe/flowpipe.py,1287,<genexpr>,580,580,0.000183482,0.000300041
/srv/local/shengenli/repaired_solver_performance_20260908T084224Z/candidate_source/src/torch_tm_flowpipe/polynomial.py,221,<dictcomp>,40,40,0.00018198900000000002,0.00018198900000000002
/srv/local/shengenli/repaired_solver_performance_20260908T084224Z/candidate_source/src/torch_tm_flowpipe/endpoint_substitution.py,89,<genexpr>,360,360,0.00018172000000000002,0.000389193
~,0,<built-in method builtins.issubclass>,1280,1280,0.000174949,0.000174949
/srv/local/shengenli/repaired_solver_performance_20260908T084224Z/candidate_source/experiments/run_brusselator_sr1000_parity.py,101,_policy,20,20,0.000173883,0.000657915
~,0,<method 'stride' of 'torch._C.TensorBase' objects>,560,560,0.00017303700000000002,0.00017303700000000002
/srv/local/shengenli/repaired_solver_performance_20260908T084224Z/candidate_source/src/torch_tm_flowpipe/batched_dense_tm.py,2703,<listcomp>,540,540,0.000166357,0.000166357
/srv/local/shengenli/repaired_solver_performance_20260908T084224Z/candidate_source/src/torch_tm_flowpipe/batched_dense_tm.py,953,__post_init__,20,20,0.000165026,0.000398711
/srv/local/shengenli/repaired_solver_performance_20260908T084224Z/candidate_source/src/torch_tm_flowpipe/batched_dense_tm.py,3457,_record_binary,140,140,0.000159309,0.0007876210000000001
/srv/local/shengenli/repaired_solver_performance_20260908T084224Z/candidate_source/src/torch_tm_flowpipe/flowpipe.py,1052,_tm_with_order,80,80,0.000150797,0.00042287700000000005
/srv/local/shengenli/repaired_solver_performance_20260908T084224Z/candidate_source/src/torch_tm_flowpipe/flowpipe.py,1723,_tmvector_constant_part,20,20,0.000150244,0.000259509
~,0,<method 'is_neg' of 'torch._C.TensorBase' objects>,560,560,0.000147338,0.000147338
~,0,<method 'join' of 'str' objects>,80,160,0.000147285,0.000541199
~,0,<method 'storage_offset' of 'torch._C.TensorBase' objects>,560,560,0.000146508,0.000146508
/srv/local/shengenli/repaired_solver_performance_20260908T084224Z/candidate_source/src/torch_tm_flowpipe/endpoint_substitution.py,86,<genexpr>,360,360,0.000144394,0.000144394
/srv/local/shengenli/repaired_solver_performance_20260908T084224Z/candidate_source/src/torch_tm_flowpipe/prepared_remainder_replay.py,147,<lambda>,140,140,0.000141419,0.0024354570000000002
/srv/local/shengenli/repaired_solver_performance_20260908T084224Z/candidate_source/src/torch_tm_flowpipe/prepared_remainder_replay.py,266,<genexpr>,300,300,0.00014138600000000002,0.000297857
~,0,<method 'nbytes' of 'torch._C.StorageBase' objects>,560,560,0.000139954,0.000139954
/srv/local/shengenli/repaired_solver_performance_20260908T084224Z/candidate_source/src/torch_tm_flowpipe/polynomial.py,220,__neg__,40,40,0.000138658,0.002031492
/srv/local/shengenli/repaired_solver_performance_20260908T084224Z/candidate_source/src/torch_tm_flowpipe/polynomial.py,448,extend_vars,40,40,0.000138615,0.003389519
/srv/local/shengenli/repaired_solver_performance_20260908T084224Z/candidate_source/src/torch_tm_flowpipe/taylor_model.py,219,with_remainder,40,40,0.00013612700000000002,0.000307273
/srv/local/shengenli/repaired_solver_performance_20260908T084224Z/candidate_source/src/torch_tm_flowpipe/symbolic_remainder.py,450,<genexpr>,120,120,0.00013598,0.007376147
/srv/local/shengenli/repaired_solver_performance_20260908T084224Z/candidate_source/src/torch_tm_flowpipe/flowpipe.py,1258,<genexpr>,60,60,0.000135715,13.96153054
/srv/local/shengenli/repaired_solver_performance_20260908T084224Z/candidate_source/src/torch_tm_flowpipe/interval.py,194,to_tuple,40,40,0.00013416,0.00025451200000000003
/srv/local/shengenli/repaired_solver_performance_20260908T084224Z/candidate_source/src/torch_tm_flowpipe/flowpipe.py,1369,<listcomp>,320,320,0.00013288900000000002,0.00013288900000000002
/srv/local/shengenli/repaired_solver_performance_20260908T084224Z/candidate_source/experiments/endpoint_roundoff_repair/frozen.py,27,step,20,20,0.000132573,32.975492833000004
/srv/local/shengenli/repaired_solver_performance_20260908T084224Z/candidate_source/src/torch_tm_flowpipe/tm_vector.py,34,__len__,280,280,0.00012904,0.00016291800000000001
/srv/local/shengenli/repaired_solver_performance_20260908T084224Z/candidate_source/src/torch_tm_flowpipe/taylor_model.py,355,extend_domain,40,40,0.000127181,0.0036473760000000004
/srv/local/shengenli/repaired_solver_performance_20260908T084224Z/candidate_source/src/torch_tm_flowpipe/prepared_remainder_replay.py,59,start,360,360,0.00012126,0.00012126
/srv/local/shengenli/repaired_solver_performance_20260908T084224Z/candidate_source/src/torch_tm_flowpipe/symbolic_remainder.py,225,<genexpr>,60,60,0.000116162,0.0037905810000000003
/srv/local/shengenli/repaired_solver_performance_20260908T084224Z/candidate_source/src/torch_tm_flowpipe/prepared_remainder_replay.py,248,_model_tensors,40,40,0.000115811,0.000156471
/srv/local/shengenli/repaired_solver_performance_20260908T084224Z/candidate_source/src/torch_tm_flowpipe/tm_vector.py,69,substitute_const_with_roundoff,20,20,0.00011526800000000001,0.289073009
/srv/local/shengenli/repaired_solver_performance_20260908T084224Z/candidate_source/src/torch_tm_flowpipe/plant_reference.py,145,brusselator,20,20,0.000115162,0.00046542100000000004
/srv/local/shengenli/miniforge3/envs/py11/lib/python3.11/site-packages/torch/_tensor.py,33,wrapped,80,80,0.00011444200000000001,0.000703176
/srv/local/shengenli/miniforge3/envs/py11/lib/python3.11/copy.py,264,<genexpr>,320,320,0.00011345100000000001,0.00039819000000000003
/srv/local/shengenli/repaired_solver_performance_20260908T084224Z/candidate_source/src/torch_tm_flowpipe/prepared_remainder_replay.py,230,prepare,20,20,0.00011314900000000001,0.031120348000000003
/srv/local/shengenli/repaired_solver_performance_20260908T084224Z/candidate_source/src/torch_tm_flowpipe/symbolic_remainder.py,716,<genexpr>,60,60,0.00011136300000000001,0.000594831
/srv/local/shengenli/miniforge3/envs/py11/lib/python3.11/copyreg.py,104,__newobj__,160,160,0.000111099,0.00015726300000000002
/srv/local/shengenli/repaired_solver_performance_20260908T084224Z/candidate_source/src/torch_tm_flowpipe/flowpipe.py,2213,<listcomp>,20,20,0.000110612,0.0013650350000000001
/srv/local/shengenli/repaired_solver_performance_20260908T084224Z/candidate_source/src/torch_tm_flowpipe/batched_dense_tm.py,2645,range_bound,20,20,0.000108651,0.029824545
/srv/local/shengenli/repaired_solver_performance_20260908T084224Z/candidate_source/src/torch_tm_flowpipe/taylor_model.py,37,<listcomp>,280,280,0.00010854300000000001,0.00010854300000000001
/srv/local/shengenli/repaired_solver_performance_20260908T084224Z/candidate_source/src/torch_tm_flowpipe/tm_vector.py,47,n_vars,100,100,0.00010819200000000001,0.00019233000000000002
~,0,<built-in method torch._C._has_torch_function_unary>,560,560,0.000107631,0.000107631
/srv/local/shengenli/repaired_solver_performance_20260908T084224Z/candidate_source/src/torch_tm_flowpipe/symbolic_remainder.py,605,<genexpr>,300,300,0.00010484,0.00010484
/srv/local/shengenli/repaired_solver_performance_20260908T084224Z/candidate_source/src/torch_tm_flowpipe/symbolic_remainder.py,449,<genexpr>,60,60,0.00010183,0.007477977
~,0,<method 'setdefault' of 'dict' objects>,580,580,0.00010156100000000001,0.00010156100000000001
/srv/local/shengenli/repaired_solver_performance_20260908T084224Z/candidate_source/src/torch_tm_flowpipe/polynomial.py,424,<listcomp>,40,40,9.9975e-05,9.9975e-05
/srv/local/shengenli/repaired_solver_performance_20260908T084224Z/candidate_source/src/torch_tm_flowpipe/batched_dense_tm.py,3518,__sub__,40,40,9.9778e-05,0.021651862
/srv/local/shengenli/repaired_solver_performance_20260908T084224Z/candidate_source/src/torch_tm_flowpipe/flowpipe.py,1738,<dictcomp>,40,40,9.8756e-05,9.8756e-05
/srv/local/shengenli/repaired_solver_performance_20260908T084224Z/candidate_source/src/torch_tm_flowpipe/tm_vector.py,92,apply_cutoff_with_remainder,20,20,9.7989e-05,0.090235009
/srv/local/shengenli/repaired_solver_performance_20260908T084224Z/candidate_source/src/torch_tm_flowpipe/plant_reference.py,65,__post_init__,20,20,9.7484e-05,0.000167979
/srv/local/shengenli/repaired_solver_performance_20260908T084224Z/candidate_source/src/torch_tm_flowpipe/symbolic_remainder.py,197,<genexpr>,60,60,9.465700000000001e-05,0.00012268200000000002
/srv/local/shengenli/repaired_solver_performance_20260908T084224Z/candidate_source/src/torch_tm_flowpipe/batched_dense_tm.py,973,<genexpr>,80,80,9.4605e-05,0.00014586700000000002
/srv/local/shengenli/repaired_solver_performance_20260908T084224Z/candidate_source/src/torch_tm_flowpipe/flowpipe.py,1798,<genexpr>,60,60,8.940800000000001e-05,0.045381567000000005
/srv/local/shengenli/repaired_solver_performance_20260908T084224Z/candidate_source/src/torch_tm_flowpipe/flowpipe.py,1062,_tmvector_with_order,40,40,8.926000000000001e-05,0.000768474
~,0,<method 'hexdigest' of '_hashlib.HASH' objects>,40,40,8.9203e-05,8.9203e-05
/srv/local/shengenli/repaired_solver_performance_20260908T084224Z/candidate_source/src/torch_tm_flowpipe/symbolic_remainder.py,196,_identity_matrix,20,20,8.7824e-05,0.000210506
/srv/local/shengenli/repaired_solver_performance_20260908T084224Z/candidate_source/src/torch_tm_flowpipe/flowpipe.py,1063,<genexpr>,120,120,8.7781e-05,0.000510658
/srv/local/shengenli/repaired_solver_performance_20260908T084224Z/candidate_source/src/torch_tm_flowpipe/flowpipe.py,2278,<dictcomp>,20,20,8.6533e-05,8.6533e-05
/srv/local/shengenli/repaired_solver_performance_20260908T084224Z/candidate_source/src/torch_tm_flowpipe/polynomial.py,430,<listcomp>,40,40,8.5665e-05,0.000196937
/srv/local/shengenli/repaired_solver_performance_20260908T084224Z/candidate_source/src/torch_tm_flowpipe/flowpipe.py,326,normalized_initial_tm,20,20,8.4004e-05,0.018915825
~,0,<built-in method torch.empty>,20,20,8.278800000000001e-05,8.278800000000001e-05
/srv/local/shengenli/repaired_solver_performance_20260908T084224Z/candidate_source/src/torch_tm_flowpipe/symbolic_remainder.py,798,<listcomp>,40,40,8.126100000000001e-05,0.000275794
/srv/local/shengenli/miniforge3/envs/py11/lib/python3.11/site-packages/torch/storage.py,45,__init__,560,560,8.031000000000001e-05,8.031000000000001e-05
/srv/local/shengenli/repaired_solver_performance_20260908T084224Z/candidate_source/src/torch_tm_flowpipe/flowpipe.py,4682,<listcomp>,20,20,7.979800000000001e-05,0.235953358
/srv/local/shengenli/miniforge3/envs/py11/lib/python3.11/site-packages/torch/_jit_internal.py,103,is_scripting,560,560,7.873500000000001e-05,7.873500000000001e-05
/srv/local/shengenli/repaired_solver_performance_20260908T084224Z/candidate_source/src/torch_tm_flowpipe/symbolic_remainder.py,432,<genexpr>,60,60,7.840700000000001e-05,0.0038685140000000004
~,0,<method 'encode' of 'str' objects>,40,40,7.7928e-05,7.7928e-05
/srv/local/shengenli/repaired_solver_performance_20260908T084224Z/candidate_source/src/torch_tm_flowpipe/safety.py,20,<genexpr>,120,120,7.7873e-05,0.0020239150000000003
/srv/local/shengenli/repaired_solver_performance_20260908T084224Z/candidate_source/src/torch_tm_flowpipe/symbolic_remainder.py,460,<genexpr>,120,120,7.6563e-05,0.0016177840000000001
/srv/local/shengenli/miniforge3/envs/py11/lib/python3.11/json/encoder.py,105,__init__,40,40,7.315200000000001e-05,7.315200000000001e-05
/srv/local/shengenli/repaired_solver_performance_20260908T084224Z/candidate_source/src/torch_tm_flowpipe/symbolic_remainder.py,193,<genexpr>,60,60,7.312900000000001e-05,0.00012588400000000002
/srv/local/shengenli/repaired_solver_performance_20260908T084224Z/candidate_source/src/torch_tm_flowpipe/polynomial.py,228,<genexpr>,240,240,7.304700000000001e-05,7.304700000000001e-05
/srv/local/shengenli/repaired_solver_performance_20260908T084224Z/candidate_source/src/torch_tm_flowpipe/taylor_model.py,176,n_vars,200,200,7.1927e-05,7.1927e-05
/srv/local/shengenli/miniforge3/envs/py11/lib/python3.11/typing.py,2287,cast,560,560,7.1004e-05,7.1004e-05
/srv/local/shengenli/repaired_solver_performance_20260908T084224Z/candidate_source/src/torch_tm_flowpipe/prepared_remainder_replay.py,49,__init__,40,40,6.9669e-05,6.9669e-05
/srv/local/shengenli/repaired_solver_performance_20260908T084224Z/candidate_source/src/torch_tm_flowpipe/batched_dense_tm.py,2246,<listcomp>,20,20,6.8098e-05,6.8098e-05
/srv/local/shengenli/repaired_solver_performance_20260908T084224Z/candidate_source/src/torch_tm_flowpipe/flowpipe.py,1797,_tmvector_shift_polynomial_constants,20,20,6.799800000000001e-05,0.045569045
/srv/local/shengenli/repaired_solver_performance_20260908T084224Z/candidate_source/src/torch_tm_flowpipe/batched_dense_tm.py,3522,__rsub__,20,20,6.7471e-05,0.018893353
/srv/local/shengenli/repaired_solver_performance_20260908T084224Z/candidate_source/src/torch_tm_flowpipe/safety.py,19,intervals_are_finite,40,40,6.4182e-05,0.002149972
/srv/local/shengenli/repaired_solver_performance_20260908T084224Z/candidate_source/src/torch_tm_flowpipe/flowpipe.py,4020,<listcomp>,140,140,6.372800000000001e-05,6.372800000000001e-05
/srv/local/shengenli/repaired_solver_performance_20260908T084224Z/candidate_source/src/torch_tm_flowpipe/polynomial.py,431,<listcomp>,40,40,6.3497e-05,0.000133231
/srv/local/shengenli/repaired_solver_performance_20260908T084224Z/candidate_source/src/torch_tm_flowpipe/symbolic_remainder.py,472,<genexpr>,120,120,6.2834e-05,0.000478148
~,0,<built-in method torch.empty_like>,20,20,6.2029e-05,6.2029e-05
/srv/local/shengenli/repaired_solver_performance_20260908T084224Z/candidate_source/src/torch_tm_flowpipe/flowpipe.py,625,_tm_max_degree,40,40,6.179200000000001e-05,0.0013303310000000001
/srv/local/shengenli/repaired_solver_performance_20260908T084224Z/candidate_source/src/torch_tm_flowpipe/flowpipe.py,2072,<listcomp>,20,20,6.0702e-05,0.000315214
/srv/local/shengenli/repaired_solver_performance_20260908T084224Z/candidate_source/src/torch_tm_flowpipe/endpoint_substitution.py,124,<listcomp>,60,60,6.050300000000001e-05,6.050300000000001e-05
/srv/local/shengenli/repaired_solver_performance_20260908T084224Z/candidate_source/src/torch_tm_flowpipe/accepted_boundary_sr.py,139,<genexpr>,160,160,5.903e-05,5.903e-05
/srv/local/shengenli/repaired_solver_performance_20260908T084224Z/candidate_source/src/torch_tm_flowpipe/tm_vector.py,74,<genexpr>,60,60,5.8838e-05,0.022936508
/srv/local/shengenli/repaired_solver_performance_20260908T084224Z/candidate_source/src/torch_tm_flowpipe/flowpipe.py,4676,_tmvector_range_box_normal,20,20,5.8198e-05,0.23603120600000002
/srv/local/shengenli/repaired_solver_performance_20260908T084224Z/candidate_source/src/torch_tm_flowpipe/symbolic_remainder.py,443,_right_scale_interval_matrix,20,20,5.7978000000000006e-05,0.011441436000000001
/srv/local/shengenli/repaired_solver_performance_20260908T084224Z/candidate_source/src/torch_tm_flowpipe/symbolic_remainder.py,192,_right_scale_matrix,20,20,5.6267e-05,0.000182151
/srv/local/shengenli/repaired_solver_performance_20260908T084224Z/candidate_source/src/torch_tm_flowpipe/safety.py,15,interval_is_finite,80,80,5.4739000000000006e-05,0.001946042
/srv/local/shengenli/repaired_solver_performance_20260908T084224Z/candidate_source/src/torch_tm_flowpipe/symbolic_remainder.py,459,_column_width_sum,40,40,5.4222000000000004e-05,0.001753867
/srv/local/shengenli/repaired_solver_performance_20260908T084224Z/candidate_source/src/torch_tm_flowpipe/batched_dense_tm.py,3512,__add__,20,20,5.3927e-05,0.005073427
/srv/local/shengenli/repaired_solver_performance_20260908T084224Z/candidate_source/src/torch_tm_flowpipe/symbolic_remainder.py,224,_identity_interval_matrix,20,20,5.3494000000000007e-05,0.003844075
/srv/local/shengenli/repaired_solver_performance_20260908T084224Z/candidate_source/src/torch_tm_flowpipe/tm_vector.py,93,<listcomp>,20,20,5.1234000000000004e-05,0.090031177
/srv/local/shengenli/miniforge3/envs/py11/lib/python3.11/copy.py,201,_deepcopy_list,20,20,5.1207000000000006e-05,0.00012872100000000002
/srv/local/shengenli/repaired_solver_performance_20260908T084224Z/candidate_source/src/torch_tm_flowpipe/symbolic_remainder.py,709,<genexpr>,60,60,5.118e-05,0.0021633620000000003
/srv/local/shengenli/repaired_solver_performance_20260908T084224Z/candidate_source/src/torch_tm_flowpipe/symbolic_remainder.py,471,_matrix_entries,40,40,5.007e-05,0.000580492
/srv/local/shengenli/repaired_solver_performance_20260908T084224Z/candidate_source/src/torch_tm_flowpipe/batched_dense_tm.py,229,as_dict,20,20,4.922e-05,0.000492556
/srv/local/shengenli/repaired_solver_performance_20260908T084224Z/candidate_source/src/torch_tm_flowpipe/batched_dense_tm.py,68,_validate_dense_observer_mode,60,60,4.7322000000000005e-05,4.7322000000000005e-05
/srv/local/shengenli/repaired_solver_performance_20260908T084224Z/candidate_source/src/torch_tm_flowpipe/symbolic_remainder.py,464,<listcomp>,40,40,4.7166e-05,0.000984997
/srv/local/shengenli/repaired_solver_performance_20260908T084224Z/candidate_source/src/torch_tm_flowpipe/flowpipe.py,2129,<genexpr>,60,60,4.6238e-05,0.00213142
/srv/local/shengenli/repaired_solver_performance_20260908T084224Z/candidate_source/src/torch_tm_flowpipe/endpoint_substitution.py,88,<genexpr>,120,120,4.5796e-05,4.5796e-05
/srv/local/shengenli/repaired_solver_performance_20260908T084224Z/candidate_source/src/torch_tm_flowpipe/polynomial.py,453,<dictcomp>,40,40,4.5696000000000004e-05,4.5696000000000004e-05
/srv/local/shengenli/repaired_solver_performance_20260908T084224Z/candidate_source/src/torch_tm_flowpipe/prepared_remainder_replay.py,328,work_counts,20,20,4.568e-05,4.568e-05
/srv/local/shengenli/repaired_solver_performance_20260908T084224Z/candidate_source/src/torch_tm_flowpipe/symbolic_remainder.py,664,<genexpr>,60,60,4.5302e-05,6.267100000000001e-05
/srv/local/shengenli/repaired_solver_performance_20260908T084224Z/candidate_source/src/torch_tm_flowpipe/accepted_boundary_sr.py,445,<genexpr>,60,60,4.5022000000000004e-05,0.0023944640000000002
/srv/local/shengenli/repaired_solver_performance_20260908T084224Z/candidate_source/src/torch_tm_flowpipe/tm_vector.py,64,<genexpr>,60,60,4.3643e-05,0.0036910190000000002
/srv/local/shengenli/repaired_solver_performance_20260908T084224Z/candidate_source/src/torch_tm_flowpipe/batched_dense_tm.py,976,<genexpr>,80,80,4.3358e-05,5.2786000000000006e-05
/srv/local/shengenli/repaired_solver_performance_20260908T084224Z/candidate_source/src/torch_tm_flowpipe/batched_dense_tm.py,3405,domain,40,40,4.2401e-05,0.00624152
/srv/local/shengenli/repaired_solver_performance_20260908T084224Z/candidate_source/src/torch_tm_flowpipe/accepted_boundary_sr.py,217,<genexpr>,120,120,4.1792e-05,4.1792e-05
/srv/local/shengenli/repaired_solver_performance_20260908T084224Z/candidate_source/src/torch_tm_flowpipe/batched_dense_tm.py,3574,__getitem__,120,120,4.1086e-05,4.1086e-05
/srv/local/shengenli/repaired_solver_performance_20260908T084224Z/candidate_source/src/torch_tm_flowpipe/taylor_model.py,346,<listcomp>,40,40,4.0658e-05,4.0658e-05
/srv/local/shengenli/repaired_solver_performance_20260908T084224Z/candidate_source/src/torch_tm_flowpipe/batched_dense_tm.py,3276,<listcomp>,20,20,3.8254e-05,9.0968e-05
/srv/local/shengenli/repaired_solver_performance_20260908T084224Z/candidate_source/src/torch_tm_flowpipe/symbolic_remainder.py,431,_real_matrix_as_intervals,20,20,3.6967e-05,0.003905481
/srv/local/shengenli/repaired_solver_performance_20260908T084224Z/candidate_source/src/torch_tm_flowpipe/prepared_remainder_replay.py,33,is_enabled,20,20,3.6546000000000006e-05,4.5158000000000004e-05
/srv/local/shengenli/repaired_solver_performance_20260908T084224Z/candidate_source/src/torch_tm_flowpipe/tm_vector.py,63,extend_domain,20,20,3.6209000000000005e-05,0.003795086
/srv/local/shengenli/repaired_solver_performance_20260908T084224Z/candidate_source/src/torch_tm_flowpipe/tm_vector.py,73,drop_variable,20,20,3.5933e-05,0.023040902000000002
/srv/local/shengenli/repaired_solver_performance_20260908T084224Z/candidate_source/src/torch_tm_flowpipe/accepted_boundary_sr.py,462,<genexpr>,60,60,3.4174e-05,0.000543223
/srv/local/shengenli/repaired_solver_performance_20260908T084224Z/candidate_source/src/torch_tm_flowpipe/taylor_model.py,41,_poly_interval,40,40,3.3928000000000004e-05,0.001764621
/srv/local/shengenli/repaired_solver_performance_20260908T084224Z/candidate_source/src/torch_tm_flowpipe/prepared_remainder_replay.py,250,<genexpr>,120,120,3.3411e-05,3.3411e-05
/srv/local/shengenli/repaired_solver_performance_20260908T084224Z/candidate_source/src/torch_tm_flowpipe/symbolic_remainder.py,463,_column_widths,40,40,3.29e-05,0.001017897
/srv/local/shengenli/repaired_solver_performance_20260908T084224Z/candidate_source/src/torch_tm_flowpipe/flowpipe.py,1318,<genexpr>,60,60,3.1275e-05,3.6571e-05
/srv/local/shengenli/repaired_solver_performance_20260908T084224Z/candidate_source/src/torch_tm_flowpipe/batched_dense_tm.py,3236,accepted,80,80,3.0792e-05,3.0792e-05
/srv/local/shengenli/repaired_solver_performance_20260908T084224Z/candidate_source/src/torch_tm_flowpipe/prepared_remainder_replay.py,91,<lambda>,100,100,3.0711000000000005e-05,3.0711000000000005e-05
/srv/local/shengenli/repaired_solver_performance_20260908T084224Z/candidate_source/src/torch_tm_flowpipe/batched_dense_tm.py,4667,<genexpr>,60,60,2.8812e-05,2.8812e-05
/srv/local/shengenli/repaired_solver_performance_20260908T084224Z/candidate_source/src/torch_tm_flowpipe/flowpipe.py,387,<genexpr>,60,60,2.8726000000000002e-05,3.4382000000000004e-05
/srv/local/shengenli/repaired_solver_performance_20260908T084224Z/candidate_source/src/torch_tm_flowpipe/plant_reference.py,86,<genexpr>,60,60,2.8517e-05,3.4047e-05
/srv/local/shengenli/repaired_solver_performance_20260908T084224Z/candidate_source/src/torch_tm_flowpipe/flowpipe.py,1933,<genexpr>,60,60,2.7167000000000003e-05,3.0457000000000003e-05
/srv/local/shengenli/repaired_solver_performance_20260908T084224Z/candidate_source/src/torch_tm_flowpipe/batched_dense_tm.py,3277,<listcomp>,20,20,2.7014000000000003e-05,7.773900000000001e-05
/srv/local/shengenli/repaired_solver_performance_20260908T084224Z/candidate_source/src/torch_tm_flowpipe/batched_dense_tm.py,3648,<genexpr>,60,60,2.6199e-05,3.7819000000000005e-05
/srv/local/shengenli/repaired_solver_performance_20260908T084224Z/candidate_source/src/torch_tm_flowpipe/symbolic_remainder.py,715,<genexpr>,60,60,2.5848e-05,2.5848e-05
/srv/local/shengenli/repaired_solver_performance_20260908T084224Z/candidate_source/src/torch_tm_flowpipe/accepted_boundary_sr.py,468,<genexpr>,60,60,2.4487e-05,0.000497334
/srv/local/shengenli/repaired_solver_performance_20260908T084224Z/candidate_source/src/torch_tm_flowpipe/flowpipe.py,1801,_right_map_range_box_for_mode,20,20,2.3682e-05,0.34960171300000004
~,0,<built-in method builtins.min>,40,40,2.3407e-05,2.3407e-05
/srv/local/shengenli/repaired_solver_performance_20260908T084224Z/candidate_source/src/torch_tm_flowpipe/accepted_boundary_sr.py,130,<listcomp>,40,40,2.32e-05,2.32e-05
/srv/local/shengenli/repaired_solver_performance_20260908T084224Z/candidate_source/src/torch_tm_flowpipe/accepted_boundary_sr.py,170,<genexpr>,60,60,2.3035000000000002e-05,2.6201000000000002e-05
/srv/local/shengenli/repaired_solver_performance_20260908T084224Z/candidate_source/src/torch_tm_flowpipe/accepted_boundary_sr.py,465,<genexpr>,60,60,2.2811000000000002e-05,0.0005039430000000001
/srv/local/shengenli/repaired_solver_performance_20260908T084224Z/candidate_source/src/torch_tm_flowpipe/flowpipe.py,2384,<genexpr>,60,60,2.2576000000000002e-05,2.6978e-05
/srv/local/shengenli/miniforge3/envs/py11/lib/python3.11/dataclasses.py,1253,_is_dataclass_instance,20,20,2.103e-05,3.0385e-05
/srv/local/shengenli/repaired_solver_performance_20260908T084224Z/candidate_source/experiments/run_brusselator_sr1000_parity.py,107,<genexpr>,60,60,1.9597000000000002e-05,1.9597000000000002e-05
/srv/local/shengenli/repaired_solver_performance_20260908T084224Z/candidate_source/src/torch_tm_flowpipe/tm_vector.py,71,<genexpr>,60,60,1.9509000000000002e-05,1.9509000000000002e-05
/srv/local/shengenli/repaired_solver_performance_20260908T084224Z/candidate_source/src/torch_tm_flowpipe/batched_dense_tm.py,164,<genexpr>,60,60,1.8768e-05,1.8768e-05
/srv/local/shengenli/repaired_solver_performance_20260908T084224Z/candidate_source/src/torch_tm_flowpipe/flowpipe.py,2385,<genexpr>,60,60,1.8056e-05,2.1553000000000002e-05
~,0,<built-in method builtins.setattr>,80,80,1.6448000000000002e-05,1.6448000000000002e-05
/srv/local/shengenli/repaired_solver_performance_20260908T084224Z/candidate_source/src/torch_tm_flowpipe/symbolic_remainder.py,722,<genexpr>,60,60,1.5929e-05,1.5929e-05
/srv/local/shengenli/repaired_solver_performance_20260908T084224Z/candidate_source/src/torch_tm_flowpipe/flowpipe.py,159,__post_init__,20,20,1.5731000000000002e-05,1.5731000000000002e-05
~,0,<method 'pop' of 'dict' objects>,40,40,1.5141000000000001e-05,1.5141000000000001e-05
/srv/local/shengenli/repaired_solver_performance_20260908T084224Z/candidate_source/src/torch_tm_flowpipe/batched_dense_tm.py,3655,<listcomp>,20,20,1.3076000000000002e-05,1.3076000000000002e-05
/srv/local/shengenli/repaired_solver_performance_20260908T084224Z/candidate_source/src/torch_tm_flowpipe/flowpipe.py,2195,<listcomp>,20,20,1.2905000000000001e-05,1.2905000000000001e-05
/srv/local/shengenli/repaired_solver_performance_20260908T084224Z/candidate_source/src/torch_tm_flowpipe/batched_dense_tm.py,3565,__init__,20,20,1.2844000000000001e-05,1.2844000000000001e-05
~,0,<method 'disable' of '_lsprof.Profiler' objects>,20,20,1.2663e-05,1.2663e-05
/srv/local/shengenli/repaired_solver_performance_20260908T084224Z/candidate_source/src/torch_tm_flowpipe/tm_vector.py,94,<genexpr>,60,60,1.2565e-05,1.2565e-05
/srv/local/shengenli/repaired_solver_performance_20260908T084224Z/candidate_source/src/torch_tm_flowpipe/flowpipe.py,2238,<listcomp>,20,20,1.0896e-05,1.0896e-05
/srv/local/shengenli/repaired_solver_performance_20260908T084224Z/candidate_source/src/torch_tm_flowpipe/prepared_remainder_replay.py,97,<lambda>,40,40,1.0880000000000001e-05,1.0880000000000001e-05
/srv/local/shengenli/repaired_solver_performance_20260908T084224Z/candidate_source/src/torch_tm_flowpipe/flowpipe.py,6124,<listcomp>,20,20,8.8e-06,8.8e-06
~,0,<method 'get' of '_contextvars.ContextVar' objects>,20,20,8.612e-06,8.612e-06
/srv/local/shengenli/repaired_solver_performance_20260908T084224Z/candidate_source/src/torch_tm_flowpipe/flowpipe.py,6129,<genexpr>,20,20,5.607000000000001e-06,5.607000000000001e-06
