step,t_start,t_end,h,h_hex,scheduler_time_hex,t_start_exact,t_end_exact,safety_check_passed,queue_size,queue_reset_count,published_endpoint_x_lo,published_endpoint_x_hi,published_endpoint_y_lo,published_endpoint_y_hi,common_endpoint_x_lo,common_endpoint_x_hi,common_endpoint_y_lo,common_endpoint_y_hi,published_tube_x_lo,published_tube_x_hi,published_tube_y_lo,published_tube_y_hi,common_tube_x_lo,common_tube_x_hi,common_tube_y_lo,common_tube_y_hi
1,0.0,0.01,0.01,0x1.47ae147ae147bp-7,0x1.47ae147ae147bp-7,0,5764607523034235/576460752303423488,True,1,0,1.1234178287800551,1.4243144325118016,2.3123280567849647,2.4336373987696858,1.1234178287800565,1.4243144325118002,2.312328056784968,2.433637398769682,1.099309738103765,1.4245550667800313,2.3116622683089743,2.4610647926212508,1.0993097381037682,1.4245550667800282,2.3116622683089822,2.461064792621243
2,0.01,0.02,0.01,0x1.47ae147ae147bp-7,0x1.47ae147ae147bp-6,5764607523034235/576460752303423488,5764607523034235/288230376151711744,True,2,0,1.1464521782433623,1.4484647162429092,2.2731231696448493,2.416321914175911,1.1464521782433632,1.4484647162429083,2.273123169644853,2.4163219141759074,1.1226097159630968,1.4487148700898649,2.272243310280373,2.4454638862357836,1.1226097159630999,1.448714870089862,2.272243310280382,2.445463886235775
3,0.02,0.03,0.01,0x1.47ae147ae147bp-7,0x1.eb851eb851eb8p-6,5764607523034235/288230376151711744,17293822569102705/576460752303423488,True,3,0,1.169299183769991,1.4722224120674787,2.2326082683882165,2.3973917856029403,1.1692991837699924,1.4722224120674774,2.23260826838822,2.397391785602937,1.145737360118985,1.4724818959778565,2.231472890988584,2.4282521179269905,1.1457373601189877,1.4724818959778538,2.231472890988592,2.428252117926982
4,0.03,0.04,0.01,0x1.47ae147ae147bp-7,0x1.47ae147ae147bp-5,17293822569102705/576460752303423488,5764607523034235/144115188075855872,True,4,0,1.1919455475319485,1.4955719767111917,2.1908615046353117,2.3768535379191627,1.1919455475319496,1.4955719767111906,2.1908615046353144,2.37685353791916,1.168679059343397,1.4958405143445497,2.189446474537785,2.4094140128925283,1.1686790593434004,1.4958405143445466,2.189446474537793,2.409414012892521
5,0.04,0.05,0.01,0x1.47ae147ae147bp-7,0x1.999999999999ap-5,5764607523034235/144115188075855872,28823037615171175/576460752303423488,True,5,0,1.2143781285561015,1.5184986024230727,2.147964631139461,2.35471909557841,1.2143781285561026,1.5184986024230716,2.1479646311394642,2.3547190955784068,1.1914212583337087,1.5187758855599667,2.146247126263123,2.3889556792750932,1.1914212583337116,1.5187758855599638,2.1462471262631313,2.3889556792750857
6,0.05,0.06,0.01,0x1.47ae147ae147bp-7,0x1.eb851eb851eb8p-5,28823037615171175/576460752303423488,17293822569102705/288230376151711744,True,6,0,1.2365839762055164,1.5409882714534062,2.1040025077139606,2.331005842770984,1.2365839762055177,1.5409882714534051,2.104002507713964,2.3310058427709808,1.213950547062238,1.5412739610777975,2.101961243995508,2.366888676663546,1.213950547062241,1.5412739610777944,2.1019612439955164,2.366888676663538
7,0.06,0.07,0.01,0x1.47ae147ae147bp-7,0x1.1eb851eb851ecp-4,17293822569102705/288230376151711744,40352252661239645/576460752303423488,True,7,0,1.2585503665660522,1.5630278029632403,2.059062587652395,2.305736639733627,1.2585503665660533,1.563027802963239,2.059062587652398,2.305736639733624,1.2362536992412645,1.563321530598372,2.056678028880695,2.3432300797295755,1.2362536992412672,1.5633215305983694,2.0566780288807025,2.3432300797295675
8,0.07,0.08,0.01,0x1.47ae147ae147bp-7,0x1.47ae147ae147bp-4,40352252661239645/576460752303423488,5764607523034235/72057594037927936,True,8,0,1.2802648368967622,1.5846048965953687,2.0132343895213927,2.2789397950677297,1.2802648368967635,1.5846048965953674,2.013234389521396,2.278939795067726,1.2583177091656692,1.5849062658849737,2.010488938370371,2.3180024986892604,1.2583177091656723,1.5849062658849706,2.0104889383703797,2.318002498689252
9,0.08,0.09,0.01,0x1.47ae147ae147bp-7,0x1.70a3d70a3d70ap-4,5764607523034235/72057594037927936,51881467707308115/576460752303423488,True,9,0,1.301715219432946,1.6057081708582128,1.9666089612130813,2.250648992713334,1.3017152194329473,1.6057081708582115,1.966608961213083,2.2506489927133306,1.280129828201007,1.606016759380148,1.963487128609875,2.291234054516168,1.2801298282010103,1.6060167593801449,1.9634871286098807,2.2912340545161602
10,0.09,0.1,0.01,0x1.47ae147ae147bp-7,0x1.999999999999ap-4,51881467707308115/576460752303423488,28823037615171175/288230376151711744,True,10,0,1.3228896742737226,1.6263271960897125,1.919278341733373,2.2209031743020553,1.322889674273724,1.626327196089711,1.9192783417333745,2.220903174302052,1.301677600622829,1.6266425573857708,1.9157668920741568,2.2629583089155423,1.301677600622832,1.6266425573857677,1.9157668920741617,2.262958308915534
11,0.1,0.11,0.01,0x1.47ae147ae147bp-7,0x1.c28f5c28f5c29p-4,28823037615171175/288230376151711744,63410682753376585/576460752303423488,True,11,0,1.3437767211005147,1.6464525218188155,1.8713350278474299,2.1897463765375984,1.343776721100516,1.6464525218188144,1.8713350278474319,2.189746376537595,1.3229488985244298,1.6467741876211481,1.8674230980387596,2.2332141479570335,1.3229488985244326,1.646774187621145,1.8674230980387647,2.2332141479570256
12,0.11,0.12,0.01,0x1.47ae147ae147bp-7,0x1.eb851eb851eb8p-4,63410682753376585/576460752303423488,17293822569102705/144115188075855872,True,12,0,1.3643652696150939,1.6660756982702412,1.822871459459099,2.1572275169535584,1.3643652696150952,1.6660756982702398,1.8228714594591005,2.1572275169535553,1.3439319556505434,1.6664031809008473,1.8185506504614797,2.202045611788588,1.3439319556505465,1.6664031809008437,1.8185506504614837,2.2020456117885794
13,0.12,0.13,0.01,0x1.47ae147ae147bp-7,0x1.0a3d70a3d70a4p-3,17293822569102705/144115188075855872,74939897799445055/576460752303423488,True,13,0,1.38464464849716,1.6851892919208629,1.7739795108140664,2.123400148518407,1.3846446484971613,1.6851892919208615,1.7739795108140681,2.1234001485184035,1.3646153999204247,1.6855220868400622,1.76924395044693,2.1695016906524622,1.3646153999204278,1.685522086840059,1.7692439504469342,2.1695016906524547
14,0.13,0.14,0.01,0x1.47ae147ae147bp-7,0x1.1eb851eb851ecp-3,74939897799445055/576460752303423488,40352252661239645/288230376151711744,True,14,0,1.4046046323624375,1.7037868954120756,1.7247500103558944,2.0883221680196953,1.4046046323624388,1.703786895412074,1.7247500103558964,2.0883221680196926,1.3849882840866685,1.7041244838880822,1.7195950318248072,2.1356374263313223,1.3849882840866719,1.7041244838880791,1.7195950318248117,2.1356374263313156
15,0.14,0.15,0.01,0x1.47ae147ae147bp-7,0x1.3333333333333p-3,40352252661239645/288230376151711744,86469112845513525/576460752303423488,True,15,0,1.4242354573000915,1.7218631385841878,1.6752712827340839,2.05205624067755,1.4242354573000928,1.7218631385841867,1.6752712827340859,2.052056240677547,1.4050401049614674,1.7222049905638845,1.6696957243153014,2.1005107204626747,1.4050401049614705,1.7222049905638817,1.6696957243153059,2.100510720462667
16,0.15,0.16,0.01,0x1.47ae147ae147bp-7,0x1.47ae147ae147bp-3,86469112845513525/576460752303423488,5764607523034235/36028797018963968,True,16,0,1.4435278641360443,1.7394136714508905,1.6256309724916191,2.0146676916744313,1.4435278641360458,1.7394136714508892,1.6256309724916205,2.014667691674428,1.424760850778572,1.739759248251038,1.6196365021835715,2.0641832020607755,1.424760850778575,1.7397592482510351,1.6196365021835755,2.064183202060768
17,0.16,0.17,0.01,0x1.47ae147ae147bp-7,0x1.5c28f5c28f5c3p-3,5764607523034235/36028797018963968,97998327891581995/576460752303423488,True,17,0,1.462473099133364,1.7564351774270706,1.5759136134797251,1.976226208437685,1.4624730991333652,1.7564351774270697,1.5759136134797271,1.976226208437683,1.444141005470492,1.756783934758226,1.5695043824818729,2.0267215981201874,1.4441410054704953,1.7567839347582228,1.569504382481877,2.0267215981201803
18,0.17,0.18,0.01,0x1.47ae147ae147bp-7,0x1.70a3d70a3d70ap-3,97998327891581995/576460752303423488,51881467707308115/288230376151711744,True,18,0,1.4810629476151498,1.7729253395763818,1.5262015635689452,1.9368035575212557,1.4810629476151507,1.7729253395763809,1.5262015635689472,1.9368035575212539,1.4631715864322832,1.7732767302884491,1.5193841410654236,1.988195162677013,1.4631715864322863,1.7732767302884458,1.519384141065428,1.9881951626770085
19,0.18,0.19,0.01,0x1.47ae147ae147bp-7,0x1.851eb851eb852p-3,51881467707308115/288230376151711744,109527542937650465/576460752303423488,True,19,0,1.4992897064482902,1.7888828691413723,1.4765747076180125,1.896473423318645,1.4992897064482917,1.788882869141371,1.4765747076180142,1.8964734233186433,1.481844120762782,1.7892363459915548,1.4693580183837478,1.9486755027196065,1.481844120762785,1.7892363459915517,1.469358018383752,1.9486755027196025
20,0.19,0.2,0.01,0x1.47ae147ae147bp-7,0x1.999999999999ap-3,109527542937650465/576460752303423488,28823037615171175/144115188075855872,True,20,0,1.5171462132112798,1.804307467196823,1.4270991303555378,1.8553220163080881,1.5171462132112812,1.8043074671968218,1.4270991303555398,1.8553220163080864,1.5001506763124457,1.8046624874013126,1.4194939568001441,1.908247608799193,1.5001506763124488,1.8046624874013095,1.419493956800148,1.9082476087991889
21,0.2,0.21,0.01,0x1.47ae147ae147bp-7,0x1.ae147ae147ae1p-3,28823037615171175/144115188075855872,121056757983718935/576460752303423488,True,21,0,1.5346195171795198,1.8192061373608301,1.3772117783957256,1.8140626714988342,1.5346195171795212,1.8192061373608288,1.3772117783957274,1.8140626714988326,1.5180774244831987,1.8195622788488588,1.3692076781239233,1.8676470218335068,1.5180774244832018,1.8195622788488557,1.3692076781239277,1.8676470218335024
22,0.21,0.22,0.01,0x1.47ae147ae147bp-7,0x1.c28f5c28f5c29p-3,121056757983718935/576460752303423488,63410682753376585/288230376151711744,True,22,0,1.5517066024621549,1.833577439986217,1.3272740663846243,1.7724817237286963,1.551706602462156,1.8335774399862157,1.327274066384626,1.7724817237286945,1.5356206397166607,1.8339342446450226,1.318871428824555,1.8266505506014927,1.5356206397166638,1.8339342446450195,1.3188714288245589,1.826650550601489
23,0.22,0.23,0.01,0x1.47ae147ae147bp-7,0x1.d70a3d70a3d71p-3,63410682753376585/288230376151711744,132585973029787405/576460752303423488,True,23,0,1.5684052925351815,1.8474205583021701,1.277661692747669,1.7303480126261275,1.5684052925351828,1.8474205583021688,1.2776616927476705,1.7303480126261257,1.5527774581444538,1.8477775242481254,1.2688735959802275,1.7850159555062814,1.5527774581444567,1.8477775242481222,1.2688735959802315,1.7850159555062775
24,0.23,0.24,0.01,0x1.47ae147ae147bp-7,0x1.eb851eb851eb8p-3,132585973029787405/576460752303423488,17293822569102705/72057594037927936,True,24,0,1.5847109340808372,1.8607385794974587,1.2284444850994185,1.6877324464452865,1.5847109340808383,1.8607385794974574,1.2284444850994205,1.6877324464452848,1.5695425015508002,1.8610952161475531,1.2192858471550918,1.7428141950444325,1.5695425015508033,1.8610952161475502,1.219285847155096,1.742814195044428
25,0.24,0.25,0.01,0x1.47ae147ae147bp-7,0x1.0000000000000p-2,17293822569102705/72057594037927936,144115188075855875/576460752303423488,True,25,0,1.6006194709220103,1.873535380423295,1.1796880525947198,1.644705862603535,1.6006194709220116,1.8735353804232937,1.179688052594721,1.6447058626035336,1.5859109651834455,1.8738912523767342,1.1701628901999805,1.7001291544675758,1.5859109651834487,1.8738912523767313,1.1701628901999845,1.7001291544675718
26,0.25,0.26,0.01,0x1.47ae147ae147bp-7,0x1.0a3d70a3d70a4p-2,144115188075855875/576460752303423488,74939897799445055/288230376151711744,True,26,0,1.6161274464079893,1.8858155799276715,1.1314536738903338,1.6013386783830625,1.6161274464079909,1.8858155799276701,1.1314536738903356,1.6013386783830608,1.6018786807933798,1.886170292629796,1.121559767861203,1.6570398642566027,1.601878680793383,1.8861702926297932,1.1215597678612075,1.6570398642565984
27,0.26,0.27,0.01,0x1.47ae147ae147bp-7,0x1.147ae147ae148p-2,74939897799445055/288230376151711744,155644403121924345/576460752303423488,True,27,0,1.6312319950159737,1.897584497620957,1.0837981878650338,1.5577005915164666,1.6312319950159753,1.8975844976209557,1.0837981878650353,1.5577005915164646,1.6174421925065072,1.897937600933256,1.0735563198414786,1.6135956030009042,1.6174421925065103,1.897937600933253,1.0735563198414828,1.6135956030009002
28,0.27,0.28,0.01,0x1.47ae147ae147bp-7,0x1.1eb851eb851ecp-2,155644403121924345/576460752303423488,40352252661239645/144115188075855872,True,28,0,1.6459308372848407,1.9088481054887012,1.0367739381731012,1.5138602804941534,1.645930837284842,1.9088481054887,1.0367739381731031,1.5138602804941514,1.6325985839606385,1.9091991669657704,1.0262061575491186,1.5698665407163293,1.6325985839606414,1.9091991669657673,1.0262061575491221,1.5698665407163257
29,0.28,0.29,0.01,0x1.47ae147ae147bp-7,0x1.28f5c28f5c28fp-2,40352252661239645/144115188075855872,167173618167992815/576460752303423488,True,29,0,1.6602222711020211,1.9196129798679633,0.9904287539842224,1.469885122394233,1.6602222711020225,1.9196129798679618,0.9904287539842233,1.4698851223942315,1.6473455432178716,1.9199615860504748,0.9795581836311826,1.5259218909993562,1.6473455432178747,1.919961586050472,0.9795581836311852,1.5259218909993524
30,0.29,0.3,0.01,0x1.47ae147ae147bp-7,0x1.3333333333333p-2,167173618167992815/576460752303423488,86469112845513525/288230376151711744,True,30,0,1.6741051607899928,1.9298862528765697,0.944805966537219,1.4258409281595368,1.674105160789994,1.9298862528765683,0.94480596653722,1.4258409281595354,1.661681353403411,1.9302320104054944,0.9336566073739616,1.4818296208034194,1.661681353403414,1.9302320104054913,0.9336566073739642,1.4818296208034156
31,0.3,0.31,0.01,0x1.47ae147ae147bp-7,0x1.3d70a3d70a3d7p-2,86469112845513525/288230376151711744,178702833214061285/576460752303423488,True,31,0,1.6875772516475127,1.9396772361445795,0.8999443373909345,1.3817918140945868,1.6875772516475138,1.9396772361445784,0.8999443373909354,1.381791814094585,1.6756032076505893,1.9400197735810254,0.8885408683304915,1.4376563004248217,1.6756032076505922,1.9400197735810225,0.888540868330494,1.437656300424818
32,0.31,0.32,0.01,0x1.47ae147ae147bp-7,0x1.47ae147ae147bp-2,178702833214061285/576460752303423488,5764607523034235/18014398509481984,True,32,0,1.700574679909123,1.9490578466300221,0.8558744349146646,1.337803533713453,1.7005746799091241,1.949057846630021,0.8558744349146655,1.3378035337134515,1.689046689126669,1.9493968470605414,0.8442418280501107,1.3934705947581743,1.6890466891266722,1.9493968470605387,0.8442418280501135,1.3934705947581705
33,0.32,0.33,0.01,0x1.47ae147ae147bp-7,0x1.51eb851eb851fp-2,5764607523034235/18014398509481984,190232048260129755/576460752303423488,True,33,0,1.7130955430371742,1.9580389735248582,0.812626628401455,1.2939357131770415,1.7130955430371753,1.9580389735248571,0.812626628401456,1.2939357131770397,1.702009408149335,1.9583741409453936,0.800790155211676,1.3493350833717557,1.7020094081493378,1.9583741409453908,0.8007901552116787,1.3493350833717515
34,0.33,0.34,0.01,0x1.47ae147ae147bp-7,0x1.5c28f5c28f5c3p-2,190232048260129755/576460752303423488,97998327891581995/288230376151711744,True,34,0,1.7251982450157917,1.9665720673789755,0.7702306886524101,1.250242154887778,1.7251982450157928,1.9665720673789742,0.7702306886524108,1.2502421548877765,1.714549343105089,1.9669030978199606,0.7582159317915185,1.3053065353851883,1.7145493431050922,1.9669030978199575,0.7582159317915211,1.3053065353851838
35,0.34,0.35000000000000003,0.01,0x1.47ae147ae147bp-7,0x1.6666666666667p-2,97998327891581995/288230376151711744,201761263306198225/576460752303423488,True,35,0,1.7368846298869955,1.9746659393846067,0.7287072147475115,1.2067791262689018,1.7368846298869969,1.9746659393846053,0.7287072147475124,1.2067791262689005,1.7266679145137702,1.9749925516486544,0.7165396438057058,1.2614446125166738,1.7266679145137738,1.9749925516486508,0.7165396438057081,1.2614446125166696
36,0.35000000000000003,0.36,0.01,0x1.47ae147ae147bp-7,0x1.70a3d70a3d70ap-2,201761263306198225/576460752303423488,51881467707308115/144115188075855872,True,36,0,1.7481570799446386,1.9823295985110145,0.6880760268792521,1.1635971479566012,1.74815707994464,1.9823295985110132,0.6880760268792527,1.1635971479565999,1.7383671145261812,1.9826515335377208,0.6757808230902337,1.2178033880717694,1.7383671145261843,1.9826515335377177,0.6757808230902356,1.2178033880717658
37,0.36,0.37,0.01,0x1.47ae147ae147bp-7,0x1.7ae147ae147aep-2,51881467707308115/144115188075855872,213290478352266695/576460752303423488,True,37,0,1.7590184450869812,1.9895722571902097,0.6483519520413683,1.1207452785944079,1.7590184450869824,1.9895722571902086,0.6483519520413693,1.1207452785944063,1.7496494350947764,1.989889278339027,0.6359540483966932,1.1744353976768673,1.7496494350947793,1.989889278339024,0.6359540483966953,1.1744353976768638
38,0.37,0.38,0.01,0x1.47ae147ae147bp-7,0x1.851eb851eb852p-2,213290478352266695/576460752303423488,109527542937650465/288230376151711744,True,38,0,1.7694720269351396,1.9964032831211134,0.6095462098373097,1.0782698340006363,1.7694720269351412,1.996403283121112,0.6095462098373106,1.0782698340006347,1.7605178520634803,1.9967151760408113,0.5970701690257031,1.1313905036388197,1.7605178520634839,1.996715176040808,0.5970701690257052,1.131390503638816
39,0.38,0.39,0.01,0x1.47ae147ae147bp-7,0x1.8f5c28f5c28f6p-2,109527542937650465/288230376151711744,224819693398335165/576460752303423488,True,39,0,1.7795215518490426,2.002832163382823,0.5716667410974456,1.036214193974749,1.779521551849044,2.0028321633828208,0.5716667410974465,1.0362141939747476,1.7709757977329108,2.003138735728332,0.5591365282221303,1.088715791701219,1.770975797732914,2.003138735728328,0.5591365282221323,1.0887157917012151
40,0.39,0.4,0.01,0x1.47ae147ae147bp-7,0x1.999999999999ap-2,224819693398335165/576460752303423488,28823037615171175/72057594037927936,True,40,0,1.789171142281422,2.0088684717047043,0.5347184055547985,0.9946187671353576,1.7891711422814234,2.008868471704702,0.5347184055547994,0.9946187671353566,1.7810271315760688,2.009169552744822,0.522157278389639,1.0464554047954535,1.7810271315760715,2.0091695527448175,0.522157278389641,1.0464554047954502
41,0.4,0.41000000000000003,0.01,0x1.47ae147ae147bp-7,0x1.a3d70a3d70a3ep-2,28823037615171175/72057594037927936,236348908444403635/576460752303423488,True,41,0,1.798425287996084,2.014521837620916,0.498703185373039,0.953520973584786,1.7984252879960851,2.014521837620914,0.4987031853730396,0.9535209735847852,1.790676110681391,2.014817277746884,0.48613359776330106,1.0046505007257758,1.7906761106813942,2.0148172777468805,0.4861335977633026,1.0046505007257729
42,0.41000000000000003,0.42,0.01,0x1.47ae147ae147bp-7,0x1.ae147ae147ae1p-2,236348908444403635/576460752303423488,121056757983718935/288230376151711744,True,42,0,1.80728881732559,2.019801917554046,0.4636203899347492,0.9129552466310754,1.8072888173255912,2.0198019175540436,0.4636203899347497,0.9129552466310746,1.7999273297155067,2.0200916180988093,0.45105478860691756,0.9633483503287233,1.79992732971551,2.0200916180988044,0.451054788606919,0.9633483503287212
43,0.42,0.43,0.01,0x1.47ae147ae147bp-7,0x1.b851eb851eb85p-2,121056757983718935/288230376151711744,247878123490472105/576460752303423488,True,43,0,1.8157668681634282,2.0247183683194567,0.42946685934523315,0.8729530528507501,1.8157668681634294,2.0247183683194545,0.4294668593452336,0.8729530528507492,1.8087857822243762,2.025002219990365,0.4169258864012785,0.9225749433290141,1.8087857822243791,2.0250022199903603,0.4169258864012798,0.9225749433290119
44,0.43,0.44,0.01,0x1.47ae147ae147bp-7,0x1.c28f5c28f5c29p-2,247878123490472105/576460752303423488,63410682753376585/144115188075855872,True,44,0,1.8238648584656958,2.0292808234300126,0.3962371666669897,0.8335429273476804,1.823864858465697,2.029280823430011,0.39623716666699016,0.8335429273476797,1.8172567399456767,2.029558734775908,0.38374084439052364,0.8823620343293785,1.8172567399456796,2.0295587347759034,0.38374084439052497,0.8823620343293764
45,0.44,0.45,0.01,0x1.47ae147ae147bp-7,0x1.ccccccccccccdp-2,63410682753376585/144115188075855872,259407338536540575/576460752303423488,True,45,0,1.8315884650586214,2.0334988635290587,0.36392381573816013,0.794750524391435,1.8315884650586225,2.033498863529057,0.36392381573816057,0.7947505243914342,1.8253457584011712,2.033770761405526,0.35149112646091324,0.8427387929181419,1.825345758401174,2.0337707614055214,0.3514911264609147,0.8427387929181398
46,0.45,0.46,0.01,0x1.47ae147ae147bp-7,0x1.d70a3d70a3d71p-2,259407338536540575/576460752303423488,132585973029787405/288230376151711744,True,46,0,1.8389435895959445,2.0373820022027602,0.33251743323265265,0.7565986819569605,1.8389435895959458,2.0373820022027584,0.3325174332326531,0.7565986819569596,1.8330586428631954,2.037647830963646,0.32016627970541567,0.8037314836319576,1.8330586428631985,2.037647830963642,0.32016627970541695,0.8037314836319553
47,0.46,0.47000000000000003,0.01,0x1.47ae147ae147bp-7,0x1.e147ae147ae15p-2,132585973029787405/288230376151711744,270936553582609045/576460752303423488,True,47,0,1.8459363276054952,2.0409396713008734,0.3020069511003402,0.7191075014456021,1.845936327605496,2.0409396713008716,0.30200695110034076,0.7191075014456012,1.840401416137579,2.041199391954711,0.2897541277343461,0.7653635320355286,1.8404014161375821,2.041199391954707,0.28975412773434744,0.7653635320355268
48,0.47000000000000003,0.48,0.01,0x1.47ae147ae147bp-7,0x1.eb851eb851eb8p-2,270936553582609045/576460752303423488,17293822569102705/36028797018963968,True,48,0,1.852572949397574,2.0441811972690878,0.27237978314527944,0.682294459697795,1.8525729493975756,2.044181197269086,0.2723797831452799,0.6822944596977941,1.8473802981816985,2.0444347866054633,0.2602409575267802,0.7276556248902731,1.8473802981817018,2.044434786605459,0.26024095752678134,0.7276556248902711
49,0.48,0.49,0.01,0x1.47ae147ae147bp-7,0x1.f5c28f5c28f5cp-2,17293822569102705/36028797018963968,282465768628677515/576460752303423488,True,49,0,1.8588598972380952,2.047115764097582,0.243621990009324,0.6461745554809833,1.8588598972380963,2.04711576409758,0.24362199000932425,0.6461745554809823,1.8540017017778105,2.047363213982786,0.231611616285749,0.6906259242950749,1.8540017017778134,2.0473632139827815,0.2316116162857497,0.6906259242950729
50,0.49,0.5,0.01,0x1.47ae147ae147bp-7,0x1.0000000000000p-1,282465768628677515/576460752303423488,144115188075855875/288230376151711744,True,50,0,1.8648037253068614,2.049752432793983,0.21571837032165295,0.610760193789902,1.8648037253068628,2.0497524327939813,0.2157183703216532,0.6107601937899011,1.8602721711837416,2.049993749444006,0.20384962469315782,0.6542899303948326,1.8602721711837444,2.0499937494440017,0.2038496246931585,0.6542899303948311
51,0.5,0.51,0.01,0x1.47ae147ae147bp-7,0x1.051eb851eb852p-1,144115188075855875/288230376151711744,293994983674745985/576460752303423488,True,51,0,1.8704110942905867,2.0521001152801537,0.18865282949067963,0.5760614314147948,1.870411094290588,2.052100115280152,0.1886528294906799,0.576061431414794,1.8661983765604762,2.052335317378507,0.17693799917721514,0.618660274870457,1.866198376560479,2.052335317378502,0.17693799917721584,0.6186602748704553
52,0.51,0.52,0.01,0x1.47ae147ae147bp-7,0x1.0a3d70a3d70a4p-1,293994983674745985/576460752303423488,74939897799445055/144115188075855872,True,52,0,1.8756887486167861,2.05416756343036,0.1624083943101773,0.5420860900030817,1.875688748616787,2.054167563430358,0.16240839431017756,0.5420860900030808,1.8717870883392267,2.0543966818100747,0.15085865648360883,0.583747446212696,1.8717870883392296,2.05439668181007,0.15085865648360947,0.5837474462126943
53,0.52,0.53,0.01,0x1.47ae147ae147bp-7,0x1.0f5c28f5c28f6p-1,74939897799445055/144115188075855872,305524198720814455/576460752303423488,True,53,0,1.8806434962598133,2.055963359396484,0.13696734889496917,0.5088398725606409,1.8806434962598144,2.0559633593964817,0.13696734889496942,0.50883987256064,1.8770451563329045,2.0561864361392814,0.12559279237218596,0.5495596663189087,1.8770451563329076,2.056186436139277,0.1255927923721866,0.5495596663189067
54,0.53,0.54,0.01,0x1.47ae147ae147bp-7,0x1.147ae147ae148p-1,305524198720814455/576460752303423488,155644403121924345/288230376151711744,True,54,0,1.8852821894549872,2.0574959075169965,0.11231136146602468,0.47632648223728186,1.8852821894549883,2.0574959075169943,0.11231136146602487,0.47632648223728147,1.8819794891907733,2.0577129950660917,0.10112101394363883,0.5161030071761161,1.8819794891907764,2.0577129950660873,0.1011210139436393,0.5161030071761143
55,0.54,0.55,0.01,0x1.47ae147ae147bp-7,0x1.199999999999ap-1,155644403121924345/288230376151711744,317053413766882925/576460752303423488,True,55,0,1.889611672256772,2.0587734618003615,0.08841819373010411,0.44455115047639016,1.889611672256773,2.0587734618003597,0.08841819373010429,0.4445511504763896,1.8865969997201124,2.058984623100863,0.07741985129846601,0.4833851206614912,1.8865969997201155,2.0589846231008586,0.0774198512984665,0.4833851206614901
56,0.55,0.56,0.01,0x1.47ae147ae147bp-7,0x1.1eb851eb851ecp-1,317053413766882925/576460752303423488,40352252661239645/72057594037927936,True,56,0,1.8936385006900136,2.0598043831543653,0.06523588555882608,0.41354668000739614,1.893638500690015,2.0598043831543635,0.06523588555882624,0.4135466800073957,1.8909043161198875,2.0600096995437234,0.05443439602748739,0.4514428320583138,1.8909043161198906,2.0600096995437194,0.05443439602748769,0.45144283205831265
57,0.56,0.5700000000000001,0.01,0x1.47ae147ae147bp-7,0x1.23d70a3d70a3ep-1,40352252661239645/72057594037927936,328582628812951395/576460752303423488,True,57,0,1.8973699085707476,2.0605961531701507,0.042779724579300106,0.38327670039506095,1.897369908570749,2.0605961531701484,0.0427797245793002,0.38327670039506057,1.894908775403687,2.0607957035439886,0.032181041921237816,0.42023962914586327,1.8949087754036897,2.060795703543984,0.03218104192123807,0.4202396291458623
58,0.5700000000000001,0.58,0.01,0x1.47ae147ae147bp-7,0x1.28f5c28f5c28fp-1,328582628812951395/576460752303423488,167173618167992815/288230376151711744,True,58,0,1.900811185058834,2.0611579783839216,0.020874908939782846,0.35389320140156044,1.9008111850588354,2.0611579783839193,0.020874908939782926,0.35389320140156005,1.8986157231515304,2.061351895088107,0.010474764315740025,0.38993858389107716,1.8986157231515335,2.0613518950881025,0.010474764315740218,0.38993858389107633
59,0.58,0.59,0.01,0x1.47ae147ae147bp-7,0x1.2e147ae147ae1p-1,167173618167992815/288230376151711744,340111843859019865/576460752303423488,True,59,0,1.9039705426120825,2.061495906059521,-0.00036146925460178736,0.3252547748793975,1.9039705426120836,2.061495906059519,-0.00036146925460173087,0.3252547748793971,1.9020335242206574,2.061684287001058,-0.01056004487918543,0.3603917478410543,1.9020335242206607,2.0616842870010537,-0.01056004487918524,0.36039174784105343
60,0.59,0.6,0.01,0x1.47ae147ae147bp-7,0x1.3333333333333p-1,340111843859019865/576460752303423488,86469112845513525/144115188075855872,True,60,0,1.9068550675276887,2.0616168591940665,-0.02091888501997869,0.29732521495026604,1.9068550675276899,2.0616168591940642,-0.020918885019978607,0.29732521495026554,1.9051693936099359,2.061799798656072,-0.030911843410892238,0.33156256266799183,1.905169393609939,2.0617997986560677,-0.030911843410891992,0.3315625626679909
61,0.6,0.61,0.01,0x1.47ae147ae147bp-7,0x1.3851eb851eb85p-1,86469112845513525/144115188075855872,351641058905088335/576460752303423488,True,61,0,1.9094714802958725,2.0615278643421653,-0.040817135513116276,0.2700975147384764,1.9094714802958739,2.0615278643421635,-0.04081713551311619,0.270097514738476,1.9080301783262388,2.0617054613656687,-0.05060118513332645,0.3034453536116923,1.9080301783262419,2.0617054613656647,-0.05060118513332625,0.3034453536116914
62,0.61,0.62,0.01,0x1.47ae147ae147bp-7,0x1.3d70a3d70a3d7p-1,351641058905088335/576460752303423488,178702833214061285/288230376151711744,True,62,0,1.9118264320142522,2.061235744565199,-0.06007595394597967,0.24356365269613323,1.9118264320142533,2.061235744565197,-0.06007595394597958,0.243563652696133,1.9106226619430038,2.061408102319224,-0.06964851848431859,0.276033305663301,1.910622661943007,2.0614081023192194,-0.0696485184843183,0.2760333056633002
63,0.62,0.63,0.01,0x1.47ae147ae147bp-7,0x1.428f5c28f5c29p-1,178702833214061285/288230376151711744,363170273951156805/576460752303423488,True,63,0,1.9139264944478962,2.0607471196770693,-0.07871501623235024,0.21771469052550024,1.9139264944478975,2.060747119677067,-0.07871501623235012,0.21771469052550002,1.9129535538116447,2.0609143448626983,-0.08807419262120732,0.24931856624606646,1.9129535538116476,2.060914344862694,-0.08807419262120703,0.24931856624606602
64,0.63,0.64,0.01,0x1.47ae147ae147bp-7,0x1.47ae147ae147bp-1,363170273951156805/576460752303423488,5764607523034235/9007199254740992,True,64,0,1.915778147615856,2.06006841149306,-0.09675427536197434,0.19254128876839705,1.9157781476158573,2.0600684114930576,-0.09675427536197422,0.19254128876839685,1.9150294757230228,2.0602306139102917,-0.10589881742865843,0.2232927916437904,1.9150294757230255,2.0602306139102877,-0.10589881742865816,0.22329279164378993
65,0.64,0.65,0.01,0x1.47ae147ae147bp-7,0x1.4cccccccccccdp-1,5764607523034235/9007199254740992,374699488997225275/576460752303423488,True,65,0,1.9173877794925753,2.0592058380450418,-0.11421319143771923,0.16803307393061337,1.9173877794925764,2.05920583804504,-0.11421319143771912,0.16803307393061317,1.9168569610820168,2.0593631299758233,-0.1231424500018074,0.1979464756803071,1.9168569610820196,2.059363129975819,-0.12314245000180717,0.19794647568030665
66,0.65,0.66,0.01,0x1.47ae147ae147bp-7,0x1.51eb851eb851fp-1,374699488997225275/576460752303423488,190232048260129755/288230376151711744,True,66,0,1.918761683264461,2.0581654115619727,-0.13111056873829888,0.14417860264656546,1.9187616832644625,2.0581654115619705,-0.13111056873829863,0.1441786026465652,1.9184424515895504,2.0583179070675994,-0.13982413585049394,0.17326862301108734,1.9184424515895537,2.0583179070675954,-0.1398241358504935,0.17326862301108692
67,0.66,0.67,0.01,0x1.47ae147ae147bp-7,0x1.570a3d70a3d71p-1,190232048260129755/288230376151711744,386228704043293745/576460752303423488,True,67,0,1.9199060386981155,2.0569529535611353,-0.1474654946898275,0.12096641801256876,1.9199060386981168,2.056952953561133,-0.1474654946898273,0.12096641801256862,1.9197922775857683,2.0571007681936795,-0.1559632036540552,0.1492481660787841,1.919792277585771,2.0571007681936755,-0.15596320365405475,0.14924816607878366
68,0.67,0.68,0.01,0x1.47ae147ae147bp-7,0x1.5c28f5c28f5c3p-1,386228704043293745/576460752303423488,97998327891581995/144115188075855872,True,68,0,1.9208269095888821,2.055574094985605,-0.1632958706501147,0.09838368845862724,1.9208269095888835,2.055574094985603,-0.16329587065011444,0.09838368845862713,1.9207801686321415,2.0558498318023233,-0.17157921572198015,0.12587402833546096,1.9207801686321444,2.055849831802319,-0.17157921572197968,0.1258740283354606
69,0.68,0.6900000000000001,0.01,0x1.47ae147ae147bp-7,0x1.6147ae147ae15p-1,97998327891581995/144115188075855872,397757919089362215/576460752303423488,True,69,0,1.9215302474152656,2.0540342711711683,-0.17861988850923058,0.07641778342534006,1.9215302474152671,2.054034271171166,-0.17861988850923036,0.07641778342533993,1.9214851324282316,2.054497630968971,-0.18669042275535233,0.10313368257479577,1.9214851324282347,2.054497630968967,-0.18669042275535191,0.10313368257479551
70,0.6900000000000001,0.7000000000000001,0.01,0x1.47ae147ae147bp-7,0x1.6666666666667p-1,397757919089362215/576460752303423488,201761263306198225/288230376151711744,True,70,0,1.9220217005542126,2.052338912202647,-0.19347326214586502,0.055073594667350755,1.9220217005542137,2.0523389122026447,-0.1934732621458648,0.05507359466735068,1.921978165604741,2.052984401701191,-0.20133376366068953,0.08103324489652568,1.921978165604744,2.052984401701187,-0.20133376366068909,0.08103324489652543
71,0.7000000000000001,0.71,0.01,0x1.47ae147ae147bp-7,0x1.6b851eb851eb8p-1,201761263306198225/288230376151711744,409287134135430685/576460752303423488,True,71,0,1.9223051995831704,2.0504948580661715,-0.20804841443291874,0.03451280085317553,1.9223051995831715,2.0504948580661697,-0.20804841443291852,0.034512800853175464,1.9222631455964043,2.051317191088567,-0.21571263222357448,0.05974532307879762,1.9222631455964072,2.0513171910885624,-0.21571263222357406,0.05974532307879744
72,0.71,0.72,0.01,0x1.47ae147ae147bp-7,0x1.70a3d70a3d70ap-1,409287134135430685/576460752303423488,51881467707308115/72057594037927936,True,72,0,1.9223885372436296,2.0485047798078124,-0.2221437776261458,0.014503261343647019,1.922388537243631,2.0485047798078106,-0.22214377762614554,0.01450326134364698,1.9223479314562728,2.0494987572190486,-0.22961244407468848,0.03902468083409031,1.922347931456276,2.0494987572190446,-0.229612444074688,0.03902468083409013
73,0.72,0.73,0.01,0x1.47ae147ae147bp-7,0x1.75c28f5c28f5cp-1,51881467707308115/72057594037927936,420816349181499155/576460752303423488,True,73,0,1.922277147683989,2.0463734023180655,-0.23577736822251683,-0.0049673633502966,1.9222771476839904,2.0463734023180638,-0.2357773682225166,-0.004967363350296633,1.9222379570063113,2.0475339777021517,-0.24305158534447532,0.01885923575606786,1.9222379570063144,2.0475339777021477,-0.2430515853444749,0.018859235756067724
74,0.73,0.74,0.01,0x1.47ae147ae147bp-7,0x1.7ae147ae147aep-1,420816349181499155/576460752303423488,213290478352266695/288230376151711744,True,74,0,1.92197633494488,2.044105278365026,-0.2489667444058642,-0.023911586173798852,1.921976334944881,2.0441052783650244,-0.248966744405864,-0.023911586173798915,1.9219385260604984,2.0454275566466666,-0.25604795218579407,-0.000763329724957553,1.9219385260605015,2.045427556646662,-0.2560479521857931,-0.00076332972495765
75,0.74,0.75,0.01,0x1.47ae147ae147bp-7,0x1.8000000000000p-1,213290478352266695/288230376151711744,432345564227567625/576460752303423488,True,75,0,1.9214912719237696,2.0417047927547154,-0.26172899382000925,-0.042342052205703855,1.921491271923771,2.0417047927547127,-0.26172899382000886,-0.042342052205703945,1.9214548113840042,2.0431840285425458,-0.26861893958837724,-0.019855522700749393,1.921454811384007,2.0431840285425413,-0.2686189395883763,-0.019855522700749598
76,0.75,0.76,0.01,0x1.47ae147ae147bp-7,0x1.851eb851eb852p-1,432345564227567625/576460752303423488,109527542937650465/144115188075855872,True,76,0,1.9208269998938738,2.0391761664412673,-0.2740807108031352,-0.06027151402709332,1.9208269998938752,2.0391761664412655,-0.2740807108031348,-0.0602715140270934,1.9207918542107387,2.0408077621203424,-0.28078141891429187,-0.03843001177950691,1.9207918542107423,2.0408077621203384,-0.280781418914291,-0.03843001177950715
77,0.76,0.77,0.01,0x1.47ae147ae147bp-7,0x1.8a3d70a3d70a4p-1,109527542937650465/144115188075855872,443874779273636095/576460752303423488,True,77,0,1.9199874393315213,2.036524449774762,-0.286038030108232,-0.0777127561162904,1.9199874393315224,2.0365244497747597,-0.28603803010823153,-0.07771275611629053,1.919953575021947,2.0383039534254075,-0.2925517757186561,-0.05649954450803426,1.9199535750219503,2.038303953425403,-0.2925517757186552,-0.056499544508034495
78,0.77,0.78,0.01,0x1.47ae147ae147bp-7,0x1.8f5c28f5c28f6p-1,443874779273636095/576460752303423488,224819693398335165/288230376151711744,True,78,0,1.918975685646571,2.033755231233806,-0.29761674367765806,-0.09467844180897611,1.9189756856465725,2.033755231233804,-0.2976167436776577,-0.09467844180897625,1.918943069270392,2.035678334362065,-0.30394603482223187,-0.07407678335676075,1.9189430692703948,2.0356783343620606,-0.3039460348222309,-0.07407678335676113
79,0.78,0.79,0.01,0x1.47ae147ae147bp-7,0x1.947ae147ae148p-1,224819693398335165/288230376151711744,455403994319704565/576460752303423488,True,79,0,1.9177989686083743,2.0308696827954256,-0.30883267428542555,-0.11118070942851509,1.9177989686083758,2.0308696827954233,-0.30883267428542516,-0.11118070942851523,1.9177675668090297,2.0329322178919518,-0.31498025508471833,-0.09117387823155428,1.9177675668090328,2.0329322178919473,-0.31498025508471733,-0.09117387823155462
80,0.79,0.8,0.01,0x1.47ae147ae147bp-7,0x1.999999999999ap-1,455403994319704565/576460752303423488,28823037615171175/36028797018963968,True,80,0,1.9164616857723886,2.027871531606998,-0.3197127234667678,-0.1272200965430215,1.9164616857723902,2.027871531606996,-0.31971272346676743,-0.12722009654302174,1.9164314618063603,2.030069473072339,-0.3256822407612732,-0.10779072499923807,1.9164314618063634,2.0300694730723348,-0.32568224076127233,-0.10779072499923842
81,0.8,0.81,0.01,0x1.47ae147ae147bp-7,0x1.9eb851eb851ecp-1,28823037615171175/36028797018963968,466933209365773035/576460752303423488,True,81,0,1.9149683568979625,2.0247641108976198,-0.33025839808022217,-0.14282199042551771,1.9149683568979639,2.024764110897618,-0.33025839808022167,-0.1428219904255179,1.9149392781319405,2.027093564877053,-0.3360528877161861,-0.12395359416727315,1.9149392781319439,2.027093564877049,-0.3360528877161852,-0.12395359416727347
82,0.81,0.8200000000000001,0.01,0x1.47ae147ae147bp-7,0x1.a3d70a3d70a3ep-1,466933209365773035/576460752303423488,236348908444403635/288230376151711744,True,82,0,1.9133232448406694,2.0215507446313206,-0.34048338471913053,-0.15799903617120295,1.9133232448406707,2.0215507446313183,-0.34048338471913014,-0.1579990361712032,1.913295279018725,2.024007949977409,-0.34610600942441677,-0.13967528545020483,1.9132952790187283,2.0240079499774044,-0.3461060094244159,-0.13967528545020536
83,0.8200000000000001,0.8300000000000001,0.01,0x1.47ae147ae147bp-7,0x1.a8f5c28f5c290p-1,236348908444403635/288230376151711744,478462424411841505/576460752303423488,True,83,0,1.9115304847647976,2.0182346240004967,-0.35040567109849613,-0.17275900001233252,1.911530484764799,2.018234624000495,-0.35040567109849574,-0.17275900001233277,1.91150360005207,2.020815949375652,-0.35585495040712956,-0.15496849723529055,1.9115036000520733,2.020815949375648,-0.3558549504071286,-0.15496849723529108
84,0.8300000000000001,0.84,0.01,0x1.47ae147ae147bp-7,0x1.ae147ae147ae1p-1,478462424411841505/576460752303423488,121056757983718935/144115188075855872,True,84,0,1.9095940857786486,2.014818811630651,-0.3600758544739449,-0.18707644926281244,1.90959408577865,2.0148188116306494,-0.3600758544739446,-0.18707644926281272,1.9095681061033605,2.0175208972451393,-0.36534153243880013,-0.16981686709052882,1.9095681061033636,2.0175208972451353,-0.36534153243879913,-0.16981686709052946
85,0.84,0.85,0.01,0x1.47ae147ae147bp-7,0x1.b333333333333p-1,121056757983718935/144115188075855872,489991639457909975/576460752303423488,True,85,0,1.9075179327227796,2.0113062457331523,-0.36946092575240497,-0.20100895958070739,1.907517932722781,2.0113062457331505,-0.3694609257524045,-0.20100895958070766,1.907492740748601,2.014125797402263,-0.3745665364490024,-0.18424447973166266,1.9074927407486044,2.014125797402259,-0.37456653644900134,-0.1842444797316633
86,0.85,0.86,0.01,0x1.47ae147ae147bp-7,0x1.b851eb851eb85p-1,489991639457909975/576460752303423488,247878123490472105/288230376151711744,True,86,0,1.9053057880749016,2.0076997442135798,-0.3785729755314489,-0.2145684030398286,1.905305788074903,2.007699744213578,-0.37857297553144853,-0.2145684030398288,1.905281367152491,2.010633488399502,-0.3835219313744052,-0.19828363091261214,1.905281367152494,2.010633488399498,-0.3835219313744041,-0.19828363091261283
87,0.86,0.87,0.01,0x1.47ae147ae147bp-7,0x1.bd70a3d70a3d7p-1,247878123490472105/288230376151711744,501520854503978445/576460752303423488,True,87,0,1.9029612939468896,2.004002008734103,-0.38742367054898225,-0.2277664682730215,1.902961293946891,2.004002008734101,-0.3874236705489818,-0.22776646827302174,1.9029376271799843,2.007046790450169,-0.39221943005456716,-0.21194626688200705,1.9029376271799876,2.0070467904501643,-0.3922194300545662,-0.2119462668820077
88,0.87,0.88,0.01,0x1.47ae147ae147bp-7,0x1.c28f5c28f5c29p-1,501520854503978445/576460752303423488,63410682753376585/72057594037927936,True,88,0,1.900487974260691,2.000215628619564,-0.39602425980108513,-0.24061465318933264,1.9004879742606924,2.0002156286195616,-0.39602425980108474,-0.24061465318933284,1.9004650445712141,2.0033684083241927,-0.4006703030464528,-0.2252441682829732,1.9004650445712172,2.0033684083241883,-0.4006703030464518,-0.22524416828297386
89,0.88,0.89,0.01,0x1.47ae147ae147bp-7,0x1.c7ae147ae147bp-1,63410682753376585/72057594037927936,513050069550046915/576460752303423488,True,89,0,1.8978892369811577,1.9963430847078691,-0.4043855852345537,-0.25312425513408354,1.8978892369811589,1.996343084707868,-0.40438558523455326,-0.25312425513408393,1.8978670271691096,1.9996009352030837,-0.4088854164736322,-0.2381889121480563,1.8978670271691125,1.999600935203081,-0.40888541647363114,-0.238188912148057
90,0.89,0.9,0.01,0x1.47ae147ae147bp-7,0x1.ccccccccccccdp-1,513050069550046915/576460752303423488,259407338536540575/288230376151711744,True,90,0,1.8951683625394296,1.9923867669921493,-0.4125194684407767,-0.26530498688396076,1.8951683625394309,1.992386766992148,-0.4125194684407763,-0.26530498688396115,1.8951468549437336,1.9957468707300534,-0.41687668391143634,-0.25079042179925076,1.8951468549437362,1.9957468707300505,-0.4168766839114353,-0.25079042179925176
91,0.9,0.91,0.01,0x1.47ae147ae147bp-7,0x1.d1eb851eb851fp-1,259407338536540575/288230376151711744,524579284596115385/576460752303423488,True,91,0,1.8923285450028848,1.9883489394809535,-0.42043486978327527,-0.2771688217094421,1.8923285450028862,1.9883489394809521,-0.4204348697832748,-0.27716882170944257,1.892307722265084,1.9918085847848146,-0.42465300449526283,-0.26306103212334464,1.892307722265087,1.9918085847848117,-0.42465300449526183,-0.26306103212334564
92,0.91,0.92,0.01,0x1.47ae147ae147bp-7,0x1.d70a3d70a3d71p-1,524579284596115385/576460752303423488,132585973029787405/144115188075855872,True,92,0,1.8893728617028016,1.9842317765511717,-0.42814115908816835,-0.28872672847199843,1.8893728617028027,1.9842317765511706,-0.4281411590881679,-0.2887267284719988,1.8893527065848041,1.9877883548075144,-0.4322237232249438,-0.2750120343393818,1.889352706584807,1.9877883548075113,-0.4322237232249427,-0.27501203433938287
93,0.92,0.93,0.01,0x1.47ae147ae147bp-7,0x1.dc28f5c28f5c3p-1,132585973029787405/144115188075855872,536108499642183855/576460752303423488,True,93,0,1.886304280147112,1.9800373619521223,-0.4356476786979796,-0.2999891155185928,1.8863042801471133,1.9800373619521212,-0.4356476786979791,-0.2999891155185933,1.886284775476471,1.983688364707089,-0.43959816847265176,-0.28665414480703827,1.8862847754764742,1.9836883647070862,-0.4395981684726508,-0.2866541448070392
94,0.93,0.9400000000000001,0.01,0x1.47ae147ae147bp-7,0x1.e147ae147ae15p-1,536108499642183855/576460752303423488,270936553582609045/288230376151711744,True,94,0,1.8831256639340845,1.975767688733113,-0.4429634149030181,-0.310966167327872,1.8831256639340856,1.9757676887331117,-0.44296341490301766,-0.31096616732787247,1.8831067926431049,1.9795107047327178,-0.4467853046234297,-0.29799785990907185,1.883106792643108,1.9795107047327145,-0.44678530462342875,-0.2979978599090728
95,0.9400000000000001,0.9500000000000001,0.01,0x1.47ae147ae147bp-7,0x1.e666666666667p-1,270936553582609045/288230376151711744,547637714688252325/576460752303423488,True,95,0,1.8798397751914133,1.9714246625598424,-0.4500970144037435,-0.3216678370953508,1.8798397751914144,1.9714246625598413,-0.45009701440374306,-0.3216678370953512,1.8798215203510695,1.9752573748383233,-0.4537937495920041,-0.3090534470988421,1.8798215203510726,1.9752573748383202,-0.453793749592003,-0.3090534470988432
96,0.9500000000000001,0.96,0.01,0x1.47ae147ae147bp-7,0x1.eb851eb851eb8p-1,547637714688252325/576460752303423488,17293822569102705/18014398509481984,True,96,0,1.8764487458984112,1.9670106360567643,-0.45710924660586877,-0.3320513952569129,1.8764487458984123,1.9670106360567634,-0.45710924660586827,-0.3320513952569134,1.8764310761819771,1.9709308336426319,-0.46068715702347024,-0.31977557310064225,1.8764310761819802,1.9709308336426288,-0.46068715702346924,-0.3197755731006433
97,0.96,0.97,0.01,0x1.47ae147ae147bp-7,0x1.f0a3d70a3d70ap-1,17293822569102705/18014398509481984,559166929734320795/576460752303423488,True,97,0,1.8729548135537586,1.962527678691643,-0.4640406287449141,-0.3420938135815155,1.87295481355376,1.9625276786916417,-0.4640406287449136,-0.342093813581516,1.8729376890995368,1.9665332479659072,-0.4675077532632118,-0.3301397757996581,1.8729376890995395,1.9665332479659043,-0.46750775326321065,-0.33013977579965914
98,0.97,0.98,0.01,0x1.47ae147ae147bp-7,0x1.f5c28f5c28f5cp-1,559166929734320795/576460752303423488,282465768628677515/288230376151711744,True,98,0,1.869361263385802,1.9579766400080951,-0.47081862407435754,-0.35188457666998485,1.8693612633858032,1.957976640008094,-0.47081862407435715,-0.3518845766699853,1.8693446669937628,1.9620655307831538,-0.47417845890385313,-0.34024035207967385,1.869344666993766,1.9620655307831507,-0.47417845890385213,-0.3402403520796748
99,0.98,0.99,0.01,0x1.47ae147ae147bp-7,0x1.fae147ae147aep-1,282465768628677515/288230376151711744,570696144780389265/576460752303423488,True,99,0,1.8656704798417523,1.9533591034848643,-0.47745030595987925,-0.3614330329949016,1.8656704798417534,1.9533591034848632,-0.4774503059598788,-0.36143303299490204,1.865654394678212,1.957529348632694,-0.48070627268506966,-0.3500869888053934,1.8656543946782147,1.9575293486326912,-0.4807062726850686,-0.35008698880539446
100,0.99,1.0,0.01,0x1.47ae147ae147bp-7,0x1.0000000000000p+0,570696144780389265/576460752303423488,144115188075855875/144115188075855872,True,0,1,1.8618847581558797,1.9486765801765524,-0.48394248948536267,-0.37074827395120713,1.8618847581558808,1.9486765801765513,-0.4839424894853622,-0.3707482739512075,1.8618691677630628,1.9529262930116411,-0.4870979331197317,-0.35968911164669287,1.8618691677630657,1.952926293011638,-0.48709793311973065,-0.3596891116466939
101,1.0,1.01,0.01,0x1.47ae147ae147bp-7,0x1.028f5c28f5c29p+0,144115188075855875/144115188075855872,582225359826457735/576460752303423488,True,1,1,1.85800630637369,1.943930511781518,-0.4903017409606353,-0.37983913679806375,1.8580063063736911,1.943930511781517,-0.49030174096063484,-0.3798391367980642,1.8579911946772136,1.9482578835073552,-0.49335992842667464,-0.36905588743081563,1.857991194677217,1.9482578835073523,-0.49335992842667364,-0.3690558874308167
102,1.01,1.02,0.01,0x1.47ae147ae147bp-7,0x1.051eb851eb852p+0,582225359826457735/576460752303423488,293994983674745985/288230376151711744,True,2,1,1.8540372302302712,1.9391222907297723,-0.4965344210295567,-0.38871417424915755,1.8540372302302723,1.9391222907297712,-0.4965344210295563,-0.388714174249158,1.8540225815357159,1.9435255879591846,-0.4994985418343075,-0.378196191410169,1.854022581535719,1.9435255879591817,-0.49949854183430653,-0.37819619141017
103,1.02,1.03,0.01,0x1.47ae147ae147bp-7,0x1.07ae147ae147bp+0,293994983674745985/288230376151711744,593754574872526205/576460752303423488,True,3,1,1.8499795895505693,1.9342532086207413,-0.5026465919300642,-0.3973817601201899,1.8499795895505704,1.9342532086207402,-0.5026465919300634,-0.3973817601201903,1.8499653885655936,1.938730770934714,-0.5055197537208767,-0.387118717936605,1.8499653885655962,1.9387307709347112,-0.505519753720875,-0.38711871793660607
104,1.03,1.04,0.01,0x1.47ae147ae147bp-7,0x1.0a3d70a3d70a4p+0,593754574872526205/576460752303423488,74939897799445055/72057594037927936,True,4,1,1.8458353461009114,1.9293245130803824,-0.5086441278897769,-0.4058499919312986,1.8458353461009127,1.929324513080381,-0.5086441278897761,-0.40584999193129906,1.8458215779285012,1.933874750680552,-0.5114293578073045,-0.39583187720421087,1.8458215779285039,1.933874750680549,-0.5114293578073027,-0.3958318772042119
105,1.04,1.05,0.01,0x1.47ae147ae147bp-7,0x1.0cccccccccccdp+0,74939897799445055/72057594037927936,605283789918594675/576460752303423488,True,5,1,1.8416063735318497,1.9243374023962823,-0.5145326897872551,-0.414126729333145,1.841606373531851,1.924337402396281,-0.5145326897872543,-0.41412672933314537,1.8415930236713562,1.9289587938149277,-0.5172329342610011,-0.4043438351979001,1.8415930236713594,1.9289587938149246,-0.5172329342609994,-0.4043438351979012
106,1.05,1.06,0.01,0x1.47ae147ae147bp-7,0x1.0f5c28f5c28f6p+0,605283789918594675/576460752303423488,305524198720814455/288230376151711744,True,6,1,1.8372944652935963,1.9192930220491413,-0.5203177335684294,-0.4222195987989377,1.8372944652935976,1.91929302204914,-0.5203177335684285,-0.4222195987989381,1.8372815196404912,1.9239841119259713,-0.5229358583730167,-0.4126625181143047,1.8372815196404941,1.923984111925968,-0.5229358583730149,-0.4126625181143057
107,1.06,1.07,0.01,0x1.47ae147ae147bp-7,0x1.11eb851eb851fp+0,305524198720814455/288230376151711744,616813004964663145/576460752303423488,True,7,1,1.8329013823525402,1.9141924213120856,-0.5260045177568378,-0.4301359992147427,1.8329013823525415,1.9141924213120842,-0.526004517756837,-0.4301359992147432,1.8328888271970911,1.9189518182376109,-0.5285433082826031,-0.42079561774920504,1.8328888271970938,1.9189518182376082,-0.5285433082826013,-0.4207956177492061
108,1.07,1.08,0.01,0x1.47ae147ae147bp-7,0x1.147ae147ae148p+0,616813004964663145/576460752303423488,155644403121924345/144115188075855872,True,8,1,1.828428789553815,1.9090366210735557,-0.5315981123935759,-0.4378831059379474,1.828428789553816,1.9090366210735545,-0.5315981123935751,-0.43788310593794777,1.82841661157864,1.9138629954988748,-0.5340602741529135,-0.4287505953510588,1.828416611578643,1.913862995498872,-0.5340602741529116,-0.4287505953510599
109,1.08,1.09,0.01,0x1.47ae147ae147bp-7,0x1.170a3d70a3d71p+0,155644403121924345/144115188075855872,628342220010731615/576460752303423488,True,9,1,1.8238782828895785,1.903826590624516,-0.5371034059812909,-0.44546787678908795,1.8238782828895796,1.9038265906245149,-0.5371034059812902,-0.4454678767890884,1.8238664688550932,1.9087186731481056,-0.5394916586719259,-0.43653459410381257,1.823866468855096,1.908718673148103,-0.5394916586719243,-0.43653459410381357
110,1.09,1.1,0.01,0x1.47ae147ae147bp-7,0x1.199999999999ap+0,628342220010731615/576460752303423488,317053413766882925/288230376151711744,True,10,1,1.8192513915455664,1.8985632495387557,-0.5425251130363798,-0.45289705730070545,1.8192513915455675,1.8985632495387545,-0.542525113036379,-0.45289705730070595,1.8192399279322282,1.9035198293008029,-0.5448422974839339,-0.44415443155938195,1.8192399279322313,1.9035198293007998,-0.544842297483932,-0.444154431559383
111,1.1,1.11,0.01,0x1.47ae147ae147bp-7,0x1.1c28f5c28f5c3p+0,317053413766882925/288230376151711744,639871435056800085/576460752303423488,True,11,1,1.8145495798959674,1.8932474694775754,-0.5478677812496155,-0.4601771862059073,1.8145495798959685,1.8932474694775745,-0.5478677812496147,-0.4601771862059077,1.814538454622291,1.8982673905421867,-0.5501163435545449,-0.45161722799784404,1.8145384546222938,1.8982673905421839,-0.5501163435545429,-0.4516172279978451
112,1.11,1.12,0.01,0x1.47ae147ae147bp-7,0x1.1eb851eb851ecp+0,639871435056800085/576460752303423488,40352252661239645/36028797018963968,True,12,1,1.80977424944584,1.88788007592128,-0.5531357984310878,-0.46731460096806654,1.8097742494458415,1.8878800759212786,-0.553135798431087,-0.467314600968067,1.8097634508008686,1.8929622365070586,-0.555318109719152,-0.4589295764409522,1.8097634508008722,1.8929622365070555,-0.5553181097191499,-0.4589295764409535
113,1.12,1.1300000000000001,0.01,0x1.47ae147ae147bp-7,0x1.2147ae147ae15p+0,40352252661239645/36028797018963968,651400650102868555/576460752303423488,True,13,1,1.8049267377764917,1.8824618527739074,-0.5583336903913888,-0.47431515218357345,1.804926737776493,1.882461852773906,-0.5583336903913879,-0.47431515218357395,1.8049162543421984,1.8876052035565047,-0.5604520623594651,-0.4660975613566247,1.804916254342201,1.887605203556502,-0.560452062359463,-0.46609756135662617
114,1.1300000000000001,1.1400000000000001,0.01,0x1.47ae147ae147bp-7,0x1.23d70a3d70a3ep+0,651400650102868555/576460752303423488,328582628812951395/288230376151711744,True,14,1,1.800008326577057,1.8769935377599745,-0.5634655145786697,-0.48118482200769597,1.8000083265770581,1.8769935377599734,-0.5634655145786689,-0.48118482200769647,1.799998147303542,1.8821970800827357,-0.5655221844289416,-0.4731274078018014,1.7999981473035447,1.8821970800827328,-0.5655221844289396,-0.4731274078018026
115,1.1400000000000001,1.1500000000000001,0.01,0x1.47ae147ae147bp-7,0x1.2666666666667p+0,328582628812951395/288230376151711744,662929865148937025/576460752303423488,True,15,1,1.7950202424855375,1.871475824892114,-0.5685349573353566,-0.48792963874415773,1.7950202424855386,1.8714758248921128,-0.5685349573353559,-0.48792963874415823,1.795010356740528,1.8767386090622213,-0.5705320826527127,-0.4800253861811434,1.7950103567405309,1.876738609062218,-0.5705320826527109,-0.4800253861811447
116,1.1500000000000001,1.16,0.01,0x1.47ae147ae147bp-7,0x1.28f5c28f5c28fp+0,662929865148937025/576460752303423488,167173618167992815/144115188075855872,True,16,1,1.7899636539246286,1.8659093708267271,-0.5735458316634019,-0.49455519069533627,1.7899636539246297,1.8659093708267258,-0.573545831663401,-0.49455519069533677,1.7899540514216494,1.8712304945913198,-0.5754854963333684,-0.4867973151747946,1.7899540514216523,1.871230494591317,-0.5754854963333662,-0.4867973151747959
117,1.16,1.17,0.01,0x1.47ae147ae147bp-7,0x1.2b851eb851eb8p+0,167173618167992815/144115188075855872,674459080195005495/576460752303423488,True,17,1,1.7848396753290214,1.860294793713204,-0.5785018225939598,-0.5010668921531839,1.7848396753290228,1.8602947937132028,-0.578501822593959,-0.5010668921531847,1.7848303461202348,1.8656734007282694,-0.5803860404899069,-0.49344883008280416,1.7848303461202377,1.8656734007282665,-0.5803860404899052,-0.4934488300828055
118,1.17,1.18,0.01,0x1.47ae147ae147bp-7,0x1.2e147ae147ae1p+0,674459080195005495/576460752303423488,340111843859019865/288230376151711744,True,18,1,1.7796493688076203,1.8546326744958554,-0.5834064914347616,-0.50746999026285,1.7796493688076216,1.8546326744958543,-0.5834064914347608,-0.5074699902628509,1.7796403032767878,1.8600679528511945,-0.5852372092957828,-0.4999853906245544,1.779640303276791,1.8600679528511916,-0.5852372092957807,-0.4999853906245561
119,1.18,1.19,0.01,0x1.47ae147ae147bp-7,0x1.30a3d70a3d70ap+0,340111843859019865/288230376151711744,685988295241073965/576460752303423488,True,19,1,1.7743937457149295,1.8489235581968448,-0.5882632823341807,-0.513769569311115,1.7743937457149306,1.8489235581968437,-0.5882632823341799,-0.5137695693111157,1.7743849345699285,1.8544147389963994,-0.5900423812731643,-0.5064122867262973,1.7743849345699314,1.8544147389963965,-0.5900423812731621,-0.5064122867262995
120,1.19,1.2,0.01,0x1.47ae147ae147bp-7,0x1.3333333333333p+0,685988295241073965/576460752303423488,86469112845513525/72057594037927936,True,20,1,1.7690737681723077,1.8431679551420286,-0.5930755273619484,-0.5199705562355824,1.769073768172309,1.8431679551420272,-0.5930755273619476,-0.5199705562355833,1.7690652024375595,1.8487143111379065,-0.5948048243922883,-0.5127346441430335,1.7690652024375624,1.8487143111379039,-0.5948048243922863,-0.5127346441430356
121,1.2,1.21,0.01,0x1.47ae147ae147bp-7,0x1.35c28f5c28f5cp+0,86469112845513525/72057594037927936,697517510287142435/576460752303423488,True,21,1,1.7636903505364918,1.8373663421349464,-0.5978464517660885,-0.5260777256924333,1.763690350536493,1.8373663421349455,-0.5978464517660875,-0.5260777256924342,1.7636820215452542,1.842967186413875,-0.5995277013564667,-0.5189574296308374,1.7636820215452573,1.842967186413872,-0.5995277013564646,-0.5189574296308395
122,1.21,1.22,0.01,0x1.47ae147ae147bp-7,0x1.3851eb851eb85p+0,697517510287142435/576460752303423488,351641058905088335/288230376151711744,True,22,1,1.7582443607299136,1.8315191636670949,-0.6025791782513442,-0.5320957058360384,1.758244360729915,1.8315191636670933,-0.6025791782513433,-0.5320957058360392,1.7582362601166603,1.8371738483877469,-0.604214073864482,-0.5250854568758325,1.7582362601166637,1.8371738483877436,-0.60421407386448,-0.5250854568758345
123,1.22,1.23,0.01,0x1.47ae147ae147bp-7,0x1.3ae147ae147aep+0,351641058905088335/288230376151711744,709046725333210905/576460752303423488,True,23,1,1.7527366219886173,1.8256268326113463,-0.6072767330998622,-0.5380289819896704,1.7527366219886185,1.8256268326113452,-0.6072767330998613,-0.5380289819896713,1.7527287416810615,1.8313347477916493,-0.6088669088023346,-0.5311233902272984,1.7527287416810646,1.8313347477916464,-0.6088669088023325,-0.5311233902273005
124,1.23,1.24,0.01,0x1.47ae147ae147bp-7,0x1.3d70a3d70a3d7p+0,709046725333210905/576460752303423488,178702833214061285/144115188075855872,True,24,1,1.747167913486497,1.8196897319424623,-0.6119420610849543,-0.5438818912567167,1.7471679134864984,1.819689731942461,-0.6119420610849533,-0.5438818912567177,1.7471602456953013,1.8254503042975165,-0.6134890936219247,-0.5370757389770439,1.7471602456953041,1.8254503042975136,-0.6134890936219227,-0.5370757389770459
125,1.24,1.25,0.01,0x1.47ae147ae147bp-7,0x1.4000000000000p+0,178702833214061285/144115188075855872,720575940379279375/576460752303423488,True,25,1,1.7415389723283854,1.8137082149948218,-0.6165779989201837,-0.5496586583320788,1.7415389723283867,1.8137082149948207,-0.6165779989201828,-0.5496586583320797,1.7415315095438972,1.819520906814755,-0.6180834083823296,-0.5429468947108864,1.7415315095439,1.8195209068147522,-0.6180834083823276,-0.5429468947108885
126,1.25,1.26,0.01,0x1.47ae147ae147bp-7,0x1.428f5c28f5c29p+0,720575940379279375/576460752303423488,363170273951156805/288230376151711744,True,26,1,1.7358504946598297,1.807682606512163,-0.6211873011160127,-0.5553633786443009,1.735850494659831,1.8076826065121616,-0.6211873011160117,-0.5553633786443019,1.7358432296438893,1.8135469145905663,-0.6226525525946118,-0.5487411135936905,1.7358432296438926,1.813546914590563,-0.6226525525946099,-0.5487411135936926
127,1.26,1.27,0.01,0x1.47ae147ae147bp-7,0x1.451eb851eb852p+0,363170273951156805/288230376151711744,732105155425347845/576460752303423488,True,27,1,1.7301031362209416,1.8016132041645616,-0.6257726470993681,-0.5610000199752865,1.7301031362209427,1.8016132041645605,-0.6257726470993673,-0.5610000199752873,1.7300960619981116,1.8075286587718464,-0.6271991524572545,-0.5544625180027464,1.7300960619981147,1.807528658771843,-0.6271991524572527,-0.5544625180027483
128,1.27,1.28,0.01,0x1.47ae147ae147bp-7,0x1.47ae147ae147bp+0,732105155425347845/576460752303423488,5764607523034235/4503599627370496,True,28,1,1.7242975141371766,1.7955002787423566,-0.6303366399089099,-0.566572432249347,1.7242975141371777,1.7955002787423553,-0.6303366399089091,-0.5665724322493478,1.7242906239872373,1.8014664426409077,-0.6317257592979044,-0.5601151066980469,1.7242906239872404,1.8014664426409044,-0.6317257592979022,-0.560115106698049
129,1.28,1.29,0.01,0x1.47ae147ae147bp-7,0x1.4a3d70a3d70a4p+0,5764607523034235/4503599627370496,743634370471416315/576460752303423488,True,29,1,1.7184342078123622,1.7893440751642433,-0.6348818099584757,-0.5720843520025997,1.7184342078123633,1.7893440751642422,-0.6348818099584747,-0.5720843520026004,1.7184274952629073,1.795360542665263,-0.6362348533167427,-0.5657027594373791,1.7184274952629106,1.79536054266526,-0.6362348533167406,-0.5657027594373811
130,1.29,1.3,0.01,0x1.47ae147ae147bp-7,0x1.4cccccccccccdp+0,743634370471416315/576460752303423488,374699488997225275/288230376151711744,True,30,1,1.7125137599884483,1.7831448132375498,-0.6394106186585057,-0.5775394067478595,1.7125137599884497,1.7831448132375487,-0.6394106186585049,-0.5775394067478603,1.7125072188075965,1.7892112092983345,-0.6407288471850473,-0.5712292414873966,1.7125072188075994,1.7892112092983317,-0.6407288471850451,-0.571229241487399
131,1.3,1.31,0.01,0x1.47ae147ae147bp-7,0x1.4f5c28f5c28f6p+0,374699488997225275/288230376151711744,755163585517484785/576460752303423488,True,31,1,1.7065366777558464,1.776902688389265,-0.6439254619010492,-0.5829411192343001,1.7065366777558475,1.7769026883892638,-0.6439254619010484,-0.5829411192343009,1.7065303019450768,1.7830186677496855,-0.64521008950486,-0.576698208029459,1.70653030194508,1.7830186677496827,-0.6452100895048579,-0.5766982080294611
132,1.31,1.32,0.01,0x1.47ae147ae147bp-7,0x1.51eb851eb851fp+0,755163585517484785/576460752303423488,190232048260129755/144115188075855872,True,32,1,1.7005034335244957,1.7706178723600814,-0.6484286734191561,-0.5882929115963513,1.700503433524497,1.77061787236008,-0.6484286734191553,-0.5882929115963522,1.7004972173116224,1.7767831187170557,-0.6496808681411503,-0.5821132084539568,1.7004972173116255,1.7767831187170526,-0.6496808681411481,-0.582113208453959
133,1.32,1.33,0.01,0x1.47ae147ae147bp-7,0x1.547ae147ae148p+0,190232048260129755/144115188075855872,766692800563553255/576460752303423488,True,33,1,1.6944144659588865,1.7642905138605545,-0.6529225280233494,-0.5935981093946624,1.6944144659588878,1.7642905138605531,-0.6529225280233486,-0.5935981093946631,1.694408403791173,1.7705047390793422,-0.6541434134293624,-0.5874776905456409,1.694408403791176,1.770504739079339,-0.6541434134293603,-0.5874776905456428
134,1.33,1.34,0.01,0x1.47ae147ae147bp-7,0x1.570a3d70a3d71p+0,766692800563553255/576460752303423488,386228704043293745/288230376151711744,True,34,1,1.6882701808692475,1.7579207391994425,-0.6574092447225367,-0.5988599455474904,1.6882701808692488,1.757920739199441,-0.6574092447225358,-0.5988599455474913,1.6882642674066748,1.7641836825606136,-0.6585999012660814,-0.5927950045578326,1.6882642674066781,1.7641836825606105,-0.6585999012660793,-0.5927950045578346
135,1.34,1.35,0.01,0x1.47ae147ae147bp-7,0x1.599999999999ap+0,386228704043293745/288230376151711744,778222015609621725/576460752303423488,True,35,1,1.6820709520688517,1.751508652876517,-0.6618909897343583,-0.6040815641534107,1.6820709520688528,1.7515086528765158,-0.6618909897343576,-0.6040815641534116,1.682065182177538,1.7578200803574746,-0.6630524560880632,-0.5980684071760844,1.6820651821775414,1.7578200803574715,-0.663052456088061,-0.5980684071760866
136,1.35,1.36,0.01,0x1.47ae147ae147bp-7,0x1.5c28f5c28f5c3p+0,778222015609621725/576460752303423488,97998327891581995/72057594037927936,True,36,1,1.675817122194098,1.7450543381453243,-0.666369879365168,-0.6092660242311483,1.6758171221940992,1.7450543381453227,-0.6663698793651672,-0.6092660242311492,1.6758114909398878,1.7514140417352948,-0.6675031537190701,-0.6033010653977867,1.6758114909398907,1.7514140417352917,-0.6675031537190679,-0.6033010653977888
137,1.36,1.37,0.01,0x1.47ae147ae147bp-7,0x1.5eb851eb851ecp+0,97998327891581995/72057594037927936,789751230655690195/576460752303423488,True,37,1,1.6695090034889482,1.738557857546436,-0.6708479828183804,-0.6144163033238926,1.6695090034889493,1.7385578575464349,-0.6708479828183797,-0.6144163033238935,1.6695035061311567,1.7449656545938796,-0.6719540241456486,-0.6084960602726366,1.6695035061311594,1.7449656545938768,-0.6719540241456464,-0.6084960602726387
138,1.37,1.3800000000000001,0.01,0x1.47ae147ae147bp-7,0x1.6147ae147ae15p+0,789751230655690195/576460752303423488,397757919089362215/288230376151711744,True,38,1,1.6631468785548635,1.732019253412084,-0.6753273248840558,-0.6195353010213694,1.6631468785548649,1.7320192534120826,-0.6753273248840549,-0.6195353010213703,1.663141510540194,1.7384749860034943,-0.6764070541727949,-0.6136563905591385,1.6631415105401972,1.7384749860034912,-0.6764070541727928,-0.6136563905591407
139,1.3800000000000001,1.3900000000000001,0.01,0x1.47ae147ae147bp-7,0x1.63d70a3d70a3ep+0,397757919089362215/288230376151711744,801280445701758665/576460752303423488,True,39,1,1.6567310010671228,1.7254385483432717,-0.6798098885403645,-0.6246258423751954,1.6567310010671241,1.7254385483432704,-0.6798098885403636,-0.6246258423751962,1.656725758023751,1.731942082712376,-0.6808641899913925,-0.6187849762714108,1.656725758023754,1.7319420827123733,-0.6808641899913903,-0.6187849762714129
140,1.3900000000000001,1.4000000000000001,0.01,0x1.47ae147ae147bp-7,0x1.6666666666667p+0,801280445701758665/576460752303423488,201761263306198225/144115188075855872,True,40,1,1.6502615964584413,1.718815745660364,-0.684297617463625,-0.6296906812169939,1.6502615964584426,1.7188157456603628,-0.6842976174636242,-0.6296906812169948,1.650256474190267,1.7253669716267668,-0.6853273396539556,-0.623884662125935,1.6502564741902703,1.7253669716267637,-0.6853273396539534,-0.6238846621259372
141,1.4000000000000001,1.41,0.01,0x1.47ae147ae147bp-7,0x1.68f5c28f5c28fp+0,201761263306198225/144115188075855872,812809660747827135/576460752303423488,True,41,1,1.6437388625708467,1.7121508298280548,-0.688792418447303,-0.6347325033850386,1.6437388625708478,1.7121508298280537,-0.6887924184473022,-0.6347325033850394,1.643733857051921,1.7187496602643904,-0.6897983754590614,-0.6289582208940271,1.6437338570519238,1.7187496602643875,-0.6897983754590594,-0.6289582208940292
142,1.41,1.42,0.01,0x1.47ae147ae147bp-7,0x1.6b851eb851eb8p+0,812809660747827135/576460752303423488,409287134135430685/288230376151711744,True,42,1,1.6371629702766368,1.7054437668556786,-0.6932961637428824,-0.6397539298526225,1.637162970276638,1.7054437668556772,-0.6932961637428815,-0.6397539298526234,1.6371580776457555,1.7120901371823827,-0.6942791362578493,-0.6340083566527849,1.6371580776457586,1.7120901371823796,-0.6942791362578474,-0.6340083566527867
143,1.42,1.43,0.01,0x1.47ae147ae147bp-7,0x1.6e147ae147ae1p+0,409287134135430685/288230376151711744,824338875793895605/576460752303423488,True,43,1,1.6305340640693176,1.6986945046737116,-0.6978106933191947,-0.6447575197676217,1.6305340640693187,1.6986945046737105,-0.6978106933191939,-0.6447575197676224,1.630529280624786,1.7053883723805368,-0.6987714296789954,-0.6390377079441832,1.630529280624789,1.7053883723805339,-0.6987714296789933,-0.6390377079441854
144,1.43,1.44,0.01,0x1.47ae147ae147bp-7,0x1.70a3d70a3d70ap+0,824338875793895605/576460752303423488,51881467707308115/36028797018963968,True,44,1,1.6238522626253542,1.6919029734872908,-0.7023378170452707,-0.6497457734041735,1.6238522626253553,1.6919029734872897,-0.7023378170452699,-0.6497457734041744,1.6238475848199212,1.698644317680739,-0.7032770342773771,-0.6440488508431265,1.6238475848199243,1.6986443176807362,-0.703277034277375,-0.6440488508431286
145,1.44,1.45,0.01,0x1.47ae147ae147bp-7,0x1.7333333333333p+0,51881467707308115/36028797018963968,835868090839964075/576460752303423488,True,45,1,1.6171176593375496,1.685069086107557,-0.7068793168026792,-0.6547211350264026,1.617117659337551,1.6850690861075557,-0.7068793168026783,-0.6547211350264035,1.6171130825297575,1.6918579083271676,-0.7077980747377566,-0.6490439288090647,1.6171130825297606,1.6918579083271643,-0.7077980747377542,-0.649043928809067
146,1.45,1.46,0.01,0x1.47ae147ae147bp-7,0x1.75c28f5c28f5cp+0,835868090839964075/576460752303423488,420816349181499155/288230376151711744,True,46,1,1.6103303228208472,1.6781927382615802,-0.7114369485282733,-0.6596859956690753,1.6103303228208485,1.6781927382615789,-0.7114369485282726,-0.6596859956690762,1.61032584154604,1.6850290618010586,-0.7123365680364832,-0.6540251114240276,1.6103258415460433,1.6850290618010555,-0.7123365680364813,-0.6540251114240297
147,1.46,1.47,0.01,0x1.47ae147ae147bp-7,0x1.7851eb851eb85p+0,420816349181499155/288230376151711744,847397305886032545/576460752303423488,True,47,1,1.6034902973913276,1.6712738088815964,-0.7160124441913489,-0.6646426958368797,1.603490297391329,1.6712738088815953,-0.7160124441913481,-0.6646426958368805,1.6034859085989226,1.6781576751674265,-0.7168935355556512,-0.658995487028389,1.6034859085989257,1.6781576751674239,-0.7168935355556489,-0.6589954870283911
148,1.47,1.48,0.01,0x1.47ae147ae147bp-7,0x1.7ae147ae147aep+0,847397305886032545/576460752303423488,213290478352266695/144115188075855872,True,48,1,1.5965976035191611,1.6643121603742352,-0.7206075137076706,-0.6695935281254516,1.5965976035191622,1.664312160374234,-0.7206075137076697,-0.6695935281254525,1.5965933042906288,1.6712436308866085,-0.7214706607996738,-0.6639574096100398,1.596593304290632,1.6712436308866052,-0.7214706607996716,-0.6639574096100419
149,1.48,1.49,0.01,0x1.47ae147ae147bp-7,0x1.7d70a3d70a3d7p+0,213290478352266695/144115188075855872,858926520932101015/576460752303423488,True,49,1,1.5896522382562446,1.6573076388703898,-0.7252238467929316,-0.6745407397670516,1.5896522382562457,1.6573076388703885,-0.725223846792931,-0.6745407397670523,1.5896480258009764,1.6642867948085849,-0.7260696078995299,-0.6689131847672392,1.5896480258009795,1.6642867948085818,-0.7260696078995278,-0.6689131847672412
150,1.49,1.5,0.01,0x1.47ae147ae147bp-7,0x1.8000000000000p+0,858926520932101015/576460752303423488,432345564227567625/288230376151711744,True,50,1,1.5826541756391705,1.65026007445643,-0.7298631147652918,-0.6794865350965786,1.5826541756391717,1.6502600744564289,-0.7298631147652908,-0.6794865350965795,1.582650047290491,1.6572870164257096,-0.7306920233851573,-0.6738650722700664,1.5826500472904939,1.6572870164257065,-0.730692023385155,-0.6738650722700684
151,1.5,1.51,0.01,0x1.47ae147ae147bp-7,0x1.828f5c28f5c29p+0,432345564227567625/288230376151711744,870455735978169485/576460752303423488,True,51,1,1.5756032832641764,1.6431693651915702,-0.7345269734173937,-0.6844330767841295,1.5756032832641778,1.6431693651915689,-0.7345269734173929,-0.6844330767841302,1.575599236475469,1.6502442129109978,-0.7353395390442672,-0.6788152873688726,1.5755992364754718,1.6502442129109947,-0.7353395390442653,-0.6788152873688745
152,1.51,1.52,0.01,0x1.47ae147ae147bp-7,0x1.851eb851eb852p+0,870455735978169485/576460752303423488,109527542937650465/72057594037927936,True,52,1,1.5684994614596293,1.6360353384863515,-0.7392170628484989,-0.6893824900888009,1.5684994614596304,1.6360353384863502,-0.7392170628484981,-0.6893824900888017,1.5684954938006743,1.643158230516805,-0.7400137716973647,-0.683766005165356,1.5684954938006772,1.643158230516802,-0.7400137716973627,-0.683766005165358
153,1.52,1.53,0.01,0x1.47ae147ae147bp-7,0x1.87ae147ae147bp+0,109527542937650465/72057594037927936,881984951024237955/576460752303423488,True,53,1,1.561342725498035,1.6288576694020738,-0.743935007979425,-0.6943368662902549,1.561342725498036,1.6288576694020727,-0.7439350079794241,-0.6943368662902558,1.5613388346515347,1.636028762893899,-0.7447163236681521,-0.6887193641463512,1.5613388346515376,1.6360287628938963,-0.74471632366815,-0.6887193641463532
154,1.53,1.54,0.01,0x1.47ae147ae147bp-7,0x1.8a3d70a3d70a4p+0,881984951024237955/576460752303423488,443874779273636095/288230376151711744,True,54,1,1.5541329609129493,1.6216361258076026,-0.748682423462471,-0.6992982614627149,1.5541329609129504,1.6216361258076015,-0.7486824234624703,-0.6992982614627157,1.554129144671067,1.6288555962675098,-0.7494487877142294,-0.6936774649923492,1.5541291446710699,1.6288555962675066,-0.7494487877142273,-0.6936774649923512
155,1.54,1.55,0.01,0x1.47ae147ae147bp-7,0x1.8cccccccccccdp+0,443874779273636095/288230376151711744,893514166070306425/576460752303423488,True,55,1,1.546870031888402,1.6143704604253726,-0.7534609137796723,-0.7042687001171113,1.5468700318884032,1.6143704604253712,-0.7534609137796715,-0.7042687001171121,1.546866288149497,1.6216385015018584,-0.754212747076292,-0.6986423743216753,1.5468662881495003,1.621638501501855,-0.75421274707629,-0.6986423743216773
156,1.55,1.56,0.01,0x1.47ae147ae147bp-7,0x1.8f5c28f5c28f6p+0,893514166070306425/576460752303423488,224819693398335165/144115188075855872,True,56,1,1.5395537815276517,1.6070604109619278,-0.7582720747537863,-0.7092501772795806,1.5395537815276528,1.6070604109619266,-0.7582720747537853,-0.7092501772795816,1.5395501082931453,1.6143772342487621,-0.759009776962315,-0.7036161268465174,1.5395501082931484,1.6143772342487592,-0.7590097769623128,-0.7036161268465193
157,1.56,1.57,0.01,0x1.47ae147ae147bp-7,0x1.91eb851eb851fp+0,224819693398335165/144115188075855872,905043381116374895/576460752303423488,True,57,1,1.5321840321016145,1.5997057002233752,-0.7631174950193965,-0.714244660512743,1.5321840321016156,1.599705700223374,-0.7631174950193957,-0.7142446605127438,1.532180427472988,1.6070715350806628,-0.7638414459924733,-0.7086007274689371,1.532180427472991,1.6070715350806597,-0.7638414459924712,-0.7086007274689391
158,1.57,1.58,0.01,0x1.47ae147ae147bp-7,0x1.947ae147ae148p+0,905043381116374895/576460752303423488,455403994319704565/288230376151711744,True,58,1,1.524760585277514,1.5923060362161636,-0.7679987574561385,-0.7192540918819575,1.5247605852775152,1.5923060362161623,-0.7679987574561375,-0.7192540918819584,1.5247570474534358,1.5997211296085023,-0.7687093176068095,-0.7135981533191358,1.5247570474534387,1.5997211296084992,-0.7687093176068074,-0.7135981533191378
159,1.58,1.59,0.01,0x1.47ae147ae147bp-7,0x1.970a3d70a3d71p+0,455403994319704565/288230376151711744,916572596162443365/576460752303423488,True,59,1,1.5172832223282482,1.5848611122335923,-0.7729174405859485,-0.7242803898687066,1.5172832223282493,1.5848611122335912,-0.7729174405859476,-0.7242803898687075,1.517279749601824,1.5923257285848846,-0.7736149514375487,-0.7186103557381949,1.5172797496018273,1.5923257285848815,-0.7736149514375467,-0.7186103557381969
160,1.59,1.6,0.01,0x1.47ae147ae147bp-7,0x1.999999999999ap+0,916572596162443365/576460752303423488,28823037615171175/18014398509481984,True,60,1,1.509751704229087,1.5773706070223192,-0.7778751199374644,-0.7293254512318418,1.5097517042290884,1.5773706070223181,-0.7778751199374635,-0.7293254512318426,1.5097482949852343,1.5848850280867965,-0.7785599046492041,-0.7236392622060882,1.509748294985237,1.584885028086794,-0.7785599046492021,-0.72363926220609
161,1.6,1.61,0.01,0x1.47ae147ae147bp-7,0x1.9c28f5c28f5c3p+0,28823037615171175/18014398509481984,928101811208511835/576460752303423488,True,61,1,1.5021657721191104,1.5698341845522705,-0.7828733693727606,-0.73439115282549,1.5021657721191115,1.5698341845522696,-0.7828733693727598,-0.7343911528254907,1.5021624248320466,1.5773987093013302,-0.7835457332415683,-0.728686778223927,1.50216242483205,1.577398709301327,-0.7835457332415664,-0.7286867782239288
162,1.61,1.62,0.01,0x1.47ae147ae147bp-7,0x1.9eb851eb851ecp+0,928101811208511835/576460752303423488,466933209365773035/288230376151711744,True,62,1,1.4945251471589909,1.5622514943591543,-0.7879137623910712,-0.7394793533621044,1.4945251471589922,1.562251494359153,-0.7879137623910704,-0.7394793533621052,1.494521860389846,1.5698664388835994,-0.7885739933304067,-0.7337547891388309,1.4945218603898491,1.5698664388835963,-0.7885739933304046,-0.733754789138833
163,1.62,1.6300000000000001,0.01,0x1.47ae147ae147bp-7,0x1.a147ae147ae15p+0,466933209365773035/288230376151711744,939631026254580305/576460752303423488,True,63,1,1.4868295307692934,1.5546221714761612,-0.7929978733980656,-0.744591895136024,1.4868295307692945,1.55462217147616,-0.7929978733980647,-0.7445918951360249,1.4868263031638254,1.5622878689034851,-0.7936462423942463,-0.7388451619270396,1.4868263031638282,1.5622878689034823,-0.7936462423942443,-0.7388451619270416
164,1.6300000000000001,1.6400000000000001,0.01,0x1.47ae147ae147bp-7,0x1.a3d70a3d70a3ep+0,939631026254580305/576460752303423488,236348908444403635/144115188075855872,True,64,1,1.4790786047504343,1.5469458364544317,-0.7981272789485808,-0.7497306057026982,1.4790786047504354,1.5469458364544306,-0.7981272789485799,-0.749730605702699,1.4790754350368605,1.554662636880774,-0.7987640404952399,-0.7439597469304201,1.4790754350368633,1.5546626368807714,-0.7987640404952376,-0.7439597469304223
165,1.6400000000000001,1.6500000000000001,0.01,0x1.47ae147ae147bp-7,0x1.a666666666667p+0,236348908444403635/144115188075855872,951160241300648775/576460752303423488,True,65,1,1.4712720313860461,1.5392220953712428,-0.8033035589628867,-0.7548972995167053,1.4712720313860475,1.5392220953712414,-0.8033035589628859,-0.7548972995167061,1.4712689183729781,1.5469903658076787,-0.8039289514741514,-0.7491003795495991,1.4712689183729812,1.5469903658076756,-0.8039289514741492,-0.7491003795496011
166,1.6500000000000001,1.6600000000000001,0.01,0x1.47ae147ae147bp-7,0x1.a8f5c28f5c290p+0,951160241300648775/576460752303423488,478462424411841505/288230376151711744,True,66,1,1.4634094535301216,1.5314505398261902,-0.8085282979177584,-0.7600937795302876,1.4634094535301228,1.531450539826189,-0.8085282979177576,-0.7600937795302884,1.4634063961046058,1.539270664159027,-0.8091425441207386,-0.7542688818955258,1.4634063961046087,1.539270664159024,-0.8091425441207365,-0.7542688818955279
167,1.6600000000000001,1.67,0.01,0x1.47ae147ae147bp-7,0x1.ab851eb851eb8p+0,478462424411841505/288230376151711744,962689456346717245/576460752303423488,True,67,1,1.4554904946783176,1.52363074692563,-0.8138030860135421,-0.7653218387540668,1.4554904946783187,1.523630746925629,-0.8138030860135413,-0.7653218387540675,1.4554874918039757,1.531503125890394,-0.8144063933206991,-0.7594670644012191,1.4554874918039786,1.531503125890391,-0.814406393320697,-0.7594670644012212
168,1.67,1.68,0.01,0x1.47ae147ae147bp-7,0x1.ae147ae147ae1p+0,962689456346717245/576460752303423488,121056757983718935/72057594037927936,True,68,1,1.4475147590237833,1.5157622792556156,-0.8191295203183148,-0.7705832617815376,1.4475147590237845,1.5157622792556142,-0.8191295203183139,-0.7705832617815385,1.44751180973905,1.5236873304244325,-0.8197220812026625,-0.7646967273729903,1.4475118097390531,1.5236873304244294,-0.8197220812026605,-0.7646967273729923
169,1.68,1.69,0.01,0x1.47ae147ae147bp-7,0x1.b0a3d70a3d70ap+0,121056757983718935/72057594037927936,974218671392785715/576460752303423488,True,69,1,1.4394818314978512,1.5078446848435652,-0.8245092058901483,-0.7758798262788685,1.4394818314978526,1.5078446848435638,-0.8245092058901474,-0.7758798262788694,1.4394789349143085,1.5158228426256461,-0.8250911982052059,-0.7699596625637862,1.4394789349143118,1.515822842625643,-0.825091198205204,-0.7699596625637883
170,1.69,1.7,0.01,0x1.47ae147ae147bp-7,0x1.b333333333333p+0,974218671392785715/576460752303423488,489991639457909975/288230376151711744,True,70,1,1.431391277795934,1.4998774971088795,-0.8299437568784094,-0.7812133044414695,1.431391277795935,1.4998774971088784,-0.8299437568784085,-0.7812133044414704,1.4313884330967364,1.5079092127638394,-0.8305153441330759,-0.7752576547019312,1.4313884330967395,1.5079092127638363,-0.8305153441330742,-0.7752576547019331
171,1.7,1.71,0.01,0x1.47ae147ae147bp-7,0x1.b5c28f5c28f5cp+0,489991639457909975/288230376151711744,985747886438854185/576460752303423488,True,71,1,1.423236231451482,1.4918666477580433,-0.8354348890839709,-0.7865853694885224,1.4232362314514833,1.4918666477580422,-0.83543488908397,-0.7865853694885233,1.4232334378871472,1.4999523894245146,-0.8359962218401785,-0.78059238688886,1.42323343788715,1.4999523894245117,-0.8359962218401763,-0.7805923868888623
172,1.71,1.72,0.01,0x1.47ae147ae147bp-7,0x1.b851eb851eb85p+0,985747886438854185/576460752303423488,247878123490472105/144115188075855872,True,72,1,1.4150162010063485,1.4838116595054403,-0.8409842389179908,-0.7919977859559105,1.4150162010063496,1.4838116595054391,-0.8409842389179899,-0.7919977859559114,1.4150134578961775,1.4919519122364602,-0.8415354539674487,-0.7859656331379038,1.4150134578961806,1.491951912236457,-0.8415354539674467,-0.7859656331379058
173,1.72,1.73,0.01,0x1.47ae147ae147bp-7,0x1.bae147ae147aep+0,247878123490472105/144115188075855872,997277101484922655/576460752303423488,True,73,1,1.4067371837456801,1.4757055322394306,-0.8465933618531815,-0.7974524138719059,1.4067371837456812,1.4757055322394295,-0.8465933618531806,-0.7974524138719068,1.4067344904791452,1.4839007980500198,-0.84713458142249,-0.7913792625455905,1.4067344904791483,1.4839007980500167,-0.8471345814224877,-0.7913792625455927
174,1.73,1.74,0.01,0x1.47ae147ae147bp-7,0x1.bd70a3d70a3d7p+0,997277101484922655/576460752303423488,501520854503978445/288230376151711744,True,74,1,1.3983986646672162,1.4675477439676385,-0.8522639190354037,-0.802951017481296,1.3983986646672173,1.4675477439676372,-0.8522639190354029,-0.8029510174812968,1.398396020699941,1.4757985418997148,-0.8527952521261307,-0.7968350459039247,1.3983960206999442,1.4757985418997115,-0.8527952521261288,-0.7968350459039267
175,1.74,1.75,0.01,0x1.47ae147ae147bp-7,0x1.c000000000000p+0,501520854503978445/288230376151711744,1008806316530991125/576460752303423488,True,75,1,1.3900001094615133,1.4593377576736128,-0.8579975859927528,-0.8084953623158967,1.3900001094615146,1.4593377576736115,-0.8579975859927519,-0.8084953623158976,1.389997514314115,1.4676446238697385,-0.8585191286140655,-0.8023347539006592,1.3899975143141179,1.4676446238697358,-0.8585191286140635,-0.8023347539006613
176,1.75,1.76,0.01,0x1.47ae147ae147bp-7,0x1.c28f5c28f5c29p+0,1008806316530991125/576460752303423488,63410682753376585/36028797018963968,True,76,1,1.3815409644563976,1.451075021204244,-0.8637960533947856,-0.8140872167092483,1.3815409644563987,1.4510750212042427,-0.8637960533947847,-0.8140872167092492,1.3815384177134273,1.4594385089927517,-0.864307888775741,-0.8078801586759459,1.3815384177134302,1.4594385089927486,-0.8643078887757389,-0.807880158675948
177,1.76,1.77,0.01,0x1.47ae147ae147bp-7,0x1.c51eb851eb852p+0,63410682753376585/36028797018963968,1020335531577059595/576460752303423488,True,77,1,1.3730206565453362,1.4427589671507233,-0.8696610282688985,-0.8197283528121936,1.3730206565453376,1.4427589671507222,-0.8696610282688977,-0.8197283528121945,1.3730181578542726,1.4511796471420564,-0.8701632270611928,-0.8134730348684367,1.373018157854276,1.4511796471420535,-0.8701632270611906,-0.8134730348684387
178,1.77,1.78,0.01,0x1.47ae147ae147bp-7,0x1.c7ae147ae147bp+0,1020335531577059595/576460752303423488,513050069550046915/288230376151711744,True,78,1,1.364438593102325,1.4343890127181522,-0.8755942351461327,-0.8254205479109274,1.3644385931023264,1.4343890127181511,-0.8755942351461319,-0.8254205479109282,1.364436142172647,1.4428674729121818,-0.8760868556105558,-0.8191151609700829,1.3644361421726499,1.4428674729121789,-0.8760868556105537,-0.819115160970085
179,1.78,1.79,0.01,0x1.47ae147ae147bp-7,0x1.ca3d70a3d70a4p+0,513050069550046915/288230376151711744,1031864746623128065/576460752303423488,True,79,1,1.3557941618916725,1.4259645595859702,-0.8815974165279996,-0.8311655856406608,1.3557941618916736,1.425964559585969,-0.881597416527999,-0.8311655856406616,1.3557917584939998,1.4345014054900995,-0.882080504707019,-0.8248083205736768,1.355791758494003,1.4345014054900964,-0.882080504707017,-0.8248083205736788
180,1.79,1.8,0.01,0x1.47ae147ae147bp-7,0x1.ccccccccccccdp+0,1031864746623128065/576460752303423488,259407338536540575/144115188075855872,True,80,1,1.3470867309651784,1.4174849937570202,-0.8876723334022806,-0.8369652573762347,1.3470867309651795,1.417484993757019,-0.8876723334022797,-0.8369652573762355,1.3470843749305037,1.4260808485148588,-0.8881459232754004,-0.8305543038003479,1.3470843749305064,1.426080848514856,-0.8881459232753984,-0.8305543038003499
181,1.8,1.81,0.01,0x1.47ae147ae147bp-7,0x1.cf5c28f5c28f6p+0,259407338536540575/144115188075855872,1043393961669196535/576460752303423488,True,81,1,1.3383156486066967,1.4089496853289583,-0.8938207674991029,-0.8428213627792082,1.3383156486066978,1.4089496853289571,-0.893820767499102,-0.8428213627792089,1.3383133398256182,1.417605189859452,-0.8942848811370311,-0.836354907867247,1.3383133398256208,1.4176051898594493,-0.8942848811370288,-0.8363549078672492
182,1.81,1.82,0.01,0x1.47ae147ae147bp-7,0x1.d1eb851eb851fp+0,1043393961669196535/576460752303423488,524579284596115385/288230376151711744,True,82,1,1.3294802430818033,1.4003579884506938,-0.9000445212144886,-0.8487357115706796,1.329480243081805,1.4003579884506925,-0.9000445212144879,-0.8487357115706804,1.3294779815038853,1.4090738015973998,-0.9004991689085965,-0.8422119389043244,1.3294779815038884,1.4090738015973967,-0.9004991689085946,-0.8422119389043264
183,1.82,1.83,0.01,0x1.47ae147ae147bp-7,0x1.d47ae147ae148p+0,524579284596115385/288230376151711744,1054923176715265005/576460752303423488,True,83,1,1.3205798224378664,1.3917092412046672,-0.9063454187002921,-0.854710124460506,1.3205798224378678,1.391709241204666,-0.9063454187002912,-0.8547101244605069,1.3205776080710394,1.400486039895065,-0.9067905990839475,-0.8481272129108742,1.3205776080710425,1.400486039895062,-0.9067905990839454,-0.8481272129108763
184,1.83,1.84,0.01,0x1.47ae147ae147bp-7,0x1.d70a3d70a3d71p+0,1054923176715265005/576460752303423488,132585973029787405/72057594037927936,True,84,1,1.3116136745480178,1.383002765225812,-0.9127253067185519,-0.86074643423801,1.311613674548019,1.3830027652258106,-0.912725306718551,-0.8607464342380108,1.3116115074580357,1.3918412446404418,-0.9131610068771737,-0.8541025568767757,1.3116115074580388,1.391841244640439,-0.9131610068771719,-0.8541025568767775
185,1.84,1.85,0.01,0x1.47ae147ae147bp-7,0x1.d99999999999ap+0,132585973029787405/72057594037927936,1066452391761333475/576460752303423488,True,85,1,1.3025810668621305,1.3742378655940028,-0.9191860554651605,-0.8668464868668586,1.3025810668621318,1.3742378655940015,-0.9191860554651596,-0.8668464868668595,1.3025789471720852,1.3831387393452395,-0.9196122510349906,-0.8601398099080779,1.302578947172088,1.3831387393452366,-0.9196122510349886,-0.8601398099080798
186,1.85,1.86,0.01,0x1.47ae147ae147bp-7,0x1.dc28f5c28f5c3p+0,1066452391761333475/576460752303423488,536108499642183855/288230376151711744,True,86,1,1.293481246231461,1.3654138306338492,-0.925729559636059,-0.8730121422980403,1.2934812462314624,1.3654138306338481,-0.9257295596360582,-0.873012142298041,1.2934791741213285,1.374377830954138,-0.9261462148963492,-0.8662408240662717,1.2934791741213316,1.374377830954135,-0.9261462148963471,-0.8662408240662738
187,1.86,1.87,0.01,0x1.47ae147ae147bp-7,0x1.deb851eb851ecp+0,536108499642183855/288230376151711744,1077981606807401945/576460752303423488,True,87,1,1.284313438726771,1.3565299317023949,-0.9323577387842351,-0.879245275951817,1.2843134387267718,1.3565299317023938,-0.9323577387842344,-0.8792452759518179,1.2843114144330474,1.3655578096416945,-0.9327648067319333,-0.8724074658878592,1.2843114144330505,1.3655578096416914,-0.9327648067319314,-0.8724074658878612
188,1.87,1.8800000000000001,0.01,0x1.47ae147ae147bp-7,0x1.e147ae147ae15p+0,1077981606807401945/576460752303423488,270936553582609045/144115188075855872,True,88,1,1.2750768494465607,1.3475854229686244,-0.9390725382045626,-0.8855477796304018,1.2750768494465619,1.3475854229686235,-0.9390725382045619,-0.8855477796304024,1.2750748732619377,1.356677948600906,-0.9394699606215124,-0.8786416173251673,1.2750748732619401,1.3566779486009035,-0.9394699606215107,-0.8786416173251693
189,1.8800000000000001,1.8900000000000001,0.01,0x1.47ae147ae147bp-7,0x1.e3d70a3d70a3ep+0,270936553582609045/144115188075855872,1089510821853470415/576460752303423488,True,89,1,1.2657706623136304,1.338579541186662,-0.9458759298126049,-0.8919215623942753,1.2657706623136318,1.3385795411866608,-0.945875929812604,-0.8919215623942762,1.2657687345867004,1.347737503825259,-0.9462636373256481,-0.8849451766510856,1.2657687345867035,1.3477375038252561,-0.9462636373256461,-0.8849451766510876
190,1.8900000000000001,1.9000000000000001,0.01,0x1.47ae147ae147bp-7,0x1.e666666666667p+0,1089510821853470415/576460752303423488,547637714688252325/288230376151711744,True,90,1,1.256394039862325,1.3295115054611704,-0.9527699128295455,-0.8983685515878508,1.2563940398623261,1.329511505461169,-0.9527699128295445,-0.8983685515878517,1.2563921609973419,1.3387357138827403,-0.9531478249613058,-0.891320059516174,1.2563921609973447,1.3387357138827372,-0.9531478249613039,-0.891320059516176
191,1.9000000000000001,1.9100000000000001,0.01,0x1.47ae147ae147bp-7,0x1.e8f5c28f5c290p+0,547637714688252325/288230376151711744,1101040036899538885/576460752303423488,True,91,1,1.2469461230197285,1.3203805170018108,-0.959756514484045,-0.9048906938021551,1.2469461230197298,1.3203805170018095,-0.9597565144840441,-0.904890693802156,1.2469442934764041,1.3296717996787009,-0.9601245396956073,-0.8977681999425399,1.2469442934764068,1.329671799678698,-0.9601245396956053,-0.8977681999425418
192,1.9100000000000001,1.92,0.01,0x1.47ae147ae147bp-7,0x1.eb851eb851eb8p+0,1101040036899538885/576460752303423488,17293822569102705/9007199254740992,True,92,1,1.237425764046467,1.3111860257026289,-0.9668377945838103,-0.9114899517399271,1.237425764046468,1.3111860257026278,-0.9668377945838095,-0.911489951739928,1.2374239843397257,1.3205452310434869,-0.9671958303423085,-0.9042915471882248,1.2374239843397288,1.3205452310434838,-0.9671958303423065,-0.9042915471882269
193,1.92,1.93,0.01,0x1.47ae147ae147bp-7,0x1.ee147ae147ae1p+0,17293822569102705/9007199254740992,1112569251945607355/576460752303423488,True,93,1,1.2278321695900214,1.3019270865899109,-0.9740158367710674,-0.9181683149521893,1.2278321695900227,1.3019270865899095,-0.9740158367710666,-0.9181683149521902,1.2278304402899929,1.3113550831880165,-0.9743637695306346,-0.9108920765958921,1.227830440289996,1.3113550831880134,-0.9743637695306325,-0.9108920765958941
194,1.93,1.94,0.01,0x1.47ae147ae147bp-7,0x1.f0a3d70a3d70ap+0,1112569251945607355/576460752303423488,559166929734320795/288230376151711744,True,94,1,1.218164567861433,1.2926026921345477,-0.9812927539852884,-0.9249277956729466,1.2181645678614343,1.2926026921345464,-0.9812927539852876,-0.9249277956729475,1.2181628895933627,1.302100369023915,-0.9816304592044883,-0.9175717854179706,1.218162889593366,1.3021003690239117,-0.9816304592044865,-0.9175717854179725
195,1.94,1.95,0.01,0x1.47ae147ae147bp-7,0x1.f333333333333p+0,559166929734320795/288230376151711744,1124098466991675825/576460752303423488,True,95,1,1.208422010855809,1.2832119695053579,-0.9886706919304354,-0.9317704266703547,1.2084220108558104,1.2832119695053565,-0.9886706919304347,-0.9317704266703556,1.20842038429995,1.292780236424278,-0.9889980341071364,-0.9243326906789396,1.208420384299953,1.2927802364242749,-0.9889980341071345,-0.9243326906789415
196,1.95,1.96,0.01,0x1.47ae147ae147bp-7,0x1.f5c28f5c28f5cp+0,1124098466991675825/576460752303423488,282465768628677515/144115188075855872,True,96,1,1.198603527731292,1.2737540266484908,-0.9961518273782844,-0.9386982644388331,1.1986035277312932,1.2737540266484897,-0.9961518273782838,-0.9386982644388339,1.1986019536228634,1.2833938143101253,-0.9964686600603664,-0.9311768324219953,1.1986019536228665,1.2833938143101222,-0.9964686600603645,-0.9311768324219974
197,1.96,1.97,0.01,0x1.47ae147ae147bp-7,0x1.f851eb851eb85p+0,282465768628677515/144115188075855872,1135627682037744295/576460752303423488,True,97,1,1.1887081245398545,1.264227952001908,-1.0037383686742638,-0.9457133900217336,1.1887081245398559,1.2642279520019064,-1.0037383686742622,-0.9457133900217344,1.188706603669029,1.2739402123716657,-1.0040445344658102,-0.9381062745686514,1.1887066036690324,1.2739402123716626,-1.004044534465807,-0.9381062745686536
198,1.97,1.98,0.01,0x1.47ae147ae147bp-7,0x1.fae147ae147aep+0,1135627682037744295/576460752303423488,570696144780389265/288230376151711744,True,98,1,1.178734783959461,1.2546328141953744,-1.0114325562192183,-0.9528179098067607,1.1787347839594624,1.254632814195373,-1.0114325562192168,-0.9528179098067615,1.1787333171713685,1.2644185207747407,-1.0117278867828854,-0.9451231057526431,1.1787333171713712,1.2644185207747378,-1.011727886782882,-0.945123105752645
199,1.98,1.99,0.01,0x1.47ae147ae147bp-7,0x1.fd70a3d70a3d7p+0,570696144780389265/288230376151711744,1147156897083812765/576460752303423488,True,99,1,1.1686824650135745,1.244967661751448,-1.0192366628480158,-0.9600139562926503,1.1686824650135756,1.244967661751447,-1.019236662848014,-0.9600139562926511,1.168681053208324,1.2548278098679144,-1.0195209789043145,-0.9522294401268308,1.1686810532083274,1.2548278098679115,-1.0195209789043103,-0.9522294401268327
200,1.99,2.0,0.01,0x1.47ae147ae147bp-7,0x1.0000000000000p+1,1147156897083812765/576460752303423488,144115188075855875/72057594037927936,True,0,2,1.1585501027871745,1.2352315227779997,-1.0271529942121786,-0.9673036888228486,1.1585501027871759,1.2352315227779984,-1.0271529942121769,-0.9673036888228492,1.1585487469198892,1.2451671298807048,-1.0274261055364582,-0.9594274181390338,1.1585487469198923,1.2451671298807017,-1.027426105536455,-0.9594274181390361
201,2.0,2.0100000000000002,0.01,0x1.47ae147ae147bp-7,0x1.0147ae147ae15p+1,144115188075855875/72057594037927936,1158686112129881235/576460752303423488,True,1,2,1.1483366081377107,1.225423404655024,-1.0351838891503082,-0.9746892942590065,1.148336608137712,1.2254234046550228,-1.0351838891503065,-0.9746892942590073,1.1483353092185682,1.2354355106157096,-1.0354455945685,-0.9667192072496004,1.148335309218571,1.2354355106157064,-1.035445594568496,-0.9667192072496025
202,2.0100000000000002,2.02,0.01,0x1.47ae147ae147bp-7,0x1.028f5c28f5c29p+1,1158686112129881235/576460752303423488,582225359826457735/288230376151711744,True,2,2,1.1380408676040936,1.2155422935140576,-1.04333171582882,-0.9821729917536405,1.138040867604095,1.2155422935140563,-1.0433317158288182,-0.9821729917536414,1.138039626698542,1.225631960932719,-1.043581803178716,-0.9741070067845948,1.1380396266985446,1.2256319609327162,-1.0435818031787119,-0.9741070067845975
203,2.02,2.0300000000000002,0.01,0x1.47ae147ae147bp-7,0x1.03d70a3d70a3ep+1,582225359826457735/288230376151711744,1170215327175949705/576460752303423488,True,3,2,1.1276617423502369,1.2055871546741248,-1.0515988879751486,-0.9897570173446243,1.127661742350238,1.2055871546741237,-1.051598887975147,-0.9897570173446252,1.1276605605785386,1.215755469189725,-1.0518371342018953,-0.9815930324457036,1.1276605605785412,1.215755469189722,-1.0518371342018908,-0.9815930324457062
204,2.0300000000000002,2.04,0.01,0x1.47ae147ae147bp-7,0x1.051eb851eb852p+1,1170215327175949705/576460752303423488,293994983674745985/144115188075855872,True,4,2,1.1171980689438967,1.1955569312346146,-1.059987841189322,-0.9974436483652804,1.117198068943898,1.1955569312346135,-1.0599878411893204,-0.9974436483652814,1.117196947481679,1.2058050018386754,-1.0602140122404742,-0.9891795409742024,1.1171969474816823,1.2058050018386721,-1.06021401224047,-0.989179540974205
205,2.04,2.05,0.01,0x1.47ae147ae147bp-7,0x1.0666666666666p+1,293994983674745985/144115188075855872,1181744542222018175/576460752303423488,True,5,2,1.106648658379607,1.1854505444174301,-1.0685010487422046,-1.0052351882517314,1.106648658379608,1.185450544417429,-1.068501048742203,-1.005235188251733,1.1066475984577244,1.1957795037716292,-1.068714899600282,-0.996868814878431,1.1066475984577273,1.1957795037716266,-1.0687148996002775,-0.9968688148784337
206,2.05,2.06,0.01,0x1.47ae147ae147bp-7,0x1.07ae147ae147bp+1,1181744542222018175/576460752303423488,593754574872526205/288230376151711744,True,6,2,1.0960122959347236,1.1752668930705685,-1.0771410177887037,-1.0131339708114109,1.0960122959347247,1.1752668930705674,-1.077141017788702,-1.0131339708114124,1.0960112988392687,1.1856778978269178,-1.077342292474064,-1.0046631667941008,1.0960112988392718,1.1856778978269147,-1.0773422924740599,-1.004663166794105
207,2.06,2.07,0.01,0x1.47ae147ae147bp-7,0x1.08f5c28f5c28fp+1,593754574872526205/288230376151711744,1193273757268086645/576460752303423488,True,7,2,1.085287740868491,1.165004853324524,-1.0859102890290637,-1.0211423609094037,1.0852877408684922,1.165004853324523,-1.0859102890290622,-1.0211423609094052,1.0852868079407962,1.1754990844476336,-1.0860987206056831,-1.0125649402347312,1.0852868079407991,1.1754990844476307,-1.0860987206056791,-1.0125649402347352
208,2.07,2.08,0.01,0x1.47ae147ae147bp-7,0x1.0a3d70a3d70a4p+1,1193273757268086645/576460752303423488,74939897799445055/36028797018963968,True,8,2,1.0744737261201753,1.154663278246854,-1.0948114366641333,-1.0292627547163071,1.0744737261201767,1.1546632782468527,-1.0948114366641315,-1.029262754716309,1.0744728587567787,1.165241941337619,-1.0949867472522687,-1.0205765099048676,1.074472858756782,1.1652419413376156,-1.0949867472522645,-1.0205765099048718
209,2.08,2.09,0.01,0x1.47ae147ae147bp-7,0x1.0b851eb851eb8p+1,74939897799445055/36028797018963968,1204802972314155115/576460752303423488,True,9,2,1.0635689580091987,1.1442409974934789,-1.1038470680582788,-1.0374975800925963,1.0635689580091998,1.1442409974934775,-1.1038470680582773,-1.0374975800925978,1.0635681576617788,1.1549053231134274,-1.1040089688539574,-1.028700282155537,1.0635681576617815,1.1549053231134245,-1.1040089688539532,-1.0287002821555415
210,2.09,2.1,0.01,0x1.47ae147ae147bp-7,0x1.0cccccccccccdp+1,1204802972314155115/576460752303423488,605283789918594675/288230376151711744,True,10,2,1.0525721159382466,1.133736816957358,-1.1130198233033206,-1.0458492969039286,1.052572115938248,1.133736816957357,-1.1130198233033186,-1.0458492969039301,1.0525713841135158,1.1444880609528685,-1.113168014606225,-1.0369386953751685,1.052571384113519,1.1444880609528656,-1.1131680146062208,-1.0369386953751722
211,2.1,2.11,0.01,0x1.47ae147ae147bp-7,0x1.0e147ae147ae1p+1,605283789918594675/288230376151711744,1216332187360223585/576460752303423488,True,11,2,1.041481852097097,1.1231495184185447,-1.1223323750073075,-1.0543203969304666,1.041481852097098,1.1231495184185436,-1.1223323750073058,-1.0543203969304682,1.0414811903566428,1.1339889622440642,-1.1224665462599979,-1.0452942199781392,1.0414811903566459,1.133988962244061,-1.1224665462599934,-1.0452942199781432
212,2.11,2.12,0.01,0x1.47ae147ae147bp-7,0x1.0f5c28f5c28f6p+1,1216332187360223585/576460752303423488,305524198720814455/144115188075855872,True,12,2,1.0302967911738765,1.1124778591907847,-1.1317874274107298,-1.0629134042535398,1.0302967911738776,1.1124778591907836,-1.1317874274107282,-1.0629134042535413,1.0302962011339518,1.1234068102301116,-1.1319072572480404,-1.053769358878864,1.0302962011339547,1.1234068102301087,-1.1319072572480364,-1.053769358878868
213,2.12,2.13,0.01,0x1.47ae147ae147bp-7,0x1.10a3d70a3d70ap+1,305524198720814455/144115188075855872,1227861402406292055/576460752303423488,True,13,2,1.0190155300748445,1.1017205717653205,-1.141387715390944,-1.07163087557146,1.0190155300748458,1.101720571765319,-1.1413877153909422,-1.0716308755714619,1.0190150134060967,1.1127403636499449,-1.141492871701954,-1.0623666479001868,1.0190150134060998,1.1127403636499416,-1.1414928717019497,-1.0623666479001908
214,2.13,2.14,0.01,0x1.47ae147ae147bp-7,0x1.11eb851eb851fp+1,1227861402406292055/576460752303423488,616813004964663145/288230376151711744,True,14,2,1.0076366376495938,1.0908763634584422,-1.151136003802306,-1.0804753998549435,1.007636637649595,1.090876363458441,-1.1511360038023042,-1.0804753998549452,1.007636196076716,1.1019883563818726,-1.1512261438088611,-1.0710886555254933,1.0076361960767188,1.1019883563818698,-1.151226143808857,-1.0710886555254973
215,2.14,2.15,0.01,0x1.47ae147ae147bp-7,0x1.1333333333333p+1,616813004964663145/288230376151711744,1239390617452360525/576460752303423488,True,15,2,0.9961586544254014,1.079943916059348,-1.161035086341988,-1.0894495983414894,0.9961586544254023,1.079943916059347,-1.1610350863419865,-1.089449598341491,0.9961582897266994,1.091149497086252,-1.1611098566939093,-1.0799379829983107,0.9961582897267016,1.0911494970862492,-1.161109856693905,-1.0799379829983151
216,2.15,2.16,0.01,0x1.47ae147ae147bp-7,0x1.147ae147ae148p+1,1239390617452360525/576460752303423488,155644403121924345/72057594037927936,True,16,2,0.9845800923529975,1.0689218854799174,-1.1710877842934626,-1.098556124362527,0.9845800923529983,1.068921885479916,-1.1710877842934608,-1.0985561243625286,0.9845798063598651,1.0802224688488202,-1.1711468211829466,-1.088917264261431,0.9845798063598674,1.0802224688488171,-1.1711468211829426,-1.0889172642614349
217,2.16,2.17,0.01,0x1.47ae147ae147bp-7,0x1.15c28f5c28f5cp+1,155644403121924345/72057594037927936,1250919832498428995/576460752303423488,True,17,2,0.9728994345643168,1.0578089014081011,-1.1812969451828048,-1.1077976629947799,0.9728994345643178,1.0578089014081,-1.1812969451828035,-1.1077976629947814,0.9728992291606064,1.0692059288262972,-1.1813398744804369,-1.0980291657277363,0.9728992291606086,1.069205928826294,-1.1813398744804324,-1.0980291657277408
218,2.17,2.18,0.01,0x1.47ae147ae147bp-7,0x1.170a3d70a3d71p+1,1250919832498428995/576460752303423488,628342220010731615/288230376151711744,True,18,2,0.9611151351484182,1.0466035669627411,-1.191665441106446,-1.117176930649147,0.9611151351484192,1.0466035669627398,-1.1916654411064445,-1.1171769306491486,0.9611150122696932,1.0580985078919631,-1.1916918785208401,-1.1072763859971109,0.9611150122696958,1.05809850789196,-1.191691878520836,-1.1072763859971149
219,2.18,2.19,0.01,0x1.47ae147ae147bp-7,0x1.1851eb851eb85p+1,628342220010731615/288230376151711744,1262449047544497465/576460752303423488,True,19,2,0.9492256189347682,1.0353044583620812,-1.2021961669462287,-1.126696674525973,0.9492256189347688,1.0353044583620803,-1.202196166946227,-1.1266966745259743,0.9492255805674302,1.046898810293369,-1.2022057182100054,-1.1166616554482982,0.9492255805674318,1.0468988102933658,-1.2022057182100012,-1.1166616554483022
220,2.19,2.2,0.01,0x1.47ae147ae147bp-7,0x1.199999999999ap+1,1262449047544497465/576460752303423488,317053413766882925/144115188075855872,True,20,2,0.9372292813031906,1.0239101245910711,-1.212892038370502,-1.1363596719125024,0.9372292813031913,1.0239101245910704,-1.2128920383705002,-1.1363596719125044,0.9372292714661972,1.0356054713244245,-1.212895902908027,-1.1261761322295645,0.9372292714661986,1.0356054713244225,-1.212895902908023,-1.1261761322295687
221,2.2,2.21,0.01,0x1.47ae147ae147bp-7,0x1.1ae147ae147aep+1,317053413766882925/144115188075855872,1273978262590565935/576460752303423488,True,21,2,0.9251244873527171,1.0124190877386368,-1.2237559896544645,-1.1461687292848641,0.9251244873527178,1.0124190877386356,-1.2237559896544625,-1.146168729284866,0.9251244772914471,1.0242170144360998,-1.2237599218211908,-1.1358280439768464,0.9251244772914485,1.0242170144360976,-1.2237599218211863,-1.1358280439768509
222,2.21,2.22,0.01,0x1.47ae147ae147bp-7,0x1.1c28f5c28f5c3p+1,1273978262590565935/576460752303423488,639871435056800085/288230376151711744,True,22,2,0.9129095620825932,1.0008298523555907,-1.2347909711355118,-1.1561266813628688,0.9129095620825938,1.0008298523555896,-1.23479097113551,-1.1561266813628706,0.9129095517644461,1.0127319442762157,-1.2347949811114425,-1.1456259474158392,0.9129095517644477,1.0127319442762137,-1.234794981111438,-1.1456259474158437
223,2.22,2.23,0.01,0x1.47ae147ae147bp-7,0x1.1d70a3d70a3d7p+1,639871435056800085/288230376151711744,1285507477636634405/576460752303423488,True,23,2,0.9005828230412614,0.989140872381006,-1.2459999460592392,-1.1662363904127953,0.900582823041262,0.9891408723810053,-1.2459999460592375,-1.1662363904127968,0.9005828124315199,1.0011487438170978,-1.2460040446889493,-1.1555726839341243,0.9005828124315215,1.0011487438170956,-1.2460040446889449,-1.1555726839341285
224,2.23,2.24,0.01,0x1.47ae147ae147bp-7,0x1.1eb851eb851ecp+1,1285507477636634405/576460752303423488,40352252661239645/18014398509481984,True,24,2,0.8881425463370674,0.9773505847496233,-1.2573858879193527,-1.1765007444243654,0.8881425463370679,0.9773505847496228,-1.2573858879193507,-1.1765007444243674,0.8881425353987765,0.9894658792182639,-1.2573900867508452,-1.16567112279062,0.888142535398778,0.9894658792182625,-1.2573900867508412,-1.165671122790624
225,2.24,2.25,0.01,0x1.47ae147ae147bp-7,0x1.2000000000000p+1,40352252661239645/18014398509481984,1297036692682702875/576460752303423488,True,25,2,0.8755869780214068,0.9654573976709948,-1.2689517778228374,-1.1869226549892546,0.8755869780214074,0.9654573976709943,-1.2689517778228359,-1.186922654989256,0.8755869667152507,0.9776817880824858,-1.2689560891472307,-1.1759241592409135,0.8755869667152522,0.9776817880824844,-1.2689560891472267,-1.1759241592409178
226,2.25,2.2600000000000002,0.01,0x1.47ae147ae147bp-7,0x1.2147ae147ae15p+1,1297036692682702875/576460752303423488,651400650102868555/288230376151711744,True,26,2,0.8629143339535329,0.9534596904805106,-1.280700610772556,-1.1975050455039047,0.8629143339535335,0.95345969048051,-1.2807006107725543,-1.1975050455039065,0.8629143222377047,0.9657948792811626,-1.2807050476659037,-1.1863347030029379,0.8629143222377064,0.965794879281161,-1.2807050476658997,-1.1863347030029419
227,2.2600000000000002,2.27,0.01,0x1.47ae147ae147bp-7,0x1.228f5c28f5c29p+1,651400650102868555/288230376151711744,1308565907728771345/576460752303423488,True,27,2,0.8501227998783649,0.9413558133322931,-1.2926353739974366,-1.208250866949847,0.8501227998783656,0.9413558133322926,-1.292635373997435,-1.2082508669498488,0.8501227877084316,0.9538035326188263,-1.292639950364207,-1.196905694318998,0.8501227877084333,0.9538035326188248,-1.2926399503642034,-1.196905694319002
228,2.27,2.2800000000000002,0.01,0x1.47ae147ae147bp-7,0x1.23d70a3d70a3ep+1,1308565907728771345/576460752303423488,328582628812951395/144115188075855872,True,28,2,0.8372105315154695,0.9291440869443883,-1.3047590456644473,-1.2191630926046024,0.8372105315154701,0.9291440869443878,-1.3047590456644458,-1.219163092604604,0.8372105188442295,0.9417060985470173,-1.3047637762831124,-1.2076400989673797,0.8372105188442309,0.9417060985470159,-1.3047637762831086,-1.2076400989673837
229,2.2800000000000002,2.29,0.01,0x1.47ae147ae147bp-7,0x1.251eb851eb852p+1,328582628812951395/144115188075855872,1320095122774839815/576460752303423488,True,29,2,0.8241756546566015,0.9168228024043676,-1.3170745937594734,-1.230244711931146,0.824175654656602,0.916822802404367,-1.3170745937594714,-1.230244711931148,0.8241756414339353,0.9295008979354353,-1.317079494366794,-1.2185409024364964,0.8241756414339365,0.9295008979354341,-1.31707949436679,-1.2185409024365004
230,2.29,2.3000000000000003,0.01,0x1.47ae147ae147bp-7,0x1.2666666666667p+1,1320095122774839815/576460752303423488,662929865148937025/288230376151711744,True,30,2,0.8110162653139911,0.9043902209996642,-1.3295849707255318,-1.241498728030768,0.8110162653139917,0.9043902209996635,-1.32958497072553,-1.2414987280307699,0.8110162514867065,0.9171862218644877,-1.3295900581368352,-1.2296111076868657,0.811016251486708,0.9171862218644863,-1.3295900581368312,-1.2296111076868697
231,2.3000000000000003,2.31,0.01,0x1.47ae147ae147bp-7,0x1.27ae147ae147bp+1,662929865148937025/288230376151711744,1331624337820908285/576460752303423488,True,31,2,0.7977304299183093,0.8918445740809567,-1.3422931080204603,-1.2529281544403883,0.7977304299183099,0.8918445740809562,-1.3422931080204585,-1.2529281544403899,0.7977304154299796,0.9047603314473163,-1.3422983999478164,-1.2408537326185678,0.7977304154299811,0.9047603314473146,-1.3422983999478126,-1.2408537326185718
232,2.31,2.32,0.01,0x1.47ae147ae147bp-7,0x1.28f5c28f5c28fp+1,1331624337820908285/576460752303423488,167173618167992815/72057594037927936,True,32,2,0.7843161855826837,0.8791840629498227,-1.3552019096929764,-1.2645360121270999,0.7843161855826841,0.8791840629498222,-1.3552019096929748,-1.2645360121271014,0.7843161703734784,0.8922214576722975,-1.3552074249276747,-1.2522718070936987,0.7843161703734799,0.8922214576722962,-1.3552074249276709,-1.2522718070937024
233,2.32,2.33,0.01,0x1.47ae147ae147bp-7,0x1.2a3d70a3d70a4p+1,167173618167992815/72057594037927936,1343153552866976755/576460752303423488,True,33,2,0.7707715404129265,0.8664068587986006,-1.3683142470515546,-1.2763253245545965,0.7707715404129273,0.8664068587985998,-1.368314247051553,-1.2763253245545982,0.770771524419435,0.8795678012937028,-1.3683200101230648,-1.2638683639439796,0.7707715244194367,0.8795678012937013,-1.3683200101230608,-1.2638683639439836
234,2.33,2.34,0.01,0x1.47ae147ae147bp-7,0x1.2b851eb851eb8p+1,1343153552866976755/576460752303423488,674459080195005495/288230376151711744,True,34,2,0.7570944739114387,0.8535111026632507,-1.381632948990669,-1.288299116239662,0.7570944739114391,0.8535111026632501,-1.3816329489906676,-1.2882991162396633,0.7570944570664871,0.8667975327310459,-1.3816389830321205,-1.275646449765165,0.7570944570664884,0.8667975327310444,-1.3816389830321163,-1.2756464497651692
235,2.34,2.35,0.01,0x1.47ae147ae147bp-7,0x1.2cccccccccccdp+1,674459080195005495/288230376151711744,1354682767913045225/576460752303423488,True,35,2,0.7432829374476017,0.8404949054270795,-1.3951607950567897,-1.3004604075092285,0.7432829374476023,0.8404949054270788,-1.3951607950567881,-1.3004604075092303,0.743282919680063,0.8539087920147117,-1.3951671228286717,-1.2876091119884252,0.7432829196800647,0.85390879201471,-1.395167122828668,-1.2876091119884292
236,2.35,2.36,0.01,0x1.47ae147ae147bp-7,0x1.2e147ae147ae1p+1,1354682767913045225/576460752303423488,340111843859019865/144115188075855872,True,36,2,0.7293348547814832,0.8273563478961252,-1.4089005096616085,-1.3128122072038353,0.7293348547814837,0.8273563478961247,-1.4089005096616072,-1.3128122072038368,0.7293348360160802,0.8408996887983741,-1.4089071552727408,-1.2997593913885737,0.7293348360160816,0.8408996887983726,-1.4089071552727372,-1.2997593913885777
237,2.36,2.37,0.01,0x1.47ae147ae147bp-7,0x1.2f5c28f5c28f6p+1,340111843859019865/144115188075855872,1366211982959113695/576460752303423488,True,37,2,0.7152481227062982,0.8140934808917618,-1.422854749812771,-1.3253575108298012,0.7152481227062989,0.8140934808917611,-1.4228547498127693,-1.3253575108298032,0.7152481028633986,0.827768302383459,-1.42286175193144,-1.3121003092789953,0.7152481028634,0.8277683023834576,-1.422861751931436,-1.3121003092789993
238,2.37,2.38,0.01,0x1.47ae147ae147bp-7,0x1.30a3d70a3d70ap+1,1366211982959113695/576460752303423488,685988295241073965/288230376151711744,True,38,2,0.7010206117904692,0.8007043253917798,-1.4370260947746742,-1.338099295571088,0.7010206117904697,0.8007043253917793,-1.4370260947746725,-1.3380992955710898,0.7010205907858741,0.8145126817865941,-1.4370334809761949,-1.3246349019523,0.7010205907858755,0.8145126817865928,-1.4370334809761902,-1.324634901952305
239,2.38,2.39,0.01,0x1.47ae147ae147bp-7,0x1.31eb851eb851fp+1,685988295241073965/288230376151711744,1377741198005182165/576460752303423488,True,39,2,0.6866501671465814,0.7871868728031997,-1.4514170429151538,-1.3510405069461353,0.6866501671465821,0.787186872803199,-1.4514170429151523,-1.3510405069461369,0.6866501448913085,0.8011308459329711,-1.451424842339366,-1.3373661696261574,0.6866501448913099,0.8011308459329697,-1.4514248423393616,-1.3373661696261618
240,2.39,2.4,0.01,0x1.47ae147ae147bp-7,0x1.3333333333333p+1,1377741198005182165/576460752303423488,86469112845513525/36028797018963968,True,40,2,0.672134609452566,0.7735390851540993,-1.4660299903203513,-1.3641840624283301,0.6721346094525666,0.7735390851540987,-1.4660299903203495,-1.364184062428332,0.6721345858526241,0.7876207837625597,-1.4660382337442128,-1.3502970932827345,0.6721345858526259,0.7876207837625582,-1.4660382337442084,-1.350297093282739
241,2.4,2.41,0.01,0x1.47ae147ae147bp-7,0x1.347ae147ae148p+1,86469112845513525/36028797018963968,1389270413051250635/576460752303423488,True,41,2,0.6574717359091456,0.7597588955334681,-1.4808672215769803,-1.3775328415579846,0.6574717359091463,0.7597588955334674,-1.4808672215769787,-1.3775328415579862,0.6574717108653052,0.7739804545778218,-1.480875941489025,-1.3634306254494157,0.6574717108653065,0.7739804545778203,-1.480875941489021,-1.3634306254494197
242,2.41,2.42,0.01,0x1.47ae147ae147bp-7,0x1.35c28f5c28f5cp+1,1389270413051250635/576460752303423488,697517510287142435/288230376151711744,True,42,2,0.6426593214724514,0.7458442084539604,-1.4959309008947779,-1.3910896742974188,0.6426593214724521,0.7458442084539598,-1.4959309008947763,-1.3910896742974206,0.6426592948800068,0.7602077883074363,-1.495940131571287,-1.3767696792607147,0.6426592948800082,0.7602077883074349,-1.495940131571283,-1.376769679260719
243,2.42,2.43,0.01,0x1.47ae147ae147bp-7,0x1.370a3d70a3d71p+1,697517510287142435/288230376151711744,1400799628097319105/576460752303423488,True,43,2,0.6276951201526639,0.7317929003612659,-1.511223053516686,-1.4048573376025664,0.6276951201526645,0.7317929003612654,-1.5112230535166846,-1.4048573376025677,0.6276950919011927,0.7463006859093533,-1.51123283109919,-1.3903171257763605,0.627695091901194,0.7463006859093518,-1.511232831099186,-1.3903171257763647
244,2.43,2.44,0.01,0x1.47ae147ae147bp-7,0x1.3851eb851eb85p+1,1400799628097319105/576460752303423488,351641058905088335/144115188075855872,True,44,2,0.6125768664875687,0.7176028201965595,-1.5267455528085427,-1.4188385447386431,0.6125768664875694,0.7176028201965587,-1.526745552808541,-1.418838544738645,0.6125768364606855,0.7322570198192501,-1.5267559153825414,-1.4040757840841391,0.6125768364606868,0.7322570198192487,-1.5267559153825374,-1.404075784084143
245,2.44,2.45,0.01,0x1.47ae147ae147bp-7,0x1.399999999999ap+1,351641058905088335/144115188075855872,1412328843143387575/576460752303423488,True,45,2,0.5973022771311595,0.7032717900880857,-1.5425001047897904,-1.4330359354945266,0.5973022771311601,0.7032717900880852,-1.5425001047897886,-1.4330359354945281,0.5973022452062651,0.7180746345200307,-1.5425110924643752,-1.4180484123435644,0.5973022452062664,0.7180746345200293,-1.5425110924643712,-1.4180484123435682
246,2.45,2.46,0.01,0x1.47ae147ae147bp-7,0x1.3ae147ae147aep+1,1412328843143387575/576460752303423488,709046725333210905/288230376151711744,True,46,2,0.5818690525837142,0.6887976062031724,-1.55848823434653,-1.4474520589000108,0.5818690525837148,0.6887976062031719,-1.5584882343465287,-1.4474520589000122,0.5818690186317437,0.703751347263234,-1.5584998893346265,-1.4322376913756427,0.581869018631745,0.7037513472632326,-1.5584998893346222,-1.4322376913756472
247,2.46,2.47,0.01,0x1.47ae147ae147bp-7,0x1.3c28f5c28f5c3p+1,709046725333210905/288230376151711744,1423858058189456045/576460752303423488,True,47,2,0.5662748787164059,0.6741780399535547,-1.5747112897379922,-1.4620893489401172,0.5662748787164065,0.6741780399535543,-1.5747112897379907,-1.4620893489401188,0.5662748426015728,0.6892849491348044,-1.574723656437358,-1.446646201293523,0.5662748426015741,0.6892849491348031,-1.574723656437354,-1.4466462012935268
248,2.47,2.48,0.01,0x1.47ae147ae147bp-7,0x1.3d70a3d70a3d7p+1,1423858058189456045/576460752303423488,178702833214061285/72057594037927936,True,48,2,0.5505174295383181,0.6594108383782498,-1.5911703759688156,-1.476950157279231,0.5505174295383186,0.6594108383782492,-1.5911703759688143,-1.4769501572792325,0.5505173911178587,0.674673205289016,-1.5911835010415663,-1.4612764551900466,0.55051739111786,0.6746732052890145,-1.5911835010415625,-1.461276455190051
249,2.48,2.49,0.01,0x1.47ae147ae147bp-7,0x1.3eb851eb851ecp+1,178702833214061285/72057594037927936,1435387273235524515/576460752303423488,True,49,2,0.5345943688558091,0.6444937259663118,-1.6078663542319083,-1.4920367164313393,0.5345943688558098,0.6444937259663112,-1.6078663542319065,-1.4920367164313408,0.5345943279797281,0.6599138566124286,-1.6078802866837656,-1.4761308633157695,0.5345943279797295,0.6599138566124272,-1.6078802866837612,-1.4761308633157735
250,2.49,2.5,0.01,0x1.47ae147ae147bp-7,0x1.4000000000000p+1,1435387273235524515/576460752303423488,720575940379279375/288230376151711744,True,50,2,0.5185033532760338,0.6294244053998047,-1.624799823637081,-1.507351125924122,0.5185033532760344,0.6294244053998043,-1.6247998236370795,-1.5073511259241237,0.5185033097868499,0.6450046202977555,-1.6248146148951526,-1.4912117202981103,0.5185033097868514,0.6450046202977541,-1.6248146148951483,-1.4912117202981143
251,2.5,2.5100000000000002,0.01,0x1.47ae147ae147bp-7,0x1.4147ae147ae15p+1,720575940379279375/288230376151711744,1446916488281592985/576460752303423488,True,51,2,0.5022420350810355,0.6142005588136548,-1.6419710986456555,-1.5228953377852454,0.502242035081036,0.6142005588136542,-1.641971098645654,-1.5228953377852472,0.5022419888135351,0.6299431909238405,-1.6419868026340434,-1.5065211917297592,0.5022419888135367,0.629943190923839,-1.6419868026340392,-1.5065211917297636
252,2.5100000000000002,2.52,0.01,0x1.47ae147ae147bp-7,0x1.428f5c28f5c29p+1,1446916488281592985/576460752303423488,363170273951156805/144115188075855872,True,52,2,0.4858080650610868,0.5988198494784613,-1.65938018517324,-1.5386711410678362,0.4858080650610873,0.5988198494784607,-1.659380185173238,-1.5386711410678378,0.4858080158420811,0.6147272419473612,-1.659396858385777,-1.5220612998433416,0.4858080158420823,0.6147272419473596,-1.6593968583857726,-1.522061299843346
253,2.52,2.5300000000000002,0.01,0x1.47ae147ae147bp-7,0x1.43d70a3d70a3ep+1,363170273951156805/144115188075855872,1458445703327661455/576460752303423488,True,53,2,0.46919909542244254,0.5832799238144858,-1.6770267553417233,-1.5546801453421588,0.469199095422443,0.5832799238144851,-1.6770267553417215,-1.5546801453421606,0.46919904307053334,0.5993544275140128,-1.6770444569110223,-1.537833908199145,0.4691990430705342,0.5993544275140115,-1.677044456911018,-1.537833908199149
254,2.5300000000000002,2.54,0.01,0x1.47ae147ae147bp-7,0x1.451eb851eb852p+1,1458445703327661455/576460752303423488,732105155425347845/288230376151711744,True,54,2,0.4524127832270752,0.5675784133035466,-1.6949101208347528,-1.5709237631093225,0.4524127832270757,0.567578413303546,-1.694910120834751,-1.5709237631093242,0.4524127275524331,0.5838223841554467,-1.6949289125965323,-1.5538407053412824,0.4524127275524344,0.5838223841554453,-1.6949289125965281,-1.5538407053412866
255,2.54,2.5500000000000003,0.01,0x1.47ae147ae147bp-7,0x1.4666666666667p+1,732105155425347845/288230376151711744,1469974918373729925/576460752303423488,True,55,2,0.4354467948228761,0.5517129358655348,-1.713029204814521,-1.5874031910916169,0.43544679482287646,0.5517129358655343,-1.7130292048145197,-1.5874031910916182,0.4354467355868836,0.5681287319783712,-1.7130491674259472,-1.5700831713160068,0.4354467355868844,0.5681287319783698,-1.7130491674259432,-1.5700831713160108
256,2.5500000000000003,2.56,0.01,0x1.47ae147ae147bp-7,0x1.47ae147ae147bp+1,1469974918373729925/576460752303423488,5764607523034235/2251799813685248,True,56,2,0.41829880897254323,0.5356810990174143,-1.7313825126601445,-1.6041193900496333,0.4182988089725435,0.5356810990174138,-1.7313825126601425,-1.6041193900496349,0.4182987458665678,0.5522710775638409,-1.7314037540657274,-1.5865625664659537,0.4182987458665685,0.5522710775638399,-1.7314037540657232,-1.586562566465958
257,2.56,2.57,0.01,0x1.47ae147ae147bp-7,0x1.48f5c28f5c28fp+1,5764607523034235/2251799813685248,1481504133419798395/576460752303423488,True,57,2,0.40096651965203334,0.5194805038707148,-1.7499683035122533,-1.6210728610667837,0.4009665196520336,0.5194805038707143,-1.7499683035122517,-1.6210728610667855,0.4009664524486227,0.5362470175382962,-1.7499908984479644,-1.603279778041677,0.40096645244862344,0.5362470175382952,-1.7499908984479604,-1.6032797780416812
258,2.57,2.58,0.01,0x1.47ae147ae147bp-7,0x1.4a3d70a3d70a4p+1,1481504133419798395/576460752303423488,743634370471416315/288230376151711744,True,58,2,0.38344763885628,0.5031087496575153,-1.7687847280120321,-1.6382634528323947,0.3834476388562803,0.5031087496575148,-1.7687847280120306,-1.6382634528323963,0.38344756731824986,0.520054143073775,-1.7688087543595143,-1.620235032037706,0.3834475673182506,0.5200541430737738,-1.76880875435951,-1.6202350320377108
259,2.58,2.59,0.01,0x1.47ae147ae147bp-7,0x1.4b851eb851eb8p+1,743634370471416315/288230376151711744,1493033348465866865/576460752303423488,True,59,2,0.3657399181631735,0.4865634200622913,-1.7878281411650812,-1.6556919909191483,0.36573991816317386,0.48656342006229103,-1.7878281411650798,-1.6556919909191499,0.3657398420434816,0.5036900258468905,-1.7878536799370643,-1.637429560276264,0.3657398420434823,0.5036900258468895,-1.7878536799370601,-1.6374295602762685
260,2.59,2.6,0.01,0x1.47ae147ae147bp-7,0x1.4cccccccccccdp+1,1493033348465866865/576460752303423488,374699488997225275/144115188075855872,True,60,2,0.3478411339482385,0.4698421064963552,-1.8070950537894632,-1.6733582655563408,0.3478411339482388,0.469842106496355,-1.8070950537894617,-1.6733582655563424,0.3478410529898949,0.4871522410166227,-1.8071221891651355,-1.654863589598279,0.34784105298989565,0.48715224101662197,-1.8071221891651312,-1.6548635895982835
261,2.6,2.61,0.01,0x1.47ae147ae147bp-7,0x1.4e147ae147ae1p+1,374699488997225275/144115188075855872,1504562563511935335/576460752303423488,True,61,2,0.3297491003596654,0.4529424042347267,-1.8265813880378852,-1.6912617123332656,0.32974910035966576,0.45294240423472637,-1.8265813880378836,-1.6912617123332674,0.32974901429568704,0.4704383630497256,-1.826610207359825,-1.672537024098152,0.3297490142956878,0.4704383630497248,-1.8266102073598214,-1.6725370240981559
262,2.61,2.62,0.01,0x1.47ae147ae147bp-7,0x1.4f5c28f5c28f6p+1,1504562563511935335/576460752303423488,755163585517484785/288230376151711744,True,62,2,0.311461675270779,0.43586191622848314,-1.846282438544772,-1.7094013842567732,0.3114616752707793,0.4358619162284828,-1.8462824385447705,-1.709401384256775,0.31146158382419264,0.45354596920657425,-1.8463130322975478,-1.6904494187118677,0.31146158382419337,0.4535459692065736,-1.8463130322975436,-1.6904494187118717
263,2.62,2.63,0.01,0x1.47ae147ae147bp-7,0x1.50a3d70a3d70ap+1,755163585517484785/288230376151711744,1516091778558003805/576460752303423488,True,63,2,0.2929767577102459,0.4185982661226695,-1.8661937368034576,-1.7277750175332323,0.2929767577102462,0.41859826612266915,-1.8661937368034558,-1.7277750175332338,0.2929766605941476,0.43647265221737835,-1.8662261986068558,-1.708599046508853,0.29297666059414845,0.4364726522173776,-1.8662261986068518,-1.7085990465088572
264,2.63,2.64,0.01,0x1.47ae147ae147bp-7,0x1.51eb851eb851fp+1,1516091778558003805/576460752303423488,190232048260129755/72057594037927936,True,64,2,0.2742923155659058,0.4011490817143405,-1.8863089149598606,-1.7463810948691,0.2742923155659061,0.40114908171434016,-1.8863089149598589,-1.7463810948691019,0.274292212483585,0.4192160033832436,-1.8863433414597983,-1.7269849636236119,0.2742922124835857,0.4192160033832429,-1.8863433414597939,-1.7269849636236159
265,2.64,2.65,0.01,0x1.47ae147ae147bp-7,0x1.5333333333333p+1,190232048260129755/72057594037927936,1527620993604072275/576460752303423488,True,65,2,0.25540638323121256,0.38351200920152845,-1.9066206272453547,-1.7652178491862918,0.2554063832312129,0.38351200920152817,-1.906620627245353,-1.7652178491862933,0.25540627387634673,0.40177362645288295,-1.906657118011187,-1.7456060144883403,0.2554062738763476,0.40177362645288217,-1.9066571180111824,-1.7456060144883447
266,2.65,2.66,0.01,0x1.47ae147ae147bp-7,0x1.547ae147ae148p+1,1527620993604072275/576460752303423488,766692800563553255/288230376151711744,True,66,2,0.23631706195791025,0.36568472554149084,-1.9271212434017324,-1.7842824882452646,0.23631706195791044,0.36568472554149056,-1.927121243401731,-1.7842824882452661,0.23631694601484196,0.38414314959342916,-1.927159900824583,-1.7644600579628968,0.23631694601484254,0.3841431495934284,-1.927159900824579,-1.764460057962901
267,2.66,2.67,0.01,0x1.47ae147ae147bp-7,0x1.55c28f5c28f5cp+1,766692800563553255/288230376151711744,1539150208650140745/576460752303423488,True,67,2,0.21702253325328785,0.3476649385143011,-1.9478022901779826,-1.8035716737030132,0.2170225332532881,0.3476649385143007,-1.947802290177981,-1.8035716737030147,0.2170224103973906,0.36632222505163275,-1.9478432193169553,-1.7835444479250062,0.21702241039739126,0.3663222250516321,-1.9478432193169508,-1.7835444479250107
268,2.67,2.68,0.01,0x1.47ae147ae147bp-7,0x1.570a3d70a3d71p+1,1539150208650140745/576460752303423488,386228704043293745/144115188075855872,True,68,2,0.19752106708627587,0.3294503928394858,-1.968654403034989,-1.8230814842783734,0.19752106708627606,0.32945039283948546,-1.968654403034987,-1.8230814842783751,0.1975209369844201,0.34830853485349034,-1.9686977114276984,-1.8028559979099141,0.1975209369844207,0.34830853485348956,-1.9686977114276942,-1.8028559979099186
269,2.68,2.69,0.01,0x1.47ae147ae147bp-7,0x1.5851eb851eb85p+1,386228704043293745/144115188075855872,1550679423696209215/576460752303423488,True,69,2,0.1778110311480444,0.3110388760992601,-1.989709416932626,-1.8427652371691183,0.17781103114804456,0.3110388760992599,-1.9897094169326246,-1.8427652371691199,0.17781088745591492,0.3300998022996013,-1.989714275963047,-1.8223897423521398,0.17781088745591536,0.3300998022996005,-1.9897142759630433,-1.8223897423521436
270,2.69,2.7,0.01,0x1.47ae147ae147bp-7,0x1.599999999999ap+1,1550679423696209215/576460752303423488,778222015609621725/288230376151711744,True,70,2,0.1578909008959142,0.29242822476503866,-2.0109569954521196,-1.8626167687579298,0.15789090089591434,0.29242822476503844,-2.0109569954521165,-1.8626167687579316,0.15789033460489768,0.3116941881976165,-2.0109621524407673,-1.8420607678774017,0.15789033460489804,0.31169418819761596,-2.0109621524407597,-1.8420607678774057
271,2.7,2.71,0.01,0x1.47ae147ae147bp-7,0x1.5ae147ae147aep+1,778222015609621725/288230376151711744,1562208638742277685/576460752303423488,True,71,2,0.1377592658805029,0.2736163348550123,-2.0323464824558553,-1.8826684903400281,0.13775926588050308,0.27361633485501197,-2.0323464824558526,-1.8826684903400297,0.13775825327121044,0.2930891164560521,-2.032351950144683,-1.8619410928512483,0.13775825327121086,0.2930891164560515,-2.032351950144676,-1.8619410928512525
272,2.71,2.72,0.01,0x1.47ae147ae147bp-7,0x1.5c28f5c28f5c3p+1,1562208638742277685/576460752303423488,97998327891581995/36028797018963968,True,72,2,0.11741484613936626,0.2546011634625596,-2.0538647548866957,-1.9029134405362431,0.11741484613936638,0.2546011634625594,-2.053864754886693,-1.902913440536245,0.1174133625592057,0.27428244931991247,-2.053870545947483,-1.8820246758710302,0.11741336255920604,0.2742824493199119,-2.053870545947476,-1.8820246758710346
273,2.72,2.73,0.01,0x1.47ae147ae147bp-7,0x1.5d70a3d70a3d7p+1,97998327891581995/36028797018963968,1573737853788346155/576460752303423488,True,73,2,0.09685650416245963,0.23538073567114465,-2.075497385559838,-1.9233440257593366,0.09685650416245976,0.23538073567114445,-2.0754973855598355,-1.9233440257593384,0.09685452401991142,0.255272107589784,-2.075503512499746,-1.902304891801237,0.09685452401991175,0.2552721075897834,-2.075503512499739,-1.9023048918012408
274,2.73,2.74,0.01,0x1.47ae147ae147bp-7,0x1.5eb851eb851ecp+1,1573737853788346155/576460752303423488,789751230655690195/288230376151711744,True,74,2,0.07608325077971594,0.21595315852257435,-2.097228751421675,-1.9439518136502907,0.07608325077971605,0.21595315852257418,-2.0972287514216714,-1.9439518136502922,0.07608074754246551,0.23605608409825782,-2.09723522648662,-1.9227743260170795,0.07608074754246583,0.2360560840982574,-2.0972352264866125,-1.9227743260170838
275,2.74,2.75,0.01,0x1.47ae147ae147bp-7,0x1.6000000000000p+1,789751230655690195/288230376151711744,1585267068834414625/576460752303423488,True,75,2,0.0550942588940123,0.19631662804445799,-2.119042044986018,-1.964727430671823,0.055094258894012385,0.1963166280444578,-2.1190420449860143,-1.9647274306718248,0.05509120509155013,0.2166324502378097,-2.119048880056605,-1.9434246726224056,0.055091205091550376,0.2166324502378093,-2.1190488800565963,-1.9434246726224105
276,2.75,2.7600000000000002,0.01,0x1.47ae147ae147bp-7,0x1.6147ae147ae15p+1,1585267068834414625/576460752303423488,397757919089362215/144115188075855872,True,76,2,0.03388887678975433,0.17646943799244244,-2.14091914932519,-1.9856605663637923,0.03388887678975439,0.17646943799244227,-2.1409191493251862,-1.985660566363794,0.03388524402096917,0.1969993641978207,-2.140926355799007,-1.964246739118336,0.03388524402096935,0.1969993641978203,-2.140926355798998,-1.9642467391183414
277,2.7600000000000002,2.77,0.01,0x1.47ae147ae147bp-7,0x1.628f5c28f5c29p+1,397757919089362215/144115188075855872,1596796283880483095/576460752303423488,True,77,2,0.012466641099425156,0.1564099896340721,-2.1628405977791565,-2.0067399231950227,0.012466641099425208,0.15640998963407196,-2.1628405977791534,-2.0067399231950263,0.01246240004576808,0.1771550802398672,-2.1628481864418547,-1.9852303964170996,0.012462400045768207,0.17715508023986692,-2.1628481864418467,-1.985230396417105
278,2.77,2.7800000000000002,0.01,0x1.47ae147ae147bp-7,0x1.63d70a3d70a3ep+1,1596796283880483095/576460752303423488,801280445701758665/288230376151711744,True,78,2,-0.009172709696033328,0.1361368020471506,-2.1847855293410086,-2.0279531668191084,-0.009172709696033286,0.13613680204715045,-2.1847855293410055,-2.0279531668191115,-0.009177589251206007,0.15709795848677988,-2.184793510225869,-2.006364528977825,-0.009177589251205882,0.1570979584867796,-2.184793510225861,-2.0063645289778336
279,2.7800000000000002,2.79,0.01,0x1.47ae147ae147bp-7,0x1.651eb851eb852p+1,801280445701758665/288230376151711744,1608325498926551565/576460752303423488,True,79,2,-0.031029221324189876,0.11564852308203971,-2.206731636117874,-2.049286874533004,-0.031029221324189834,0.11564852308203963,-2.2067316361178704,-2.0492868745330073,-0.03103477046946569,0.13682647537788364,-2.2067400183538264,-2.0276369828272114,-0.031034770469465588,0.1368264753778834,-2.206740018353818,-2.02763698282722
280,2.79,2.8000000000000003,0.01,0x1.47ae147ae147bp-7,0x1.6666666666667p+1,1608325498926551565/576460752303423488,201761263306198225/72057594037927936,True,80,2,-0.05310270879880786,0.09494394028703264,-2.2286551158147745,-2.070726484892466,-0.05310270879880781,0.09494394028703257,-2.228655115814771,-2.0707264848924694,-0.05310895946105451,0.11633923409284871,-2.228663907462784,-2.049034514381517,-0.05310895946105443,0.11633923409284855,-2.2286639074627748,-2.049034514381526
281,2.8000000000000003,2.81,0.01,0x1.47ae147ae147bp-7,0x1.67ae147ae147bp+1,201761263306198225/72057594037927936,1619854713972620035/576460752303423488,True,81,2,-0.07539274208783571,0.07402199339208126,-2.2505307134784625,-2.0922561604649927,-0.07539274208783565,0.07402199339208121,-2.250530713478459,-2.0922561604649963,-0.07539972699040835,0.09563497654327209,-2.2505398369115843,-2.0705427364558044,-0.07539972699040824,0.09563497654327197,-2.250539836911576,-2.0705427364558124
282,2.81,2.82,0.01,0x1.47ae147ae147bp-7,0x1.68f5c28f5c28fp+1,1619854713972620035/576460752303423488,812809660747827135/288230376151711744,True,82,2,-0.09789865033761722,0.05288180628856342,-2.2723383803937107,-2.113852036696562,-0.09789865033761715,0.05288180628856338,-2.2723383803937076,-2.113852036696565,-0.09790640429606068,0.07471261622006718,-2.272343382511047,-2.092143570660723,-0.09790640429606057,0.0747126162200671,-2.2723433825110386,-2.092143570660732
283,2.82,2.83,0.01,0x1.47ae147ae147bp-7,0x1.6a3d70a3d70a4p+1,812809660747827135/288230376151711744,1631383929018688505/576460752303423488,True,83,2,-0.12061989489874379,0.031523088714704134,-2.294085352525987,-2.135460055273072,-0.12061989489874372,0.03152308871470407,-2.2940853525259834,-2.135460055273076,-0.12062849471691209,0.05357167802814728,-2.294103835368262,-2.113762358247948,-0.12062849471691194,0.05357167802814719,-2.2941038353682544,-2.1137623582479557
284,2.83,2.84,0.01,0x1.47ae147ae147bp-7,0x1.6b851eb851eb8p+1,1631383929018688505/576460752303423488,409287134135430685/144115188075855872,True,84,2,-0.1435547982519969,0.009944894688487865,-2.3157017236329764,-2.1571003088643304,-0.14355479825199677,0.009944894688487813,-2.315701723632973,-2.1571003088643335,-0.14356428137834348,0.03221093505206888,-2.3157344969781355,-2.1354374802381315,-0.14356428137834318,0.03221093505206877,-2.315734496978127,-2.13543748023814
285,2.84,2.85,0.01,0x1.47ae147ae147bp-7,0x1.6cccccccccccdp+1,409287134135430685/144115188075855872,1642913144064756975/576460752303423488,True,85,2,-0.16670190984120992,-0.011852981238203032,-2.3371673399349246,-2.1787400589252957,-0.1667019098412098,-0.011852981238203072,-2.337167339934921,-2.1787400589252988,-0.1667123143074442,0.010629925694247479,-2.3372152277697458,-2.1571377181446594,-0.1667123143074439,0.010629925694247344,-2.337215227769737,-2.1571377181446683
286,2.85,2.86,0.01,0x1.47ae147ae147bp-7,0x1.6e147ae147ae1p+1,1642913144064756975/576460752303423488,824338875793895605/288230376151711744,True,86,2,-0.1901275507980182,-0.03380242726085488,-2.3585898623771913,-2.200215389852504,-0.19012755079801807,-0.03380242726085494,-2.358589862377188,-2.200215389852507,-0.1901389247974416,-0.011103500329893289,-2.3586537128124787,-2.17870070087569,-0.19013892479744135,-0.011103500329893424,-2.35865371281247,-2.178700700875699
287,2.86,2.87,0.01,0x1.47ae147ae147bp-7,0x1.6f5c28f5c28f6p+1,824338875793895605/288230376151711744,1654442359110825445/576460752303423488,True,87,2,-0.21379129611965333,-0.05594150338731166,-2.3798003316624174,-2.2216361748602598,-0.21379129611965317,-0.05594150338731175,-2.379800331662415,-2.2216361748602624,-0.2138036846502429,-0.03302769431409171,-2.379880994628968,-2.2002378983661877,-0.2138036846502425,-0.03302769431409188,-2.3798809946289605,-2.2002378983661957
288,2.87,2.88,0.01,0x1.47ae147ae147bp-7,0x1.70a3d70a3d70ap+1,1654442359110825445/576460752303423488,51881467707308115/18014398509481984,True,88,2,-0.23766153783505062,-0.07829884399923749,-2.4007615843738916,-2.2429772167466044,-0.23766153783505045,-0.0782988439992376,-2.400761584373888,-2.242977216746608,-0.23767498236363702,-0.055171598375471226,-2.4008599145399123,-2.2217257319644763,-0.23767498236363663,-0.05517159837547148,-2.4008599145399034,-2.2217257319644843
289,2.88,2.89,0.01,0x1.47ae147ae147bp-7,0x1.71eb851eb851fp+1,51881467707308115/18014398509481984,1665971574156893915/576460752303423488,True,89,2,-0.2617355006554324,-0.10087360922598218,-2.4214298849529876,-2.264216505789819,-0.2617355006554322,-0.1008736092259823,-2.421429884952984,-2.2642165057898227,-0.2617500428945657,-0.07753469293435528,-2.4215467366655545,-2.243143834412256,-0.26175004289456527,-0.07753469293435557,-2.421546736665546,-2.243143834412264
290,2.89,2.9,0.01,0x1.47ae147ae147bp-7,0x1.7333333333333p+1,1665971574156893915/576460752303423488,835868090839964075/288230376151711744,True,90,2,-0.2860101163399842,-0.12366457810104102,-2.4417625303395214,-2.285327691554953,-0.2860101163399839,-0.12366457810104114,-2.441762530339518,-2.285327691554956,-0.286025798111862,-0.10011609393954775,-2.4418987529626537,-2.264467514590682,-0.28602579811186146,-0.10011609393954804,-2.4418987529626457,-2.264467514590689
291,2.9,2.91,0.01,0x1.47ae147ae147bp-7,0x1.747ae147ae148p+1,835868090839964075/288230376151711744,1677500789202962385/576460752303423488,True,91,2,-0.3104810541841892,-0.14667108491680572,-2.461717466501995,-2.3062804577724516,-0.3104810541841889,-0.14667108491680592,-2.4617174665019914,-2.306280457772455,-0.31049791708244967,-0.12291548951046805,-2.46187389952518,-2.2856681251603934,-0.31049791708244917,-0.12291548951046835,-2.4618738995251706,-2.2856681251604023
292,2.91,2.92,0.01,0x1.47ae147ae147bp-7,0x1.75c28f5c28f5cp+1,1677500789202962385/576460752303423488,420816349181499155/144115188075855872,True,92,2,-0.3351440982885402,-0.1698916087308229,-2.4812509279521797,-2.32704288081684,-0.33514409828853986,-0.16989160873082312,-2.4812509279521766,-2.327042880816843,-0.3351621835721464,-0.14593172921774666,-2.481428395348959,-2.306715413489862,-0.3351621835721456,-0.14593172921774708,-2.4814283953489507,-2.3067154134898695
293,2.92,2.93,0.01,0x1.47ae147ae147bp-7,0x1.770a3d70a3d71p+1,420816349181499155/144115188075855872,1689030004249030855/576460752303423488,True,93,2,-0.35999458807575785,-0.19332430013249274,-2.500317484504994,-2.3475814376284507,-0.3599945880757575,-0.19332430013249297,-2.5003174845049907,-2.3475814376284543,-0.36001393645481,-0.16916335087716627,-2.5005167886260073,-2.3275775208887324,-0.3600139364548092,-0.16916335087716683,-2.5005167886259985,-2.3275775208887413
294,2.93,2.94,0.01,0x1.47ae147ae147bp-7,0x1.7851eb851eb85p+1,1689030004249030855/576460752303423488,847397305886032545/288230376151711744,True,94,2,-0.3850280373768361,-0.21696632918486047,-2.518870597350304,-2.367860461129056,-0.3850280373768358,-0.21696632918486072,-2.5188705973503005,-2.3678604611290597,-0.38504868893165256,-0.1926079281814894,-2.5190925125003587,-2.3482204283179238,-0.38504868893165184,-0.1926079281814899,-2.5190925125003503,-2.3482204283179327
295,2.94,2.95,0.01,0x1.47ae147ae147bp-7,0x1.799999999999ap+1,847397305886032545/288230376151711744,1700559219295099325/576460752303423488,True,95,2,-0.41023881595585737,-0.2408151719542169,-2.53686909701663,-2.387835745928838,-0.4102388159558571,-0.24081517195421712,-2.536869097016627,-2.3878357459288417,-0.41026080974138085,-0.21626335726345483,-2.537114364744636,-2.3686015494896577,-0.41026080974138013,-0.21626335726345547,-2.5371143647446277,-2.368601549489666
296,2.95,2.96,0.01,0x1.47ae147ae147bp-7,0x1.7ae147ae147aep+1,1700559219295099325/576460752303423488,213290478352266695/72057594037927936,True,96,2,-0.43562029353436715,-0.2648684351862969,-2.554255250667645,-2.4074765706240466,-0.4356202935343668,-0.2648684351862972,-2.5542552506676417,-2.4074765706240497,-0.4356436671982493,-0.24012768096373877,-2.554524567873138,-2.388691748587253,-0.43564366719824854,-0.24012768096373938,-2.55452456787313,-2.3886917485872616
297,2.96,2.97,0.01,0x1.47ae147ae147bp-7,0x1.7c28f5c28f5c3p+1,213290478352266695/72057594037927936,1712088434341167795/576460752303423488,True,97,2,-0.4611658822500198,-0.2891227835700678,-2.5709775065062743,-2.426743065879753,-0.4611658822500195,-0.28912278357006815,-2.5709775065062708,-2.4267430658797564,-0.4611906718611664,-0.264198015367837,-2.571271519614611,-2.4084526896679486,-0.46119067186116564,-0.2641980153678378,-2.5712715196146028,-2.408452689667958
298,2.97,2.98,0.01,0x1.47ae147ae147bp-7,0x1.7d70a3d70a3d7p+1,1712088434341167795/576460752303423488,858926520932101015/288230376151711744,True,98,2,-0.48686848009342026,-0.31357446734327304,-2.5869830262011773,-2.445593826783576,-0.48686848009341993,-0.3135744673432734,-2.5869830262011737,-2.445593826783579,-0.48689471984181404,-0.28847107689364615,-2.5873023229592045,-2.4278444379653186,-0.48689471984181326,-0.28847107689364687,-2.587302322959196,-2.427844437965327
299,2.98,2.99,0.01,0x1.47ae147ae147bp-7,0x1.7eb851eb851ecp+1,858926520932101015/288230376151711744,1723617649387236265/576460752303423488,True,99,2,-0.5127204602954083,-0.33821930550791424,-2.602217812159237,-2.463985956841098,-0.5127204602954077,-0.3382193055079145,-2.602217812159233,-2.4639859568411016,-0.5127481821769216,-0.3129431647370442,-2.6025629131252113,-2.4468254899852155,-0.5127481821769205,-0.3129431647370449,-2.6025629131252033,-2.446825489985224
300,2.99,3.0,0.01,0x1.47ae147ae147bp-7,0x1.8000000000000p+1,1723617649387236265/576460752303423488,432345564227567625/144115188075855872,True,0,3,-0.5387136623672228,-0.3630526692592114,-2.6166268553640877,-2.4818751217526445,-0.5387136623672223,-0.36305266925921176,-2.616626855364084,-2.481875121752648,-0.5387428958549068,-0.33761014338378836,-2.6169982051540743,-2.465352812607643,-0.5387428958549056,-0.3376101433837891,-2.6169982051540663,-2.465352812607651
301,3.0,3.0100000000000002,0.01,0x1.47ae147ae147bp-7,0x1.8147ae147ae15p+1,432345564227567625/144115188075855872,1735146864433304735/576460752303423488,True,1,3,-0.5648393845759988,-0.38806946619575605,-2.630154308029817,-2.499215614524035,-0.5648393845759984,-0.3880694661957564,-2.6301543080298138,-2.4992156145240387,-0.5648701562795574,-0.3624674257484653,-2.630552266394042,-2.4833818928144424,-0.5648701562795564,-0.3624674257484661,-2.630552266394034,-2.4833818928144504
302,3.0100000000000002,3.02,0.01,0x1.47ae147ae147bp-7,0x1.828f5c28f5c29p+1,1735146864433304735/576460752303423488,870455735978169485/288230376151711744,True,2,3,-0.5910889522511878,-0.41326355092661876,-2.642800369571434,-2.515903713613895,-0.5910889522511872,-0.41326355092661926,-2.642800369571431,-2.515903713613898,-0.591121285669273,-0.38750938244745203,-2.6432252331598725,-2.5008100490564873,-0.5911212856692716,-0.3875093824474528,-2.6432252331598636,-2.500810049056496
303,3.02,3.0300000000000002,0.01,0x1.47ae147ae147bp-7,0x1.83d70a3d70a3ep+1,870455735978169485/288230376151711744,1746676079479373205/576460752303423488,True,3,3,-0.6174526082724435,-0.43862881659008773,-2.654456286560851,-2.5319429885591265,-0.6174526082724429,-0.4386288165900881,-2.654456286560848,-2.531942988559129,-0.6174865234593993,-0.4127304319987544,-2.65490846057305,-2.5176415704824713,-0.6174865234593977,-0.4127304319987557,-2.6549084605730426,-2.5176415704824793
304,3.0300000000000002,3.04,0.01,0x1.47ae147ae147bp-7,0x1.851eb851eb852p+1,1746676079479373205/576460752303423488,109527542937650465/36028797018963968,True,4,3,-0.6439194224003836,-0.46415927086773734,-2.6650629094423155,-2.5472861052792695,-0.6439194224003829,-0.4641592708677378,-2.665062909442312,-2.547286105279273,-0.6439549352891183,-0.4381251156088314,-2.6655425751618576,-2.533830009560737,-0.6439549352891167,-0.4381251156088327,-2.665542575161849,-2.5338300095607456
305,3.04,3.0500000000000003,0.01,0x1.47ae147ae147bp-7,0x1.8666666666667p+1,109527542937650465/36028797018963968,1758205294525441675/576460752303423488,True,5,3,-0.6704784942573678,-0.48984782122673703,-2.6745630229391106,-2.5618828248826286,-0.6704784942573673,-0.4898478212267375,-2.674563022939107,-2.5618828248826317,-0.6705156164888493,-0.4636868801683909,-2.675070145948515,-2.5493258232778855,-0.6705156164888476,-0.46368688016839216,-2.6750701459485065,-2.549325823277894
306,3.0500000000000003,3.06,0.01,0x1.47ae147ae147bp-7,0x1.87ae147ae147bp+1,1758205294525441675/576460752303423488,881984951024237955/288230376151711744,True,6,3,-0.6971183760809638,-0.51568684460999,-2.682899667892172,-2.575682089878306,-0.6971183760809633,-0.5156868446099906,-2.6828996678921686,-2.5756820898783097,-0.6971571146449169,-0.4894086462222533,-2.6834340852118412,-2.564078363546891,-0.6971571146449155,-0.4894086462222544,-2.683434085211833,-2.5640783635469
307,3.06,3.0700000000000003,0.01,0x1.47ae147ae147bp-7,0x1.88f5c28f5c290p+1,881984951024237955/288230376151711744,1769734509571510145/576460752303423488,True,7,3,-0.723827079441902,-0.5416681773383927,-2.690016425700823,-2.5886321820574842,-0.7238270794419013,-0.5416681773383933,-2.690016425700819,-2.5886321820574882,-0.7238674363246218,-0.5152827957876649,-2.6905778445479465,-2.578036106831655,-0.7238674363246204,-0.5152827957876663,-2.6905778445479376,-2.5780361068316635
308,3.0700000000000003,3.08,0.01,0x1.47ae147ae147bp-7,0x1.8a3d70a3d70a4p+1,1769734509571510145/576460752303423488,443874779273636095/144115188075855872,True,8,3,-0.7505920859380183,-0.5677831050993553,-2.695857687507957,-2.6006808859862476,-0.7505920859380176,-0.5677831050993558,-2.6958576875079534,-2.600680885986251,-0.7506340577824087,-0.5413011600894987,-2.6964456675492254,-2.591146817966725,-0.7506340577824072,-0.5413011600895001,-2.696445667549217,-2.5911468179667336
309,3.08,3.09,0.01,0x1.47ae147ae147bp-7,0x1.8b851eb851eb8p+1,443874779273636095/144115188075855872,1781263724617578615/576460752303423488,True,9,3,-0.7774003557716551,-0.5940223605143243,-2.700369035430649,-2.6117756377620607,-0.7774003557716546,-0.5940223605143248,-2.7003690354306458,-2.611775637762064,-0.7774439335517103,-0.5674550147136893,-2.7009829826348093,-2.603357671823356,-0.7774439335517087,-0.5674550147136909,-2.700982982634801,-2.6033576718233644
310,3.09,3.1,0.01,0x1.47ae147ae147bp-7,0x1.8cccccccccccdp+1,1781263724617578615/576460752303423488,893514166070306425/288230376151711744,True,10,3,-0.8042383512310857,-0.6203761104941445,-2.703498233226827,-2.62186305259338,-0.804238351231085,-0.6203761104941452,-2.7034982332268243,-2.621863052593383,-0.8042835199498893,-0.59373506438899,-2.704137397451598,-2.6146147625988596,-0.8042835199498879,-0.5937350643889914,-2.7041373974515905,-2.6146147625988676
311,3.1,3.11,0.01,0x1.47ae147ae147bp-7,0x1.8e147ae147ae1p+1,893514166070306425/288230376151711744,1792792939663647085/576460752303423488,True,11,3,-0.8310920477178483,-0.6468339611983952,-2.705194183818778,-2.630890489251965,-0.8310920477178476,-0.6468339611983958,-2.705194183818775,-2.6308904892519682,-0.8311387861315936,-0.6201314452303881,-2.705857653634874,-2.6248646576683714,-0.8311387861315921,-0.6201314452303897,-2.7058576536348653,-2.62486465766838
312,3.11,3.12,0.01,0x1.47ae147ae147bp-7,0x1.8f5c28f5c28f6p+1,1792792939663647085/576460752303423488,224819693398335165/72057594037927936,True,12,3,-0.8579469567049135,-0.6733849573281367,-2.7054078462006945,-2.638805742096775,-0.8579469567049128,-0.6733849573281374,-2.7054078462006914,-2.6388057420967783,-0.8579952370779448,-0.6466337211843616,-2.706094545311323,-2.63405407610854,-0.8579952370779432,-0.6466337211843631,-2.706094545311315,-2.6340540761085482
313,3.12,3.13,0.01,0x1.47ae147ae147bp-7,0x1.90a3d70a3d70ap+1,224819693398335165/72057594037927936,1804322154709715555/576460752303423488,True,13,3,-0.8847881494596761,-0.7000175860419174,-2.7040926348884162,-2.6455572242923173,-0.8847881494596755,-0.700017586041918,-2.7040926348884136,-2.64555722429232,-0.8848379373558319,-0.6732308849814913,-2.7048013199662764,-2.6421300603229283,-0.8848379373558306,-0.6732308849814926,-2.704801319966268,-2.6421300603229367
314,3.13,3.14,0.01,0x1.47ae147ae147bp-7,0x1.91eb851eb851fp+1,1804322154709715555/576460752303423488,905043381116374895/288230376151711744,True,14,3,-0.9116002844769275,-0.7267197833241804,-2.7012047867824083,-2.6510942123896846,-0.9116002844769269,-0.7267197833241811,-2.7012047867824047,-2.651094212389688,-0.9116515385926169,-0.6999113614440629,-2.7019340468309045,-2.6490402109230233,-0.9116515385926155,-0.6999113614440644,-2.701934046830896,-2.6490402109230318
315,3.14,3.15,0.01,0x1.47ae147ae147bp-7,0x1.9333333333333p+1,905043381116374895/288230376151711744,1815851369755784025/576460752303423488,True,15,3,-0.9383752612650277,-0.7534713202109871,-2.697467649627148,-2.654603182271286,-0.938375261265027,-0.7534713202109877,-2.6974676496271446,-2.6546031822712894,-0.9384279357586095,-0.7266553881257597,-2.698216654698503,-2.653968267404642,-0.938427935758608,-0.7266553881257611,-2.698216654698495,-2.6539682674046503
316,3.15,3.16,0.01,0x1.47ae147ae147bp-7,0x1.947ae147ae148p+1,1815851369755784025/576460752303423488,455403994319704565/144115188075855872,True,16,3,-0.9651513102261119,-0.7802047594076608,-2.6982845892884244,-2.650595547140908,-0.9651513102261113,-0.7802047594076614,-2.698284589288421,-2.650595547140912,-0.965209610122488,-0.75339171571764,-2.69990584381758,-2.650569838128819,-0.9652096101224864,-0.7533917157176415,-2.6999058438175725,-2.650569838128827
317,3.16,3.17,0.01,0x1.47ae147ae147bp-7,0x1.95c28f5c28f5cp+1,455403994319704565/144115188075855872,1827380584801852495/576460752303423488,True,17,3,-0.9918588994700074,-0.8069596002668071,-2.6982937131215423,-2.644353526400927,-0.9918588994700067,-0.8069596002668078,-2.698293713121539,-2.6443535264009306,-0.9919260364334118,-0.7801612495011561,-2.701440578990028,-2.6443234988301056,-0.9919260364334103,-0.7801612495011576,-2.7014405789900193,-2.6443234988301145
318,3.17,3.18,0.01,0x1.47ae147ae147bp-7,0x1.970a3d70a3d71p+1,1827380584801852495/576460752303423488,916572596162443365/288230376151711744,True,18,3,-1.0185027185796809,-0.8337003542884354,-2.6981362775512623,-2.6351623249968785,-1.01850271857968,-0.833700354288436,-2.698136277551259,-2.6351623249968816,-1.0185788304215182,-0.8069319579647057,-2.7028471449636173,-2.6351263264769313,-1.0185788304215162,-0.8069319579647073,-2.7028471449636093,-2.6351263264769393
319,3.18,3.19,0.01,0x1.47ae147ae147bp-7,0x1.9851eb851eb85p+1,916572596162443365/288230376151711744,1838909799847920965/576460752303423488,True,19,3,-1.0450596622364676,-0.8604186269493991,-2.6971523085305757,-2.623615257720273,-1.0450596622364665,-0.8604186269493997,-2.6971523085305726,-2.6236152577202763,-1.0451448622961228,-0.833695821650475,-2.7034615742874384,-2.623572221656385,-1.0451448622961206,-0.8336958216504764,-2.7034615742874304,-2.623572221656392
320,3.19,3.2,0.01,0x1.47ae147ae147bp-7,0x1.999999999999ap+1,1838909799847920965/576460752303423488,28823037615171175/9007199254740992,True,20,3,-1.071493234032889,-0.8871187850993794,-2.6947199643668416,-2.6102749837021544,-1.071493234032888,-0.88711878509938,-2.6947199643668385,-2.6102749837021575,-1.0715876013636074,-0.860457556706894,-2.7026576909254887,-2.610224471056004,-1.0715876013636052,-0.8604575567068954,-2.7026576909254802,-2.610224471056013
321,3.2,3.21,0.01,0x1.47ae147ae147bp-7,0x1.9ae147ae147aep+1,28823037615171175/9007199254740992,1850439014893989435/576460752303423488,True,21,3,-1.0977981831765544,-0.9137733963733751,-2.6907751058887843,-2.5951543227602634,-1.0977981831765533,-0.913773396373376,-2.6907751058887808,-2.595154322760267,-1.0979017786020309,-0.887190025496657,-2.700367304126173,-2.5950959522856993,-1.0979017786020282,-0.8871900254966585,-2.7003673041261647,-2.595095952285708
322,3.21,3.22,0.01,0x1.47ae147ae147bp-7,0x1.9c28f5c28f5c3p+1,1850439014893989435/576460752303423488,928101811208511835/288230376151711744,True,22,3,-1.1239633448578472,-0.9403604721624664,-2.6852045057105216,-2.5783237374721377,-1.123963344857846,-0.9403604721624672,-2.6852045057105185,-2.5783237374721404,-1.1240762619248352,-0.9138714418767405,-2.6964838070809924,-2.578246242191762,-1.1240762619248326,-0.9138714418767431,-2.696483807080984,-2.5782462421917702
323,3.22,3.23,0.01,0x1.47ae147ae147bp-7,0x1.9d70a3d70a3d7p+1,928101811208511835/288230376151711744,1861968229940057905/576460752303423488,True,23,3,-1.1500240633073318,-0.9668111311756193,-2.6779784048371966,-2.5597790399220606,-1.1500240633073304,-0.96681113117562,-2.677978404837193,-2.559779039922064,-1.1501465839142946,-0.9404329274631351,-2.691009178376816,-2.559634897855133,-1.1501465839142915,-0.9404329274631376,-2.6910091783768078,-2.5596348978551418
324,3.23,3.24,0.01,0x1.47ae147ae147bp-7,0x1.9eb851eb851ecp+1,1861968229940057905/576460752303423488,466933209365773035/144115188075855872,True,24,3,-1.1758904876390863,-0.9931814002560668,-2.6690630043291064,-2.5395301463046387,-1.1758904876390852,-0.9931814002560677,-2.6690630043291033,-2.539530146304642,-1.1760226501346676,-0.9669308975644673,-2.6838709115504584,-2.5393057958122536,-1.176022650134665,-0.9669308975644696,-2.68387091155045,-2.539305795812262
325,3.24,3.25,0.01,0x1.47ae147ae147bp-7,0x1.a000000000000p+1,466933209365773035/144115188075855872,1873497444986126375/576460752303423488,True,25,3,-1.2015447153431467,-1.0194551636692835,-2.6584335036880193,-2.5175875691861767,-1.2015447153431453,-1.0194551636692846,-2.658433503688016,-2.51758756918618,-1.2016865298332946,-0.9933493610900629,-2.6750395232540813,-2.5172691803427085,-1.2016865298332915,-0.9933493610900653,-2.6750395232540725,-2.5172691803427174
326,3.25,3.2600000000000002,0.01,0x1.47ae147ae147bp-7,0x1.a147ae147ae15p+1,1873497444986126375/576460752303423488,939631026254580305/288230376151711744,True,26,3,-1.2269689522060492,-1.0456161052141333,-2.646069831626933,-2.4939673238525844,-1.2269689522060478,-1.0456161052141344,-2.6460698316269293,-2.493967323852588,-1.2271203998070412,-1.0196720768177918,-2.6644900705383474,-2.4935408122333427,-1.2271203998070381,-1.0196720768177947,-2.6644900705383385,-2.493540812233351
327,3.2600000000000002,3.27,0.01,0x1.47ae147ae147bp-7,0x1.a28f5c28f5c29p+1,939631026254580305/288230376151711744,1885026660032194845/576460752303423488,True,27,3,-1.2521455735987095,-1.07164775112335,-2.6319569111967582,-2.4686909674253044,-1.2521455735987082,-1.0716477511233515,-2.631956911196755,-2.4686909674253075,-1.2523066071233793,-1.0458825932679,-2.652202942753841,-2.4681415129385296,-1.2523066071233764,-1.045882593267903,-2.6522029427538336,-2.4681415129385376
328,3.27,3.2800000000000002,0.01,0x1.47ae147ae147bp-7,0x1.a3d70a3d70a3ep+1,1885026660032194845/576460752303423488,236348908444403635/72057594037927936,True,28,3,-1.2770572511767055,-1.097533449898351,-2.616091507203227,-2.4417789690267435,-1.2770572511767044,-1.097533449898352,-2.6160915072032234,-2.441778969026747,-1.2772277910975578,-1.0719642319989218,-2.6381687219734515,-2.4410925561537633,-1.2772277910975547,-1.0719642319989247,-2.6381687219734427,-2.4410925561537717
329,3.2800000000000002,3.29,0.01,0x1.47ae147ae147bp-7,0x1.a51eb851eb852p+1,236348908444403635/72057594037927936,1896555875078263315/576460752303423488,True,29,3,-1.3016868893441647,-1.1232565441923625,-2.598469847362726,-2.4132632331570223,-1.3016868893441633,-1.123256544192364,-2.5984698473627224,-2.413263233157026,-1.3018668252013734,-1.097900253139579,-2.6223780000061128,-2.412426031990519,-1.3018668252013705,-1.0979002531395818,-2.6223780000061048,-2.412426031990528
330,3.29,3.3000000000000003,0.01,0x1.47ae147ae147bp-7,0x1.a666666666667p+1,1896555875078263315/576460752303423488,951160241300648775/288230376151711744,True,30,3,-1.3260178117903278,-1.1488002933966426,-2.579098125905286,-2.3831766347546357,-1.3260178117903267,-1.148800293396644,-2.5790981259052823,-2.3831766347546384,-1.3262070022627674,-1.1236737787817261,-2.604831222510443,-2.3821750800197643,-1.3262070022627646,-1.1236737787817288,-2.604831222510435,-2.3821750800197723
331,3.3000000000000003,3.31,0.01,0x1.47ae147ae147bp-7,0x1.a7ae147ae147bp+1,951160241300648775/288230376151711744,1908085090124331785/576460752303423488,True,31,3,-1.3500359903673556,-1.1741457549137955,-2.5579715064082826,-2.3515740465299593,-1.3500359903673544,-1.1741457549137968,-2.5579715064082795,-2.351574046529962,-1.350234264183675,-1.1492656732756414,-2.58551750380948,-2.35039514450379,-1.3502342641836715,-1.149265673275645,-2.5855175038094718,-2.350395144503798
332,3.31,3.3200000000000003,0.01,0x1.47ae147ae147bp-7,0x1.a8f5c28f5c290p+1,1908085090124331785/576460752303423488,478462424411841505/144115188075855872,True,32,3,-1.3737239291613557,-1.1992780095286666,-2.535104006913611,-2.318502401315617,-1.3737239291613546,-1.1992780095286677,-2.535104006913607,-2.318502401315621,-1.3739310830520057,-1.1746607718256732,-2.5644449757904844,-2.317133613738412,-1.3739310830520026,-1.1746607718256763,-2.5644449757904764,-2.31713361373842
333,3.3200000000000003,3.33,0.01,0x1.47ae147ae147bp-7,0x1.aa3d70a3d70a4p+1,478462424411841505/144115188075855872,1919614305170400255/576460752303423488,True,33,3,-1.3970654541276444,-1.2241814787653569,-2.5105132357359787,-2.2840156894184642,-1.397065454127643,-1.2241814787653582,-2.510513235735975,-2.284015689418468,-1.3972812642079002,-1.1998431850920266,-2.5416282142453936,-2.2824421680212374,-1.3972812642078973,-1.1998431850920293,-2.541628214245385,-2.282442168021246
334,3.33,3.34,0.01,0x1.47ae147ae147bp-7,0x1.ab851eb851eb8p+1,1919614305170400255/576460752303423488,962689456346717245/288230376151711744,True,34,3,-1.4200458035879886,-1.2488399403407484,-2.4842236636868402,-2.2481714607261556,-1.4200458035879877,-1.2488399403407493,-2.4842236636868367,-2.248171460726159,-1.4202700322701163,-1.224796320202013,-2.517090395518246,-2.246374438315701,-1.4202700322701134,-1.2247963202020156,-2.517090395518238,-2.246374438315709
335,3.34,3.35,0.01,0x1.47ae147ae147bp-7,0x1.acccccccccccdp+1,962689456346717245/288230376151711744,1931143520216468725/576460752303423488,True,35,3,-1.4426508466555699,-1.2732374123982926,-2.456265499345629,-2.2110316143432023,-1.4426508466555688,-1.2732374123982937,-2.456265499345626,-2.2110316143432054,-1.4428832007863746,-1.249503815252001,-2.490847657748832,-2.209001350177091,-1.4428832007863714,-1.249503815252004,-2.4908476577488234,-2.2090013501771
336,3.35,3.36,0.01,0x1.47ae147ae147bp-7,0x1.ae147ae147ae1p+1,1931143520216468725/576460752303423488,121056757983718935/36028797018963968,True,36,3,-1.464867130774874,-1.2973582048288308,-2.4266747169264464,-2.172661954214771,-1.4648671307748728,-1.2973582048288321,-2.4266747169264433,-2.1726619542147745,-1.4651072894913748,-1.2739495228003939,-2.462929998136641,-2.1703898489735667,-1.465107289491372,-1.273949522800397,-2.462929998136633,-2.1703898489735747
337,3.36,3.37,0.01,0x1.47ae147ae147bp-7,0x1.af5c28f5c28f6p+1,121056757983718935/36028797018963968,1942672735262537195/576460752303423488,True,37,3,-1.486681924976012,-1.3211869700453196,-2.3954929221212087,-2.133131803551772,-1.4866819249760106,-1.321186970045321,-2.395492922121205,-2.1331318035517755,-1.486929541152249,-1.2981175893228665,-2.4333731974324966,-2.130610492853273,-1.4869295411522458,-1.2981175893228698,-2.433373197432488,-2.1306104928532816
338,3.37,3.38,0.01,0x1.47ae147ae147bp-7,0x1.b0a3d70a3d70ap+1,1942672735262537195/576460752303423488,974218671392785715/288230376151711744,True,38,3,-1.5080832595112328,-1.3447087525479726,-2.362767179411961,-2.0925136317756716,-1.5080832595112315,-1.344708752547974,-2.3627671794119576,-2.092513631775675,-1.5083379614170107,-1.3219925071979532,-2.4022186949599904,-2.0897370668552853,-1.5083379614170074,-1.3219925071979566,-2.4022186949599824,-2.0897370668552937
339,3.38,3.39,0.01,0x1.47ae147ae147bp-7,0x1.b1eb851eb851fp+1,974218671392785715/288230376151711744,1954201950308605665/576460752303423488,True,39,3,-1.5290599608805757,-1.3679090383396548,-2.3285497918010885,-2.0508827823233258,-1.5290599608805748,-1.367909038339656,-2.3285497918010845,-2.0508827823233298,-1.5293213540361652,-1.3455591668940492,-2.369513414493586,-2.0478462966508504,-1.5293213540361623,-1.345559166894052,-2.369513414493577,-2.0478462966508593
340,3.39,3.4,0.01,0x1.47ae147ae147bp-7,0x1.b333333333333p+1,1954201950308605665/576460752303423488,489991639457909975/144115188075855872,True,40,3,-1.549601681627526,-1.3907737997725453,-2.2928980373580323,-2.008316860547505,-1.5496016816275247,-1.3907737997725464,-2.2928980373580288,-2.0083168605475086,-1.5498693508347359,-1.3688029049123358,-2.3353095446139105,-2.0050172214989215,-1.5498693508347328,-1.368802904912339,-2.3353095446139016,-2.00501722149893
341,3.4,3.41,0.01,0x1.47ae147ae147bp-7,0x1.b47ae147ae148p+1,489991639457909975/144115188075855872,1965731165354674135/576460752303423488,True,41,3,-1.5696989253417444,-1.4132895407760937,-2.255873868889163,-1.9648953755058822,-1.5696989253417433,-1.4132895407760948,-2.2558738688891595,-1.9648953755058842,-1.5699724368708716,-1.3917095524024383,-2.2996642794394764,-1.961330820241158,-1.5699724368708685,-1.3917095524024412,-2.299664279439468,-1.9613308202411635
342,3.41,3.42,0.01,0x1.47ae147ae147bp-7,0x1.b5c28f5c28f5cp+1,1965731165354674135/576460752303423488,985747886438854185/288230376151711744,True,42,3,-1.5893430671116504,-1.435443338335603,-2.217543576242908,-1.920699301819256,-1.589343067111649,-1.4354433383356044,-2.217543576242905,-1.920699301819258,-1.5896219710212494,-1.4142654802851422,-2.262639518497774,-1.9168695569538454,-1.589621971021246,-1.4142654802851458,-2.2626395184977657,-1.9168695569538508
343,3.42,3.43,0.01,0x1.47ae147ae147bp-7,0x1.b70a3d70a3d71p+1,985747886438854185/288230376151711744,1977260380400742605/576460752303423488,True,43,3,-1.608526368792383,-1.4572228812154826,-2.1779774151670694,-1.8758106405447472,-1.6085263687923816,-1.4572228812154837,-2.1779774151670663,-1.8758106405447488,-1.6088102013567327,-1.4364576418379043,-2.224301529133563,-1.8717169254776347,-1.6088102013567298,-1.4364576418379071,-2.2243015291335544,-1.8717169254776398
344,3.43,3.44,0.01,0x1.47ae147ae147bp-7,0x1.b851eb851eb85p+1,1977260380400742605/576460752303423488,247878123490472105/72057594037927936,True,44,3,-1.6272419893044192,-1.4786165054107183,-2.137249208431929,-1.8303119819932245,-1.627241989304418,-1.4786165054107194,-2.1372492084319252,-1.8303119819932259,-1.6275302755226613,-1.4582736121851798,-2.1847207602175773,-1.8259568125334833,-1.6275302755226582,-1.4582736121851827,-2.1847207602175693,-1.8259568125334877
345,3.44,3.45,0.01,0x1.47ae147ae147bp-7,0x1.b99999999999ap+1,247878123490472105/72057594037927936,1988789595446811075/576460752303423488,True,45,3,-1.6454839892784738,-1.4996132267973492,-2.0954359231961304,-1.784286075352429,-1.6454839892784725,-1.4996132267973508,-2.0954359231961277,-1.7842860753524308,-1.6457762454380342,-1.4797016251219381,-2.143971433264307,-1.7796730620584356,-1.6457762454380311,-1.4797016251219413,-2.143971433264301,-1.7796730620584398
346,3.45,3.46,0.01,0x1.47ae147ae147bp-7,0x1.bae147ae147aep+1,1988789595446811075/576460752303423488,997277101484922655/288230376151711744,True,46,3,-1.6632473316323912,-1.5202027692713354,-2.0526172270824095,-1.7378154115228488,-1.6632473316323901,-1.5202027692713365,-2.052617227082406,-1.7378154115228506,-1.663543067899749,-1.500730605514933,-2.10213004596343,-1.7329501146102237,-1.6635430678997458,-1.500730605514936,-2.102130045963423,-1.7329501146102282
347,3.46,3.47,0.01,0x1.47ae147ae147bp-7,0x1.bc28f5c28f5c3p+1,997277101484922655/288230376151711744,2000318810492879545/576460752303423488,True,47,3,-1.680527876747717,-1.5403755896716673,-2.0088750394346535,-1.690981811470653,-1.6805278767477156,-1.5403755896716687,-2.0088750394346504,-1.6909818114706545,-1.6808265997603284,-1.521350198532642,-2.059276371041934,-1.6858711477528558,-1.6808265997603253,-1.5213501985326454,-2.0592763710419275,-1.68587114775286
348,3.47,3.48,0.01,0x1.47ae147ae147bp-7,0x1.bd70a3d70a3d7p+1,2000318810492879545/576460752303423488,501520854503978445/144115188075855872,True,48,3,-1.6973242669726556,-1.5601210048035457,-1.9644810766544318,-1.643678019263936,-1.6973242669726543,-1.5601210048035468,-1.96448107665443,-1.6436780192639378,-1.6976255134577323,-1.5415488699245168,-2.0156867581688394,-1.6383239078999998,-1.6976255134577294,-1.5415488699245197,-2.015686758168833,-1.6383239079000038
349,3.48,3.49,0.01,0x1.47ae147ae147bp-7,0x1.beb851eb851ecp+1,501520854503978445/144115188075855872,2011848025538948015/576460752303423488,True,49,3,-1.7136336725311145,-1.5794314486504908,-1.9194752578066914,-1.5960284858092488,-1.7136336725311134,-1.5794314486504921,-1.9194752578066896,-1.5960284858092506,-1.7139369764246564,-1.561318233948964,-1.9713991009284073,-1.5904349239872133,-1.7139369764246533,-1.5613182339489668,-1.9713991009284029,-1.5904349239872178
350,3.49,3.5,0.01,0x1.47ae147ae147bp-7,0x1.c000000000000p+1,2011848025538948015/576460752303423488,1008806316530991125/288230376151711744,True,50,3,-1.7294530274776674,-1.5983012312909308,-1.873789992453621,-1.5482642658699057,-1.729453027477666,-1.5983012312909322,-1.8737899924536192,-1.5482642658699075,-1.7297579020156877,-1.5806518014275648,-1.9263401470457229,-1.5424413695796149,-1.7297579020156844,-1.5806518014275683,-1.9263401470457187,-1.542441369579619
351,3.5,3.5100000000000002,0.01,0x1.47ae147ae147bp-7,0x1.c147ae147ae15p+1,1008806316530991125/288230376151711744,2023377240585016485/576460752303423488,True,51,3,-1.7447816432641023,-1.6167239122701231,-1.8275108135191125,-1.5004615937092403,-1.744781643264101,-1.6167239122701245,-1.827510813519111,-1.500461593709242,-1.7450876076065658,-1.5995423125510388,-1.8805951877363427,-1.494420565990999,-1.7450876076065625,-1.599542312551042,-1.8805951877363387,-1.494420565991003
352,3.5100000000000002,3.52,0.01,0x1.47ae147ae147bp-7,0x1.c28f5c28f5c29p+1,2023377240585016485/576460752303423488,63410682753376585/18014398509481984,True,52,3,-1.7596196340665564,-1.634693854647428,-1.7807231235332994,-1.4526944069229666,-1.7596196340665553,-1.6346938546474292,-1.7807231235332979,-1.4526944069229681,-1.7599262154858293,-1.61798331915221,-1.8342498570102073,-1.446447433843908,-1.7599262154858262,-1.617983319152213,-1.8342498570102033,-1.446447433843912
353,3.52,3.5300000000000002,0.01,0x1.47ae147ae147bp-7,0x1.c3d70a3d70a3ep+1,63410682753376585/18014398509481984,2034906455631084955/576460752303423488,True,53,3,-1.7739678971195527,-1.6522062168618303,-1.7335120580672134,-1.4050337886172195,-1.7739678971195514,-1.6522062168618314,-1.7335120580672119,-1.405033788617221,-1.77427463311589,-1.6359691802282594,-1.7873899903342156,-1.3985939180136298,-1.7742746331158872,-1.6359691802282625,-1.7873899903342116,-1.3985939180136338
354,3.5300000000000002,3.54,0.01,0x1.47ae147ae147bp-7,0x1.c51eb851eb852p+1,2034906455631084955/576460752303423488,1020335531577059595/288230376151711744,True,54,3,-1.787828089166717,-1.6692569417778569,-1.6859628179347637,-1.357546989570468,-1.787828089166716,-1.6692569417778578,-1.6859628179347619,-1.3575469895704697,-1.7881345295917412,-1.653495054330084,-1.7401019680626104,-1.3509279741686835,-1.7881345295917384,-1.6534950543300866,-1.7401019680626066,-1.3509279741686875
355,3.54,3.5500000000000003,0.01,0x1.47ae147ae147bp-7,0x1.c666666666667p+1,1020335531577059595/288230376151711744,2046435670677153425/576460752303423488,True,55,3,-1.8012025826823235,-1.6858427597658312,-1.638158347411096,-1.3102991572154234,-1.8012025826823224,-1.6858427597658323,-1.6381583474110943,-1.310299157215425,-1.801508291338742,-1.6705569062636383,-1.6924702953860713,-1.3035153696644646,-1.801508291338739,-1.6705569062636412,-1.692470295386067,-1.3035153696644686
356,3.5500000000000003,3.56,0.01,0x1.47ae147ae147bp-7,0x1.c7ae147ae147bp+1,2046435670677153425/576460752303423488,513050069550046915/144115188075855872,True,56,3,-1.814094632982213,-1.7019609752414775,-1.5902000428378824,-1.263332088716577,-1.8140946329822116,-1.7019609752414788,-1.5902000428378806,-1.2633320887165789,-1.8143992997819953,-1.6871511858967922,-1.644631069960195,-1.256365649704908,-1.8143992997819924,-1.6871511858967951,-1.6446310699601911,-1.2563656497049118
357,3.56,3.5700000000000003,0.01,0x1.47ae147ae147bp-7,0x1.c8f5c28f5c290p+1,513050069550046915/144115188075855872,2057964885723221895/576460752303423488,True,57,3,-1.8265090022640476,-1.7176087911954774,-1.542273037619433,-1.2165984631086206,-1.8265090022640467,-1.7176087911954783,-1.5422730376194311,-1.2165984631086222,-1.8268122594292224,-1.7032744511871662,-1.5967470545742932,-1.209456552807945,-1.8268122594292195,-1.7032744511871691,-1.5967470545742888,-1.2094565528079497
358,3.5700000000000003,3.58,0.01,0x1.47ae147ae147bp-7,0x1.ca3d70a3d70a4p+1,2057964885723221895/576460752303423488,1031864746623128065/288230376151711744,True,58,3,-1.8384504151406664,-1.7327847977339292,-1.4944966352830793,-1.1701109970777797,-1.838450415140665,-1.7327847977339306,-1.4944966352830777,-1.1701109970777812,-1.8387519109409827,-1.71892460143283,-1.5489384272419162,-1.162802819866605,-1.8387519109409793,-1.7189246014328334,-1.548938427241912,-1.1628028198666087
359,3.58,3.59,0.01,0x1.47ae147ae147bp-7,0x1.cb851eb851eb8p+1,1031864746623128065/288230376151711744,2069494100769290365/576460752303423488,True,59,3,-1.8499251481911998,-1.7474873226966487,-1.4469797830852753,-1.1238866070593796,-1.8499251481911985,-1.7474873226966499,-1.4469797830852735,-1.1238866070593811,-1.8502245606639889,-1.7340992898568361,-1.501319021591253,-1.1164195594831259,-1.8502245606639858,-1.734099289856839,-1.5013190215912489,-1.1164195594831305
360,3.59,3.6,0.01,0x1.47ae147ae147bp-7,0x1.ccccccccccccdp+1,2069494100769290365/576460752303423488,259407338536540575/72057594037927936,True,60,3,-1.8609357775422408,-1.761719620969077,-1.3995927746279113,-1.07817442308332,-1.8609357775422395,-1.7617196209690784,-1.3995927746279098,-1.0781744230833215,-1.8612327606113857,-1.748801182168803,-1.4537534886280608,-1.0705647727770795,-1.861232760611383,-1.7488011821688059,-1.4537534886280568,-1.0705647727770835
361,3.6,3.61,0.01,0x1.47ae147ae147bp-7,0x1.ce147ae147ae1p+1,259407338536540575/72057594037927936,2081023315815358835/576460752303423488,True,61,3,-1.8714887704627765,-1.7754822170473383,-1.3523838027716288,-1.0330389666943405,-1.8714887704627754,-1.7754822170473394,-1.352383802771627,-1.0330389666943423,-1.8717829941616204,-1.763030206377812,-1.406292389016106,-1.0253039624851787,-1.871782994161617,-1.763030206377815,-1.4062923890161017,-1.025303962485183
362,3.61,3.62,0.01,0x1.47ae147ae147bp-7,0x1.cf5c28f5c28f6p+1,2081023315815358835/576460752303423488,1043393961669196535/288230376151711744,True,62,3,-1.8815892379361399,-1.7887780845410932,-1.3054081207720958,-0.9885308197662798,-1.8815892379361387,-1.788778084541094,-1.3054081207720942,-0.9885308197662808,-1.8818803900337664,-1.776788771952668,-1.358993971592002,-0.9806881556974191,-1.8818803900337633,-1.7767887719526712,-1.358993971591998,-0.9806881556974218
363,3.62,3.63,0.01,0x1.47ae147ae147bp-7,0x1.d0a3d70a3d70ap+1,1043393961669196535/288230376151711744,2092552530861427305/576460752303423488,True,63,3,-1.8912437147647365,-1.801609796547676,-1.258726957430746,-0.944687577799295,-1.8912437147647352,-1.8016097965476774,-1.2587269574307443,-0.944687577799296,-1.8915315038141947,-1.7900789195528102,-1.3119230576650236,-0.93675486034013,-1.8915315038141916,-1.7900789195528133,-1.3119230576650196,-0.9367548603401327
364,3.63,3.64,0.01,0x1.47ae147ae147bp-7,0x1.d1eb851eb851fp+1,2092552530861427305/576460752303423488,524579284596115385/144115188075855872,True,64,3,-1.9004592568404268,-1.8139803578679339,-1.212398194944112,-0.9015430979436166,-1.9004592568404257,-1.813980357867935,-1.2123981949441105,-0.9015430979436176,-1.9007434125522675,-1.802903156427125,-1.2651412683025978,-0.8935377373760034,-1.9007434125522642,-1.802903156427128,-1.2651412683025935,-0.8935377373760061
365,3.64,3.65,0.01,0x1.47ae147ae147bp-7,0x1.d333333333333p+1,524579284596115385/144115188075855872,2104081745907495775/576460752303423488,True,65,3,-1.9092432860005268,-1.825893289127117,-1.1664763610763866,-0.8591274811521777,-1.9092432860005255,-1.825893289127118,-1.166476361076385,-0.8591274811521786,-1.9095235594206648,-1.8152645409821688,-1.2187069879812564,-0.8510665865726891,-1.9095235594206619,-1.8152645409821717,-1.2187069879812524,-0.8510665865726915
366,3.65,3.66,0.01,0x1.47ae147ae147bp-7,0x1.d47ae147ae148p+1,2104081745907495775/576460752303423488,1054923176715265005/288230376151711744,True,66,3,-1.9176034703798353,-1.8373526753795002,-1.1210124988132564,-0.8174672233128377,-1.9176034703798344,-1.8373526753795013,-1.1210124988132548,-0.8174672233128386,-1.917879633870698,-1.827166731594218,-1.1726752280039503,-0.8093674806135884,-1.9178796338706947,-1.8271667315942213,-1.1726752280039459,-0.8093674806135905
367,3.66,3.67,0.01,0x1.47ae147ae147bp-7,0x1.d5c28f5c28f5cp+1,1054923176715265005/288230376151711744,2115610960953564245/576460752303423488,True,67,3,-1.925547677842125,-1.8483631420584676,-1.0760541222085611,-0.7765853230798389,-1.9255476778421239,-1.848363142058469,-1.0760541222085593,-0.7765853230798397,-1.9258195249298262,-1.8386139624802575,-1.127097526843011,-0.7684629069505594,-1.9258195249298233,-1.8386139624802607,-1.1270975268430075,-0.7684629069505615
368,3.67,3.68,0.01,0x1.47ae147ae147bp-7,0x1.d70a3d70a3d71p+1,2115610960953564245/576460752303423488,132585973029787405/36028797018963968,True,68,3,-1.9330840371709554,-1.8589297241242067,-1.0316451999470742,-0.7365014131520711,-1.9330840371709543,-1.8589297241242078,-1.0316451999470728,-0.736501413152072,-1.9333513823136534,-1.8496109125058617,-1.0820217955879192,-0.7283720175817007,-1.9333513823136506,-1.8496109125058646,-1.0820217955879157,-0.7283720175817028
369,3.68,3.69,0.01,0x1.47ae147ae147bp-7,0x1.d851eb851eb85p+1,132585973029787405/36028797018963968,2127140175999632715/576460752303423488,True,69,3,-1.9402208555466303,-1.8690578795448143,-0.9878261476519277,-0.6972318591523912,-1.9402208555466294,-1.8690578795448152,-0.9878261476519268,-0.6972318591523919,-1.940483533768363,-1.8601627181956295,-1.0374924621283457,-0.6891105583635558,-1.9404835337683601,-1.8601627181956324,-1.0374924621283423,-0.6891105583635578
370,3.69,3.7,0.01,0x1.47ae147ae147bp-7,0x1.d99999999999ap+1,2127140175999632715/576460752303423488,1066452391761333475/288230376151711744,True,70,3,-1.9469665860887984,-1.8787534553389473,-0.9446338202337298,-0.658789998190954,-1.9469665860887975,-1.8787534553389484,-0.9446338202337289,-0.6587899981909549,-1.9472244525138278,-1.8702749391029536,-0.9935503646929377,-0.6506911906426006,-1.9472244525138247,-1.8702749391029567,-0.9935503646929356,-0.6506911906426028
371,3.7,3.71,0.01,0x1.47ae147ae147bp-7,0x1.dae147ae147aep+1,1066452391761333475/288230376151711744,2138669391045701185/576460752303423488,True,71,3,-1.9533297961004181,-1.888022653943525,-0.9021015769641185,-0.6211862509275827,-1.953329796100417,-1.888022653943526,-0.9021015769641175,-0.6211862509275836,-1.95358272538618,-1.8799535233590647,-0.950232791406834,-0.6131236150372326,-1.9535827253861775,-1.8799535233590672,-0.9502327914068318,-0.6131236150372346
372,3.71,3.72,0.01,0x1.47ae147ae147bp-7,0x1.dc28f5c28f5c3p+1,2138669391045701185/576460752303423488,536108499642183855/144115188075855872,True,72,3,-1.9593191381884414,-1.8968719988658924,-0.86025935604848,-0.5844282543356261,-1.9593191381884403,-1.8968719988658935,-0.8602593560484793,-0.584428254335627,-1.9595670416348705,-1.8892047546004214,-0.9075788591328994,-0.5764093880531279,-1.959567041634868,-1.8892047546004238,-0.907578859132897,-0.57640938805313
373,3.72,3.73,0.01,0x1.47ae147ae147bp-7,0x1.dd70a3d70a3d7p+1,536108499642183855/144115188075855872,2150198606091769655/576460752303423488,True,73,3,-1.9649433222336545,-1.9053083020217092,-0.8191337468340745,-0.548521038790337,-1.964943322233653,-1.9053083020217105,-0.8191337468340736,-0.5485210387903378,-1.9651861135092406,-1.898035269532043,-0.8656141722034495,-0.5405575026328145,-1.9651861135092372,-1.8980352695320462,-0.8656141722034474,-0.5405575026328168
374,3.73,3.74,0.01,0x1.47ae147ae147bp-7,0x1.deb851eb851ecp+1,2150198606091769655/576460752303423488,1077981606807401945/288230376151711744,True,74,3,-1.970211088234684,-1.913338632418735,-0.7787479915261853,-0.5134672643186577,-1.9702110882346826,-1.913338632418736,-0.7787479915261846,-0.5134672643186586,-1.9704486953432379,-1.9064519791216452,-0.8243646992511865,-0.5055707410694111,-1.970448695343235,-1.906451979121648,-0.8243646992511843,-0.5055707410694132
375,3.74,3.75,0.01,0x1.47ae147ae147bp-7,0x1.e000000000000p+1,1077981606807401945/288230376151711744,2161727821137838125/576460752303423488,True,75,3,-1.9751311836764296,-1.9209702837797191,-0.7391222176382632,-0.47926732097736635,-1.9751311836764285,-1.9209702837797202,-0.7391222176382625,-0.4792673209773669,-1.9753635512127572,-1.9144620446110816,-0.7838540881348428,-0.47144868639538723,-1.975363551212754,-1.9144620446110847,-0.7838540881348407,-0.47144868639538867
376,3.75,3.7600000000000002,0.01,0x1.47ae147ae147bp-7,0x1.e147ae147ae15p+1,2161727821137838125/576460752303423488,270936553582609045/72057594037927936,True,76,3,-1.9797123400292207,-1.928210744525266,-0.7002735135982538,-0.4459194690598186,-1.9797123400292194,-1.9282107445252672,-0.7002735135982531,-0.44591946905981916,-1.9799394283470149,-1.9220728492074426,-0.7441028149762963,-0.438188784252815,-1.979939428347012,-1.9220728492074453,-0.7441028149762944,-0.43818878425281643
377,3.7600000000000002,3.77,0.01,0x1.47ae147ae147bp-7,0x1.e28f5c28f5c29p+1,270936553582609045/72057594037927936,2173257036183906595/576460752303423488,True,77,3,-1.9839632524116637,-1.9350676683062242,-0.6622160555908013,-0.41342002199738437,-1.9839632524116626,-1.9350676683062256,-0.6622160555908005,-0.4134200219973848,-1.9841850367652045,-1.9292919672206192,-0.7051283008511235,-0.40578653254016117,-1.9841850367652016,-1.9292919672206224,-0.7051283008511213,-0.40578653254016245
378,3.77,3.7800000000000002,0.01,0x1.47ae147ae147bp-7,0x1.e3d70a3d70a3ep+1,2173257036183906595/576460752303423488,1089510821853470415/288230376151711744,True,78,3,-1.9879004597526282,-1.9415409466998046,-0.6249616368810581,-0.38176310685921133,-1.9879004597526269,-1.941540946699806,-0.6249616368810573,-0.38176310685921183,-1.9881169319106984,-1.9361192328391443,-0.6669454595465197,-0.3742352214555091,-1.9881169319106953,-1.9361192328391474,-0.6669454595465176,-0.37423522145551036
379,3.7800000000000002,3.79,0.01,0x1.47ae147ae147bp-7,0x1.e51eb851eb852p+1,1089510821853470415/288230376151711744,2184786251229975065/576460752303423488,True,79,3,-1.9915372860422673,-1.9476337237668764,-0.5885190747295735,-0.3509415532627853,-1.9915372860422662,-1.9476337237668777,-0.5885190747295728,-0.3509415532627858,-1.9917484520905937,-1.9425577570370984,-0.6295660864681342,-0.3435268396568609,-1.9917484520905906,-1.9425577570371015,-0.6295660864681321,-0.3435268396568621
380,3.79,3.8000000000000003,0.01,0x1.47ae147ae147bp-7,0x1.e666666666667p+1,2184786251229975065/576460752303423488,547637714688252325/144115188075855872,True,80,3,-1.994868968157081,-1.9533672269565125,-0.5528942045244278,-0.3209471931766318,-1.99486896815708,-1.9533672269565137,-0.5528942045244272,-0.3209471931766322,-1.9950748428154714,-1.9486287605003243,-0.5929990103598556,-0.3136522168613608,-1.9950748428154683,-1.9486287605003272,-0.5929990103598538,-0.31365221686136197
381,3.8000000000000003,3.81,0.01,0x1.47ae147ae147bp-7,0x1.e7ae147ae147bp+1,547637714688252325/144115188075855872,2196315466276043535/576460752303423488,True,81,3,-1.9979039301644521,-1.9587494543930457,-0.5180940642295818,-0.2917669596386789,-1.9979039301644508,-1.9587494543930473,-0.518094064229581,-0.2917669596386793,-1.9981045397201678,-1.9543402508426633,-0.5572537571092656,-0.28459764461171394,-1.9981045397201649,-1.9543402508426664,-0.5572537571092638,-0.28459764461171494
382,3.81,3.8200000000000003,0.01,0x1.47ae147ae147bp-7,0x1.e8f5c28f5c290p+1,2196315466276043535/576460752303423488,1101040036899538885/288230376151711744,True,82,3,-2.000650422616497,-1.9637885001052027,-0.484119379670165,-0.26339069011017013,-2.0006504226164954,-1.963788500105204,-0.4841193796701646,-0.2633906901101705,-2.000845803607839,-1.9597003506489428,-0.522333441030609,-0.25635227593895726,-2.0008458036078345,-1.959700350648946,-0.522333441030607,-0.25635227593895826
383,3.8200000000000003,3.83,0.01,0x1.47ae147ae147bp-7,0x1.ea3d70a3d70a4p+1,1101040036899538885/288230376151711744,2207844681322112005/576460752303423488,True,83,3,-2.0031165824655024,-1.9684924614221573,-0.45096931397308004,-0.23580665478354593,-2.0031165824655006,-1.9684924614221582,-0.4509693139730796,-0.2358066547835462,-2.003306780965843,-1.9647172028617406,-0.4882394757269905,-0.22890369534044158,-2.003306780965839,-1.9647172028617432,-0.48823947572698945,-0.22890369534044228
384,3.83,3.84,0.01,0x1.47ae147ae147bp-7,0x1.eb851eb851eb8p+1,2207844681322112005/576460752303423488,17293822569102705/4503599627370496,True,84,3,-2.0053103942929553,-1.9728694477903974,-0.41863947549809183,-0.2090038177425809,-2.0053103942929535,-1.9728694477903985,-0.4186394754980915,-0.20900381774258112,-2.0054954645706085,-1.9693989788479476,-0.4549694547004709,-0.2022403110261913,-2.005495464570604,-1.9693989788479507,-0.45496945470046984,-0.20224031102619194
385,3.84,3.85,0.01,0x1.47ae147ae147bp-7,0x1.ecccccccccccdp+1,17293822569102705/4503599627370496,2219373896368180475/576460752303423488,True,85,3,-2.0072397195926786,-1.9769275242609157,-0.3871258376218765,-0.18296818300192513,-2.0072397195926763,-1.9769275242609168,-0.38712583762187613,-0.18296818300192536,-2.007419723932104,-1.9737538193907291,-0.4225213010385576,-0.17634747538867956,-2.0074197239321,-1.9737538193907322,-0.42252130103855656,-0.17634747538868029
386,3.85,3.86,0.01,0x1.47ae147ae147bp-7,0x1.ee147ae147ae1p+1,2219373896368180475/576460752303423488,1112569251945607355/288230376151711744,True,86,3,-2.008912267248362,-1.9806747163065686,-0.3564227015488777,-0.15768508301885503,-2.00891226724836,-1.9806747163065697,-0.35642270154887723,-0.15768508301885523,-2.009087275149515,-1.9777898388405928,-0.3908911035282235,-0.15120990501180637,-2.0090872751495104,-1.9777898388405957,-0.39089110352822243,-0.15120990501180706
387,3.86,3.87,0.01,0x1.47ae147ae147bp-7,0x1.ef5c28f5c28f6p+1,1112569251945607355/288230376151711744,2230903111414248945/576460752303423488,True,87,3,-2.0103355892550363,-1.9841189918874507,-0.32652311649756127,-0.1331390009217959,-2.010335589255034,-1.9841189918874518,-0.32652311649756083,-0.13313900092179612,-2.0105056767490304,-1.9815151058262495,-0.36007355818631714,-0.12681148673044162,-2.0105056767490255,-1.9815151058262523,-0.3600735581863161,-0.1268114867304422
388,3.87,3.88,0.01,0x1.47ae147ae147bp-7,0x1.f0a3d70a3d70ap+1,2230903111414248945/576460752303423488,559166929734320795/144115188075855872,True,88,3,-2.0115170695261515,-1.9872682528004912,-0.2974184366690769,-0.10931424506117382,-2.011517069526149,-1.9872682528004924,-0.29741843666907647,-0.10931424506117395,-2.011682318346989,-1.9849376335632192,-0.33006149471711677,-0.10313598815661332,-2.011682318346984,-1.9849376335632223,-0.3300614947171157,-0.10313598815661362
389,3.88,3.89,0.01,0x1.47ae147ae147bp-7,0x1.f1eb851eb851fp+1,559166929734320795/144115188075855872,2242432326460317415/576460752303423488,True,89,3,-2.0124639277636573,-1.9901303132244514,-0.26909915571490955,-0.08619433466311814,-2.012463927763655,-1.990130313224453,-0.26909915571490917,-0.08619433466311828,-2.012624424770175,-1.9880653570194387,-0.30084675954867107,-0.08016640043943807,-2.0126244247701686,-1.9880653570194415,-0.3008467595486702,-0.08016640043943844
390,3.89,3.9,0.01,0x1.47ae147ae147bp-7,0x1.f333333333333p+1,2242432326460317415/576460752303423488,1124098466991675825/288230376151711744,True,90,3,-2.013183208318174,-1.9927128954252478,-0.24155444758949665,-0.06376266823033697,-2.0131832083181713,-1.9927128954252495,-0.24155444758949643,-0.06376266823033708,-2.013339044771733,-1.990906127693164,-0.2724197266556998,-0.057885642510346925,-2.013339044771727,-1.9909061276931694,-0.27241972665569897,-0.057885642510347175
391,3.9,3.91,0.01,0x1.47ae147ae147bp-7,0x1.f47ae147ae148p+1,1124098466991675825/288230376151711744,2253961541506385885/576460752303423488,True,91,3,-2.0136817809775787,-1.995023615532697,-0.21477252128715832,-0.042002363608790116,-2.0136817809775764,-1.9950236155326984,-0.2147725212871581,-0.04200236360879021,-2.0138330519288137,-1.9934676982675876,-0.24476967305779,-0.03627638627918524,-2.013833051928808,-1.9934676982675925,-0.24476967305778946,-0.03627638627918549
392,3.91,3.92,0.01,0x1.47ae147ae147bp-7,0x1.f5c28f5c28f5cp+1,2253961541506385885/576460752303423488,282465768628677515/72057594037927936,True,92,3,-2.0139663385039612,-1.9970699745083416,-0.18874062900559602,-0.020896435956704696,-2.0139663385039586,-1.9970699745083433,-0.18874062900559582,-0.02089643595670474,-2.0141131421830263,-1.9957577126210966,-0.21788478684870796,-0.015321240647654994,-2.01411314218302,-1.9957577126211015,-0.21788478684870743,-0.015321240647655117
393,3.92,3.93,0.01,0x1.47ae147ae147bp-7,0x1.f70a3d70a3d71p+1,282465768628677515/72057594037927936,2265490756552454355/576460752303423488,True,93,3,-2.014043396745827,-1.9988593483217896,-0.16344548586145188,-0.00042755175263217026,-2.014043396745824,-1.998859348321791,-0.1634454858614517,-0.00042755175263219856,-2.0141858340856857,-1.9977836949755374,-0.19175261293715593,0.004997514627707592,-2.0141858340856795,-1.9977836949755423,-0.19175261293715543,0.004997514627707497
394,3.93,3.94,0.01,0x1.47ae147ae147bp-7,0x1.f851eb851eb85p+1,2265490756552454355/576460752303423488,1135627682037744295/288230376151711744,True,94,3,-2.0139192915789,-2.0003989829671758,-0.1388728918911274,0.01942143151290185,-2.013919291578898,-2.000398982967178,-0.13887289189112717,0.01942143151290181,-2.0140574656261556,-1.9995530441885416,-0.16635965199375236,0.024697360383152712,-2.0140574656261503,-1.9995530441885458,-0.1663596519937519,0.024697360383152615
395,3.94,3.95,0.01,0x1.47ae147ae147bp-7,0x1.f99999999999ap+1,1135627682037744295/288230376151711744,2277019971598522825/576460752303423488,True,95,3,-2.0136001815833757,-2.0016959852740857,-0.11500836278249302,0.03866794852266237,-2.0136001815833735,-2.0016959852740874,-0.11500836278249289,0.0386679485226623,-2.0137341971117846,-2.001073023582731,-0.14169203146186568,0.04379605581540504,-2.0137341971117784,-2.0010730235827374,-0.14169203146186526,0.0437960558154049
396,3.95,3.96,0.01,0x1.47ae147ae147bp-7,0x1.fae147ae147aep+1,2277019971598522825/576460752303423488,570696144780389265/144115188075855872,True,96,3,-2.013092046340619,-2.002757319607737,-0.09183666050627493,0.05732911396966721,-2.013092046340617,-2.002757319607739,-0.09183666050627481,0.05732911396966714,-2.013222009324628,-2.00235075706313,-0.11773500788578944,0.06231099246010475,-2.0132220093246223,-2.0023507570631356,-0.11773500788578921,0.0623109924601046
397,3.96,3.97,0.01,0x1.47ae147ae147bp-7,0x1.fc28f5c28f5c3p+1,570696144780389265/144115188075855872,2288549186644591295/576460752303423488,True,97,3,-2.012687272482779,-2.003303218076745,-0.06934607031612468,0.07542587461698412,-2.0126872724827773,-2.0033032180767467,-0.06934607031612458,0.07542587461698401,-2.012813320392834,-2.0031066078351323,-0.09447765948282623,0.08026375643557591,-2.012813320392828,-2.0031066078351385,-0.09447765948282599,0.08026375643557568
398,3.97,3.98,0.01,0x1.47ae147ae147bp-7,0x1.fd70a3d70a3d7p+1,2288549186644591295/576460752303423488,1147156897083812765/288230376151711744,True,98,3,-2.012699260449796,-2.0030325713440766,-0.047523787155028294,0.09297827358049389,-2.0126992604497937,-2.003032571344079,-0.04752378715502823,0.09297827358049378,-2.012851948702382,-2.0030092124456638,-0.07190785513827061,0.09767497011438885,-2.0128519487023757,-2.00300921244567,-0.0719078551382704,0.09767497011438861
399,3.98,3.99,0.01,0x1.47ae147ae147bp-7,0x1.feb851eb851ecp+1,1147156897083812765/288230376151711744,2300078401690659765/576460752303423488,True,99,3,-2.0126653050517924,-2.002420046692748,-0.026346938555063582,0.10999637007350088,-2.0126653050517906,-2.00242004669275,-0.026346938555063537,0.10999637007350076,-2.013011218299021,-2.002397373445258,-0.05000229873659054,0.11455422830443653,-2.0130112182990154,-2.002397373445264,-0.05000229873659042,0.11455422830443632
400,3.99,4.0,0.01,0x1.47ae147ae147bp-7,0x1.0000000000000p+2,2300078401690659765/576460752303423488,144115188075855875/36028797018963968,True,0,4,-2.0125426867161225,-2.001519996456859,-0.0057986015318334935,0.12649615648986834,-2.0125426867161207,-2.0015199964568606,-0.005798601531833467,0.12649615648986814,-2.013076024846299,-2.001497992592906,-0.02874420372465215,0.1309176682232695,-2.0130760248462933,-2.0014979925929115,-0.028744203724652063,0.13091766822326906
401,4.0,4.01,0.01,0x1.47ae147ae147bp-7,0x1.00a3d70a3d70ap+2,144115188075855875/36028797018963968,2311607616736728235/576460752303423488,True,1,4,-2.012382080899249,-2.000293049242163,0.014137284472233828,0.14249438106852297,-2.0123820808992474,-2.000293049242165,0.014137284472233868,0.14249438106852275,-2.0130972103118467,-2.000271696333662,-0.008117612146252009,0.14678219370256887,-2.0130972103118405,-2.000271696333668,-0.008117612146251934,0.1467821937025684
402,4.01,4.0200000000000005,0.01,0x1.47ae147ae147bp-7,0x1.0147ae147ae15p+2,2311607616736728235/576460752303423488,1158686112129881235/288230376151711744,True,2,4,-2.012050668808427,-1.9988830006671827,0.03347324373240172,0.15801114341135453,-2.012050668808424,-1.9988830006671843,0.0334732437324018,0.15801114341135433,-2.012942109502473,-1.9988622903021482,0.011889794974661102,0.16216820291463507,-2.0129421095024664,-1.998862290302153,0.011889794974661194,0.16216820291463463
403,4.0200000000000005,4.03,0.01,0x1.47ae147ae147bp-7,0x1.01eb851eb851fp+2,1158686112129881235/288230376151711744,2323136831782796705/576460752303423488,True,3,4,-2.0115329372957893,-1.9973160157082577,0.05223170337664836,0.17305638073560162,-2.0115329372957866,-1.9973160157082595,0.05223170337664843,0.17305638073560145,-2.012595369421888,-1.997295941821785,0.031300848259191445,0.1770853590505484,-2.0125953694218817,-1.9972959418217902,0.03130084825919161,0.17708535905054792
404,4.03,4.04,0.01,0x1.47ae147ae147bp-7,0x1.028f5c28f5c29p+2,2323136831782796705/576460752303423488,582225359826457735/144115188075855872,True,4,4,-2.01083279247865,-1.9955985179985325,0.07042904277495916,0.18764575446039516,-2.0108327924786478,-1.9955985179985345,0.0704290427749593,0.18764575446039497,-2.012061058229833,-1.9955790735224337,0.05013199590416393,0.19154941651696475,-2.0120610582298277,-1.9955790735224388,0.05013199590416409,0.1915494165169642
405,4.04,4.05,0.01,0x1.47ae147ae147bp-7,0x1.0333333333333p+2,582225359826457735/144115188075855872,2334666046828865175/576460752303423488,True,5,4,-2.0099557666840586,-1.9937349864124614,0.08808140438347704,0.20179478184138197,-2.0099557666840564,-1.9937349864124632,0.08808140438347717,0.20179478184138175,-2.011344868579974,-1.993716163226348,0.06839948444300957,0.2055759790397738,-2.011344868579968,-1.9937161632263531,0.0683994844430099,0.20557597903977332
406,4.05,4.0600000000000005,0.01,0x1.47ae147ae147bp-7,0x1.03d70a3d70a3ep+2,2334666046828865175/576460752303423488,1170215327175949705/288230376151711744,True,6,4,-2.0089072260289393,-1.9917297515555261,0.10520482953137275,0.21551864949242755,-2.008907226028937,-1.9917297515555275,0.10520482953137286,0.21551864949242733,-2.0104523247537522,-1.9917115406139643,0.08611950160857529,0.21918030272647174,-2.010452324753747,-1.9917115406139687,0.08611950160857562,0.21918030272647118
407,4.0600000000000005,4.07,0.01,0x1.47ae147ae147bp-7,0x1.047ae147ae148p+2,1170215327175949705/288230376151711744,2346195261874933645/576460752303423488,True,7,4,-2.007692371625107,-1.9895869991042032,0.12181522254617588,0.22883220487172645,-2.007692371625106,-1.9895869991042048,0.12181522254617601,0.22883220487172623,-2.009388783636806,-1.9895693905549292,0.1033081359100336,0.2323772889433353,-2.009388783636801,-1.989569390554933,0.10330813591003392,0.23237728894333473
408,4.07,4.08,0.01,0x1.47ae147ae147bp-7,0x1.051eb851eb852p+2,2346195261874933645/576460752303423488,293994983674745985/72057594037927936,True,8,4,-2.0063162423111276,-1.9873107720447225,0.13792831891479293,0.24174994845398373,-2.006316242311126,-1.9873107720447238,0.13792831891479312,0.2417499484539835,-2.008159437252051,-1.9872937553385848,0.11998134060473617,0.24518147773942042,-2.0081594372520475,-1.9872937553385874,0.11998134060473649,0.24518147773941987
409,4.08,4.09,0.01,0x1.47ae147ae147bp-7,0x1.05c28f5c28f5cp+2,293994983674745985/72057594037927936,2357724476921002115/576460752303423488,True,9,4,-2.0047837159124358,-1.9849049747186962,0.15355965806923078,0.25428602896405594,-2.004783715912434,-1.9849049747186973,0.15355965806923103,0.2542860289640555,-2.0067693138493747,-1.9848885387112711,0.13615490248694984,0.2576070443528189,-2.006769313849371,-1.9848885387112742,0.13615490248695036,0.2576070443528181
410,4.09,4.1,0.01,0x1.47ae147ae147bp-7,0x1.0666666666666p+2,2357724476921002115/576460752303423488,1181744542222018175/288230376151711744,True,10,4,-2.0030995126686215,-1.9823733749782637,0.16872456345508088,0.26645423920843603,-2.0030995126686193,-1.9823733749782648,0.16872456345508108,0.26645423920843564,-2.005223281188112,-1.9823575080237323,0.15184441828533946,0.2696677961939383,-2.005223281188108,-1.982357508023735,0.15184441828534,0.26966779619393744
411,4.1,4.11,0.01,0x1.47ae147ae147bp-7,0x1.070a3d70a3d71p+2,1181744542222018175/288230376151711744,2369253691967070585/576460752303423488,True,11,4,-2.0012681974947513,-1.9797196078681332,0.18343811881181615,0.2782680099135321,-2.001268197494749,-1.9797196078681343,0.18343811881181635,0.2782680099135317,-2.0035260486762145,-1.9797042979069663,0.16706526776541006,0.2813771675391764,-2.0035260486762105,-1.979704297906969,0.16706526776541053,0.2813771675391755
412,4.11,4.12,0.01,0x1.47ae147ae147bp-7,0x1.07ae147ae147bp+2,2369253691967070585/576460752303423488,593754574872526205/144115188075855872,True,12,4,-1.9992941829219542,-1.9769471787490334,0.19771515007239276,0.28974041135995615,-1.999294182921953,-1.9769471787490345,0.197715150072393,0.28974041135995576,-2.001682170212687,-1.97693241338777,0.18183259228722792,0.2927482223725367,-2.0016821702126832,-1.9769324133877733,0.18183259228722848,0.2927482223725358
413,4.12,4.13,0.01,0x1.47ae147ae147bp-7,0x1.0851eb851eb85p+2,593754574872526205/144115188075855872,2380782907013139055/576460752303423488,True,13,4,-1.9971826960353585,-1.974058502612066,0.21157020800530116,0.300884156458976,-1.9971826960353574,-1.974058502612067,0.2115702080053014,0.30088415645897554,-1.9996970110495957,-1.974044269193388,0.1961612739184053,0.30379365903535893,-1.9996970110495929,-1.9740442691933908,0.19616127391840582,0.3037936590353579
414,4.13,4.14,0.01,0x1.47ae147ae147bp-7,0x1.08f5c28f5c28fp+2,2380782907013139055/576460752303423488,1193273757268086645/288230376151711744,True,14,4,-1.9949472328856146,-1.9710474560854894,0.2250082059546548,0.3117209488769944,-1.9949472328856135,-1.9710474560854907,0.22500820595465504,0.311720948876994,-1.9975842222950793,-1.9710337215999025,0.2100618699726913,0.31452985976597736,-1.9975842222950764,-1.9710337215999054,0.21006186997269194,0.3145298597659763
415,4.14,4.15,0.01,0x1.47ae147ae147bp-7,0x1.099999999999ap+2,1193273757268086645/288230376151711744,2392312122059207525/576460752303423488,True,15,4,-1.9925810786816556,-1.9679278637276136,0.23805071549410764,0.32225518079552196,-1.9925810786816547,-1.9679278637276147,0.2380507154941079,0.3222551807955215,-1.9953372366608868,-1.9679145791204768,0.22354554032164214,0.32497195517573946,-1.9953372366608841,-1.9679145791204795,0.22354554032164284,0.3249719551757383
416,4.15,4.16,0.01,0x1.47ae147ae147bp-7,0x1.0a3d70a3d70a4p+2,2392312122059207525/576460752303423488,74939897799445055/18014398509481984,True,16,4,-1.9900880798418301,-1.9647027325283455,0.25071285902683843,0.3324970351826757,-1.990088079841829,-1.9647027325283466,0.2507128590268389,0.3324970351826753,-1.9929599942395333,-1.9646898832465223,0.2366332299324131,0.3351246351072939,-1.9929599942395302,-1.9646898832465252,0.23663322993241373,0.33512463510729296
417,4.16,4.17,0.01,0x1.47ae147ae147bp-7,0x1.0ae147ae147aep+2,74939897799445055/18014398509481984,2403841337105275995/576460752303423488,True,17,4,-1.9874719460564267,-1.961374956458971,0.26300803560808855,0.3424577567260182,-1.9874719460564254,-1.9613749564589726,0.263008035608089,0.3424577567260178,-1.9904563293719781,-1.9613625281719977,0.24933871199635685,0.3449991009275686,-1.9904563293719753,-1.9613625281720004,0.2493387119963575,0.3449991009275675
418,4.17,4.18,0.01,0x1.47ae147ae147bp-7,0x1.0b851eb851eb8p+2,2403841337105275995/576460752303423488,1204802972314155115/288230376151711744,True,18,4,-1.9847362536811812,-1.9579473196986104,0.27494932160667135,0.35214825081957474,-1.98473625368118,-1.9579473196986115,0.2749493216066718,0.3521482508195743,-1.9878299397325263,-1.957935298320816,0.2616754435064824,0.3546062083976162,-1.9878299397325234,-1.9579352983208187,0.2616754435064834,0.3546062083976152
419,4.18,4.19,0.01,0x1.47ae147ae147bp-7,0x1.0c28f5c28f5c3p+2,1204802972314155115/288230376151711744,2415370552151344465/576460752303423488,True,19,4,-1.9818844491579533,-1.9544224998260553,0.2865494671910186,0.36157908887975243,-1.981884449157952,-1.9544224998260566,0.286549467191019,0.361579088879752,-1.9850843897563648,-1.9544108715355508,0.2736565572675911,0.36395647638701406,-1.985084389756362,-1.954410871535554,0.2736565572675922,0.36395647638701295
420,4.19,4.2,0.01,0x1.47ae147ae147bp-7,0x1.0cccccccccccdp+2,2415370552151344465/576460752303423488,605283789918594675/144115188075855872,True,20,4,-1.9789198524449665,-1.9508030709742041,0.2978208946007224,0.3707605138007295,-1.9789198524449652,-1.9508030709742052,0.2978208946007229,0.37076051380072905,-1.9822231140865016,-1.9507918222290912,0.2852948597204992,0.3730600918144162,-1.9822231140864988,-1.950791822229094,0.2852948597205004,0.373060091814415
421,4.2,4.21,0.01,0x1.47ae147ae147bp-7,0x1.0d70a3d70a3d7p+2,605283789918594675/144115188075855872,2426899767197412935/576460752303423488,True,21,4,-1.975845660446045,-1.9470915069394885,0.3087756973174544,0.37970244622100163,-1.9758456604460437,-1.9470915069394898,0.30877569731745486,0.3797024462210012,-1.979249421028655,-1.9470806244914178,0.2966028287084201,0.3819269164635528,-1.9792494210286522,-1.9470806244914207,0.29660282870842114,0.38192691646355176
422,4.21,4.22,0.01,0x1.47ae147ae147bp-7,0x1.0e147ae147ae1p+2,2426899767197412935/576460752303423488,1216332187360223585/288230376151711744,True,22,4,-1.9726649504490732,-1.9432901842199877,0.31942563881670705,0.388414492720838,-1.972664950449072,-1.9432901842199888,0.31942563881670744,0.3884144927208376,-1.976166496023645,-1.9432796551248326,0.3075926108780777,0.39056649577542435,-1.976166496023642,-1.9432796551248355,0.3075926108780787,0.39056649577542335
423,4.22,4.23,0.01,0x1.47ae147ae147bp-7,0x1.0eb851eb851ecp+2,1216332187360223585/288230376151711744,2438428982243481405/576460752303423488,True,23,4,-1.9693806835172687,-1.9394013850244411,0.3297821562289995,0.3969059504387464,-1.9693806835172676,-1.9394013850244425,0.32978215622899987,0.396905950438746,-1.9729774050783344,-1.9393911966514448,0.31827602435508573,0.39898806378637275,-1.9729774050783313,-1.9393911966514477,0.3182760243550868,0.39898806378637164
424,4.23,4.24,0.01,0x1.47ae147ae147bp-7,0x1.0f5c28f5c28f6p+2,2438428982243481405/576460752303423488,305524198720814455/72057594037927936,True,24,4,-1.965995708009093,-1.9354273000639106,0.3398563629591693,0.4051858138893603,-1.965995708009092,-1.9354273000639117,0.3398563629591697,0.4051858138893599,-1.9696850983318088,-1.9354174401029227,0.3286645603860172,0.4072005503434772,-1.9696850983318064,-1.9354174401029254,0.32866456038601816,0.40720055034347624
425,4.24,4.25,0.01,0x1.47ae147ae147bp-7,0x1.1000000000000p+2,305524198720814455/72057594037927936,2449958197289549875/576460752303423488,True,25,4,-1.9625128156212972,-1.931369978720914,0.34965379863956825,0.41326803550778857,-1.962512815621296,-1.931369978720915,0.34965379863956875,0.4132680355077881,-1.9662924676645253,-1.9313604336732808,0.33876382926533916,0.41521814517316175,-1.9662924676645224,-1.9313604336732837,0.33876382926534016,0.4152181451731608
426,4.25,4.26,0.01,0x1.47ae147ae147bp-7,0x1.10a3d70a3d70ap+2,2449958197289549875/576460752303423488,1227861402406292055/288230376151711744,True,26,4,-1.9589346076472702,-1.927231468893967,0.3591880104336276,0.42115795549904517,-1.9589346076472691,-1.927231468893968,0.359188010433628,0.4211579554990447,-1.9628022090784802,-1.9272222264960226,0.3485879283302725,0.4230459406086136,-1.9628022090784774,-1.9272222264960255,0.3485879283302736,0.4230459406086126
427,4.26,4.2700000000000005,0.01,0x1.47ae147ae147bp-7,0x1.1147ae147ae15p+2,1227861402406292055/288230376151711744,2461487412335618345/576460752303423488,True,27,4,-1.9552635947369346,-1.9230137232192226,0.36847101546110844,0.42886185206936295,-1.9552635947369332,-1.923013723219224,0.3684710154611089,0.42886185206936245,-1.9592169253024196,-1.9230047720788592,0.35814934620148464,0.43069003964016717,-1.9592169253024165,-1.9230047720788623,0.35814934620148575,0.43069003964016617
428,4.2700000000000005,4.28,0.01,0x1.47ae147ae147bp-7,0x1.11eb851eb851fp+2,2461487412335618345/576460752303423488,616813004964663145/144115188075855872,True,28,4,-1.9515022064085195,-1.9187185954298358,0.37751268663099374,0.4363875674237768,-1.9515022064085181,-1.918718595429837,0.377512686630994,0.4363875674237765,-1.955539135533407,-1.918709924495024,0.3674583146548939,0.43815821556801915,-1.9555391355334044,-1.9187099244950268,0.367458314654895,0.4381582155680181
429,4.28,4.29,0.01,0x1.47ae147ae147bp-7,0x1.128f5c28f5c29p+2,616813004964663145/144115188075855872,2473016627381686815/576460752303423488,True,29,4,-1.9476527755748099,-1.9143478615708276,0.38632259536654456,0.44374267744144785,-1.9476527755748088,-1.914347861570829,0.386322595366545,0.44374267744144746,-1.951771259496307,-1.9143394601294352,0.3765247574273927,0.4454579753451281,-1.9517712594963041,-1.9143394601294383,0.37652475742739366,0.44545797534512716
430,4.29,4.3,0.01,0x1.47ae147ae147bp-7,0x1.1333333333333p+2,2473016627381686815/576460752303423488,1239390617452360525/288230376151711744,True,30,4,-1.943717541295466,-1.909903222828326,0.39491001398003567,0.4509345047270824,-1.943717541295465,-1.909903222828327,0.3949100139800361,0.450934504727082,-1.9479156202649255,-1.9098950805059134,0.3853582919750709,0.4525965730425916,-1.9479156202649226,-1.9098950805059163,0.3853582919750719,0.4525965730425906
431,4.3,4.3100000000000005,0.01,0x1.47ae147ae147bp-7,0x1.13d70a3d70a3ep+2,1239390617452360525/288230376151711744,2484545842427755285/576460752303423488,True,31,4,-1.93969865208171,-1.9053863076963302,0.40328392183985484,0.45797012547692123,-1.9396986520817088,-1.9053863076963315,0.40328392183985523,0.45797012547692084,-1.9439744476362177,-1.9053784144530235,0.3939682352892291,0.45958101690871167,-1.9439744476362149,-1.9053784144530264,0.3939682352892301,0.4595810169087108
432,4.3100000000000005,4.32,0.01,0x1.47ae147ae147bp-7,0x1.147ae147ae148p+2,2484545842427755285/576460752303423488,155644403121924345/36028797018963968,True,32,4,-1.9355981688658614,-1.9007986743303125,0.4114530122827795,0.4648563766725169,-1.9355981688658606,-1.9007986743303134,0.4114530122827799,0.46485637667251645,-1.9399498811704703,-1.9007910204570004,0.40236361054841,0.4664180767052228,-1.9399498811704672,-1.9007910204570035,0.4023636105484112,0.4664180767052216
433,4.32,4.33,0.01,0x1.47ae147ae147bp-7,0x1.151eb851eb852p+2,155644403121924345/36028797018963968,2496075057473823755/576460752303423488,True,33,4,-1.9314180674036208,-1.8961418133261316,0.41942569894155407,0.4715998640225281,-1.9314180674036197,-1.8961418133261327,0.41942569894155446,0.47159986402252774,-1.9358439726653485,-1.8961343894398688,0.41055315319769753,0.47311429181575354,-1.9358439726653458,-1.8961343894398714,0.4105531531976986,0.47311429181575254
434,4.33,4.34,0.01,0x1.47ae147ae147bp-7,0x1.15c28f5c28f5cp+2,2496075057473823755/576460752303423488,1250919832498428995/288230376151711744,True,34,4,-1.9271602415336817,-1.8914171494983871,0.42721012236370154,0.47820696971147536,-1.9271602415336806,-1.8914171494983885,0.4272101223637019,0.4782069697114749,-1.931658689487798,-1.891409946537123,0.4185453173786648,0.4796759791342899,-1.931658689487795,-1.8914099465371264,0.41854531737866585,0.4796759791342888
435,4.34,4.3500000000000005,0.01,0x1.47ae147ae147bp-7,0x1.1666666666667p+2,1250919832498428995/288230376151711744,2507604272519892225/576460752303423488,True,35,4,-1.922826505706457,-1.8866260442457352,0.4348141579061798,0.48468385891303417,-1.922826505706456,-1.8866260442457363,0.4348141579061803,0.48468385891303367,-1.9273959171749948,-1.8866190534627825,0.4263482837444687,0.48610923963788444,-1.9273959171749917,-1.8866190534627856,0.4263482837444697,0.4861092396378834
436,4.3500000000000005,4.36,0.01,0x1.47ae147ae147bp-7,0x1.170a3d70a3d71p+2,2507604272519892225/576460752303423488,628342220010731615/144115188075855872,True,36,4,-1.918418597609241,-1.881769797675703,0.44224542251181104,0.49103648741020567,-1.9184185976092396,-1.8817697976757044,0.44224542251181154,0.4910364874102052,-1.9230574621320697,-1.8817630106336733,0.4339699661314873,0.49241996611729255,-1.9230574621320666,-1.8817630106336767,0.43396996613148836,0.49241996611729155
437,4.36,4.37,0.01,0x1.47ae147ae147bp-7,0x1.17ae147ae147bp+2,628342220010731615/144115188075855872,2519133487565960695/576460752303423488,True,37,4,-1.9139381807376379,-1.8768496506395262,0.4495112817510123,0.4972706088930532,-1.9139381807376368,-1.8768496506395274,0.4495112817510126,0.4972706088930528,-1.9186450542757918,-1.87684305920387,0.441418018545645,0.4986138505586813,-1.9186450542757887,-1.876843059203873,0.44141801854564605,0.49861385055868024
438,4.37,4.38,0.01,0x1.47ae147ae147bp-7,0x1.1851eb851eb85p+2,2519133487565960695/576460752303423488,1262449047544497465/288230376151711744,True,38,4,-1.9093868468792679,-1.871866786711765,0.45661885702670246,0.5033917819957402,-1.9093868468792667,-1.8718667867117664,0.4566188570267028,0.5033917819957394,-1.9141603495900363,-1.871860383044019,0.44869984235291005,0.5046963912438405,-1.9141603495900334,-1.871860383044022,0.44869984235291105,0.5046963912438388
439,4.38,4.39,0.01,0x1.47ae147ae147bp-7,0x1.18f5c28f5c28fp+2,1262449047544497465/288230376151711744,2530662702612029165/576460752303423488,True,39,4,-1.904766118522679,-1.8668223341029395,0.46357503278330126,0.5094053771965014,-1.9047661185226779,-1.8668223341029406,0.46357503278330164,0.5094053771965006,-1.9096049331234102,-1.866816110136149,0.45582243822895163,0.5106730549759827,-1.909604933123407,-1.8668161101361522,0.4558224382289526,0.5106730549759809
440,4.39,4.4,0.01,0x1.47ae147ae147bp-7,0x1.199999999999ap+2,2530662702612029165/576460752303423488,317053413766882925/72057594037927936,True,40,4,-1.9000774511919007,-1.8617173675062253,0.47038646369044035,0.5153165835790032,-1.9000774511918996,-1.8617173675062264,0.47038646369044074,0.5153165835790025,-1.9049803199763724,-1.8617113158379475,0.4627928387125811,0.5165488585533272,-1.9049803199763695,-1.8617113158379501,0.4627928387125822,0.5165488585533254
441,4.4,4.41,0.01,0x1.47ae147ae147bp-7,0x1.1a3d70a3d70a4p+2,317053413766882925/72057594037927936,2542191917658097635/576460752303423488,True,41,4,-1.8953222355114396,-1.8565529100751892,0.477059581794119,0.5211304154356019,-1.8953222355114387,-1.8565529100751903,0.47705958179411945,0.521130415435601,-1.9002879585657806,-1.8565470237302064,0.46961777637756325,0.5223287144470464,-1.9002879585657777,-1.8565470237302095,0.46961777637756436,0.5223287144470449
442,4.41,4.42,0.01,0x1.47ae147ae147bp-7,0x1.1ae147ae147aep+2,2542191917658097635/576460752303423488,1273978262590565935/288230376151711744,True,42,4,-1.8905017999188483,-1.851329934617466,0.4836006036124592,0.5268517187121562,-1.8905017999188471,-1.8513299346174674,0.4836006036124597,0.5268517187121554,-1.8955292333281974,-1.8513242068880034,0.47630371429194035,0.5280174139893682,-1.8955292333281943,-1.8513242068880063,0.47630371429194146,0.5280174139893663
443,4.42,4.43,0.01,0x1.47ae147ae147bp-7,0x1.1b851eb851eb8p+2,1273978262590565935/288230376151711744,2553721132704166105/576460752303423488,True,43,4,-1.885617412370245,-1.8460493656612205,0.49001553714242935,0.5324851773087328,-1.8856174123702438,-1.8460493656612218,0.4900155371424298,0.5324851773087319,-1.8907054663402894,-1.8460437900994155,0.482856898821214,0.533619587994474,-1.890705466340286,-1.8460437900994187,0.4828568988212153,0.533619587994472
444,4.43,4.44,0.01,0x1.47ae147ae147bp-7,0x1.1c28f5c28f5c3p+2,2553721132704166105/576460752303423488,639871435056800085/144115188075855872,True,44,4,-1.880670282411561,-1.8407120810240538,0.4963101887806774,0.5380353192163412,-1.88067028241156,-1.840712081024055,0.4963101887806779,0.5380353192163405,-1.8858179194560007,-1.840706651434415,0.4892833665775817,0.5391397129917234,-1.8858179194559979,-1.840706651434418,0.4892833665775831,0.5391397129917214
445,4.44,4.45,0.01,0x1.47ae147ae147bp-7,0x1.1cccccccccccdp+2,639871435056800085/144115188075855872,2565250347750234575/576460752303423488,True,45,4,-1.8756616634928847,-1.835318813009647,0.5024901691212884,0.5435065234932781,-1.8756616634928835,-1.8353188130096478,0.5024901691212893,0.5435065234932771,-1.8808678966855394,-1.8353135234415052,0.4955889472752157,0.5445821212761942,-1.8808678966855363,-1.835313523441508,0.49558894727521696,0.5445821212761921
446,4.45,4.46,0.01,0x1.47ae147ae147bp-7,0x1.1d70a3d70a3d7p+2,2565250347750234575/576460752303423488,1285507477636634405/288230376151711744,True,46,4,-1.8705926696618524,-1.829870335098487,0.5085609016160658,0.5489030241600755,-1.8705926696618513,-1.8298703350984882,0.5085609016160667,0.5489030241600746,-1.875856560951951,-1.8298651798385535,0.5017792824032729,0.5499509949281768,-1.8758565609519482,-1.8298651798385563,0.501779282403275,0.5499509949281747
447,4.46,4.47,0.01,0x1.47ae147ae147bp-7,0x1.1e147ae147ae1p+2,1285507477636634405/288230376151711744,2576779562796303045/576460752303423488,True,47,4,-1.8654642252809857,-1.8243675154909882,0.5145276293187814,0.5542289157041091,-1.8654642252809843,-1.8243675154909895,0.5145276293187823,0.5542289157041083,-1.870784883870371,-1.8243624890558874,0.5078598219933228,0.5552503814362824,-1.8707848838703678,-1.8243624890558907,0.507859821993325,0.55525038143628
448,4.47,4.48,0.01,0x1.47ae147ae147bp-7,0x1.1eb851eb851ecp+2,2576779562796303045/576460752303423488,40352252661239645/9007199254740992,True,48,4,-1.8602773257729333,-1.818811059502127,0.5203954192385695,0.5594881606202287,-1.8602773257729317,-1.8188110595021283,0.5203954192385704,0.5594881606202279,-1.8656539065535553,-1.8188061566311,0.5138358325654975,0.5604841977903628,-1.8656539065535518,-1.8188061566311031,0.5138358325654997,0.5604841977903606
449,4.48,4.49,0.01,0x1.47ae147ae147bp-7,0x1.1f5c28f5c28f6p+2,40352252661239645/9007199254740992,2588308777842371515/576460752303423488,True,49,4,-1.8550329173969082,-1.8132016328064942,0.5261691695151647,0.56468459391049,-1.8550329173969073,-1.813201632806495,0.5261691695151655,0.5646845939104892,-1.8604646194472811,-1.8131968484541354,0.5197124044664203,0.5656562349660458,-1.860464619447278,-1.8131968484541385,0.5197124044664225,0.5656562349660437
450,4.49,4.5,0.01,0x1.47ae147ae147bp-7,0x1.2000000000000p+2,2588308777842371515/576460752303423488,1297036692682702875/288230376151711744,True,50,4,-1.8497318989043727,-1.8075398626892103,0.5318536160864065,0.5698219277695662,-1.8497318989043716,-1.8075398626892114,0.5318536160864074,0.5698219277695653,-1.8552179640432975,-1.807535192018444,0.5254944587335006,0.5707701625624597,-1.8552179640432946,-1.8075351920184466,0.5254944587335025,0.5707701625624578
451,4.5,4.51,0.01,0x1.47ae147ae147bp-7,0x1.20a3d70a3d70ap+2,1297036692682702875/288230376151711744,2599837992888439985/576460752303423488,True,51,4,-1.8443751231079715,-1.8018263392715534,0.5374533382088751,0.5749037571170699,-1.8443751231079701,-1.8018263392715548,0.5374533382088759,0.5749037571170691,-1.8499148345042764,-1.8018217776466119,0.5311867527665384,0.5758295343335716,-1.849914834504273,-1.8018217776466152,0.5311867527665404,0.5758295343335698
452,4.51,4.5200000000000005,0.01,0x1.47ae147ae147bp-7,0x1.2147ae147ae15p+2,2599837992888439985/576460752303423488,651400650102868555/144115188075855872,True,52,4,-1.8389633984035025,-1.7960616166745278,0.5429727645212574,0.5799335642867326,-1.838963398403501,-1.7960616166745291,0.5429727645212583,0.5799335642867317,-1.8445560792401037,-1.7960571596541215,0.5367938865786523,0.5808377928400046,-1.8445560792401003,-1.7960571596541248,0.5367938865786546,0.5808377928400025
453,4.5200000000000005,4.53,0.01,0x1.47ae147ae147bp-7,0x1.21eb851eb851fp+2,651400650102868555/144115188075855872,2611367207934508455/576460752303423488,True,53,4,-1.833497490223669,-1.7902462141446245,0.5484161788707267,0.5849147236528897,-1.8334974902236676,-1.7902462141446258,0.5484161788707276,0.5849147236528889,-1.8391425024144765,-1.7902418574752785,0.5423203088071441,0.5857982740408775,-1.8391425024144734,-1.7902418574752816,0.5423203088071461,0.5857982740408756
454,4.53,4.54,0.01,0x1.47ae147ae147bp-7,0x1.228f5c28f5c29p+2,2611367207934508455/576460752303423488,1308565907728771345/288230376151711744,True,54,4,-1.8279781224596143,-1.7843806171087628,0.5537877256535565,0.5898505064447912,-1.827978122459613,-1.7843806171087642,0.5537877256535573,0.5898505064447904,-1.8336748654178545,-1.7843763567182571,0.5477703222233781,0.5907142120878163,-1.833674865417851,-1.7843763567182604,0.5477703222233802,0.5907142120878144
455,4.54,4.55,0.01,0x1.47ae147ae147bp-7,0x1.2333333333333p+2,1308565907728771345/288230376151711744,2622896422980576925/576460752303423488,True,55,4,-1.8224059788106814,-1.7784652782009374,0.5590914154931413,0.5947440849282142,-1.8224059788106803,-1.7784652782009385,0.5590914154931422,0.5947440849282133,-1.828153888267031,-1.7784611101919685,0.5531480896032162,0.5955887434617967,-1.8281538882670278,-1.7784611101919714,0.5531480896032184,0.5955887434617944
456,4.55,4.5600000000000005,0.01,0x1.47ae147ae147bp-7,0x1.23d70a3d70a3ep+2,2622896422980576925/576460752303423488,328582628812951395/72057594037927936,True,56,4,-1.8167817040832321,-1.772500618242669,0.5643311304532804,0.5995985367599518,-1.8167817040832306,-1.7725006182426706,0.5643311304532813,0.5995985367599509,-1.82258025095237,-1.772496538886663,0.5584576391169477,0.6004249112969153,-1.8225802509523672,-1.7724965388866658,0.55845763911695,0.600424911296913
457,4.5600000000000005,4.57,0.01,0x1.47ae147ae147bp-7,0x1.247ae147ae148p+2,328582628812951395/72057594037927936,2634425638026645395/576460752303423488,True,57,4,-1.8111059054374126,-1.7664870271812807,0.5695106291957062,0.6044168491103026,-1.8111059054374112,-1.766487027181282,0.5695106291957069,0.6044168491103019,-1.8169545947315113,-1.766483032912381,0.5637028696666083,0.6052256694669644,-1.816954594731508,-1.7664830329123842,0.5637028696666104,0.6052256694669624
458,4.57,4.58,0.01,0x1.47ae147ae147bp-7,0x1.251eb851eb852p+2,2634425638026645395/576460752303423488,1320095122774839815/288230376151711744,True,58,4,-1.8053791535838422,-1.760424864986863,0.5746335518719419,0.6092019227681684,-1.805379153583841,-1.760424864986864,0.5746335518719426,0.6092019227681676,-1.811277523371593,-1.760420952396078,0.568887555950486,0.6099938866594107,-1.81127752337159,-1.7604209523960808,0.5688875559504879,0.6099938866594087
459,4.58,4.59,0.01,0x1.47ae147ae147bp-7,0x1.25c28f5c28f5cp+2,1320095122774839815/288230376151711744,2645954853072713865/576460752303423488,True,59,4,-1.799601984009406,-1.7543144624315645,0.5797034251150873,0.6139565758683312,-1.7996019840094046,-1.7543144624315659,0.5797034251150882,0.6139565758683304,-1.8055496044191248,-1.75431062826112,0.574015353636572,0.6147323500599401,-1.8055496044191215,-1.754310628261123,0.574015353636574,0.6147323500599382
460,4.59,4.6000000000000005,0.01,0x1.47ae147ae147bp-7,0x1.2666666666667p+2,2645954853072713865/576460752303423488,662929865148937025/144115188075855872,True,60,4,-1.7937748978289916,-1.7481561221571111,0.584723666675025,0.6186835477031408,-1.7937748978289902,-1.7481561221571125,0.5847236666750257,0.61868354770314,-1.799771370094473,-1.7481523632949676,0.5790898041669489,0.6194437691310892,-1.7997713700944702,-1.7481523632949705,0.5790898041669509,0.6194437691310871
461,4.6000000000000005,4.61,0.01,0x1.47ae147ae147bp-7,0x1.270a3d70a3d71p+2,662929865148937025/144115188075855872,2657484068118782335/576460752303423488,True,61,4,-1.7878983628931997,-1.741950119403223,0.5896975898936763,0.62338550242778,-1.7878983628931986,-1.741950119403224,0.589697589893677,0.6233855024277793,-1.7939433184409765,-1.741946432877753,0.5841143393987854,0.6241307792849189,-1.7939433184409734,-1.7419464328777559,0.5841143393987873,0.6241307792849172
462,4.61,4.62,0.01,0x1.47ae147ae147bp-7,0x1.27ae147ae147bp+2,2657484068118782335/576460752303423488,1331624337820908285/288230376151711744,True,62,4,-1.781972815308391,-1.7356967022431915,0.5946284082764826,0.6280650324091472,-1.7819728153083896,-1.7356967022431926,0.5946284082764834,0.6280650324091465,-1.7880659148850309,-1.7356930852180705,0.5890922863488914,0.6287959451888377,-1.7880659148850275,-1.7356930852180734,0.5890922863488934,0.6287959451888356
463,4.62,4.63,0.01,0x1.47ae147ae147bp-7,0x1.2851eb851eb85p+2,1331624337820908285/288230376151711744,2669013283164850805/576460752303423488,True,63,4,-1.7759986599932625,-1.7293960927049976,0.5995192386457492,0.6327246627395664,-1.7759986599932611,-1.729396092704999,0.59951923864575,0.6327246627395656,-1.7821395928316968,-1.7293925424740275,0.5940268704611585,0.6334417652919911,-1.7821395928316939,-1.7293925424740302,0.5940268704611605,0.633441765291989
464,4.63,4.64,0.01,0x1.47ae147ae147bp-7,0x1.28f5c28f5c28fp+2,2669013283164850805/576460752303423488,167173618167992815/36028797018963968,True,64,4,-1.7699762712360922,-1.7230484878163317,0.6043731050226396,0.6373668547749562,-1.7699762712360911,-1.7230484878163328,0.6043731050226404,0.6373668547749555,-1.7761647542595318,-1.7230450017983934,0.5989212196385575,0.6380706753368682,-1.776164754259529,-1.7230450017983965,0.5989212196385595,0.6380706753368663
465,4.64,4.65,0.01,0x1.47ae147ae147bp-7,0x1.299999999999ap+2,167173618167992815/36028797018963968,2680542498210919275/576460752303423488,True,65,4,-1.7639059942580748,-1.7166540595705306,0.6091929468139697,0.641994005127797,-1.763905994258074,-1.7166540595705317,0.6091929468139707,0.641994005127796,-1.7701417713193572,-1.7166506353055995,0.603778372762935,0.6426850471393067,-1.7701417713193546,-1.7166506353056024,0.6037783727629371,0.6426850471393045
466,4.65,4.66,0.01,0x1.47ae147ae147bp-7,0x1.2a3d70a3d70a4p+2,2680542498210919275/576460752303423488,1343153552866976755/288230376151711744,True,66,4,-1.7577881850501744,-1.7102129165484137,0.613977708685241,0.6466123627586929,-1.757788185050173,-1.7102129165484152,0.6139777086852418,0.6466123627586922,-1.7640710270157458,-1.7102095508842594,0.6085972076339433,0.6472912677307475,-1.7640710270157427,-1.710209550884263,0.6085972076339456,0.6472912677307453
467,4.66,4.67,0.01,0x1.47ae147ae147bp-7,0x1.2ae147ae147aep+2,1343153552866976755/288230376151711744,2692071713256987745/576460752303423488,True,67,4,-1.751623175754322,-1.7037251399273512,0.6187258816785751,0.6512284945624057,-1.7516231757543206,-1.7037251399273523,0.6187258816785759,0.651228494562405,-1.7579528798543025,-1.7037218289743141,0.6133761359908682,0.6518960511534863,-1.7579528798542996,-1.7037218289743172,0.6133761359908706,0.6518960511534839
468,4.67,4.68,0.01,0x1.47ae147ae147bp-7,0x1.2b851eb851eb8p+2,2692071713256987745/576460752303423488,674459080195005495/144115188075855872,True,68,4,-1.7454111429769303,-1.6971909164917895,0.6234486180869584,0.655836176936719,-1.745411142976929,-1.6971909164917909,0.6234486180869593,0.6558361769367181,-1.7517875295316132,-1.6971876582341803,0.6181267504457465,0.6564927980802844,-1.7517875295316103,-1.6971876582341832,0.6181267504457487,0.6564927980802822
469,4.68,4.69,0.01,0x1.47ae147ae147bp-7,0x1.2c28f5c28f5c3p+2,674459080195005495/144115188075855872,2703600928303056215/576460752303423488,True,69,4,-1.739152337697061,-1.690610309985641,0.6281470317597965,0.6604391018682162,-1.73915233769706,-1.6906103099856422,0.6281470317597974,0.6604391018682152,-1.745575251560541,-1.690607102207979,0.6228501867725205,0.6610852400226718,-1.745575251560538,-1.6906071022079816,0.6228501867725226,0.6610852400226696
470,4.69,4.7,0.01,0x1.47ae147ae147bp-7,0x1.2cccccccccccdp+2,2703600928303056215/576460752303423488,1354682767913045225/288230376151711744,True,70,4,-1.7328471198400268,-1.6839832277371138,0.6328088429850195,0.665054238147245,-1.7328471198400255,-1.683983227737115,0.6328088429850202,0.6650542381472444,-1.7393164324249668,-1.683980065400161,0.6275336587076765,0.6656909107300251,-1.739316432424964,-1.683980065400164,0.6275336587076784,0.6656909107300232
471,4.7,4.71,0.01,0x1.47ae147ae147bp-7,0x1.2d70a3d70a3d7p+2,1354682767913045225/288230376151711744,2715130143349124685/576460752303423488,True,71,4,-1.7264956317881723,-1.6773097482860928,0.6374408059224546,0.6696794096767115,-1.726495631788171,-1.677309748286094,0.6374408059224553,0.6696794096767107,-1.7330112366318364,-1.6773066273915394,0.6321841847469963,0.6703074252341736,-1.7330112366318333,-1.677306627391542,0.6321841847469983,0.6703074252341716
472,4.71,4.72,0.01,0x1.47ae147ae147bp-7,0x1.2e147ae147ae1p+2,2715130143349124685/576460752303423488,340111843859019865/72057594037927936,True,72,4,-1.7200979090964643,-1.6705900117493617,0.6420577838579113,0.674304225961549,-1.7200979090964634,-1.6705900117493628,0.6420577838579123,0.674304225961548,-1.7266597197846945,-1.6705869308755137,0.6368171971610772,0.674923876673202,-1.7266597197846918,-1.6705869308755166,0.6368171971610792,0.6749238766732
473,4.72,4.73,0.01,0x1.47ae147ae147bp-7,0x1.2eb851eb851ecp+2,340111843859019865/72057594037927936,2726659358395193155/576460752303423488,True,73,4,-1.7136540892647727,-1.663824012073241,0.6466621119132103,0.6789307249980235,-1.7136540892647716,-1.6638240120732422,0.6466621119132111,0.6789307249980226,-1.7202620414161562,-1.6638209698785205,0.6414350973977634,0.6795422865807392,-1.7202620414161534,-1.6638209698785231,0.6414350973977655,0.679542286580737
474,4.73,4.74,0.01,0x1.47ae147ae147bp-7,0x1.2f5c28f5c28f6p+2,2726659358395193155/576460752303423488,1366211982959113695/288230376151711744,True,74,4,-1.7071642873806028,-1.6570117223611618,0.6512560655275428,0.6835609100679685,-1.7071642873806017,-1.657011722361163,0.6512560655275436,0.6835609100679677,-1.7138183381647383,-1.657008717580609,0.6460402238423731,0.6841646424903853,-1.7138183381647354,-1.6570087175806114,0.6460402238423755,0.684164642490383
475,4.74,4.75,0.01,0x1.47ae147ae147bp-7,0x1.3000000000000p+2,1366211982959113695/288230376151711744,2738188573441261625/576460752303423488,True,75,4,-1.7006285956796283,-1.6501530962311555,0.6558418731213536,0.6881967422345361,-1.700628595679627,-1.6501530962311568,0.6558418731213543,0.6881967422345353,-1.7073287233596184,-1.650150127674926,0.6506348649676398,0.6887928900311798,-1.7073287233596153,-1.6501501276749289,0.6506348649676417,0.6887928900311778
476,4.75,4.76,0.01,0x1.47ae147ae147bp-7,0x1.30a3d70a3d70ap+2,2738188573441261625/576460752303423488,685988295241073965/144115188075855872,True,76,4,-1.6940470843853426,-1.6432480678434607,0.6604217126598427,0.692840148772912,-1.6940470843853412,-1.6432480678434618,0.6604217126598436,0.6928401487729112,-1.7007932892318238,-1.6432451330491655,0.6552208522410131,0.6934293450970821,-1.700793289231821,-1.6432451330491682,0.6552208522410153,0.69342934509708
477,4.76,4.7700000000000005,0.01,0x1.47ae147ae147bp-7,0x1.3147ae147ae15p+2,685988295241073965/144115188075855872,2749717788487330095/576460752303423488,True,77,4,-1.6874198022582827,-1.6362965521694113,0.6649977125744838,0.6974930270842391,-1.6874198022582816,-1.6362965521694126,0.6649977125744848,0.6974930270842381,-1.694212105462506,-1.636293648079981,0.6598001688031638,0.6980760900833193,-1.6942121054625028,-1.6362936480799841,0.659800168803166,0.6980760900833171
478,4.7700000000000005,4.78,0.01,0x1.47ae147ae147bp-7,0x1.31eb851eb851fp+2,2749717788487330095/576460752303423488,1377741198005182165/288230376151711744,True,78,4,-1.6807467769986746,-1.6292984453593196,0.6695719563178871,0.7021572448235442,-1.6807467769986733,-1.629298445359321,0.6695719563178879,0.7021572448235435,-1.6875852175533406,-1.629295571056905,0.6643755708606964,0.7027343572527915,-1.6875852175533377,-1.629295571056908,0.6643755708606984,0.7027343572527897
479,4.78,4.79,0.01,0x1.47ae147ae147bp-7,0x1.328f5c28f5c29p+2,1377741198005182165/288230376151711744,2761247003533398565/576460752303423488,True,79,4,-1.6740280157074876,-1.622253625005857,0.6741464848598054,0.7068346419398781,-1.6740280157074865,-1.6222536250058583,0.6741464848598061,0.7068346419398773,-1.6809126521222482,-1.6222507796341092,0.6689491467598567,0.7074059742718263,-1.6809126521222453,-1.6222507796341123,0.6689491467598586,0.7074059742718245
480,4.79,4.8,0.01,0x1.47ae147ae147bp-7,0x1.3333333333333p+2,2761247003533398565/576460752303423488,86469112845513525/18014398509481984,True,80,4,-1.6672635052818505,-1.6151619504284227,0.6787232989736415,0.7115270327852045,-1.6672635052818492,-1.615161950428424,0.6787232989736424,0.7115270327852035,-1.6741944152453887,-1.6151591331905222,0.6735229420584429,0.7120927436040432,-1.6741944152453858,-1.615159133190525,0.6735229420584449,0.7120927436040412
481,4.8,4.8100000000000005,0.01,0x1.47ae147ae147bp-7,0x1.33d70a3d70a3ep+2,86469112845513525/18014398509481984,2772776218579467035/576460752303423488,True,81,4,-1.6604532128096967,-1.6080232629150057,0.6833043618116966,0.716236207799499,-1.6604532128096952,-1.608023262915007,0.6833043618116975,0.7162362077994981,-1.6674304928733048,-1.60802047307183,0.6780989621971378,0.716796444166888,-1.667430492873302,-1.6080204730718328,0.6780989621971399,0.7167964441668859
482,4.8100000000000005,4.82,0.01,0x1.47ae147ae147bp-7,0x1.347ae147ae148p+2,2772776218579467035/576460752303423488,1389270413051250635/288230376151711744,True,82,4,-1.6535970878118005,-1.60083738407471,0.68789141359094,0.720964122956679,-1.6535970878117994,-1.6008373840747112,0.6878914135909409,0.7209641229566781,-1.660620853125669,-1.6008346209112647,0.6826789808943312,0.7215190271332415,-1.6606208531256665,-1.6008346209112672,0.6826789808943332,0.7215190271332395
483,4.82,4.83,0.01,0x1.47ae147ae147bp-7,0x1.351eb851eb852p+2,1389270413051250635/288230376151711744,2784305433625535505/576460752303423488,True,83,4,-1.6466950571099719,-1.5936041215234251,0.6924865207483443,0.7257123546137098,-1.6466950571099708,-1.5936041215234262,0.692486520748345,0.7257123546137089,-1.6537654410859801,-1.5936013844091188,0.6872651081557333,0.7262620519882784,-1.6537654410859772,-1.593601384409122,0.6872651081557353,0.7262620519882764
484,4.83,4.84,0.01,0x1.47ae147ae147bp-7,0x1.35c28f5c28f5cp+2,2784305433625535505/576460752303423488,697517510287142435/144115188075855872,True,84,4,-1.6397470302554802,-1.5863232639698104,0.6970915663677058,0.7304826129740197,-1.639747030255479,-1.5863232639698115,0.6970915663677065,0.7304826129740188,-1.6468641843382972,-1.5863205523301525,0.6918592630228317,0.731027217730651,-1.6468641843382943,-1.5863205523301551,0.6918592630228336,0.731027217730649
485,4.84,4.8500000000000005,0.01,0x1.47ae147ae147bp-7,0x1.3666666666667p+2,697517510287142435/144115188075855872,2795834648671603975/576460752303423488,True,85,4,-1.632752900234932,-1.5789945809855093,0.7017082167612964,0.7352767792802729,-1.6327529002349306,-1.5789945809855106,0.7017082167612972,0.735276779280272,-1.6399169936961557,-1.5789918942699237,0.6964631394338368,0.7358164008428261,-1.6399169936961526,-1.5789918942699268,0.6964631394338389,0.735816400842824
486,4.8500000000000005,4.86,0.01,0x1.47ae147ae147bp-7,0x1.370a3d70a3d71p+2,2795834648671603975/576460752303423488,1400799628097319105/288230376151711744,True,86,4,-1.6257125413598073,-1.5716178255545128,0.7063381574175276,0.7400966735311981,-1.625712541359806,-1.571617825554514,0.7063381574175284,0.7400966735311973,-1.632923761070899,-1.5716151632439546,0.7010784501959539,0.7406314150377024,-1.632923761070896,-1.5716151632439577,0.7010784501959562,0.7406314150377001
487,4.86,4.87,0.01,0x1.47ae147ae147bp-7,0x1.37ae147ae147bp+2,1400799628097319105/288230376151711744,2807363863717672445/576460752303423488,True,87,4,-1.6186258057975411,-1.564192737944838,0.7109834664562522,0.7449436845861316,-1.61862580579754,-1.5641927379448393,0.710983466456253,0.7449436845861308,-1.6258843559626448,-1.5641900996175908,0.7057073121441308,0.7454736297117189,-1.6258843559626415,-1.5641900996175941,0.7057073121441328,0.7454736297117169
488,4.87,4.88,0.01,0x1.47ae147ae147bp-7,0x1.3851eb851eb85p+2,2807363863717672445/576460752303423488,351641058905088335/72057594037927936,True,88,4,-1.6114925310057864,-1.5567190386419292,0.7156459022109104,0.7498194860480092,-1.6114925310057848,-1.5567190386419307,0.7156459022109113,0.7498194860480084,-1.618798633028046,-1.5567164239234608,0.7103515105545184,0.750344709046243,-1.6187986330280428,-1.556716423923464,0.7103515105545205,0.7503447090462408
489,4.88,4.89,0.01,0x1.47ae147ae147bp-7,0x1.38f5c28f5c28fp+2,351641058905088335/72057594037927936,2818893078763740915/576460752303423488,True,89,4,-1.6043125369665385,-1.5491964314480369,0.7203272016379688,0.7547257412197094,-1.6043125369665372,-1.5491964314480382,0.7203272016379696,0.7547257412197085,-1.6116664292824834,-1.549193840009859,0.715012807415263,0.7552463071500453,-1.6116664292824805,-1.5491938400098622,0.7150128074152651,0.7552463071500432
490,4.89,4.9,0.01,0x1.47ae147ae147bp-7,0x1.399999999999ap+2,2818893078763740915/576460752303423488,1412328843143387575/288230376151711744,True,90,4,-1.5970856263929372,-1.5416246035757144,0.725029082121588,0.7596641045757585,-1.5970856263929358,-1.5416246035757157,0.7250290821215889,0.7596641045757576,-1.6044875643233922,-1.5416220351343257,0.7196929432923933,0.76018006951513,-1.6044875643233891,-1.5416220351343284,0.7196929432923954,0.7601800695151278
491,4.9,4.91,0.01,0x1.47ae147ae147bp-7,0x1.3a3d70a3d70a4p+2,1412328843143387575/288230376151711744,2830422293809809385/576460752303423488,True,91,4,-1.5898115849090433,-1.534003225736004,0.7297532431731794,0.7646362232525822,-1.589811584909042,-1.534003225736005,0.7297532431731801,0.7646362232525814,-1.5972618405261367,-1.5340006800518993,0.7243936390863384,0.7651476344933086,-1.5972618405261334,-1.5340006800519022,0.7243936390863402,0.7651476344933067
492,4.91,4.92,0.01,0x1.47ae147ae147bp-7,0x1.3ae147ae147aep+2,2830422293809809385/576460752303423488,709046725333210905/144115188075855872,True,92,4,-1.5824901812274976,-1.5263319521972667,0.7345013681937536,0.7696437383933572,-1.5824901812274965,-1.5263319521972678,0.7345013681937544,0.7696437383933564,-1.589989043237325,-1.5263294290740295,0.7291165978521001,0.7701506346245252,-1.5899890432373218,-1.5263294290740328,0.7291165978521023,0.770150634624523
493,4.92,4.93,0.01,0x1.47ae147ae147bp-7,0x1.3b851eb851eb8p+2,709046725333210905/144115188075855872,2841951508855877855/576460752303423488,True,93,4,-1.575121167302,-1.518610420838514,0.7392751258488571,0.7746882868014892,-1.5751211673019991,-1.5186104208385152,0.7392751258488579,0.7746882868014883,-1.5826689409425965,-1.5186079201219393,0.7338635062196004,0.7751906982843187,-1.5826689409425934,-1.5186079201219422,0.7338635062196026,0.7751906982843166
494,4.93,4.94,0.01,0x1.47ae147ae147bp-7,0x1.3c28f5c28f5c3p+2,2841951508855877855/576460752303423488,1423858058189456045/288230376151711744,True,94,4,-1.5677042785137856,-1.5108382531388291,0.7440761717940478,0.7797715021683861,-1.5677042785137845,-1.5108382531388302,0.7440761717940486,0.7797715021683853,-1.5753012854679664,-1.510835774716134,0.7386360361741983,0.7802694508941229,-1.5753012854679638,-1.5108357747161367,0.7386360361742002,0.7802694508941209
495,4.94,4.95,0.01,0x1.47ae147ae147bp-7,0x1.3cccccccccccdp+2,1423858058189456045/288230376151711744,2853480723901946325/576460752303423488,True,95,4,-1.5602392337048054,-1.5030150542909195,0.7489061505332509,0.7848950160967599,-1.5602392337048043,-1.5030150542909206,0.7489061505332518,0.784895016096759,-1.5678858120274832,-1.5030125980900595,0.7434358469723501,0.7853885159230847,-1.5678858120274806,-1.503012598090062,0.743435846972352,0.7853885159230828
496,4.95,4.96,0.01,0x1.47ae147ae147bp-7,0x1.3d70a3d70a3d7p+2,2853480723901946325/576460752303423488,178702833214061285/36028797018963968,True,96,4,-1.5527257353092125,-1.495140413187887,0.7537666967535095,0.7900604595791876,-1.5527257353092112,-1.4951404131878883,0.7537666967535103,0.7900604595791867,-1.5604222393689156,-1.4951379791769102,0.7482645865175117,0.7905495163596242,-1.5604222393689124,-1.4951379791769133,0.7482645865175138,0.7905495163596222
497,4.96,4.97,0.01,0x1.47ae147ae147bp-7,0x1.3e147ae147ae1p+2,178702833214061285/36028797018963968,2865009938948014795/576460752303423488,True,97,4,-1.5451634692487881,-1.4872139026182527,0.7586594367412012,0.7952694643301811,-1.5451634692487868,-1.4872139026182538,0.7586594367412021,0.7952694643301801,-1.5529102696830293,-1.487211490804705,0.7531238928191797,0.7957540760332376,-1.5529102696830261,-1.487211490804708,0.7531238928191819,0.7957540760332353
498,4.97,4.98,0.01,0x1.47ae147ae147bp-7,0x1.3eb851eb851ecp+2,2865009938948014795/576460752303423488,1435387273235524515/288230376151711744,True,98,4,-1.5375521055792571,-1.4792350786829243,0.7635859898143502,0.8005236640397457,-1.5375521055792558,-1.4792350786829256,0.7635859898143511,0.8005236640397448,-1.5453495892634326,-1.47923268911331,0.758015395467829,0.8010038208564686,-1.5453495892634297,-1.4792326891133132,0.7580153954678313,0.8010038208564666
499,4.98,4.99,0.01,0x1.47ae147ae147bp-7,0x1.3f5c28f5c28f6p+2,1435387273235524515/288230376151711744,2876539153994083265/576460752303423488,True,99,4,-1.5298912980369939,-1.4712034812852053,0.768547969728637,0.8058246955944968,-1.5298912980369925,-1.4712034812852066,0.7685479697286377,0.8058246955944961,-1.5377398680665058,-1.471201114044508,0.7629407170772237,0.806300380039329,-1.5377398680665026,-1.471201114044511,0.7629407170772255,0.8063003800393271
500,4.99,5.0,0.01,0x1.47ae147ae147bp-7,0x1.4000000000000p+2,2876539153994083265/576460752303423488,720575940379279375/144115188075855872,True,0,5,-1.5221806842415788,-1.463118633938969,0.7735469860483942,0.8111742002770195,-1.5221806842415775,-1.4631186339389703,0.7735469860483949,0.8111742002770187,-1.530080759926896,-1.463116289150224,0.7679014746602092,0.8116453873120993,-1.530080759926893,-1.4631162891502272,0.7679014746602112,0.8116453873120972
501,5.0,5.01,0.01,0x1.47ae147ae147bp-7,0x1.40a3d70a3d70ap+2,720575940379279375/144115188075855872,2888068369040151735/576460752303423488,True,1,5,-1.5144198857316504,-1.454980043718107,0.778584645415713,0.8165738250132766,-1.5144198857316493,-1.4549800437181082,0.7785846454157139,0.8165738250132757,-1.5223719026060418,-1.4549777215420197,0.7728992810648365,0.8170404820326719,-1.522371902606039,-1.4549777215420228,0.7728992810648384,0.81704048203267
502,5.01,5.0200000000000005,0.01,0x1.47ae147ae147bp-7,0x1.4147ae147ae15p+2,2888068369040151735/576460752303423488,1446916488281592985/288230376151711744,True,2,5,-1.5066085056844776,-1.4467872034973428,0.7836627052297795,0.8220250711579518,-1.5066085056844765,-1.4467872034973441,0.7836627052297804,0.8220250711579509,-1.5146129155055947,-1.4467849041505103,0.7779359022642118,0.8224871543871242,-1.514612915505592,-1.4467849041505132,0.7779359022642142,0.8224871543871218
503,5.0200000000000005,5.03,0.01,0x1.47ae147ae147bp-7,0x1.41eb851eb851fp+2,1446916488281592985/288230376151711744,2899597584086220205/576460752303423488,True,3,5,-1.4987461366143342,-1.4385395841898547,0.788782464607905,0.8275299059512942,-1.498746136614333,-1.4385395841898558,0.7887824646079058,0.8275299059512934,-1.5068034074526264,-1.438537307888359,0.7830126334437181,0.8279873717449849,-1.506803407452623,-1.4385373078883619,0.7830126334437201,0.8279873717449828
504,5.03,5.04,0.01,0x1.47ae147ae147bp-7,0x1.428f5c28f5c29p+2,2899597584086220205/576460752303423488,363170273951156805/72057594037927936,True,4,5,-1.4908323511225738,-1.4302366439092542,0.7939456831475759,0.8330898461215294,-1.4908323511225725,-1.4302366439092555,0.7939456831475766,0.8330898461215285,-1.4989429673487915,-1.4302343909251258,0.7881312403928404,0.8335426396554266,-1.4989429673487886,-1.430234390925129,0.7881312403928424,0.8335426396554245
505,5.04,5.05,0.01,0x1.47ae147ae147bp-7,0x1.4333333333333p+2,363170273951156805/72057594037927936,2911126799132288675/576460752303423488,True,5,5,-1.4828667065107044,-1.4218778232451226,0.7991539689759326,0.838706572162397,-1.4828667065107033,-1.421877823245124,0.7991539689759334,0.8387065721623961,-1.4910311688708644,-1.4218755938870735,0.7932933324101222,0.839154631291908,-1.4910311688708613,-1.4218755938870768,0.7932933324101243,0.8391546312919057
506,5.05,5.0600000000000005,0.01,0x1.47ae147ae147bp-7,0x1.43d70a3d70a3ep+2,2911126799132288675/576460752303423488,1458445703327661455/288230376151711744,True,6,5,-1.4748487439798752,-1.41346254592911,0.8044089337800372,0.8443817755819483,-1.4748487439798739,-1.413462545929111,0.8044089337800381,0.8443817755819475,-1.4830675696625824,-1.413460340542418,0.798500521189981,0.8448250308661087,-1.4830675696625795,-1.4134603405424206,0.7985005211899829,0.8448250308661067
507,5.0600000000000005,5.07,0.01,0x1.47ae147ae147bp-7,0x1.447ae147ae148p+2,1458445703327661455/288230376151711744,2922656014178357145/576460752303423488,True,7,5,-1.4667779885924053,-1.4049902187163956,0.8097121936783629,0.8501171602694365,-1.4667779885924042,-1.4049902187163967,0.8097121936783638,0.8501171602694357,-1.4750517113074693,-1.404988037682794,0.8037544217166526,0.8505555349932332,-1.4750517113074664,-1.404988037682797,0.8037544217166545,0.8505555349932314
508,5.07,5.08,0.01,0x1.47ae147ae147bp-7,0x1.451eb851eb852p+2,2922656014178357145/576460752303423488,732105155425347845/144115188075855872,True,8,5,-1.458653949218992,-1.3964602312584864,0.8150653706410236,0.8559144433542792,-1.458653949218991,-1.3964602312584875,0.8150653706410242,0.8559144433542785,-1.4669831192870546,-1.3964580749961282,0.8090566537190459,0.8563478535364817,-1.4669831192870517,-1.3964580749961313,0.8090566537190479,0.8563478535364796
509,5.08,5.09,0.01,0x1.47ae147ae147bp-7,0x1.45c28f5c28f5cp+2,732105155425347845/144115188075855872,2934185229224425615/576460752303423488,True,9,5,-1.4504761184751425,-1.3878719559673471,0.8204700935564737,0.8617753561442525,-1.4504761184751416,-1.3878719559673482,0.8204700935564746,0.8617753561442516,-1.458861302928172,-1.3878698249308012,0.8144088427633581,0.8622037105388142,-1.458861302928169,-1.3878698249308044,0.8144088427633602,0.862203710538812
510,5.09,5.1000000000000005,0.01,0x1.47ae147ae147bp-7,0x1.4666666666667p+2,2934185229224425615/576460752303423488,1469974918373729925/288230376151711744,True,10,5,-1.442243972646306,-1.3792247478680744,0.8259279993516924,0.8677016451082027,-1.4422439726463046,-1.379224747868076,0.8259279993516933,0.8677016451082017,-1.4506857553387502,-1.379222642548362,0.819812621400086,0.8681248451977452,-1.4506857553387473,-1.379222642548365,0.8198126214000881,0.8681248451977432
511,5.1000000000000005,5.11,0.01,0x1.47ae147ae147bp-7,0x1.470a3d70a3d71p+2,1469974918373729925/288230376151711744,2945714444270494085/576460752303423488,True,11,5,-1.4339569716019112,-1.3705179444396924,0.8314407340912529,0.8736950730369671,-1.4339569716019096,-1.3705179444396938,0.8314407340912536,0.8736950730369663,-1.4424559533323307,-1.3705158653643599,0.8252696302891802,0.8741130130186211,-1.4424559533323276,-1.3705158653643632,0.8252696302891824,0.8741130130186189
512,5.11,5.12,0.01,0x1.47ae147ae147bp-7,0x1.47ae147ae147bp+2,2945714444270494085/576460752303423488,5764607523034235/1125899906842624,True,12,5,-1.4256145586998263,-1.3617508654474633,0.8370099539268437,0.8797574200581505,-1.4256145586998252,-1.3617508654474644,0.8370099539268445,0.8797574200581496,-1.4341713573428285,-1.3617488131806836,0.830781519172379,0.880169986824624,-1.4341713573428256,-1.3617488131806865,0.8307815191723812,0.8801699868246218
513,5.12,5.13,0.01,0x1.47ae147ae147bp-7,0x1.4851eb851eb85p+2,5764607523034235/1125899906842624,2957243659316562555/576460752303423488,True,13,5,-1.4172161605856881,-1.3529228128589244,0.8426373266683057,0.8858904841029744,-1.4172161605856868,-1.3529228128589257,0.8426373266683065,0.8858904841029737,-1.4258314112339363,-1.3529207880016796,0.8363499484790583,0.8862975572065561,-1.425831411233933,-1.3529207880016827,0.8363499484790603,0.886297557206554
514,5.13,5.14,0.01,0x1.47ae147ae147bp-7,0x1.48f5c28f5c28fp+2,2957243659316562555/576460752303423488,1481504133419798395/288230376151711744,True,14,5,-1.4087611873440036,-1.3440330703865795,0.8483245321097477,0.8920960827449856,-1.408761187344002,-1.3440330703865808,0.8483245321097486,0.8920960827449848,-1.4174355424602363,-1.3440310735768102,0.841976589662504,0.892497534368932,-1.4174355424602332,-1.344031073576813,0.841976589662506,0.8924975343689299
515,5.14,5.15,0.01,0x1.47ae147ae147bp-7,0x1.499999999999ap+2,1481504133419798395/288230376151711744,2968772874362631025/576460752303423488,True,15,5,-1.4002490321051342,-1.3350809035640068,0.854073263477269,0.8983760529920333,-1.400249032105133,-1.3350809035640079,0.8540732634772699,0.8983760529920325,-1.4089831616839146,-1.3350789354768329,0.8476631266798658,0.8987717479071603,-1.4089831616839115,-1.335078935476836,0.8476631266798677,0.8987717479071583
516,5.15,5.16,0.01,0x1.47ae147ae147bp-7,0x1.4a3d70a3d70a4p+2,2968772874362631025/576460752303423488,743634370471416315/144115188075855872,True,16,5,-1.391679070993582,-1.3260655594469233,0.8598852283905365,0.9047322529778565,-1.3916790709935807,-1.3260655594469246,0.8598852283905375,0.9047322529778556,-1.400473662732645,-1.3260636207948961,0.8534112569764806,0.905122048493815,-1.4004736627326422,-1.326063620794899,0.8534112569764826,0.905122048493813
517,5.16,5.17,0.01,0x1.47ae147ae147bp-7,0x1.4ae147ae147aep+2,743634370471416315/144115188075855872,2980302089408699495/576460752303423488,True,17,5,-1.3830506629793162,-1.316986266402298,0.8657621498246845,0.9111665626188935,-1.383050662979315,-1.316986266402299,0.8657621498246854,0.9111665626188926,-1.3919064224603475,-1.3169843579356737,0.8592226924705866,0.9115503085301612,-1.3919064224603444,-1.3169843579356766,0.8592226924705886,0.9115503085301591
518,5.17,5.18,0.01,0x1.47ae147ae147bp-7,0x1.4b851eb851eb8p+2,2980302089408699495/576460752303423488,1493033348465866865/288230376151711744,True,18,5,-1.374363149719131,-1.3078422338863318,0.8717057670990428,0.9176808844629586,-1.3743631497191298,-1.3078422338863334,0.8717057670990435,0.9176808844629578,-1.3832808005977884,-1.3078403563933805,0.8650991605656341,0.9180584229889934,-1.3832808005977855,-1.3078403563933836,0.8650991605656361,0.9180584229889913
519,5.18,5.19,0.01,0x1.47ae147ae147bp-7,0x1.4c28f5c28f5c3p+2,1493033348465866865/288230376151711744,2991831304454767965/576460752303423488,True,19,5,-1.3656158553883204,-1.2986326522139342,0.8777178368373324,0.9242771445303093,-1.3656158553883193,-1.2986326522139353,0.8777178368373333,0.9242771445303084,-1.374596139593329,-1.2986308065212706,0.8710424051338507,0.9246483102503985,-1.3745961395933264,-1.298630806521273,0.8710424051338527,0.9246483102503964
520,5.19,5.2,0.01,0x1.47ae147ae147bp-7,0x1.4cccccccccccdp+2,2991831304454767965/576460752303423488,374699488997225275/72057594037927936,True,20,5,-1.3568080865027985,-1.2893566923199096,0.883800133914545,0.9309572931309879,-1.3568080865027972,-1.289356692319911,0.8838001339145459,0.9309572931309871,-1.3658517644439374,-1.2893548792928533,0.8770541874866683,0.9313219129140655,-1.3658517644439345,-1.2893548792928566,0.8770541874866703,0.9313219129140635
521,5.2,5.21,0.01,0x1.47ae147ae147bp-7,0x1.4d70a3d70a3d7p+2,374699488997225275/72057594037927936,3003360519500836435/576460752303423488,True,21,5,-1.3479391317318314,-1.2800135055120923,0.8899544523876695,0.9377233056601366,-1.3479391317318303,-1.2800135055120934,0.8899544523876703,0.9377233056601357,-1.3570469825166185,-1.2800117260550508,0.8831362873292365,0.9380811985898971,-1.3570469825166154,-1.2800117260550539,0.8831362873292385,0.938081198589895
522,5.21,5.22,0.01,0x1.47ae147ae147bp-7,0x1.4e147ae147ae1p+2,3003360519500836435/576460752303423488,1504562563511935335/288230376151711744,True,22,5,-1.339008261701541,-1.270602223216445,0.8961826064099649,0.9445771833885702,-1.3390082617015397,-1.2706022232164462,0.8961826064099659,0.9445771833885693,-1.348181083360434,-1.2706004782733193,0.8892905036988348,0.944928160684232,-1.3481810833604309,-1.2706004782733225,0.8892905036988369,0.9449281606842298
523,5.22,5.23,0.01,0x1.47ae147ae147bp-7,0x1.4eb851eb851ecp+2,1504562563511935335/288230376151711744,3014889734546904905/576460752303423488,True,23,5,-1.3300147287893425,-1.2611219567151615,0.9024864311288546,0.9515209541693154,-1.3300147287893411,-1.2611219567151628,0.9024864311288554,0.9515209541693145,-1.3392533385092482,-1.261120247269772,0.8955186558873796,0.9518648191023998,-1.3392533385092453,-1.261120247269775,0.8955186558873814,0.9518648191023978
524,5.23,5.24,0.01,0x1.47ae147ae147bp-7,0x1.4f5c28f5c28f6p+2,3014889734546904905/576460752303423488,755163585517484785/144115188075855872,True,24,5,-1.3209577669094885,-1.2515717968768851,0.9088677835666386,0.9585566731714398,-1.3209577669094872,-1.2515717968768862,0.9088677835666393,0.9585566731714389,-1.3302630012753753,-1.2515701239534156,0.9018225843473543,0.9588932209789502,-1.330263001275372,-1.2515701239534187,0.9018225843473563,0.9588932209789481
525,5.24,5.25,0.01,0x1.47ae147ae147bp-7,0x1.5000000000000p+2,755163585517484785/144115188075855872,3026418949592973375/576460752303423488,True,25,5,-1.3118365912903793,-1.2419508138792559,0.915328543434764,0.9656864236456538,-1.3118365912903782,-1.2419508138792572,0.915328543434765,0.9656864236456529,-1.3212093065347712,-1.2419491785427137,0.9082041515313857,0.9660154414407063,-1.3212093065347679,-1.2419491785427168,0.9082041515313879,0.9660154414407042
526,5.25,5.26,0.01,0x1.47ae147ae147bp-7,0x1.50a3d70a3d70ap+2,3026418949592973375/576460752303423488,1516091778558003805/288230376151711744,True,26,5,-1.30265039824191,-1.2322580569264454,0.9218706141257473,0.9729123174269569,-1.302650398241909,-1.2322580569264465,0.9218706141257482,0.972912317426956,-1.3120914705020241,-1.232256460283143,0.9146652429129669,0.9732335841046696,-1.3120914705020215,-1.2322564602831456,0.914665242912969,0.9732335841046675
527,5.26,5.2700000000000005,0.01,0x1.47ae147ae147bp-7,0x1.5147ae147ae15p+2,1516091778558003805/288230376151711744,3037948164639041845/576460752303423488,True,27,5,-1.293398364915742,-1.2224925539588902,0.9284959233887037,0.9802364957162012,-1.2933983649157408,-1.2224925539588916,0.9284959233887046,0.9802364957162003,-1.302908690498042,-1.2224909971569293,0.9212077676877364,0.9805497818593696,-1.302908690498039,-1.2224909971569329,0.9212077676877383,0.9805497818593676
528,5.2700000000000005,5.28,0.01,0x1.47ae147ae147bp-7,0x1.51eb851eb851fp+2,3037948164639041845/576460752303423488,190232048260129755/36028797018963968,True,28,5,-1.2840796490572173,-1.212653311356888,0.9352064241889543,0.9876611296234166,-1.284079649057216,-1.2126533113568894,0.935206424188955,0.9876611296234158,-1.2936601447091003,-1.2126517955866598,0.9278336596628386,0.9879661974056222,-1.2936601447090972,-1.212651795586663,0.9278336596628407,0.9879661974056202
529,5.28,5.29,0.01,0x1.47ae147ae147bp-7,0x1.528f5c28f5c29p+2,190232048260129755/36028797018963968,3049477379685110315/576460752303423488,True,29,5,-1.2746933887491034,-1.202739313638805,0.9420040954905536,0.9951884207299002,-1.2746933887491019,-1.2027393136388063,0.9420040954905543,0.9951884207298994,-1.284344991937459,-1.202737840133495,0.9345448780697285,0.9954850238173768,-1.284344991937456,-1.2027378401334976,0.9345448780697306,0.9954850238173747
530,5.29,5.3,0.01,0x1.47ae147ae147bp-7,0x1.5333333333333p+2,3049477379685110315/576460752303423488,1527620993604072275/288230376151711744,True,30,5,-1.2652387021476617,-1.1927495231537237,0.9488909430184663,1.002820601608597,-1.26523870214766,-1.192749523153725,0.9488909430184672,1.0028206016085954,-1.2749623713439948,-1.1927480931898213,0.9413434083581405,1.0031084850613845,-1.2749623713439917,-1.1927480931898247,0.9413434083581427,1.0031084850613807
531,5.3,5.3100000000000005,0.01,0x1.47ae147ae147bp-7,0x1.53d70a3d70a3ep+2,1527620993604072275/288230376151711744,3061006594731178785/576460752303423488,True,31,5,-1.2557146872112046,-1.1826828797691233,0.9558689999971669,1.0105599363013293,-1.2557146872112035,-1.1826828797691247,0.9558689999971679,1.0105599363013276,-1.2655114021830058,-1.1826814946669353,0.948231262968143,1.0108388364743113,-1.2655114021830032,-1.182681494666938,0.948231262968145,1.0108388364743073
532,5.3100000000000005,5.32,0.01,0x1.47ae147ae147bp-7,0x1.547ae147ae148p+2,3061006594731178785/576460752303423488,766692800563553255/144115188075855872,True,32,5,-1.2461204214213915,-1.1725383005540058,0.9629403278637104,1.0184087207498858,-1.2461204214213903,-1.1725383005540067,0.9629403278637114,1.0184087207498844,-1.2559911835294177,-1.1725369616781647,0.9552104820785035,1.0186783651943665,-1.2559911835294146,-1.1725369616781676,0.9552104820785053,1.0186783651943634
533,5.32,5.33,0.01,0x1.47ae147ae147bp-7,0x1.551eb851eb852p+2,766692800563553255/144115188075855872,3072535809777247255/576460752303423488,True,33,5,-1.2364549614975233,-1.162314679457964,0.9701070169536713,1.0263692831771105,-1.236454961497522,-1.1623146794579653,0.9701070169536721,1.0263692831771087,-1.2464007939986095,-1.1623133882179357,0.9622831343299564,1.026629390543615,-1.2464007939986064,-1.1623133882179388,0.9622831343299586,1.0266293905436117
534,5.33,5.34,0.01,0x1.47ae147ae147bp-7,0x1.55c28f5c28f5cp+2,3072535809777247255/576460752303423488,1539150208650140745/288230376151711744,True,34,5,-1.2267173431041174,-1.1520108869867032,0.977371187157994,1.03444398441398,-1.2267173431041163,-1.1520108869867043,0.977371187157995,1.0344439844139783,-1.2367392914591355,-1.1520096448372825,0.969451317521626,1.0346942643570225,-1.2367392914591329,-1.1520096448372852,0.9694513175216282,1.0346942643570185
535,5.34,5.3500000000000005,0.01,0x1.47ae147ae147bp-7,0x1.5666666666667p+2,1539150208650140745/288230376151711744,3084065024823315725/576460752303423488,True,35,5,-1.2169065805523949,-1.141625769874104,0.9847349885159455,1.0426352182152787,-1.2169065805523938,-1.1416257698741052,0.9847349885159464,1.042635218215277,-1.2270057127389244,-1.1416245783158974,0.9767171592457231,1.042875371301168,-1.2270057127389218,-1.1416245783159003,0.9767171592457257,1.0428753713011638
536,5.3500000000000005,5.36,0.01,0x1.47ae147ae147bp-7,0x1.570a3d70a3d71p+2,3084065024823315725/576460752303423488,386228704043293745/72057594037927936,True,36,5,-1.2070216664943239,-1.1311581507535766,0.9922006019413279,1.0509454113135794,-1.2070216664943225,-1.131158150753578,0.9922006019413288,1.0509454113135777,-1.21719907332357,-1.131157011333475,0.9840828176596013,1.0511751289307152,-1.2171990733235667,-1.131157011333478,0.9840828176596039,1.0511751289307107
537,5.36,5.37,0.01,0x1.47ae147ae147bp-7,0x1.57ae147ae147bp+2,386228704043293745/72057594037927936,3095594239869384195/576460752303423488,True,37,5,-1.1970615716141744,-1.1206068278245847,0.999770239453366,1.0593770238493259,-1.1970615716141733,-1.1206068278245855,0.9997702394533671,1.059377023849324,-1.2073183670516534,-1.1206057421362001,0.9915504817616217,1.059595988125677,-1.20731836705165,-1.120605742136203,0.9915504817616245,1.0595959881256725
538,5.37,5.38,0.01,0x1.47ae147ae147bp-7,0x1.5851eb851eb85p+2,3095594239869384195/576460752303423488,1550679423696209215/288230376151711744,True,38,5,-1.187025244309,-1.1099705745229373,1.007446145263105,1.0679325489250402,-1.1870252443089988,-1.1099705745229385,1.0074461452631065,1.0679325489250384,-1.1973625657984202,-1.1099695442070387,0.9991223725328162,1.0681404326466863,-1.1973625657984173,-1.1099695442070419,0.9991223725328187,1.068140432646682
539,5.38,5.39,0.01,0x1.47ae147ae147bp-7,0x1.58f5c28f5c28fp+2,1550679423696209215/288230376151711744,3107123454915452665/576460752303423488,True,39,5,-1.176911610370367,-1.0992481391854683,1.0152305956272267,1.0766145131860316,-1.1769116103703658,-1.0992481391854694,1.0152305956272285,1.07661451318603,-1.1873306191601716,-1.0992471659303567,1.0068007428401182,1.0768109797271108,-1.1873306191601687,-1.0992471659303598,1.0068007428401224,1.0768109797271066
540,5.39,5.4,0.01,0x1.47ae147ae147bp-7,0x1.599999999999ap+2,3107123454915452665/576460752303423488,778222015609621725/144115188075855872,True,40,5,-1.1667195726583466,-1.0884382447182555,1.0231258995981483,1.0854254763978481,-1.1667195726583452,-1.0884382447182566,1.0231258995981494,1.0854254763978468,-1.1772214541302535,-1.088437330260121,1.0145878782469968,1.0856101796556747,-1.17722145413025,-1.0884373302601242,1.014587878247001,1.0856101796556707
541,5.4,5.41,0.01,0x1.47ae147ae147bp-7,0x1.5a3d70a3d70a4p+2,778222015609621725/144115188075855872,3118652669961521135/576460752303423488,True,41,5,-1.1564480107716744,-1.0775395882660947,1.0311343993814186,1.0943680312745467,-1.1564480107716728,-1.0775395882660963,1.0311343993814202,1.0943680312745452,-1.1670339747705494,-1.0775387343893268,1.022486097432584,1.0945406156139161,-1.1670339747705465,-1.0775387343893297,1.022486097432588,1.0945406156139124
542,5.41,5.42,0.01,0x1.47ae147ae147bp-7,0x1.5ae147ae147aep+2,3118652669961521135/576460752303423488,1562208638742277685/288230376151711744,True,42,5,-1.1460957807146779,-1.0665508408841002,1.039258470631771,1.10344480321511,-1.1460957807146768,-1.0665508408841013,1.0392584706317725,1.1034448032151085,-1.1567670618790165,-1.0665500494215447,1.0304977525538332,1.1036049034230935,-1.1567670618790138,-1.0665500494215476,1.0304977525538372,1.1036049034230893
543,5.42,5.43,0.01,0x1.47ae147ae147bp-7,0x1.5b851eb851eb8p+2,1562208638742277685/288230376151711744,3130181885007589605/576460752303423488,True,43,5,-1.1356617145612646,-1.0554706472127269,1.0475005227173324,1.1126584499063483,-1.1356617145612637,-1.055470647212728,1.0475005227173344,1.1126584499063463,-1.1464195726534823,-1.0554699200458917,1.0386252295807057,1.1128056911587725,-1.1464195726534796,-1.0554699200458946,1.0386252295807097,1.1128056911587685
544,5.43,5.44,0.01,0x1.47ae147ae147bp-7,0x1.5c28f5c28f5c3p+2,3130181885007589605/576460752303423488,97998327891581995/18014398509481984,True,44,5,-1.1251446201173054,-1.0442976251566007,1.0558629988476353,1.122011660883579,-1.125144620117304,-1.0442976251566018,1.0558629988476371,1.1220116608835775,-1.135990340352995,-1.0442969642157938,1.0468709484998848,1.1221456587250034,-1.135990340352992,-1.0442969642157964,1.046870948499889,1.1221456587249996
545,5.44,5.45,0.01,0x1.47ae147ae147bp-7,0x1.5cccccccccccdp+2,97998327891581995/18014398509481984,3141711100053658075/576460752303423488,True,45,5,-1.1145432805781372,-1.0330303655722826,1.0643483765268067,1.1315071565736692,-1.1145432805781361,-1.033030365572284,1.0643483765268082,1.1315071565736676,-1.1254781739533641,-1.0330297728366837,1.0552373638506907,1.1316275169108534,-1.125478173953361,-1.033029772836687,1.0552373638506947,1.131627516910849
546,5.45,5.46,0.01,0x1.47ae147ae147bp-7,0x1.5d70a3d70a3d7p+2,3141711100053658075/576460752303423488,1573737853788346155/288230376151711744,True,46,5,-1.103856454190076,-1.0216674319580878,1.0729591671159866,1.1411476880213425,-1.1038564541900746,-1.0216674319580892,1.0729591671159882,1.141147688021341,-1.1148818578057327,-1.0216669094557322,1.0637269643725875,1.1412540071353654,-1.11488185780573,-1.0216669094557347,1.0637269643725917,1.1412540071353612
547,5.46,5.47,0.01,0x1.47ae147ae147bp-7,0x1.5e147ae147ae1p+2,1573737853788346155/288230376151711744,3153240315099726545/576460752303423488,True,47,5,-1.0930828739092355,-1.0102073601544825,1.0816979160608402,1.15093603575767,-1.0930828739092346,-1.0102073601544839,1.081697916060842,1.150936035757668,-1.1042001512913835,-1.0102069099621565,1.0723422733273595,1.1510279003331874,-1.1042001512913806,-1.0102069099621593,1.0723422733273638,1.151027900333183
548,5.47,5.48,0.01,0x1.47ae147ae147bp-7,0x1.5eb851eb851ecp+2,3153240315099726545/576460752303423488,789751230655690195/144115188075855872,True,48,5,-1.0822212470639307,-0.9986486580525158,1.09056720249064,1.1608750089488593,-1.0822212470639296,-0.9986486580525166,1.0905672024906419,1.1608750089488575,-1.0934317884789677,-0.9986482822955569,1.0810858481976564,1.1609519961243338,-1.0934317884789648,-0.9986482822955595,1.0810858481976606,1.1609519961243293
549,5.48,5.49,0.01,0x1.47ae147ae147bp-7,0x1.5f5c28f5c28f6p+2,789751230655690195/144115188075855872,3164769530145795015/576460752303423488,True,49,5,-1.0712702550138724,-0.986989805317556,1.0995696394908445,1.1709674437045519,-1.0712702550138709,-0.9869898053175569,1.0995696394908459,1.1709674437045503,-1.0825754777772953,-0.9869895061695458,1.0899602810683042,1.1710291211434156,-1.0825754777772922,-0.986989506169548,1.0899602810683084,1.1710291211434112
550,5.49,5.5,0.01,0x1.47ae147ae147bp-7,0x1.6000000000000p+2,3164769530145795015/576460752303423488,1585267068834414625/288230376151711744,True,50,5,-1.0602285528118702,-0.9752292531253886,1.1087078738014644,1.1812162017665364,-1.060228552811869,-0.9752292531253894,1.1087078738014662,1.1812162017665344,-1.0716299015892978,-0.9752290328077231,1.0989681984389295,1.1812621277536368,-1.0716299015892947,-0.9752290328077254,1.098968198438934,1.1812621277536324
551,5.5,5.51,0.01,0x1.47ae147ae147bp-7,0x1.60a3d70a3d70ap+2,1585267068834414625/288230376151711744,3176298745191863485/576460752303423488,True,51,5,-1.0490947688703467,-0.9633654239141404,1.1179845852815946,1.1916241689298035,-1.0490947688703456,-0.9633654239141413,1.1179845852815962,1.191624168929802,-1.0605937159693675,-0.9633652846954688,1.1081122608111447,1.191653892495258,-1.0605937159693644,-0.9633652846954709,1.108112260811149,1.1916538924952536
552,5.51,5.5200000000000005,0.01,0x1.47ae147ae147bp-7,0x1.6147ae147ae15p+2,3176298745191863485/576460752303423488,397757919089362215/72057594037927936,True,52,5,-1.0378675046392003,-0.9513967111452954,1.1274024857146712,1.2021942539282604,-1.0378675046391994,-0.9513967111452962,1.1274024857146727,1.2021942539282586,-1.0494655502905046,-0.9513966553408089,1.1173951616251059,1.2022073150013253,-1.0494655502905015,-0.9513966553408105,1.1173951616251097,1.2022073150013213
553,5.5200000000000005,5.53,0.01,0x1.47ae147ae147bp-7,0x1.61eb851eb851fp+2,397757919089362215/72057594037927936,3187827960237931955/576460752303423488,True,53,5,-1.0265453342758748,-0.939321479097863,1.1369643195248391,1.2129293850346712,-1.0265453342758737,-0.9393214790978637,1.136964319524841,1.2129293850346694,-1.0382440469040282,-0.9393214690664022,1.1268116277119298,1.2129333150348525,-1.038244046904026,-0.9393214690664038,1.1268116277119338,1.2129333150348485
554,5.53,5.54,0.01,0x1.47ae147ae147bp-7,0x1.628f5c28f5c29p+2,3187827960237931955/576460752303423488,1596796283880483095/288230376151711744,True,54,5,-1.0151268043294608,-0.9271380626771756,1.1466728623044218,1.2238325084773942,-1.0151268043294601,-0.9271380626771762,1.1466728623044233,1.2238325084773927,-1.0269277892173,-0.9271380524103926,1.1363627364173172,1.223836512495457,-1.0269277892172983,-0.9271380524103942,1.1363627364173212,1.2238365124954529
555,5.54,5.55,0.01,0x1.47ae147ae147bp-7,0x1.6333333333333p+2,1596796283880483095/288230376151711744,3199357175284000425/576460752303423488,True,55,5,-1.0036104334332987,-0.9148447672477131,1.1565309198906972,1.2349065859084964,-1.0036104334332976,-0.9148447672477138,1.156530919890699,1.2349065859084947,-1.0155152786169936,-0.9148447567122955,1.1460604654900761,1.2349106742753682,-1.0155152786169914,-0.9148447567122971,1.1460604654900803,1.2349106742753642
556,5.55,5.5600000000000005,0.01,0x1.47ae147ae147bp-7,0x1.63d70a3d70a3ep+2,3199357175284000425/576460752303423488,801280445701758665/144115188075855872,True,56,5,-0.9919947120087929,-0.902439868491169,1.1665413271644218,1.2461545917414776,-0.9919947120087924,-0.9024398684911695,1.1665413271644236,1.2461545917414758,-1.0040050344741274,-0.9024398576515219,1.1559076281852476,1.2461587755066248,-1.0040050344741251,-0.9024398576515235,1.1559076281852518,1.2461587755066206
557,5.5600000000000005,5.57,0.01,0x1.47ae147ae147bp-7,0x1.647ae147ae148p+2,801280445701758665/144115188075855872,3210886390330068895/576460752303423488,True,57,5,-0.9802781019893535,-0.8899216122857528,1.176706945951715,1.257579510900512,-0.980278101989353,-0.8899216122857533,1.1767069459517165,1.2575795109005101,-0.9923955478702697,-0.8899216011038711,1.1659070668325469,1.2575838018731864,-0.9923955478702683,-0.8899216011038724,1.1659070668325509,1.2575838018731822
558,5.57,5.58,0.01,0x1.47ae147ae147bp-7,0x1.651eb851eb852p+2,3210886390330068895/576460752303423488,1608325498926551565/288230376151711744,True,58,5,-0.9684590365448243,-0.8772882146314929,1.1870306648836166,1.2691843340550018,-0.9684590365448237,-0.8772882146314935,1.1870306648836184,1.269184334055,-0.9806852812990585,-0.8772882030668242,1.176061652939559,1.2691887448475625,-0.9806852812990571,-0.8772882030668256,1.1760616529395629,1.2691887448475585
559,5.58,5.59,0.01,0x1.47ae147ae147bp-7,0x1.65c28f5c28f5cp+2,1608325498926551565/288230376151711744,3222415605376137365/576460752303423488,True,59,5,-0.9565359198300768,-0.8645378616009352,1.1975153968808991,1.2809720548397452,-0.9565359198300761,-0.8645378616009357,1.1975153968809007,1.2809720548397436,-0.9688726683893321,-0.8645378496102389,1.1863742849373515,1.2809765989131692,-0.9688726683893306,-0.8645378496102405,1.1863742849373555,1.2809765989131656
560,5.59,5.6000000000000005,0.01,0x1.47ae147ae147bp-7,0x1.6666666666667p+2,3222415605376137365/576460752303423488,201761263306198225/36028797018963968,True,60,5,-0.9445071268690259,-0.8516687092112607,1.208164065488926,1.2929456776149593,-0.9445071268690255,-0.8516687092112613,1.2081640654889276,1.2929456776149577,-0.9569561137609727,-0.8516686967484594,1.1968478747941471,1.2929503693268383,-0.9569561137609712,-0.8516686967484608,1.196847874794151,1.2929503693268347
561,5.6000000000000005,5.61,0.01,0x1.47ae147ae147bp-7,0x1.670a3d70a3d71p+2,201761263306198225/36028797018963968,3233944820422205835/576460752303423488,True,61,5,-0.9323710032331789,-0.8386788835644493,1.218979625337632,1.3051081904603583,-0.9323710032331782,-0.83867888356445,1.2189796253376333,1.3051081904603568,-0.9449339926723683,-0.8386788705804716,1.207485368774113,1.3051130451147621,-0.9449339926723668,-0.8386788705804732,1.2074853687741167,1.3051130451147581
562,5.61,5.62,0.01,0x1.47ae147ae147bp-7,0x1.67ae147ae147bp+2,3233944820422205835/576460752303423488,1619854713972620035/288230376151711744,True,62,5,-0.9201258648224634,-0.8255664809533393,1.229965051785085,1.3174625683658274,-0.9201258648224627,-0.8255664809533398,1.2299650517850866,1.3174625683658259,-0.9328046507670491,-0.8255664673959574,1.2182897373984263,1.317467602266843,-0.9328046507670477,-0.8255664673959588,1.2182897373984305,1.3174676022668388
563,5.62,5.63,0.01,0x1.47ae147ae147bp-7,0x1.6851eb851eb85p+2,1619854713972620035/288230376151711744,3245474035468274305/576460752303423488,True,63,5,-0.9077699976917704,-0.8123295679970156,1.2411233362141103,1.3300117700832461,-0.9077699976917698,-0.8123295679970163,1.241123336214112,1.3300117700832443,-0.9205664038627169,-0.8123295538106738,1.2292639709082116,1.33001700076504,-0.9205664038627154,-0.8123295538106754,1.2292639709082156,1.3300170007650358
564,5.63,5.64,0.01,0x1.47ae147ae147bp-7,0x1.68f5c28f5c28fp+2,3245474035468274305/576460752303423488,812809660747827135/144115188075855872,True,64,5,-0.8953016579044271,-0.7989661818313907,1.2524574831998256,1.3427587323759769,-0.8953016579044264,-0.7989661818313913,1.2524574831998276,1.3427587323759749,-0.9082175377636639,-0.7989661669570269,1.2404110773080443,1.3427641783225845,-0.9082175377636623,-0.7989661669570284,1.2404110773080486,1.34276417832258
565,5.64,5.65,0.01,0x1.47ae147ae147bp-7,0x1.699999999999ap+2,812809660747827135/144115188075855872,3257003250514342775/576460752303423488,True,65,5,-0.8827190714154525,-0.7854743303594602,1.2639705073824643,1.3557063638049522,-0.8827190714154519,-0.7854743303594609,1.2639705073824659,1.355706363804951,-0.8957563080992,-0.7854743147343195,1.2517340791261544,1.3557120446724853,-0.8957563080991985,-0.785474314734321,1.2517340791261584,1.3557120446724815
566,5.65,5.66,0.01,0x1.47ae147ae147bp-7,0x1.6a3d70a3d70a4p+2,3257003250514342775/576460752303423488,1631383929018688505/288230376151711744,True,66,5,-0.8700204339876478,-0.7718519925667764,1.2756654300250088,1.3688575379672823,-0.8700204339876472,-0.7718519925667771,1.27566543002501,1.368857537967281,-0.8831809401908874,-0.7718519761242163,1.2632360073438011,1.3688634778495758,-0.883180940190886,-0.7718519761242177,1.2632360073438051,1.368863477849572
567,5.66,5.67,0.01,0x1.47ae147ae147bp-7,0x1.6ae147ae147aep+2,1631383929018688505/288230376151711744,3268532465560411245/576460752303423488,True,67,5,-0.8572039111437759,-0.7580971189079474,1.2875452752339553,1.3822150861050346,-0.8572039111437753,-0.7580971189079481,1.2875452752339571,1.3822150861050329,-0.8704896289515844,-0.7580971015772355,1.2749199040807786,1.3822213107764307,-0.870489628951583,-0.758097101577237,1.274919904080783,1.3822213107764265
568,5.67,5.68,0.01,0x1.47ae147ae147bp-7,0x1.6b851eb851eb8p+2,3268532465560411245/576460752303423488,409287134135430685/72057594037927936,True,68,5,-0.8442676381583181,-0.7442076317666887,1.2996130658202967,1.395781789362243,-0.8442676381583174,-0.7442076317666894,1.2996130658202982,1.3957817893622413,-0.8576805388195048,-0.7442076134727917,1.2867888196551474,1.3957883227915475,-0.8576805388195033,-0.7442076134727932,1.2867888196551516,1.3957883227915435
569,5.68,5.69,0.01,0x1.47ae147ae147bp-7,0x1.6c28f5c28f5c3p+2,409287134135430685/72057594037927936,3280061680606479715/576460752303423488,True,69,5,-0.8312097200925068,-0.73018142599955,1.311871818779305,1.409560370238856,-0.8312097200925063,-0.7301814259995506,1.311871818779307,1.409560370238854,-0.8447518037307109,-0.730181406662915,1.2988458018124334,1.4095672378532254,-0.8447518037307093,-0.7301814066629165,1.2988458018124376,1.4095672378532211
570,5.69,5.7,0.01,0x1.47ae147ae147bp-7,0x1.6cccccccccccdp+2,3280061680606479715/576460752303423488,1642913144064756975/288230376151711744,True,70,5,-0.8180282320038404,-0.7160163694400405,1.3243245402716803,1.42355348353408,-0.8180282320038399,-0.7160163694400411,1.3243245402716821,1.423553483534078,-0.8317015272609405,-0.716016348976368,1.311093883267384,1.423560723452463,-0.831701527260939,-0.7160163489763693,1.311093883267388,1.4235607234524588
571,5.7,5.71,0.01,0x1.47ae147ae147bp-7,0x1.6d70a3d70a3d7p+2,1642913144064756975/288230376151711744,3291590895652548185/576460752303423488,True,71,5,-0.8047212185975462,-0.7017103041071135,1.3369742185004418,1.4377637082701267,-0.8047212185975456,-0.7017103041071141,1.3369742185004434,1.4377637082701251,-0.818527782203922,-0.7017102824271217,1.3235361050541286,1.4377713526258347,-0.8185277822039204,-0.7017102824271232,1.3235361050541323,1.4377713526258304
572,5.71,5.72,0.01,0x1.47ae147ae147bp-7,0x1.6e147ae147ae1p+2,3291590895652548185/576460752303423488,824338875793895605/144115188075855872,True,72,5,-0.7912866951587789,-0.6872610462908207,1.3498238214700302,1.452193533539934,-0.7912866951587784,-0.6872610462908214,1.349823821470032,1.4521935335399323,-0.8052286114246323,-0.6872610233000036,1.3361754913578892,1.4522016133266649,-0.8052286114246309,-0.6872610233000052,1.3361754913578934,1.4522016133266606
573,5.72,5.73,0.01,0x1.47ae147ae147bp-7,0x1.6eb851eb851ecp+2,824338875793895605/144115188075855872,3303120110698616655/576460752303423488,True,73,5,-0.7777226474225089,-0.672666387870436,1.3628762888902233,1.4668453489495203,-0.7777226474225083,-0.6726663878704365,1.362876288890225,1.4668453489495186,-0.7918020276441095,-0.6726663634688114,1.3490150439620574,1.4668538969553615,-0.7918020276441079,-0.6726663634688128,1.349015043962062,1.466853896955357
574,5.73,5.74,0.01,0x1.47ae147ae147bp-7,0x1.6f5c28f5c28f6p+2,3303120110698616655/576460752303423488,1654442359110825445/288230376151711744,True,74,5,-0.7640270314573469,-0.6579240978017883,1.376134525326571,1.4817214324787553,-0.7640270314573462,-0.657924097801789,1.3761345253265727,1.4817214324787538,-0.7782460132317096,-0.6579240718836409,1.3620577389168549,1.4817304833696092,-0.7782460132317082,-0.6579240718836423,1.3620577389168596,1.4817304833696046
575,5.74,5.75,0.01,0x1.47ae147ae147bp-7,0x1.7000000000000p+2,1654442359110825445/288230376151711744,3314649325744685125/576460752303423488,True,75,5,-0.7501977751163961,-0.6430319222344614,1.3896013749451588,1.496823955335056,-0.7501977751163955,-0.6430319222344619,1.3896013749451603,1.4968239553350542,-0.7645585215575266,-0.6430318946880766,1.3753065019870663,1.4968335457406368,-0.7645585215575252,-0.6430318946880781,1.3753065019870705,1.4968335457406323
576,5.75,5.76,0.01,0x1.47ae147ae147bp-7,0x1.70a3d70a3d70ap+2,3314649325744685125/576460752303423488,51881467707308115/9007199254740992,True,76,5,-0.736232778820053,-0.6279875855084192,1.4032795947293437,1.5121549868466948,-0.7362327788200526,-0.6279875855084197,1.4032795947293455,1.512154986846693,-0.7507374776695064,-0.6279875562158119,1.388764182611239,1.5121651554488618,-0.7507374776695049,-0.6279875562158134,1.3887641826112427,1.5121651554488578
577,5.76,5.7700000000000005,0.01,0x1.47ae147ae147bp-7,0x1.7147ae147ae15p+2,51881467707308115/9007199254740992,3326178540790753595/576460752303423488,True,77,5,-0.7221299147363186,-0.6127887929797933,1.4171719084893604,1.527716416993499,-0.722129914736318,-0.6127887929797939,1.4171719084893621,1.527716416993497,-0.7367807773604252,-0.6127887618164305,1.402433608696653,1.5277272046145904,-0.7367807773604238,-0.6127887618164319,1.402433608696657,1.5277272046145862
578,5.7700000000000005,5.78,0.01,0x1.47ae147ae147bp-7,0x1.71eb851eb851fp+2,3326178540790753595/576460752303423488,1665971574156893915/288230376151711744,True,78,5,-0.7078870279817436,-0.5974332320688511,1.43128098278714,1.5435099553669824,-0.7078870279817431,-0.5974332320688518,1.431280982787142,1.5435099553669809,-0.7226862882474369,-0.5974331989033683,1.4163175633696656,1.5435214050598047,-0.7226862882474353,-0.5974331989033698,1.41631756336967,1.5435214050598003
579,5.78,5.79,0.01,0x1.47ae147ae147bp-7,0x1.728f5c28f5c29p+2,1665971574156893915/288230376151711744,3337707755836822065/576460752303423488,True,79,5,-0.6935019377247301,-0.5819185736930612,1.4456094112562548,1.5595371172278227,-0.6935019377247296,-0.5819185736930618,1.4456094112562563,1.5595371172278212,-0.7084518507454903,-0.5819185383869763,1.4304187701647606,1.5595492743666735,-0.708451850745489,-0.5819185383869776,1.430418770164765,1.5595492743666695
580,5.79,5.8,0.01,0x1.47ae147ae147bp-7,0x1.7333333333333p+2,3337707755836822065/576460752303423488,835868090839964075/144115188075855872,True,80,5,-0.6789724374312455,-0.5662424747755173,1.460159695401171,1.5757992172389566,-0.6789724374312448,-0.5662424747755179,1.460159695401173,1.5757992172389546,-0.6940752781742381,-0.5662424371829398,1.4447398747373092,1.575812129611294,-0.6940752781742366,-0.5662424371829413,1.4447398747373137,1.5758121296112897
581,5.8,5.8100000000000005,0.01,0x1.47ae147ae147bp-7,0x1.73d70a3d70a3ep+2,835868090839964075/144115188075855872,3349236970882890535/576460752303423488,True,81,5,-0.6642962960078993,-0.5504025801195275,1.4749342398399734,1.592297350123565,-0.6642962960078987,-0.5504025801195279,1.474934239839975,1.5922973501235635,-0.6795543577529406,-0.5504025400868671,1.4592834410652977,1.5923110680217398,-0.6795543577529392,-0.5504025400868684,1.459283441065302,1.5923110680217356
582,5.8100000000000005,5.82,0.01,0x1.47ae147ae147bp-7,0x1.747ae147ae148p+2,3349236970882890535/576460752303423488,1677500789202962385/288230376151711744,True,82,5,-0.649471259215241,-0.5343965245098072,1.489935325591516,1.6090323731801348,-0.6494712592152403,-0.5343965245098079,1.4899353255915173,1.6090323731801333,-0.6648868518557719,-0.5343964818754813,1.4740519257416227,1.6090469494927118,-0.6648868518557705,-0.5343964818754829,1.4740519257416265,1.6090469494927075
583,5.82,5.83,0.01,0x1.47ae147ae147bp-7,0x1.751eb851eb852p+2,1677500789202962385/288230376151711744,3360766185928959005/576460752303423488,True,83,5,-0.634495050203329,-0.5182219358656746,1.5051651220706765,1.6260048642178182,-0.6344950502033283,-0.5182219358656752,1.505165122070678,1.6260048642178164,-0.6500704983791166,-0.5182218904598169,1.4890476910221127,1.6260203545190661,-0.6500704983791149,-0.5182218904598186,1.489047691022117,1.6260203545190615
584,5.83,5.84,0.01,0x1.47ae147ae147bp-7,0x1.75c28f5c28f5cp+2,3360766185928959005/576460752303423488,420816349181499155/72057594037927936,True,84,5,-0.6193653708147163,-0.5018764380312526,1.5206256539874674,1.643215117752614,-0.6193653708147157,-0.5018764380312533,1.5206256539874694,1.643215117752612,-0.6351030118655393,-0.5018763896754267,1.504272972823603,1.6432315803904916,-0.6351030118655376,-0.5018763896754282,1.5042729728236075,1.6432315803904867
585,5.84,5.8500000000000005,0.01,0x1.47ae147ae147bp-7,0x1.7666666666667p+2,420816349181499155/72057594037927936,3372295400975027475/576460752303423488,True,85,5,-0.6040799039281131,-0.48535765290544625,1.5363187871572404,1.6606631200027824,-0.6040799039281124,-0.4853576529054467,1.5363187871572421,1.6606631200027808,-0.6199820856572223,-0.48535760141236206,1.519729867680694,1.660680616184397,-0.6199820856572209,-0.4853576014123631,1.5197298676806987,1.6606806161843928
586,5.8500000000000005,5.86,0.01,0x1.47ae147ae147bp-7,0x1.770a3d70a3d71p+2,3372295400975027475/576460752303423488,1689030004249030855/288230376151711744,True,86,5,-0.5886363144767577,-0.4686632043009747,1.5522462146992113,1.6783485211184708,-0.5886363144767571,-0.46866320430097513,1.552246214699213,1.678348521118469,-0.6047053927124374,-0.46866314947421434,1.5354203201384875,1.6783671149916413,-0.604705392712436,-0.4686631494742156,1.535420320138492,1.6783671149916368
587,5.86,5.87,0.01,0x1.47ae147ae147bp-7,0x1.77ae147ae147bp+2,1689030004249030855/288230376151711744,3383824616021095945/576460752303423488,True,87,5,-0.5730322512910078,-0.45179072140724064,1.5684094397700574,1.6962706084038488,-0.5730322512910071,-0.4517907214072411,1.568409439770059,1.6962706084038472,-0.5892705872340992,-0.45179066304099597,1.5513461067268806,1.6962903671339447,-0.5892705872340976,-0.45179066304099735,1.5513461067268846,1.6962903671339407
588,5.87,5.88,0.01,0x1.47ae147ae147bp-7,0x1.7851eb851eb85p+2,3383824616021095945/576460752303423488,847397305886032545/144115188075855872,True,88,5,-0.5572653494113761,-0.43473784223596446,1.5848097571741937,1.7144282781014977,-0.5572653494113755,-0.43473784223596473,1.5848097571741955,1.714428278101496,-0.5736753067808897,-0.43473778009007924,1.5675088089739284,1.7144492818257728,-0.5736753067808883,-0.4347377800900801,1.567508808973932,1.714449281825769
589,5.88,5.89,0.01,0x1.47ae147ae147bp-7,0x1.78f5c28f5c28fp+2,847397305886032545/144115188075855872,3395353831067164415/576460752303423488,True,89,5,-0.5413332318587848,-0.41750221808885474,1.60144823380771,1.7328200056979726,-0.5413332318587843,-0.417502218088855,1.6014482338077118,1.732820005697971,-0.5579171738394352,-0.4175021518223117,1.583909778551544,1.7328423741017938,-0.5579171738394343,-0.41750215182231243,1.5839097785515481,1.7328423741017893
590,5.89,5.9,0.01,0x1.47ae147ae147bp-7,0x1.799999999999ap+2,3395353831067164415/576460752303423488,1700559219295099325/288230376151711744,True,90,5,-0.5252335122520242,-0.4000815176842246,1.6183256878771186,1.7514438147247606,-0.5252335122520237,-0.4000815176842249,1.6183256878771202,1.751443814724759,-0.5419937979268219,-0.4000814470505041,1.60055022260738,1.7514676288693818,-0.5419937979268209,-0.4000814470505048,1.600550222607384,1.7514676288693778
591,5.9,5.91,0.01,0x1.47ae147ae147bp-7,0x1.7a3d70a3d70a4p+2,1700559219295099325/288230376151711744,3406883046113232885/576460752303423488,True,91,5,-0.5089637973583377,-0.38247343188430527,1.6354426668465174,1.7702972440261593,-0.5089637973583373,-0.3824734318843056,1.6354426668465194,1.7702972440261573,-0.525902778174975,-0.3824733566260307,1.617431062829514,1.7703225884620157,-0.5259027781749741,-0.38247335662603144,1.6174310628295177,1.770322588462012
592,5.91,5.92,0.01,0x1.47ae147ae147bp-7,0x1.7ae147ae147aep+2,3406883046113232885/576460752303423488,213290478352266695/36028797018963968,True,92,5,-0.4925216899170112,-0.36467567871180046,1.652799424061329,1.7893773134753186,-0.49252168991701084,-0.3646756787118008,1.6527994240613304,1.789377313475317,-0.5096417057679392,-0.3646755985605719,1.6345529555831984,1.7894042762803724,-0.509641705767938,-0.36467559856057263,1.6345529555832021,1.7894042762803684
593,5.92,5.93,0.01,0x1.47ae147ae147bp-7,0x1.7b851eb851eb8p+2,213290478352266695/36028797018963968,3418412261159301355/576460752303423488,True,93,5,-0.47590479170386835,-0.3466860087168551,1.6703958939697716,1.8086804881555971,-0.475904791703868,-0.34668600871685545,1.6703958939697732,1.8086804881555958,-0.4932081667106686,-0.3466859233931215,1.6519162686160385,1.8087091609589663,-0.4932081667106678,-0.3466859233931223,1.6519162686160431,1.808709160958962
594,5.93,5.94,0.01,0x1.47ae147ae147bp-7,0x1.7c28f5c28f5c3p+2,3418412261159301355/576460752303423488,1712088434341167795/288230376151711744,True,94,5,-0.4591107068499262,-0.3285022107108348,1.6882316659954157,1.828202640901935,-0.45911070684992594,-0.3285022107108351,1.6882316659954173,1.8282026409019332,-0.47659974483715467,-0.32850211992381084,1.6695210564425282,1.8282331188905505,-0.47659974483715384,-0.3285021199238116,1.6695210564425322,1.828233118890546
595,5.94,5.95,0.01,0x1.47ae147ae147bp-7,0x1.7cccccccccccdp+2,1712088434341167795/288230376151711744,3429941476205369825/576460752303423488,True,95,5,-0.442137045428406,-0.3101221178828303,1.706305956967447,1.847939013255399,-0.4421370454284057,-0.31012211788283056,1.7063059569674488,1.8479390132553972,-0.45981402507183744,-0.31012202133046535,1.6873670343089069,1.84797139516122,-0.4598140250718367,-0.31012202133046607,1.6873670343089109,1.847971395161216
596,5.95,5.96,0.01,0x1.47ae147ae147bp-7,0x1.7d70a3d70a3d7p+2,3429941476205369825/576460752303423488,858926520932101015/144115188075855872,True,96,5,-0.4249814280702022,-0.29154361356599995,1.724617507174834,1.867884250062533,-0.424981428070202,-0.29154361356600017,1.7246175071748355,1.8678842500625314,-0.44284859770424967,-0.29154351093500513,1.7054534757947954,1.867918638130743,-0.44284859770424895,-0.29154351093500586,1.7054534757947994,1.867918638130739
597,5.96,5.97,0.01,0x1.47ae147ae147bp-7,0x1.7e147ae147ae1p+2,858926520932101015/144115188075855872,3441470691251438295/576460752303423488,True,97,5,-0.4076415099503053,-0.27276461834439425,1.7431625585320616,1.8880343489776932,-0.407641509950305,-0.2727646183443946,1.7431625585320634,1.8880343489776914,-0.4257010820192854,-0.2727645093103386,1.7237771924519876,1.888070848995594,-0.42570108201928464,-0.27276450931033935,1.7237771924519918,1.8880708489955893
598,5.97,5.98,0.01,0x1.47ae147ae147bp-7,0x1.7eb851eb851ecp+2,3441470691251438295/576460752303423488,1723617649387236265/288230376151711744,True,98,5,-0.39011493161547345,-0.25378315109603616,1.761940214512331,1.908381221635993,-0.39011493161547306,-0.2537831510960365,1.7619402145123326,1.9083812216359914,-0.40836907675338335,-0.2537830353235178,1.742337895518863,1.9084199427105486,-0.4083690767533826,-0.2537830353235186,1.7423378955188673,1.9084199427105444
599,5.98,5.99,0.01,0x1.47ae147ae147bp-7,0x1.7f5c28f5c28f6p+2,1723617649387236265/288230376151711744,3452999906297506765/576460752303423488,True,99,5,-0.37239936083239283,-0.2345972997214773,1.7809486844882665,1.9289163741676316,-0.3723993608323925,-0.23459729972147753,1.7809486844882685,1.9289163741676298,-0.3908502015559527,-0.2345971768643809,1.761134441661888,1.9289574286176834,-0.3908502015559519,-0.23459717686438153,1.7611344416618921,1.9289574286176794
600,5.99,6.0,0.01,0x1.47ae147ae147bp-7,0x1.8000000000000p+2,3452999906297506765/576460752303423488,432345564227567625/72057594037927936,True,0,6,-0.3544925017799739,-0.21520522538126832,1.8001848434980983,1.9496312643227378,-0.3544925017799735,-0.21520522538126857,1.8001848434981,1.9496312643227365,-0.37314210577989154,-0.21520509508311902,1.7801643942442078,1.9496747675579191,-0.3731421057798908,-0.2152050950831197,1.7801643942442116,1.9496747675579154
601,6.0,6.01,0.01,0x1.47ae147ae147bp-7,0x1.80a3d70a3d70ap+2,432345564227567625/72057594037927936,3464529121343575235/576460752303423488,True,1,6,-0.3363920926144006,-0.19560517918035455,1.8196449951122369,1.9705164539021351,-0.3363920926144003,-0.19560517918035475,1.8196449951122384,1.9705164539021336,-0.3552424656301441,-0.19560504107477808,1.7994247877132625,1.9705625242300353,-0.3552424656301433,-0.19560504107477877,1.7994247877132665,1.9705625242300313
602,6.01,6.0200000000000005,0.01,0x1.47ae147ae147bp-7,0x1.8147ae147ae15p+2,3464529121343575235/576460752303423488,1735146864433304735/288230376151711744,True,2,6,-0.3180959113167499,-0.175795511431096,1.8392928137684585,1.9915935789395405,-0.31809591131674964,-0.17579551143109617,1.83929281376846,1.991593578939539,-0.3371489895805828,-0.1757953651423985,1.818912093307024,1.991610315396162,-0.3371489895805821,-0.17579536514239888,1.8189120933070277,1.9916103153961582
603,6.0200000000000005,6.03,0.01,0x1.47ae147ae147bp-7,0x1.81eb851eb851fp+2,1735146864433304735/288230376151711744,3476058336389643705/576460752303423488,True,3,6,-0.29960179805504294,-0.15577466528947015,1.8590949663863652,2.0128796380482017,-0.2996017980550427,-0.15577466528947032,1.859094966386367,2.012879638048198,-0.31885982418965053,-0.1557741265354107,1.8385437961349347,2.012885144084478,-0.31885982418965,-0.1557741265354111,1.838543796134939,2.012885144084471
604,6.03,6.04,0.01,0x1.47ae147ae147bp-7,0x1.828f5c28f5c29p+2,3476058336389643705/576460752303423488,870455735978169485/144115188075855872,True,4,6,-0.2809076585545708,-0.13554119030058834,1.8790964679864062,2.0343115439329935,-0.28090765855457056,-0.13554119030058853,1.8790964679864075,2.0343115439329904,-0.3003724887961099,-0.13554017521272346,1.8583723235576177,2.0343173795726424,-0.3003724887961094,-0.13554017521272382,1.8583723235576215,2.0343173795726353
605,6.04,6.05,0.01,0x1.47ae147ae147bp-7,0x1.8333333333333p+2,870455735978169485/144115188075855872,3487587551435712175/576460752303423488,True,5,6,-0.2620114320563893,-0.11509379228796147,1.8992905141390375,2.055876196386225,-0.2620114320563891,-0.11509379228796159,1.8992905141390393,2.0558761963862215,-0.2816847710704709,-0.11509227367026699,1.878403333888543,2.0558823752519593,-0.28168477107047035,-0.11509227367026731,1.8784033338885475,2.0558823752519513
606,6.05,6.0600000000000005,0.01,0x1.47ae147ae147bp-7,0x1.83d70a3d70a3ep+2,3487587551435712175/576460752303423488,1746676079479373205/288230376151711744,True,6,6,-0.24291112551784605,-0.09443131796329238,1.9196695109240136,2.0775593554391816,-0.24291112551784588,-0.09443131796329249,1.919669510924015,2.077559355439178,-0.2627945747361907,-0.09442926755076617,1.8986301981101876,2.077565891009079,-0.26279457473619017,-0.09442926755076646,1.8986301981101923,2.0775658910090717
607,6.0600000000000005,6.07,0.01,0x1.47ae147ae147bp-7,0x1.847ae147ae148p+2,1746676079479373205/288230376151711744,3499116766481780645/576460752303423488,True,7,6,-0.22360482165959233,-0.07355276666577497,1.9402250292813408,2.099345588546515,-0.22360482165959217,-0.0735527666657751,1.9402250292813428,2.0993455885465115,-0.24369986939237376,-0.0735501551189048,1.9190455014101262,2.0993524940536803,-0.24369986939237334,-0.0735501551189051,1.9190455014101304,2.0993524940536714
608,6.07,6.08,0.01,0x1.47ae147ae147bp-7,0x1.851eb851eb852p+2,3499116766481780645/576460752303423488,109527542937650465/18014398509481984,True,8,6,-0.20409068748385598,-0.0524573025928443,1.9609477585634656,2.1212182201736036,-0.20409068748385584,-0.052457302592844396,1.9609477585634676,2.1212182201736005,-0.2243986985315218,-0.05245409949677327,1.9396409973873792,2.121225508494574,-0.22439869853152145,-0.052454099496773536,1.9396409973873847,2.121225508494566
609,6.08,6.09,0.01,0x1.47ae147ae147bp-7,0x1.85c28f5c28f5cp+2,109527542937650465/18014398509481984,3510645981527849115/576460752303423488,True,9,6,-0.18436698328785872,-0.031144267510238674,1.9818274579426856,2.1431592854842174,-0.18436698328785858,-0.03114426751023873,1.9818274579426876,2.143159285484214,-0.20488918804644554,-0.031140441379227914,1.9604075598998063,2.1431669690157067,-0.20488918804644513,-0.03114044137922809,1.9604075598998116,2.1431669690156983
610,6.09,6.1000000000000005,0.01,0x1.47ae147ae147bp-7,0x1.8666666666667p+2,3510645981527849115/576460752303423488,1758205294525441675/288230376151711744,True,10,6,-0.16443207217350608,-0.00961319435847665,2.002852907993579,2.1651494450501376,-0.16443207217350594,-0.0096131943584767,2.0028529079935824,2.165149445050134,-0.1851695552297307,-0.0096087126463038,1.9813351348410706,2.165157535573658,-0.18516955522973041,-0.009608712646303941,1.9813351348410762,2.1651575355736496
611,6.1000000000000005,6.11,0.01,0x1.47ae147ae147bp-7,0x1.870a3d70a3d71p+2,1758205294525441675/288230376151711744,3522175196573917585/576460752303423488,True,11,6,-0.1442844300673843,0.012136179338814137,2.024011861169973,2.18716797062131,-0.14428443006738417,0.012136179338814088,2.0240118611699764,2.187167970621306,-0.16523811828238014,0.012141350221844843,2.0024126905330872,2.1871764791553923,-0.1652381182823799,0.01214135022184469,2.0024126905330952,2.187176479155384
612,6.11,6.12,0.01,0x1.47ae147ae147bp-7,0x1.87ae147ae147bp+2,3522175196573917585/576460752303423488,881984951024237955/144115188075855872,True,12,6,-0.12392265640563593,0.0341038972287225,2.045290990850168,2.209192683312113,-0.12392265640563586,0.03410389722872245,2.045290990850172,2.209192683312109,-0.14509330648914498,0.034109791891458116,2.0236281663719824,2.2092016199520343,-0.14509330648914473,0.034109791891458005,2.0236281663719913,2.2092016199520255
613,6.12,6.13,0.01,0x1.47ae147ae147bp-7,0x1.8851eb851eb85p+2,881984951024237955/144115188075855872,3533704411619986055/576460752303423488,True,13,6,-0.10334548647348973,0.05628977067301179,2.066675840937739,2.231199905586388,-0.10334548647348966,0.05628977067301174,2.0666758409377426,2.2311999055863843,-0.12473367205371852,0.05629642471117594,2.0449684216771606,2.2312092793314013,-0.12473367205371838,0.05629642471117585,2.044968421677169,2.231209279331393
614,6.13,6.140000000000001,0.01,0x1.47ae147ae147bp-7,0x1.88f5c28f5c290p+2,3533704411619986055/576460752303423488,1769734509571510145/288230376151711744,True,14,6,-0.08255180629748572,0.0786933668711085,2.0881507742327474,2.2531644167774676,-0.08255180629748567,0.07869336687110844,2.088150774232751,2.253164416777464,-0.10415790449567917,0.07870081682655972,2.06641918291863,2.2531742353459396,-0.10415790449567905,0.0787008168265596,2.0664191829186387,2.253174235345931
615,6.140000000000001,6.15,0.01,0x1.47ae147ae147bp-7,0x1.899999999999ap+2,1769734509571510145/288230376151711744,3545233626666054525/576460752303423488,True,15,6,-0.061540673781416956,0.10131400228078234,2.1096910211737323,2.2750673114761986,-0.061540673781416914,0.10131400228078226,2.109691021173736,2.275067311476195,-0.08336485130201876,0.10132228558948643,2.0879622490608027,2.2750724229300996,-0.08336485130201865,0.1013222855894863,2.0879622490608116,2.2750724229300907
616,6.15,6.16,0.01,0x1.47ae147ae147bp-7,0x1.8a3d70a3d70a4p+2,3545233626666054525/576460752303423488,443874779273636095/72057594037927936,True,16,6,-0.04031132606491298,0.12415072135142516,2.1312826126057787,2.2968759779254433,-0.04031132606491293,0.12415072135142509,2.1312826126057827,2.2968759779254397,-0.06235356501761867,0.12415991647821811,2.109563406433247,2.2968929281281603,-0.06235356501761859,0.12415991647821796,2.1095634064332556,2.2968929281281523
617,6.16,6.17,0.01,0x1.47ae147ae147bp-7,0x1.8ae147ae147aep+2,443874779273636095/72057594037927936,3556762841712122995/576460752303423488,True,17,6,-0.018863120160242244,0.1472022076722401,2.1529084806709857,2.3185579135133367,-0.018863120160242185,0.14720220767223996,2.1529084806709893,2.318557913513333,-0.04112312934331138,0.14721236013855166,2.1312211710712288,2.318589159554797,-0.04112312934331127,0.14721236013855135,2.131221171071237,2.3185891595547887
618,6.17,6.18,0.01,0x1.47ae147ae147bp-7,0x1.8b851eb851eb8p+2,3556762841712122995/576460752303423488,1781263724617578615/288230376151711744,True,18,6,0.0028040637001078977,0.17046715684109487,2.174518864714685,2.3401102231203823,0.0028040637001079424,0.1704671568410947,2.174518864714689,2.3401102231203788,-0.019673165927096108,0.17047830909940742,2.152888943957137,2.340156594261822,-0.019673165927095965,0.17047830909940712,2.1528889439571444,2.3401565942618148
619,6.18,6.19,0.01,0x1.47ae147ae147bp-7,0x1.8c28f5c28f5c3p+2,1781263724617578615/288230376151711744,3568292056758191465/576460752303423488,True,19,6,0.024689716029026622,0.19394435193041526,2.196020934364837,2.361569972500777,0.024689716029026677,0.19394435193041512,2.1960209343648405,2.361569972500774,0.0019960861321646015,0.19395654707666646,2.174475444408353,2.361632317059221,0.001996086132164714,0.19395654707666618,2.1744754444083614,2.361632317059213
620,6.19,6.2,0.01,0x1.47ae147ae147bp-7,0x1.8cccccccccccdp+2,3568292056758191465/576460752303423488,893514166070306425/144115188075855872,True,20,6,0.04679363355901755,0.21763169600615023,2.217374026388597,2.38291885859978,0.04679363355901763,0.2176316960061501,2.2173740263886,2.3829188585997767,0.023884709918089282,0.21764497766094645,2.1959415924017534,2.382998040962604,0.023884709918089404,0.21764497766094612,2.1959415924017622,2.3829980409625957
621,6.2,6.21,0.01,0x1.47ae147ae147bp-7,0x1.8d70a3d70a3d7p+2,893514166070306425/144115188075855872,3579821271804259935/576460752303423488,True,21,6,0.06911655655292714,0.24152554255239625,2.2386551854457024,2.404017616621326,0.06911655655292726,0.24152554255239608,2.238655185445705,2.404017616621323,0.04599374834946911,0.24153995468073333,2.21736605929311,2.404114499200265,0.045993748349469385,0.24153995468073294,2.217366059293118,2.404114499200257
622,6.21,6.22,0.01,0x1.47ae147ae147bp-7,0x1.8e147ae147ae1p+2,3579821271804259935/576460752303423488,1792792939663647085/288230376151711744,True,22,6,0.09165794694314015,0.26562288468306716,2.2598373617979037,2.4248277879545066,0.09165794694314025,0.2656228846830669,2.2598373617979073,2.424827787954503,0.06832298249947309,0.2656384714599348,2.2387234388249535,2.4249432340138033,0.0683229824994734,0.2656384714599342,2.2387234388249615,2.4249432340137953
623,6.22,6.23,0.01,0x1.47ae147ae147bp-7,0x1.8eb851eb851ecp+2,1792792939663647085/288230376151711744,3591350486850328405/576460752303423488,True,23,6,0.11441699285990403,0.2899203175885258,2.2808919763640643,2.445309129552251,0.11441699285990416,0.28992031758852554,2.280891976364068,2.445309129552247,0.09087193632474355,0.28993712322753595,2.259986813083971,2.4454439985367205,0.09087193632474383,0.2899371232275354,2.2599868130839784,2.4454439985367125
624,6.23,6.24,0.01,0x1.47ae147ae147bp-7,0x1.8f5c28f5c28f6p+2,3591350486850328405/576460752303423488,224819693398335165/36028797018963968,True,24,6,0.13739259159611333,0.3144140223365595,2.3017888947656338,2.465419626858545,0.13739259159611347,0.3144140223365593,2.301788894765637,2.4654196268585418,0.11363985974176673,0.31443209090081475,2.281127719617107,2.4655747692493186,0.11363985974176705,0.3144320909008142,2.2811277196171162,2.4655747692493097
625,6.24,6.25,0.01,0x1.47ae147ae147bp-7,0x1.9000000000000p+2,224819693398335165/36028797018963968,3602879701896396875/576460752303423488,True,25,6,0.1605833333554799,0.33909974877462173,2.322496398069925,2.485115518107663,0.16058333335548006,0.3390997487746214,2.3224963980699282,2.4851155181076594,0.13662571240914917,0.3391191239691431,2.3021161144185283,2.48529176980006,0.13662571240914959,0.33911912396914246,2.3021161144185363,2.4852917698000514
626,6.25,6.26,0.01,0x1.47ae147ae147bp-7,0x1.90a3d70a3d70ap+2,3602879701896396875/576460752303423488,1804322154709715555/288230376151711744,True,26,6,0.18398748407185214,0.36397280000546095,2.342981198322102,2.504351342265707,0.18398748407185236,0.3639728000054606,2.3429811983221054,2.5043513422657036,0.15982814649456026,0.3639935249510601,2.322920378847456,2.504549518472223,0.15982814649456067,0.3639935249510594,2.3229203788474653,2.5045495184722135
627,6.26,6.2700000000000005,0.01,0x1.47ae147ae147bp-7,0x1.9147ae147ae15p+2,1804322154709715555/288230376151711744,3614408916942465345/576460752303423488,True,27,6,0.20760296810421927,0.3890280164975692,2.363208414969772,2.5230799638194674,0.20760296810421947,0.38902801649756885,2.3632084149697756,2.5230799638194643,0.18324548922239664,0.3890501334858952,2.343507286571338,2.5233008524953804,0.18324548922239722,0.3890501334858944,2.3435072865713455,2.5233008524953733
628,6.2700000000000005,6.28,0.01,0x1.47ae147ae147bp-7,0x1.91eb851eb851fp+2,3614408916942465345/576460752303423488,905043381116374895/144115188075855872,True,28,6,0.23142571495661046,0.41426139723780664,2.383141515410153,2.541252704119749,0.23142571495661066,0.4142613972378063,2.3831415154101565,2.5412527041197452,0.20687408893183273,0.41428494787811226,2.363841933730441,2.5414970589366637,0.20687408893183334,0.4142849478781116,2.3638419337304497,2.5414970589366552
629,6.28,6.29,0.01,0x1.47ae147ae147bp-7,0x1.928f5c28f5c29p+2,905043381116374895/144115188075855872,3625938131988533815/576460752303423488,True,29,6,0.2554538308182752,0.43966589681470286,2.4027424787000426,2.558819284413358,0.2554538308182756,0.43966589681470253,2.4027424787000458,2.558819284413355,0.23071248725039578,0.4396909211643721,2.383887891388081,2.5590878172862164,0.23071248725039636,0.43969092116437125,2.38388789138809,2.5590878172862075
630,6.29,6.3,0.01,0x1.47ae147ae147bp-7,0x1.9333333333333p+2,3625938131988533815/576460752303423488,1815851369755784025/288230376151711744,True,30,6,0.2796847271927012,0.46523426627006936,2.4219717340338986,2.575727988686889,0.27968472719270154,0.46523426627006903,2.421971734033902,2.5757279886868854,0.25475854661310793,0.46526080257081714,2.403607131855059,2.57602136189259,0.2547585466131087,0.4652608025708163,2.4036071318550665,2.5760213618925825
631,6.3,6.3100000000000005,0.01,0x1.47ae147ae147bp-7,0x1.93d70a3d70a3ep+2,1815851369755784025/288230376151711744,3637467347034602285/576460752303423488,True,31,6,0.30411478963811633,0.49095935515968864,2.4407881742558564,2.591925788878912,0.3041147896381166,0.49095935515968836,2.4407881742558595,2.5919257888789082,0.2790091182760373,0.49098743966672614,2.422960029181551,2.592244606806337,0.27900911827603814,0.49098743966672537,2.42296002918156,2.5922446068063283
632,6.3100000000000005,6.32,0.01,0x1.47ae147ae147bp-7,0x1.947ae147ae148p+2,3637467347034602285/576460752303423488,455403994319704565/72057594037927936,True,32,6,0.3287399758061042,0.5168334858805611,2.459149219480079,2.6073584525637683,0.3287399758061045,0.5168334858805607,2.459149219480082,2.607358452563765,0.3034606397452982,0.5168631525295421,2.4419054089276995,2.6077032531418283,0.303460639745299,0.516863152529541,2.4419054089277075,2.6077032531418203
633,6.32,6.33,0.01,0x1.47ae147ae147bp-7,0x1.951eb851eb852p+2,455403994319704565/72057594037927936,3648996562080670755/576460752303423488,True,33,6,0.3535557994250948,0.5428484438909694,2.4770108669420803,2.6219706931546733,0.3535557994250951,0.5428484438909689,2.477010866942084,2.6219706931546702,0.3281091178579874,0.5428797239502673,2.4604005833784943,2.622341939021681,0.32810911785798813,0.542879723950266,2.460400583378502,2.622341939021673
634,6.33,6.34,0.01,0x1.47ae147ae147bp-7,0x1.95c28f5c28f5cp+2,3648996562080670755/576460752303423488,1827380584801852495/288230376151711744,True,34,6,0.3785573129406431,0.5689954714220006,2.494327756197186,2.6357063367602334,0.3785573129406434,0.5689954714220001,2.49432775619719,2.63570633676023,0.3529501103652366,0.5690283931327332,2.4784014013884827,2.6361044062454946,0.3529501103652374,0.5690283931327321,2.4784014013884925,2.6361044062454857
635,6.34,6.3500000000000005,0.01,0x1.47ae147ae147bp-7,0x1.9666666666667p+2,1827380584801852495/288230376151711744,3660525777126739225/576460752303423488,True,35,6,0.40373909256987345,0.5952652609423095,2.5110532397569982,2.648508486970806,0.4037390925698737,0.5952652609423089,2.511053239757002,2.648508486970803,0.3779787097694851,0.5952998491478002,2.4958623030303064,2.6489336649714557,0.3779787097694858,0.595299849147799,2.4958623030303144,2.6489336649714477
636,6.3500000000000005,6.36,0.01,0x1.47ae147ae147bp-7,0x1.970a3d70a3d71p+2,3660525777126739225/576460752303423488,916572596162443365/144115188075855872,True,36,6,0.42909522351053014,0.6216479519165301,2.5271394864069587,2.660319756669185,0.4290952235105306,0.6216479519165296,2.527139486406962,2.6603197566691814,0.4031895271502531,0.6216842276840935,2.512736185057743,2.660772446852329,0.4031895271502538,0.621684227684092,2.512736185057751,2.660772446852321
637,6.36,6.37,0.01,0x1.47ae147ae147bp-7,0x1.97ae147ae147bp+2,916572596162443365/144115188075855872,3672054992172807695/576460752303423488,True,37,6,0.4546192856724966,0.6481331295959072,2.542537591189692,2.6710824706805925,0.45461928567249704,0.6481331295959065,2.5425375911896957,2.671082470680589,0.42857667634231317,0.6481711098341086,2.5289749784945985,2.671562923248702,0.42857667634231444,0.6481711098341072,2.5289749784946065,2.671562923248694
638,6.37,6.38,0.01,0x1.47ae147ae147bp-7,0x1.9851eb851eb85p+2,3672054992172807695/576460752303423488,1838909799847920965/288230376151711744,True,38,6,0.48030434093822405,0.6747098258084802,2.5571976923181947,2.6807389029172217,0.48030434093822455,0.6747098258084794,2.5571976923181983,2.680738902917218,0.45413375947028684,0.6747495228831742,2.544529591167877,2.681247099775145,0.454133759470288,0.6747495228831728,2.5445295911678847,2.681247099775138
639,6.38,6.390000000000001,0.01,0x1.47ae147ae147bp-7,0x1.98f5c28f5c290p+2,1838909799847920965/288230376151711744,3683584207218876165/576460752303423488,True,39,6,0.5061429215852304,0.7013665225164587,2.5710691075485,2.689231541490028,0.506142921585231,0.7013665225164581,2.571069107548503,2.6892315414900247,0.4798538534715694,0.701407943869538,2.5593497730934893,2.689767335448399,0.4798538534715706,0.7014079438695364,2.5593497730934973,2.6897673354483915
640,6.390000000000001,6.4,0.01,0x1.47ae147ae147bp-7,0x1.999999999999ap+2,3683584207218876165/576460752303423488,28823037615171175/4503599627370496,True,40,6,0.5321270201436106,0.7280911581436231,2.5841004803309167,2.696503384913052,0.5321270201436112,0.7280911581436225,2.5841004803309198,2.696503384913049,0.5057294978814728,0.7281343059187164,2.5733843875623976,2.6970664972287803,0.5057294978814744,0.7281343059187149,2.5733843875624056,2.697066497228772
641,6.4,6.41,0.01,0x1.47ae147ae147bp-7,0x1.9a3d70a3d70a4p+2,28823037615171175/4503599627370496,3695113422264944635/576460752303423488,True,41,6,0.5582480794724507,0.7548711376339117,2.5962398998175784,2.7024982458949993,0.5582480794724514,0.754871137633911,2.596239899817581,2.7024982458949967,0.5317526826668291,0.7549160083141888,2.5865815273091903,2.703088251358686,0.5317526826668305,0.7549160083141874,2.5865815273091983,2.703088251358678
642,6.41,6.42,0.01,0x1.47ae147ae147bp-7,0x1.9ae147ae147aep+2,3695113422264944635/576460752303423488,1850439014893989435/288230376151711744,True,42,6,0.5844969857868655,0.7816933450954652,2.607435150660708,2.707161032091718,0.584496985786866,0.7816933450954646,2.6074351506607116,2.7071610320917143,0.5579148388456572,0.7817399291583174,2.59888874316111,2.7077773496387967,0.5579148388456587,0.7817399291583158,2.598888743161118,2.7077773496387882
643,6.42,6.43,0.01,0x1.47ae147ae147bp-7,0x1.9b851eb851eb8p+2,1850439014893989435/288230376151711744,3706642637311013105/576460752303423488,True,43,6,0.6108640640012786,0.808544158871175,2.6176336329933263,2.7104383519038926,0.6108640640012791,0.8085441588711744,2.6176336329933294,2.7104383519038895,0.5842068312667662,0.8085924404641759,2.610252941960104,2.711080242571033,0.5842068312667676,0.8085924404641743,2.610252941960112,2.7110802425710245
644,6.43,6.44,0.01,0x1.47ae147ae147bp-7,0x1.9c28f5c28f5c3p+2,3706642637311013105/576460752303423488,928101811208511835/144115188075855872,True,44,6,0.6373390700486922,0.8354094745514666,2.6267825061048837,2.712278878688051,0.6373390700486928,0.835409474551466,2.626782506104887,2.712278878688048,0.6106189482155219,0.8354594311979379,2.6206205193146985,2.712945440949863,0.6106189482155235,0.8354594311979363,2.6206205193147065,2.712945440949854
645,6.44,6.45,0.01,0x1.47ae147ae147bp-7,0x1.9cccccccccccdp+2,928101811208511835/144115188075855872,3718171852357081575/576460752303423488,True,45,6,0.6639102891129885,0.8622756284797067,2.634829735101616,2.7126329119461845,0.6639102891129892,0.8622756284797062,2.6348297351016194,2.712632911946181,0.63713999634882,0.8623272312692338,2.6299383935657867,2.713323077639644,0.6371399963488218,0.8623272312692322,2.629938393565795,2.713323077639636
646,6.45,6.46,0.01,0x1.47ae147ae147bp-7,0x1.9d70a3d70a3d7p+2,3718171852357081575/576460752303423488,1861968229940057905/288230376151711744,True,46,6,0.6905649132717605,0.8891290472566735,2.641723818436493,2.7114532377046583,0.6905649132717612,0.8891290472566729,2.641723818436496,2.711453237704655,0.6637576755009442,0.8891822609474647,2.6381537211344583,2.712165769736942,0.6637576755009458,0.8891822609474632,2.638153721134467,2.7121657697369335
647,6.46,6.47,0.01,0x1.47ae147ae147bp-7,0x1.9e147ae147ae1p+2,1861968229940057905/288230376151711744,3729701067403150045/576460752303423488,True,47,6,0.717293033996505,0.9159522885889275,2.6474144656436893,2.7086950811169666,0.7172930339965057,0.9159522885889269,2.6474144656436924,2.7086950811169634,0.6904625701897725,0.9160070696847169,2.645214564856574,2.7094285721543185,0.6904625701897741,0.9160070696847153,2.6452145648565817,2.709428572154311
648,6.47,6.48,0.01,0x1.47ae147ae147bp-7,0x1.9eb851eb851ecp+2,3729701067403150045/576460752303423488,466933209365773035/72057594037927936,True,48,6,0.7440798543881172,0.9427318683391657,2.651726656034885,2.7044426379960633,0.7440798543881177,0.942731868339165,2.6517266560348887,2.70444263799606,0.7172403550096553,0.9427881669161128,2.650943821497868,2.705195634161594,0.7172403550096568,0.9427881669161112,2.650943821497876,2.7051956341615866
649,6.48,6.49,0.01,0x1.47ae147ae147bp-7,0x1.9f5c28f5c28f6p+2,466933209365773035/72057594037927936,3741230282449218515/576460752303423488,True,49,6,0.7708748930947982,0.9694891026893261,2.650734782845829,2.7025355998200404,0.7708748930947988,0.9694891026893254,2.6507347828458325,2.702535599820037,0.7440374711429297,0.9695503884872788,2.650706699643458,2.7040133869790046,0.7440374711429311,0.9695503884872774,2.6507066996434654,2.7040133869789966
650,6.49,6.5,0.01,0x1.47ae147ae147bp-7,0x1.a000000000000p+2,3741230282449218515/576460752303423488,1873497444986126375/288230376151711744,True,50,6,0.797663451259177,0.9962086928387741,2.644277367905265,2.7030550439998486,0.7976634512591776,0.9962086928387734,2.6442773679052687,2.703055043999845,0.7708391709978437,0.9962789004965179,2.6442444805262,2.706057386958066,0.7708391709978454,0.9962789004965164,2.644244480526208,2.706057386958058
651,6.5,6.51,0.01,0x1.47ae147ae147bp-7,0x1.a0a3d70a3d70ap+2,1873497444986126375/288230376151711744,3752759497495286985/576460752303423488,True,51,6,0.8244631355563103,1.022842260276659,2.63548161068799,2.7027995070137725,0.8244631355563109,1.022842260276658,2.635481610687993,2.70279950701377,0.7976672577316709,1.0229215149221942,2.6354429002954487,2.707364557531467,0.7976672577316725,1.022921514922192,2.6354429002954562,2.707364557531459
652,6.51,6.5200000000000005,0.01,0x1.47ae147ae147bp-7,0x1.a147ae147ae15p+2,3752759497495286985/576460752303423488,939631026254580305/144115188075855872,True,52,6,0.8512541900670809,1.0493780799341543,2.6237810766114804,2.70226793185869,0.8512541900670816,1.0493780799341534,2.623781076611483,2.7022679318586875,0.8245023515289026,1.0494664852462163,2.62373489201278,2.7084310881419524,0.8245023515289043,1.0494664852462143,2.6237348920127883,2.708431088141944
653,6.5200000000000005,6.53,0.01,0x1.47ae147ae147bp-7,0x1.a1eb851eb851fp+2,939631026254580305/144115188075855872,3764288712541355455/576460752303423488,True,53,6,0.8780328638352703,1.075787783100199,2.6102608117490678,2.700315150473755,0.878032863835271,1.075787783100198,2.6102608117490704,2.7003151504737515,0.8513410494468739,1.0758854140254104,2.61020666904314,2.7081069564616183,0.8513410494468754,1.0758854140254084,2.610206669043147,2.7081069564616103
654,6.53,6.54,0.01,0x1.47ae147ae147bp-7,0x1.a28f5c28f5c29p+2,3764288712541355455/576460752303423488,1885026660032194845/288230376151711744,True,54,6,0.9047626332034746,1.1020752113195564,2.5950336495652446,2.696776045032705,0.9047626332034753,1.1020752113195555,2.595033649565248,2.6967760450327014,0.8781471214052826,1.1021821301818493,2.5949712364263746,2.7062228969278683,0.8781471214052842,1.1021821301818464,2.594971236426383,2.7062228969278594
655,6.54,6.55,0.01,0x1.47ae147ae147bp-7,0x1.a333333333333p+2,1885026660032194845/288230376151711744,3775817927587423925/576460752303423488,True,55,6,0.931425759920431,1.128224941641786,2.5780940303000386,2.6916124942922974,0.9314257599204319,1.1282249416417849,2.5780940303000417,2.691612494292294,0.9049030596794017,1.1283412200479257,2.5780161861133695,2.7027433865881605,0.904903059679404,1.1283412200479228,2.578016186113377,2.702743386588152
656,6.55,6.5600000000000005,0.01,0x1.47ae147ae147bp-7,0x1.a3d70a3d70a3ep+2,3775817927587423925/576460752303423488,236348908444403635/36028797018963968,True,56,6,0.9579926139734081,1.1542330505418927,2.559440815975493,2.684790906149711,0.957992613973409,1.1542330505418914,2.5594408159754964,2.6847909061497073,0.9315792122803898,1.1543589780919563,2.559293099009805,2.697677609445854,0.9315792122803922,1.1543589780919532,2.5592930990098135,2.6976776094458454
657,6.5600000000000005,6.57,0.01,0x1.47ae147ae147bp-7,0x1.a47ae147ae148p+2,236348908444403635/36028797018963968,3787347142633492395/576460752303423488,True,57,6,0.9844308782957122,1.1800980019427325,2.539020965147078,2.676339059039519,0.984430878295713,1.1800980019427316,2.539020965147081,2.676339059039516,0.9581436297463395,1.1802336504153847,2.538788978045394,2.6910085617955857,0.9581436297463418,1.180233650415382,2.538788978045402,2.6910085617955777
658,6.57,6.58,0.01,0x1.47ae147ae147bp-7,0x1.a51eb851eb852p+2,3787347142633492395/576460752303423488,1896555875078263315/288230376151711744,True,58,6,1.0107770405523466,1.20574925381826,2.5168609554380583,2.6662154136720524,1.0107770405523477,1.2057492538182588,2.516860955438062,2.6662154136720484,0.9846329621561278,1.2058946339254835,2.5165298877409215,2.682690172508935,0.9846329621561304,1.2058946339254806,2.5165298877409286,2.6826901725089276
659,6.58,6.59,0.01,0x1.47ae147ae147bp-7,0x1.a5c28f5c28f5cp+2,1896555875078263315/288230376151711744,3798876357679560865/576460752303423488,True,59,6,1.0370152440976173,1.2311685055026291,2.4930197507149843,2.654355962544264,1.0370152440976184,1.2311685055026278,2.4930197507149874,2.654355962544261,1.0110314336414783,1.2313235981593793,2.4925746980476093,2.67265340461701,1.0110314336414812,1.2313235981593762,2.4925746980476178,2.672653404617002
660,6.59,6.6000000000000005,0.01,0x1.47ae147ae147bp-7,0x1.a666666666667p+2,3798876357679560865/576460752303423488,951160241300648775/144115188075855872,True,60,6,1.0631290329361303,1.256338057610233,2.467518945682082,2.6407445959075386,1.0631290329361318,1.2563380576102314,2.467518945682085,2.640744595907535,1.0373226152541284,1.2565028156695122,2.466944078618567,2.6608778032624807,1.0373226152541317,1.2565028156695088,2.466944078618575,2.6608778032624723
661,6.6000000000000005,6.61,0.01,0x1.47ae147ae147bp-7,0x1.a70a3d70a3d71p+2,951160241300648775/144115188075855872,3810405572725629335/576460752303423488,True,61,6,1.0891018373602313,1.2812404330131053,2.4403868752027487,2.625369220721781,1.0891018373602324,1.2812404330131042,2.4403868752027518,2.6253692207217774,1.0634899160153017,1.2814147762906432,2.4396672991975263,2.647344957882921,1.0634899160153046,1.2814147762906403,2.439667299197534,2.647344957882913
662,6.61,6.62,0.01,0x1.47ae147ae147bp-7,0x1.a7ae147ae147bp+2,3810405572725629335/576460752303423488,1908085090124331785/288230376151711744,True,62,6,1.1149170034347555,1.3058584558872468,2.411656860588754,2.6082236719063694,1.1149170034347566,1.3058584558872457,2.4116568605887574,2.608223671906366,1.0895166047654665,1.3060422728775252,2.41077789488643,2.6320430310666785,1.0895166047654699,1.306042272877522,2.4107778948864382,2.63204303106667
663,6.62,6.63,0.01,0x1.47ae147ae147bp-7,0x1.a851eb851eb85p+2,1908085090124331785/288230376151711744,3821934787771697805/576460752303423488,True,63,6,1.1405577268987555,1.3301754270830144,2.381355632486032,2.5893193303149684,1.1405577268987566,1.3301754270830133,2.3813556324860348,2.5893193303149653,1.115385744814852,1.330368575358473,2.380302821365986,2.6149776826611824,1.115385744814855,1.33036857535847,2.3803028213659942,2.614977682661174
664,6.63,6.640000000000001,0.01,0x1.47ae147ae147bp-7,0x1.a8f5c28f5c290p+2,3821934787771697805/576460752303423488,478462424411841505/72057594037927936,True,64,6,1.1660072963761972,1.3541749915058576,2.3495226384446455,2.5686658736654264,1.1660072963761985,1.3541749915058563,2.3495226384446495,2.5686658736654224,1.1410804374856636,1.354377297608797,2.3482819194414977,2.59615270363076,1.1410804374856667,1.3543772976087938,2.3482819194415057,2.5961527036307515
665,6.640000000000001,6.65,0.01,0x1.47ae147ae147bp-7,0x1.a99999999999ap+2,478462424411841505/72057594037927936,3833464002817766275/576460752303423488,True,65,6,1.191249239136961,1.3778411019967078,2.3162218721616363,2.5462593747524482,1.191249239136962,1.3778411019967065,2.31622187216164,2.546259374752445,1.166583968831864,1.3780523606008206,2.3147798240372293,2.5755580753675695,1.1665839688318669,1.3780523606008175,2.3147798240372377,2.5755580753675615
666,6.65,6.66,0.01,0x1.47ae147ae147bp-7,0x1.aa3d70a3d70a4p+2,3833464002817766275/576460752303423488,1919614305170400255/288230376151711744,True,66,6,1.2162670684856491,1.4011583793789986,2.281506672782806,2.5221172533198866,1.2162670684856505,1.4011583793789972,2.281506672782809,2.5221172533198835,1.1918795480785098,1.4013783620398486,2.279848419649308,2.553207306687624,1.1918795480785127,1.4013783620398452,2.2798484196493165,2.553207306687616
667,6.66,6.67,0.01,0x1.47ae147ae147bp-7,0x1.aae147ae147aep+2,1919614305170400255/288230376151711744,3844993217863834745/576460752303423488,True,67,6,1.2410444627527992,1.4241120399581573,2.2454348441070593,2.4962629426432477,1.2410444627528006,1.424112039958156,2.2454348441070624,2.496262942643244,1.2169504788490102,1.4243405126797049,2.243539119007792,2.5291249821131854,1.216950478849013,1.4243405126797017,2.2435391190078007,2.529124982113176
668,6.67,6.68,0.01,0x1.47ae147ae147bp-7,0x1.ab851eb851eb8p+2,3844993217863834745/576460752303423488,962689456346717245/144115188075855872,True,68,6,1.2655653167869667,1.4466879472313807,2.2080688228196403,2.4687253891178074,1.265565316786968,1.4466879472313794,2.208068822819644,2.4687253891178043,1.2417802854766804,1.4469246146738222,2.205925084206824,2.503324249051301,1.2417802854766833,1.446924614673819,2.205925084206832,2.503324249051293
669,6.68,6.69,0.01,0x1.47ae147ae147bp-7,0x1.ac28f5c28f5c3p+2,962689456346717245/144115188075855872,3856522432909903215/576460752303423488,True,69,6,1.2898138026086339,1.4688726507160201,2.1694752431244764,2.4395390769797407,1.289813802608635,1.468872650716019,2.16947524312448,2.4395390769797376,1.2663526863806474,1.4691171895416235,2.1670741480562645,2.475833525060398,1.2663526863806505,1.4691171895416204,2.167074148056272,2.4758335250603896
670,6.69,6.7,0.01,0x1.47ae147ae147bp-7,0x1.acccccccccccdp+2,3856522432909903215/576460752303423488,1931143520216468725/288230376151711744,True,70,6,1.3137744207764908,1.49065342940957,2.1297242953345368,2.408744167288973,1.3137744207764919,1.4906534294095688,2.12972429533454,2.4087441672889693,1.2906516795827523,1.4909054897221645,2.1270578017050696,2.4466870453022187,1.2906516795827556,1.4909054897221612,2.127057801705079,2.4466870453022107
671,6.7,6.71,0.01,0x1.47ae147ae147bp-7,0x1.ad70a3d70a3d7p+2,1931143520216468725/288230376151711744,3868051647955971685/576460752303423488,True,71,6,1.3374320504994537,1.512018330929701,2.0888892520084292,2.37638636316199,1.3374320504994548,1.5120183309296997,2.088889252008433,2.376386363161986,1.3146615952120266,1.5122775379300237,2.0859507070250864,2.4159247767506917,1.3146615952120293,1.5122775379300206,2.085950707025094,2.4159247767506837
672,6.71,6.72,0.01,0x1.47ae147ae147bp-7,0x1.ae147ae147ae1p+2,3868051647955971685/576460752303423488,121056757983718935/18014398509481984,True,72,6,1.3607719992522493,1.5329562084071056,2.047046299267579,2.342516719956878,1.3607719992522505,1.5329562084071042,2.0470462992675826,2.3425167199568744,1.3383671478649755,1.5332221642505799,2.0438305127158447,2.3835922760523744,1.3383671478649783,1.533222164250577,2.043830512715853,2.3835922760523665
673,6.72,6.73,0.01,0x1.47ae147ae147bp-7,0x1.aeb851eb851ecp+2,121056757983718935/18014398509481984,3879580863002040155/576460752303423488,True,73,6,1.3837789072454525,1.5534578903810785,2.0041602207013876,2.3073049763975852,1.3837789072454536,1.5534578903810772,2.0041602207013907,2.3073049763975817,1.3617523311416513,1.5537301892256732,2.0006608724235386,2.3498567157035137,1.361752331141654,1.55373018922567,2.0006608724235475,2.349856715703505
674,6.73,6.74,0.01,0x1.47ae147ae147bp-7,0x1.af5c28f5c28f6p+2,3879580863002040155/576460752303423488,1942672735262537195/288230376151711744,True,74,6,1.4064374158218589,1.5735155837792374,1.9601463089930047,2.2709770204846484,1.40643741582186,1.573515583779236,1.9601463089930067,2.270977020484645,1.3848010932971093,1.573793823109433,1.9563541456633957,2.3149435863525327,1.3848010932971122,1.57379382310943,1.9563541456634013,2.314943586352525
675,6.74,6.75,0.01,0x1.47ae147ae147bp-7,0x1.b000000000000p+2,1942672735262537195/288230376151711744,3891110078048108625/576460752303423488,True,75,6,1.4287372114015167,1.5931178927835226,1.9153678924654884,2.2333166151324364,1.4287372114015178,1.5931178927835212,1.9153678924654904,2.233316615132433,1.4075024466182673,1.5934016230712682,1.9112814734106267,2.2786258951829055,1.4075024466182702,1.593401623071265,1.9112814734106323,2.2786258951828975
676,6.75,6.76,0.01,0x1.47ae147ae147bp-7,0x1.b0a3d70a3d70ap+2,3891110078048108625/576460752303423488,974218671392785715/144115188075855872,True,76,6,1.4506657646542898,1.6122571344331058,1.8699090122222857,2.194391873802987,1.4506657646542909,1.6122571344331047,1.8699090122222874,2.1943918738029837,1.429843127527315,1.6125458918340843,1.8655285461126243,2.2409675683164445,1.4298431275273182,1.6125458918340811,1.8655285461126296,2.240967568316436
677,6.76,6.7700000000000005,0.01,0x1.47ae147ae147bp-7,0x1.b147ae147ae15p+2,974218671392785715/144115188075855872,3902639293094177095/576460752303423488,True,77,6,1.4722111841190297,1.6309265316257184,1.823854090124225,2.1542747699053106,1.472211184119031,1.6309265316257173,1.8238540901242268,2.1542747699053075,1.4518104845166875,1.6312198404808576,1.8191812873283364,2.202036957863584,1.4518104845166904,1.6312198404808547,1.8191812873283408,2.2020369578635757
678,6.7700000000000005,6.78,0.01,0x1.47ae147ae147bp-7,0x1.b1eb851eb851fp+2,3902639293094177095/576460752303423488,1954201950308605665/288230376151711744,True,78,6,1.4933622510476003,1.6491202164052072,1.7772876331048566,2.1130405781273325,1.4933622510476015,1.6491202164052061,1.7772876331048584,2.11304057812733,1.4733925171817943,1.6494175917855667,1.7723252760286843,2.161906574152593,1.4733925171817974,1.6494175917855638,1.7723252760286885,2.1619065741525856
679,6.78,6.79,0.01,0x1.47ae147ae147bp-7,0x1.b28f5c28f5c29p+2,1954201950308605665/288230376151711744,3914168508140245565/576460752303423488,True,79,6,1.5141084490733163,1.6668332298273523,1.7302938041906228,2.0707674401771876,1.5141084490733174,1.6668332298273514,1.7302938041906246,2.0707674401771845,1.494577910155016,1.6671341801120523,1.7250469525910501,2.1206510209205875,1.4945779101550192,1.6671341801120494,1.7250469525910543,2.1206510209205804
680,6.79,6.8,0.01,0x1.47ae147ae147bp-7,0x1.b333333333333p+2,3914168508140245565/576460752303423488,489991639457909975/72057594037927936,True,80,6,1.5344399903603838,1.68406151670312,1.6829559755759962,2.0275359484116,1.5344399903603851,1.684061516703119,1.682955975575998,2.027535948411597,1.5153560635648533,1.6843655461682827,1.6774312299330743,2.0783485208962746,1.5153560635648566,1.6843655461682796,1.677431229933078,2.078348520896268
681,6.8,6.8100000000000005,0.01,0x1.47ae147ae147bp-7,0x1.b3d70a3d70a3ep+2,489991639457909975/72057594037927936,3925697723186314035/576460752303423488,True,81,6,1.554347836981663,1.700801916514925,1.6353563040165682,1.983428715669858,1.5543478369816643,1.700801916514924,1.63535630401657,1.9834287156698562,1.5357171187270273,1.7011085279085347,1.6295617340054012,2.035079816255167,1.5357171187270304,1.7011085279085316,1.6295617340054056,2.035079816255161
682,6.8100000000000005,6.82,0.01,0x1.47ae147ae147bp-7,0x1.b47ae147ae148p+2,3925697723186314035/576460752303423488,1965731165354674135/288230376151711744,True,82,6,1.5738237197819183,1.717052148375748,1.5875754259989814,1.9385298420773143,1.5738237197819194,1.7170521483757468,1.587575425998983,1.9385298420773127,1.5556519812989693,1.7173608454370313,1.5815204734301567,1.9909276525689037,1.5556519812989722,1.7173608454370284,1.581520473430161,1.9909276525688997
683,6.82,6.83,0.01,0x1.47ae147ae147bp-7,0x1.b51eb851eb852p+2,1965731165354674135/288230376151711744,3937226938232382505/576460752303423488,True,83,6,1.5928601494912342,1.7328107954731748,1.5396918248822122,1.8929247343157876,1.5928601494912353,1.7328107954731735,1.5396918248822138,1.892924734315786,1.5751523365451865,1.733121085432399,1.5333872308873133,1.9459765615845976,1.5751523365451896,1.733121085432396,1.5333872308873173,1.9459765615845934
684,6.83,6.84,0.01,0x1.47ae147ae147bp-7,0x1.b5c28f5c28f5cp+2,3937226938232382505/576460752303423488,985747886438854185/144115188075855872,True,84,6,1.611450432865076,1.7480772765029735,1.491782337868572,1.8466988167121314,1.6114504328650774,1.7480772765029724,1.4917823378685737,1.8466988167121299,1.5942106697027592,1.748388672347646,1.4852400394741794,1.9003115871178895,1.5942106697027623,1.748388672347643,1.4852400394741836,1.9003115871178855
685,6.84,6.8500000000000005,0.01,0x1.47ae147ae147bp-7,0x1.b666666666667p+2,985747886438854185/144115188075855872,3948756153278450975/576460752303423488,True,85,6,1.6295886697150717,1.7628518285770076,1.4439207272489363,1.7999382159608979,1.6295886697150728,1.7628518285770063,1.4439207272489378,1.7999382159608965,1.612820266745668,1.7631638514019083,1.4371537216955088,1.8540189830067693,1.6128202667456708,1.7631638514019055,1.4371537216955128,1.8540189830067653
686,6.8500000000000005,6.86,0.01,0x1.47ae147ae147bp-7,0x1.b70a3d70a3d71p+2,3948756153278450975/576460752303423488,1977260380400742605/288230376151711744,True,86,6,1.6472697668961993,1.7771354659494025,1.3961783614100254,1.7527283799072393,1.6472697668962009,1.777135465949401,1.3961783614100272,1.7527283799072377,1.6309752322825177,1.777447647008705,1.389200596881691,1.8071847836224957,1.6309752322825208,1.777447647008702,1.3892005968816947,1.8071847836224917
687,6.86,6.87,0.01,0x1.47ae147ae147bp-7,0x1.b7ae147ae147bp+2,1977260380400742605/288230376151711744,3960285368324519445/576460752303423488,True,87,6,1.6644894260488796,1.7909299582245086,1.348623237451321,1.7051544031637689,1.664489426048881,1.7909299582245073,1.3486232374513225,1.705154403163767,1.6486704806853845,1.791241840978664,1.3414494705198836,1.7598951384803143,1.6486704806853871,1.791241840978661,1.3414494705198876,1.7598951384803103
688,6.87,6.88,0.01,0x1.47ae147ae147bp-7,0x1.b851eb851eb85p+2,3960285368324519445/576460752303423488,247878123490472105/36028797018963968,True,88,6,1.68124413256779,1.8042378010816076,1.3013198280492604,1.6573005811042147,1.6812441325677911,1.8042378010816065,1.3013198280492622,1.657300581104213,1.6659017283408368,1.804548943090219,1.2939654774456446,1.7122358436061116,1.6659017283408395,1.804548943090216,1.2939654774456493,1.7122358436061071
689,6.88,6.890000000000001,0.01,0x1.47ae147ae147bp-7,0x1.b8f5c28f5c290p+2,247878123490472105/36028797018963968,3971814583370587915/576460752303423488,True,89,6,1.697531037530471,1.817062288325864,1.254318159682202,1.6092607875660294,1.6975310375304722,1.817062288325863,1.254318159682204,1.6092607875660274,1.6826652792851107,1.817372362290956,1.2467695860829624,1.6643322653476857,1.6826652792851136,1.8173723622909528,1.2467695860829666,1.6643322653476815
690,6.890000000000001,6.9,0.01,0x1.47ae147ae147bp-7,0x1.b99999999999ap+2,3971814583370587915/576460752303423488,1988789595446811075/288230376151711744,True,90,6,1.7133482129147821,1.8294072055062216,1.2076795660459014,1.561112237708358,1.7133482129147832,1.8294072055062203,1.207679566045903,1.5611122377083562,1.6989585611830333,1.8297158221261518,1.1999472338145625,1.6162401922547802,1.6989585611830362,1.829715822126149,1.1999472338145667,1.6162401922547762
691,6.9,6.91,0.01,0x1.47ae147ae147bp-7,0x1.ba3d70a3d70a4p+2,1988789595446811075/288230376151711744,3983343798416656385/576460752303423488,True,91,6,1.7286929099307786,1.8412785158649185,1.1613058348606984,1.5130859047003498,1.72869290993078,1.8412785158649172,1.1613058348607,1.513085904700348,1.7147781178744037,1.8415853147516899,1.153400676837471,1.5681930189697293,1.7147781178744068,1.841585314751687,1.153400676837475,1.5681930189697253
692,6.91,6.92,0.01,0x1.47ae147ae147bp-7,0x1.bae147ae147aep+2,3983343798416656385/576460752303423488,997277101484922655/144115188075855872,True,92,6,1.7435630793673749,1.8526827803145782,1.1150916863264404,1.465413685212693,1.743563079367376,1.8526827803145773,1.1150916863264422,1.4654136852126913,1.7301211948139517,1.8529874577963292,1.1070173484905983,1.5204330017749577,1.7301211948139548,1.8529874577963266,1.107017348490602,1.5204330017749537
693,6.92,6.93,0.01,0x1.47ae147ae147bp-7,0x1.bb851eb851eb8p+2,997277101484922655/144115188075855872,3994873013462724855/576460752303423488,True,93,6,1.7579621299979804,1.8636223359859136,1.0693977544195803,1.41785514151511,1.7579621299979813,1.8636223359859128,1.0693977544195816,1.4178551415151084,1.7449906310849796,1.863924540979152,1.0611715972895437,1.4727092139405316,1.7449906310849825,1.8639245409791492,1.0611715972895475,1.4727092139405273
694,6.93,6.94,0.01,0x1.47ae147ae147bp-7,0x1.bc28f5c28f5c3p+2,3994873013462724855/576460752303423488,2000318810492879545/288230376151711744,True,94,6,1.7718900015002248,1.8741041575186017,1.0243000917737715,1.3704477018947991,1.771890001500226,1.8741041575186008,1.0243000917737735,1.3704477018947974,1.7593857682844596,1.8744035528144736,1.0159410189324753,1.4250608894171606,1.7593857682844625,1.874403552814471,1.0159410189324793,1.4250608894171561
695,6.94,6.95,0.01,0x1.47ae147ae147bp-7,0x1.bcccccccccccdp+2,2000318810492879545/288230376151711744,4006402228508793325/576460752303423488,True,95,6,1.7853496189284495,1.8841333346476028,0.9798397613573471,1.3232569003510486,1.7853496189284508,1.8841333346476015,0.979839761357348,1.3232569003510466,1.7733089613356894,1.8844296029448098,0.9713667096229691,1.3775569720178424,1.7733089613356925,1.8844296029448069,0.971366709622972,1.377556972017838
696,6.95,6.96,0.01,0x1.47ae147ae147bp-7,0x1.bd70a3d70a3d7p+2,4006402228508793325/576460752303423488,501520854503978445/72057594037927936,True,96,6,1.7983426688323385,1.8937172264820332,0.936053923372735,1.2763451532185428,1.7983426688323398,1.893717226482032,0.936053923372736,1.276345153218541,1.7867613599377594,1.8940100718919224,0.9274857350021686,1.330263482158227,1.786761359937762,1.8940100718919197,0.9274857350021712,1.330263482158223
697,6.96,6.97,0.01,0x1.47ae147ae147bp-7,0x1.be147ae147ae1p+2,501520854503978445/72057594037927936,4017931443554861795/576460752303423488,True,97,6,1.8107653997254365,1.9029695898813748,0.8929700528531332,1.2297773706216275,1.8107653997254374,1.9029695898813737,0.8929700528531342,1.2297773706216257,1.7996386568986946,1.9032587920990376,0.8843250470294172,1.2832494024412524,1.7996386568986977,1.9032587920990343,0.8843250470294199,1.283249402441248
698,6.97,6.98,0.01,0x1.47ae147ae147bp-7,0x1.beb851eb851ecp+2,4017931443554861795/576460752303423488,2011848025538948015/288230376151711744,True,98,6,1.8227289585291457,1.9117901735281189,0.8506235833859197,1.1836035792017527,1.822728958529147,1.9117901735281175,0.8506235833859207,1.183603579201751,1.8120515906844499,1.9120754761704783,0.8419200495584301,1.2365683534190548,1.8120515906844528,1.9120754761704755,0.8419200495584327,1.2365683534190506
699,6.98,6.99,0.01,0x1.47ae147ae147bp-7,0x1.bf5c28f5c28f6p+2,2011848025538948015/288230376151711744,4029460658600930265/576460752303423488,True,99,6,1.8342394829539816,1.920184552534236,0.8090406571374936,1.1378758777272273,1.8342394829539828,1.920184552534235,0.8090406571374946,1.137875877727226,1.8240058695251378,1.920465719782106,0.8002964484530183,1.1902764256414504,1.8240058695251407,1.9204657197821031,0.8002964484530205,1.190276425641446
700,6.99,7.0,0.01,0x1.47ae147ae147bp-7,0x1.c000000000000p+2,4029460658600930265/576460752303423488,1008806316530991125/144115188075855872,True,0,7,1.845301477317033,1.9281606823888702,0.7682437925861377,1.0926429367744486,1.845301477317034,1.928160682388869,0.7682437925861386,1.0926429367744468,1.835505602670751,1.9284374999937701,0.7594762012927893,1.1444263756676194,1.835505602670754,1.928437499993767,0.7594762012927913,1.1444263756676158
701,7.0,7.01,0.01,0x1.47ae147ae147bp-7,0x1.c0a3d70a3d70ap+2,1008806316530991125/144115188075855872,4040989873646998735/576460752303423488,True,1,7,1.855919871291675,1.9357267701890795,0.7282521542058439,1.0479498313912654,1.8559198712916765,1.9357267701890781,0.7282521542058447,1.0479498313912639,1.8465553599650861,1.9359990452511622,0.719477971254009,1.0990672547039975,1.8465553599650892,1.935999045251159,0.719477971254011,1.0990672547039937
702,7.01,7.0200000000000005,0.01,0x1.47ae147ae147bp-7,0x1.c147ae147ae15p+2,4040989873646998735/576460752303423488,2023377240585016485/288230376151711744,True,2,7,1.866028412999678,1.9429628125224492,0.6890060711927177,1.0039136188448095,1.8660284129996796,1.9429628125224476,0.6890060711927184,1.0039136188448081,1.857088514309238,1.943230423303689,0.68023737523762,1.054324239050197,1.8570885143092413,1.9432304233036857,0.6802373752376221,1.0543242390501932
703,7.0200000000000005,7.03,0.01,0x1.47ae147ae147bp-7,0x1.c1eb851eb851fp+2,2023377240585016485/288230376151711744,4052519088693067205/576460752303423488,True,3,7,1.875703226478715,1.9498069711160089,0.6505910862388289,0.9604995692262986,1.8757032264787163,1.9498069711160078,0.6505910862388298,0.9604995692262978,1.8671809491930669,1.9500697660268431,0.641843035995692,1.0101628414068402,1.86718094919307,1.9500697660268405,0.6418430359956943,1.0101628414068367
704,7.03,7.04,0.01,0x1.47ae147ae147bp-7,0x1.c28f5c28f5c29p+2,4052519088693067205/576460752303423488,63410682753376585/9007199254740992,True,4,7,1.8849536341217907,1.956264684717466,0.6130256754860469,0.9177335535584751,1.884953634121792,1.9562646847174647,0.6130256754860479,0.917733553558474,1.8768417329668936,1.9565225285589203,0.6043131302901744,0.9666124567881198,1.8768417329668967,1.9565225285589174,0.6043131302901764,0.9666124567881178
705,7.04,7.05,0.01,0x1.47ae147ae147bp-7,0x1.c333333333333p+2,63410682753376585/9007199254740992,4064048303739135675/576460752303423488,True,5,7,1.8937860624902887,1.962344699651334,0.576316827976812,0.8756466845822688,1.89378606249029,1.962344699651333,0.5763168279768129,0.875646684582268,1.8860770490872547,1.9625974943819622,0.5676485286429692,0.923713430946069,1.8860770490872576,1.962597494381959,0.5676485286429714,0.9237134309460666
706,7.05,7.0600000000000005,0.01,0x1.47ae147ae147bp-7,0x1.c3d70a3d70a3ep+2,4064048303739135675/576460752303423488,2034906455631084955/288230376151711744,True,6,7,1.9022072267219763,1.968055824457834,0.5404688950164418,0.8342667242709976,1.9022072267219776,1.9680558244578326,0.5404688950164428,0.8342667242709967,1.8948934325802738,1.9683034767516114,0.531856958610167,0.8814931437862167,1.8948934325802766,1.9683034767516085,0.5318569586101692,0.8814931437862147
707,7.0600000000000005,7.07,0.01,0x1.47ae147ae147bp-7,0x1.c47ae147ae148p+2,2034906455631084955/288230376151711744,4075577518785204145/576460752303423488,True,7,7,1.9102240991236166,1.9734069025764025,0.5054838117221829,0.7936181081915408,1.910224099123618,1.9734069025764014,0.5054838117221839,0.7936181081915399,1.9032976966208892,1.9736493321475592,0.49694098507052437,0.839978266609468,1.903297696620892,1.9736493321475566,0.49694098507052564,0.839978266609466
708,7.07,7.08,0.01,0x1.47ae147ae147bp-7,0x1.c51eb851eb852p+2,4075577518785204145/576460752303423488,1020335531577059595/144115188075855872,True,8,7,1.9178438783060427,1.9784067874986995,0.47136125731748185,0.7537220813196678,1.917843878306044,1.978406787498698,0.4713612573174824,0.753722081319667,1.9112969045547583,1.9786439312181587,0.4628994272492591,0.7991936345388492,1.9112969045547612,1.9786439312181556,0.46289942724926025,0.7991936345388471
709,7.08,7.09,0.01,0x1.47ae147ae147bp-7,0x1.c5c28f5c28f5cp+2,1020335531577059595/144115188075855872,4087106733831272615/576460752303423488,True,9,7,1.9250739589974475,1.983064319693962,0.4380988166149186,0.7145968118082343,1.9250739589974488,1.9830643196939608,0.4380988166149191,0.7145968118082334,1.9188983432763933,1.9832961307609767,0.42972899949458826,0.7591608759571035,1.9188983432763962,1.9832961307609742,0.4297289994945896,0.7591608759571015
710,7.09,7.1000000000000005,0.01,0x1.47ae147ae147bp-7,0x1.c666666666667p+2,4087106733831272615/576460752303423488,2046435670677153425/288230376151711744,True,10,7,1.931921903303848,1.9873883047894358,0.4056921249290619,0.6762575140682758,1.931921903303849,1.9873883047894347,0.40569212492906237,0.6762575140682751,1.926109493098217,1.9876147518719667,0.39742446366733175,0.7198985245874356,1.9261094930982203,1.9876147518719636,0.3974244636673331,0.7198985245874335
711,7.1000000000000005,7.11,0.01,0x1.47ae147ae147bp-7,0x1.c70a3d70a3d71p+2,2046435670677153425/288230376151711744,4098635948877341085/576460752303423488,True,11,7,1.9383954126133378,1.9913874943188135,0.37413504040507534,0.6387165797039188,1.938395412613339,1.9913874943188123,0.3741350404050758,0.6387165797039179,1.9329379982255388,1.9916085606723692,0.3659788082418861,0.6814221415302417,1.932937998225542,1.9916085606723661,0.3659788082418874,0.6814221415302396
712,7.11,7.12,0.01,0x1.47ae147ae147bp-7,0x1.c7ae147ae147bp+2,4098635948877341085/576460752303423488,513050069550046915/72057594037927936,True,12,7,1.9445023011045077,1.9950705676855887,0.3434198006543295,0.6019837146297544,1.944502301104509,1.9950705676855875,0.34341980065432987,0.6019837146297538,1.9393916387831247,1.995286250288335,0.3353833992518413,0.6437444572224099,1.939391638783128,1.9952862502883322,0.3353833992518425,0.6437444572224078
713,7.12,7.13,0.01,0x1.47ae147ae147bp-7,0x1.c851eb851eb85p+2,513050069550046915/72057594037927936,4110165163923409555/576460752303423488,True,13,7,1.9502504702952084,1.9984461160224771,0.31353717481141286,0.5660660801564279,1.9502504702952093,1.998446116022476,0.3135371748114133,0.566066080156427,1.9454783032138436,1.9986564253922738,0.3056278628415829,0.6068757823358982,1.9454783032138467,1.9986564253922707,0.305627862841584,0.6068757823358963
714,7.13,7.140000000000001,0.01,0x1.47ae147ae147bp-7,0x1.c8f5c28f5c290p+2,4110165163923409555/576460752303423488,2057964885723221895/288230376151711744,True,14,7,1.9556478854149157,2.0015226271469344,0.28447660915699624,0.5309684378323121,1.9556478854149169,2.0015226271469326,0.28447660915699663,0.5309684378323113,1.9512059654891987,2.001727584860372,0.27670115551372015,0.5708232293359918,1.9512059654892018,2.0017275848603684,0.2767011555137212,0.5708232293359903
715,7.140000000000001,7.15,0.01,0x1.47ae147ae147bp-7,0x1.c99999999999ap+2,2057964885723221895/288230376151711744,4121694378969478025/576460752303423488,True,15,7,1.9607025430232765,2.004308482172772,0.256225450853167,0.4966942134933865,1.9607025430232776,2.00430848217277,0.25622545085316745,0.49669421349338605,1.956582648583343,2.004508121086973,0.24858976905288704,0.5355927975971166,1.9565826485833464,2.0045081210869684,0.24858976905288768,0.5355927975971148
716,7.15,7.16,0.01,0x1.47ae147ae147bp-7,0x1.ca3d70a3d70a4p+2,4121694378969478025/576460752303423488,1031864746623128065/144115188075855872,True,16,7,1.965422443820662,2.006811949688853,0.22876908472829868,0.4632456350945921,1.9654224438206631,2.0068119496888506,0.22876908472829893,0.46324563509459166,1.961616396683832,2.0070063133479334,0.22127820430417067,0.5011891772912815,1.9616163966838354,2.0070063133479286,0.22127820430417133,0.5011891772912799
717,7.16,7.17,0.01,0x1.47ae147ae147bp-7,0x1.cae147ae147aep+2,1031864746623128065/144115188075855872,4133223594015546495/576460752303423488,True,17,7,1.9698156269262972,2.0090411213259234,0.20209487075862775,0.4306200719061522,1.9698156269262985,2.009041121325921,0.202094870758628,0.43062007190615176,1.9663153092232655,2.009230262232817,0.19475314161980123,0.46761185935372734,1.966315309223269,2.0092302622328124,0.19475314161980192,0.46761185935372623
718,7.17,7.18,0.01,0x1.47ae147ae147bp-7,0x1.cb851eb851eb8p+2,4133223594015546495/576460752303423488,2069494100769290365/288230376151711744,True,18,7,1.9738901086377632,2.011003945483899,0.17618897148195725,0.39881347081624363,1.9738901086377643,2.0110039454838966,0.1761889714819575,0.39881347081624324,1.9706874772927903,2.0111879243773707,0.1690000745178667,0.43485876985185923,1.9706874772927934,2.0111879243773667,0.16900007451786742,0.4348587698518583
719,7.18,7.19,0.01,0x1.47ae147ae147bp-7,0x1.cc28f5c28f5c3p+2,2069494100769290365/288230376151711744,4144752809061614965/576460752303423488,True,19,7,1.977653874436131,2.0127082103944938,0.15103772727012854,0.36781923448254067,1.9776538744361318,2.012708210394492,0.1510377272701288,0.3678192344825402,1.9747409747070654,2.012887095171091,0.1440047632914933,0.40292507458756,1.9747409747070686,2.012887095171087,0.144004763291494,0.4029250745875589
720,7.19,7.2,0.01,0x1.47ae147ae147bp-7,0x1.ccccccccccccdp+2,4144752809061614965/576460752303423488,259407338536540575/36028797018963968,True,20,7,1.9811148420403943,2.014161558633784,0.12662532400501358,0.337630797414881,1.9811148420403957,2.014161558633782,0.1266253240050138,0.33763079741488056,1.978483819040812,2.014335424042291,0.11975075514093056,0.3718059078936432,1.978483819040815,2.014335424042287,0.11975075514093095,0.37180590789364215
721,7.2,7.21,0.01,0x1.47ae147ae147bp-7,0x1.cd70a3d70a3d7p+2,259407338536540575/36028797018963968,4156282024107683435/576460752303423488,True,21,7,1.9842808625868074,2.0153714658939452,0.1029354574595433,0.30824019459564933,1.9842808625868085,2.015371465893943,0.10293545745954344,0.30824019459564894,1.9819239720564077,2.01554039278946,0.09622114397877678,0.3414948512957154,1.981923972056411,2.0155403927894553,0.09622114397877714,0.34149485129571444
722,7.21,7.22,0.01,0x1.47ae147ae147bp-7,0x1.ce147ae147ae1p+2,4156282024107683435/576460752303423488,2081023315815358835/288230376151711744,True,22,7,1.9871597073810632,2.016345236454872,0.07995142431495407,0.27963819202979184,1.9871597073810652,2.0163452364548697,0.0799514243149542,0.27963819202979145,1.9850693252859157,2.0165093110867103,0.07339866192280939,0.3119840692688714,1.9850693252859188,2.016509311086704,0.07339866192280974,0.3119840692688705
723,7.22,7.23,0.01,0x1.47ae147ae147bp-7,0x1.ceb851eb851ecp+2,2081023315815358835/288230376151711744,4167811239153751905/576460752303423488,True,23,7,1.9897590546531756,2.0170900008105477,0.05765608767748042,0.25181453113707736,1.9897590546531772,2.017090000810546,0.05765608767748051,0.2518145311370769,1.987927685635223,2.017249314182159,0.05126563756472359,0.28326456670498285,1.9879276856352273,2.0172493141821537,0.05126563756472387,0.2832645667049818
724,7.23,7.24,0.01,0x1.47ae147ae147bp-7,0x1.cf5c28f5c28f6p+2,4167811239153751905/576460752303423488,1043393961669196535/144115188075855872,True,24,7,1.992086482436542,2.0176127092176612,0.036032305919571996,0.22475769866889142,1.992086482436544,2.0176127092176586,0.036032305919572086,0.22475769866889117,1.99050676731557,2.017767356374103,0.02980444633156132,0.25532594321675195,1.9905067673155747,2.017767356374097,0.029804446331561523,0.25532594321675106
725,7.24,7.25,0.01,0x1.47ae147ae147bp-7,0x1.d000000000000p+2,1043393961669196535/144115188075855872,4179340454199820375/576460752303423488,True,25,7,1.994149455515686,2.017920133077619,0.015062684096614752,0.19845536021418328,1.9941494555156876,2.017920133077616,0.015062684096614794,0.19845536021418309,1.992814177695074,2.018070212528468,0.008997241658854606,0.22815685281787113,1.9928141776950792,2.0180702125284617,0.008997241658854727,0.22815685281787063
726,7.25,7.26,0.01,0x1.47ae147ae147bp-7,0x1.d0a3d70a3d70ap+2,4179340454199820375/576460752303423488,2092552530861427305/288230376151711744,True,26,7,1.99595531732823,2.018018863177592,-0.005270292638347028,0.17289440093387903,1.9959553173282318,2.0180188631775904,-0.005270292638346994,0.17289440093387884,1.9948574082831265,2.018164476335893,-0.01117390815048162,0.20174504711674715,1.9948574082831314,2.0181644763358872,-0.011173908150481504,0.20174504711674668
727,7.26,7.2700000000000005,0.01,0x1.47ae147ae147bp-7,0x1.d147ae147ae15p+2,2092552530861427305/288230376151711744,4190869669245888845/576460752303423488,True,27,7,1.9975112826150039,2.017915308891247,-0.02498417594950326,0.14806100717049905,1.9975112826150057,2.0179153088912445,-0.024984175949503216,0.14806100717049883,1.996643826508226,2.0180565595418885,-0.030726936317276576,0.17607746223495555,1.9966438265082311,2.0180565595418822,-0.03072693631727648,0.1760774622349551
728,7.2700000000000005,7.28,0.01,0x1.47ae147ae147bp-7,0x1.d1eb851eb851fp+2,4190869669245888845/576460752303423488,524579284596115385/72057594037927936,True,28,7,1.9988244310268684,2.0176156979635542,-0.044096500894568236,0.12394076334614318,1.99882443102687,2.0176156979635516,-0.044096500894568166,0.12394076334614307,1.998180668503318,2.017752691768113,-0.04967972530908185,0.15114032257613752,1.9981806685033223,2.017752691768107,-0.04967972530908168,0.1511403225761371
729,7.28,7.29,0.01,0x1.47ae147ae147bp-7,0x1.d28f5c28f5c29p+2,524579284596115385/72057594037927936,4202398884291957315/576460752303423488,True,29,7,1.9999013875491534,2.017126390953656,-0.06262474189627165,0.10051874896201944,1.9999013875491554,2.017126390953653,-0.06262474189627155,0.10051874896201934,1.999474718729619,2.0172592350273955,-0.06805006451948258,0.12691924511748975,1.999474718729624,2.01725923502739,-0.06805006451948237,0.1269192451174893
730,7.29,7.3,0.01,0x1.47ae147ae147bp-7,0x1.d333333333333p+2,4202398884291957315/576460752303423488,2104081745907495775/288230376151711744,True,30,7,2.0007024861381333,2.0164997137756777,-0.0805868865397514,0.07778023904879242,2.000702486138135,2.016499713775676,-0.08058688653975131,0.07778023904879232,2.000486467986158,2.0166285212180473,-0.08585628088998151,0.10340000210234436,2.0004864679861636,2.0166285212180415,-0.08585628088998132,0.10340000210234415
731,7.3,7.3100000000000005,0.01,0x1.47ae147ae147bp-7,0x1.d3d70a3d70a3ep+2,2104081745907495775/288230376151711744,4213928099338025785/576460752303423488,True,31,7,2.0011806790030366,2.015795045892741,-0.0980006953262217,0.05571008581624501,2.001180679003039,2.0157950458927387,-0.09800069532622159,0.05571008581624496,2.0011550004712966,2.0159339619181926,-0.10311645793225148,0.08056786718836866,2.0011550004713023,2.015933961918187,-0.10311645793225127,0.08056786718836847
732,7.3100000000000005,7.32,0.01,0x1.47ae147ae147bp-7,0x1.d47ae147ae148p+2,4213928099338025785/576460752303423488,1054923176715265005/144115188075855872,True,32,7,2.0005096006397016,2.0158507548701143,-0.11489265852335077,0.03430178845220271,2.0005096006397034,2.0158507548701126,-0.11489265852335066,0.034301788452202636,2.000484675831835,2.0161833643545837,-0.1198583423996431,0.058417640092888204,2.0004846758318413,2.0161833643545775,-0.11985834239964288,0.05841764009288808
733,7.32,7.33,0.01,0x1.47ae147ae147bp-7,0x1.d51eb851eb852p+2,1054923176715265005/144115188075855872,4225457314384094255/576460752303423488,True,33,7,1.9996484950021174,2.0157192688086836,-0.13126717737794735,0.01352676031217614,1.999648495002119,2.015719268808681,-0.13126717737794716,0.013526760312176107,1.9996243157210822,2.0162397439298276,-0.13608529245953294,0.03691968554993927,1.999624315721087,2.0162397439298223,-0.13608529245953252,0.03691968554993912
734,7.33,7.34,0.01,0x1.47ae147ae147bp-7,0x1.d5c28f5c28f5cp+2,4225457314384094255/576460752303423488,2115610960953564245/288230376151711744,True,34,7,1.9983631455465747,2.0156461468670455,-0.14714332380056952,-0.006628809242391451,1.9983631455465765,2.0156461468670432,-0.1471433238005693,-0.006628809242391485,1.9983396842109993,2.016348843903727,-0.1518167933437514,0.016060555695342826,1.9983396842110042,2.016348843903721,-0.15181679334375092,0.01606055569534274
735,7.34,7.3500000000000005,0.01,0x1.47ae147ae147bp-7,0x1.d666666666667p+2,2115610960953564245/288230376151711744,4236986529430162725/576460752303423488,True,35,7,1.996901842759575,2.0153941131538713,-0.16253477006595404,-0.026183952315024264,1.9969018427595768,2.0153941131538686,-0.16253477006595382,-0.026183952315024316,1.9968790928099582,2.016273531367681,-0.1670663665158431,-0.004179023589090036,1.9968790928099627,2.016273531367675,-0.16706636651584267,-0.00417902358909013
736,7.3500000000000005,7.36,0.01,0x1.47ae147ae147bp-7,0x1.d70a3d70a3d71p+2,4236986529430162725/576460752303423488,132585973029787405/18014398509481984,True,36,7,1.9952851384950816,2.0149533045973174,-0.17745754292008856,-0.045155089970153287,1.9952851384950834,2.0149533045973147,-0.17745754292008833,-0.04515508997015336,1.9952630932628326,2.0160041062654503,-0.1818501561607707,-0.023815483676495885,1.9952630932628372,2.016004106265444,-0.18185015616077022,-0.023815483676496017
737,7.36,7.37,0.01,0x1.47ae147ae147bp-7,0x1.d7ae147ae147bp+2,132585973029787405/18014398509481984,4248515744476231195/576460752303423488,True,37,7,1.993519428918747,2.0143276908892,-0.19192748609433444,-0.06355850533932958,1.9935194289187486,2.0143276908891976,-0.19192748609433422,-0.06355850533932972,1.9934980805655638,2.0155447009211276,-0.19618411760122972,-0.04286515652321724,1.9934980805655684,2.015544700921122,-0.1961841176012292,-0.04286515652321743
738,7.37,7.38,0.01,0x1.47ae147ae147bp-7,0x1.d851eb851eb85p+2,4248515744476231195/576460752303423488,2127140175999632715/288230376151711744,True,38,7,1.9916091359393964,2.0135228965873844,-0.20596014029723814,-0.08141040269885516,1.9916091359393981,2.0135228965873826,-0.20596014029723791,-0.08141040269885529,1.991588475465528,2.014901100764355,-0.21008388581490886,-0.06134434158041511,1.9915884754655329,2.0149011007643494,-0.21008388581490833,-0.06134434158041537
739,7.38,7.390000000000001,0.01,0x1.47ae147ae147bp-7,0x1.d8f5c28f5c290p+2,2127140175999632715/288230376151711744,4260044959522299665/576460752303423488,True,39,7,1.9895476168733588,2.0125552954350523,-0.21957077601468794,-0.09872682993673487,1.9895476168733606,2.0125552954350496,-0.21957077601468775,-0.09872682993673498,1.989527633794056,2.014089838708356,-0.2235648171074502,-0.07926921597961875,1.9895276337940604,2.01408983870835,-0.2235648171074497,-0.07926921597961911
740,7.390000000000001,7.4,0.01,0x1.47ae147ae147bp-7,0x1.d99999999999ap+2,4260044959522299665/576460752303423488,1066452391761333475/144115188075855872,True,40,7,1.9873492313170713,2.0114199480367554,-0.2327741561621214,-0.11552386978150633,1.9873492313170726,2.0114199480367536,-0.23277415616212116,-0.11552386978150646,1.9873299148326962,2.013106131092239,-0.23664172245446205,-0.09665605189038544,1.9873299148326995,2.013106131092233,-0.23664172245446152,-0.09665605189038576
741,7.4,7.41,0.01,0x1.47ae147ae147bp-7,0x1.da3d70a3d70a4p+2,1066452391761333475/144115188075855872,4271574174568368135/576460752303423488,True,41,7,1.9850190128606244,2.010120935139473,-0.24558476798504117,-0.13181736397580687,1.9850190128606258,2.010120935139471,-0.24558476798504097,-0.1318173639758071,1.9850003514410963,2.011954212338307,-0.24932913128716455,-0.11352090584861516,1.9850003514410994,2.0119542123383027,-0.249329131287164,-0.11352090584861546
742,7.41,7.42,0.01,0x1.47ae147ae147bp-7,0x1.dae147ae147aep+2,4271574174568368135/576460752303423488,2138669391045701185/288230376151711744,True,42,7,1.9825608036021334,2.0086632284037957,-0.258016745528428,-0.1476229600205105,1.9825608036021345,2.008663228403794,-0.2580167455284277,-0.1476229600205107,1.982542785049086,2.010639205064677,-0.2616412065480487,-0.12987967016855642,1.9825427850490893,2.0106392050646726,-0.26164120654804796,-0.12987967016855695
743,7.42,7.43,0.01,0x1.47ae147ae147bp-7,0x1.db851eb851eb8p+2,2138669391045701185/288230376151711744,4283103389614436605/576460752303423488,True,43,7,1.97997831105605,2.0070516391156588,-0.27008385986167266,-0.16295609259842453,1.9799783110560512,2.007051639115657,-0.27008385986167227,-0.16295609259842472,1.9799609226075632,2.009166068599968,-0.2735917352199787,-0.145748051522878,1.979960922607566,2.0091660685999635,-0.2735917352199778,-0.14574805152287845
744,7.43,7.44,0.01,0x1.47ae147ae147bp-7,0x1.dc28f5c28f5c3p+2,4283103389614436605/576460752303423488,536108499642183855/72057594037927936,True,44,7,1.9772751113252234,2.005290820866186,-0.2817995195232048,-0.1778319622678183,1.9772751113252245,2.005290820866184,-0.2817995195232045,-0.1778319622678185,1.9772583397525574,2.0075396015410947,-0.28519412991530313,-0.16114154615026838,1.9772583397525603,2.0075396015410907,-0.2851941299153023,-0.16114154615026888
745,7.44,7.45,0.01,0x1.47ae147ae147bp-7,0x1.dcccccccccccdp+2,536108499642183855/72057594037927936,4294632604660505075/576460752303423488,True,45,7,1.974454652428183,2.003385272407252,-0.293176761422339,-0.19226551642898412,1.974454652428184,2.00338527240725,-0.2931767614223386,-0.19226551642898432,1.9744384841245854,2.005764444509163,-0.29646142092093664,-0.1760754175264628,1.9744384841245883,2.005764444509159,-0.2964614209209358,-0.1760754175264633
746,7.45,7.46,0.01,0x1.47ae147ae147bp-7,0x1.dd70a3d70a3d7p+2,4294632604660505075/576460752303423488,2150198606091769655/288230376151711744,True,46,7,1.9715202574717683,2.0013393406590794,-0.3042282607381143,-0.20627143289627872,1.9715202574717694,2.001339340659077,-0.3042282607381139,-0.206271432896279,1.9715046785338686,2.0038450830774943,-0.30740626715045544,-0.19056467691071258,1.9715046785338715,2.00384508307749,-0.30740626715045444,-0.19056467691071313
747,7.46,7.47,0.01,0x1.47ae147ae147bp-7,0x1.de147ae147ae1p+2,2150198606091769655/288230376151711744,4306161819706573545/576460752303423488,True,47,7,1.968475127953719,1.9991572238435205,-0.31497739401374575,-0.21985304193638172,1.96847512795372,1.9991572238435191,-0.3149773940137453,-0.21985304193638197,1.9684601033469031,2.001785871752817,-0.31804513792066424,-0.20461988490026323,1.9684601033469062,2.0017858717528125,-0.3180451379206632,-0.2046198849002639
748,7.47,7.48,0.01,0x1.47ae147ae147bp-7,0x1.deb851eb851ecp+2,4306161819706573545/576460752303423488,1077981606807401945/144115188075855872,True,48,7,1.9653223470335068,1.996842974720971,-0.32542821383934206,-0.2330323429955632,1.9653223470335082,1.9968429747209697,-0.3254282138393417,-0.23303234299556344,1.9653078110070743,1.9995910259114749,-0.3283960656602683,-0.21824938849126393,1.9653078110070776,1.9995910259114718,-0.3283960656602673,-0.21824938849126468
749,7.48,7.49,0.01,0x1.47ae147ae147bp-7,0x1.df5c28f5c28f6p+2,1077981606807401945/144115188075855872,4317691034752642015/576460752303423488,True,49,7,1.9620648827920377,1.9944005039087618,-0.3355894289909774,-0.24582601896765763,1.962064882792039,1.9944005039087604,-0.335589428990977,-0.24582601896765785,1.9620508195243096,1.9972645348526015,-0.3384606043762869,-0.23147735553089263,1.9620508195243127,1.9972645348525984,-0.3384606043762859,-0.23147735553089327
750,7.49,7.5,0.01,0x1.47ae147ae147bp-7,0x1.e000000000000p+2,4317691034752642015/576460752303423488,2161727821137838125/288230376151711744,True,50,7,1.958705591472506,1.9918335832606286,-0.3454722314979143,-0.2582476062256072,1.9587055914725071,1.9918335832606278,-0.34547223149791384,-0.2582476062256077,1.958691985383387,1.9948102954890103,-0.3482498998198278,-0.2443177003044929,1.9586919853833902,1.9948102954890072,-0.34824989981982674,-0.24431770030449354
751,7.5,7.51,0.01,0x1.47ae147ae147bp-7,0x1.e0a3d70a3d70ap+2,2161727821137838125/288230376151711744,4329220249798710485/576460752303423488,True,51,7,1.9552472206924094,1.989145849291683,-0.355087472269806,-0.2703103185180216,1.9552472206924105,1.9891458492916818,-0.3550874722698057,-0.270310318518022,1.955234056467529,1.9922320660522626,-0.3577747482355003,-0.25678402309764636,1.9552340564675323,1.9922320660522594,-0.35777474823549926,-0.25678402309764736
752,7.51,7.5200000000000005,0.01,0x1.47ae147ae147bp-7,0x1.e147ae147ae15p+2,4329220249798710485/576460752303423488,270936553582609045/36028797018963968,True,52,7,1.9516924126196902,1.9863408066329182,-0.3644456668773991,-0.28202704288838015,1.9516924126196913,1.986340806632917,-0.36444566687739866,-0.28202704288838054,1.9516796752310954,1.9895334695537803,-0.36704560818467263,-0.2688895989852864,1.9516796752310985,1.9895334695537772,-0.3670456081846716,-0.26888959898528747
753,7.5200000000000005,7.53,0.01,0x1.47ae147ae147bp-7,0x1.e1eb851eb851fp+2,270936553582609045/36028797018963968,4340749464844778955/576460752303423488,True,53,7,1.948043707175243,1.983421831432477,-0.37355700151780563,-0.29341033735017047,1.9480437071752443,1.9834218314324756,-0.3735570015178052,-0.29341033735017097,1.9480313818990056,1.9867179972026499,-0.37607260514064944,-0.28064737590556604,1.9480313818990087,1.9867179972026467,-0.37607260514064855,-0.28064737590556693
754,7.53,7.54,0.01,0x1.47ae147ae147bp-7,0x1.e28f5c28f5c29p+2,4340749464844778955/576460752303423488,2173257036183906595/288230376151711744,True,54,7,1.9443035449100776,1.9803921750370108,-0.38243133938295887,-0.30447242988776785,1.9443035449100785,1.98039217503701,-0.3824313393829585,-0.3044724298877682,1.9442916173410727,1.983789012112425,-0.3848655384422919,-0.2920699722121215,1.9442916173410754,1.9837890121124224,-0.38486553844229093,-0.29206997221212244
755,7.54,7.55,0.01,0x1.47ae147ae147bp-7,0x1.e333333333333p+2,2173257036183906595/288230376151711744,4352278679890847425/576460752303423488,True,55,7,1.9404742702444062,1.977254967249632,-0.39107822742643233,-0.3152252185854887,1.9404742702444073,1.977254967249631,-0.39107822742643183,-0.31522521858548913,1.9404627263084873,1.9807497525924274,-0.393433888599511,-0.30316967550098883,1.9404627263084904,1.9807497525924243,-0.39343388859951,-0.3031696755009898
756,7.55,7.5600000000000005,0.01,0x1.47ae147ae147bp-7,0x1.e3d70a3d70a3ep+2,4352278679890847425/576460752303423488,1089510821853470415/144115188075855872,True,56,7,1.9365581343559226,1.9740132198628522,-0.3995069056840426,-0.32568027054506316,1.9365581343559235,1.9740132198628513,-0.3995069056840422,-0.3256802705450636,1.9365469603190628,1.9776033357216272,-0.4017868272379571,-0.31395844023293434,1.9365469603190657,1.9776033357216243,-0.4017868272379561,-0.31395844023293534
757,7.5600000000000005,7.57,0.01,0x1.47ae147ae147bp-7,0x1.e47ae147ae148p+2,1089510821853470415/144115188075855872,4363807894936915895/576460752303423488,True,57,7,1.9325572981090862,1.9706698300559276,-0.4077263113136547,-0.33584882787635645,1.9325572981090875,1.9706698300559262,-0.40772631131365433,-0.3358488278763568,1.9325464805855015,1.9743527607911993,-0.4099332213574168,-0.32444789291972465,1.9325464805855046,1.9743527607911964,-0.4099332213574158,-0.32444789291972564
758,7.57,7.58,0.01,0x1.47ae147ae147bp-7,0x1.e51eb851eb852p+2,4363807894936915895/576460752303423488,2184786251229975065/288230376151711744,True,58,7,1.9284738347164594,1.9672275839729547,-0.4157450883931854,-0.3457418077348407,1.9284738347164607,1.9672275839729536,-0.415745088393185,-0.3457418077348411,1.9284633606739165,1.9710009129350814,-0.41788164370780995,-0.3346493310761013,1.9284633606739199,1.9710009129350783,-0.41788164370780884,-0.3346493310761024
759,7.58,7.59,0.01,0x1.47ae147ae147bp-7,0x1.e5c28f5c28f5cp+2,2184786251229975065/288230376151711744,4375337109982984365/576460752303423488,True,59,7,1.9243097331727592,1.9636891594348649,-0.4235715914100991,-0.3553698080050443,1.9243097331727606,1.9636891594348636,-0.42357159141009865,-0.35536980800504475,1.9242995899366804,1.967550565897535,-0.4256403765328424,-0.34457372821344645,1.9242995899366835,1.9675505658975319,-0.42564037653284126,-0.3445737282134475
760,7.59,7.6000000000000005,0.01,0x1.47ae147ae147bp-7,0x1.e666666666667p+2,4375337109982984365/576460752303423488,547637714688252325/72057594037927936,True,60,7,1.920066900369738,1.9600571297971465,-0.43121389689419765,-0.3647431112478915,1.920066900369739,1.9600571297971454,-0.4312138968941972,-0.3647431112478919,1.9200570756256254,1.9640043859509313,-0.4332174235508219,-0.35423173706925043,1.9200570756256286,1.9640043859509282,-0.43321742355082077,-0.3542317370692515
761,7.6000000000000005,7.61,0.01,0x1.47ae147ae147bp-7,0x1.e70a3d70a3d71p+2,547637714688252325/72057594037927936,4386866325029052835/576460752303423488,True,61,7,1.9157471636549743,1.956333967290079,-0.4386798191753241,-0.3738716801459321,1.9157471636549757,1.956333967290078,-0.43867981917532367,-0.3738716801459326,1.915737645446712,1.9603649353018824,-0.44062052654919087,-0.3636336839057063,1.9157376454467148,1.9603649353018797,-0.4406205265491899,-0.36363368390570733
762,7.61,7.62,0.01,0x1.47ae147ae147bp-7,0x1.e7ae147ae147bp+2,4386866325029052835/576460752303423488,2196315466276043535/288230376151711744,True,62,7,1.9113522736852193,1.9525220459206816,-0.4459769014097773,-0.3827651796427211,1.9113522736852206,1.9525220459206802,-0.4459769014097769,-0.3827651796427215,1.9113430504169022,1.956634675054262,-0.44785715571432605,-0.3727895910905622,1.9113430504169053,1.9566346750542587,-0.447857155714325,-0.37278959109056325
763,7.62,7.63,0.01,0x1.47ae147ae147bp-7,0x1.e851eb851eb85p+2,2196315466276043535/288230376151711744,4398395540075121305/576460752303423488,True,63,7,1.9068839071271797,1.948623644393431,-0.4531124301520739,-0.39143297594818005,1.9068839071271808,1.94862364439343,-0.4531124301520735,-0.39143297594818044,1.9068749675618493,1.9528159681999155,-0.45493452483308205,-0.38170917526718956,1.9068749675618524,1.9528159681999124,-0.4549345248330811,-0.38170917526719056
764,7.63,7.640000000000001,0.01,0x1.47ae147ae147bp-7,0x1.e8f5c28f5c290p+2,4398395540075121305/576460752303423488,1101040036899538885/144115188075855872,True,64,7,1.9023436687980406,1.9446409494538017,-0.46009344455976076,-0.3998841412319351,1.9023436687980417,1.9446409494538006,-0.46009344455976037,-0.39988414123193555,1.902335002055001,1.9489110830323377,-0.4618596007890178,-0.39040185159593505,1.902335002055004,1.9489110830323348,-0.46185960078901683,-0.39040185159593604
765,7.640000000000001,7.65,0.01,0x1.47ae147ae147bp-7,0x1.e99999999999ap+2,1101040036899538885/144115188075855872,4409924755121189775/576460752303423488,True,65,7,1.897733094146658,1.9405760587508816,-0.46692674440408727,-0.408127459750871,1.8977330941466592,1.9405760587508805,-0.4669267444040868,-0.4081274597508715,1.8977246896978341,1.9449221960803735,-0.46863911177335876,-0.3988767395613804,1.8977246896978373,1.9449221960803706,-0.46863911177335776,-0.3988767395613814
766,7.65,7.66,0.01,0x1.47ae147ae147bp-7,0x1.ea3d70a3d70a4p+2,4409924755121189775/576460752303423488,2207844681322112005/288230376151711744,True,66,7,1.8930536515798801,1.9364309837125886,-0.4736188979796953,-0.4161714342446528,1.8930536515798815,1.9364309837125875,-0.4736188979796948,-0.4161714342446533,1.8930454992453363,1.9408513950554103,-0.47527955536971633,-0.40714266910934405,1.8930454992453392,1.9408513950554078,-0.4752795553697154,-0.40714266910934505
767,7.66,7.67,0.01,0x1.47ae147ae147bp-7,0x1.eae147ae147aep+2,2207844681322112005/288230376151711744,4421453970167258245/576460752303423488,True,67,7,1.8883067446883584,1.9322076523777891,-0.48017624997816455,-0.42402429246887885,1.8883067446883597,1.9322076523777878,-0.4801762499781641,-0.4240242924688793,1.888298834631066,1.9367006817560497,-0.4817872065838433,-0.41520818697308465,1.8882988346310692,1.9367006817560466,-0.4817872065838423,-0.41520818697308576
768,7.67,7.68,0.01,0x1.47ae147ae147bp-7,0x1.eb851eb851eb8p+2,4421453970167258245/576460752303423488,17293822569102705/2251799813685248,True,68,7,1.8834937143954509,1.9279079121609928,-0.4866049278775076,-0.43169399525520763,1.8834937143954522,1.9279079121609912,-0.48660492787750714,-0.4316939952552081,1.883486037115785,1.9324719749052404,-0.4881681242941761,-0.42308156465091473,1.883486037115788,1.9324719749052375,-0.48816812429417505,-0.42308156465091584
769,7.68,7.69,0.01,0x1.47ae147ae147bp-7,0x1.ec28f5c28f5c3p+2,17293822569102705/2251799813685248,4432983185213326715/576460752303423488,True,69,7,1.8786158412260514,1.9235335323526375,-0.49291085097947984,-0.439188241914539,1.8786158412260527,1.9235335323526361,-0.4929108509794794,-0.43918824191453937,1.8786083875553319,1.928167112723761,-0.49442816048431115,-0.43077080361881687,1.878608387555335,1.9281671127237578,-0.49442816048431004,-0.4307708036188179
770,7.69,7.7,0.01,0x1.47ae147ae147bp-7,0x1.ecccccccccccdp+2,4432983185213326715/576460752303423488,2219373896368180475/288230376151711744,True,70,7,1.8736743467556753,1.9190862072949506,-0.4990997364452401,-0.44651447858625193,1.8736743467556765,1.9190862072949493,-0.4990997364452397,-0.4465144785862524,1.873667107849633,1.923787856178238,-0.50057296629942,-0.43828364368663697,1.873667107849636,1.9237878561782351,-0.5005729662994184,-0.438283643686638
771,7.7,7.71,0.01,0x1.47ae147ae147bp-7,0x1.ed70a3d70a3d7p+2,2219373896368180475/288230376151711744,4444512400259395185/576460752303423488,True,71,7,1.86867039614439,1.9145675583295685,-0.5051771058192301,-0.4536799060032499,1.8686703961443913,1.914567558329567,-0.5051771058192296,-0.45367990600325037,1.868663363476439,1.9193358910006602,-0.5066079986125731,-0.4456275707687851,1.8686633634764422,1.9193358910006568,-0.5066079986125714,-0.4456275707687861
772,7.71,7.72,0.01,0x1.47ae147ae147bp-7,0x1.ee147ae147ae1p+2,4444512400259395185/576460752303423488,1112569251945607355/144115188075855872,True,72,7,1.8636050997433264,1.9099791365303191,-0.511148293767425,-0.46069148491048184,1.8636050997433276,1.909979136530318,-0.5111482937674242,-0.46069148491048223,1.8635982645025224,1.9148128310875998,-0.5125387072854389,-0.45280964384631606,1.8635982645025253,1.914812831087597,-0.5125387072854372,-0.4528096438463171
773,7.72,7.73,0.01,0x1.47ae147ae147bp-7,0x1.eeb851eb851ecp+2,1112569251945607355/144115188075855872,4456041615305463655/576460752303423488,True,73,7,1.8584795151662092,1.905322424830212,-0.5170184532908575,-0.46755594484501745,1.8584795151662103,1.9053224248302107,-0.5170184532908567,-0.4675559448450179,1.8584728692333405,1.9102202191194608,-0.5183700669661794,-0.45983697724425376,1.8584728692333434,1.9102202191194577,-0.5183700669661776,-0.45983697724425476
774,7.73,7.74,0.01,0x1.47ae147ae147bp-7,0x1.ef5c28f5c28f6p+2,4456041615305463655/576460752303423488,2230903111414248945/288230376151711744,True,74,7,1.853294648797575,1.9005988405727348,-0.5227925634119435,-0.47427979025292794,1.853294648797576,1.9005988405727334,-0.5227925634119427,-0.4742797902529284,1.8532881845773321,1.905559530325196,-0.5241069279110943,-0.4667164037083088,1.853288184577335,1.9055595303251929,-0.5241069279110925,-0.46671640370830986
775,7.74,7.75,0.01,0x1.47ae147ae147bp-7,0x1.f000000000000p+2,2230903111414248945/288230376151711744,4467570830351532125/576460752303423488,True,75,7,1.848051457569446,1.8958097376577148,-0.5284754355089274,-0.48086930774451236,1.8480514575694473,1.8958097376577134,-0.5284754355089265,-0.4808693077445128,1.848045167754079,1.9008321747651729,-0.5297540428674546,-0.47345446121851104,1.8480451677540821,1.90083217476517,-0.5297540428674524,-0.473454461218512
776,7.75,7.76,0.01,0x1.47ae147ae147bp-7,0x1.f0a3d70a3d70ap+2,4467570830351532125/576460752303423488,559166929734320795/72057594037927936,True,76,7,1.8427508506066048,1.8909564086838384,-0.5340717186450525,-0.4873305741213852,1.842750850606606,1.890956408683837,-0.5340717186450518,-0.4873305741213857,1.842744728168236,1.8960394993124081,-0.5353160038263933,-0.4800574697092679,1.8427447281682392,1.8960394993124048,-0.5353160038263914,-0.48005746970926916
777,7.76,7.7700000000000005,0.01,0x1.47ae147ae147bp-7,0x1.f147ae147ae15p+2,559166929734320795/72057594037927936,4479100045397600595/576460752303423488,True,77,7,1.8373936907767543,1.8860400870539544,-0.5395859079146544,-0.4936694611365956,1.8373936907767556,1.886040087053953,-0.5395859079146537,-0.49366946113659604,1.8373877289590987,1.8911827898246267,-0.5407972504890844,-0.48653153583443426,1.8373877289591016,1.8911827898246238,-0.5407972504890826,-0.4865315358344355
778,7.7700000000000005,7.78,0.01,0x1.47ae147ae147bp-7,0x1.f1eb851eb851fp+2,4479100045397600595/576460752303423488,2242432326460317415/288230376151711744,True,78,7,1.8319807962334913,1.88106194895782,-0.5450223476314703,-0.4998916451486071,1.8319807962334926,1.8810619489578186,-0.5450223476314694,-0.49989164514860773,1.8319749885442989,1.8862632731911604,-0.546202077378094,-0.4928825588301863,1.8319749885443022,1.8862632731911573,-0.5462020773780919,-0.4928825588301877
779,7.78,7.79,0.01,0x1.47ae147ae147bp-7,0x1.f28f5c28f5c29p+2,2242432326460317415/288230376151711744,4490629260443669065/576460752303423488,True,79,7,1.8265129418489325,1.876023115338134,-0.5503852396021577,-0.5060026114149657,1.8265129418489336,1.8760231153381328,-0.5503852396021568,-0.5060026114149665,1.8265072820518402,1.8812821193631,-0.5515346300456705,-0.4991162470114865,1.8265072820518433,1.8812821193630969,-0.5515346300456686,-0.4991162470114879
780,7.79,7.8,0.01,0x1.47ae147ae147bp-7,0x1.f333333333333p+2,4490629260443669065/576460752303423488,1124098466991675825/144115188075855872,True,80,7,1.8209907754968313,1.8709247388819372,-0.5556786485323828,-0.512007660947767,1.8209907754968324,1.8709247388819361,-0.5556786485323819,-0.5120076609477678,1.8209852576035415,1.876240528406497,-0.5567989224558841,-0.5052381127935356,1.8209852576035443,1.876240528406494,-0.5567989224558821,-0.5052381127935378
781,7.8,7.8100000000000005,0.01,0x1.47ae147ae147bp-7,0x1.f3d70a3d70a3ep+2,1124098466991675825/144115188075855872,4502158475489737535/576460752303423488,True,81,7,1.815415013766077,1.8657678114598868,-0.5609065051479597,-0.5179119194327071,1.8154150137660783,1.8657678114598857,-0.5609065051479589,-0.5179119194327081,1.8154096320287594,1.8711395380021045,-0.5619988362628314,-0.5112534855992158,1.815409632028762,1.8711395380021014,-0.5619988362628294,-0.5112534855992178
782,7.8100000000000005,7.82,0.01,0x1.47ae147ae147bp-7,0x1.f47ae147ae148p+2,4502158475489737535/576460752303423488,2253961541506385885/288230376151711744,True,82,7,1.809786199471753,1.8605534096501666,-0.5660846458006518,-0.5237083093634833,1.809786199471754,1.8605534096501655,-0.5660846458006511,-0.523708309363484,1.809780945436064,1.8659802719678933,-0.5671507488964455,-0.5171548956614278,1.809780945436067,1.8659802719678904,-0.5671507488964433,-0.5171548956614299
783,7.82,7.83,0.01,0x1.47ae147ae147bp-7,0x1.f51eb851eb852p+2,2253961541506385885/288230376151711744,4513687690535806005/576460752303423488,True,83,7,1.8041046981415025,1.8552827011712525,-0.5712469107432228,-0.529371463209387,1.8041046981415039,1.8552827011712512,-0.5712469107432219,-0.5293714632093879,1.8040995563495432,1.8607639480996112,-0.5722899022063577,-0.5229157169714738,1.804099556349546,1.8607639480996079,-0.5722899022063556,-0.5229157169714759
784,7.83,7.84,0.01,0x1.47ae147ae147bp-7,0x1.f5c28f5c28f5cp+2,4513687690535806005/576460752303423488,282465768628677515/36028797018963968,True,84,7,1.798371518411327,1.849956127291139,-0.5763542670405131,-0.53494861102978,1.798371518411328,1.8499561272911378,-0.5763542670405123,-0.5349486110297808,1.798366484117101,1.8554910386237444,-0.5773751173962213,-0.5285854630207928,1.7983664841171039,1.8554910386237415,-0.577375117396219,-0.5285854630207949
785,7.84,7.8500000000000005,0.01,0x1.47ae147ae147bp-7,0x1.f666666666667p+2,282465768628677515/36028797018963968,4525216905581874475/576460752303423488,True,85,7,1.7925872022429994,1.8445745153093267,-0.5814101815780494,-0.5404442189784397,1.7925872022430005,1.8445745153093258,-0.5814101815780485,-0.5404442189784406,1.7925822709074641,1.8501624109546366,-0.5824098190855003,-0.5341687744028769,1.7925822709074672,1.8501624109546337,-0.5824098190854979,-0.5341687744028791
786,7.8500000000000005,7.86,0.01,0x1.47ae147ae147bp-7,0x1.f70a3d70a3d71p+2,4525216905581874475/576460752303423488,2265490756552454355/288230376151711744,True,86,7,1.7867522570732126,1.8391386489975732,-0.586418014689028,-0.54586260590631,1.7867522570732137,1.8391386489975718,-0.5864180146890272,-0.5458626059063107,1.7867474243569899,1.8447788876907996,-0.5873973268250691,-0.5396701376778151,1.786747424356993,1.8447788876907965,-0.5873973268250671,-0.539670137677817
787,7.86,7.87,0.01,0x1.47ae147ae147bp-7,0x1.f7ae147ae147bp+2,2265490756552454355/288230376151711744,4536746120627942945/576460752303423488,True,87,7,1.780867156849457,1.8336492700513254,-0.5913810249884301,-0.5512079487219932,1.7808671568494583,1.833649270051324,-0.5913810249884293,-0.5512079487219941,1.7808624186056563,1.839341248117954,-0.5923408599082717,-0.5450938909053917,1.7808624186056596,1.8393412481179505,-0.5923408599082696,-0.5450938909053937
788,7.87,7.88,0.01,0x1.47ae147ae147bp-7,0x1.f851eb851eb85p+2,4536746120627942945/576460752303423488,1135627682037744295/144115188075855872,True,88,7,1.774932343036591,1.8281070794700063,-0.5963023734196283,-0.5564842882432636,1.7749323430365922,1.828107079470005,-0.5963023734196274,-0.5564842882432645,1.774927695303908,1.8338502296392718,-0.5972435413626487,-0.5504442296997193,1.7749276953039108,1.8338502296392687,-0.5972435413626467,-0.5504442296997214
789,7.88,7.890000000000001,0.01,0x1.47ae147ae147bp-7,0x1.f8f5c28f5c290p+2,1135627682037744295/144115188075855872,4548275335674011415/576460752303423488,True,89,7,1.7689482255845013,1.8225127388786955,-0.6011851275764809,-0.561695534480029,1.7689482255845026,1.8225127388786944,-0.60118512757648,-0.5616955344800297,1.768943664580489,1.8283065291456373,-0.6021084022362251,-0.5557252126945382,1.7689436645804921,1.8283065291456342,-0.6021084022362231,-0.5557252126945403
790,7.890000000000001,7.9,0.01,0x1.47ae147ae147bp-7,0x1.f99999999999ap+2,4548275335674011415/576460752303423488,2277019971598522825/288230376151711744,True,90,7,1.7629151838517148,1.8168668717992593,-0.6060322657902479,-0.5668454718635004,1.762915183851716,1.8168668717992582,-0.606032265790247,-0.5668454718635013,1.7629107059662632,1.8227108043338724,-0.6069383856432943,-0.5609407669579989,1.7629107059662663,1.8227108043338693,-0.606938385643292,-0.5609407669580011
791,7.9,7.91,0.01,0x1.47ae147ae147bp-7,0x1.fa3d70a3d70a4p+2,2277019971598522825/288230376151711744,4559804550720079885/576460752303423488,True,91,7,1.7568335675569624,1.8111700648017899,-0.6108466810836284,-0.5719377643239805,1.7568335675569637,1.8111700648017888,-0.6108466810836275,-0.5719377643239812,1.7568291693459794,1.8170636749038414,-0.6117363506769959,-0.5660946932540482,1.7568291693459823,1.8170636749038387,-0.6117363506769941,-0.5660946932540502
792,7.91,7.92,0.01,0x1.47ae147ae147bp-7,0x1.fae147ae147aep+2,4559804550720079885/576460752303423488,570696144780389265/72057594037927936,True,92,7,1.7507036974170278,1.8054228688808465,-0.6156311849478762,-0.5769759602664059,1.7507036974170291,1.8054228688808454,-0.6156311849478753,-0.5769759602664067,1.7506993755963374,1.8113657239789323,-0.6165050761425945,-0.5711906712013474,1.75069937559634,1.8113657239789298,-0.6165050761425925,-0.5711906712013494
793,7.92,7.930000000000001,0.01,0x1.47ae147ae147bp-7,0x1.fb851eb851eb9p+2,570696144780389265/72057594037927936,4571333765766148355/576460752303423488,True,93,7,1.7445258661578966,1.7996258003722383,-0.6203885112026963,-0.5819634971897737,1.7445258661578977,1.799625800372237,-0.6203885112026957,-0.5819634971897744,1.7445216175973068,1.8056174990657492,-0.6212472643830297,-0.5762322640637731,1.7445216175973097,1.805617499065746,-0.6212472643830277,-0.5762322640637751
794,7.930000000000001,7.94,0.01,0x1.47ae147ae147bp-7,0x1.fc28f5c28f5c3p+2,4571333765766148355/576460752303423488,2288549186644591295/288230376151711744,True,94,7,1.7383003392167304,1.7937793420955301,-0.6251213194099913,-0.5869037064851461,1.7383003392167315,1.793779342095529,-0.6251213194099905,-0.5869037064851469,1.7382961609343446,1.7998195132380999,-0.6259655446437813,-0.5812229237310432,1.7382961609343472,1.7998195132380972,-0.6259655446437792,-0.5812229237310452
795,7.94,7.95,0.01,0x1.47ae147ae147bp-7,0x1.fcccccccccccdp+2,2288549186644591295/288230376151711744,4582862980812216825/576460752303423488,True,95,7,1.7320273554122427,1.7878839444473487,-0.6298321983962769,-0.5917998178637669,1.7320273554122438,1.7878839444473476,-0.6298321983962761,-0.5917998178637678,1.732023244568954,1.7939722462705197,-0.6306624765569669,-0.5861659953157603,1.7320232445689574,1.7939722462705165,-0.6306624765569651,-0.5861659953157623
796,7.95,7.96,0.01,0x1.47ae147ae147bp-7,0x1.fd70a3d70a3d7p+2,4582862980812216825/576460752303423488,1147156897083812765/144115188075855872,True,96,7,1.725707127844941,1.781940026186587,-0.6345236695977373,-0.5966549637079143,1.7257071278449418,1.781940026186586,-0.6345236695977365,-0.5966549637079152,1.7257030817391341,1.7880761454623835,-0.6353405534457126,-0.5910647216723003,1.7257030817391368,1.7880761454623806,-0.6353405534457108,-0.5910647216723022
797,7.96,7.97,0.01,0x1.47ae147ae147bp-7,0x1.fe147ae147ae1p+2,1147156897083812765/144115188075855872,4594392195858285295/576460752303423488,True,97,7,1.719339844343583,1.7759479755976861,-0.6391981914819707,-0.6014721820969062,1.7193398443435841,1.775947975597685,-0.6391981914819699,-0.601472182096907,1.7193358604057773,1.7821316268391032,-0.6400022067559402,-0.5959222465367897,1.7193358604057805,1.7821316268391,-0.6400022067559381,-0.5959222465367916
798,7.97,7.98,0.01,0x1.47ae147ae147bp-7,0x1.feb851eb851ecp+2,4594392195858285295/576460752303423488,2300078401690659765/288230376151711744,True,98,7,1.712925668021478,1.769908151470808,-0.6438581629637753,-0.6062544205978995,1.712925668021479,1.7699081514708066,-0.6438581629637745,-0.6062544205979002,1.7129217438091227,1.7761390761687792,-0.6446498094419213,-0.6007416184687342,1.7129217438091255,1.776139076168776,-0.6446498094419192,-0.6007416184687363
799,7.98,7.99,0.01,0x1.47ae147ae147bp-7,0x1.ff5c28f5c28f6p+2,2300078401690659765/288230376151711744,4605921410904353765/576460752303423488,True,99,7,1.706464738366909,1.7638208834769908,-0.6485059219704795,-0.6110045446730208,1.70646473836691,1.7638208834769897,-0.6485059219704788,-0.6110045446730217,1.7064608715603073,1.7700988493716738,-0.6492856743044266,-0.6055257996024672,1.7064608715603098,1.7700988493716712,-0.6492856743044249,-0.6055257996024692
800,7.99,8.0,0.01,0x1.47ae147ae147bp-7,0x1.0000000000000p+3,4605921410904353765/576460752303423488,144115188075855875/18014398509481984,True,0,8,1.699957154197869,1.7576864906104435,-0.6531454409098951,-0.6157236489648855,1.6999571541978704,1.7576864906104424,-0.6531454409098942,-0.6157236489648863,1.6999533422494326,1.7640112913434653,-0.6539138188874529,-0.6102759076175415,1.699953342249436,1.7640112913434625,-0.6539138188874506,-0.6102759076175437
801,8.0,8.01,0.01,0x1.47ae147ae147bp-7,0x1.0051eb851eb85p+3,144115188075855875/18014398509481984,4617450625950422235/576460752303423488,True,1,8,1.6934029188155557,1.7515053373657916,-0.6577878543077647,-0.6204055362118114,1.693402918815557,1.7515053373657903,-0.6577878543077639,-0.6204055362118123,1.6933991574989367,1.7578767932657862,-0.6585457134448556,-0.6149854744348965,1.6933991574989395,1.7578767932657833,-0.6585457134448536,-0.6149854744348985
802,8.01,8.02,0.01,0x1.47ae147ae147bp-7,0x1.00a3d70a3d70ap+3,4617450625950422235/576460752303423488,2311607616736728235/288230376151711744,True,2,8,1.686802227687427,1.745277547321066,-0.6624234894752198,-0.6250646927517367,1.6868022276874284,1.7452775473210649,-0.6624234894752191,-0.6250646927517374,1.68679851533365,1.7516955005343025,-0.6631711726423264,-0.6196695607928911,1.6867985153336533,1.7516955005342993,-0.6631711726423244,-0.6196695607928931
803,8.02,8.03,0.01,0x1.47ae147ae147bp-7,0x1.00f5c28f5c28fp+3,2311607616736728235/288230376151711744,4628979840996490705/576460752303423488,True,3,8,1.680155072901921,1.7390033998879948,-0.6670601170263686,-0.6296980443007657,1.6801550729019226,1.7390033998879932,-0.6670601170263677,-0.6296980443007666,1.6801514068230672,1.7454677173524897,-0.6677981707096405,-0.6243249474943292,1.68015140682307,1.7454677173524864,-0.6677981707096384,-0.6243249474943312
804,8.03,8.040000000000001,0.01,0x1.47ae147ae147bp-7,0x1.0147ae147ae15p+3,4628979840996490705/576460752303423488,1158686112129881235/144115188075855872,True,4,8,1.6734614964815142,1.7326830781429137,-0.6716978782686878,-0.6343100343410246,1.6734614964815158,1.7326830781429123,-0.671697878268687,-0.6343100343410254,1.6734578745035331,1.739193649483444,-0.6724267456005727,-0.6289562371244632,1.673457874503536,1.739193649483441,-0.6724267456005707,-0.6289562371244652
805,8.040000000000001,8.05,0.01,0x1.47ae147ae147bp-7,0x1.019999999999ap+3,1158686112129881235/144115188075855872,4640509056042559175/576460752303423488,True,5,8,1.6667215330064284,1.7263167272894104,-0.6763360535613371,-0.6389058615139884,1.6667215330064298,1.726316727289409,-0.6763360535613362,-0.6389058615139893,1.6667179536061438,1.732873464137374,-0.6770560468928336,-0.6335688119989316,1.6667179536061472,1.7328734641373706,-0.6770560468928316,-0.6335688119989334
806,8.05,8.06,0.01,0x1.47ae147ae147bp-7,0x1.01eb851eb851fp+3,4640509056042559175/576460752303423488,2323136831782796705/288230376151711744,True,6,8,1.6599351685199686,1.719904496783112,-0.6809766722091364,-0.643487875270396,1.65993516851997,1.7199044967831107,-0.6809766722091355,-0.6434878752703969,1.6599316302630862,1.7265073328234883,-0.6816880856780642,-0.6381650899104963,1.659931630263089,1.7265073328234855,-0.681688085678062,-0.6381650899104984
807,8.06,8.07,0.01,0x1.47ae147ae147bp-7,0x1.023d70a3d70a4p+3,2323136831782796705/288230376151711744,4652038271088627645/576460752303423488,True,7,8,1.6531023688766677,1.7134465129591863,-0.6856217257185813,-0.6480583679488001,1.653102368876669,1.713446512959185,-0.6856217257185805,-0.648058367948801,1.6530988704147354,1.720095403445733,-0.686324835871746,-0.6427474282431905,1.6530988704147382,1.72009540344573,-0.686324835871744,-0.6427474282431924
808,8.07,8.08,0.01,0x1.47ae147ae147bp-7,0x1.028f5c28f5c29p+3,4652038271088627645/576460752303423488,582225359826457735/72057594037927936,True,8,8,1.6462230801401712,1.7069428795575212,-0.6902731704506524,-0.6526195772990747,1.6462230801401725,1.7069428795575199,-0.6902731704506516,-0.6526195772990755,1.646219620207614,1.7136378008542061,-0.6909682368509263,-0.6473181265971121,1.6462196202076171,1.7136378008542035,-0.6909682368509242,-0.6473181265971142
809,8.08,8.09,0.01,0x1.47ae147ae147bp-7,0x1.02e147ae147aep+3,582225359826457735/72057594037927936,4663567486134696115/576460752303423488,True,9,8,1.6392972290508456,1.7003936781272582,-0.6949329295129612,-0.6571736896006722,1.6392972290508467,1.700393678127257,-0.6949329295129603,-0.6571736896006731,1.6392938054408637,1.7071346282962925,-0.6956205017066397,-0.6518791236293757,1.6392938054408666,1.7071346282962896,-0.6956205017066376,-0.6518791236293778
810,8.09,8.1,0.01,0x1.47ae147ae147bp-7,0x1.0333333333333p+3,4663567486134696115/576460752303423488,2334666046828865175/288230376151711744,True,10,8,1.632324723181853,1.6937989686935522,-0.6996028949493825,-0.6617228423236682,1.632324723181854,1.693798968693551,-0.6996028949493818,-0.6617228423236691,1.6323213324501347,1.7005859673802577,-0.7002839011014896,-0.6564322181270158,1.6323213324501373,1.700585967380255,-0.7002839011014876,-0.6564322181270178
811,8.1,8.11,0.01,0x1.47ae147ae147bp-7,0x1.03851eb851eb8p+3,2334666046828865175/288230376151711744,4675096701180764585/576460752303423488,True,11,8,1.6253054513526097,1.6871587901192162,-0.7042849298633744,-0.6662691267028108,1.6253054513526108,1.6871587901192153,-0.7042849298633737,-0.6662691267028116,1.6253020925287562,1.6939918744530509,-0.7049595630904121,-0.6609802739602963,1.6253020925287593,1.693991874453048,-0.7049595630904102,-0.6609802739602983
812,8.11,8.120000000000001,0.01,0x1.47ae147ae147bp-7,0x1.03d70a3d70a3ep+3,4675096701180764585/576460752303423488,1170215327175949705/144115188075855872,True,12,8,1.6182392838950168,1.6804731605673613,-0.7089808703994903,-0.6708145903059521,1.618239283895018,1.6804731605673602,-0.7089808703994894,-0.670814590305953,1.6182359560774138,1.6873523872026124,-0.7096493100822763,-0.6655253877447416,1.6182359560774167,1.6873523872026093,-0.709649310082274,-0.6655253877447438
813,8.120000000000001,8.13,0.01,0x1.47ae147ae147bp-7,0x1.0428f5c28f5c3p+3,1170215327175949705/144115188075855872,4686625916226833055/576460752303423488,True,13,8,1.6111260728835863,1.6737420779553491,-0.7136925277517966,-0.6753612394341043,1.6111260728835874,1.673742077955348,-0.7136925277517957,-0.6753612394341052,1.6111227752372517,1.6806675227312449,-0.7143549399651421,-0.670069612195081,1.6111227752372541,1.6806675227312422,-0.7143549399651401,-0.6700696121950829
814,8.13,8.14,0.01,0x1.47ae147ae147bp-7,0x1.047ae147ae148p+3,4686625916226833055/576460752303423488,2346195261874933645/288230376151711744,True,14,8,1.6039656524224517,1.6669655203084635,-0.7184216900136782,-0.679911041544416,1.6039656524224528,1.6669655203084623,-0.7184216900136773,-0.6799110415444168,1.6039623841770085,1.673937277930861,-0.7190782279313517,-0.674614958640799,1.6039623841770114,1.6739372779308583,-0.7190782279313498,-0.6746149586408011
815,8.14,8.15,0.01,0x1.47ae147ae147bp-7,0x1.04ccccccccccdp+3,2346195261874933645/288230376151711744,4698155131272901525/576460752303423488,True,15,8,1.596757838777258,1.6601434462266287,-0.7231701242064762,-0.6844659273641379,1.5967578387772594,1.6601434462266274,-0.7231701242064754,-0.6844659273641388,1.5967545992249885,1.6671616299706553,-0.7238209284902255,-0.6791633992211026,1.5967545992249914,1.6671616299706524,-0.7238209284902234,-0.6791633992211048
816,8.15,8.16,0.01,0x1.47ae147ae147bp-7,0x1.051eb851eb852p+3,4698155131272901525/576460752303423488,293994983674745985/36028797018963968,True,16,8,1.589502430691807,1.653275795125566,-0.727939577711438,-0.6890277934766637,1.5895024306918084,1.6532757951255648,-0.7279395777114374,-0.6890277934766643,1.589499219185875,1.6603405365584956,-0.7285847768660154,-0.6837168695673025,1.589499219185878,1.6603405365584927,-0.7285847768660134,-0.6837168695673046
817,8.16,8.17,0.01,0x1.47ae147ae147bp-7,0x1.0570a3d70a3d7p+3,293994983674745985/36028797018963968,4709684346318969995/576460752303423488,True,17,8,1.5821992094608441,1.646362487682241,-0.732731780197594,-0.6935985042921385,1.5821992094608455,1.6463624876822396,-0.7327317801975931,-0.6935985042921394,1.5821960254135892,1.6534739364060838,-0.7333714909115108,-0.6882772708473976,1.5821960254135923,1.6534739364060806,-0.7333714909115088,-0.6882772708473996
818,8.17,8.18,0.01,0x1.47ae147ae147bp-7,0x1.05c28f5c28f5cp+3,4709684346318969995/576460752303423488,2357724476921002115/288230376151711744,True,18,8,1.574847939181779,1.6394034260629557,-0.737548445315216,-0.6981798941382661,1.57484793918178,1.6394034260629546,-0.7375484453152152,-0.698179894138267,1.5748447820631124,1.6465617494761553,-0.7381827727813183,-0.6928464719342103,1.5748447820631157,1.6465617494761522,-0.7381827727813163,-0.6928464719342124
819,8.18,8.19,0.01,0x1.47ae147ae147bp-7,0x1.06147ae147ae1p+3,2357724476921002115/288230376151711744,4721213561365038465/576460752303423488,True,19,8,1.567448366139425,1.63239849498114,-0.7423913459440209,-0.7027736956873443,1.5674483661394263,1.6323984949811388,-0.74239134594402,-0.7027736956873452,1.5674452354635025,1.6396038780706368,-0.7430203865283105,-0.6974262355388487,1.5674452354635051,1.6396038780706341,-0.7430203865283085,-0.6974262355388507
820,8.19,8.2,0.01,0x1.47ae147ae147bp-7,0x1.0666666666666p+3,4721213561365038465/576460752303423488,1181744542222018175/144115188075855872,True,20,8,1.5600002173997927,1.6253475635098602,-0.7472624689134706,-0.7073813888070597,1.560000217399794,1.6253475635098589,-0.7472624689134699,-0.7073813888070604,1.5599971126884273,1.6326002086845282,-0.7478863174825764,-0.7020180624551288,1.5599971126884302,1.6326002086845253,-0.7478863174825743,-0.7020180624551309
821,8.2,8.21,0.01,0x1.47ae147ae147bp-7,0x1.06b851eb851ecp+3,1181744542222018175/144115188075855872,4732742776411106935/576460752303423488,True,21,8,1.5525032090173716,1.6182504772456285,-0.7521632125749456,-0.7120050064546638,1.5525032090173732,1.618250477245627,-0.7521632125749447,-0.7120050064546646,1.5525001298915486,1.6255506040592096,-0.7527819441651951,-0.7066240231621117,1.552500129891552,1.625550604059206,-0.752781944165193,-0.7066240231621137
822,8.21,8.22,0.01,0x1.47ae147ae147bp-7,0x1.070a3d70a3d71p+3,4732742776411106935/576460752303423488,2369253691967070585/288230376151711744,True,22,8,1.5449570376500978,1.6111070670303245,-0.7570952319967913,-0.7166462928610867,1.5449570376500992,1.6111070670303234,-0.7570952319967905,-0.7166462928610876,1.5449539837852246,1.61845491205774,-0.7577089107770636,-0.7112458887621665,1.5449539837852275,1.6184549120577372,-0.7577089107770616,-0.7112458887621687
823,8.22,8.23,0.01,0x1.47ae147ae147bp-7,0x1.075c28f5c28f6p+3,2369253691967070585/288230376151711744,4744271991457175405/576460752303423488,True,23,8,1.5373613841678555,1.6039171456462766,-0.7620600910081191,-0.7213070547691549,1.5373613841678568,1.6039171456462755,-0.7620600910081182,-0.7213070547691558,1.5373583553050618,1.611312962320534,-0.7626687680155718,-0.7158854934918883,1.5373583553050643,1.6113129623205316,-0.7626687680155697,-0.7158854934918905
824,8.23,8.24,0.01,0x1.47ae147ae147bp-7,0x1.07ae147ae147bp+3,4744271991457175405/576460752303423488,593754574872526205/72057594037927936,True,24,8,1.5297159119396122,1.596680509800314,-0.7670594415328786,-0.7259889852971807,1.5297159119396133,1.5966805098003132,-0.7670594415328779,-0.7259889852971815,1.5297129078696916,1.6041245682929726,-0.7676631578888053,-0.72054455314906,1.5297129078696945,1.6041245682929697,-0.7676631578888032,-0.7205445531490622
825,8.24,8.25,0.01,0x1.47ae147ae147bp-7,0x1.0800000000000p+3,593754574872526205/72057594037927936,4755801206503243875/576460752303423488,True,25,8,1.5220202678489925,1.5893969393478284,-0.7720949295742588,-0.7306937610678216,1.5220202678489938,1.589396939347827,-0.7720949295742581,-0.7306937610678224,1.5220172884115222,1.5968895264500618,-0.7726937166605912,-0.7252247653023745,1.5220172884115255,1.5968895264500589,-0.772693716660589,-0.7252247653023766
826,8.25,8.26,0.01,0x1.47ae147ae147bp-7,0x1.0851eb851eb85p+3,4755801206503243875/576460752303423488,2380782907013139055/288230376151711744,True,26,8,1.5142740823433232,1.5820661974526267,-0.777168196924681,-0.7354230435326408,1.5142740823433247,1.5820661974526253,-0.7771681969246801,-0.7354230435326417,1.5142711274258018,1.5896076164716362,-0.7777620765557388,-0.7299278106603407,1.514271127425805,1.589607616471633,-0.7777620765557365,-0.729927810660343
827,8.26,8.27,0.01,0x1.47ae147ae147bp-7,0x1.08a3d70a3d70ap+3,2380782907013139055/288230376151711744,4767330421549312345/576460752303423488,True,27,8,1.5064769694631244,1.574688030736366,-0.7822808831013828,-0.7401784799955585,1.5064769694631255,1.5746880307363649,-0.782280883101382,-0.7401784799955594,1.5064740390001037,1.5822786014067864,-0.7828698676976962,-0.7346553541304203,1.5064740390001066,1.5822786014067836,-0.7828698676976942,-0.7346553541304224
828,8.27,8.28,0.01,0x1.47ae147ae147bp-7,0x1.08f5c28f5c28fp+3,4767330421549312345/576460752303423488,1193273757268086645/144115188075855872,True,28,8,1.4986285268626371,1.56726216940773,-0.7874346262313033,-0.744961705614992,1.4986285268626385,1.5672621694077287,-0.7874346262313024,-0.7449617056149929,1.4986256208349904,1.5749022278175095,-0.7880187189658483,-0.739409046884751,1.4986256208349935,1.5749022278175064,-0.7880187189658464,-0.7394090468847528
829,8.28,8.290000000000001,0.01,0x1.47ae147ae147bp-7,0x1.0947ae147ae15p+3,1193273757268086645/144115188075855872,4778859636595380815/576460752303423488,True,29,8,1.490728335816068,1.5597883273773605,-0.7926310644650222,-0.7497743448083023,1.4907283358160692,1.5597883273773592,-0.7926310644650214,-0.7497743448083031,1.490725454250312,1.567478225907851,-0.7932102593988476,-0.744190527809521,1.490725454250315,1.5674782259078481,-0.7932102593988457,-0.7441905278095229
830,8.290000000000001,8.3,0.01,0x1.47ae147ae147bp-7,0x1.099999999999ap+3,4778859636595380815/576460752303423488,2392312122059207525/288230376151711744,True,30,8,1.4827759612110007,1.5522662023577636,-0.7978718372459238,-0.7546180127355794,1.4827759612110019,1.5522662023577622,-0.7978718372459229,-0.7546180127355802,1.4827731041786858,1.5600063096376724,-0.7984461194500934,-0.7490014250351557,1.482773104178689,1.560006309637669,-0.798446119450091,-0.7490014250351578
831,8.3,8.31,0.01,0x1.47ae147ae147bp-7,0x1.09eb851eb851fp+3,2392312122059207525/288230376151711744,4790388851641449285/576460752303423488,True,31,8,1.4747709515292509,1.5446954759485594,-0.8031585865536321,-0.7594943167467743,1.4747709515292522,1.5446954759485578,-0.8031585865536313,-0.7594943167467751,1.474768119146419,1.5524861768214384,-0.8037279322178953,-0.753843357427905,1.4747681191464226,1.5524861768214349,-0.8037279322178933,-0.753843357427907
832,8.31,8.32,0.01,0x1.47ae147ae147bp-7,0x1.0a3d70a3d70a4p+3,4790388851641449285/576460752303423488,74939897799445055/9007199254740992,True,32,8,1.466712838815411,1.5370758137074336,-0.8084929581228559,-0.7644048577939352,1.4667128388154123,1.537075813707432,-0.8084929581228552,-0.7644048577939359,1.4667100312421169,1.544917509212411,-0.8090573346514583,-0.7587179360446832,1.46671003124212,1.544917509212408,-0.8090573346514562,-0.7587179360446853
833,8.32,8.33,0.01,0x1.47ae147ae147bp-7,0x1.0a8f5c28f5c29p+3,74939897799445055/9007199254740992,4801918066687517755/576460752303423488,True,33,8,1.458601138633322,1.5294068652071342,-0.8138766026387075,-0.7693512318102294,1.4586011386333233,1.5294068652071329,-0.8138766026387068,-0.7693512318102301,1.4585983560732165,1.5372999725725978,-0.814435968785068,-0.7636267655015879,1.4585983560732194,1.5372999725725947,-0.814435968785066,-0.76362676550159
834,8.33,8.34,0.01,0x1.47ae147ae147bp-7,0x1.0ae147ae147aep+3,4801918066687517755/576460752303423488,2403841337105275995/288230376151711744,True,34,8,1.4504353500107077,1.5216882640788334,-0.8193111769094775,-0.7743350310573631,1.4504353500107088,1.5216882640788323,-0.8193111769094766,-0.774335031057364,1.4504325927106836,1.529633216728786,-0.8198654827447901,-0.7685714455144662,1.4504325927106871,1.529633216728783,-0.8198654827447881,-0.7685714455144682
835,8.34,8.35,0.01,0x1.47ae147ae147bp-7,0x1.0b33333333333p+3,2403841337105275995/288230376151711744,4813447281733586225/576460752303423488,True,35,8,1.4422149553721875,1.5139196280421725,-0.8247983450177724,-0.7793578454429271,1.4422149553721888,1.5139196280421712,-0.8247983450177716,-0.7793578454429279,1.442212223622085,1.5219168756149994,-0.8253475320406666,-0.7735535721010524,1.4422122236220873,1.5219168756149968,-0.8253475320406644,-0.7735535721010545
836,8.35,8.36,0.01,0x1.47ae147ae147bp-7,0x1.0b851eb851eb8p+3,4813447281733586225/576460752303423488,1204802972314155115/144115188075855872,True,36,8,1.4339394204608875,1.5061005589222607,-0.8303397794508407,-0.7844212638091284,1.4339394204608886,1.5061005589222598,-0.8303397794508398,-0.7844212638091292,1.4339367145932511,1.5141505673016662,-0.8308837806366228,-0.7785747389548278,1.4339367145932542,1.5141505673016633,-0.8308837806366207,-0.7785747389548298
837,8.36,8.370000000000001,0.01,0x1.47ae147ae147bp-7,0x1.0bd70a3d70a3ep+3,1204802972314155115/144115188075855872,4824976496779654695/576460752303423488,True,37,8,1.4256081942488494,1.4982306426539331,-0.8359371622108446,-0.7895268751942801,1.4256081942488508,1.498230642653932,-0.8359371622108438,-0.789526875194281,1.4256055146387498,1.5063338940117883,-0.836475902048543,-0.7836365387423507,1.4256055146387532,1.5063338940117852,-0.8364759020485412,-0.7836365387423527
838,8.370000000000001,8.38,0.01,0x1.47ae147ae147bp-7,0x1.0c28f5c28f5c3p+3,4824976496779654695/576460752303423488,2415370552151344465/288230376151711744,True,38,8,1.4172207089054762,1.4903094491987363,-0.8415921864840792,-0.7946762700636659,1.4172207089054774,1.4903094491987352,-0.8415921864840784,-0.7946762700636668,1.4172180559703784,1.498466442049626,-0.8421255810027569,-0.7887405643675113,1.4172180559703813,1.498466442049623,-0.8421255810027548,-0.7887405643675135
839,8.38,8.39,0.01,0x1.47ae147ae147bp-7,0x1.0c7ae147ae148p+3,2415370552151344465/288230376151711744,4836505711825723165/576460752303423488,True,39,8,1.408776379479314,1.482336532747281,-0.8473065561031744,-0.7998710415290865,1.4087763794793153,1.4823365327472795,-0.8473065561031735,-0.7998710415290875,1.408773753679,1.4905477820145208,-0.8478345128879894,-0.7938884102230811,1.4087737536790028,1.4905477820145177,-0.8478345128879875,-0.7938884102230831
840,8.39,8.4,0.01,0x1.47ae147ae147bp-7,0x1.0cccccccccccdp+3,4836505711825723165/576460752303423488,605283789918594675/72057594037927936,True,40,8,1.400274603983485,1.4743114314655108,-0.8530819879841657,-0.805112786532829,1.4002746039834861,1.47431143146551,-0.8530819879841649,-0.8051127865328298,1.4002720058200273,1.4825774685584225,-0.8536044061821308,-0.7990816734059064,1.40027200582003,1.4825774685584197,-0.853604406182129,-0.7990816734059083
841,8.4,8.41,0.01,0x1.47ae147ae147bp-7,0x1.0d1eb851eb852p+3,605283789918594675/72057594037927936,4848034926871791635/576460752303423488,True,41,8,1.391714763192449,1.4662336675237313,-0.8589202129134215,-0.8104031070116471,1.3917147631924502,1.46623366752373,-0.8589202129134205,-0.8104031070116481,1.391712193210235,1.4745550404259744,-0.8594369832294725,-0.8043219549107578,1.3917121932102383,1.4745550404259713,-0.8594369832294703,-0.80432195491076
842,8.41,8.42,0.01,0x1.47ae147ae147bp-7,0x1.0d70a3d70a3d7p+3,4848034926871791635/576460752303423488,2426899767197412935/288230376151711744,True,42,8,1.383096220500281,1.4581027470408372,-0.8648229764623802,-0.8157436110410905,1.3830962205002821,1.4581027470408359,-0.8648229764623793,-0.8157436110410913,1.383093679286083,1.466480020409599,-0.8653339811459899,-0.8096108608036269,1.383093679286086,1.466480020409596,-0.8653339811459878,-0.8096108608036289
843,8.42,8.43,0.01,0x1.47ae147ae147bp-7,0x1.0dc28f5c28f5cp+3,2426899767197412935/288230376151711744,4859564141917860105/576460752303423488,True,43,8,1.3744183217678168,1.4499181600172144,-0.870792039988438,-0.8211359139584009,1.3744183217678179,1.4499181600172133,-0.8707920399884372,-0.8211359139584017,1.3744158099509083,1.4583519152930704,-0.8712971528110774,-0.8149500033727126,1.3744158099509112,1.4583519152930673,-0.8712971528110754,-0.8149500033727147
844,8.43,8.44,0.01,0x1.47ae147ae147bp-7,0x1.0e147ae147ae1p+3,4859564141917860105/576460752303423488,1216332187360223585/144115188075855872,True,44,8,1.365680395160348,1.441679380256041,-0.8768291815722515,-0.8265816395120984,1.3656803951603493,1.4416793802560397,-0.8768291815722506,-0.8265816395120992,1.3656779134126715,1.4501702157832908,-0.8773282677950652,-0.8203410023062344,1.3656779134126742,1.4501702157832876,-0.8773282677950631,-0.8203410023062365
845,8.44,8.45,0.01,0x1.47ae147ae147bp-7,0x1.0e66666666666p+3,1216332187360223585/144115188075855872,4871093356963928575/576460752303423488,True,45,8,1.3568817509741793,1.4333858652750318,-0.8829361971220738,-0.832082420808439,1.3568817509741806,1.4333858652750304,-0.882936197122073,-0.8320824208084397,1.3568793000105395,1.4419343964323543,-0.8834291134578234,-0.8257854856626643,1.3568793000105424,1.4419343964323514,-0.8834291134578215,-0.8257854856626661
846,8.45,8.46,0.01,0x1.47ae147ae147bp-7,0x1.0eb851eb851ecp+3,4871093356963928575/576460752303423488,2438428982243481405/288230376151711744,True,46,8,1.348021681454993,1.4250370562060461,-0.8891149011847816,-0.8376399015157147,1.3480216814549943,1.425037056206045,-0.8891149011847808,-0.8376399015157154,1.3480192620333098,1.4336439155472624,-0.889601495748677,-0.8312850911038645,1.3480192620333127,1.4336439155472598,-0.8896014957486748,-0.8312850911038667
847,8.46,8.47,0.01,0x1.47ae147ae147bp-7,0x1.0f0a3d70a3d71p+3,2438428982243481405/288230376151711744,4882622572009997045/576460752303423488,True,47,8,1.339099460605996,1.4166323776849055,-0.8953671279466794,-0.8432557368437751,1.3390994606059972,1.4166323776849044,-0.8953671279466786,-0.8432557368437757,1.3390970735275878,1.4252982150897004,-0.8958472402006644,-0.8368414668986662,1.3390970735275909,1.4252982150896973,-0.8958472402006623,-0.8368414668986682
848,8.47,8.48,0.01,0x1.47ae147ae147bp-7,0x1.0f5c28f5c28f6p+3,4882622572009997045/576460752303423488,305524198720814455/36028797018963968,True,48,8,1.3301143439880707,1.408171237729701,-0.9016947320755611,-0.848931594647341,1.330114343988072,1.4081712377297,-0.9016947320755602,-0.848931594647342,1.330111990097986,1.4168967205641148,-0.9021681927636284,-0.8424562730525428,1.3301119900979892,1.4168967205641116,-0.9021681927636263,-0.842456273052545
849,8.48,8.49,0.01,0x1.47ae147ae147bp-7,0x1.0fae147ae147bp+3,305524198720814455/36028797018963968,4894151787056065515/576460752303423488,True,49,8,1.321065568507204,1.3996530276122852,-0.9080995898985285,-0.8546691561591272,1.3210655685072055,1.3996530276122836,-0.9080995898985277,-0.854669156159128,1.321063248694562,1.408438840898836,-0.9085662209797944,-0.8481311820603408,1.321063248694565,1.4084388408988326,-0.9085662209797928,-0.8481311820603427
850,8.49,8.5,0.01,0x1.47ae147ae147bp-7,0x1.1000000000000p+3,4894151787056065515/576460752303423488,2449958197289549875/288230376151711744,True,50,8,1.3119523522013452,1.3910771217116509,-0.9145835995176648,-0.8604701177498588,1.3119523522013465,1.3910771217116495,-0.9145835995176641,-0.8604701177498595,1.311950067399781,1.399923968308823,-0.915043214078835,-0.8538678807043636,1.3119500673997841,1.3999239683088198,-0.9150432140788329,-0.8538678807043657
851,8.5,8.51,0.01,0x1.47ae147ae147bp-7,0x1.1051eb851eb85p+3,2449958197289549875/288230376151711744,4905681002102133985/576460752303423488,True,51,8,1.302773894009241,1.3824428773661157,-0.921148682576234,-0.8663361910536624,1.3027738940092424,1.3824428773661146,-0.9211486825762331,-0.8663361910536633,1.3027716451973081,1.3913514781571816,-0.9216010847529948,-0.8596680701884829,1.3027716451973108,1.391351478157179,-0.9216010847529928,-0.859668070188485
852,8.51,8.52,0.01,0x1.47ae147ae147bp-7,0x1.10a3d70a3d70ap+3,4905681002102133985/576460752303423488,1227861402406292055/144115188075855872,True,52,8,1.2935293735355684,1.3737496347130183,-0.9277967846732714,-0.8722691042068526,1.2935293735355697,1.3737496347130171,-0.9277967846732706,-0.8722691042068533,1.2935271617371962,1.382720728803922,-0.9282417695601968,-0.8655334674063685,1.2935271617371995,1.3827207288039187,-0.9282417695601948,-0.8655334674063705
853,8.52,8.53,0.01,0x1.47ae147ae147bp-7,0x1.10f5c28f5c28fp+3,1227861402406292055/144115188075855872,4917210217148202455/576460752303423488,True,53,8,1.2842179508062843,1.3649967165173411,-0.9345298761807084,-0.8782706029471448,1.2842179508062854,1.3649967165173398,-0.9345298761807075,-0.8782706029471458,1.2842157770912828,1.3740310614434668,-0.9349672297327375,-0.8714658060675164,1.2842157770912856,1.3740310614434632,-0.9349672297327355,-0.8714658060675186
854,8.53,8.540000000000001,0.01,0x1.47ae147ae147bp-7,0x1.1147ae147ae15p+3,4917210217148202455/576460752303423488,2461487412335618345/288230376151711744,True,54,8,1.274838766016813,1.3561834279919562,-0.9413499530957861,-0.8843424514435149,1.2748387660168143,1.3561834279919551,-0.9413499530957853,-0.8843424514435156,1.2748366315013937,1.365281799933628,-0.9417794520259747,-0.8774668375497697,1.2748366315013968,1.365281799933625,-0.9417794520259726,-0.8774668375497717
855,8.540000000000001,8.55,0.01,0x1.47ae147ae147bp-7,0x1.119999999999ap+3,2461487412335618345/288230376151711744,4928739432194270925/576460752303423488,True,55,8,1.2653909392724445,1.3473090566080936,-0.9482590377613159,-0.8904864332658199,1.2653909392724456,1.3473090566080925,-0.9482590377613153,-0.8904864332658207,1.265388845119771,1.356472250614599,-0.9486804494326465,-0.8835383318945014,1.2653888451197743,1.3564722506145959,-0.9486804494326445,-0.8835383318945035
856,8.55,8.56,0.01,0x1.47ae147ae147bp-7,0x1.11eb851eb851fp+3,4928739432194270925/576460752303423488,616813004964663145/72057594037927936,True,56,8,1.2558735703210127,1.3383728718968038,-0.9552591796231908,-0.8967043522770322,1.2558735703210138,1.3383728718968027,-0.95525917962319,-0.896704352277033,1.2558715177417785,1.3476017021187443,-0.9556722619358805,-0.8896820787237908,1.2558715177417816,1.3476017021187414,-0.9556722619358784,-0.8896820787237927
857,8.56,8.57,0.01,0x1.47ae147ae147bp-7,0x1.123d70a3d70a4p+3,616813004964663145/72057594037927936,4940268647240339395/576460752303423488,True,57,8,1.2462857382781958,1.3293741252415132,-0.9623524559550135,-0.9029980335155258,1.2462857382781969,1.329374125241512,-0.9623524559550127,-0.9029980335155267,1.2462837285312207,1.3386694251712825,-0.9627569572296377,-0.8958998881482976,1.2462837285312238,1.3386694251712798,-0.9627569572296358,-0.8958998881482997
858,8.57,8.58,0.01,0x1.47ae147ae147bp-7,0x1.128f5c28f5c29p+3,4940268647240339395/576460752303423488,2473016627381686815/288230376151711744,True,58,8,1.2366265013457944,1.3203120496617533,-0.9695409725457154,-0.9093693240693119,1.2366265013457955,1.3203120496617524,-0.9695409725457146,-0.9093693240693127,1.2366245357386414,1.329674672381918,-0.9699366314024828,-0.9021935916678678,1.2366245357386445,1.329674672381915,-0.9699366314024804,-0.90219359166787
859,8.58,8.59,0.01,0x1.47ae147ae147bp-7,0x1.12e147ae147aep+3,2473016627381686815/288230376151711744,4951797862286407865/576460752303423488,True,59,8,1.2268948965232827,1.3111858595882255,-0.9768268643564135,-0.9158200939334137,1.2268948965232838,1.3111858595882244,-0.9768268643564126,-0.9158200939334146,1.2268929764128944,1.320616678027581,-0.9772134095910922,-0.908565043056056,1.2268929764128973,1.320616678027578,-0.9772134095910902,-0.908565043056058
860,8.59,8.6,0.01,0x1.47ae147ae147bp-7,0x1.1333333333333p+3,4951797862286407865/576460752303423488,1239390617452360525/144115188075855872,True,60,8,1.2170899393129548,1.3019947506293725,-0.9842122961442624,-0.9223522368497395,1.2170899393129557,1.3019947506293714,-0.9842122961442615,-0.9223522368497404,1.2170880661063026,1.3114946578264368,-0.9845894466012953,-0.9150161192280529,1.217088066106306,1.3114946578264335,-0.9845894466012933,-0.915016119228055
861,8.6,8.61,0.01,0x1.47ae147ae147bp-7,0x1.13851eb851eb8p+3,1239390617452360525/144115188075855872,4963327077332476335/576460752303423488,True,61,8,1.2072106234190072,1.2927378993296426,-0.9916994630508222,-0.9289676711286726,1.2072106234190085,1.2927378993296412,-0.9916994630508215,-0.9289676711286734,1.2072087985737558,1.3023078087033197,-0.9920669274941956,-0.9215487210913936,1.207208798573759,1.3023078087033164,-0.9920669274941935,-0.9215487210913956
862,8.61,8.620000000000001,0.01,0x1.47ae147ae147bp-7,0x1.13d70a3d70a3ep+3,4963327077332476335/576460752303423488,2484545842427755285/288230376151711744,True,62,8,1.1972559204407112,1.2834144629196222,-0.9992905911736533,-0.935668340451375,1.1972559204407125,1.283414462919621,-0.9992905911736523,-0.935668340451376,1.197254145465889,1.2930553085467746,-0.9996480681561332,-0.9281647743785765,1.197254145465892,1.2930553085467715,-0.9996480681561312,-0.9281647743785786
863,8.620000000000001,8.63,0.01,0x1.47ae147ae147bp-7,0x1.1428f5c28f5c3p+3,2484545842427755285/288230376151711744,4974856292378544805/576460752303423488,True,63,8,1.187224779560733,1.2740235790582466,-1.006987938051809,-0.9424562146519625,1.187224779560734,1.2740235790582453,-1.0069879380518072,-0.9424562146519633,1.1872230560174102,1.2837363159578696,-1.0073351157832042,-0.9348662304609143,1.187223056017413,1.2837363159578665,-1.0073351157832007,-0.9348662304609164
864,8.63,8.64,0.01,0x1.47ae147ae147bp-7,0x1.147ae147ae148p+3,4974856292378544805/576460752303423488,155644403121924345/18014398509481984,True,64,8,1.1771161272289106,1.264564365567282,-1.0147937930741262,-0.9493332904784015,1.1771161272289117,1.264564365567281,-1.0147937930741249,-0.9493332904784024,1.177114456730881,1.2743499699909746,-1.0151303492892698,-0.9416550671426341,1.177114456730884,1.2743499699909717,-1.0151303492892665,-0.9416550671426359
865,8.64,8.65,0.01,0x1.47ae147ae147bp-7,0x1.14ccccccccccdp+3,155644403121924345/18014398509481984,4986385507424613275/576460752303423488,True,65,8,1.1669288668400863,1.2550359201583157,-1.0227104779933534,-0.9563015923301482,1.1669288668400875,1.2550359201583143,-1.022710477993352,-0.9563015923301491,1.1669272510545474,1.2648953898867055,-1.0230360798205682,-0.948533289433411,1.1669272510545503,1.2648953898867026,-1.0230360798205647,-0.9485332894334131
866,8.65,8.66,0.01,0x1.47ae147ae147bp-7,0x1.151eb851eb852p+3,4986385507424613275/576460752303423488,2496075057473823755/288230376151711744,True,66,8,1.1566618784093663,1.2454373201525022,-1.0307403472543253,-0.9633631729692317,1.1566618784093674,1.245437320152501,-1.0307403472543233,-0.9633631729692325,1.1566603190575924,1.2553716747972645,-1.0310546510852014,-0.9555029302962053,1.1566603190575953,1.2553716747972619,-1.0310546510851977,-0.9555029302962074
867,8.66,8.67,0.01,0x1.47ae147ae147bp-7,0x1.1570a3d70a3d7p+3,2496075057473823755/288230376151711744,4997914722470681745/576460752303423488,True,67,8,1.1463140182437028,1.2357676221932121,-1.038885788293938,-0.9705201142165656,1.1463140182437042,1.2357676221932108,-1.0388857882939366,-0.9705201142165666,1.1463125171017123,1.2457779035042906,-1.0391884396551943,-0.962566051382497,1.1463125171017154,1.2457779035042875,-1.03918843965519,-0.9625660513824992
868,8.67,8.68,0.01,0x1.47ae147ae147bp-7,0x1.15c28f5c28f5cp+3,4997914722470681745/576460752303423488,1250919832498428995/144115188075855872,True,68,8,1.1358841186096205,1.2260258619530036,-1.0471492218961522,-0.9777745275047853,1.1358841186096218,1.2260258619530022,-1.0471492218961507,-0.9777745275047864,1.135882677508823,1.2361131341306146,-1.0474398553255078,-0.9697247436253159,1.1358826775088264,1.2361131341306115,-1.0474398553255035,-0.9697247436253185
869,8.68,8.69,0.01,0x1.47ae147ae147bp-7,0x1.16147ae147ae1p+3,1250919832498428995/144115188075855872,5009443937516750215/576460752303423488,True,69,8,1.1253709874006201,1.2162110538323025,-1.0555331021911807,-0.9851285546914461,1.1253709874006215,1.2162110538323014,-1.055533102191179,-0.9851285546914471,1.125369608228454,1.2263764038432592,-1.0558113411156471,-0.9769811280977352,1.1253696082284572,1.2263764038432563,-1.0558113411156422,-0.9769811280977377
870,8.69,8.700000000000001,0.01,0x1.47ae147ae147bp-7,0x1.1666666666667p+3,5009443937516750215/576460752303423488,2507604272519892225/288230376151711744,True,70,8,1.1147734078021851,1.2063221906528567,-1.0640399168591392,-0.9925843685647531,1.1147734078021865,1.2063221906528554,-1.0640399168591377,-0.9925843685647542,1.1147720925027254,1.2165667285507313,-1.0643053734793915,-0.9843373565640064,1.1147720925027282,1.2165667285507284,-1.064305373479388,-0.9843373565640091
871,8.700000000000001,8.71,0.01,0x1.47ae147ae147bp-7,0x1.16b851eb851ecp+3,2507604272519892225/288230376151711744,5020973152562818685/576460752303423488,True,71,8,1.104090137956645,1.1963582433447773,-1.0726721871057119,-1.000144173466044,1.1040901379566463,1.1963582433447761,-1.07267218710571,-1.0001441734660457,1.1040888885311837,1.2066831025933704,-1.0729244622863963,-0.9917956121517104,1.1040888885311868,1.2066831025933678,-1.0729244622863918,-0.9917956121517131
872,8.71,8.72,0.01,0x1.47ae147ae147bp-7,0x1.170a3d70a3d71p+3,5020973152562818685/576460752303423488,628342220010731615/72057594037927936,True,72,8,1.0933199106268465,1.18631816062938,-1.0814324677393674,-1.0078102056905824,1.0933199106268476,1.186318160629379,-1.0814324677393656,-1.007810205690584,1.0933187291344337,1.1967244984289265,-1.081671150907967,-0.9993581098040366,1.0933187291344364,1.1967244984289236,-1.0816711509079626,-0.99935810980404
873,8.72,8.73,0.01,0x1.47ae147ae147bp-7,0x1.175c28f5c28f6p+3,628342220010731615/72057594037927936,5032502367608887155/576460752303423488,True,73,8,1.0824614328612958,1.1762008686958345,-1.0903233469789626,-1.0155847340848951,1.082461432861297,1.1762008686958332,-1.090323346978961,-1.0155847340848967,1.082460321419241,1.1866898663113243,-1.0905480160327974,-1.0070270969338413,1.0824603214192439,1.1866898663113215,-1.0905480160327934,-1.0070270969338453
874,8.73,8.74,0.01,0x1.47ae147ae147bp-7,0x1.17ae147ae147bp+3,5032502367608887155/576460752303423488,2519133487565960695/288230376151711744,True,74,8,1.0715133856615173,1.166005270874894,-1.099347446240202,-1.0234700603160798,1.0715133856615184,1.1660052708748927,-1.0993474462402004,-1.0234700603160813,1.0715123464458354,1.1765781339658465,-1.099557667464921,-1.0148048537514944,1.0715123464458383,1.1765781339658439,-1.099557667464917,-1.0148048537514984
875,8.74,8.75,0.01,0x1.47ae147ae147bp-7,0x1.1800000000000p+3,2519133487565960695/288230376151711744,5044031582654955625/576460752303423488,True,75,8,1.0604744236516148,1.1557302473063562,-1.1085074197102818,-1.0314685194733029,1.0604744236516161,1.1557302473063549,-1.10850741971028,-1.0314685194733046,1.0604734588974218,1.1663882062573203,-1.1087027477089975,-1.022693693931349,1.0604734588974247,1.1663882062573174,-1.1087027477089932,-1.0226936939313533
876,8.75,8.76,0.01,0x1.47ae147ae147bp-7,0x1.1851eb851eb85p+3,5044031582654955625/576460752303423488,1262449047544497465/144115188075855872,True,76,8,1.0493431747520983,1.1453746546037589,-1.1178059539840037,-1.0395824803174827,1.0493431747520996,1.1453746546037578,-1.117805953984002,-1.0395824803174842,1.049342286753938,1.1561189648547658,-1.117985931620732,-1.030695964928746,1.0493422867539406,1.1561189648547632,-1.1179859316207281,-1.0306959649287497
877,8.76,8.77,0.01,0x1.47ae147ae147bp-7,0x1.18a3d70a3d70ap+3,1262449047544497465/144115188075855872,5055560797701024095/576460752303423488,True,77,8,1.0381182398606643,1.134937325514122,-1.127245767299224,-1.0478143457475901,1.0381182398606654,1.1349373255141209,-1.1272457672992222,-1.047814345747592,1.038117430972763,1.1457692678902507,-1.1274099256570616,-1.0388140485196653,1.038117430972766,1.1457692678902478,-1.1274099256570569,-1.03881404851967
878,8.77,8.78,0.01,0x1.47ae147ae147bp-7,0x1.18f5c28f5c28fp+3,5055560797701024095/576460752303423488,2530662702612029165/288230376151711744,True,78,8,1.0267981925336165,1.1244170685806478,-1.1368296093914836,-1.0561665524733566,1.0267981925336178,1.1244170685806467,-1.1368296093914818,-1.0561665524733586,1.0267974651700436,1.1353379496198068,-1.136977467750637,-1.047050360548601,1.0267974651700467,1.1353379496198037,-1.136977467750633,-1.0470503605486052
879,8.78,8.790000000000001,0.01,0x1.47ae147ae147bp-7,0x1.1947ae147ae15p+3,2530662702612029165/288230376151711744,5067090012747092565/576460752303423488,True,79,8,1.0153815786803788,1.1138126677980567,-1.1465602601140203,-1.0646415717176183,1.01538157868038,1.1138126677980553,-1.1465602601140188,-1.06464157171762,1.0153809353151229,1.1248238200759852,-1.146691325946745,-1.0554073517164593,1.0153809353151257,1.1248238200759824,-1.1466913259467413,-1.0554073517164635
880,8.790000000000001,8.8,0.01,0x1.47ae147ae147bp-7,0x1.199999999999ap+3,5067090012747092565/576460752303423488,317053413766882925/36028797018963968,True,80,8,1.0038669162597966,1.1031228822739871,-1.1564405291825859,-1.0732419085729574,1.003866916259798,1.1031228822739858,-1.1564405291825843,-1.073241908572959,1.0038663594267256,1.1142256647254487,-1.156554298172233,-1.0638875070235307,1.003866359426729,1.1142256647254454,-1.1565542981722285,-1.063887507023535
881,8.8,8.81,0.01,0x1.47ae147ae147bp-7,0x1.19eb851eb851fp+3,317053413766882925/36028797018963968,5078619227793161035/576460752303423488,True,81,8,0.9922526949970562,1.0923464458802368,-1.166473254032171,-1.081970102978237,0.9922526949970571,1.0923464458802354,-1.1664732540321694,-1.0819701029782387,0.992252227289779,1.1035422441152307,-1.1665692101128244,-1.0724933468444058,0.9922522272897816,1.1035422441152283,-1.1665692101128209,-1.0724933468444096
882,8.81,8.82,0.01,0x1.47ae147ae147bp-7,0x1.1a3d70a3d70a4p+3,5078619227793161035/576460752303423488,2542191917658097635/288230376151711744,True,82,8,0.9805373761068986,1.0814820669090566,-1.1766612990685397,-1.0908287291697536,0.9805373761068993,1.0814820669090555,-1.1766612990685377,-1.0908287291697556,0.9805370001784832,1.0927722935228712,-1.1767389144933231,-1.081227426478572,0.9805370001784856,1.092772293522868,-1.176738914493319,-1.0812274264785762
883,8.82,8.83,0.01,0x1.47ae147ae147bp-7,0x1.1a8f5c28f5c29p+3,2542191917658097635/288230376151711744,5090148442839229505/576460752303423488,True,83,8,0.968719392025219,1.0705284277377625,-1.1870075548316943,-1.0998203948035812,0.9687193920252198,1.0705284277377611,-1.1870075548316923,-1.099820394803583,0.968719110587768,1.0819145226135238,-1.1870662902711004,-1.0900923353806022,0.9687191105877707,1.0819145226135205,-1.1870662902710964,-1.0900923353806062
884,8.83,8.84,0.01,0x1.47ae147ae147bp-7,0x1.1ae147ae147aep+3,5090148442839229505/576460752303423488,1273978262590565935/144115188075855872,True,84,8,0.956797146165816,1.0594841844872023,-1.197514935333549,-1.108947741519624,0.9567971461658169,1.0594841844872012,-1.1975149353335475,-1.1089477415196256,0.9567969619898953,1.0709676150895087,-1.1975542400035288,-1.0990906978427473,0.9567969619898978,1.0709676150895056,-1.1975542400035248,-1.099090697842751
885,8.84,8.85,0.01,0x1.47ae147ae147bp-7,0x1.1b33333333333p+3,1273978262590565935/144115188075855872,5101677657885297975/576460752303423488,True,85,8,0.9447690126655052,1.0483479667100222,-1.20818637898079,-1.1182134419067549,0.944769012665506,1.0483479667100213,-1.2081863789807883,-1.1182134419067564,0.944768928579394,1.0599302283681464,-1.2082056908073484,-1.1082251700829857,0.9447689285793955,1.0599302283681435,-1.2082056908073444,-1.1082251700829897
886,8.85,8.86,0.01,0x1.47ae147ae147bp-7,0x1.1b851eb851eb8p+3,5101677657885297975/576460752303423488,2553721132704166105/288230376151711744,True,86,8,0.93263333620671,1.037118377028283,-1.2190248408805426,-1.1276202045117067,0.9326333362067104,1.0371183770282821,-1.219024840880541,-1.1276202045117083,0.9326333242107442,1.0488010240920191,-1.2190297636463274,-1.1174922684432052,0.9326333242107455,1.0488010240920171,-1.2190297636463232,-1.1174922684432094
887,8.86,8.870000000000001,0.01,0x1.47ae147ae147bp-7,0x1.1bd70a3d70a3ep+3,2553721132704166105/288230376151711744,5113206872931366445/576460752303423488,True,87,8,0.920388431833412,1.0257939908051998,-1.2300332933213327,-1.1371707703636116,0.9203884318334127,1.0257939908051987,-1.2300332933213312,-1.1371707703636134,0.920388419560976,1.0375786504400346,-1.2300383044837853,-1.1268858354260922,0.9203884195609775,1.0375786504400322,-1.2300383044837808,-1.1268858354260964
888,8.870000000000001,8.88,0.01,0x1.47ae147ae147bp-7,0x1.1c28f5c28f5c3p+3,5113206872931366445/576460752303423488,639871435056800085/72057594037927936,True,88,8,0.908032584792397,1.0143733558234698,-1.2412147231097594,-1.146867912248016,0.9080325847923977,1.0143733558234689,-1.241214723109758,-1.1468679122480177,0.9080325722039057,1.026261611556814,-1.241219835021843,-1.1364230857639328,0.9080325722039071,1.0262616115568117,-1.2412198350218386,-1.1364230857639372
889,8.88,8.89,0.01,0x1.47ae147ae147bp-7,0x1.1c7ae147ae148p+3,639871435056800085/72057594037927936,5124736087977434915/576460752303423488,True,89,8,0.8955640503960242,1.002854991978045,-1.2525721292751524,-1.1567144331895605,0.8955640503960247,1.002854991978044,-1.2525721292751506,-1.1567144331895622,0.8955640374491709,1.0148484562512197,-1.2525773551538497,-1.1461068003651842,0.8955640374491722,1.0148484562512177,-1.2525773551538457,-1.1461068003651884
890,8.89,8.9,0.01,0x1.47ae147ae147bp-7,0x1.1cccccccccccdp+3,5124736087977434915/576460752303423488,2565250347750234575/288230376151711744,True,90,8,0.8829810539208908,0.9912373909728762,-1.2641085193269512,-1.166713165976894,0.8829810539208913,0.9912373909728757,-1.2641085193269497,-1.1667131659768954,0.8829810405704929,1.0033377053433215,-1.264113873303213,-1.1559397919847973,0.8829810405704943,1.0033377053433192,-1.2641138733032085,-1.1559397919848018
891,8.9,8.91,0.01,0x1.47ae147ae147bp-7,0x1.1d1eb851eb852p+3,2565250347750234575/288230376151711744,5136265303023503385/576460752303423488,True,91,8,0.8702817905440592,0.9795190160269911,-1.2758269053838784,-1.1768669721459446,0.8702817905440597,0.9795190160269905,-1.2758269053838767,-1.1768669721459462,0.8702817767418964,0.991727851347956,-1.2758324025551298,-1.1659249044479247,0.8702817767418979,0.9917278513479545,-1.2758324025551255,-1.1659249044479287
892,8.91,8.92,0.01,0x1.47ae147ae147bp-7,0x1.1d70a3d70a3d7p+3,5136265303023503385/576460752303423488,1285507477636634405/144115188075855872,True,92,8,0.8574644253008548,0.9676983016065726,-1.2877303017079798,-1.18717873928778,0.8574644253008554,0.9676983016065718,-1.2877303017079782,-1.1871787392877815,0.857464410995499,0.9800173581817789,-1.2877359581933265,-1.1760650102151877,0.8574644109955004,0.9800173581817774,-1.2877359581933223,-1.1760650102151917
893,8.92,8.93,0.01,0x1.47ae147ae147bp-7,0x1.1dc28f5c28f5cp+3,1285507477636634405/144115188075855872,5147794518069571855/576460752303423488,True,93,8,0.8445270930064853,0.9557736532500198,-1.2998217282636497,-1.1976513716417718,0.8445270930064859,0.9557736532500193,-1.2998217282636484,-1.1976513716417734,0.8445270781431208,0.9682046609605967,-1.2998275612620185,-1.1863630012511521,0.8445270781431222,0.9682046609605952,-1.299827561262014,-1.1863630012511566
894,8.93,8.94,0.01,0x1.47ae147ae147bp-7,0x1.1e147ae147ae1p+3,5147794518069571855/576460752303423488,2576779562796303045/288230376151711744,True,94,8,0.8314678983553841,0.9437434472764084,-1.3121041927119845,-1.2082878016674163,0.8314678983553848,0.9437434472764076,-1.312104192711983,-1.2082878016674181,0.8314678828756217,0.9562881656772293,-1.312110220562786,-1.196821800891079,0.8314678828756233,0.9562881656772277,-1.3121102205627815,-1.1968218008910836
895,8.94,8.950000000000001,0.01,0x1.47ae147ae147bp-7,0x1.1e66666666667p+3,2576779562796303045/288230376151711744,5159323733115640325/576460752303423488,True,95,8,0.8182849160735214,0.9316060305082541,-1.3245806848897055,-1.2190909885058152,0.8182849160735219,0.9316060305082534,-1.3245806848897037,-1.2190909885058168,0.8182848999152015,0.9442662488906004,-1.324586927136403,-1.2074443626172635,0.8182848999152028,0.9442662488905991,-1.3245869271363988,-1.2074443626172675
896,8.950000000000001,8.96,0.01,0x1.47ae147ae147bp-7,0x1.1eb851eb851ecp+3,5159323733115640325/576460752303423488,40352252661239645/4503599627370496,True,96,8,0.804976191073373,0.9193597200655552,-1.3372541763238284,-1.2300639107269893,0.8049761910733736,0.9193597200655547,-1.3372541763238266,-1.2300639107269908,0.8049761741703599,0.9321372574828197,-1.3372606539297591,-1.2182336629933346,0.8049761741703614,0.9321372574828183,-1.3372606539297553,-1.2182336629933384
897,8.96,8.97,0.01,0x1.47ae147ae147bp-7,0x1.1f0a3d70a3d71p+3,40352252661239645/4503599627370496,5170852948161708795/576460752303423488,True,97,8,0.7915397386712859,0.9070028031783836,-1.3501276137519702,-1.2412095643476573,0.7915397386712865,0.9070028031783829,-1.3501276137519684,-1.2412095643476593,0.7915397209532542,0.9198995084313103,-1.350134348914814,-1.2291927004452832,0.7915397209532555,0.919899508431309,-1.3501343489148097,-1.2291927004452872
898,8.97,8.98,0.01,0x1.47ae147ae147bp-7,0x1.1f5c28f5c28f6p+3,5170852948161708795/576460752303423488,2588308777842371515/288230376151711744,True,98,8,0.7779735448622119,0.8945335370305251,-1.3632039131312963,-1.2525309595888057,0.7779735448622126,0.8945335370305244,-1.3632039131312945,-1.2525309595888072,0.777973526254421,0.907551288608251,-1.3632109294361738,-1.2403244920662009,0.7779735262544224,0.9075512886082495,-1.3632109294361692,-1.2403244920662055
899,8.98,8.99,0.01,0x1.47ae147ae147bp-7,0x1.1fae147ae147bp+3,2588308777842371515/288230376151711744,5182382163207777265/576460752303423488,True,99,8,0.7642755666635975,0.8819501486303521,-1.3764859524525062,-1.2640311180062915,0.7642755666635982,0.8819501486303514,-1.3764859524525044,-1.2640311180062933,0.7642755470866586,0.8950908546032633,-1.3764932775108338,-1.2516320686720974,0.7642755470866602,0.8950908546032619,-1.3764932775108298,-1.2516320686721014
900,8.99,9.0,0.01,0x1.47ae147ae147bp-7,0x1.2000000000000p+3,5182382163207777265/576460752303423488,1297036692682702875/144115188075855872,True,0,9,0.7504437325322577,0.8692508347135781,-1.389976564154403,-1.2757130691459928,0.7504437325322584,0.8692508347135774,-1.3899765641544013,-1.2757130691459946,0.7504437119018894,0.8825164325737441,-1.3899842301467658,-1.2631184739904886,0.7504437119018909,0.8825164325737426,-1.3899842301467618,-1.2631184739904928
901,9.0,9.01,0.01,0x1.47ae147ae147bp-7,0x1.2051eb851eb85p+3,1297036692682702875/144115188075855872,5193911378253845735/576460752303423488,True,1,9,0.7364759428600571,0.8564337616810961,-1.403678526938872,-1.2875798468680375,0.7364759428600577,0.8564337616810954,-1.40367852693887,-1.2875798468680395,0.7364759210868319,0.8698262181257667,-1.4036865626536164,-1.2747867699541848,0.7364759210868332,0.8698262181257652,-1.4036865626536126,-1.2747867699541888
902,9.01,9.02,0.01,0x1.47ae147ae147bp-7,0x1.20a3d70a3d70ap+3,5193911378253845735/576460752303423488,2599837992888439985/288230376151711744,True,2,9,0.7223700772862018,0.843497058843673,-1.4175940795715507,-1.299634962695743,0.7223700772862025,0.8434970588436725,-1.4175940795715491,-1.2996349626957446,0.722370054275283,0.8570183694970417,-1.4176025155472745,-1.286640497440813,0.7223700542752844,0.8570183694970402,-1.4176025155472707,-1.2866404974408168
903,9.02,9.03,0.01,0x1.47ae147ae147bp-7,0x1.20f5c28f5c28fp+3,2599837992888439985/288230376151711744,5205440593299914205/576460752303423488,True,3,9,0.7081239732293585,0.8304388405805654,-1.4317268183934473,-1.3118804944149483,0.708123973229359,0.8304388405805647,-1.4317268183934457,-1.31188049441495,0.708123948880226,0.844091029648702,-1.4317356997234154,-1.2986817577352967,0.7081239488802276,0.8440910296487004,-1.4317356997234119,-1.2986817577353007
904,9.03,9.040000000000001,0.01,0x1.47ae147ae147bp-7,0x1.2147ae147ae15p+3,5205440593299914205/576460752303423488,651400650102868555/72057594037927936,True,4,9,0.6937354527120753,0.8172571803502756,-1.4460788302107985,-1.3243199381428372,0.6937354527120758,0.8172571803502752,-1.446078830210797,-1.3243199381428388,0.693735426918241,0.8310423002038204,-1.446088199637203,-1.3109140948659104,0.6937354269182424,0.8310423002038191,-1.446088199637199,-1.3109140948659146
905,9.040000000000001,9.05,0.01,0x1.47ae147ae147bp-7,0x1.219999999999ap+3,651400650102868555/72057594037927936,5216969808345982675/576460752303423488,True,5,9,0.6792023106283718,0.8039501234140926,-1.4606525836557138,-1.3369563007983665,0.6792023106283724,0.8039501234140919,-1.460652583655712,-1.336956300798368,0.6792022832770865,0.8178702540929723,-1.460662478637111,-1.3233405746920424,0.6792022832770882,0.8178702540929708,-1.460662478637107,-1.3233405746920461
906,9.05,9.06,0.01,0x1.47ae147ae147bp-7,0x1.21eb851eb851fp+3,5216969808345982675/576460752303423488,2611367207934508455/288230376151711744,True,6,9,0.6645223176934567,0.790515685045681,-1.4754504424104353,-1.3497925694244528,0.6645223176934572,0.7905156850456806,-1.4754504424104338,-1.3497925694244544,0.6645222886654079,0.8045729336797679,-1.4754609025851546,-1.335964244455777,0.6645222886654093,0.8045729336797665,-1.4754609025851502,-1.3359642444557818
907,9.06,9.07,0.01,0x1.47ae147ae147bp-7,0x1.223d70a3d70a4p+3,2611367207934508455/288230376151711744,5228499023392051145/576460752303423488,True,7,9,0.6496932215266771,0.7769518507884201,-1.4904746526192674,-1.362831705007593,0.6496932215266779,0.7769518507884194,-1.4904746526192656,-1.3628317050075949,0.6496931906956763,0.7911483509277033,-1.4904857199077055,-1.348788134624269,0.6496931906956779,0.7911483509277017,-1.4904857199077015,-1.3487881346242732
908,9.07,9.08,0.01,0x1.47ae147ae147bp-7,0x1.228f5c28f5c29p+3,5228499023392051145/576460752303423488,1308565907728771345/144115188075855872,True,8,9,0.6347127473349616,0.7632565773068546,-1.5057273526939494,-1.3760766125052424,0.6347127473349623,0.7632565773068539,-1.5057273526939476,-1.3760766125052442,0.6347127145676236,0.7775944881543172,-1.5057390714041239,-1.3618152296131802,0.634712714567625,0.7775944881543158,-1.5057390714041197,-1.3618152296131847
909,9.08,9.09,0.01,0x1.47ae147ae147bp-7,0x1.22e147ae147aep+3,1308565907728771345/144115188075855872,5240028238438119615/576460752303423488,True,9,9,0.6195785962176513,0.7494277958257369,-1.5212108521805783,-1.3895298403376481,0.619578596217652,0.7494277958257362,-1.5212108521805765,-1.3895298403376497,0.6195785613730646,0.7639093013657523,-1.5212232691243965,-1.3750481680061557,0.6195785613730661,0.7639093013657506,-1.521223269124392,-1.3750481680061601
910,9.09,9.1,0.01,0x1.47ae147ae147bp-7,0x1.2333333333333p+3,5240028238438119615/576460752303423488,2622896422980576925/288230376151711744,True,10,9,0.6042884488444162,0.7354634104201543,-1.536927078433365,-1.4031941105029302,0.6042884488444169,0.7354634104201536,-1.5369270784333637,-1.4031941105029317,0.6042884117738051,0.750090718434816,-1.536940243030861,-1.3884897734606607,0.6042884117738065,0.7500907184348147,-1.536940243030857,-1.3884897734606647
911,9.1,9.11,0.01,0x1.47ae147ae147bp-7,0x1.23851eb851eb8p+3,2622896422980576925/288230376151711744,5251557453484188085/576460752303423488,True,11,9,0.5888399685569481,0.7213612971219646,-1.5528777227112336,-1.4170721476460788,0.5888399685569486,0.721361297121964,-1.5528777227112318,-1.4170721476460806,0.5888399291033275,0.7361366380873555,-1.5528916871002783,-1.4021428845918398,0.588839929103329,0.736136638087354,-1.5528916871002738,-1.402142884591844
912,9.11,9.120000000000001,0.01,0x1.47ae147ae147bp-7,0x1.23d70a3d70a3ep+3,5251557453484188085/576460752303423488,328582628812951395/36028797018963968,True,12,9,0.5732308032752841,0.7071193044792096,-1.5690642627009348,-1.431166629908581,0.5732308032752848,0.7071193044792089,-1.569064262700933,-1.4311666299085826,0.5732307612731118,0.7220449303331893,-1.569079081849192,-1.4160103066830276,0.5732307612731131,0.7220449303331878,-1.5690790818491882,-1.4160103066830314
913,9.120000000000001,9.13,0.01,0x1.47ae147ae147bp-7,0x1.2428f5c28f5c3p+3,328582628812951395/36028797018963968,5263086668530256555/576460752303423488,True,13,9,0.5574585871515305,0.6927352547626885,-1.585487965552081,-1.4454801454595239,0.5574585871515312,0.6927352547626878,-1.5854879655520793,-1.4454801454595256,0.5574585424263517,0.7078134375353542,-1.5855036973703884,-1.4300947691224057,0.5574585424263533,0.7078134375353525,-1.5855036973703842,-1.43009476912241
914,9.13,9.14,0.01,0x1.47ae147ae147bp-7,0x1.247ae147ae148p+3,5263086668530256555/576460752303423488,2634425638026645395/288230376151711744,True,14,9,0.5415209424912447,0.6782069447196909,-1.6021498833189474,-1.4600152025665578,0.5415209424912454,0.6782069447196902,-1.6021498833189458,-1.4600152025665594,0.5415208948593361,0.6934399750172092,-1.6021665887754257,-1.4443989364250014,0.5415208948593376,0.6934399750172077,-1.6021665887754213,-1.4443989364250058
915,9.14,9.15,0.01,0x1.47ae147ae147bp-7,0x1.24ccccccccccdp+3,2634425638026645395/288230376151711744,5274615883576325025/576460752303423488,True,15,9,0.5254154822864355,0.6635321467388495,-1.6190508122527658,-1.474774202816064,0.5254154822864361,0.6635321467388489,-1.6190508122527638,-1.474774202816066,0.5254154315544467,0.6789223320709212,-1.6190685554859328,-1.4589253824511743,0.525415431554448,0.6789223320709198,-1.6190685554859283,-1.4589253824511785
916,9.15,9.16,0.01,0x1.47ae147ae147bp-7,0x1.251eb851eb852p+3,5274615883576325025/576460752303423488,1320095122774839815/144115188075855872,True,16,9,0.5091398130588356,0.648708609570514,-1.6361912630369253,-1.4897594480430212,0.5091398130588363,0.6487086095705134,-1.6361912630369237,-1.4897594480430227,0.5091397590234314,0.6642582725112612,-1.6362101114673164,-1.473676598381435,0.509139759023433,0.6642582725112596,-1.6362101114673122,-1.4736765983814393
917,9.16,9.17,0.01,0x1.47ae147ae147bp-7,0x1.2570a3d70a3d7p+3,1320095122774839815/144115188075855872,5286145098622393495/576460752303423488,True,17,9,0.4926915381173406,0.6337340591027194,-1.6535714503261303,-1.5049731142499876,0.4926915381173411,0.6337340591027188,-1.6535714503261285,-1.5049731142499894,0.492691480564848,0.649445535274325,-1.6535914747660838,-1.488654967727217,0.49269148056484924,0.6494455352743236,-1.6535914747660796,-1.4886549677272212
918,9.17,9.18,0.01,0x1.47ae147ae147bp-7,0x1.25c28f5c28f5cp+3,5286145098622393495/576460752303423488,2645954853072713865/288230376151711744,True,18,9,0.47606825969065486,0.6186062006387086,-1.671191271160686,-1.5204172343753766,0.47606825969065536,0.6186062006387079,-1.6711912711606842,-1.5204172343753783,0.4760681983967124,0.6344818365066776,-1.6712125459214233,-1.5038627502383948,0.47606819839671355,0.6344818365066759,-1.6712125459214189,-1.503862750238399
919,9.18,9.19,0.01,0x1.47ae147ae147bp-7,0x1.26147ae147ae1p+3,2645954853072713865/288230376151711744,5297674313668461965/576460752303423488,True,19,9,0.4592675826991276,0.6033227199351918,-1.6890502754724954,-1.5360936866077177,0.45926758269912804,0.6033227199351914,-1.6890502754724939,-1.5360936866077193,0.45926751742834615,0.6193648704036302,-1.6890728784668183,-1.5193020714048329,0.45926751742834737,0.6193648704036288,-1.6890728784668143,-1.5193020714048369
920,9.19,9.200000000000001,0.01,0x1.47ae147ae147bp-7,0x1.2666666666667p+3,5297674313668461965/576460752303423488,662929865148937025/72057594037927936,True,20,9,0.44228711856053965,0.5878812846307201,-1.7071476385279278,-1.5520041783061966,0.44228711856054015,0.5878812846307194,-1.7071476385279263,-1.5520041783061982,0.4422870490661738,0.6040923104255695,-1.707171651367416,-1.5349749076111197,0.44228704906617494,0.6040923104255681,-1.7071716513674122,-1.5349749076111234
921,9.200000000000001,9.21,0.01,0x1.47ae147ae147bp-7,0x1.26b851eb851ecp+3,662929865148937025/72057594037927936,5309203528714530435/576460752303423488,True,21,9,0.4251244887045281,0.5722795464145028,-1.7254821319059828,-1.5681502288385223,0.4251244887045285,0.5722795464145023,-1.7254821319059812,-1.568150228838524,0.4251244147253092,0.5886618112450734,-1.7255076411330756,-1.550883069113058,0.42512441472531,0.5886618112450719,-1.7255076411330714,-1.5508830691130622
922,9.21,9.22,0.01,0x1.47ae147ae147bp-7,0x1.270a3d70a3d71p+3,5309203528714530435/576460752303423488,2657484068118782335/288230376151711744,True,22,9,0.4077773291188682,0.5565151426383551,-1.7440520929540833,-1.5845331513101422,0.40777732911886855,0.5565151426383547,-1.7440520929540813,-1.584533151310144,0.40777725024861894,0.5730710102485744,-1.7440792421609734,-1.5670281321969477,0.40777725024861977,0.5730710102485732,-1.744079242160969,-1.567028132196952
923,9.22,9.23,0.01,0x1.47ae147ae147bp-7,0x1.275c28f5c28f6p+3,2657484068118782335/288230376151711744,5320732743760598905/576460752303423488,True,23,9,0.39024329464055796,0.5405856986855871,-1.7628553927022335,-1.6011540331183698,0.39024329464055824,0.5405856986855867,-1.7628553927022317,-1.6011540331183713,0.3902432105856471,0.5573175292665419,-1.762884279513742,-1.5834115762280125,0.3902432105856478,0.5573175292665408,-1.7628842795137383,-1.5834115762280165
924,9.23,9.24,0.01,0x1.47ae147ae147bp-7,0x1.27ae147ae147bp+3,5320732743760598905/576460752303423488,1331624337820908285/144115188075855872,True,24,9,0.37252006382725544,0.5244888302888436,-1.781889402207877,-1.6180137152834062,0.3725200638272558,0.5244888302888431,-1.7818894022078753,-1.6180137152834078,0.3725199742809929,0.5413989770097208,-1.781920128487464,-1.600034611155404,0.37251997428099365,0.5413989770097197,-1.7819201284874597,-1.6000346111554085
925,9.24,9.25,0.01,0x1.47ae147ae147bp-7,0x1.2800000000000p+3,1331624337820908285/144115188075855872,5332261958806667375/576460752303423488,True,25,9,0.3546053441305302,0.5082221461037322,-1.8011509573577376,-1.635112770458153,0.3546053441305305,0.5082221461037316,-1.801150957357736,-1.6351127704581545,0.35460524877295074,0.5253129512385694,-1.8011836292585806,-1.6168982071096927,0.35460524877295146,0.5253129512385682,-1.8011836292585768,-1.616898207109697
926,9.25,9.26,0.01,0x1.47ae147ae147bp-7,0x1.2851eb851eb85p+3,5332261958806667375/576460752303423488,2669013283164850805/288230376151711744,True,26,9,0.33649687741556245,0.4917832505045502,-1.820636323692382,-1.6524514797926215,0.33649687741556283,0.49178325050454985,-1.8206363236923804,-1.6524514797926229,0.3364967759132526,0.5090570412656451,-1.8206710516911302,-1.6340030727490005,0.33649677591325344,0.509057041265644,-1.8206710516911262,-1.6340030727490047
927,9.26,9.27,0.01,0x1.47ae147ae147bp-7,0x1.28a3d70a3d70ap+3,2669013283164850805/288230376151711744,5343791173852735845/576460752303423488,True,27,9,0.3181924458987585,0.47516974663102624,-1.8403411546095323,-1.67002980815714,0.3181924458987588,0.4751697466310259,-1.8403411546095305,-1.6700298081571419,0.31819233790473556,0.492628830694216,-1.8403780535200331,-1.65134963199351,0.3181923379047363,0.4926288306942153,-1.8403780535200294,-1.6513496319935141
928,9.27,9.28,0.01,0x1.47ae147ae147bp-7,0x1.28f5c28f5c28fp+3,5343791173852735845/576460752303423488,167173618167992815/18014398509481984,True,28,9,0.2996898784610795,0.45837923967323985,-1.8602604510595613,-1.6878473780871535,0.2996898784610798,0.45837923967323957,-1.8602604510595597,-1.687847378087155,0.2996897636147289,0.476025900380022,-1.860299640023602,-1.668937999505706,0.2996897636147296,0.4760259003800212,-1.8602996400235976,-1.6689379995057108
929,9.28,9.290000000000001,0.01,0x1.47ae147ae147bp-7,0x1.2947ae147ae15p+3,167173618167992815/18014398509481984,5355320388898804315/576460752303423488,True,29,9,0.2809870531989435,0.4414093445562307,-1.8803889377056813,-1.70590302814123,0.2809870531989438,0.44140934455623043,-1.8803889377056797,-1.7059030281412315,0.280986931126026,0.4592458357775066,-1.8804305401777552,-1.6867675405812965,0.28098693112602674,0.4592458357775059,-1.880430540177751,-1.6867675405813005
930,9.290000000000001,9.3,0.01,0x1.47ae147ae147bp-7,0x1.299999999999ap+3,5355320388898804315/576460752303423488,2680542498210919275/288230376151711744,True,30,9,0.26208189292821726,0.42425770143346814,-1.9007221885478947,-1.7241936132646192,0.2620818929282176,0.4242577014334678,-1.9007221885478929,-1.724193613264621,0.2620817632409533,0.4422862420795959,-1.9007663323128747,-1.7048356730134961,0.26208176324095406,0.4422862420795951,-1.900766332312871,-1.7048356730134997
931,9.3,9.31,0.01,0x1.47ae147ae147bp-7,0x1.29eb851eb851fp+3,2680542498210919275/288230376151711744,5366849603944872785/576460752303423488,True,31,9,0.24297242769644908,0.40692192489199125,-1.9212510621908099,-1.7427194942034463,0.24297242769644928,0.4069219248919909,-1.9212510621908085,-1.7427194942034478,0.24297228999369194,0.4251446930538014,-1.9212978790738742,-1.7231433583462987,0.24297228999369253,0.42514469305380065,-1.9212978790738704,-1.7231433583463023
932,9.31,9.32,0.01,0x1.47ae147ae147bp-7,0x1.2a3d70a3d70a4p+3,5366849603944872785/576460752303423488,1343153552866976755/144115188075855872,True,32,9,0.2236567467532688,0.38939966446799196,-1.9419672888323705,-1.761478872212851,0.22365674675326905,0.38939966446799157,-1.9419672888323687,-1.7614788722128525,0.22365660062077794,0.40781879117349645,-1.942016914641911,-1.741689437868368,0.2236566006207786,0.40781879117349573,-1.942016914641907,-1.741689437868372
933,9.32,9.33,0.01,0x1.47ae147ae147bp-7,0x1.2a8f5c28f5c29p+3,1343153552866976755/144115188075855872,5378378818990941255/576460752303423488,True,33,9,0.20413302147592952,0.3716885950058256,-1.9628619740436528,-1.7804692039415,0.20413302147592974,0.3716885950058253,-1.962861974043651,-1.7804692039415018,0.20413286648675522,0.39030615757753134,-1.9629145484060484,-1.7604720491001193,0.20413286648675583,0.3903061575775306,-1.9629145484060444,-1.7604720491001233
934,9.33,9.34,0.01,0x1.47ae147ae147bp-7,0x1.2ae147ae147aep+3,5378378818990941255/576460752303423488,2692071713256987745/288230376151711744,True,34,9,0.18439951680782715,0.3537864193320176,-1.9839253007983642,-1.799687415173643,0.1843995168078274,0.3537864193320173,-1.9839253007983624,-1.7996874151736446,0.18439935252282083,0.3726044343300628,-1.983980966934418,-1.7794888410510221,0.18439935252282155,0.37260443433006196,-1.9839809669344137,-1.779488841051026
935,9.34,9.35,0.01,0x1.47ae147ae147bp-7,0x1.2b33333333333p+3,2692071713256987745/288230376151711744,5389908034037009725/576460752303423488,True,35,9,0.16445460074811855,0.33569087373494844,-2.0051677237568133,-1.8191086195077064,0.16445460074811874,0.33569087373494816,-2.00516772375681,-1.819108619507708,0.16445442671658142,0.35471128947172814,-2.0052053841888258,-1.7987369383721052,0.16445442671658192,0.35471128947172725,-2.00520538418882,-1.7987369383721092
936,9.35,9.36,0.01,0x1.47ae147ae147bp-7,0x1.2b851eb851eb8p+3,5389908034037009725/576460752303423488,674459080195005495/72057594037927936,True,36,9,0.1442967543234161,0.31739973384662457,-2.026643420798663,-1.8386625771174852,0.14429675432341627,0.3173997338466243,-2.02664342079866,-1.8386625771174867,0.14429619662252194,0.33662479592055483,-2.0266506829092252,-1.8181382116010358,0.14429619662252235,0.33662479592055405,-2.0266506829092177,-1.8181382116010394
937,9.36,9.370000000000001,0.01,0x1.47ae147ae147bp-7,0x1.2bd70a3d70a3ep+3,674459080195005495/72057594037927936,5401437249083078195/576460752303423488,True,37,9,0.12392458207060822,0.2989108209233603,-2.0482586088428065,-1.8584252867324618,0.12392458207060834,0.29891082092335997,-2.0482586088428034,-1.8584252867324638,0.12392345526318041,0.31834250187926466,-2.048266279980725,-1.8377263208435626,0.12392345526318073,0.31834250187926405,-2.048266279980717,-1.8377263208435666
938,9.370000000000001,9.38,0.01,0x1.47ae147ae147bp-7,0x1.2c28f5c28f5c3p+3,5401437249083078195/576460752303423488,2703600928303056215/288230376151711744,True,38,9,0.10333682305014073,0.28022200852995016,-2.069999534643801,-1.87839090036319,0.10333682305014086,0.28022200852994983,-2.0699995346437983,-1.8783909003631918,0.10333509435662834,0.2998620348382627,-2.0700076309642683,-1.8575271179052522,0.10333509435662866,0.29986203483826207,-2.070007630964261,-1.8575271179052562
939,9.38,9.39,0.01,0x1.47ae147ae147bp-7,0x1.2c7ae147ae148p+3,2703600928303056215/288230376151711744,5412966464129146665/576460752303423488,True,39,9,0.08253236238602821,0.26133122965261724,-2.091851267823123,-1.8985528337741056,0.08253236238602832,0.26133122965261696,-2.09185126782312,-1.8985528337741073,0.08252999771493519,0.28118122635237125,-2.091859805216167,-1.8775349756865969,0.0825299977149355,0.28118122635237075,-2.09185980521616,-1.8775349756866013
940,9.39,9.4,0.01,0x1.47ae147ae147bp-7,0x1.2cccccccccccdp+3,5412966464129146665/576460752303423488,1354682767913045225/144115188075855872,True,40,9,0.061510243328317185,0.24223648426370376,-2.113797647121331,-1.9189037220279415,0.06151024332831728,0.2422364842637036,-2.113797647121328,-1.9189037220279432,0.06150720726663629,0.2622979651584013,-2.1138066410800707,-1.8977435356437695,0.06150720726663656,0.2622979651584007,-2.1138066410800627,-1.897743535643774
941,9.4,9.41,0.01,0x1.47ae147ae147bp-7,0x1.2d1eb851eb852p+3,1354682767913045225/144115188075855872,5424495679175215135/576460752303423488,True,41,9,0.040269679842456954,0.2229358473491743,-2.13582122668485,-1.9394353736350634,0.04026967984245705,0.22293584734917413,-2.135821226684846,-1.9394353736350651,0.0402659356515451,0.24321020470241791,-2.1358306921595127,-1.9181456626273317,0.04026593565154537,0.24321020470241753,-2.1358306921595043,-1.9181456626273368
942,9.41,9.42,0.01,0x1.47ae147ae147bp-7,0x1.2d70a3d70a3d7p+3,5424495679175215135/576460752303423488,2715130143349124685/288230376151711744,True,42,9,0.018810069714710116,0.2034274774208693,-2.1579032234517004,-1.9601387226977796,0.018810069714710165,0.2034274774208692,-2.1579032234516973,-1.9601387226977816,0.018805579332323033,0.22391597114531506,-2.15791317468892,-1.9387333975066898,0.018805579332323203,0.22391597114531467,-2.1579131746889124,-1.938733397506695
943,9.42,9.43,0.01,0x1.47ae147ae147bp-7,0x1.2dc28f5c28f5cp+3,2715130143349124685/288230376151711744,5436024894221283605/576460752303423488,True,43,9,-0.0028689920661436534,0.18370962551078235,-2.180023488562179,-1.9810037815476984,-0.0028689920661436065,0.1837096255107822,-2.1800234885621754,-1.9810037815477004,-0.0028742680168937287,0.2044133718461666,-2.180033938929002,-1.959497910047467,-0.0028742680168935965,0.20441337184616631,-2.180033938928993,-1.9594979100474723
944,9.43,9.44,0.01,0x1.47ae147ae147bp-7,0x1.2e147ae147ae1p+3,5436024894221283605/576460752303423488,340111843859019865/36028797018963968,True,44,9,-0.024767698501752314,0.1637806446719559,-2.2021603889030508,-2.0020195911516994,-0.024767698501752266,0.16378064467195577,-2.2021603889030477,-2.002019591151703,-0.02477380069570317,0.18470060435048205,-2.2021713506954463,-1.9804294492839554,-0.02477380069570302,0.1847006043504818,-2.2021713506954383,-1.980429449283961
945,9.44,9.450000000000001,0.01,0x1.47ae147ae147bp-7,0x1.2e66666666667p+3,340111843859019865/36028797018963968,5447554109267352075/576460752303423488,True,45,9,-0.046886016521657324,0.1436390000095754,-2.224290813448579,-2.023174169413938,-0.04688601652165727,0.14363900000957527,-2.2242908134485755,-2.0231741694139416,-0.04689298690631149,0.16477596590980578,-2.224302297684431,-2.0015172914786246,-0.04689298690631137,0.16477596590980548,-2.224302297684423,-2.0015172914786326
946,9.450000000000001,9.46,0.01,0x1.47ae147ae147bp-7,0x1.2eb851eb851ecp+3,5447554109267352075/576460752303423488,2726659358395193155/288230376151711744,True,46,9,-0.06922367193753697,0.12328327934787198,-2.2463901176791325,-2.044454460467565,-0.06922367193753688,0.12328327934787191,-2.2463901176791294,-2.0444544604675685,-0.06923155369829755,0.144637863641518,-2.2464021338756823,-2.022749688725206,-0.06923155369829742,0.14463786364151776,-2.2464021338756743,-2.0227496887252143
947,9.46,9.47,0.01,0x1.47ae147ae147bp-7,0x1.2f0a3d70a3d71p+3,2726659358395193155/288230376151711744,5459083324313420545/576460752303423488,True,47,9,-0.09178014178409018,0.10271221223428582,-2.268432073569074,-2.0658462832180695,-0.09178014178409011,0.10271221223428577,-2.2684320735690706,-2.065846283218073,-0.09178897929980441,0.12428483303461912,-2.2684446295057996,-2.0441138164170507,-0.0917889792998043,0.124284833034619,-2.268444629505791,-2.044113816417059
948,9.47,9.48,0.01,0x1.47ae147ae147bp-7,0x1.2f5c28f5c28f6p+3,5459083324313420545/576460752303423488,1366211982959113695/144115188075855872,True,48,9,-0.11455464824760207,0.08192469143317738,-2.2903983452705527,-2.0873247622428166,-0.11455464824760202,0.08192469143317731,-2.290398345270549,-2.0873247622428197,-0.11456448703279776,0.10371555895443747,-2.290405200227302,-2.0655924491558357,-0.11456448703279765,0.10371555895443739,-2.290405200227294,-2.0655924491558433
949,9.48,9.49,0.01,0x1.47ae147ae147bp-7,0x1.2fae147ae147bp+3,1366211982959113695/144115188075855872,5470612539359489015/576460752303423488,True,49,9,-0.1375461307161574,0.06091977345782468,-2.312255862645665,-2.1088768647008496,-0.1375461307161573,0.06091977345782463,-2.312255862645661,-2.108876864700853,-0.13755705107817473,0.082928909431287,-2.312271012412989,-2.087153763905295,-0.1375570510781745,0.0829289094312869,-2.3122710124129804,-2.0871537639053037
950,9.49,9.5,0.01,0x1.47ae147ae147bp-7,0x1.3000000000000p+3,5470612539359489015/576460752303423488,2738188573441261625/288230376151711744,True,50,9,-0.16075320197090195,0.039696664115950256,-2.3339720867042213,-2.130486050261881,-0.16075320197090182,0.03969666411595021,-2.3339720867042186,-2.130486050261884,-0.16076526522155007,0.06192383332464428,-2.3340017742566217,-2.108790461761912,-0.16076526522154985,0.061923833324644184,-2.334001774256614,-2.1087904617619198
951,9.5,9.51,0.01,0x1.47ae147ae147bp-7,0x1.3051eb851eb85p+3,2738188573441261625/288230376151711744,5482141754405557485/576460752303423488,True,51,9,-0.184174252870054,0.01825485360839209,-2.3555239877374494,-2.152123190107433,-0.18417425287005385,0.018254853608392043,-2.355523987737446,-2.152123190107436,-0.18418751024666286,0.04069955772303422,-2.355569051590199,-2.1304803462216606,-0.18418751024666255,0.04069955772303411,-2.355569051590191,-2.130480346221668
952,9.51,9.52,0.01,0x1.47ae147ae147bp-7,0x1.30a3d70a3d70ap+3,5482141754405557485/576460752303423488,685988295241073965/72057594037927936,True,52,9,-0.20780801139525898,-0.0034052940430554894,-2.37695389311176,-2.1736907016954112,-0.2078080113952588,-0.003405294043055536,-2.376953893111757,-2.1736907016954143,-0.20782251497345944,0.019256178988888557,-2.3770151889765447,-2.152127380995388,-0.2078225149734591,0.019256178988888397,-2.3770151889765367,-2.152127380995395
953,9.52,9.53,0.01,0x1.47ae147ae147bp-7,0x1.30f5c28f5c28fp+3,685988295241073965/72057594037927936,5493670969451625955/576460752303423488,True,53,9,-0.2316526110293303,-0.02528344083504782,-2.398278369122573,-2.1951135850538823,-0.23165261102933016,-0.025283440835047896,-2.3982783691225698,-2.1951135850538854,-0.23166841359896023,-0.0024062484527620004,-2.3983567706009477,-2.173658142971163,-0.23166841359895984,-0.002406248452762137,-2.398356770600939,-2.1736581429711714
954,9.53,9.540000000000001,0.01,0x1.47ae147ae147bp-7,0x1.3147ae147ae15p+3,5493670969451625955/576460752303423488,2749717788487330095/288230376151711744,True,54,9,-0.2557040192268085,-0.04738081390292608,-2.419332008936117,-2.2164955584655104,-0.2557040192268083,-0.047380813902926165,-2.419332008936114,-2.2164955584655135,-0.25572117407950407,-0.024289251611534758,-2.419428384916995,-2.195177976215252,-0.25572117407950357,-0.024289251611535004,-2.4194283849169866,-2.1951779762152603
955,9.540000000000001,9.55,0.01,0x1.47ae147ae147bp-7,0x1.319999999999ap+3,2749717788487330095/288230376151711744,5505200184497694425/576460752303423488,True,55,9,-0.2799590805908579,-0.06969712984413451,-2.4400751207858606,-2.237811342363153,-0.2799590805908576,-0.06969712984413463,-2.440075120785858,-2.237811342363156,-0.27997764136592884,-0.046392863432131386,-2.4401903392982898,-2.216663243706395,-0.2799776413659283,-0.04639286343213165,-2.4401903392982818,-2.216663243706403
956,9.55,9.56,0.01,0x1.47ae147ae147bp-7,0x1.31eb851eb851fp+3,5505200184497694425/576460752303423488,1377741198005182165/144115188075855872,True,56,9,-0.3044142318201142,-0.09223184679048232,-2.4604661952860316,-2.259034164473962,-0.30441423182011396,-0.09223184679048244,-2.460466195286029,-2.259034164473965,-0.30443425230699345,-0.06871687508447435,-2.4606011185681864,-2.2380888347930994,-0.30443425230699295,-0.06871687508447469,-2.4606011185681784,-2.2380888347931083
957,9.56,9.57,0.01,0x1.47ae147ae147bp-7,0x1.323d70a3d70a4p+3,1377741198005182165/144115188075855872,5516729399543762895/576460752303423488,True,57,9,-0.329065483804919,-0.11498414911399858,-2.480461929078399,-2.280135722471256,-0.32906548380491873,-0.1149841491139987,-2.480461929078396,-2.280135722471259,-0.32908701772415666,-0.0912608207967933,-2.4806174081613306,-2.2594281210613087,-0.32908701772415616,-0.0912608207967936,-2.480617408161322,-2.259428121061317
958,9.57,9.58,0.01,0x1.47ae147ae147bp-7,0x1.328f5c28f5c29p+3,5516729399543762895/576460752303423488,2761247003533398565/288230376151711744,True,58,9,-0.35390840504013954,-0.13795293067787934,-2.500017245608425,-2.301086157645027,-0.35390840504013926,-0.13795293067787953,-2.5000172456084218,-2.30108615764503,-0.3539315058024801,-0.11402396115745132,-2.500194114408178,-2.280652922398775,-0.35393150580247956,-0.11402396115745167,-2.50019411440817,-2.280652922398783
959,9.58,9.59,0.01,0x1.47ae147ae147bp-7,0x1.32e147ae147aep+3,2761247003533398565/288230376151711744,5528258614589831365/576460752303423488,True,59,9,-0.3789381053579848,-0.1611367779845502,-2.519085340466009,-2.3218540323662804,-0.3789381053579845,-0.16113677798455042,-2.5190853404660056,-2.3218540323662835,-0.3789628258010276,-0.13700526622916606,-2.5192844093878652,-2.3017334759977333,-0.3789628258010268,-0.13700526622916645,-2.5192844093878577,-2.301733475997741
960,9.59,9.6,0.01,0x1.47ae147ae147bp-7,0x1.3333333333333p+3,5528258614589831365/576460752303423488,86469112845513525/9007199254740992,True,60,9,-0.4041501232044002,-0.18453305041594023,-2.5376177713126973,-2.342406313737252,-0.40415012320439986,-0.18453305041594045,-2.537617771312694,-2.3424063137372553,-0.4041765155194212,-0.1602024954490378,-2.5378398203793355,-2.322638410663641,-0.4041765155194204,-0.1602024954490384,-2.537839820379327,-2.3226384106636493
961,9.6,9.61,0.01,0x1.47ae147ae147bp-7,0x1.33851eb851eb8p+3,86469112845513525/9007199254740992,5539787829635899835/576460752303423488,True,61,9,-0.42953905381266855,-0.2081392192373398,-2.5555644788530123,-2.362708369038234,-0.4295390538126682,-0.20813921923734005,-2.555564478853009,-2.3627083690382373,-0.42956716917006393,-0.18361353668115393,-2.555810250364892,-2.3433347320366407,-0.4295671691700632,-0.1836135366811546,-2.5558102503648845,-2.3433347320366487
962,9.61,9.620000000000001,0.01,0x1.47ae147ae147bp-7,0x1.33d70a3d70a3ep+3,5539787829635899835/576460752303423488,2772776218579467035/288230376151711744,True,62,9,-0.4550972912984889,-0.23195409411801554,-2.572873814508741,-2.3827240486538277,-0.4550972912984885,-0.2319540941180158,-2.5728738145087378,-2.3827240486538313,-0.45512717909694045,-0.20723763274953966,-2.573144005257898,-2.3637878943980657,-0.4551271790969396,-0.20723763274954035,-2.573144005257891,-2.3637878943980724
963,9.620000000000001,9.63,0.01,0x1.47ae147ae147bp-7,0x1.3428f5c28f5c3p+3,2772776218579467035/288230376151711744,5551317044681968305/576460752303423488,True,63,9,-0.4808250547756131,-0.2559677662793194,-2.5902056258152686,-2.4017026883972905,-0.4808250547756127,-0.2559677662793197,-2.5902056258152655,-2.4017026883972936,-0.4808567634205903,-0.2310653225730173,-2.5905011465993018,-2.383248523268973,-0.48085676342058953,-0.23106532257301785,-2.5905011465992933,-2.383248523268981
964,9.63,9.64,0.01,0x1.47ae147ae147bp-7,0x1.347ae147ae148p+3,5551317044681968305/576460752303423488,1389270413051250635/144115188075855872,True,64,9,-0.5067085278800424,-0.2801834396317027,-2.6068609585542393,-2.4202495665262025,-0.5067085278800418,-0.28018343963170306,-2.6068609585542366,-2.4202495665262056,-0.5067421029345832,-0.2551002743175787,-2.6071824615257926,-2.4023235913322196,-0.506742102934582,-0.2551002743175795,-2.6071824615257846,-2.402323591332228
965,9.64,9.65,0.01,0x1.47ae147ae147bp-7,0x1.34ccccccccccdp+3,1389270413051250635/144115188075855872,5562846259728036775/576460752303423488,True,65,9,-0.5327395428144446,-0.30459771868189145,-2.6227611121891443,-2.438346988276566,-0.5327395428144441,-0.3045977186818918,-2.6227611121891408,-2.43834698827657,-0.5327750272208305,-0.2793395704837254,-2.6231091759541454,-2.4209968311684347,-0.5327750272208295,-0.27933957048372615,-2.6231091759541374,-2.420996831168443
966,9.65,9.66,0.01,0x1.47ae147ae147bp-7,0x1.351eb851eb852p+3,5562846259728036775/576460752303423488,2784305433625535505/288230376151711744,True,66,9,-0.5589096194988544,-0.32920654352533457,-2.6378499932810637,-2.4559521567947975,-0.558909619498854,-0.32920654352533485,-2.63784999328106,-2.455952156794801,-0.5589470531927982,-0.3037796426132454,-2.638225122051635,-2.4392267773496905,-0.5589470531927971,-0.3037796426132462,-2.638225122051626,-2.4392267773496994
967,9.66,9.67,0.01,0x1.47ae147ae147bp-7,0x1.3570a3d70a3d7p+3,2784305433625535505/288230376151711744,5574375474774105245/576460752303423488,True,67,9,-0.5852097216858873,-0.3540054094222833,-2.6520704949468397,-2.473020991752358,-0.5852097216858867,-0.35400540942228365,-2.652070494946836,-2.473020991752362,-0.5852491411682503,-0.3284164898633954,-2.6524731092613236,-2.456970578043104,-0.5852491411682492,-0.32841648986339605,-2.6524731092613147,-2.4569705780431126
968,9.67,9.68,0.01,0x1.47ae147ae147bp-7,0x1.35c28f5c28f5cp+3,5574375474774105245/576460752303423488,697517510287142435/72057594037927936,True,68,9,-0.6116302511660786,-0.37898935099741243,-2.66536469149419,-2.4895081957273253,-0.6116302511660782,-0.37898935099741277,-2.665364691494186,-2.489508195727329,-0.6116716890604689,-0.35324566201890983,-2.665795118786632,-2.474184045531055,-0.6116716890604678,-0.35324566201891067,-2.6657951187866233,-2.4741840455310635
969,9.68,9.69,0.01,0x1.47ae147ae147bp-7,0x1.36147ae147ae1p+3,697517510287142435/72057594037927936,5585904689820173715/576460752303423488,True,69,9,-0.6381610450353918,-0.40415292612334897,-2.677674043327063,-2.5053673449749687,-0.6381610450353912,-0.4041529261233494,-2.67767404332706,-2.505367344974972,-0.6382045296349598,-0.3782622420220987,-2.6781327169087166,-2.4908215221012697,-0.6382045296349583,-0.37826224202209935,-2.6781327169087072,-2.490821522101278
970,9.69,9.700000000000001,0.01,0x1.47ae147ae147bp-7,0x1.3666666666667p+3,5585904689820173715/576460752303423488,2795834648671603975/288230376151711744,True,70,9,-0.6647913746581857,-0.42949020107796404,-2.6889396138844233,-2.5205509925338676,-0.6647913746581852,-0.4294902010779645,-2.6889396138844193,-2.520550992533871,-0.6648369294649038,-0.4034608296069911,-2.6894269778444957,-2.5068362604399357,-0.6648369294649024,-0.40346082960699226,-2.689426977844488,-2.5068362604399432
971,9.700000000000001,9.71,0.01,0x1.47ae147ae147bp-7,0x1.36b851eb851ecp+3,2795834648671603975/288230376151711744,5597433904866242185/576460752303423488,True,71,9,-0.6915099463540622,-0.4549947374047446,-2.6991023092070576,-2.5350107854035957,-0.6915099463540615,-0.45499473740474505,-2.6991023092070545,-2.535010785403599,-0.6915575896141203,-0.42883552646399153,-2.6996183989479623,-2.522180848207366,-0.6915575896141186,-0.4288355264639929,-2.6996183989479543,-2.522180848207374
972,9.71,9.72,0.01,0x1.47ae147ae147bp-7,0x1.370a3d70a3d71p+3,5597433904866242185/576460752303423488,1400799628097319105/144115188075855872,True,72,9,-0.7183049059578035,-0.4806595786422062,-2.708103136689184,-2.5486975967835828,-0.7183049059578028,-0.48065957864220665,-2.70810313668918,-2.5486975967835868,-0.7183546501979806,-0.45437992109887004,-2.7086478573523465,-2.5368066254167965,-0.7183546501979791,-0.4543799210988712,-2.708647857352338,-2.536806625416805
973,9.72,9.73,0.01,0x1.47ae147ae147bp-7,0x1.375c28f5c28f6p+3,1400799628097319105/144115188075855872,5608963119912310655/576460752303423488,True,73,9,-0.7451638457712028,-0.5064772388878321,-2.7158835078107275,-2.5615616628521387,-0.7451638457712022,-0.5064772388878326,-2.7158835078107244,-2.5615616628521423,-0.7452156973409058,-0.48008707535268297,-2.716456629608966,-2.5506640875269277,-0.7452156973409042,-0.4800870753526842,-2.7164566296089574,-2.550664087526936
974,9.73,9.74,0.01,0x1.47ae147ae147bp-7,0x1.37ae147ae147bp+3,5608963119912310655/576460752303423488,2807363863717672445/288230376151711744,True,74,9,-0.7720738168274068,-0.5324396899105568,-2.722385739718554,-2.5735524986799074,-0.7720738168274061,-0.5324396899105575,-2.7223857397185505,-2.5735524986799114,-0.772127775452526,-0.5059495092981012,-2.722986887260309,-2.5637027909837293,-0.7721277754525244,-0.5059495092981028,-2.7229868872603005,-2.5637027909837378
975,9.74,9.75,0.01,0x1.47ae147ae147bp-7,0x1.3800000000000p+3,2807363863717672445/288230376151711744,5620492334958379125/576460752303423488,True,75,9,-0.799021343173306,-0.5585383515939925,-2.727553077990828,-2.584619386283191,-0.7990213431733054,-0.558538351593993,-2.727553077990825,-2.5846193862831943,-0.7990774015282062,-0.531959189299311,-2.728181715581057,-2.5758718295453265,-0.7990774015282045,-0.5319591892993126,-2.72818171558105,-2.5758718295453336
976,9.75,9.76,0.01,0x1.47ae147ae147bp-7,0x1.3851eb851eb85p+3,5620492334958379125/576460752303423488,351641058905088335/36028797018963968,True,76,9,-0.8259924342587752,-0.5847640891834561,-2.7313301045353113,-2.594711494675096,-0.8259924342587748,-0.5847640891834566,-2.7313301045353082,-2.5947114946750993,-0.8260505775596214,-0.5581075227191449,-2.7319855347364546,-2.587119926192689,-0.8260505775596199,-0.5581075227191463,-2.731985534736447,-2.5871199261926967
977,9.76,9.77,0.01,0x1.47ae147ae147bp-7,0x1.38a3d70a3d70ap+3,351641058905088335/36028797018963968,5632021550004447595/576460752303423488,True,77,9,-0.8529726127140074,-0.6111072005654755,-2.733663690637445,-2.6037774919070644,-0.8529726127140068,-0.6111072005654761,-2.733663690637442,-2.6037774919070675,-0.8530328183441775,-0.5843853425045571,-2.7343450490766834,-2.5973950351719424,-0.853032818344176,-0.5843853425045586,-2.7343450490766754,-2.5973950351719504
978,9.77,9.78,0.01,0x1.47ae147ae147bp-7,0x1.38f5c28f5c28fp+3,5632021550004447595/576460752303423488,2818893078763740915/288230376151711744,True,78,9,-0.8799483152047213,-0.6375560349582752,-2.734502079605228,-2.61176693820071,-0.8799483152047207,-0.6375560349582757,-2.7345020796052255,-2.611766938200713,-0.8800105530641669,-0.610781522360429,-2.735208330118733,-2.6066457224292576,-0.8800105530641654,-0.6107815223604305,-2.7352083301187244,-2.606645722429267
979,9.78,9.790000000000001,0.01,0x1.47ae147ae147bp-7,0x1.3947ae147ae15p+3,2818893078763740915/288230376151711744,5643550765050516065/576460752303423488,True,79,9,-0.9069045765286912,-0.6640993360074716,-2.73379583691906,-2.618630027740645,-0.9069045765286906,-0.6640993360074723,-2.733795836919057,-2.6186300277406485,-0.9069688083294511,-0.6372853179908712,-2.734525768365843,-2.6148208950381937,-0.9069688083294495,-0.6372853179908727,-2.734525768365834,-2.614820895038203
980,9.790000000000001,9.8,0.01,0x1.47ae147ae147bp-7,0x1.399999999999ap+3,5643550765050516065/576460752303423488,1412328843143387575/144115188075855872,True,80,9,-0.9338252503737229,-0.6907260530303196,-2.7314980735883463,-2.62431794667945,-0.9338252503737222,-0.6907260530303202,-2.731498073588343,-2.6243179466794535,-0.9338914290134357,-0.6638861752597295,-2.7322502980430676,-2.6218701490659098,-0.9338914290134341,-0.663886175259731,-2.7322502980430583,-2.6218701490659186
981,9.8,9.81,0.01,0x1.47ae147ae147bp-7,0x1.39eb851eb851fp+3,1412328843143387575/144115188075855872,5655079980096584535/576460752303423488,True,81,9,-0.9606928855933924,-0.717425503175193,-2.727565055107098,-2.628782886512995,-0.9606928855933917,-0.7174255031751937,-2.7275650551070947,-2.6287828865129983,-0.9607609544428458,-0.6905738893534904,-2.7283380078835893,-2.627743774562059,-0.9607609544428444,-0.6905738893534918,-2.728338007883581,-2.6277437745620666
982,9.81,9.82,0.01,0x1.47ae147ae147bp-7,0x1.3a3d70a3d70a4p+3,5655079980096584535/576460752303423488,2830422293809809385/288230376151711744,True,82,9,-0.9875164169318453,-0.744159725495395,-2.724514087916887,-2.6294207732843593,-0.9875164169318447,-0.7441597254953957,-2.7245140879168837,-2.629420773284363,-0.9875886348313884,-0.717308630010231,-2.7257718170193934,-2.629369691241597,-0.9875886348313868,-0.7173086300102324,-2.7257718170193854,-2.629369691241605
983,9.82,9.83,0.01,0x1.47ae147ae147bp-7,0x1.3a8f5c28f5c29p+3,2830422293809809385/288230376151711744,5666609195142653005/576460752303423488,True,83,9,-1.014310146973821,-0.7708845500709259,-2.7254293345588665,-2.6230661046411674,-1.01431014697382,-0.7708845500709266,-2.725429334558863,-2.623066104641171,-1.01439161091314,-0.7440438097944291,-2.728206348966991,-2.623009225319972,-1.014391610913138,-0.7440438097944305,-2.728206348966983,-2.62300922531998
984,9.83,9.84,0.01,0x1.47ae147ae147bp-7,0x1.3ae147ae147aep+3,5666609195142653005/576460752303423488,709046725333210905/72057594037927936,True,84,9,-1.0410064715942446,-0.7976369292296257,-2.725216083646604,-2.6147382991152317,-1.0410064715942435,-0.7976369292296264,-2.7252160836466004,-2.6147382991152353,-1.041097297603629,-0.7708217539435854,-2.7295506656474906,-2.6146749962826346,-1.0410972976036268,-0.7708217539435869,-2.7295506656474817,-2.6146749962826434
985,9.84,9.85,0.01,0x1.47ae147ae147bp-7,0x1.3b33333333333p+3,709046725333210905/72057594037927936,5678138410188721475/576460752303423488,True,85,9,-1.0675998259589674,-0.8243910560571818,-2.725024687275923,-2.603218370005078,-1.0675998259589665,-0.8243910560571824,-2.72502468727592,-2.603218370005081,-1.0677001094809937,-0.7976170362656066,-2.7309530892407747,-2.6031467109781676,-1.0677001094809917,-0.797617036265608,-2.7309530892407663,-2.603146710978176
986,9.85,9.86,0.01,0x1.47ae147ae147bp-7,0x1.3b851eb851eb8p+3,5678138410188721475/576460752303423488,2841951508855877855/288230376151711744,True,86,9,-1.0940582788307827,-0.8511468393555679,-2.723385625871857,-2.589914481880215,-1.0940582788307815,-0.8511468393555686,-2.723385625871854,-2.5899144818802182,-1.0941680841122117,-0.8244299220076253,-2.7309389591522852,-2.5898340359330168,-1.0941680841122097,-0.824429922007627,-2.730938959152277,-2.5898340359330247
987,9.86,9.870000000000001,0.01,0x1.47ae147ae147bp-7,0x1.3bd70a3d70a3ep+3,2841951508855877855/288230376151711744,5689667625234789945/576460752303423488,True,87,9,-1.1203756950077859,-0.8778778167666553,-2.7201560264712192,-2.5749159288468664,-1.1203756950077848,-0.877877816766656,-2.7201560264712157,-2.5749159288468695,-1.120495066185086,-0.8512342563127733,-2.7293613204119804,-2.574826416823113,-1.1204950661850839,-0.8512342563127749,-2.7293613204119733,-2.5748264168231203
988,9.870000000000001,9.88,0.01,0x1.47ae147ae147bp-7,0x1.3c28f5c28f5c3p+3,5689667625234789945/576460752303423488,1423858058189456045/144115188075855872,True,88,9,-1.1465558358618155,-0.9045471356860092,-2.715277468618108,-2.558235908240848,-1.1465558358618144,-0.9045471356860099,-2.7152774686181043,-2.5582359082408512,-1.1466848025423295,-0.8779934477956107,-2.7261574738729895,-2.5581371226478633,-1.1466848025423269,-0.8779934477956123,-2.7261574738729815,-2.558137122647871
989,9.88,9.89,0.01,0x1.47ae147ae147bp-7,0x1.3c7ae147ae148p+3,1423858058189456045/144115188075855872,5701196840280858415/576460752303423488,True,89,9,-1.172569133694666,-0.9311508669990067,-2.7087128462327588,-2.5398754388640703,-1.1725691336946646,-0.9311508669990076,-2.708712846232755,-2.539875438864074,-1.172708084670445,-0.9047034114681075,-2.721364829641722,-2.539688190669908,-1.172708084670442,-0.90470341146811,-2.721364829641714,-2.5396881906699154
990,9.89,9.9,0.01,0x1.47ae147ae147bp-7,0x1.3cccccccccccdp+3,5701196840280858415/576460752303423488,2853480723901946325/288230376151711744,True,90,9,-1.1984443837287075,-0.9576264019427301,-2.7004505203014926,-2.51981911922667,-1.1984443837287062,-0.957626401942731,-2.700450520301489,-2.5198191192266735,-1.1985933974692655,-0.9313020063450684,-2.7149047911865796,-2.519526474945537,-1.1985933974692626,-0.9313020063450704,-2.714904791186571,-2.519526474945545
991,9.9,9.91,0.01,0x1.47ae147ae147bp-7,0x1.3d1eb851eb852p+3,2853480723901946325/288230376151711744,5712726055326926885/576460752303423488,True,91,9,-1.2240961150117768,-0.9840251827607759,-2.6905223980469524,-2.4980185224277376,-1.2240961150117755,-0.9840251827607768,-2.690522398046949,-2.4980185224277407,-1.224255185970223,-0.957840868041907,-2.7068023859760344,-2.4976055147902296,-1.22425518597022,-0.9578408680419096,-2.7068023859760264,-2.497605514790237
992,9.91,9.92,0.01,0x1.47ae147ae147bp-7,0x1.3d70a3d70a3d7p+3,5712726055326926885/576460752303423488,178702833214061285/18014398509481984,True,92,9,-1.2495054214605235,-1.0103319660987502,-2.678826454860372,-2.4745689251210004,-1.2495054214605221,-1.0103319660987515,-2.678826454860369,-2.474568925121004,-1.2496745121295556,-0.9843048444432535,-2.6969503719820787,-2.4740207074132714,-1.2496745121295527,-0.9843048444432557,-2.6969503719820715,-2.4740207074132794
993,9.92,9.93,0.01,0x1.47ae147ae147bp-7,0x1.3dc28f5c28f5cp+3,178702833214061285/18014398509481984,5724255270372995355/576460752303423488,True,93,9,-1.2746543860983586,-1.0365305044338269,-2.665345068883399,-2.4494916941016456,-1.2746543860983575,-1.0365305044338278,-2.665345068883395,-2.4494916941016496,-1.274833428844525,-1.0106777256746649,-2.6853265639510853,-2.4487927340231854,-1.274833428844522,-1.0106777256746677,-2.6853265639510773,-2.448792734023194
994,9.93,9.94,0.01,0x1.47ae147ae147bp-7,0x1.3e147ae147ae1p+3,5724255270372995355/576460752303423488,2865009938948014795/288230376151711744,True,94,9,-1.2995253399362607,-1.0626043934407146,-2.6500647155647803,-2.4228148321952396,-1.2995253399362596,-1.0626043934407157,-2.6500647155647767,-2.422814832195243,-1.2997142329658662,-1.0369430959831367,-2.671911245649345,-2.421950421922128,-1.2997142329658629,-1.0369430959831398,-2.671911245649336,-2.421950421922136
995,9.94,9.950000000000001,0.01,0x1.47ae147ae147bp-7,0x1.3e66666666667p+3,2865009938948014795/288230376151711744,5735784485419063825/576460752303423488,True,95,9,-1.3241009443722471,-1.0885370977659936,-2.6329780646366405,-2.3945710400998568,-1.3241009443722458,-1.088537097765995,-2.6329780646366374,-2.3945710400998594,-1.3242995525786796,-1.0630843536271897,-2.6566911534338526,-2.393526955995222,-1.3242995525786765,-1.0630843536271928,-2.6566911534338447,-2.39352695599523
996,9.950000000000001,9.96,0.01,0x1.47ae147ae147bp-7,0x1.3eb851eb851ecp+3,5735784485419063825/576460752303423488,1435387273235524515/144115188075855872,True,96,9,-1.3483691313504984,-1.1143071204440838,-2.6145713220722966,-2.364310457191689,-1.3483691313504973,-1.1143071204440846,-2.614571322072293,-2.3643104571916926,-1.3485773108797434,-1.0890798559443609,-2.640151588790698,-2.363067887131105,-1.3485773108797403,-1.0890798559443637,-2.640151588790689,-2.3630678871311144
997,9.96,9.97,0.01,0x1.47ae147ae147bp-7,0x1.3f0a3d70a3d71p+3,1435387273235524515/144115188075855872,5747313700465132295/576460752303423488,True,97,9,-1.372322603216334,-1.1398886114877853,-2.595766397161267,-2.3311583472604993,-1.3723226032163327,-1.1398886114877869,-2.5957663971612637,-2.331158347260503,-1.372540237758432,-1.1149035159754108,-2.6232208327551207,-2.3296866103194174,-1.3725402377584286,-1.1149035159754141,-2.623220832755112,-2.329686610319426
998,9.97,9.98,0.01,0x1.47ae147ae147bp-7,0x1.3f5c28f5c28f6p+3,5747313700465132295/576460752303423488,2876539153994083265/288230376151711744,True,98,9,-1.3959316359149205,-1.1652786784957372,-2.5751958409784073,-2.2965405867336623,-1.3959316359149194,-1.1652786784957383,-2.575195840978404,-2.296540586733665,-1.3961585170832334,-1.1405522691462053,-2.6045128143882312,-2.294822163602256,-1.3961585170832302,-1.1405522691462082,-2.6045128143882232,-2.294822163602264
999,9.98,9.99,0.01,0x1.47ae147ae147bp-7,0x1.3fae147ae147bp+3,2876539153994083265/288230376151711744,5758842915511200765/576460752303423488,True,99,9,-1.419180916408653,-1.1904606537335802,-2.552874047153795,-2.2605118062018428,-1.419180916408652,-1.1904606537335813,-2.552874047153792,-2.2605118062018463,-1.4194168060424894,-1.1660091589981085,-2.584036177696823,-2.2585295446963007,-1.4194168060424865,-1.1660091589981114,-2.5840361776968144,-2.258529544696309
1000,9.99,10.0,0.01,0x1.47ae147ae147bp-7,0x1.4000000000000p+3,5758842915511200765/576460752303423488,720575940379279375/72057594037927936,True,0,10,-1.4420557661257292,-1.2154179785026102,-2.5288197182986694,-2.223132850932584,-1.4420557661257278,-1.2154179785026118,-2.5288197182986663,-2.223132850932587,-1.4423004416624365,-1.1912572394725276,-2.561817160720265,-2.2208568000635895,-1.4423004416624332,-1.1912572394725305,-2.561817160720256,-2.2208568000635984
