instance,method,source_generation,step,t_start,t_end,state,tube_lo,tube_hi,tube_union_width,endpoint_lo,endpoint_hi,endpoint_union_width,partition_mean_tube_width,partition_max_tube_width,partition_mean_endpoint_width,partition_max_endpoint_width
nav-standard,working_p3,2026-10-02 new working P3,1,0.0,0.01,x,2.899949999999077,3.1000000012454936,0.20005000124641636,2.899949999999077,3.0999500012454937,0.20000000124641648,0.005050001242403129,0.0050500012492693536,0.005000001242402619,0.005000001249267694
nav-standard,working_p3,2026-10-02 new working P3,1,0.0,0.01,y,2.8999996676746167,3.1000000000740124,0.20000033239939574,2.8999996676746167,3.099999667414816,0.1999999997401991,0.012500332313607851,0.01250033323286548,0.012500000263853894,0.012500001326477772
nav-standard,working_p3,2026-10-02 new working P3,2,0.01,0.02,x,2.8998000123961485,3.099950007481113,0.20014999508496434,2.8998000173623066,3.0998000199304587,0.2000000025681521,0.005149995081306904,0.005149995412506492,0.005000002523741302,0.005000002615124899
nav-standard,working_p3,2026-10-02 new working P3,2,0.01,0.02,y,2.899997341479505,3.0999996679295183,0.20000232645001326,2.899997341479505,3.0999973393979685,0.19999999791846346,0.012502326396664829,0.012502332641932679,0.012500002130762902,0.012500010607905399
nav-standard,working_p3,2026-10-02 new working P3,3,0.02,0.03,x,2.8995500868092328,3.099800031180575,0.20024994437134236,2.899550096740727,3.0995501008947475,0.20000000415402042,0.005249944394784461,0.005249946906672687,0.005000003932463427,0.0050000045259297465
nav-standard,working_p3,2026-10-02 new working P3,3,0.02,0.03,y,2.8999910284808132,3.099997340459615,0.2000063119788016,2.8999910284808132,3.0999910205974843,0.19999999211667108,0.01250631427274857,0.012506331159465756,0.012500005986419479,0.012500029823756975
nav-standard,working_p3,2026-10-02 new working P3,4,0.03,0.04,x,2.8992002976562294,3.099550117195583,0.20034981953935338,2.8992003125514154,3.0992003188589217,0.20000000630750625,0.005349819525623677,0.005349827376959215,0.005000005572101682,0.00500000742892226
nav-standard,working_p3,2026-10-02 new working P3,4,0.03,0.04,y,2.899978736013769,3.0999910226297835,0.20001228661601456,2.899978736013769,3.0999787167739044,0.19999998076013537,0.01251229666258511,0.012512327914941501,0.01250001334227772,0.012500066895205553
nav-standard,working_p3,2026-10-02 new working P3,5,0.04,0.05,x,2.898750749164915,3.0992003402585446,0.20044959109362948,2.8987507690213277,3.098750778411852,0.20000000939052454,0.005449590860972282,0.005449608689870988,0.005000007578240434,0.005000011981126207
nav-standard,working_p3,2026-10-02 new working P3,5,0.04,0.05,y,2.8999584726020924,3.099978720200024,0.2000202475979318,2.8999584726020924,3.0999584348796683,0.19999996227757588,0.012520272137798456,0.012520321671276147,0.012500023955904629,0.012500076164330576
nav-standard,working_p3,2026-10-02 new working P3,6,0.05,0.06,x,2.89820157521883,3.098750804917298,0.2005492296984679,2.898201600033181,3.098201613940484,0.20000001390730304,0.005549228847924124,0.005549263173461494,0.005000010129181454,0.005000019284978396
nav-standard,working_p3,2026-10-02 new working P3,6,0.05,0.06,y,2.8999282483548683,3.099958440121986,0.20003019176711767,2.8999282483548683,3.0999281834560666,0.1999999351011983,0.01253023506410103,0.012530311189123289,0.012500033773994529,0.01250007747136861
nav-standard,working_p3,2026-10-02 new working P3,7,0.06,0.07,x,2.8975529395105952,3.0982016456530954,0.2006487061425002,2.897552969278777,3.0975529897428715,0.2000000204640946,0.00564870401460831,0.005648763303600646,0.005000013462114819,0.0050000305699908765
nav-standard,working_p3,2026-10-02 new working P3,7,0.06,0.07,y,2.8998860753676396,3.099928190935149,0.20004211556750917,2.8998860753676396,3.0998859730291852,0.19999989766154558,0.01254218158452725,0.012542294613866023,0.012500040915367277,0.012500073259933853
nav-standard,working_p3,2026-10-02 new working P3,8,0.07,0.08,x,2.8968050354008414,3.097553026690135,0.20074799128929355,2.8968050701179253,3.096805099832753,0.20000002971482767,0.005747986968611038,0.005748081813734096,0.0050000178666254275,0.00500004729790593
nav-standard,working_p3,2026-10-02 new working P3,8,0.07,0.08,y,2.8998299868991877,3.0998859831583068,0.20005599625911907,2.8998299868991877,3.099829816501091,0.1999998296019032,0.012556107824308166,0.012556269691857747,0.012500043875548723,0.012500077452155978
nav-standard,working_p3,2026-10-02 new working P3,9,0.08,0.09,x,2.895958085811187,3.0968051420716107,0.20084705626042387,2.895958125471424,3.0959581680106587,0.20000004253923453,0.00584704839704797,0.005847191699018595,0.005000023679853784,0.005000071162230224
nav-standard,working_p3,2026-10-02 new working P3,9,0.08,0.09,y,2.8997579881587505,3.0998298141754907,0.20007182601674023,2.8997579881587505,3.0997577140354005,0.19999972587664994,0.01257201016148025,0.012572233770643315,0.012500041797026773,0.012500081909171179
nav-standard,working_p3,2026-10-02 new working P3,10,0.09,0.1,x,2.8950123433401562,3.0959582156904633,0.20094587235030703,2.89501238793698,3.095012447889715,0.2000000599527354,0.005945859070849277,0.0059460662203765224,0.0050000312858739775,0.005000104087693025
nav-standard,working_p3,2026-10-02 new working P3,10,0.09,0.1,y,2.899668100578829,3.099757710460631,0.20008960988180213,2.899668100578829,3.099667695281525,0.19999959470269602,0.012589884526727763,0.012590183799315202,0.012500033768681936,0.012500087614022881
nav-standard,working_p3,2026-10-02 new working P3,11,0.1,0.11,x,2.8939680901628435,3.095012501120044,0.20104441095720027,2.8939681396888686,3.0939682227213745,0.20000008303250594,0.006044389604767117,0.006044666099198626,0.0050000408707991505,0.0050001354203614845
nav-standard,working_p3,2026-10-02 new working P3,11,0.1,0.11,y,2.899558349147125,3.099667690248431,0.20010934110130618,2.899558349147125,3.0995577820450717,0.19999943289794686,0.01260972665745132,0.012610116328901189,0.01250001907938592,0.012500093217409525
nav-standard,working_p3,2026-10-02 new working P3,12,0.11,0.12,x,2.892825637984213,3.0939682816234697,0.2011426436392565,2.892825692431237,3.092825805399838,0.20000011296860087,0.006142610683624804,0.006142973192638124,0.005000052644134568,0.005000175598341539
nav-standard,working_p3,2026-10-02 new working P3,12,0.11,0.12,y,2.8994267627996306,3.0995577753453727,0.20013101254574206,2.8994267627996306,3.0994260000983123,0.19999923729868163,0.012631532465737175,0.012632027512824884,0.012499997585442036,0.012500099767577488
nav-standard,working_p3,2026-10-02 new working P3,13,0.12,0.13,x,2.891585327987508,3.092825870106571,0.20124054211906328,2.8915853873465123,3.0915855384100737,0.2000001510635614,0.006240492764093538,0.006240960532457596,0.005000066535664608,0.005000226186050227
nav-standard,working_p3,2026-10-02 new working P3,13,0.12,0.13,y,2.8992713748131194,3.0994259915247406,0.20015461671162127,2.8992713748131194,3.0992703795746186,0.19999900476149923,0.01265529657558546,0.012655913107406214,0.012499968247226096,0.012500105962958585
nav-standard,working_p3,2026-10-02 new working P3,14,0.13,0.14,x,2.8902475307777813,3.091585609065909,0.20133807828812778,2.890247595038934,3.090247793770923,0.20000019873198882,0.006338006811802058,0.0063386013278616815,0.005000082927679888,0.005000288872471614
nav-standard,working_p3,2026-10-02 new working P3,14,0.13,0.14,y,2.8990902231970104,3.0992703689210335,0.2001801457240231,2.8990902231970104,3.0990889553622196,0.19999873216520925,0.012681013627519416,0.012681768472448951,0.012499930433150017,0.012500112507048744
nav-standard,working_p3,2026-10-02 new working P3,15,0.14,0.15,x,2.888812646320539,3.0902478705318557,0.20143522421131665,2.888812715473194,3.0888129729732654,0.20000025750007122,0.006435123727075234,0.006435868969617786,0.005000102075841183,0.0050003654707118095
nav-standard,working_p3,2026-10-02 new working P3,15,0.14,0.15,y,2.898881351084511,3.099088942423741,0.20020759133922983,2.898881351084511,3.0988797674972703,0.19999841641275928,0.012708677934420218,0.012709588570467112,0.012499883574792517,0.012500118944270167
nav-standard,working_p3,2026-10-02 new working P3,16,0.15,0.16,x,2.887281103875529,3.088813056006776,0.2015319521312473,2.887281177908229,3.0872815069133037,0.20000032900507492,0.006531814482368586,0.006532737033946745,0.005000124241747934,0.005000457917328394
nav-standard,working_p3,2026-10-02 new working P3,16,0.15,0.16,y,2.898642807122998,3.0988797520703963,0.2002369449473984,2.898642807122998,3.0986408615561305,0.19999805443313257,0.012738283327379557,0.012739367971354998,0.0124998270119894,0.01250012537069134
nav-standard,working_p3,2026-10-02 new working P3,17,0.16,0.17,x,2.885653367177706,3.0872815963982965,0.20162822922059043,2.885653446078183,3.085653855820936,0.20000040974275324,0.006628050222186857,0.006629179286477882,0.005000149787999602,0.005000568271737116
nav-standard,working_p3,2026-10-02 new working P3,17,0.16,0.17,y,2.89837264586358,3.0986408434388673,0.20026819757528713,2.89837264586358,3.0983702890468336,0.19999764318325353,0.012769823333721253,0.012771100978398842,0.012499760170034688,0.012500131856963748
nav-standard,working_p3,2026-10-02 new working P3,18,0.17,0.18,x,2.8839299197238804,3.0856539519476773,0.20172403222379698,2.8839300034790583,3.0839305091832494,0.20000050570419114,0.006723802230122212,0.006725169686120136,0.005000179140387084,0.005000698715541763
nav-standard,working_p3,2026-10-02 new working P3,18,0.17,0.18,y,2.8980689281497876,3.0983702680388143,0.20030133988902676,2.8980689281497876,3.098066107799655,0.19999717964986763,0.012803291029757247,0.012804781604992321,0.012499682411558114,0.012500136680899665
nav-standard,working_p3,2026-10-02 new working P3,19,0.18,0.19,x,2.882111278358499,3.0839306074847372,0.20181932912623823,2.8821113669544953,3.0821119809945716,0.2000006140400763,0.006819041926888478,0.00682068238889455,0.005000212781090233,0.005000851551831609
nav-standard,working_p3,2026-10-02 new working P3,19,0.18,0.19,y,2.8977297215053035,3.09806608370227,0.2003363621969667,2.8977297215053035,3.097726382356745,0.19999666085144163,0.012838679130315736,0.012840370951472835,0.01249959312511682,0.012500127714409448
nav-standard,working_p3,2026-10-02 new working P3,20,0.19,0.2,x,2.880197988915839,3.0821120854821076,0.20191409656626869,2.8801980823379663,3.0801988228058668,0.2000007404679005,0.006913740749151176,0.006915691751716135,0.00500025112268266,0.005001029204441565
nav-standard,working_p3,2026-10-02 new working P3,20,0.19,0.2,y,2.897353100520727,3.0977263549732603,0.20037325445253318,2.897353100520727,3.0973491843607532,0.1999960838400261,0.012875979985135044,0.012877890926963342,0.012499491720594988,0.012500117516777376
nav-standard,working_p3,2026-10-02 new working P3,21,0.2,0.21,x,2.8781906317241153,3.0801989334674027,0.20200830174328743,2.8781907302906906,3.078191614182729,0.2000008838920384,0.007007863875415135,0.00701013991563304,0.005000293545744572,0.005001228309876371
nav-standard,working_p3,2026-10-02 new working P3,21,0.2,0.21,y,2.896937124179096,3.0973491518674767,0.2004120276883805,2.896937124179096,3.0969325757502806,0.19999545157118437,0.012915208826297314,0.012917335775721739,0.012499371677328924,0.01250010540729729
nav-standard,working_p3,2026-10-02 new working P3,22,0.21,0.22,x,2.8760898182266232,3.0781917306702384,0.2021019124436152,2.8760899216118636,3.0760909644956627,0.20000104288379905,0.007101378923109913,0.00710398134759993,0.00500033952020173,0.0050014465415277876
nav-standard,working_p3,2026-10-02 new working P3,22,0.21,0.22,y,2.896479852632373,3.0969325384882564,0.2004526858558835,2.896479852632373,3.096474626587826,0.19999477395545284,0.012956362609880145,0.012958698087656817,0.01249923419029642,0.01250009152301379
nav-standard,working_p3,2026-10-02 new working P3,23,0.22,0.23,x,2.873896182480469,3.076091087005749,0.20219490452528,2.8738962906671444,3.0738975094953362,0.20000121882819188,0.007194263975960855,0.007197221373616003,0.005000389954677598,0.00500168776967147
nav-standard,working_p3,2026-10-02 new working P3,23,0.22,0.23,y,2.895979375190286,3.096474586885588,0.20049521169530182,2.895979375190286,3.0959734318061756,0.19999405661588954,0.012999413959294692,0.01300196750998861,0.01249908753346788,0.012500076743656496
nav-standard,working_p3,2026-10-02 new working P3,24,0.23,0.24,x,2.871610387835417,3.0738976380812684,0.20228725024585126,2.8716105008054926,3.0716119135618722,0.20000141275637962,0.007286490584682037,0.007289832860681411,0.005000445149280055,0.005001953384050406
nav-standard,working_p3,2026-10-02 new working P3,24,0.23,0.24,y,2.895433793652277,3.0959733896275554,0.20053959597527848,2.895433793652277,3.095427092645699,0.1999932989934221,0.013044354072148639,0.013047135341715421,0.012498931556622368,0.012500061057054701
nav-standard,working_p3,2026-10-02 new working P3,25,0.24,0.25,x,2.8692331262827557,3.071612048277484,0.20237892199472807,2.8692332440173964,3.0692348697379046,0.20000162572050817,0.007378030361420734,0.007381788812502066,0.0050005053550193634,0.005002244803428368
nav-standard,working_p3,2026-10-02 new working P3,25,0.24,0.25,y,2.8948412188575268,3.0954270479555976,0.20058582909807088,2.8948412188575268,3.094833719404497,0.19999250054697004,0.0130911737662463,0.01309419249739685,0.012498766113601864,0.012500044451415171
nav-standard,working_p3,2026-10-02 new working P3,26,0.25,0.26,x,2.8667651183399143,3.069235010637575,0.20246989229766088,2.8667652408194852,3.0667670996129095,0.20000185879342425,0.007468855051623574,0.007473062373829276,0.005000570840875455,0.005002563475211996
nav-standard,working_p3,2026-10-02 new working P3,26,0.25,0.26,y,2.894199771067559,3.0948336721689027,0.2006339011013436,2.894199771067559,3.0941914318214345,0.19999166075387542,0.01313986348105417,0.01314312950851404,0.012498591062422282,0.012500026915353235
nav-standard,working_p3,2026-10-02 new working P3,27,0.26,0.27,x,2.864207112930312,3.066767246751547,0.20256013382123506,2.864207240134383,3.064209353202747,0.20000211306836402,0.007558936554866777,0.007563626834752757,0.00500064190984603,0.00500291087503868
nav-standard,working_p3,2026-10-02 new working P3,27,0.26,0.27,y,2.893507580347429,3.0941913820074585,0.20068380166002964,2.893507580347429,3.093498359457779,0.19999077911035013,0.013190413279223176,0.013193936524908079,0.012498406265383635,0.012500008437875909
nav-standard,working_p3,2026-10-02 new working P3,28,0.27,0.28,x,2.861559887258425,3.064209506635769,0.20264961937734371,2.8615600191657724,3.0615624088244267,0.20000238965865424,0.007648246903354486,0.007653455634965223,0.005000718872679186,0.005003288506359116
nav-standard,working_p3,2026-10-02 new working P3,28,0.27,0.28,y,2.892762786945446,3.0934983070336783,0.20073552008823237,2.892762786945446,3.092752642077348,0.19998985513190215,0.013242812848166858,0.013246603316254824,0.012498211589178933,0.012499990478222589
nav-standard,working_p3,2026-10-02 new working P3,29,0.28,0.29,x,2.8588242466801117,3.0615625686077443,0.20273832192763264,2.8588243832687215,3.0588270729661224,0.20000268969740098,0.007736758266939389,0.007742522368014537,0.005000802048145765,0.005003697900016313
nav-standard,working_p3,2026-10-02 new working P3,29,0.28,0.29,y,2.8919635416713647,3.09275258701255,0.20078904534118536,2.8919635416713647,3.091952430025128,0.19998888835376327,0.013297051501696583,0.013301119273625872,0.012498006905002726,0.012499971744908134
nav-standard,working_p3,2026-10-02 new working P3,30,0.29,0.3,x,2.856001024568207,3.058827239156116,0.20282621458790917,2.856001165815278,3.0560041801524362,0.20000301433715828,0.007824442942548153,0.007830800785517678,0.005000891747734953,0.005004140613811714
nav-standard,working_p3,2026-10-02 new working P3,30,0.29,0.3,y,2.8911080062729932,3.0919523722902653,0.20084436601727207,2.8911080062729932,3.0910958846043175,0.19998787833132425,0.013353118181711749,0.013357473411070853,0.012497792088657969,0.01249995211848498
nav-standard,working_p3,2026-10-02 new working P3,31,0.3,0.31,x,2.853091082173401,3.056004352805941,0.20291327063254005,2.8530912280553484,3.0530945928049547,0.20000336474960623,0.007911273373143762,0.00791826480135116,0.005000988289905275,0.005004618232060221
nav-standard,working_p3,2026-10-02 new working P3,31,0.3,0.31,y,2.890194353811164,3.0910958241712425,0.20090147036007844,2.890194353811164,3.090181178451699,0.19998682464053497,0.013411001459946595,0.01341565436729164,0.012497567020662433,0.012499931590433722
nav-standard,working_p3,2026-10-02 new working P3,32,0.31,0.32,x,2.850095308480428,3.0530947719792407,0.20299946349881282,2.850095458972886,3.0500992010981016,0.20000374212521566,0.00799722216533391,0.008004888495804607,0.00500109201300127,0.005005132365128784
nav-standard,working_p3,2026-10-02 new working P3,32,0.31,0.32,y,2.8892207690329976,3.0901811152935186,0.20096034626052095,2.8892207690329976,3.089206495911335,0.19998572687833738,0.013470689539771718,0.013475650407348994,0.012497331586353575,0.012499910152647953
nav-standard,working_p3,2026-10-02 new working P3,33,0.32,0.33,x,2.847014620059581,3.0500993868508512,0.20308476679127008,2.8470147751374073,3.0470189228103046,0.20000414767289731,0.008082262053166804,0.008090646119720102,0.0050012032343776675,0.0050056846489816564
nav-standard,working_p3,2026-10-02 new working P3,33,0.32,0.33,y,2.8881854487434215,3.0892064300024322,0.2010209812590107,2.8881854487434215,3.0881700334064885,0.199984584663067,0.013532170258051455,0.013537449424434023,0.012497085675992833,0.012499887797441822
nav-standard,working_p3,2026-10-02 new working P3,34,0.33,0.34,x,2.84384996091357,3.0470191151995927,0.20316915428602256,2.8438501205508473,3.0438547031705077,0.20000458261966036,0.008166365956837649,0.008175512098583582,0.0050013223044549655,0.005006276744695448
nav-standard,working_p3,2026-10-02 new working P3,34,0.33,0.34,y,2.8870866021748776,3.088169964722551,0.20108336254767334,2.8870866021748776,3.0870699998097373,0.19998339763485973,0.013595431087055803,0.013601038941696952,0.012496829184868528,0.012499864517560688
nav-standard,working_p3,2026-10-02 new working P3,35,0.34,0.35,x,2.8406023023197617,3.0438549022547816,0.20325259993501987,2.8406024664898033,3.040607514700048,0.20000504821024467,0.00824950694654924,0.00825946103659625,0.005001449565950617,0.005006910337979509
nav-standard,working_p3,2026-10-02 new working P3,35,0.34,0.35,y,2.885922451355158,3.0870699283277756,0.2011474769726176,2.885922451355158,3.0859046168112076,0.19998216545604963,0.013660459136427047,0.013666406114131835,0.012496562013397394,0.012499840306189114
nav-standard,working_p3,2026-10-02 new working P3,36,0.35,0.36,x,2.837272642667793,3.040607720538107,0.2033350778703138,2.8372728113431465,3.037278357049913,0.20000554570676643,0.008331658259982052,0.008342467720720226,0.005001585366741753,0.005007587138684322
nav-standard,working_p3,2026-10-02 new working P3,36,0.35,0.36,y,2.8846912314733246,3.085904542509591,0.20121331103626616,2.8846912314733246,3.084672119284897,0.1999808878115723,0.013727241155201292,0.013733537730513667,0.012496284067225766,0.012499815156957528
nav-standard,working_p3,2026-10-02 new working P3,37,0.36,0.37,x,2.833862007292616,3.0372785697008857,0.20341656240826955,2.8338621804450654,3.033868256833405,0.20000607638833978,0.008412793307605752,0.008424507124678016,0.005001730060592058,0.005008308880292134
nav-standard,working_p3,2026-10-02 new working P3,37,0.36,0.37,y,2.88339119124365,3.084672042143367,0.20128085089971703,2.88339119124365,3.0833707556529966,0.19997956440934672,0.013795763533883315,0.013802420215394129,0.01249599525732856,0.01249978906394933
nav-standard,working_p3,2026-10-02 new working P3,38,0.37,0.38,x,2.830371448302969,3.033868476356726,0.20349702805375713,2.8303716259035396,3.0303782674542377,0.20000664155069803,0.008492885662201318,0.008505554412929328,0.005001883992112646,0.005009077319405808
nav-standard,working_p3,2026-10-02 new working P3,38,0.37,0.38,y,2.8820205932675256,3.0833706756526977,0.20135008238517216,2.8820205932675256,3.0819987882481916,0.19997819498066605,0.013866012306575854,0.013873039631148387,0.012495695500107692,0.012499762021709326
nav-standard,working_p3,2026-10-02 new working P3,39,0.38,0.39,x,2.8268020444053183,3.0303784939096277,0.2035764495043093,2.8268022264242822,3.0268094689300877,0.20000724250580548,0.008571909091806404,0.008585584944616365,0.0050020475251701816,0.005009894235228796
nav-standard,working_p3,2026-10-02 new working P3,39,0.38,0.39,y,2.880577714393287,3.0819987053716886,0.20142099097840171,2.880577714393287,3.080554493673854,0.19997677928056712,0.013937973153162508,0.0139453816800863,0.012495384717489308,0.012499734025253062
nav-standard,working_p3,2026-10-02 new working P3,40,0.39,0.4,x,2.8231549007232686,3.0268097023775313,0.20365480165426275,2.823155087130147,3.0231629677116256,0.20000788058147867,0.008649837535344637,0.008664574277470916,0.005002221014003557,0.005010761429030008
nav-standard,working_p3,2026-10-02 new working P3,40,0.39,0.4,y,2.8790608460738913,3.0805544079051677,0.2014935618312763,2.8790608460738913,3.079036163162113,0.1999753170882217,0.014011631401543176,0.014019431706602692,0.012495062837019122,0.012499705070070366
nav-standard,working_p3,2026-10-02 new working P3,41,0.4,0.41,x,2.81943115289537,3.0231632080123783,0.20373205511700831,2.8194313437841463,3.0194398989437663,0.20000855515962002,0.00872663923794613,0.008742466699858564,0.005002403737421759,0.0050116757931411016
nav-standard,working_p3,2026-10-02 new working P3,41,0.4,0.41,y,2.87746828644463,3.0790360738224245,0.20156778737779435,2.87746828644463,3.077442095912198,0.19997380946756804,0.014086981449589009,0.014095175465165255,0.012494727244858247,0.012499674959405738
nav-standard,working_p3,2026-10-02 new working P3,42,0.41,0.42,x,2.815631963344072,3.019440145880652,0.20380818253658006,2.8156321585617294,3.0156414242726584,0.20000926571092892,0.008802286492182513,0.008819227678390718,0.005002595327594996,0.00501263587236922
nav-standard,working_p3,2026-10-02 new working P3,42,0.41,0.42,y,2.87579834707689,3.0774420032668437,0.20164365618995372,2.87579834707689,3.075770607063866,0.1999722599869762,0.014164009572949434,0.014172597719874336,0.0124943788831598,0.012499643767223567
nav-standard,working_p3,2026-10-02 new working P3,43,0.42,0.43,x,2.811758515828335,3.0156416780035107,0.20388316217517577,2.8117587153421173,3.011768728955243,0.20001001361312554,0.008876759286261743,0.00889486323972477,0.00500279653380018,0.0050136452741975646
nav-standard,working_p3,2026-10-02 new working P3,43,0.42,0.43,y,2.874049363154005,3.075770512108643,0.201721148954638,2.874049363154005,3.0740200343659705,0.19997067121196554,0.014242692189037277,0.014251682109470476,0.012494021488652845,0.012499611779048347
nav-standard,working_p3,2026-10-02 new working P3,44,0.43,0.44,x,2.80781202010422,3.0117689895088025,0.20395696940458263,2.8078122238806373,3.0078230238004027,0.20001079991976534,0.00895003219064514,0.008969349051273223,0.005003007606738759,0.005014705335557146
nav-standard,working_p3,2026-10-02 new working P3,44,0.43,0.44,y,2.87221968732513,3.0740199371181953,0.20180024979306532,2.87221968732513,3.072188730638158,0.19996904331302812,0.01432301331754165,0.014332412575152276,0.012493655111863355,0.012499578999989325
nav-standard,working_p3,2026-10-02 new working P3,45,0.44,0.45,x,2.8037937114007154,3.007823291204638,0.20402957980392245,2.8037939194055483,3.0038055450939085,0.20001162568836017,0.009022079979142755,0.009042660984537765,0.005003228797357046,0.005015817396807787
nav-standard,working_p3,2026-10-02 new working P3,45,0.44,0.45,y,2.8703076886178622,3.0721886311161013,0.20188094249823907,2.8703076886178622,3.0702750650971398,0.19996737647927754,0.014404956635314787,0.014414772711595525,0.012493279807226509,0.012499545435500359
nav-standard,working_p3,2026-10-02 new working P3,46,0.45,0.46,x,2.799704850212282,3.0038058193760033,0.20410096916372122,2.7997050624105864,2.999717554390662,0.20001249198007542,0.009092877633335513,0.009114775119094087,0.005003460356905988,0.005016982801381076
nav-standard,working_p3,2026-10-02 new working P3,46,0.45,0.46,y,2.8683117527824638,3.070274963320036,0.20196321053757238,2.8683117527824638,3.0682774237010673,0.1999656709186035,0.014488505478861177,0.014498745769423227,0.012492895633108413,0.01249951109137859
nav-standard,working_p3,2026-10-02 new working P3,47,0.46,0.47,x,2.7955467220870567,2.999717835577008,0.20417111348995132,2.795546938443169,2.995560338302612,0.2000133998594431,0.009162400346492456,0.009185667746537174,0.005003702536525183,0.00501820289540289
nav-standard,working_p3,2026-10-02 new working P3,47,0.46,0.47,y,2.8662302826335697,3.0682773196891113,0.2020470370555416,2.8662302826335697,3.0661942094913686,0.19996392685779885,0.014573642846878527,0.014584314657736464,0.01249250265182689,0.012499475973766216
nav-standard,working_p3,2026-10-02 new working P3,48,0.47,0.48,x,2.7913206374107578,2.995560626418794,0.2042399890080362,2.7913208578882993,2.991335208282357,0.20001435039405768,0.009230623528096619,0.009255315374400386,0.005003955587465025,0.005019479027329687
nav-standard,working_p3,2026-10-02 new working P3,48,0.47,0.48,y,2.8640616983893317,3.066194103265724,0.20213240487639217,2.8640616983893317,3.064023842932023,0.19996214454269134,0.014660351402849414,0.014671461946695885,0.012492100929670832,0.012499440089153602
nav-standard,working_p3,2026-10-02 new working P3,49,0.48,0.49,x,2.7870279311863255,2.991335503353142,0.2043075721668166,2.7870281557482084,2.987043500402477,0.20001534465426873,0.009297522808383769,0.009323694730036358,0.005004219761352452,0.005020812547569253
nav-standard,working_p3,2026-10-02 new working P3,49,0.48,0.49,y,2.861804438007927,3.064023734514819,0.20221929650689185,2.861804438007927,3.061764762246194,0.19996032423826682,0.014748613477684747,0.014760169870152495,0.012491690536919708,0.012499403444379276
nav-standard,working_p3,2026-10-02 new working P3,50,0.49,0.5,x,2.7826699628093063,2.987043802451807,0.20437383964250078,2.782670191417739,2.9826865751306246,0.20001638371288566,0.009363074041639574,0.009390782764470362,0.005004495309245766,0.005022204808105446
nav-standard,working_p3,2026-10-02 new working P3,50,0.49,0.5,y,2.8594569575214033,3.0617646516605364,0.20230769413913308,2.8594569575214033,3.0594154237501976,0.19995846622879432,0.014838411072417434,0.01485042032833439,0.012491271547861536,0.012499366046634819
nav-standard,working_p3,2026-10-02 new working P3,51,0.5,0.51,x,2.77824811583904,2.9826868841815997,0.20443876834255947,2.778248348455531,2.9782658171003957,0.20001746864486458,0.009427253311236656,0.00945655665621814,0.00500478248246102,0.0050236571621211645
nav-standard,working_p3,2026-10-02 new working P3,51,0.5,0.51,y,2.85701773136678,3.0594153110201594,0.20239757965337946,2.85701773136678,3.0569743021847193,0.19995657081793938,0.014929725860946309,0.014942194890577909,0.012490844040810075,0.012499327903459534
nav-standard,working_p3,2026-10-02 new working P3,52,0.51,0.52,x,2.7737637977656626,2.9782661331752625,0.20450233540959983,2.7737640343510273,2.9737826348780216,0.20001860052699438,0.009490036933283718,0.009520993815062884,0.005005081532042644,0.005025170963610659
nav-standard,working_p3,2026-10-02 new working P3,52,0.51,0.52,y,2.854485252714389,3.0569741873353524,0.2024889346209635,2.854485252714389,3.05443989104327,0.19995463832888127,0.01502253919283007,0.015035474798116066,0.012490408098121422,0.012499289022746218
nav-standard,working_p3,2026-10-02 new working P3,53,0.52,0.53,x,2.769218439772968,2.97378295799817,0.20456451822520183,2.7692186802873335,2.969238460724928,0.20001978043759427,0.009551401460493224,0.009584071885813561,0.005005392708485407,0.005026747567003831
nav-standard,working_p3,2026-10-02 new working P3,53,0.52,0.53,y,2.851858033793381,3.054439774100605,0.20258174030722387,2.851858033793381,3.051810702897801,0.19995266910442,0.015116832096131022,0.01513024096691451,0.012489963806209647,0.012499249412742497
nav-standard,working_p3,2026-10-02 new working P3,54,0.53,0.54,x,2.7646134964971565,2.969238790910872,0.20462529441371569,2.7646137408999674,2.9646347503561583,0.20002100945619095,0.009611323686594708,0.009645768752005512,0.005005716262035186,0.005028388326769662
nav-standard,working_p3,2026-10-02 new working P3,54,0.53,0.54,y,2.8491346062143528,3.0518105838888436,0.20267597767449086,2.8491346062143528,3.049085269721428,0.19995066350707535,0.015212585280307344,0.015226473990555878,0.012489511255561355,0.012499209082047713
nav-standard,working_p3,2026-10-02 new working P3,55,0.54,0.55,x,2.7599504457815023,2.964635087627531,0.20468464184602864,2.7599506940315264,2.959972982694735,0.2000222886632086,0.009669780650620196,0.009706062539581062,0.005006052442896095,0.0050300945970276345
nav-standard,working_p3,2026-10-02 new working P3,55,0.54,0.55,y,2.846313521289044,3.049085148674167,0.20277162738512322,2.846313521289044,3.046262143208241,0.19994862191919704,0.01530977913915466,0.015324154143182334,0.012489050540749657,0.012499168039623143
nav-standard,working_p3,2026-10-02 new working P3,56,0.55,0.56,x,2.755230788426988,2.9599733270702724,0.20474253864328418,2.755231040482323,2.9552546596219638,0.20002361913964073,0.009726749640004237,0.0097649316205346,0.005006401500286333,0.005031867731164041
nav-standard,working_p3,2026-10-02 new working P3,56,0.55,0.56,y,2.84339335034707,3.0462620201516453,0.2028686698045754,2.84339335034707,3.043339895090117,0.1999465447430473,0.015408393753795713,0.015423261382465192,0.012488581760447004,0.012499126294776453
nav-standard,working_p3,2026-10-02 new working P3,57,0.56,0.57,x,2.7504560479389175,2.9552550111194966,0.2047989631805791,2.7504563037569945,2.9504813057237347,0.20002500196674022,0.009782208195407044,0.009822354616510598,0.005006763683252559,0.00503370908142875
nav-standard,working_p3,2026-10-02 new working P3,57,0.56,0.57,y,2.8403726850496094,3.0433397700541365,0.2029670850045271,2.8403726850496094,3.040317117450512,0.19994443240090254,0.015508408895718084,0.015523775352657143,0.012488105017437388,0.012499083857181237
nav-standard,working_p3,2026-10-02 new working P3,58,0.57,0.58,x,2.7456277702695693,2.9504816643601757,0.2048538940906064,2.745628029807161,2.9456544680328447,0.20002643822568356,0.009836134113848788,0.009878310402369639,0.005007139239830868,0.005035619998542629
nav-standard,working_p3,2026-10-02 new working P3,58,0.57,0.58,y,2.837250137700041,3.040316990466084,0.20306685276604286,2.837250137700041,3.037192423035175,0.1999422853351338,0.015609804029859406,0.01562567538766313,0.012487620418627433,0.012499040736865918
nav-standard,working_p3,2026-10-02 new working P3,59,0.58,0.59,x,2.740747523556904,2.945654833824184,0.20490731026728026,2.7407477867701306,2.9407757157673906,0.20002792899725996,0.009888505453498878,0.009932778109718932,0.005007528417899159,0.005037601831298755
nav-standard,working_p3,2026-10-02 new working P3,59,0.58,0.59,y,2.8340243415514337,3.037192294134214,0.2031679525827803,2.8340243415514337,3.033964445559722,0.19994010400828843,0.0157125583177398,0.01572894051417517,0.012487128075056756,0.012498996944218188
nav-standard,working_p3,2026-10-02 new working P3,60,0.59,0.6,x,2.7358168978593773,2.9407760887286747,0.20495919086929737,2.735817164703712,2.935846640065243,0.20002947536153126,0.009939300536643653,0.009985737130399297,0.005007931464244477,0.005039655926160513
nav-standard,working_p3,2026-10-02 new working P3,60,0.59,0.6,y,2.830693951110893,3.0339643147751327,0.2032703636642399,2.830693951110893,3.03063184001406,0.19993788890316733,0.015816650620640763,0.015833549454842277,0.012486628101907172,0.012498952489981896
nav-standard,working_p3,2026-10-02 new working P3,61,0.6,0.61,x,2.7308374974961285,2.935847020405275,0.20500952290914665,2.730837767787166,2.9308688515917067,0.2000310838045407,0.009988504594418548,0.010037195085019768,0.005008349752982641,0.005041787850706747
nav-standard,working_p3,2026-10-02 new working P3,61,0.6,0.61,y,2.8272576512358976,3.030631707730839,0.20337405649494134,2.8272576512358976,3.027193286728501,0.1999356354926034,0.015922052825666354,0.015939479967880033,0.012486122257358824,0.012498907553281757
nav-standard,working_p3,2026-10-02 new working P3,62,0.61,0.62,x,2.7258109473785623,2.930869239554817,0.2050582921762545,2.725811221207178,2.92584398213339,0.20003276092621203,0.010036098271765487,0.010087139247125787,0.00500878436763016,0.005044002218972388
nav-standard,working_p3,2026-10-02 new working P3,62,0.61,0.62,y,2.823714150497308,3.0271931527696943,0.20347900227238647,2.823714150497308,3.0236474874288466,0.1999333369315388,0.016028742051636295,0.016046710061833114,0.012485609720871597,0.012498862050527748
nav-standard,working_p3,2026-10-02 new working P3,63,0.62,0.63,x,2.720738901170293,2.9258443776725094,0.20510547650221644,2.720739178490116,2.9207736865986256,0.20003450810850953,0.010082054687063517,0.010135524220890257,0.005009235263875371,0.005046299465908621
nav-standard,working_p3,2026-10-02 new working P3,63,0.62,0.63,y,2.8200621709792832,3.023647351248829,0.20358518026954586,2.8200621709792832,3.019993162263656,0.19993099128437297,0.01613670183688322,0.016155218117513304,0.01248508795577051,0.012498815721938339
nav-standard,working_p3,2026-10-02 new working P3,64,0.63,0.64,x,2.7156230329505666,2.92077408974587,0.20515105679530343,2.7156233137146057,2.9156596407902255,0.2000363270756198,0.010126353365926438,0.0101823309062814,0.0050097027802084105,0.005048681303161384
nav-standard,working_p3,2026-10-02 new working P3,64,0.63,0.64,y,2.816300455543203,3.0199930238904367,0.20369256834723348,2.816300455543203,3.016229054406486,0.19992859886328285,0.01624590985152556,0.016264981671835876,0.012484557054204974,0.012498768575715857
nav-standard,working_p3,2026-10-02 new working P3,65,0.64,0.65,x,2.710465037320589,2.915660051577059,0.20519501425647002,2.710465321481239,2.910503541041333,0.20003821956009382,0.010168974118221954,0.010227540485308051,0.005010187255538449,0.0050511494442693206
nav-standard,working_p3,2026-10-02 new working P3,65,0.64,0.65,y,2.812427769755586,3.016228913869501,0.20380114411391492,2.812427769755586,3.0123539297714097,0.19992616001582375,0.01635634348425622,0.01637597797448498,0.012484017114458663,0.012498720620614634
nav-standard,working_p3,2026-10-02 new working P3,66,0.65,0.66,x,2.7052666291161276,2.910503959498554,0.2052373303824262,2.7052669166251766,2.9053071039274263,0.2000401873022497,0.010209897041621192,0.0102711344251043,0.005010689029080076,0.005053705604102898
nav-standard,working_p3,2026-10-02 new working P3,66,0.65,0.66,y,2.8084429021720854,3.0123537871015276,0.2039108849294422,2.8084429021720854,3.0083665772973043,0.1999236751252189,0.01646797984582126,0.01648818399138463,0.01248346824098704,0.012498671865958322
nav-standard,working_p3,2026-10-02 new working P3,67,0.66,0.67,x,2.700029543116507,2.905307530085133,0.2052779869686261,2.7000298339251434,2.900072065974677,0.20004223204953364,0.010249102525107847,0.010313094480948859,0.005011208440239656,0.005056351498287537
nav-standard,working_p3,2026-10-02 new working P3,67,0.66,0.67,y,2.8043446646180157,3.008366432526825,0.20402176790880944,2.8043446646180157,3.0042658092286323,0.1999211446106166,0.016580795772542362,0.016601576408188823,0.012482910544453812,0.01249862232163279
nav-standard,working_p3,2026-10-02 new working P3,68,0.67,0.68,x,2.6947555337500075,2.900072499862271,0.20531696611226335,2.6947558278088253,2.8948001833647616,0.20004435555593636,0.010286571252444398,0.010353402699254666,0.0050117458284999715,0.005059088842630288
nav-standard,working_p3,2026-10-02 new working P3,68,0.67,0.68,y,2.8001318924653398,3.0042656623913073,0.20413376992596755,2.8001318924653398,3.000050461392714,0.19991856892737436,0.016694767829880684,0.01671613163383201,0.012482344141765089,0.012498571998096786
nav-standard,working_p3,2026-10-02 new working P3,69,0.68,0.69,x,2.6894463747957458,2.894800625010907,0.2053542502151613,2.689446672054754,2.889493231636086,0.20004655958133233,0.010322284205597342,0.010392041420512754,0.005012301533305227,0.005061919352543853
nav-standard,working_p3,2026-10-02 new working P3,69,0.68,0.69,y,2.795803444906086,3.0000503125237374,0.20424686761765143,2.795803444906086,2.995719393473385,0.19991594856729877,0.016809872316043785,0.01683182580411824,0.012481769156102825,0.012498520906379262
nav-standard,working_p3,2026-10-02 new working P3,70,0.69,0.7,x,2.6841038590820423,2.889493681068704,0.20538982198666167,2.6841041594906696,2.884153005381544,0.20004884589087446,0.010356222668118562,0.010428993282187271,0.005012875893944497,0.0050648447424639365
nav-standard,working_p3,2026-10-02 new working P3,70,0.69,0.7,y,2.7913582052221497,2.995719242609409,0.20436103738725908,2.7913582052221497,2.991271489281056,0.19991328405890618,0.016926085265633318,0.016948634785349803,0.012481185716956214,0.012498469058086492
nav-standard,working_p3,2026-10-02 new working P3,71,0.7,0.71,x,2.6787297981813474,2.884153462627783,0.20542366444643578,2.6787301016884513,2.8787813179427895,0.2000512162543382,0.010388368228483718,0.010464241221563864,0.005013469249434604,0.005067866725260384
nav-standard,working_p3,2026-10-02 new working P3,71,0.7,0.71,y,2.7867950810514346,2.991271336460191,0.20447625540875647,2.7867950810514346,2.986705657019093,0.1999105759676585,0.017043382453333856,0.017066534178001636,0.012480593960151757,0.012498416465401618
nav-standard,working_p3,2026-10-02 new working P3,72,0.71,0.72,x,2.6733260221017483,2.8787817830290185,0.20545576092727025,2.6733263286556213,2.8733800011011223,0.2000536724455011,0.010418702783387718,0.010497768478561653,0.00501408193840314,0.005070987011654093
nav-standard,working_p3,2026-10-02 new working P3,72,0.71,0.72,y,2.7821130046503115,2.9867055022809104,0.20459249763059884,2.7821130046503115,2.982020829546487,0.19990782489617542,0.017161739397642116,0.01718549932043789,0.012479994027881431,0.012498363141088209
nav-standard,working_p3,2026-10-02 new working P3,73,0.72,0.73,x,2.667894378975114,2.873380474052899,0.20548609507778526,2.6678946885234907,2.8679509047649736,0.20005621624148295,0.010447208540994601,0.010529558598487032,0.0050147142989696546,0.005074207309620604
nav-standard,working_p3,2026-10-02 new working P3,73,0.72,0.73,y,2.7773109331523043,2.98202067293203,0.20470973977972573,2.7773109331523043,2.977215964636785,0.19990503148448058,0.017281131364636788,0.017305505292674717,0.012479386068730032,0.012498309098497362
nav-standard,working_p3,2026-10-02 new working P3,74,0.73,0.74,x,2.6624367347419153,2.867951385607031,0.20551465086511556,2.66243704723198,2.862495896654081,0.2000588494221014,0.010473868024143827,0.010559595434753266,0.005015366668627048,0.005077529323799901
nav-standard,working_p3,2026-10-02 new working P3,74,0.73,0.74,y,2.772387848823031,2.9772158061885663,0.20482795736553516,2.772387848823031,2.972290045233217,0.1999021964101857,0.017401533371786418,0.017426526920168328,0.012478770237699785,0.012498254351561489
nav-standard,working_p3,2026-10-02 new working P3,75,0.74,0.75,x,2.656954972832772,2.8624963854103114,0.20554141257753944,2.6569552882111664,2.8570168619803837,0.2000615737692173,0.010498664073510768,0.01058786315154503,0.005016039384122026,0.0050809547548964495
nav-standard,working_p3,2026-10-02 new working P3,75,0.74,0.75,y,2.767342759311295,2.9722898849952246,0.2049471256839297,2.767342759311295,2.967242079699997,0.19989932038870206,0.017522920191797988,0.017548538777661715,0.01247814669623459,0.01249819891480275
nav-standard,working_p3,2026-10-02 new working P3,76,0.75,0.76,x,2.651450993846752,2.8570173586738066,0.20556636482705448,2.6514513120595833,2.8515157031256564,0.2000643910660731,0.010521579850722561,0.010614346226434535,0.005016732781335462,0.005084485299078345
nav-standard,working_p3,2026-10-02 new working P3,76,0.75,0.76,y,2.762174697896323,2.9672419177176983,0.20506721982137543,2.762174697896323,2.9620711020697517,0.1998964041734288,0.017645266356502303,0.017671515193061538,0.01247751561224156,0.012498142803333057
nav-standard,working_p3,2026-10-02 new working P3,77,0.76,0.77,x,2.645926715226504,2.851516207778415,0.20558949255191106,2.645927036219351,2.845994339315987,0.200067303096636,0.01054259884142653,0.010639029452962578,0.0050174471951613744,0.0050881226473764585
nav-standard,working_p3,2026-10-02 new working P3,77,0.76,0.77,y,2.756882723731105,2.9620709383900943,0.2051882146589894,2.756882723731105,2.9567761722870345,0.1998934485559296,0.017768546160778418,0.017795430251357214,0.0124768771601118,0.012498086032858957
nav-standard,working_p3,2026-10-02 new working P3,78,0.77,0.78,x,2.6403840709302293,2.8459948519493152,0.20561078101908592,2.640384394648151,2.840454706293072,0.20007031164492073,0.010561704858313306,0.010661897943154308,0.005018182959386209,0.005091868485073814
nav-standard,working_p3,2026-10-02 new working P3,78,0.77,0.78,y,2.7514659220817905,2.956776006958449,0.20531008487665847,2.7514659220817905,2.951356376447892,0.19989045436610153,0.017892733666514827,0.01792025779857509,0.012476231520739041,0.012498028619678081
nav-standard,working_p3,2026-10-02 new working P3,79,0.78,0.79,x,2.6348250111005678,2.8404552269272836,0.2056302158267158,2.6348253374881114,2.8348987559824406,0.20007341849432914,0.010578882044092703,0.010682937130006565,0.005018940406567338,0.005095724491107401
nav-standard,working_p3,2026-10-02 new working P3,79,0.78,0.79,y,2.745923404563104,2.951356209520295,0.20543280495719118,2.745923404563104,2.9458108270354386,0.19988742247233482,0.01801780270660732,0.018045971445777464,0.012475578881536543,0.012497970580683582
nav-standard,working_p3,2026-10-02 new working P3,80,0.79,0.8,x,2.6292515017304328,2.8348992846369057,0.2056477829064729,2.6292518307316413,2.82932845615861,0.20007662542696858,0.010594114874422123,0.010702132769911277,0.005019719867910952,0.005099692337451334
nav-standard,working_p3,2026-10-02 new working P3,80,0.79,0.8,y,2.7402543093697376,2.9458106585602364,0.2055563491904988,2.7402543093697376,2.94013866315141,0.19988435378167235,0.018143726888999484,0.01817254457427131,0.012474919436458676,0.012497911934542305
nav-standard,working_p3,2026-10-02 new working P3,81,0.8,0.81,x,2.623665456396593,2.8293289951742793,0.2056635387776864,2.6236657870535605,2.8237457695541432,0.2000799825005828,0.010607455459054577,0.01071978701108911,0.005020533744964853,0.00510382325587333
nav-standard,working_p3,2026-10-02 new working P3,81,0.8,0.81,y,2.7344578540357305,2.940138495736968,0.20568064170123757,2.7344578540357305,2.9343390755752923,0.19988122153956178,0.018270436503597658,0.018299947273110018,0.01247426504985153,0.012497853586662888
nav-standard,working_p3,2026-10-02 new working P3,82,0.81,0.82,x,2.61806879976877,2.823746321099277,0.20567752133050687,2.61806913291748,2.8181526718592576,0.20008353894177766,0.010618903873826758,0.01073595250872339,0.005021390635111219,0.00510815298417322
nav-standard,working_p3,2026-10-02 new working P3,82,0.81,0.82,y,2.7285332939830274,2.93433890785518,0.20580561387215246,2.7285332939830274,2.9284112782837304,0.19987798430070303,0.018397897990456533,0.018428151954696936,0.012473609462662018,0.01249779505589288
nav-standard,working_p3,2026-10-02 new working P3,83,0.82,0.83,x,2.6124635410315187,2.8181532350944654,0.20568969406294668,2.612463876614935,2.81255117343935,0.20008729682441517,0.01062838495271126,0.0107503262372588,0.0050222870361405275,0.005112667642211743
nav-standard,working_p3,2026-10-02 new working P3,83,0.82,0.83,y,2.7224798594822732,2.9284111063052096,0.2059312468229364,2.7224798594822732,2.9223544876998946,0.19987462821762136,0.01852612074552602,0.018557133968109873,0.012472934624038834,0.0124977350509341
nav-standard,working_p3,2026-10-02 new working P3,84,0.83,0.84,x,2.606851700253264,2.8125517485281923,0.20570004827492827,2.6068520382138813,2.806943300125957,0.2000912619120756,0.010635885251278556,0.010762898281821975,0.005023223948337371,0.005117371664093984
nav-standard,working_p3,2026-10-02 new working P3,84,0.83,0.84,y,2.7162967975288903,2.9223543115065453,0.20605751397765504,2.7162967975288903,2.9161679516970267,0.1998711541681364,0.018655077573331555,0.018686865841748723,0.01247224069082423,0.012497673613975024
nav-standard,working_p3,2026-10-02 new working P3,85,0.84,0.85,x,2.6012353115893783,2.8069438872321175,0.20570857564273926,2.601235651869232,2.8013310918654457,0.20009543999621382,0.010641391675190745,0.01077365907497363,0.005024202375402937,0.005122269496828036
nav-standard,working_p3,2026-10-02 new working P3,85,0.84,0.85,y,2.7099833826553286,2.9161677713370038,0.2061843886816752,2.7099833826553286,2.9098509458171065,0.1998675631617779,0.018784741091504353,0.018817319697337798,0.012471527842713296,0.012497610591271968
nav-standard,working_p3,2026-10-02 new working P3,86,0.85,0.86,x,2.5956164229332668,2.8013316911526585,0.20571526821939168,2.5956167654739395,2.7957166023677122,0.20009983689377275,0.010644891482540947,0.010782599397578085,0.0050252233240542675,0.005127365598536215
nav-standard,working_p3,2026-10-02 new working P3,86,0.85,0.86,y,2.7035389171363553,2.909850761343171,0.20631184420681592,2.7035389171363553,2.9034027734770724,0.19986385634071713,0.01891508373654316,0.018948467617778242,0.012470796283815061,0.012497545996748904
nav-standard,working_p3,2026-10-02 new working P3,87,0.86,0.87,x,2.5899970955647724,2.795717213999671,0.20572011843489868,2.5899974403074033,2.7901018987521535,0.20010445844475022,0.010646372286118736,0.010789710379618622,0.005026287803599266,0.005132664436662715
nav-standard,working_p3,2026-10-02 new working P3,87,0.86,0.87,y,2.6969627311631394,2.903402584954552,0.20643985379141272,2.6969627311631394,2.896822766178698,0.1998600350155586,0.0190460777594138,0.019080281487313222,0.01247004623401767,0.012497479847886073
nav-standard,working_p3,2026-10-02 new working P3,88,0.87,0.88,x,2.584378574738531,2.790103450201871,0.20572487546334006,2.584379750681231,2.784489061190995,0.200109310509764,0.01064748452376782,0.01079521963475294,0.005027396825523972,0.0051381704861821476
nav-standard,working_p3,2026-10-02 new working P3,88,0.87,0.88,y,2.6902541828836126,2.8968225737968583,0.20656839091324564,2.6902541828836126,2.8901102838175907,0.1998561009339781,0.019177695605641275,0.019212733091563905,0.012469278304812795,0.012497412261441188
nav-standard,working_p3,2026-10-02 new working P3,89,0.88,0.89,x,2.5787635617615132,2.7844916716485852,0.20572810988707202,2.5787657835824223,2.778880182550024,0.20011439896760175,0.010646979759257028,0.010800704361691338,0.00502855140306911,0.00514388822781342
nav-standard,working_p3,2026-10-02 new working P3,89,0.88,0.89,y,2.6834126591936993,2.8901100875194157,0.20669742832571636,2.6834126591936993,2.883264714506266,0.1998520553125669,0.019309908974931737,0.019345793935852118,0.012468492554617558,0.012497343267427574
nav-standard,working_p3,2026-10-02 new working P3,90,0.89,0.9,x,2.5731543645163293,2.778883858344459,0.20572949382812977,2.5731576383140102,2.7732773680267466,0.2001197297127364,0.010644433303448934,0.010804347542370252,0.005029752550818179,0.005149822146096383
nav-standard,working_p3,2026-10-02 new working P3,90,0.89,0.9,y,2.676437575318326,2.8832645143594657,0.2068269390411399,2.676437575318326,2.8762854751340905,0.19984789981576467,0.01944268943238296,0.019479435331465567,0.012467689095652695,0.012497272890999334
nav-standard,working_p3,2026-10-02 new working P3,91,0.9,0.91,x,2.567553094441658,2.7732821153045077,0.20572902086284994,2.5675574261332206,2.7676827347860735,0.20012530865285294,0.010639833847289958,0.01080614136049629,0.005031001284262365,0.005155976727602152
nav-standard,working_p3,2026-10-02 new working P3,91,0.9,0.91,y,2.6693283751740573,2.8762852712148814,0.20695689604082412,2.6693283751740573,2.869172011435603,0.19984363626154567,0.01957600855496567,0.019613628303892128,0.012466868236060486,0.01249720105627583
nav-standard,working_p3,2026-10-02 new working P3,92,0.91,0.92,x,2.5619618745673036,2.76768855950983,0.20572668494252655,2.5619672698871936,2.762098411593531,0.2001311417063376,0.01063317044457776,0.010806078349728132,0.005032298619377559,0.005162356459087469
nav-standard,working_p3,2026-10-02 new working P3,92,0.91,0.92,y,2.662084531561633,2.869171803824952,0.20708727226331902,2.662084531561633,2.8619237981668753,0.1998392666052422,0.019709837757268745,0.019748343831673232,0.012466030301255423,0.012497127820755072
nav-standard,working_p3,2026-10-02 new working P3,93,0.92,0.93,x,2.5563828391475174,2.7621053195408667,0.20572248039334928,2.5563893036463354,2.7565265384460984,0.20013723479976298,0.01062443251396449,0.010804151394194772,0.005033645572189903,0.005168965825643301
nav-standard,working_p3,2026-10-02 new working P3,93,0.92,0.93,y,2.6547055463409954,2.861923586950527,0.20721804060953142,2.6547055463409954,2.854540339281202,0.19983479294020645,0.019844148297868076,0.019883552726893683,0.012465175635868433,0.01249705325132977
nav-standard,working_p3,2026-10-02 new working P3,94,0.93,0.94,x,2.550818133291978,2.7565345352082398,0.20571640191626184,2.55082567233532,2.7509692662006744,0.2001435938653544,0.010613609840927334,0.010800353728943168,0.005035043158360086,0.005175809308820778
nav-standard,working_p3,2026-10-02 new working P3,94,0.93,0.94,y,2.6471909506018694,2.8545401245496964,0.20734917394782704,2.6471909506018694,2.8470211681002975,0.1998302174984281,0.019978911285531,0.02001922559587932,0.012464304605497049,0.012496977380484164
nav-standard,working_p3,2026-10-02 new working P3,95,0.94,0.95,x,2.545269912594504,2.7509783571812703,0.20570844458676607,2.5452785313618334,2.745428756200279,0.20015022483844547,0.01060069257965383,0.010794678940347247,0.005036492392734559,0.005182891384764687
nav-standard,working_p3,2026-10-02 new working P3,95,0.94,0.95,y,2.639540304829874,2.8470209499489885,0.20748064511911446,2.639540304829874,2.839365847480979,0.19982554265110508,0.020114097684388436,0.02015533287992044,0.012463417597394296,0.012496900242486397
nav-standard,working_p3,2026-10-02 new working P3,96,0.95,0.96,x,2.539740342759534,2.7454389466141866,0.20569860385465244,2.539750046243074,2.7399071798979975,0.2001571336549235,0.010585671254893438,0.010787120966442298,0.0050379942889153765,0.005190216522327429
nav-standard,working_p3,2026-10-02 new working P3,96,0.95,0.96,y,2.6317531990681244,2.83936562601005,0.2076124269419255,2.6317531990681244,2.831573969977306,0.1998207709091817,0.020249678318524658,0.020291844859834818,0.01246251502054638,0.01249682187339296
nav-standard,working_p3,2026-10-02 new working P3,97,0.96,0.97,x,2.5342315992264375,2.739918474770105,0.20568687554366738,2.5342423922300954,2.7344067184787475,0.2001643262486521,0.01056853676374773,0.010777674097206535,0.005039549858821322,0.005197789181174972
nav-standard,working_p3,2026-10-02 new working P3,97,0.96,0.97,y,2.6238292530742973,2.831573745291787,0.2077444922174898,2.6238292530742973,2.823645157998149,0.19981590492385193,0.020385623876597987,0.02042873166056758,0.012461597305754094,0.01249674231105713
nav-standard,working_p3,2026-10-02 new working P3,98,0.97,0.98,x,2.528745866791704,2.7344191226428194,0.2056732558511154,2.5287577539300186,2.728929562478914,0.2001718085488955,0.010549280377409336,0.010766332974801784,0.005041160112251037,0.0052056138099034754
nav-standard,working_p3,2026-10-02 new working P3,98,0.97,0.98,y,2.6157681164731525,2.823644930207928,0.2078768137347753,2.6157681164731525,2.8155790639601586,0.199810947487006,0.020521904916479226,0.020565963255805286,0.012460664905704194,0.012496661595131187
nav-standard,working_p3,2026-10-02 new working P3,99,0.98,0.99,x,2.523285339229075,2.7289430805764696,0.20565774134739456,2.523298324926194,2.7234779114039123,0.20017958647771827,0.010527893742848318,0.010753092593720037,0.005042826056446794,0.005213694844113714
nav-standard,working_p3,2026-10-02 new working P3,99,0.98,0.99,y,2.607569468904454,2.815578833179999,0.20800936427554495,2.607569468904454,2.807375370436111,0.1998059015316569,0.02065849186991416,0.020703509472625115,0.012459718295038502,0.012496579767072635
nav-standard,working_p3,2026-10-02 new working P3,100,0.99,1.0,x,2.517852218907647,2.723492547883119,0.20564032897547202,2.517866307396327,2.7180539733437152,0.20018766594738802,0.010504368884431256,0.010737948300914457,0.005044548695644736,0.00522203670452237
nav-standard,working_p3,2026-10-02 new working P3,100,0.99,1.0,y,2.599233020166288,2.8073751367856583,0.2081421166193702,2.599233020166288,2.7990337902985987,0.19980077013231057,0.020795355047205602,0.020841339996167108,0.012458757970416437,0.012496496870148643
nav-standard,working_p3,2026-10-02 new working P3,101,1.0,1.01,x,2.5124486741596055,2.718069545060583,0.2056208709009777,2.51246339790106,2.7126597771886902,0.20019637928763023,0.010478360197065509,0.010719453873143436,0.005046403501178548,0.005230958363779958
nav-standard,working_p3,2026-10-02 new working P3,101,1.0,1.01,y,2.5907587828823657,2.7990335658281773,0.2082747829458116,2.5907587828823657,2.790554209441602,0.19979542655923632,0.020932249534144076,0.020979398101494517,0.012457832068652037,0.012496420292708255
nav-standard,working_p3,2026-10-02 new working P3,102,1.01,1.02,x,2.5070754751276327,2.7126765001952213,0.2056010250675886,2.507091294224958,2.7072973445856907,0.20020605036073258,0.010451551463424283,0.010704804184289873,0.005048441482232651,0.005240674964133163
nav-standard,working_p3,2026-10-02 new working P3,102,1.01,1.02,y,2.5821468381995545,2.790553987242755,0.20840714904320068,2.5821468381995545,2.78193652325985,0.1997896850602956,0.021069121849270445,0.021117650061312165,0.01245691347877335,0.012496346390449276
nav-standard,working_p3,2026-10-02 new working P3,103,1.02,1.03,x,2.501735287133322,2.707315216577873,0.20557992944455084,2.5017522052070924,2.7019688874724204,0.20021668226532796,0.010422709630247943,0.010688774815903912,0.005050639145007687,0.005251087982248492
nav-standard,working_p3,2026-10-02 new working P3,103,1.02,1.03,y,2.573397022570356,2.781936284567982,0.20853926199762585,2.573397022570356,2.7731805140760666,0.1997834915057104,0.02120613084491931,0.021256088177137755,0.012455926470181936,0.012496264283270886
nav-standard,working_p3,2026-10-02 new working P3,104,1.03,1.04,x,2.496430310595228,2.7019879128685518,0.20555760227332387,2.4964483310776515,2.69667663170749,0.20022830062983843,0.010391831341808346,0.010671375524851534,0.0050530005104084605,0.005262214462543824
nav-standard,working_p3,2026-10-02 new working P3,104,1.03,1.04,y,2.5645091591266,2.7731802591773413,0.2086711000507413,2.5645091591266,2.764286013761644,0.19977685463504402,0.021343247582593167,0.021394681772317625,0.012454872174288091,0.012496174096520374
nav-standard,working_p3,2026-10-02 new working P3,105,1.04,1.05,x,2.4911627525452955,2.6966968147312533,0.20553406218595782,2.4911818786793885,2.6914228097666633,0.2002409310872748,0.010358913619918636,0.010652616499614354,0.0050555295986298935,0.005274071551914616
nav-standard,working_p3,2026-10-02 new working P3,105,1.04,1.05,y,2.5554831010252417,2.764285742964139,0.20880264193889753,2.5554831010252417,2.7552528848265814,0.1997697838013397,0.02148044309514675,0.021533400061164887,0.012453751811281822,0.012496075966219156
nav-standard,working_p3,2026-10-02 new working P3,106,1.05,1.06,x,2.4859348262503875,2.6914441544458723,0.20550932819548473,2.4859550610891716,2.686209660353088,0.20025459926391642,0.01032395386330612,0.010632508205028923,0.005058230426847625,0.005286676343000174
nav-standard,working_p3,2026-10-02 new working P3,106,1.05,1.06,y,2.546318731560619,2.755252598460365,0.2089338668997458,2.546318731560619,2.746081020533647,0.19976228897302795,0.02161768839155403,0.021672212153796444,0.012452566690322926,0.012495970039107185
nav-standard,working_p3,2026-10-02 new working P3,107,1.06,1.07,x,2.4807487508322517,2.686232170518444,0.20548341968619255,2.4807700972379814,2.681039428005904,0.20026933076792242,0.010286949847381256,0.010611061425226165,0.005061107007357577,0.0053000459156957724
nav-standard,working_p3,2026-10-02 new working P3,107,1.06,1.07,y,2.537015964272158,2.746080718950846,0.20906475467868813,2.537015964272158,2.736770345007811,0.19975438073565321,0.021754954461838897,0.021811087060966905,0.012451318209874166,0.01249585647267315
nav-standard,working_p3,2026-10-02 new working P3,108,1.07,1.08,x,2.4756067508859734,2.6810631072897926,0.2054563564038192,2.475629211529386,2.6759143627073083,0.20028515117792223,0.010247899725110348,0.010588287257998985,0.005064163346872834,0.005314197330130721
nav-standard,working_p3,2026-10-02 new working P3,108,1.07,1.08,y,2.5275747430475195,2.7367700285826837,0.2091952855351642,2.5275747430475195,2.727320813340943,0.19974607029342328,0.0218922122817705,0.021949993698951786,0.012450007857778911,0.012495735435202437
nav-standard,working_p3,2026-10-02 new working P3,109,1.08,1.09,x,2.4705110560969805,2.675939214542739,0.20542815844575868,2.4705346334565776,2.670836719488249,0.20030208603167132,0.010206802024734753,0.010564197109106388,0.005067403442720625,0.005329147619625552
nav-standard,working_p3,2026-10-02 new working P3,109,1.08,1.09,y,2.5179950422211386,2.7273204826880555,0.20932544046691692,2.5179950422211386,2.71773241169173,0.19973736947059129,0.02202943331712249,0.022088903511443547,0.012448637211759477,0.012495607105792228
nav-standard,working_p3,2026-10-02 new working P3,110,1.09,1.1,x,2.4654639008545023,2.6708627471087443,0.20539884625424198,2.465488597215853,2.6658087580335934,0.2003201608177405,0.010163655654653075,0.010538802686500759,0.005070831286256206,0.005344913783621674
nav-standard,working_p3,2026-10-02 new working P3,110,1.09,1.1,y,2.508276863146896,2.717732072209326,0.20945520906242976,2.508276866668179,2.708005157380819,0.1997282907126401,0.022166595112943818,0.022227790504515177,0.012447207940757076,0.012495471674395908
nav-standard,working_p3,2026-10-02 new working P3,111,1.1,1.11,x,2.460467523868886,2.6658359644697947,0.20536844060090864,2.4604933413239616,2.660832742282608,0.20033940095864633,0.010118459898096843,0.010512115994504523,0.0050744508561243185,0.005361512780595934
nav-standard,working_p3,2026-10-02 new working P3,111,1.1,1.11,y,2.498420243251694,2.7080048095245193,0.20958456627282507,2.4984202518938488,2.6981390989811453,0.1997188470872966,0.022303663877164485,0.022366615488583097,0.012445721801710564,0.012495329341839945
nav-standard,working_p3,2026-10-02 new working P3,112,1.11,1.12,x,2.4555241677845228,2.6608611303622154,0.20533696257769263,2.4555511082310546,2.655910940031415,0.20035983180036032,0.010071214412643687,0.010484149343297666,0.005078266116412638,0.005378961536335769
nav-standard,working_p3,2026-10-02 new working P3,112,1.11,1.12,y,2.4884252503413125,2.6981387432280997,0.2097134928867872,2.48842526411808,2.688134316403448,0.19970905228536795,0.02244060863647441,0.022505347049310398,0.01244418064303109,0.012495180319852306
nav-standard,working_p3,2026-10-02 new working P3,113,1.12,1.13,x,2.4506360787906396,2.6559405123781783,0.2053044335875387,2.4506641439315078,2.651045622533202,0.20038147860169442,0.010021919230694867,0.010454915325251779,0.005082281015823866,0.005397276919098637
nav-standard,working_p3,2026-10-02 new working P3,113,1.12,1.13,y,2.4782919814312034,2.6881339532523585,0.20984197182115505,2.478292000355545,2.6779909209769337,0.1996989206213886,0.022577400026802356,0.022643953702430775,0.012442586404498537,0.012495024831074897
nav-standard,working_p3,2026-10-02 new working P3,114,1.13,1.14,x,2.4458055062318196,2.651076381565872,0.20527087533405242,2.4458346975744663,2.6462390640971525,0.20040436652268623,0.009970574757917345,0.010424426800132114,0.005086499484867619,0.005416475723688308
nav-standard,working_p3,2026-10-02 new working P3,114,1.13,1.14,y,2.4680205644069084,2.6779905509480835,0.20996998654117505,2.4680205884910023,2.667709055525092,0.1996884670340897,0.022714009024268993,0.022782403898713,0.012440941115253554,0.012494863109085319
nav-standard,working_p3,2026-10-02 new working P3,115,1.14,1.15,x,2.4410347022173893,2.6462710120284654,0.2052363098110761,2.4410650210732596,2.6414935416862217,0.20042852061296212,0.009917181774460227,0.010392696900142884,0.0050909254358811286,0.005436574675414807
nav-standard,working_p3,2026-10-02 new working P3,115,1.14,1.15,y,2.4576111580947098,2.6677086791603632,0.2100975210656535,2.457611187349948,2.6572888944366357,0.19967770708668775,0.022850406658475503,0.02292066602893117,0.012439246913155608,0.012494695398406641
nav-standard,working_p3,2026-10-02 new working P3,116,1.15,1.16,x,2.436325921229725,2.6415266805219066,0.20520075929218162,2.4363573687137374,2.6368113345138116,0.20045396580007413,0.009861741433611326,0.010359739023810377,0.0050955627605457614,0.005457590422938363
nav-standard,working_p3,2026-10-02 new working P3,116,1.15,1.16,y,2.4470639523275795,2.6572885122995187,0.21022455997193923,2.4470639867645665,2.646730643731549,0.19966665696698271,0.022986563969061062,0.023058708428846497,0.012437506012154338,0.012494521954517612
nav-standard,working_p3,2026-10-02 new working P3,117,1.16,1.17,x,2.4316814197319445,2.6368456660516313,0.20516424631968677,2.431713996761987,2.6321947236394068,0.2004807268774198,0.009804255260923137,0.01032556682979413,0.005100415327928084,0.0054795395310844874
nav-standard,working_p3,2026-10-02 new working P3,117,1.16,1.17,y,2.436379168006363,2.646730256407152,0.2103510884007891,2.4363792076349133,2.6360345411222403,0.199655333487327,0.023122452005198454,0.02319649938421975,0.012435720697014773,0.012494343043874423
nav-standard,working_p3,2026-10-02 new working P3,118,1.17,1.18,x,2.4271034557730045,2.6322302494682237,0.20512679369521924,2.4271371630694576,2.627645991563224,0.2005088284937666,0.009744725153209666,0.0102901942306457,0.005105486982447368,0.005502438473651505
nav-standard,working_p3,2026-10-02 new working P3,118,1.17,1.18,y,2.4255570571564014,2.6360341492172847,0.2104770920608834,2.425557101985536,2.625200856069769,0.19964375408423285,0.023258041887849256,0.02333400713577216,0.012433893380788503,0.01249415894386896
nav-standard,working_p3,2026-10-02 new working P3,119,1.18,1.19,x,2.4225942885943175,2.6276827130620957,0.2050884244677782,2.422629126679608,2.6231674218199372,0.2005382951403294,0.009683153379017349,0.010253635386519022,0.005110781543373048,0.0055263036262127585
nav-standard,working_p3,2026-10-02 new working P3,119,1.18,1.19,y,2.414597902979157,2.625200460212577,0.21060255723342003,2.414597953017103,2.6142298898351393,0.19963193681803615,0.023393304758803045,0.02347119988424673,0.01243202654905545,0.012493969942873218
nav-standard,working_p3,2026-10-02 new working P3,120,1.19,1.2,x,2.418156178233886,2.6232053401572357,0.20504916192334965,2.4181921474320656,2.618761298571526,0.20056915113946028,0.009619542576038507,0.01021590464669142,0.00511630280132051,0.005551151206778293
nav-standard,working_p3,2026-10-02 new working P3,120,1.19,1.2,y,2.403502019899241,2.6142294906756356,0.21072747077639464,2.403502075153429,2.6031219755256743,0.19961990037224542,0.023528211822908533,0.02360804579542286,0.012430122797345249,0.012493776340223306
nav-standard,working_p3,2026-10-02 new working P3,121,1.2,1.21,x,2.413790841416454,2.6187979842031734,0.2050071427867195,2.4138218936620293,2.6144274756984043,0.20060558203637502,0.009549573817666468,0.010160012937083351,0.0051229464401314284,0.005579760374438969
nav-standard,working_p3,2026-10-02 new working P3,121,1.2,1.21,y,2.3922719045221976,2.603121658279644,0.2108497537574463,2.3922719408353603,2.5918786010386174,0.19960666020325712,0.02366101117527538,0.023744305374516994,0.012428532914293175,0.012493627080533365
nav-standard,working_p3,2026-10-02 new working P3,122,1.21,1.22,x,2.409481995399137,2.6144657039242767,0.2049837085251398,2.409514035147041,2.6101656372628015,0.2006516021157605,0.009494607482353892,0.010166534225791946,0.005131299875978034,0.005613939879424379
nav-standard,working_p3,2026-10-02 new working P3,122,1.21,1.22,y,2.3809102457840052,2.5918783197789175,0.21096807399491224,2.3809102861877696,2.580501085270333,0.19959079908256339,0.0237916412384059,0.023879940367002916,0.012427066436984107,0.012493492722362998
nav-standard,working_p3,2026-10-02 new working P3,123,1.22,1.23,x,2.4052377106386937,2.6102053246088732,0.20496761397017949,2.4052707381602243,2.605977854571412,0.20070711641118777,0.009439027248589313,0.010176438001049615,0.005141059656211876,0.005652758000679103
nav-standard,working_p3,2026-10-02 new working P3,123,1.22,1.23,y,2.369417662759911,2.5805006882274943,0.2110830254675835,2.369417707259257,2.568989631424704,0.199571924165447,0.023921533677466328,0.02401509430561921,0.012425147497970452,0.012493297579363905
nav-standard,working_p3,2026-10-02 new working P3,124,1.23,1.24,x,2.4010599454616584,2.6060190089258697,0.20495906346421133,2.401093960888381,2.60186629007744,0.2007723291890593,0.009382862007606718,0.01018982568449145,0.005152255038020659,0.005696317775945925
nav-standard,working_p3,2026-10-02 new working P3,124,1.23,1.24,y,2.357794426622577,2.568989122804741,0.2111946961821638,2.3577944752219833,2.5573446274801594,0.19955015225817618,0.02405067579665543,0.02414973793283348,0.012422789213537358,0.012493043865453135
nav-standard,working_p3,2026-10-02 new working P3,125,1.24,1.25,x,2.3969506583375573,2.6019089191058886,0.20495826076833135,2.3969856616610876,2.5978331054436605,0.2008474437825729,0.009326140854202311,0.010206775357748388,0.00516491517916984,0.005744698820327354
nav-standard,working_p3,2026-10-02 new working P3,125,1.24,1.25,y,2.3460408327838604,2.5573440116745765,0.21130317889071604,2.346040885487302,2.5455664904233184,0.19952560493601634,0.02417905555918611,0.02428384206743317,0.012420005389597755,0.012492733892169205
nav-standard,working_p3,2026-10-02 new working P3,126,1.25,1.26,x,2.39291180761914,2.5978772165858834,0.20496540896674365,2.3929477986909444,2.5938804611865334,0.20093266249558894,0.009268893115889616,0.010227375508201852,0.005179069166695534,0.0057979910718937155
nav-standard,working_p3,2026-10-02 new working P3,126,1.25,1.26,y,2.3341572009171863,2.545565772009061,0.21140857109187472,2.3341572577281355,2.5336556662684813,0.19949840854034573,0.02430666153282956,0.02441737760934659,0.012416810450717533,0.012492370068639236
nav-standard,working_p3,2026-10-02 new working P3,127,1.26,1.27,x,2.388945351285462,2.5939260616526982,0.20498071036723609,2.38898232981667,2.590010516319313,0.2010281865026431,0.009211148202736604,0.010251714644887056,0.0051947458663161965,0.00585628440744923
nav-standard,working_p3,2026-10-02 new working P3,127,1.26,1.27,y,2.3221438749768946,2.5336548500078315,0.21151097503093697,2.3221439358983185,2.521612630072968,0.19946869417464974,0.024433482805821177,0.024550315544427992,0.012413219357610195,0.012491954901500346
nav-standard,working_p3,2026-10-02 new working P3,128,1.27,1.28,x,2.3850532466106853,2.5900576130348334,0.2050043664241481,2.3850912121719205,2.5862254279434067,0.20113421577148616,0.009152935787041442,0.010279881289907422,0.005211974101720333,0.00591966863380744
nav-standard,working_p3,2026-10-02 new working P3,128,1.27,1.28,y,2.31000122321444,2.5216117209133913,0.21161049769895124,2.3100012882488006,2.509437885948299,0.19943659769949829,0.02455950899663116,0.024682626949219966,0.012409247616418798,0.012491490994792631
nav-standard,working_p3,2026-10-02 new working P3,129,1.28,1.29,x,2.3812374499400293,2.586274027695854,0.20503657775582473,2.381276401961255,2.582527351041423,0.20125094908016772,0.009094285555275623,0.010311963926234569,0.005230782406158533,0.005988233435461066
nav-standard,working_p3,2026-10-02 new working P3,129,1.28,1.29,y,2.2977296381919654,2.5094368890222403,0.21170725083027486,2.297729707341218,2.4971319670672147,0.1994022597259968,0.024684730401669262,0.02481428299575983,0.012404911422794485,0.012490981049890326
nav-standard,working_p3,2026-10-02 new working P3,130,1.29,1.3,x,2.3774999163997514,2.582577460329786,0.20507754393003452,2.3775398541701334,2.5789184379722525,0.20137858380211915,0.009035227474650057,0.010348050999200442,0.0052511992886956705,0.006062068375947138
nav-standard,working_p3,2026-10-02 new working P3,130,1.29,1.3,y,2.2853295367927244,2.497130887691868,0.21180135089914343,2.2853296100583185,2.4846954356665494,0.1993658256082309,0.024809137924361117,0.024945254956148855,0.012400227582068024,0.012490427865185616
nav-standard,working_p3,2026-10-02 new working P3,131,1.3,1.31,x,2.3738425996201595,2.5789700630509533,0.2051274634307938,2.373883522287942,2.5754008381606384,0.2015173158726964,0.00897579154329651,0.010388230899099238,0.005273252984115838,0.006141262880323239
nav-standard,working_p3,2026-10-02 new working P3,131,1.3,1.31,y,2.2728013602286,2.484694279343502,0.2118929191149017,2.272801437611477,2.472128883045857,0.19932744543437986,0.024932723033542843,0.025075514206660987,0.012395213468357407,0.012489834335314143
nav-standard,working_p3,2026-10-02 new working P3,132,1.31,1.32,x,2.370267451518396,2.57545398503585,0.20518653351745408,2.3703093580907963,2.571976697738827,0.20166733964803063,0.008916007918881206,0.010432591943747571,0.00529697158129675,0.006225906217610877
nav-standard,working_p3,2026-10-02 new working P3,132,1.31,1.32,y,2.260145559337105,2.4721276554607012,0.2119820961235961,2.2601456408376985,2.459432929561878,0.19928728872417967,0.025055477783076534,0.025205032234400626,0.01238988704075021,0.012489203452917153
nav-standard,working_p3,2026-10-02 new working P3,133,1.32,1.33,x,2.3667764218626792,2.5720313721648265,0.20525495030214724,2.3668193112057976,2.5686481591880765,0.20182884798227896,0.00885590678381683,0.01048122236103266,0.005322382888219811,0.0063160874832282055
nav-standard,working_p3,2026-10-02 new working P3,133,1.32,1.33,y,2.247362636352416,2.4594316365839357,0.21206900023151976,2.247362721970651,2.4466082246189886,0.1992455026483375,0.02517739484940995,0.025333780639959613,0.012384266877426987,0.012488538306404617
nav-standard,working_p3,2026-10-02 new working P3,134,1.33,1.34,x,2.3633714581478924,2.5687043666636127,0.20533290851572028,2.363415328986637,2.565417360980055,0.20200203199341793,0.008795518518132598,0.010534210271434308,0.005349514604675928,0.00641189558140276
nav-standard,working_p3,2026-10-02 new working P3,134,1.33,1.34,y,2.234453105290147,2.4466068723007233,0.2121537670105762,2.2344531950254396,2.433655446655201,0.19920225162976157,0.025298467519234275,0.025461731142694344,0.012378372159879603,0.012487842080333156
nav-standard,working_p3,2026-10-02 new working P3,135,1.34,1.35,x,2.3600545052718775,2.5654751067447656,0.2054206014728881,2.360099356189905,2.5622864372182006,0.20218708102829552,0.008734873504339597,0.010591643670526452,0.005378394127003807,0.006513419207563764
nav-standard,working_p3,2026-10-02 new working P3,135,1.34,1.35,y,2.2214175044907036,2.4336540412317444,0.21223653674104082,2.22141759834196,2.4205753031241475,0.1991577047821873,0.025418689687560288,0.025588855585319426,0.012372222667545556,0.012487118055098723
nav-standard,working_p3,2026-10-02 new working P3,136,1.35,1.36,x,2.356827505259515,2.5623457262490392,0.2055182209895241,2.356873334699188,2.55925751727906,0.202384182579872,0.00867400224137597,0.010653610411470726,0.005409048661945795,0.006620746830737545
nav-standard,working_p3,2026-10-02 new working P3,136,1.35,1.36,y,2.208256396612038,2.4205738510127346,0.21231745440069671,2.2082564945776553,2.407368530472825,0.1991120358951699,0.025538055865281222,0.025715125938467587,0.012365838781926854,0.012486369606588887
nav-standard,working_p3,2026-10-02 new working P3,137,1.36,1.37,x,2.353692396986727,2.5593183542867615,0.2056259573000343,2.3537392032490896,2.556332725453674,0.20259352220458426,0.008612935270665997,0.010720198187478935,0.005441505152655148,0.006733966675911862
nav-standard,working_p3,2026-10-02 new working P3,137,1.36,1.37,y,2.1949703686194453,2.4073670382721803,0.21239666965273507,2.1949704706973105,2.394035894115158,0.1990654234178475,0.02565656115587872,0.02584051430523049,0.01235924145984992,0.012485600205826675
nav-standard,working_p3,2026-10-02 new working P3,138,1.37,1.38,x,2.350651115904454,2.5563951148679562,0.20574399896350215,2.350698897149217,2.5535141805777553,0.20281528342853816,0.008551703209179173,0.010791494514265754,0.00547579031174074,0.0068531667063940205
nav-standard,working_p3,2026-10-02 new working P3,138,1.37,1.38,y,2.181560031772374,2.394034368604794,0.21247433683242,2.181560137959863,2.3805781884013286,0.1990180504414658,0.02577420136707025,0.025964992925661345,0.012352452341666079,0.012484813418559337
nav-standard,working_p3,2026-10-02 new working P3,139,1.38,1.39,x,2.3477055937625946,2.553578126577171,0.2058725328145763,2.3477543480081438,2.5508039957066226,0.20304964769847889,0.008490336695185063,0.01086758660926046,0.0055119305670454635,0.006978434502934228
nav-standard,working_p3,2026-10-02 new working P3,139,1.38,1.39,y,2.168026021608284,2.3805766365409142,0.2125506149326304,2.1680261319022627,2.366996236583033,0.19897010468077037,0.025890972777695465,0.026088534181262446,0.01234549351468952,0.012484012904846242
nav-standard,working_p3,2026-10-02 new working P3,140,1.39,1.4,x,2.344857758333995,2.5508695021823984,0.20601174384840348,2.344907483457411,2.5482042777242713,0.2032967942668602,0.008428866399698457,0.010948561674029467,0.005549952073152175,0.0071098575460664115
nav-standard,working_p3,2026-10-02 new working P3,140,1.39,1.4,y,2.1543689979242484,2.366994665511542,0.2126256675872935,2.154369112321072,2.3532908907743746,0.1989217784533026,0.026006872413928184,0.026211110599422938,0.012338387785960725,0.012483202418589467
nav-standard,working_p3,2026-10-02 new working P3,141,1.4,1.41,x,2.342108578203778,2.548241580353858,0.20613300215008,2.3421267906731518,2.5456873590623506,0.20356056838919878,0.00833869425710042,0.011027827292630299,0.00559181831193112,0.00724623333753982
nav-standard,working_p3,2026-10-02 new working P3,141,1.4,1.41,y,2.1405960634194208,2.3532893780771724,0.21269331465775165,2.140596074515401,2.3394688190306496,0.19887274451524872,0.026115387148539105,0.026330637289701198,0.012331397569330403,0.012482624751417148
nav-standard,working_p3,2026-10-02 new working P3,142,1.41,1.42,x,2.3393619665421492,2.5457275965392183,0.2063656299970691,2.3393806018228167,2.543224329196048,0.20384372737323142,0.008347154256676698,0.011210689442714195,0.005638466833481485,0.0073863116109125215
nav-standard,working_p3,2026-10-02 new working P3,142,1.41,1.42,y,2.1267134658049525,2.33946749254403,0.2127540267390775,2.1267134777474714,2.3255360322062804,0.19882255445880892,0.02621771382916694,0.026447506323592496,0.01232492378641574,0.012482179101795055
nav-standard,working_p3,2026-10-02 new working P3,143,1.42,1.43,x,2.33665126337467,2.5432669610867653,0.20661569771209543,2.3366703214774285,2.5408156919820644,0.20414537050463588,0.008358517088711909,0.01139757346368686,0.005688896970448084,0.007530192686596937
nav-standard,working_p3,2026-10-02 new working P3,143,1.42,1.43,y,2.11272192364859,2.3255344272546306,0.21281250360604043,2.112721936437888,2.311492237702939,0.1987703012650508,0.02631929392207073,0.026563492740568684,0.012317861688055928,0.01248149187128167
nav-standard,working_p3,2026-10-02 new working P3,144,1.43,1.44,x,2.333977288004101,2.540860745422002,0.20688345741790082,2.33399676892606,2.538462518423187,0.20446574949712693,0.008372835839006335,0.011588516955273853,0.005743161037584956,0.007677914296114974
nav-standard,working_p3,2026-10-02 new working P3,144,1.43,1.44,y,2.098621506440495,2.3114903678268344,0.21286886138633943,2.098621520076789,2.2973376287983607,0.19871610872157186,0.026420139278195448,0.02667859601872058,0.012310229945712011,0.012480582778614746
nav-standard,working_p3,2026-10-02 new working P3,145,1.44,1.45,x,2.3313408444839845,2.5385100204331312,0.20716917594914674,2.331360748208558,2.5361658789344554,0.20480513072589757,0.008390163319769623,0.01178355738036263,0.005801311191810462,0.007829514034749074
nav-standard,working_p3,2026-10-02 new working P3,145,1.44,1.45,y,2.084412288462257,2.297335507932727,0.21292321947046977,2.0844123029457413,2.283072406824257,0.19866010387851585,0.026520262072621342,0.026792816204760594,0.012302047547382766,0.012479472084395038
nav-standard,working_p3,2026-10-02 new working P3,146,1.45,1.46,x,2.328742765313565,2.536215856416483,0.2074730911029179,2.3287630918104676,2.5339268432885773,0.20516375147810972,0.008410551548524029,0.011982732161162524,0.0058633995725123275,0.007985029457707515
nav-standard,working_p3,2026-10-02 new working P3,146,1.45,1.46,y,2.0700943487880736,2.283070049298084,0.21297570051001058,2.070094364118919,2.2686967811654712,0.19860241704655213,0.026619675149355353,0.026906153914360242,0.012293334157303184,0.012478180589299726
nav-standard,working_p3,2026-10-02 new working P3,147,1.46,1.47,x,2.3261838696893635,2.5339793230219247,0.20779545333256122,2.326204618914606,2.5317464805613317,0.20554186164672572,0.008434053178992835,0.012186078679022216,0.005929478028977176,0.008144498079936113
nav-standard,working_p3,2026-10-02 new working P3,147,1.46,1.47,y,2.055667771285774,2.268694201701482,0.21302643041570812,2.0556677874641287,2.254210969258773,0.19854318179464414,0.026718391736434376,0.02701861033256936,0.012284109811643002,0.012476729632381556
nav-standard,working_p3,2026-10-02 new working P3,148,1.47,1.48,x,2.323664976761209,2.5318014891982754,0.2081365124370662,2.3236861486570946,2.52962585907698,0.20593971041988546,0.008460720440266838,0.012393634274245002,0.005999598265115155,0.008307957375936148
nav-standard,working_p3,2026-10-02 new working P3,148,1.47,1.48,y,2.04113264461775,2.2542081829730547,0.21307553835530468,2.041132661643738,2.2396151965913034,0.19848253494756518,0.02681642579341658,0.02713018721381477,0.012274395276927565,0.012475141088945652
nav-standard,working_p3,2026-10-02 new working P3,149,1.48,1.49,x,2.321186905607595,2.529683423138716,0.20849651753112086,2.321208500102714,2.5275660463536695,0.2063575462509557,0.008490605865997678,0.012605436245902268,0.006073811974754583,0.008475444779577845
nav-standard,working_p3,2026-10-02 new working P3,149,1.48,1.49,y,2.026489062241755,2.2396122189929155,0.21312315675116045,2.0264890801154785,2.2249096966986843,0.19842061658320587,0.02691379177631268,0.02724088688207349,0.012264211816924471,0.012473437368601736
nav-standard,working_p3,2026-10-02 new working P3,150,1.49,1.5,x,2.318750475211046,2.5276261922261956,0.2088757170151494,2.318772492220274,2.52556810904884,0.20679561682856606,0.008523762391803764,0.01282152185165053,0.006152170554638117,0.008646997683914304
nav-standard,working_p3,2026-10-02 new working P3,150,1.49,1.5,y,2.011737122411578,2.2249065436892224,0.2131694212776445,2.0117371411331146,2.2100947111627702,0.1983575700296556,0.02701050481692637,0.02735071223072838,0.012253581361294114,0.012471641413004164
nav-standard,working_p3,2026-10-02 new working P3,151,1.5,1.51,x,2.3163565044334566,2.5256308629788378,0.20927435854538112,2.3163789438579503,2.523633112904628,0.20725416904667782,0.008560241930844332,0.013041928307542694,0.00623472530467381,0.008822653440994976
nav-standard,working_p3,2026-10-02 new working P3,151,1.5,1.51,y,1.996876928177607,2.210091399035899,0.2132144708582917,1.9968769477470125,2.195170489609055,0.19829354186204262,0.027106580542317616,0.027459666666617366,0.012242526328838769,0.012469776637781926
nav-standard,working_p3,2026-10-02 new working P3,152,1.51,1.52,x,2.3140058119914446,2.5236985009953643,0.20969268900391969,2.31402867371864,2.5217621226932945,0.2077334489746545,0.00860009701601937,0.013266692785912415,0.0063215272836175795,0.00900244935975092
nav-standard,working_p3,2026-10-02 new working P3,152,1.51,1.52,y,1.981908587387256,2.1951670350500025,0.2132584476627466,1.9819086078045616,2.180137289703728,0.19822868189916631,0.02720203527672322,0.027567769305712808,0.012231069837356449,0.0124678821261055
nav-standard,working_p3,2026-10-02 new working P3,153,1.52,1.53,x,2.3116992164316863,2.5218301709005018,0.21013095446881547,2.311722500335295,2.5199562021626347,0.2082337018273397,0.00864337968559888,0.013495852420798649,0.006412627416398006,0.009186422711414899
nav-standard,working_p3,2026-10-02 new working P3,153,1.52,1.53,y,1.9668322126859645,2.1801337097887608,0.21330149710279622,1.9668322339511792,2.1649953771503965,0.19816314319921724,0.027296885829411355,0.0276750123066285,0.01221923547959986,0.012465969960078649
nav-standard,working_p3,2026-10-02 new working P3,154,1.53,1.54,x,2.309437536106247,2.520026936290417,0.21058940018416994,2.3094612420462552,2.518216413981418,0.20875517193516258,0.008690141072822321,0.013729444302331473,0.0065080764418922275,0.009374610723909882
nav-standard,working_p3,2026-10-02 new working P3,154,1.53,1.54,y,1.9516479215154494,2.164991689346236,0.2133437678307868,1.9516479436285583,2.149745025686438,0.1980970820578798,0.02739114969838728,0.02778140106239313,0.012207047530120372,0.012464065410404679
nav-standard,working_p3,2026-10-02 new working P3,155,1.54,1.55,x,2.3072215891479146,2.5182898596781547,0.21106827053024002,2.3072457169705802,2.5165438196848338,0.20929810271425353,0.008740432921279503,0.013967505478289066,0.006607924861434913,0.009567050583406012
nav-standard,working_p3,2026-10-02 new working P3,155,1.54,1.55,y,1.9363558361156328,2.1497412478496667,0.21338541173403391,1.9363558590765984,2.1343865170790273,0.19803065800242892,0.027484844984393225,0.027886941537089704,0.012194530860505627,0.012462194270914217
nav-standard,working_p3,2026-10-02 new working P3,156,1.55,1.56,x,2.3050521934455155,2.5166200024390735,0.21156780899355798,2.305076742983368,2.514939479619938,0.20986273663657018,0.008794306526200816,0.014210072953938724,0.006712223024847712,0.009763779434158959
nav-standard,working_p3,2026-10-02 new working P3,156,1.55,1.56,y,1.9209560835240007,2.134382667455439,0.2134265839314382,1.920956107332762,2.1189201411207956,0.19796403378803373,0.027577990368586887,0.027991640265022433,0.01218171092035513,0.012460382855629337
nav-standard,working_p3,2026-10-02 new working P3,157,1.56,1.57,x,2.302930166619244,2.5150184247563336,0.21208825813708954,2.302955137691082,2.5134044528911503,0.21044931520006838,0.008851813285937852,0.014457184007587998,0.006821021078983633,0.009964834694064173
nav-standard,working_p3,2026-10-02 new working P3,157,1.56,1.57,y,1.9054487955754311,2.1189162383447284,0.2134674427692973,1.9054488202319035,2.10334619562516,0.19789737539325625,0.027670605130620272,0.028095504349091804,0.012168613746101228,0.012458657995034539
nav-standard,working_p3,2026-10-02 new working P3,158,1.57,1.58,x,2.3008563259959782,2.513486185566357,0.2126298595703786,2.30088171840687,2.5119397973057276,0.21105807889885764,0.008913004427622672,0.014708893592195071,0.006934368948160621,0.010170271456263258
nav-standard,working_p3,2026-10-02 new working P3,158,1.57,1.58,y,1.889834108901903,2.103342258718783,0.21350814981687982,1.8898341344059795,2.0876649864212884,0.19783085201530892,0.02776270915670307,0.028198541461685878,0.012155265973610097,0.012457047034868385
nav-standard,working_p3,2026-10-02 new working P3,159,1.58,1.59,x,2.2988314886348027,2.5120243425043327,0.21319285386953002,2.298857302176084,2.5105465693192865,0.21168926714320246,0.008977931701257835,0.01496522080462448,0.007052316417697113,0.010380108958401468
nav-standard,working_p3,2026-10-02 new working P3,159,1.58,1.59,y,1.8741121649320824,2.087661034793868,0.21354886986178556,1.874112191283632,2.071876827348739,0.19776463606510686,0.027854322926048197,0.02830075984162317,0.01214169482364397,0.012455577830970288
nav-standard,working_p3,2026-10-02 new working P3,160,1.59,1.6,x,2.2968564711556403,2.5106339518497425,0.21377748069410218,2.296882705604917,2.509225823981343,0.21234311837642617,0.009046645727511304,0.015226208508662964,0.007174913133550925,0.010594390205643567
nav-standard,working_p3,2026-10-02 new working P3,160,1.59,1.6,y,1.8582831098907868,2.0718728807958495,0.2135897709050627,1.8582831370896558,2.0559820402517244,0.19769890316206862,0.027945467505470268,0.028402168293474972,0.01212792810067143,0.012454278746509395
nav-standard,working_p3,2026-10-02 new working P3,161,1.6,1.61,x,2.294932664166806,2.509280049085775,0.21434738491896876,2.2949339212918525,2.507937291917713,0.21300337062586072,0.009103363991088157,0.01550642396075741,0.007301541403087017,0.010811270050214095
nav-standard,working_p3,2026-10-02 new working P3,161,1.6,1.61,y,1.8423503585657641,2.055977867534728,0.21362750896896388,1.8423503585657641,2.0399841339459974,0.1976337753802333,0.028032710955267253,0.028502284256258115,0.012113721357325576,0.012453084664960645
nav-standard,working_p3,2026-10-02 new working P3,162,1.61,1.62,x,2.2929851048267444,2.5079931721162962,0.2150080672895518,2.2929864515887592,2.506639789155713,0.21365333756695382,0.009236428041591568,0.01580469484302016,0.0074313456351501415,0.011029334192659501
nav-standard,working_p3,2026-10-02 new working P3,162,1.61,1.62,y,1.8263161136364774,2.039980549751789,0.2136644361153115,1.8263161136364774,2.023887356809584,0.19757124317310648,0.028117339813113346,0.02860229984430207,0.012100083177848171,0.012452420761808192
nav-standard,working_p3,2026-10-02 new working P3,163,1.62,1.63,x,2.2910389457087224,2.506697144723739,0.21565819901501682,2.2910403821159564,2.505333108013287,0.21429272589733062,0.009372402914228162,0.016105258565942915,0.007564166177511775,0.011249112532082606
nav-standard,working_p3,2026-10-02 new working P3,163,1.62,1.63,y,1.810180945035073,2.0238836710098527,0.21370272597477968,1.810180945035073,2.00769102138483,0.1975100763497568,0.028201625700057575,0.02870202408596101,0.012086175793331554,0.012451899378869369
nav-standard,working_p3,2026-10-02 new working P3,164,1.63,1.64,x,2.2890943539639212,2.5053919527484823,0.216297598784561,2.289095880024483,2.5040172343313554,0.2149213543068722,0.009511471833506268,0.016408114697946452,0.0077000297700048235,0.011470606165052022
nav-standard,working_p3,2026-10-02 new working P3,164,1.63,1.64,y,1.7939448433153997,2.0076872332962767,0.21374238998087702,1.7939448433153997,1.9913951296649817,0.19745028634958195,0.028285571293566368,0.02880196075454955,0.01207200302965824,0.012452032462319407
nav-standard,working_p3,2026-10-02 new working P3,165,1.64,1.65,x,2.287151496717163,2.5040775820324015,0.21692608531523838,2.287153112439018,2.502692153952335,0.21553904151331693,0.009654422388505318,0.01671326468476897,0.007838962895759551,0.011693818078608587
nav-standard,working_p3,2026-10-02 new working P3,165,1.64,1.65,y,1.777607799228963,1.9913912386099901,0.21378343938102717,1.777607799228963,1.9749996836548611,0.19739188442589817,0.028369183917160434,0.028902353516016,0.012057573357752437,0.012453071838947283
nav-standard,working_p3,2026-10-02 new working P3,166,1.65,1.66,x,2.285210541053501,2.502754018418882,0.21754347736538104,2.2852122464444706,2.501357852720155,0.21614560627568435,0.00980171316601465,0.01702070590374749,0.00798099214919937,0.011918747204520574
nav-standard,working_p3,2026-10-02 new working P3,166,1.65,1.66,y,1.7611698037249426,1.9749956889614972,0.21382588523655466,1.7611698037249426,1.958504685370861,0.1973348816459184,0.028452470308113036,0.02900266281135333,0.01204289466188913,0.012454486098186557
nav-standard,working_p3,2026-10-02 new working P3,167,1.66,1.67,x,2.2832716529556403,2.5014212477528184,0.2181495947971781,2.2832734480234045,2.5000143164802533,0.2167408684568488,0.009953572592119028,0.017330437635472595,0.008126144191584316,0.012145394390917996
nav-standard,working_p3,2026-10-02 new working P3,167,1.66,1.67,y,1.74463084781834,1.9585005863728744,0.21386973855453428,1.74463084781834,1.9419101368409477,0.1972792890226076,0.028535436433151366,0.029102911158312317,0.012027974054813444,0.012456305893467023
nav-standard,working_p3,2026-10-02 new working P3,168,1.67,1.68,x,2.2813349991506864,2.500079255880634,0.21874425672994757,2.2813368839027808,2.498661531079598,0.2173246471768171,0.010110104792360157,0.01764245907320916,0.00827444520064991,0.01237376041168492
nav-standard,working_p3,2026-10-02 new working P3,168,1.67,1.68,y,1.727990922797491,1.941905932877769,0.21391501008027802,1.727990922797491,1.9252160401046587,0.19722511730716774,0.028618087619910325,0.029203122548588256,0.012012818009351106,0.01245856333902795
nav-standard,working_p3,2026-10-02 new working P3,169,1.68,1.69,x,2.279400747914445,2.4987280286502824,0.21932728073583752,2.2794027223582627,2.4972994823666905,0.21789676000842784,0.010271212596040386,0.017956769322653443,0.008425921574882136,0.012603845966195681
nav-standard,working_p3,2026-10-02 new working P3,169,1.68,1.69,y,1.7112500203158234,1.9252117305214034,0.21396171020557997,1.7112500203158234,1.9084223972131056,0.19717237689728218,0.028700427382431427,0.02930332166983285,0.011997431183798693,0.012461291231560923
nav-standard,working_p3,2026-10-02 new working P3,170,1.69,1.7,x,2.2774690669169466,2.4973675519112595,0.21989848499431286,2.2774711310597375,2.4959281561915727,0.21845702513183518,0.010436977569681592,0.018273367401681728,0.008580599602777657,0.012835651679035998
nav-standard,working_p3,2026-10-02 new working P3,170,1.69,1.7,y,1.6944081321611437,1.9084179813605695,0.21400984919942578,1.6944081321611437,1.8915292102289707,0.19712107806782697,0.028782457577738813,0.029403533693767026,0.011981816578975688,0.012464522837954295
nav-standard,working_p3,2026-10-02 new working P3,171,1.7,1.71,x,2.275540123371879,2.4959978115146115,0.2204576881427327,2.2755422772207496,2.4945475384058398,0.21900526118509012,0.010607280477020581,0.018592252240101637,0.008738505606428946,0.013069178099729406
nav-standard,working_p3,2026-10-02 new working P3,171,1.7,1.71,y,1.6774652502698406,1.891524687463633,0.21405943719379228,1.6774652502698406,1.8745364812265088,0.19707123095666823,0.028864182466303318,0.029503784274440115,0.011965979597925756,0.012468291893183991
nav-standard,working_p3,2026-10-02 new working P3,172,1.71,1.72,x,2.273614084399638,2.4946187932611625,0.22100470886152435,2.273616327961552,2.493157614810866,0.21954128684931362,0.010782130491593381,0.018913422679419867,0.008899665849176239,0.01330442570248147
nav-standard,working_p3,2026-10-02 new working P3,172,1.71,1.72,y,1.6604213667642989,1.8745318509105309,0.21411048414623202,1.6604213667642989,1.8574442122915462,0.19702284552724736,0.028945605462015606,0.02960409954643528,0.011949924796133764,0.012472632598151012
nav-standard,working_p3,2026-10-02 new working P3,173,1.72,1.73,x,2.2716911172792753,2.4932304830539342,0.22153936577465894,2.2716934505610533,2.491758371310222,0.22006492074916872,0.010961410415795625,0.019236877472575742,0.009064106685338738,0.013541394885888014
nav-standard,working_p3,2026-10-02 new working P3,173,1.72,1.73,y,1.643276473979475,1.8574394737927706,0.21416299981329567,1.643276473979475,1.8402524055214802,0.1969759315420052,0.0290267293152064,0.029704506123034546,0.011933656064858694,0.012477579617477197
nav-standard,working_p3,2026-10-02 new working P3,174,1.73,1.74,x,2.2697713893409626,2.4918328667485823,0.22206147740761972,2.2697738123492814,2.490349793760118,0.22057598141083634,0.011145198947104357,0.019562616767014873,0.009231854268569198,0.013780087455980805
nav-standard,working_p3,2026-10-02 new working P3,174,1.73,1.74,y,1.6260305644521502,1.8402475582134332,0.214216993761283,1.6260305644521502,1.8229610630252806,0.19693049857313039,0.029107544361253533,0.029805031094325862,0.011917164879605861,0.012483168077247253
nav-standard,working_p3,2026-10-02 new working P3,175,1.74,1.75,x,2.267855067858328,2.49042593020235,0.22257086234402212,2.2678575805997223,2.4889318680183474,0.22107428741862512,0.011333369814309033,0.019890638918254044,0.009402934795915604,0.014020503439767129
nav-standard,working_p3,2026-10-02 new working P3,175,1.74,1.75,y,1.608683630909812,1.8229561062871689,0.21427247537735683,1.608683630909812,1.805570186923487,0.196886556013675,0.02918804431861887,0.029905702044100035,0.011900446097614354,0.012489433581537757
nav-standard,working_p3,2026-10-02 new working P3,176,1.75,1.76,x,2.2659423201195006,2.4890096597400433,0.2230673396205427,2.2659449226003616,2.487504580410272,0.22155965780991016,0.01152589092243518,0.020220941187191865,0.009577374330071862,0.014262641782516905
nav-standard,working_p3,2026-10-02 new working P3,176,1.75,1.76,y,1.5912356662777871,1.8055651201843512,0.2143294539065641,1.5912356662777871,1.7880797793923617,0.19684411311457461,0.02926824062784967,0.030006547004296946,0.011883512297340684,0.012496412166496995
nav-standard,working_p3,2026-10-02 new working P3,177,1.76,1.77,x,2.2640333134269093,2.487584041593816,0.2235507281669067,2.2640360056534847,2.4860679171685995,0.2220319115151148,0.011722814292509312,0.02055352197059701,0.009755198999128634,0.014506502578222502
nav-standard,working_p3,2026-10-02 new working P3,177,1.76,1.77,y,1.5736866636792588,1.7880746020826244,0.21438793840336556,1.5736866636792588,1.7704898426154383,0.1968031789361795,0.029348141533665845,0.03010782991304617,0.011866372860578126,0.01250414045091297
nav-standard,working_p3,2026-10-02 new working P3,178,1.77,1.78,x,2.2621282150529836,2.486149061112046,0.22402084605906225,2.2621309970313774,2.484621863642265,0.22249086661088757,0.01192403262867644,0.020888379575511262,0.009936435117681209,0.014752085843973806
nav-standard,working_p3,2026-10-02 new working P3,178,1.77,1.78,y,1.5560366164307418,1.77048455409078,0.21444793766003833,1.5560366164307418,1.7528003787073971,0.19676376227665537,0.029427767023394356,0.03021485860909978,0.0118490489104874,0.01251864016581905
nav-standard,working_p3,2026-10-02 new working P3,179,1.78,1.79,x,2.260227192044779,2.4847047038577905,0.22447751181301134,2.260230063780954,2.4831664053948828,0.22293634161392895,0.012129587045543677,0.02122551221900748,0.01012110881746306,0.014999391519693539
nav-standard,working_p3,2026-10-02 new working P3,179,1.78,1.79,y,1.538285518021889,1.7527949783447208,0.2145094603228317,1.538285518021889,1.735011389810029,0.19672587178813994,0.029507140051490566,0.030325493763250666,0.011831564536565054,0.012537074014468796
nav-standard,working_p3,2026-10-02 new working P3,180,1.79,1.8,x,2.258330412069295,2.483250955692704,0.22492054362340896,2.258333373569068,2.4817015282886654,0.22336815471959737,0.012339368586704726,0.021564918027974667,0.010309246039178117,0.015248419467890795
nav-standard,working_p3,2026-10-02 new working P3,180,1.79,1.8,y,1.5204333621995607,1.7350058770174603,0.21457251481789963,1.5204333621995607,1.717122878102237,0.19668951590267625,0.029586280393957783,0.030437583966890447,0.011813940648673991,0.012557533831608625
nav-standard,working_p3,2026-10-02 new working P3,181,1.8,1.81,x,2.256382094948007,2.4817881904056502,0.22540609545764312,2.256382094948007,2.480183599460266,0.223801504512259,0.012583895146119229,0.02194072019103066,0.010501005257960768,0.01549744243843909
nav-standard,working_p3,2026-10-02 new working P3,181,1.8,1.81,y,1.502485573523724,1.71711781437618,0.21463224085245614,1.5024856871926993,1.6991392190012324,0.19665353180853318,0.029661215601958633,0.03055509848952287,0.01179693594963896,0.01257939202884284
nav-standard,working_p3,2026-10-02 new working P3,182,1.81,1.82,x,2.2543161113562626,2.4802725262618215,0.22595641490555884,2.2543161113562626,2.4785681155839248,0.22425200422766212,0.01286682618014621,0.02235256240879968,0.010697108984941696,0.01574578092272727
nav-standard,working_p3,2026-10-02 new working P3,182,1.81,1.82,y,1.484449174230805,1.699134357535574,0.21468518330476893,1.4844492894197079,1.681064520734952,0.19661523131524405,0.029730914538944497,0.0306782232363072,0.011780195223253333,0.012602060397338688
nav-standard,working_p3,2026-10-02 new working P3,183,1.82,1.83,x,2.2521336909157936,2.478659124795088,0.22652543387929436,2.2521336909157936,2.4768539359345403,0.22472024501874666,0.01315647921823639,0.022766131171944703,0.010898390094152067,0.015994820217808403
nav-standard,working_p3,2026-10-02 new working P3,183,1.82,1.83,y,1.4663258496966851,1.6810591863028175,0.21473333660613236,1.4663259664012223,1.6628986599302102,0.19657269352898799,0.029798953252263442,0.030802186372412166,0.011762405275621378,0.012625562724312367
nav-standard,working_p3,2026-10-02 new working P3,184,1.83,1.84,x,2.2498337817580834,2.47694704136197,0.2271132596038865,2.2498337817580834,2.4750401189074895,0.2252063371494062,0.013452677128426713,0.02318139216920212,0.011104877184749642,0.01624453959051486
nav-standard,working_p3,2026-10-02 new working P3,184,1.83,1.84,y,1.448116314474969,1.6628928347824203,0.21477652030745142,1.4481164326907656,1.6446421780249496,0.196525745334184,0.029865270327524996,0.03092698794324833,0.011743511934567918,0.012649899146564447
nav-standard,working_p3,2026-10-02 new working P3,185,1.84,1.85,x,2.247415304393652,2.475135334322036,0.22772002992838436,2.247415304393652,2.473125725950719,0.22571042155706733,0.013755496181202014,0.023598308825997893,0.011316604309994696,0.016494916182035357
nav-standard,working_p3,2026-10-02 new working P3,185,1.84,1.85,y,1.429821299579991,1.6446358442212987,0.21481454464130767,1.4298214193025909,1.626295623582847,0.19647420428025608,0.029929801692353597,0.031052597494843903,0.011723458340624037,0.012675039301517366
nav-standard,working_p3,2026-10-02 new working P3,186,1.85,1.86,x,2.2448771951849213,2.4732230648122657,0.22834586962734438,2.2448771951849213,2.4711098213390192,0.2262326261540979,0.014064890861115908,0.02401684422202699,0.011533606726548634,0.016745926924464527
nav-standard,working_p3,2026-10-02 new working P3,186,1.85,1.86,y,1.41144154523582,1.6262887629703868,0.21484721773456683,1.4114416664606855,1.607859552254611,0.1964178857939256,0.029992503950408044,0.03117903588823223,0.01170220828060039,0.0127010041416038
nav-standard,working_p3,2026-10-02 new working P3,187,1.86,1.87,x,2.242218395377196,2.4712092968294193,0.22899090145222312,2.242218395377196,2.4689914722563002,0.22677307687910409,0.014380934355126102,0.024436961094978837,0.011755918305631175,0.01699754854349189
nav-standard,working_p3,2026-10-02 new working P3,187,1.86,1.87,y,1.3929778008360065,1.6078521464678726,0.21487434563186603,1.392977923558519,1.5893345267609074,0.19635660320238846,0.030053307652059234,0.03130630278803137,0.011679699457820153,0.012727793422844691
nav-standard,working_p3,2026-10-02 new working P3,188,1.87,1.88,x,2.239437850264119,2.46909309750476,0.22965524724064101,2.239437850264119,2.466769749070218,0.22733189880609928,0.014703565653447331,0.024858626836316677,0.011983572753868842,0.017249762553130932
nav-standard,working_p3,2026-10-02 new working P3,188,1.87,1.88,y,1.3744315509041183,1.5893265572496718,0.21489500634555347,1.374431675119578,1.570721116902519,0.19628944178294105,0.030112166747315705,0.031434397744988685,0.011655892944710353,0.012755406787394064
nav-standard,working_p3,2026-10-02 new working P3,189,1.88,1.89,x,2.2365345109532817,2.466873537031929,0.2303390260786471,2.2365345109532817,2.4644437252599554,0.22790921430667366,0.015032710113606162,0.025281803864157126,0.012216602835245147,0.017502545627533284
nav-standard,working_p3,2026-10-02 new working P3,189,1.88,1.89,y,1.3558028630687093,1.5707125440268321,0.2149096809581228,1.3558029887723357,1.5520198786374415,0.19621688986510577,0.030169007122976897,0.03156332018212438,0.011630721718969733,0.012783843749684332
nav-standard,working_p3,2026-10-02 new working P3,190,1.89,1.9,x,2.2335073348443744,2.464549688713915,0.23104235386954075,2.2335073348443744,2.462012477463091,0.22850514261871657,0.015368538779233363,0.025706448663731507,0.01245504179999049,0.01775586864037315
nav-standard,working_p3,2026-10-02 new working P3,190,1.89,1.9,y,1.3370925146426462,1.5520107014483655,0.21491818680571928,1.337092641829578,1.5332314138434027,0.19613877201382457,0.03022379034371985,0.031693069400684726,0.011604154405215108,0.012813103702377093
nav-standard,working_p3,2026-10-02 new working P3,191,1.9,1.91,x,2.2303552834002613,2.4621206290099393,0.231765345609678,2.2303552834002613,2.4594750855223806,0.22911980212211924,0.015710823456068425,0.026168589617673543,0.012698978340594441,0.018045774494052758
nav-standard,working_p3,2026-10-02 new working P3,191,1.9,1.91,y,1.3183012919049344,1.5332216132082255,0.21492032130329108,1.3183014205702306,1.5143563134245315,0.1960548928543009,0.030276443564890176,0.031823644580427635,0.011576125186502282,0.012843185916649347
nav-standard,working_p3,2026-10-02 new working P3,192,1.91,1.92,x,2.2270773233805636,2.4595854384801665,0.2325081150996029,2.2270773233805636,2.4568306334303722,0.2297533100498086,0.016061011743413737,0.02684120614788954,0.012949317070403536,0.01854525726046674
nav-standard,working_p3,2026-10-02 new working P3,192,1.91,1.92,y,1.299429990148778,1.514345870160028,0.21491588001125006,1.2994301202874166,1.4953951754257686,0.19596505513835205,0.03032692961289072,0.031955044777248975,0.011546603884583444,0.01287408953982161
nav-standard,working_p3,2026-10-02 new working P3,193,1.92,1.93,x,2.2236724268664125,2.456943199222717,0.23327077235630433,2.2236724268664125,2.454078206766308,0.23040577989989552,0.01641918655644395,0.02751609708237579,0.013206855494222453,0.019046130546713336
nav-standard,working_p3,2026-10-02 new working P3,193,1.92,1.93,y,1.280479413649909,1.4953840699070726,0.2149046562571637,1.280479545256788,1.476348604622578,0.1958690593657899,0.030375199701097404,0.0320872689162377,0.011515548675341733,0.012905813588409254
nav-standard,working_p3,2026-10-02 new working P3,194,1.93,1.94,x,2.218824642880342,2.4541929973725685,0.23536835449222648,2.218824642880342,2.451216895194925,0.23239225231458294,0.01678850275736322,0.028193194228307128,0.01347425859804322,0.019548341067053165
nav-standard,working_p3,2026-10-02 new working P3,194,1.93,1.94,y,1.2614503756344246,1.4763368171311406,0.21488644149671599,1.2614505087043628,1.4572172128494387,0.1957667041450759,0.030421235476380842,0.0322203158028298,0.011482948134888326,0.01293835695928025
nav-standard,working_p3,2026-10-02 new working P3,195,1.94,1.95,x,2.2097523149292893,2.45133392242767,0.24158160749838054,2.2097523149292893,2.4482457917924547,0.23849347686316547,0.017173719264007164,0.02887243402936779,0.013756579964876578,0.020051840299114332
nav-standard,working_p3,2026-10-02 new working P3,195,1.94,1.95,y,1.242343698246129,1.4572047234866412,0.21486102524051232,1.2423438327738647,1.4380016188936804,0.19565778611981566,0.03046497510773901,0.03235418411847757,0.011448747327763844,0.012971718425322187
nav-standard,working_p3,2026-10-02 new working P3,196,1.95,1.96,x,2.200502784058903,2.4483650672741617,0.24786228321525883,2.200502784058903,2.44516399307174,0.24466120901283706,0.017575692238582026,0.0295537600127469,0.014054753224219068,0.020556586929731502
nav-standard,working_p3,2026-10-02 new working P3,196,1.95,1.96,y,1.2231602125133743,1.4379884075715517,0.2148281950581774,1.2231603484935671,1.4187024484661195,0.19554209997255234,0.03050637870328992,0.032488872420647796,0.011412913223501445,0.013005896635441161
nav-standard,working_p3,2026-10-02 new working P3,197,1.96,1.97,x,2.191075251888933,2.4452855283844372,0.2542102764955043,2.191075251888933,2.4419705991801783,0.2508953472912454,0.017995765404138334,0.030237106654321444,0.014369767021593104,0.021062530718978234
nav-standard,working_p3,2026-10-02 new working P3,197,1.96,1.97,y,1.2039007583161176,1.4186884949083511,0.2147877365922335,1.2039008957433475,1.3993203341816833,0.19541943843833587,0.030545412023358066,0.03262437913409477,0.011375418409285524,0.013040890105834535
nav-standard,working_p3,2026-10-02 new working P3,198,1.97,1.98,x,2.181468936251867,2.4420944056160794,0.2606254693642125,2.181468936251867,2.4386647136985506,0.25719577744668376,0.01843410067918731,0.03092240669622326,0.01470216619834569,0.021569619816558916
nav-standard,working_p3,2026-10-02 new working P3,198,1.97,1.98,y,1.1845661855393739,1.399305617924662,0.21473943238528803,1.1845663244081417,1.379855915539748,0.19528959113160638,0.030582017906420834,0.0327607025909884,0.01133621251547223,0.01307669726011862
nav-standard,working_p3,2026-10-02 new working P3,199,1.98,1.99,x,2.171683068994951,2.438790802354439,0.267107733359488,2.171683068994951,2.4352454437834794,0.2635623747885285,0.0188912042150579,0.03160959578836575,0.015052315715413097,0.0220778054021582
nav-standard,working_p3,2026-10-02 new working P3,199,1.98,1.99,y,1.1651573506370716,1.3798404159336077,0.21468306529653614,1.1651574909417994,1.36030983890419,0.19515234796239067,0.030616149616871126,0.03289784097261106,0.011295255562928052,0.013113316371026418
nav-standard,working_p3,2026-10-02 new working P3,200,1.99,2.0,x,2.161716897864121,2.4353738255586164,0.27365692769449534,2.161716897864121,2.431711900213296,0.26999500234917484,0.019369817587616894,0.03229860896378778,0.01542292249268511,0.0225870381595894
nav-standard,working_p3,2026-10-02 new working P3,200,1.99,2.0,y,1.1456751197924318,1.3602935351138665,0.21461841532143477,1.1456752615274632,1.3406827574831341,0.1950074959556709,0.030647754077323147,0.03303579233256193,0.011252501194912284,0.013150745583610846
nav-standard,working_p3,2026-10-02 new working P3,201,2.0,2.01,x,2.1515930862244455,2.431840192032092,0.28024710580764634,2.151593487998532,2.428017745810421,0.2764242578118892,0.019904228582886048,0.03296778941375145,0.015812778062767787,0.023100084646812125
nav-standard,working_p3,2026-10-02 new working P3,201,2.0,2.01,y,1.1261560895068568,1.3406683628642324,0.21451227335737566,1.1262161563059627,1.3210139096078324,0.19479775330186966,0.030683044191369024,0.03316897434535315,0.011212920597922268,0.013194618189538598
nav-standard,working_p3,2026-10-02 new working P3,202,2.01,2.02,x,2.141345949358902,2.428144529148612,0.28679857978971013,2.1413463518958795,2.424117869971217,0.2827715180753376,0.020464734673817254,0.033599518865134126,0.016215004987471048,0.023603050705637063
nav-standard,working_p3,2026-10-02 new working P3,202,2.01,2.02,y,1.1068183347296512,1.3209987234528553,0.2141803887232041,1.1068791893831484,1.30133855103651,0.19445936165336164,0.030579989937343587,0.03328027027843983,0.011171536166582764,0.013230280560805774
nav-standard,working_p3,2026-10-02 new working P3,203,2.02,2.03,x,2.1309756916809626,2.424243925399582,0.29326823371861943,2.13097609491788,2.4200125633014196,0.28903646838353936,0.021043683637939587,0.034222383096755404,0.016631430360407876,0.024099568992272946
nav-standard,working_p3,2026-10-02 new working P3,203,2.02,2.03,y,1.0876061840395046,1.3013176971246951,0.21371151308519054,1.0876678128798563,1.2816539277063486,0.1939861148264923,0.030464777159677055,0.03337790254682638,0.011119704862427849,0.013254150707102896
nav-standard,working_p3,2026-10-02 new working P3,204,2.03,2.04,x,2.120484767292542,2.4201377982299577,0.29965303093741547,2.120485171166515,2.415701265298993,0.29521609413247774,0.021639821570194156,0.034836312559378246,0.017061511755070546,0.02458957396833439
nav-standard,working_p3,2026-10-02 new working P3,204,2.03,2.04,y,1.0685211884891828,1.2816274166274637,0.21310622813828095,1.0685835777901844,1.261962181527004,0.19337860373681948,0.030337402974085013,0.033461763217439655,0.01105741272880916,0.013266139901517926
nav-standard,working_p3,2026-10-02 new working P3,205,2.04,2.05,x,2.109875633262315,2.415825586815367,0.30594995355305166,2.1098760377105346,2.4118971481857616,0.30202111047522706,0.02225439081493216,0.03544123941519395,0.017506862714919618,0.02507300142976554
nav-standard,working_p3,2026-10-02 new working P3,205,2.04,2.05,y,1.04956482959603,1.261930367267799,0.21236553767176902,1.0496279655749223,1.2422654690852213,0.19263750351029896,0.030197978112430503,0.03353178570744819,0.01098475811562731,0.01326620058997885
nav-standard,working_p3,2026-10-02 new working P3,206,2.05,2.06,x,2.0991507492548336,2.4121272796828794,0.31297653042804585,2.0991511542145735,2.4091714389947287,0.3100202847801552,0.022891894481884223,0.036037097525909445,0.017972727860103267,0.02554978849540568
nav-standard,working_p3,2026-10-02 new working P3,206,2.05,2.06,y,1.0307385606169346,1.2422291062761104,0.2114905456591758,1.030802429436518,1.2225659571510146,0.19176352771449667,0.030046548314708498,0.03358790615088747,0.01090177359778181,0.01325428775485693
nav-standard,working_p3,2026-10-02 new working P3,207,2.06,2.07,x,2.08831257715458,2.40947200927991,0.32115943212532994,2.088312982563207,2.4064161353461797,0.31810315278297274,0.0235571455334983,0.03662382245195284,0.018464493241289837,0.02601987360672009
nav-standard,working_p3,2026-10-02 new working P3,207,2.06,2.07,y,1.0120438064541335,1.222525069201482,0.21048126274734846,1.0121083942248874,1.2028658223230941,0.19075742809820673,0.029883160394322983,0.03363006341252395,0.010808494804532248,0.013230358925824248
nav-standard,working_p3,2026-10-02 new working P3,208,2.07,2.08,x,2.077363580687081,2.4067357942265057,0.3293722135394246,2.077363986482062,2.403564919811296,0.32620093332923394,0.024230022194426437,0.03720135145866532,0.018962488172401475,0.02648319653456932
nav-standard,working_p3,2026-10-02 new working P3,208,2.07,2.08,y,0.9934819635574798,1.2028204339583175,0.20933847040083775,0.9935472563396852,1.1831672508679267,0.18961999452824152,0.02970796946125494,0.03365819909536816,0.010705067929140576,0.013194374184379631
nav-standard,working_p3,2026-10-02 new working P3,209,2.08,2.09,x,2.0663062250407394,2.4038713860007506,0.3375651609600112,2.0663066311596494,2.4005629423736723,0.3342563112140229,0.024906270164153567,0.03776962352226887,0.019463364682387387,0.026939698385803457
nav-standard,working_p3,2026-10-02 new working P3,209,2.08,2.09,y,0.9750543998310491,1.183117388124298,0.20806298829324887,0.9751203836369137,1.1634724384800845,0.18835205484317086,0.029520989004636105,0.03367225760263182,0.010591495065691259,0.013146296222833476
nav-standard,working_p3,2026-10-02 new working P3,210,2.09,2.1,x,2.055142976592228,2.400868718186661,0.3457257415944328,2.0551433829727594,2.3979205738665046,0.34277719089374514,0.025585798258331082,0.038328579129998985,0.019967515483661335,0.027389321404074796
nav-standard,working_p3,2026-10-02 new working P3,210,2.09,2.1,y,0.9567624545440968,1.1634181286997813,0.20665567415568453,0.956829115339882,1.1437835900399822,0.18695447470010018,0.029322347066342635,0.033680325512649656,0.01046789268889286,0.013094229716279715
nav-standard,working_p3,2026-10-02 new working P3,211,2.1,2.11,x,2.0438763022273845,2.398077382316401,0.3542010800890165,2.0438767088073555,2.395369365766564,0.3514926569592083,0.02626543503016011,0.03887816089066076,0.02047268665758118,0.027832009581118644
nav-standard,working_p3,2026-10-02 new working P3,211,2.1,2.11,y,0.9386074381968192,1.143724861868178,0.20511742367135866,0.938674761904971,1.124102919372617,0.18542815746764607,0.02911210780255097,0.033675272572411874,0.01033431381555654,0.013031062313191955
nav-standard,working_p3,2026-10-02 new working P3,212,2.11,2.12,x,2.032508669262108,2.395612703790587,0.36310403452847906,2.03250907597947,2.3927282275550295,0.3602191515755595,0.026944009484670954,0.039418312946660095,0.020977789570579254,0.028267708069561248
nav-standard,working_p3,2026-10-02 new working P3,212,2.11,2.12,y,0.9205906325892964,1.1240398027503202,0.20344917016102382,0.920658605090577,1.1044326490003296,0.1837740439097526,0.02889034791190397,0.033656087029446224,0.010190823151446047,0.012955799964394554
nav-standard,working_p3,2026-10-02 new working P3,213,2.12,2.13,x,2.0210425280977824,2.3929673440946,0.3719248159968176,2.0210429348906285,2.390011913869734,0.3689689789791055,0.027619898414641637,0.03994901491861036,0.02148121579862239,0.02869639712835692
nav-standard,working_p3,2026-10-02 new working P3,213,2.12,2.13,y,0.9027132905955584,1.1043651751597023,0.20165188456414396,0.9027818977311802,1.0847750098964575,0.18199311216527725,0.02865721870415309,0.033622727128182595,0.010037559943660526,0.012868418416528415
nav-standard,working_p3,2026-10-02 new working P3,214,2.13,2.14,x,2.0094800174077,2.390210633452155,0.3807306160444548,2.009480424214274,2.3874046295989872,0.3779242053847134,0.028292557101265343,0.0404708707896253,0.021982435259484918,0.02911868100795223
nav-standard,working_p3,2026-10-02 new working P3,214,2.13,2.14,y,0.8849766361421586,1.0847032113552686,0.19972657521311,0.8850458637159199,1.0651322412365691,0.18008637752064927,0.028412808939848617,0.03357517707636859,0.009874600537771625,0.012768919175595084
nav-standard,working_p3,2026-10-02 new working P3,215,2.14,2.15,x,1.9978239084656917,2.3875313040620254,0.3897073955963337,1.9978243152243953,2.384785187414716,0.3869608721903208,0.02896169283420791,0.040983219507009894,0.022481169731526876,0.029533898552905002
nav-standard,working_p3,2026-10-02 new working P3,215,2.14,2.15,y,0.8673818641409063,1.0650561517924337,0.1976742876515274,0.867451697921327,1.0455065901479512,0.17805489222662418,0.028157195338059337,0.03351339195775993,0.00970200903620474,0.012657274416788766
nav-standard,working_p3,2026-10-02 new working P3,216,2.15,2.16,x,1.9860767111566966,2.3849202771930056,0.398843566036309,1.986077117806098,2.3821436303631187,0.39606651255702063,0.0296269858595736,0.041485922221954796,0.022977113808065292,0.02994191044255512
nav-standard,working_p3,2026-10-02 new working P3,216,2.15,2.16,y,0.8499301404259595,1.0454262449167595,0.19549610449080002,0.8500005661484193,1.0259003115017822,0.17589974535336284,0.027890480295705816,0.033437334435486576,0.009519878685098623,0.012533463685030943
nav-standard,working_p3,2026-10-02 new working P3,217,2.16,2.17,x,1.9742408888864158,2.382296668013431,0.4080557791270152,1.974241295365258,2.3794681439891336,0.4052268486238757,0.03028778923029981,0.04197893173308853,0.023469634740875746,0.030351211785406118
nav-standard,working_p3,2026-10-02 new working P3,217,2.16,2.17,y,0.8326226016952838,1.025815746834496,0.19319314513921215,0.8326936050641601,1.0063156675821965,0.17362206251803636,0.02761278776476344,0.033347209399502975,0.009328320181492222,0.012397708539604424
nav-standard,working_p3,2026-10-02 new working P3,218,2.17,2.18,x,1.9623188572164987,2.3796261166511283,0.41730725943462965,1.9623192634637072,2.3767594683443845,0.41444020488067723,0.030943689422050828,0.042462294481027785,0.023958333066180962,0.030758076258930567
nav-standard,working_p3,2026-10-02 new working P3,218,2.17,2.18,y,0.8154603554564711,1.0062269210229755,0.1907665655665044,0.8155319221472773,0.9867549277952282,0.1712230056479509,0.02732420064940389,0.03325206611227016,0.009127403121596806,0.012259074697048011
nav-standard,working_p3,2026-10-02 new working P3,219,2.18,2.19,x,1.95031305310167,2.376933218975019,0.4266201658733493,1.950313459056361,2.3740045173977244,0.42369105834136334,0.03159415677677109,0.04293601134126801,0.024442693039828746,0.03115737312161504
nav-standard,working_p3,2026-10-02 new working P3,219,2.18,2.19,y,0.7984444799769218,0.9866620381993079,0.18821755822238606,0.7985165956384458,0.9672203685360877,0.16870377289764193,0.02702508948899283,0.03314340924695691,0.008917485342411708,0.012109083066581205
nav-standard,working_p3,2026-10-02 new working P3,220,2.19,2.2,x,1.9382260029396658,2.3741821397336684,0.4359561367940026,1.9382264085411551,2.37120084434238,0.43297443580122486,0.032238225396417165,0.04339990079372469,0.024921762523605506,0.031548793935523234
nav-standard,working_p3,2026-10-02 new working P3,220,2.19,2.2,y,0.781576024238389,0.9671233760066272,0.18554735176823822,0.7816486744948314,0.9477142728740066,0.16606559837917512,0.026716358535801295,0.03302208524942396,0.00869945776551041,0.011948596109346288
nav-standard,working_p3,2026-10-02 new working P3,221,2.2,2.21,x,1.9260644571115197,2.3713894457309084,0.44532498861938863,1.9260648947695875,2.368352138134646,0.44228724336505865,0.0328637578034713,0.04384928390528953,0.025394454044006864,0.031931278706241795
nav-standard,working_p3,2026-10-02 new working P3,221,2.2,2.21,y,0.7648571013990152,0.9476775858888113,0.18282048448979615,0.7649384325418034,0.9283032974255979,0.16336486488379454,0.02642734979507323,0.03292641567972854,0.008469232828955486,0.01177291952841475
nav-standard,working_p3,2026-10-02 new working P3,222,2.21,2.22,x,1.9138352389252422,2.368546499576798,0.45471126065155576,1.9138356757093964,2.365455624771964,0.4516199490625674,0.03346450131747643,0.04428341374454181,0.025856325105213407,0.032304445204798915
nav-standard,working_p3,2026-10-02 new working P3,222,2.21,2.22,y,0.7483123687506367,0.9282615948677869,0.17994922611715025,0.7483941400422148,0.9090581117354483,0.16066397169323343,0.026026644071948195,0.032616422159530645,0.008231315058086905,0.011586075085503467
nav-standard,working_p3,2026-10-02 new working P3,223,2.22,2.23,x,1.901539815801766,2.3656547806543515,0.4641149648525855,1.9015402516454802,2.3625291681536895,0.4609889165082093,0.0340569156538227,0.04470848881055667,0.026312390523729974,0.0326990935843785
nav-standard,working_p3,2026-10-02 new working P3,223,2.22,2.23,y,0.7319324940330889,0.9090164164963254,0.17708392246323645,0.7320146885034949,0.889984895681904,0.15797020717840904,0.02562753945355888,0.032300912169950124,0.007996022573576417,0.011395574586148594
nav-standard,working_p3,2026-10-02 new working P3,224,2.23,2.24,x,1.8891807955860476,2.3627552825919076,0.47357448700586,1.8891812304230946,2.3595742950950003,0.47039306467190567,0.034640843992354266,0.045124523342139566,0.026762499318741896,0.03311119999761791
nav-standard,working_p3,2026-10-02 new working P3,224,2.23,2.24,y,0.715718281609413,0.8899432135075328,0.17422493189811983,0.7158008822867211,0.871084776635323,0.1552838943486019,0.025230677644199874,0.031999384669749165,0.0077639630705921905,0.011220884872086723
nav-standard,working_p3,2026-10-02 new working P3,225,2.24,2.25,x,1.8767607792883572,2.3597971006685508,0.4830363213801936,1.8767612130528168,2.356436867380157,0.47967565432734016,0.03521568814800977,0.045531533168434724,0.027206058716843173,0.03351667443099782
nav-standard,working_p3,2026-10-02 new working P3,225,2.24,2.25,y,0.6996705018596842,0.871043113251187,0.17137261139150284,0.6997534917725742,0.8523588465485884,0.15260535477601422,0.024838851865284946,0.031718214341190154,0.0075378957308300295,0.011068348351919055
nav-standard,working_p3,2026-10-02 new working P3,226,2.25,2.26,x,1.8642823607699595,2.356657445656315,0.49237508488635573,1.8642827933962285,2.353109217042227,0.4888264236459987,0.0357814001267532,0.04592953554654988,0.027643025708218544,0.033915512035574746
nav-standard,working_p3,2026-10-02 new working P3,226,2.25,2.26,y,0.6837898911887653,0.8523172076588691,0.16852731647010377,0.6838732533690872,0.8338081619275849,0.14993490855849767,0.02445799674791898,0.03143364462459475,0.00732372111563661,0.010914176040855761
nav-standard,working_p3,2026-10-02 new working P3,227,2.26,2.27,x,1.8517481264353732,2.3533275497877746,0.5015794233524014,1.851748557858173,2.3495936300058395,0.4978450721476666,0.03633795915784037,0.04631854898981813,0.028073384079221643,0.03430770911881398
nav-standard,working_p3,2026-10-02 new working P3,227,2.26,2.27,y,0.6680771520391209,0.8337665532144445,0.1656894011753236,0.6681608695244552,0.81543374380702,0.14727287428256486,0.024089342444043454,0.031145743449702334,0.007122635310331665,0.010758403297270291
nav-standard,working_p3,2026-10-02 new working P3,228,2.27,2.28,x,1.839160654764925,2.349809699661707,0.5106490448967818,1.839161084919311,2.3458924079393193,0.5067313230200083,0.03688534230986429,0.04669859341937932,0.028497115028791608,0.03469326314081056
nav-standard,working_p3,2026-10-02 new working P3,228,2.27,2.28,y,0.6525329529087741,0.8153921709298918,0.1628592180211177,0.6526170087449876,0.799251231517313,0.1466342227723254,0.023734061188600393,0.030854576349203633,0.006935776461634395,0.010601062941441142
nav-standard,working_p3,2026-10-02 new working P3,229,2.28,2.29,x,1.8265225159296483,2.346106216595542,0.5195837006658939,1.826522944751018,2.3420078868033563,0.5154849420523382,0.037423535585490594,0.04706969015506424,0.02891420826361994,0.03507217271035312
nav-standard,working_p3,2026-10-02 new working P3,229,2.28,2.29,y,0.6371579283743628,0.7995503271391373,0.16239239876477451,0.6372423056181586,0.7872009959871157,0.14995869036895704,0.023391865128810797,0.0305602103904119,0.0067628226401992815,0.010442189192442664
nav-standard,working_p3,2026-10-02 new working P3,230,2.29,2.3,x,1.8138362714083214,2.3422194025337832,0.5283831311254619,1.8138366988324233,2.337942382758327,0.524105683925904,0.03795252642688039,0.04743186190612292,0.02932465450406408,0.035444437580825605
nav-standard,working_p3,2026-10-02 new working P3,230,2.29,2.3,y,0.621952679119291,0.7875004645602034,0.16554778544091242,0.6220373608407536,0.7753425363022872,0.15330517546153366,0.023065084910201022,0.030262712890379073,0.006606070407761689,0.01028181638848924
nav-standard,working_p3,2026-10-02 new working P3,231,2.3,2.31,x,1.8011044588054674,2.338151587556236,0.5370471287507685,1.8011048847684097,2.3336982396714943,0.5325933549030846,0.03847230163586471,0.0477851623642247,0.029728443404872667,0.03581005864594844
nav-standard,working_p3,2026-10-02 new working P3,231,2.3,2.31,y,0.6069177719669586,0.7756422990740784,0.16872452710711983,0.6070027412520923,0.7636755955097194,0.15667285425762711,0.022756322648791405,0.029962151405379167,0.006468087816579607,0.010119978981658506
nav-standard,working_p3,2026-10-02 new working P3,232,2.31,2.32,x,1.788329620996502,2.3339051177640684,0.5455754967675663,1.7883300454347602,2.329277817002092,0.5409477715673319,0.03898285173544223,0.04812961714648556,0.030125567917293,0.03616906974381395
nav-standard,working_p3,2026-10-02 new working P3,232,2.31,2.32,y,0.5920537399190577,0.763975594363412,0.17192185444435426,0.5921389798723198,0.7521999053241327,0.16006092545181294,0.0224697393971089,0.02965859372037849,0.006353001854539983,0.010141736705255422
nav-standard,working_p3,2026-10-02 new working P3,233,2.32,2.33,x,1.7755143064712045,2.3294823530666564,0.553968046595452,1.7755147293216302,2.324683487587266,0.5491687582656357,0.03948415905413129,0.04846522234625783,0.030516012374092415,0.03652144309213878
nav-standard,working_p3,2026-10-02 new working P3,233,2.32,2.33,y,0.5773610821989247,0.7525000824487901,0.1751390002498654,0.577446575945751,0.7409151659551415,0.1634685900093905,0.022206767932692793,0.029352107838489738,0.0062622112741128125,0.010551477694412559
nav-standard,working_p3,2026-10-02 new working P3,234,2.33,2.34,x,1.7626610381533652,2.3248856667522606,0.5622246285988954,1.762661459353195,2.3199176372119013,0.5572561778587062,0.0399762255177709,0.048799237513165394,0.03089978028208768,0.03686718193150895
nav-standard,working_p3,2026-10-02 new working P3,234,2.33,2.34,y,0.5628402642995338,0.7412154638534318,0.17837519955389802,0.5629259949888588,0.7298210462763595,0.1668950512875007,0.021970069812779342,0.029042761970413222,0.006198343611485293,0.010961749516853247
nav-standard,working_p3,2026-10-02 new working P3,235,2.34,2.35,x,1.7497723283935032,2.3201174450578192,0.5703451166643161,1.7497727478803662,2.3149826641776325,0.5652099162972664,0.04045904239482315,0.04913144885946319,0.03127686406823459,0.03720629168693934
nav-standard,working_p3,2026-10-02 new working P3,235,2.34,2.35,y,0.5484917180375622,0.7301214077722202,0.18162968973465798,0.5485776688443302,0.7189171839988088,0.17033951515447854,0.021764842112270172,0.02873062452386388,0.006166561968192794,0.011372469216007208
nav-standard,working_p3,2026-10-02 new working P3,236,2.35,2.36,x,1.7368506785998001,2.3151800867378807,0.5783294081380805,1.7368510963117265,2.3098809788710537,0.5730298825593272,0.04093260271007636,0.04945473064703876,0.03164725749417745,0.03753877888347401
nav-standard,working_p3,2026-10-02 new working P3,236,2.35,2.36,y,0.5343158416117125,0.7192175522450427,0.18490171063333016,0.5344019957393825,0.7082031858486103,0.1738011901092278,0.02159869772420509,0.028415764092990847,0.006174445280854808,0.011783554320830558
nav-standard,working_p3,2026-10-02 new working P3,237,2.36,2.37,x,1.723898578871516,2.3100760026327416,0.5861774237612256,1.7238989947469447,2.3046150033311976,0.5807160085842529,0.04139690320169043,0.049769112084308675,0.032010957614198934,0.03786465115775828
nav-standard,working_p3,2026-10-02 new working P3,237,2.36,2.37,y,0.5203129996515286,0.7085035043344108,0.18819050468288223,0.5203993403345708,0.6976786277489214,0.17727928741435062,0.02147394704525473,0.028098249447784718,0.006224270039942253,0.012194922856553658
nav-standard,working_p3,2026-10-02 new working P3,238,2.37,2.38,x,1.7109185076349502,2.304807615235865,0.593889107600915,1.7109189216127374,2.2991871708163565,0.5882682492036191,0.0418519403483769,0.05007462383908323,0.03236796080336334,0.03818320707182532
nav-standard,working_p3,2026-10-02 new working P3,238,2.37,2.38,y,0.5064835233150172,0.6979788788277156,0.19149535551269836,0.5065700338214016,0.6873430935264785,0.18077305970507684,0.02138631813884395,0.02777814952347646,0.006311730439142876,0.012606570396096473
nav-standard,working_p3,2026-10-02 new working P3,239,2.38,2.39,x,1.6979129312819672,2.2993773582606387,0.6014644269786715,1.6979133433013942,2.293599925370304,0.5956865820689097,0.042297714470018885,0.05037133660372639,0.03271826685915791,0.038495163947005695
nav-standard,working_p3,2026-10-02 new working P3,239,2.38,2.39,y,0.4928277103611506,0.6876433032589772,0.19481559289782657,0.4929143739948267,0.6771961799376032,0.1842818059427765,0.021335187032663572,0.027455533409935007,0.006436168692371788,0.013018579741926883
nav-standard,working_p3,2026-10-02 new working P3,240,2.39,2.4,x,1.6848843038111685,2.2937876762065175,0.608903372395349,1.6848847138119498,2.28785572138797,0.6029710075760204,0.04273422825386494,0.05066231453377101,0.03306187752876612,0.038800532880073124
nav-standard,working_p3,2026-10-02 new working P3,240,2.39,2.4,y,0.4793458252000396,0.6774961734411322,0.19815034824109262,0.4794326253034071,0.6672372522047132,0.18780462690130612,0.02131733668465982,0.027130471669237433,0.006594333989206322,0.013430631620518052
nav-standard,working_p3,2026-10-02 new working P3,241,2.4,2.41,x,1.671834725591541,2.2880410285951216,0.6162063030035807,1.6718351214434677,2.281957010528383,0.6101218890849152,0.04316166169335243,0.051005401346511325,0.03339880746260787,0.039099301600761915
nav-standard,working_p3,2026-10-02 new working P3,241,2.4,2.41,y,0.4660380959675392,0.6675356727772451,0.20149757680970592,0.46612451970850427,0.6574644680253026,0.1913399483167983,0.02133134254653665,0.02680307557691952,0.006785014628735023,0.013842982971202678
nav-standard,working_p3,2026-10-02 new working P3,242,2.41,2.42,x,1.6587669084890737,2.2821398463881577,0.623372937899084,1.6587673023198704,2.2759062339552565,0.6171389316353861,0.04357990312054653,0.05133957581639259,0.03372892947588873,0.039391113618709506
nav-standard,working_p3,2026-10-02 new working P3,242,2.41,2.42,y,0.45290333610831734,0.6577618142728618,0.2048584781645445,0.4529898704330232,0.647874875071436,0.19488500463841285,0.02138090058629849,0.026473226925132487,0.0070108869191150254,0.01425369563716783
nav-standard,working_p3,2026-10-02 new working P3,243,2.42,2.43,x,1.6456828723499815,2.2760866068152534,0.630403734465272,1.6456832641039558,2.2697058948157123,0.6240226307117565,0.043988950214865104,0.05166494539709254,0.03405240664191639,0.03967657693670068
nav-standard,working_p3,2026-10-02 new working P3,243,2.42,2.43,y,0.4399420177583543,0.6481714816900521,0.20822946393169783,0.44002864628351285,0.638468286973764,0.19843964069025116,0.021464252984020715,0.02614117153428719,0.007270906293843159,0.014663464081331679
nav-standard,working_p3,2026-10-02 new working P3,244,2.43,2.44,x,1.6325849374334935,2.269883794889697,0.6372988574562033,1.6325853270553832,2.2633584862806764,0.6307731592252932,0.0443888173273994,0.05198154561824553,0.03436925083574788,0.039955717306835226
nav-standard,working_p3,2026-10-02 new working P3,244,2.43,2.44,y,0.4271542897103571,0.6387641023488463,0.21160981263848916,0.4272409960994721,0.6292441025171032,0.20200310641763108,0.021583764198738444,0.025806978911111333,0.007567403867972394,0.015072213507965393
nav-standard,working_p3,2026-10-02 new working P3,245,2.44,2.45,x,1.6194754112767336,2.2635339042378715,0.6440584929611379,1.619475798711713,2.2568665096974216,0.6373907109857087,0.04477950999528396,0.0522894133172207,0.03467946470926511,0.040228561422649856
nav-standard,working_p3,2026-10-02 new working P3,245,2.44,2.45,y,0.41454026826489343,0.629539074787787,0.2149988065228936,0.41462703623065855,0.6202016918993525,0.20557465566869393,0.021734176074734095,0.025719935953595452,0.00789508823185099,0.015479868440911204
nav-standard,working_p3,2026-10-02 new working P3,246,2.45,2.46,x,1.6063565874238994,2.257039436662583,0.6506828492386838,1.6063569726175868,2.2502324741527957,0.6438755015352089,0.04516104710861231,0.0525885867967637,0.03498306385948956,0.04049513707912755
nav-standard,working_p3,2026-10-02 new working P3,246,2.45,2.46,y,0.40075163942958164,0.6204957702376279,0.21974413080804628,0.40083501637423496,0.6113403982089417,0.21050538183470674,0.021910651900564872,0.026044679831467854,0.008249089496945573,0.015886355264649543
nav-standard,working_p3,2026-10-02 new working P3,247,2.46,2.47,x,1.593230745456634,2.25040290170623,0.657172156249596,1.593231128355098,2.2434588960363557,0.6502277676812578,0.04553344698460966,0.05287921105391402,0.03528006290420999,0.04075557840403321
nav-standard,working_p3,2026-10-02 new working P3,247,2.46,2.47,y,0.3851555485383363,0.6116335323643135,0.22647798382597722,0.3852388021876361,0.6026595371715293,0.2174207349838932,0.02210327051897128,0.02636904414655805,0.008619453413743048,0.016291601314907367
nav-standard,working_p3,2026-10-02 new working P3,248,2.47,2.48,x,1.5801001506791985,2.2436268162138795,0.663526665534681,1.5801005312289655,2.236548298603472,0.6564477673745066,0.0458967108418052,0.053161224693322406,0.03557045895766554,0.04100981277369442
nav-standard,working_p3,2026-10-02 new working P3,248,2.47,2.48,y,0.36939430298915554,0.6029516774755891,0.23355737448643354,0.3694779238840166,0.5941583973602964,0.22468047347627979,0.022310823201911755,0.026692974974310557,0.009004938261004661,0.016695534884136776
nav-standard,working_p3,2026-10-02 new working P3,249,2.48,2.49,x,1.5669670538064204,2.2367137038962888,0.6697466500898683,1.5669674319544804,2.2295032115384337,0.6625357795839533,0.04625086319304221,0.0534346646748316,0.03585427202512214,0.04125786556309663
nav-standard,working_p3,2026-10-02 new working P3,249,2.48,2.49,y,0.35380099564324696,0.5944494947311828,0.24064849908793584,0.3538849666008109,0.5858362404097802,0.2319512738089693,0.022527614669399707,0.027016418850282387,0.009399815849011246,0.017110275171854927
nav-standard,working_p3,2026-10-02 new working P3,250,2.49,2.5,x,1.5538336906544616,2.229666094892965,0.6758324042385033,1.553834066348276,2.222326170517663,0.668492104169387,0.0465959160146781,0.053699574081176316,0.03613150917369418,0.04149976791614107
nav-standard,working_p3,2026-10-02 new working P3,250,2.49,2.5,y,0.3383703562019029,0.5861262463565156,0.24775589015461263,0.3384542158824282,0.5776923012331999,0.23923808535077173,0.02275088097657506,0.027339322805901567,0.009801289456660957,0.017533123390770067
nav-standard,working_p3,2026-10-02 new working P3,251,2.5,2.51,x,1.5407022818340101,2.22248652533529,0.6817842435012798,1.540702655021517,2.2150197167730505,0.6743170617515335,0.04693190051015303,0.053955997235968445,0.036402196297589624,0.04173555186623634
nav-standard,working_p3,2026-10-02 new working P3,251,2.5,2.51,y,0.32276922311533807,0.5779811678599127,0.25521194474457465,0.3228534303627251,0.5697257882432514,0.24687235788052625,0.022980147157767864,0.027661656302938598,0.010208851430033175,0.017954669392930223
nav-standard,working_p3,2026-10-02 new working P3,252,2.51,2.52,x,1.5275744485692482,2.2151775369098132,0.687603088340565,1.527575403021414,2.2075863966555214,0.6800109936341074,0.04725884359086819,0.05420397980513747,0.03666635277627406,0.042020656783427146
nav-standard,working_p3,2026-10-02 new working P3,252,2.51,2.52,y,0.3073371872997425,0.5700134844306495,0.26267629713090695,0.3074217249104355,0.5619358997536997,0.2545141748432642,0.02321579902738139,0.02798334588175333,0.010622855024956298,0.01837484144527879
nav-standard,working_p3,2026-10-02 new working P3,253,2.52,2.53,x,1.514452439761589,2.207741676421739,0.69328923666015,1.5144544995929006,2.2000287611988596,0.685574261605959,0.04757675873881333,0.05444356866580646,0.036923982016978975,0.04237997543104077
nav-standard,working_p3,2026-10-02 new working P3,253,2.52,2.53,y,0.292074863036595,0.562222377057955,0.27014751402135995,0.2921597138193404,0.5543217901018948,0.26216207628255433,0.023457349585814757,0.028304745267654197,0.011042780776519684,0.018793568698723284
nav-standard,working_p3,2026-10-02 new working P3,254,2.53,2.54,x,1.501338960642363,2.200181495358679,0.6988425347163161,1.501342117899302,2.192349365683857,0.691007247784555,0.04788567981532804,0.05467481189353318,0.037175110006867476,0.04273103744682194
nav-standard,working_p3,2026-10-02 new working P3,254,2.53,2.54,y,0.27667339091392046,0.5546069876850583,0.2779335967711379,0.2767581207221371,0.5468825748062939,0.27012445408415675,0.023705448545873514,0.028625544247453505,0.011469246076135736,0.01921081462910712
nav-standard,working_p3,2026-10-02 new working P3,255,2.54,2.55,x,1.4882361681130107,2.192499549454757,0.7042633813417463,1.4882404146915442,2.1845507692028785,0.6963103545113343,0.0481856410381117,0.05489775874939862,0.03741975940797399,0.04307385308118428
nav-standard,working_p3,2026-10-02 new working P3,255,2.54,2.55,y,0.26142079872580015,0.547166447189946,0.28574564846414585,0.26150583814394823,0.5396173585506591,0.27811152040671083,0.023958908718976452,0.028945543340525404,0.011901031516224927,0.019626506871037508
nav-standard,working_p3,2026-10-02 new working P3,256,2.55,2.56,x,1.4751462024187558,2.184698398255094,0.709552195836338,1.47515153006586,2.1766355342248653,0.7014840041590054,0.048476674410781385,0.055112459666966096,0.03765795372374914,0.043407794294771485
nav-standard,working_p3,2026-10-02 new working P3,256,2.55,2.56,y,0.24633891428242877,0.5398998608708867,0.29356094658845794,0.2464242461138151,0.5325252206729851,0.28610097455917005,0.024216591165319174,0.029264692578820806,0.01233696608546503,0.02004054651814391
nav-standard,working_p3,2026-10-02 new working P3,257,2.56,2.57,x,1.4620711868059695,2.176780604680739,0.7147094178747697,1.4620775871211735,2.1686062261608505,0.706528639039677,0.0487588087422655,0.05531896629699684,0.03788970973684673,0.04373350872000925
nav-standard,working_p3,2026-10-02 new working P3,257,2.56,2.57,y,0.2314271364740959,0.5328063086930074,0.3013791722189115,0.23151231637412006,0.525605215415442,0.29409289904132196,0.024478301418841227,0.0295829421002462,0.01277682336857557,0.02045286634071314
nav-standard,working_p3,2026-10-02 new working P3,258,2.57,2.58,x,1.4490132272716243,2.168748734594144,0.7197355073225198,1.4490206917085724,2.1604654129300713,0.7114447212214989,0.04903206877235243,0.05551733133216441,0.03811504192159144,0.04405101078982776
nav-standard,working_p3,2026-10-02 new working P3,258,2.57,2.58,y,0.2163752744325167,0.5258848455088643,0.3095095710763476,0.21646074201124402,0.5188563721482744,0.3023956301370304,0.02474418322438365,0.02990024279491227,0.01322071532294387,0.020863399962223972
nav-standard,working_p3,2026-10-02 new working P3,259,2.58,2.59,x,1.4359744122727502,2.160605356365191,0.7246309440924408,1.4359829321407813,2.152215664526707,0.7162327323859257,0.049296497335856976,0.05570760863308499,0.0383339805951989,0.04436031626473591
nav-standard,working_p3,2026-10-02 new working P3,259,2.58,2.59,y,0.2014949705998967,0.5191345013078811,0.31763953070798434,0.201580708667923,0.5122776956225313,0.31069698695460835,0.025013271593740127,0.03021654607658797,0.013667645316037102,0.02134190388171775
nav-standard,working_p3,2026-10-02 new working P3,260,2.59,2.6,x,1.422956812424065,2.152353040437863,0.729396228013798,1.4229663788898097,2.143859552587307,0.7208931736974973,0.04955211492899438,0.05588991107431296,0.03854653581793936,0.04466144222646884
nav-standard,working_p3,2026-10-02 new working P3,260,2.59,2.6,y,0.18678672145240485,0.5125542814763125,0.3257675600239077,0.18687271284176907,0.5058681662332816,0.3189954533915125,0.025284776324481523,0.030531803888434794,0.014116791637637575,0.021821720871628703
nav-standard,working_p3,2026-10-02 new working P3,261,2.6,2.61,x,1.4099617946429308,2.143994368518042,0.7340325738751112,1.409970801000107,2.135399082229104,0.7254282812289969,0.04980114751179032,0.056068067623961104,0.03875304487102273,0.04495458566848609
nav-standard,working_p3,2026-10-02 new working P3,261,2.6,2.61,y,0.17217096397669004,0.5061386353067793,0.3339676713300892,0.17225578390137025,0.499622233666396,0.32736644976502577,0.02555705348796768,0.03084385343306345,0.014568787383410461,0.022300529565615124
nav-standard,working_p3,2026-10-02 new working P3,262,2.61,2.62,x,1.3969882045065762,2.135531333411989,0.7385431289054127,1.3969981155291604,2.1268362063191018,0.7298380907899413,0.05004390920985271,0.056241685069413405,0.03895309935899567,0.04523955881861319
nav-standard,working_p3,2026-10-02 new working P3,262,2.61,2.62,y,0.1575021712798477,0.4998892723380527,0.342387101058205,0.15758725001991933,0.4935308578871122,0.3359436078671929,0.025837753794110435,0.031161875105537973,0.015022042985768327,0.022776294556923038
nav-standard,working_p3,2026-10-02 new working P3,263,2.62,2.63,x,1.384039147780583,2.1269659578193005,0.7429268100387176,1.3840499559873005,2.118173525192113,0.7341235692048125,0.05027861981280052,0.056407677499929365,0.0391474136935997,0.04551692742432656
nav-standard,working_p3,2026-10-02 new working P3,263,2.62,2.63,y,0.1430039677168259,0.49379569976442245,0.3507917320475965,0.1430892884279485,0.48759437680344037,0.3445050883754919,0.0261204818192671,0.03147828503164457,0.015477126885587352,0.023257856304581104
nav-standard,working_p3,2026-10-02 new working P3,264,2.63,2.64,x,1.3711163607128452,2.1183007777770366,0.7471844170641915,1.3711280585164567,2.1094135747215326,0.7382855162050759,0.050505333848520975,0.05668981432177822,0.03933603207839651,0.04578672239047843
nav-standard,working_p3,2026-10-02 new working P3,264,2.63,2.64,y,0.12867679833652235,0.4878569793338391,0.35918018099731674,0.12876234419948815,0.4818118323341892,0.35304948813470105,0.026404285745307465,0.03179304129265309,0.01593305783472538,0.02374453923429648
nav-standard,working_p3,2026-10-02 new working P3,265,2.64,2.65,x,1.3582215665835622,2.1095383295705195,0.7513167629869573,1.3582341462920775,2.100558890609939,0.7423247443178616,0.0507241072157014,0.05700962678825272,0.03951899784720314,0.04604897559835308
nav-standard,working_p3,2026-10-02 new working P3,265,2.64,2.65,y,0.11452107463894937,0.48207214871526455,0.36755107407631515,0.11460682886219385,0.4761822425199294,0.36157541365773554,0.02668880535414884,0.032106102713075624,0.016389446329169204,0.02422886246664624
nav-standard,working_p3,2026-10-02 new working P3,266,2.65,2.66,x,1.3453564716323678,2.1006811493234316,0.7553246776910638,1.34536992545027,2.0916120079802574,0.7462420825299874,0.05093498282594957,0.057319439061490396,0.039696342569913154,0.04630371997844218
nav-standard,working_p3,2026-10-02 new working P3,266,2.65,2.66,y,0.10053717463595199,0.47644022969073035,0.3759030550547784,0.10062312045805662,0.4707046097172619,0.3700814892592053,0.026974015762656418,0.03241742886309029,0.016846238347724463,0.024710759706784602
nav-standard,working_p3,2026-10-02 new working P3,267,2.66,2.67,x,1.33252268829914,2.091731772578221,0.7592090842790813,1.3325370083286214,2.0825754609572846,0.7500384526286632,0.051138017610824746,0.0576192924869352,0.03986810935596586,0.04655098957216652
nav-standard,working_p3,2026-10-02 new working P3,267,2.66,2.67,y,0.08672544291715122,0.4709602605650642,0.38423481764791295,0.08681156360933803,0.46537795301072654,0.37856638940138854,0.027259805768830674,0.03272701844546211,0.01730329372230833,0.02519020400312305
nav-standard,working_p3,2026-10-02 new working P3,268,2.67,2.68,x,1.3197216848612265,2.082692733877594,0.7629710490163675,1.3197368631034356,2.0734517822503666,0.753714919146931,0.05133327484592727,0.0579092298981152,0.040034349636936695,0.04679081952248487
nav-standard,working_p3,2026-10-02 new working P3,268,2.67,2.68,y,0.07308619072085255,0.46563161265664893,0.3925454219357964,0.07317246958947052,0.4602016247057152,0.3870291551162447,0.02754619358198332,0.03303481932986141,0.017760601843468275,0.02566711778503672
nav-standard,working_p3,2026-10-02 new working P3,269,2.68,2.69,x,1.3069553994792475,2.0735665663829126,0.766611166903665,1.3069714278355464,2.0642435027730293,0.7572720749374828,0.051520820877651044,0.05818929697828512,0.04019511430200897,0.04702324743760267
nav-standard,working_p3,2026-10-02 new working P3,269,2.68,2.69,y,0.05961969595791364,0.4604528867667463,0.4008331908088326,0.059706116346915944,0.455174206799921,0.395468090453005,0.02783296086562338,0.03335676478154087,0.018217915733215403,0.026141411902167844
nav-standard,working_p3,2026-10-02 new working P3,270,2.69,2.7,x,1.2942254743830333,2.0643558013521655,0.7701303269691322,1.2942423446562668,2.054953151122249,0.7607108064659824,0.05170069746281164,0.05845954058118186,0.040350433270975636,0.04724831171383981
nav-standard,working_p3,2026-10-02 new working P3,270,2.69,2.7,y,0.046121365956442284,0.4554229955811845,0.4093016296247422,0.046207911249854745,0.45029459338712363,0.4040866821372689,0.02811995374603964,0.03368926746355627,0.01867505303325152,0.026613023919246304
nav-standard,working_p3,2026-10-02 new working P3,271,2.7,2.71,x,1.2815335352729669,2.055062967829169,0.7735294325562023,1.2815512391687411,2.045583253269006,0.7640320141002648,0.05187296093725145,0.05872000540367961,0.0405003470149252,0.047466048210453415
nav-standard,working_p3,2026-10-02 new working P3,271,2.7,2.71,y,0.03273515118022067,0.45054084760486385,0.41780569642464316,0.032821804804600604,0.44556167459376345,0.4127398697891628,0.028406238860876103,0.03402028006797958,0.019131052083687768,0.027081892380779682
nav-standard,working_p3,2026-10-02 new working P3,272,2.71,2.72,x,1.2688811911217621,2.045690592195743,0.776809401073981,1.268899720249734,2.0361363321118673,0.7672366118621332,0.05203767747489194,0.05897074011398695,0.04064490686628132,0.047676496380054445
nav-standard,working_p3,2026-10-02 new working P3,272,2.71,2.72,y,0.01952208907696803,0.445805356130697,0.426283267053729,0.019608834503853437,0.4409743455499214,0.42136551104606795,0.028691589055273387,0.03434975886552666,0.019585657608066926,0.02754795681572686
nav-standard,working_p3,2026-10-02 new working P3,273,2.72,2.73,x,1.2562700339174764,2.036241197759336,0.7799711638418596,1.256289379792655,2.0266149070660857,0.7703255272734306,0.05219490455997542,0.05921263260191645,0.040784155847394296,0.047880534521144824
nav-standard,working_p3,2026-10-02 new working P3,273,2.72,2.73,y,0.006482374582319651,0.4412154173570538,0.4347330427747341,0.006569195330668247,0.4365314845087746,0.42996228917810636,0.028975965401585868,0.03467772478477732,0.020038802746265752,0.028011157742269477
nav-standard,working_p3,2026-10-02 new working P3,274,2.73,2.74,x,1.2437016387256876,2.0267173043420406,0.7830156656163529,1.2437217927697422,2.017021493654131,0.7732997008843889,0.05234469449482747,0.05944488542226822,0.04091813147077354,0.04807735522382206
nav-standard,working_p3,2026-10-02 new working P3,274,2.73,2.74,y,-0.006383830389828183,0.4367699099745113,0.4431537403643395,-0.006296950751210287,0.432231952435328,0.4385289031865383,0.029259314753566985,0.035016502025517274,0.020490406600991336,0.028471436672198924
nav-standard,working_p3,2026-10-02 new working P3,275,2.74,2.75,x,1.2311775632667143,2.0171214278712544,0.78594386460454,1.2311985168092956,2.0073586030979382,0.7761600862886426,0.05248711028603605,0.05966755740232599,0.04104687786931609,0.04826700697964559
nav-standard,working_p3,2026-10-02 new working P3,275,2.74,2.75,y,-0.019076396849406176,0.43246769603777196,0.4515440928871781,-0.01898947469944652,0.4280745938802837,0.4470640685797302,0.029541597923397344,0.03540846516288973,0.020940402425514818,0.028928736115175102
nav-standard,working_p3,2026-10-02 new working P3,276,2.75,2.76,x,1.2186993477026316,2.007456079971705,0.7887567322690736,1.2187210919827014,1.9976287419125622,0.7789076499298608,0.05262221543818428,0.05988071032644493,0.041170445964588055,0.0484495408686445
nav-standard,working_p3,2026-10-02 new working P3,276,2.75,2.76,y,-0.03159522960103515,0.42830762294439784,0.459902852545433,-0.031508281263988025,0.4240582389606979,0.4555665202246859,0.02982277676014223,0.035799991562083286,0.021388724705763078,0.029382999582807434
nav-standard,working_p3,2026-10-02 new working P3,277,2.76,2.77,x,1.2062685141335985,1.9977237675590915,0.791455253425493,1.2062910403007687,1.987834411501521,0.7815433712007522,0.052750075960555795,0.06008438613787859,0.041288884541478776,0.048624987763615124
nav-standard,working_p3,2026-10-02 new working P3,277,2.76,2.77,y,-0.043940277571686656,0.42428857271139847,0.46822885028308514,-0.04385331931473756,0.42018175263846064,0.4640350719531982,0.03010281285934698,0.03619034518486423,0.021835307870955226,0.02983417159255497
nav-standard,working_p3,2026-10-02 new working P3,278,2.77,2.78,x,1.1938865568118102,1.987926992503084,0.7940404356912738,1.1939098559276928,1.9779781078215273,0.7840682518938344,0.05287075394542527,0.0602786418555985,0.04140223889468344,0.04879339324945908
nav-standard,working_p3,2026-10-02 new working P3,278,2.77,2.78,y,-0.056111499534959704,0.4204093028042356,0.4765208023391953,-0.05602454457172883,0.4164438755511627,0.47246842012289153,0.030381675348163006,0.036579467916695106,0.02228009408289979,0.030282197671442912
nav-standard,working_p3,2026-10-02 new working P3,279,2.78,2.79,x,1.181554974717951,1.9780682511427965,0.7965132764248455,1.1815790377575146,1.9680623208997787,0.7864832831422641,0.052984316175847,0.06046353585015907,0.04151055846295891,0.048954803901616994
nav-standard,working_p3,2026-10-02 new working P3,279,2.78,2.79,y,-0.06810889650743898,0.41666860985368576,0.4847775063611247,-0.06802195859950007,0.41284338773078977,0.4808653463302898,0.030659306505684086,0.03696730221305793,0.022722998868275647,0.03072710715130672
nav-standard,working_p3,2026-10-02 new working P3,280,2.79,2.8,x,1.1692752368215642,1.9681500338449116,0.7988747970233474,1.1693000546745036,1.958089534393933,0.7887894797194295,0.05309081779358262,0.06063912783004066,0.041613887719594234,0.04910926727502618
nav-standard,working_p3,2026-10-02 new working P3,280,2.79,2.8,y,-0.07993250007065898,0.41306527471679627,0.49299777478745527,-0.07984559532126152,0.4093790536664796,0.4892246489877411,0.03093567468668083,0.037351788268376734,0.023163964013773488,0.031169568230695777
nav-standard,working_p3,2026-10-02 new working P3,281,2.8,2.81,x,1.1570482281987444,1.958174902686311,0.8011266744875665,1.1570720775861298,1.9480598859037486,0.7909878083176187,0.05319207912477393,0.06081242792129338,0.041712691546524225,0.04925783893219693
nav-standard,working_p3,2026-10-02 new working P3,281,2.8,2.81,y,-0.09158253308931474,0.4095905591909679,0.5011730922802826,-0.09149844886419808,0.4060421624165275,0.4975406112807256,0.0312061509471132,0.03773081895330192,0.02360353236229232,0.03160957382438978
nav-standard,working_p3,2026-10-02 new working P3,282,2.81,2.82,x,1.1448721909616735,1.9481427048647086,0.8032705139030352,1.1448965953904517,1.9379731048882725,0.7930765094978207,0.05329837062552969,0.06098236087125963,0.04180605110276626,0.0493991755808616
nav-standard,working_p3,2026-10-02 new working P3,282,2.81,2.82,y,-0.10306668042902718,0.40624556934885386,0.509312249777881,-0.10298261260997879,0.40281587285663706,0.5057984854666159,0.031489616145804936,0.03812230934051851,0.024039864957167503,0.03204567584648177
nav-standard,working_p3,2026-10-02 new working P3,283,2.82,2.83,x,1.132749440710135,1.9380538190980512,0.8053043783879161,1.1327743938610935,1.927831981141971,0.7950575872808776,0.053398257198759,0.06114589093998801,0.04189485388220975,0.049536238858140846
nav-standard,working_p3,2026-10-02 new working P3,283,2.82,2.83,y,-0.11438245351508941,0.40301391310834467,0.517396366623434,-0.1142984171795314,0.39970193094456286,0.5140003481240942,0.031771112441273945,0.03851188197604052,0.0244737711441013,0.0324785580140749
nav-standard,working_p3,2026-10-02 new working P3,284,2.83,2.84,x,1.1206809765662993,1.927910603940513,0.8072296273742137,1.1207064720751898,1.917638866435371,0.7969323943601812,0.053491787845797036,0.061303105986599826,0.04197913550296058,0.049669106725350964
nav-standard,working_p3,2026-10-02 new working P3,284,2.83,2.84,y,-0.12552992222622308,0.3998946029877068,0.5254245252139299,-0.12544593238872687,0.3966993391243863,0.5221452715131132,0.03205060345977748,0.03889950272948897,0.024905191948649204,0.032908105171804924
nav-standard,working_p3,2026-10-02 new working P3,285,2.84,2.85,x,1.1086677849222588,1.9177154130534704,0.8090476281312116,1.1086938163805016,1.9073961072807466,0.798702290900245,0.05357904140537793,0.061454094336239384,0.042058961093481714,0.049797857302118054
nav-standard,working_p3,2026-10-02 new working P3,285,2.84,2.85,y,-0.13650918364256195,0.39688664283493114,0.5333958264774931,-0.13642525525268573,0.39380709130880365,0.5302323465614893,0.0323280637123578,0.039285138178238456,0.025334079443871386,0.033334238204025396
nav-standard,working_p3,2026-10-02 new working P3,286,2.85,2.86,x,1.0967108399388508,1.9074705907553282,0.8107597508164774,1.0967374008942428,1.897106040483876,0.8003686395896332,0.053660082569498425,0.06159894476077832,0.04213438052484613,0.049922568849366966
nav-standard,working_p3,2026-10-02 new working P3,286,2.85,2.86,y,-0.1473203646608193,0.3939890277898131,0.5413093924506324,-0.14723651260095813,0.3910241728419948,0.5382606854429529,0.03260348048328049,0.03966875561012559,0.025760398641721822,0.033756879551966434
nav-standard,working_p3,2026-10-02 new working P3,287,2.86,2.87,x,1.0848111058576417,1.8971784743768394,0.8123673685191977,1.0848381898150654,1.8867709955013374,0.801932805686272,0.05373498100764197,0.061737746459515463,0.042205449676363686,0.050043319752342
nav-standard,working_p3,2026-10-02 new working P3,287,2.86,2.87,y,-0.15796362260646335,0.39120074380301456,0.5491643664094779,-0.15787986168971205,0.3883495600194613,0.5462294217091733,0.03287683644111383,0.040052317945305824,0.02618411010705097,0.03417595272207688
nav-standard,working_p3,2026-10-02 new working P3,288,2.87,2.88,x,1.0729695330652111,1.8868413941823008,0.8138718611170896,1.07299713348735,1.8763932943637327,0.8033961608763827,0.053803814306007725,0.06187058903983367,0.04227223065107237,0.0501601885036278
nav-standard,working_p3,2026-10-02 new working P3,288,2.87,2.88,y,-0.16843914482022393,0.38852076878157393,0.5569599136017979,-0.168355489788253,0.3857822212342978,0.5541377110225507,0.033148107762263915,0.040433792228907375,0.026605168084036134,0.03459138184140839
nav-standard,working_p3,2026-10-02 new working P3,289,2.88,2.89,x,1.0611870595697073,1.8764616725882293,0.815274613018522,1.0612151698777625,1.8659752508964405,0.8047600810186779,0.05386665273272998,0.06199756469519602,0.04233477985750771,0.05027325588354814
nav-standard,working_p3,2026-10-02 new working P3,289,2.88,2.89,y,-0.17874714835338745,0.3859480723029012,0.5646952206562886,-0.17866361387433244,0.38332111669193525,0.5619847305662677,0.03341726737369097,0.040813147416295804,0.027023523741764782,0.03500309429134135
nav-standard,working_p3,2026-10-02 new working P3,290,2.89,2.9,x,1.049464610933254,1.8660416236889728,0.8165770127557188,1.0494932245076645,1.8555191702473488,0.8060259457396843,0.053923568629981974,0.0621187637524907,0.04239315378602874,0.05038260050994969
nav-standard,working_p3,2026-10-02 new working P3,290,2.89,2.9,y,-0.18888787978064758,0.38348161574299156,0.5723694955236391,-0.18880448044701206,0.38096519853908906,0.5697696789861011,0.03368428811911791,0.0411903531878142,0.027439128343281376,0.03541101587040446
nav-standard,working_p3,2026-10-02 new working P3,291,2.9,2.91,x,1.0378031002055823,1.85558355290295,0.8177804526973678,1.037832210386749,1.8450273485352702,0.8071951381485212,0.05397464003643567,0.06223427486765676,0.04244741895165025,0.05048829903630958
nav-standard,working_p3,2026-10-02 new working P3,291,2.9,2.91,y,-0.19886161490639068,0.38112035240522946,0.5799819673116201,-0.19877836523296316,0.3787134109932832,0.5774917762262464,0.03394915719997543,0.041565379950949145,0.027851947689341672,0.03581507260232372
nav-standard,working_p3,2026-10-02 new working P3,292,2.91,2.92,x,1.0262034252543506,1.8450897566136413,0.8188863313592907,1.0262330253433622,1.834502072493151,0.8082690471497886,0.05401993192150682,0.06234418908400019,0.04249763022671356,0.05059043021256593
nav-standard,working_p3,2026-10-02 new working P3,292,2.91,2.92,y,-0.20866874237746152,0.37886324060155396,0.5875319829790155,-0.20858565679924657,0.37656470342472237,0.5851503602239689,0.034211848793054986,0.041938198842372286,0.028261934738845623,0.03621519235764806
nav-standard,working_p3,2026-10-02 new working P3,293,2.92,2.93,x,1.0146664705461816,1.8345625218149002,0.8198960512687186,1.0146965538055444,1.8239456191156502,0.8092490653101059,0.05405951789962624,0.06244859775596456,0.04254384985066561,0.050689072811446634
nav-standard,working_p3,2026-10-02 new working P3,293,2.92,2.93,y,-0.21830951689573513,0.37670923648537546,0.5950187533811107,-0.2182266097658989,0.3745180231899012,0.5927446329558,0.034472344998891374,0.04230878172985723,0.028669050559970148,0.03661130468075022
nav-standard,working_p3,2026-10-02 new working P3,294,2.93,2.94,x,1.0031930964376021,1.8240041270625411,0.820811030624939,1.003223656091972,1.8133602566130427,0.8101366005210706,0.05409347324818862,0.06254759254256959,0.042586139765592265,0.05078430562449876
nav-standard,working_p3,2026-10-02 new working P3,294,2.93,2.94,y,-0.22778429606226522,0.3746572383820521,0.6024415344443174,-0.22770158165009574,0.3725722599627591,0.6002738416128548,0.034730636277106694,0.042677101214071825,0.029073264768233142,0.03700334020960147
nav-standard,working_p3,2026-10-02 new working P3,295,2.94,2.95,x,0.9917841577820394,1.8134168389545242,0.8216326811724848,0.9918151870189583,1.8027482408937645,0.8109330538748062,0.05412187893952608,0.06264126539434356,0.042624561331621014,0.050876207451651334
nav-standard,working_p3,2026-10-02 new working P3,295,2.94,2.95,y,-0.2370934712244019,0.3727061684457855,0.6097996396701875,-0.2370109637132844,0.37072632739224065,0.607737291105525,0.03498670103477546,0.04304313063041016,0.029474535117548366,0.037391231794311725
nav-standard,working_p3,2026-10-02 new working P3,296,2.95,2.96,x,0.9804405309309706,1.8028029153728327,0.822362384441862,0.9804720229016034,1.7921118188086982,0.8116397959070948,0.054144822153372,0.0627299115863833,0.04265917822824314,0.05096485703612408
nav-standard,working_p3,2026-10-02 new working P3,296,2.95,2.96,y,-0.24623746219993825,0.37085494155277093,0.6170924037527092,-0.24615517568534556,0.3689791319960961,0.6151343076814417,0.035240531920195314,0.04340690813498959,0.029872833796655153,0.037774911748584605
nav-standard,working_p3,2026-10-02 new working P3,297,2.96,2.97,x,0.9691630526555678,1.792164601498726,0.8230015488431582,0.9691950004754435,1.781453224168878,0.8122582236934346,0.054162381070304425,0.0628151813000335,0.04269004647408477,0.051050333312121055
nav-standard,working_p3,2026-10-02 new working P3,297,2.96,2.97,y,-0.25521671709935234,0.3691024652985461,0.6243191823978984,-0.2551346655868511,0.36732957315886644,0.6224642387457175,0.03549210343066738,0.04376834759229539,0.030268115039526793,0.038153577534737
nav-standard,working_p3,2026-10-02 new working P3,298,2.97,2.98,x,0.9579525467825896,1.781504131626166,0.8235515848435764,0.9579849435323449,1.7707746795614172,0.8127897360290723,0.0541746272293611,0.06289539254526733,0.042717231348140636,0.05113271492806515
nav-standard,working_p3,2026-10-02 new working P3,298,2.97,2.98,y,-0.2640317121447564,0.36744764012432374,0.6314793522690801,-0.26394990954802877,0.3657765432588377,0.6297264528068665,0.035741406121115024,0.044127420927291994,0.030660349336585867,0.03855755482535332
nav-standard,working_p3,2026-10-02 new working P3,299,2.98,2.99,x,0.9468098241378846,1.7708237289224824,0.8240139047845978,0.94684266286401,1.760078396112715,0.8132357332487051,0.054181621313079485,0.06297063786123225,0.042740790123147444,0.05121208043925707
nav-standard,working_p3,2026-10-02 new working P3,299,2.98,2.99,y,-0.27268295148487276,0.3658893594500965,0.6385723109349692,-0.27260141162375423,0.3643189278017541,0.6369203394255083,0.03598842582459977,0.0444841044185907,0.03104950265778516,0.03897066510862386
nav-standard,working_p3,2026-10-02 new working P3,300,2.99,3.0,x,0.9357356824911464,1.760125604923164,0.8243899224320176,0.9357689562067343,1.749366572985839,0.8135976167791047,0.05418343529247134,0.06304101000993612,0.04276078765635785,0.051288508351609474
nav-standard,working_p3,2026-10-02 new working P3,300,2.99,3.0,y,-0.28117096700606675,0.36442650980822655,0.6455974768142934,-0.28108970360460034,0.3629556055550009,0.6440453091596012,0.03623314614546987,0.04483837510143188,0.03143553894828919,0.03937986841263266
nav-standard,working_p3,2026-10-02 new working P3,301,3.0,3.01,x,0.924730544292424,1.749411874974791,0.8246813306823669,0.9247624056219641,1.73863402575126,0.8138716201292959,0.05417702775634535,0.06310506733475596,0.04277795434139634,0.05136272844958478
nav-standard,working_p3,2026-10-02 new working P3,301,3.0,3.01,y,-0.28949636378678834,0.3630436788052525,0.6525400425920409,-0.28942097389841537,0.36167122299208415,0.6510921968904995,0.03647121531377479,0.045186422464425044,0.031819123722624264,0.039785788092254706
nav-standard,working_p3,2026-10-02 new working P3,302,3.01,3.02,x,0.9137893758546358,1.7386777371075017,0.8248883612528659,0.9138214573451671,1.7278757178783797,0.8140542605332126,0.054185474035101475,0.06317811150138475,0.04279128792228309,0.05143194713780197
nav-standard,working_p3,2026-10-02 new working P3,302,3.01,3.02,y,-0.2976764017096125,0.36175754939401406,0.6594339511036266,-0.2976011688439649,0.3604555963143073,0.6580567651582723,0.03672075926598957,0.04554627844783174,0.032198340248592125,0.04018658788868569
nav-standard,working_p3,2026-10-02 new working P3,303,3.02,3.03,x,0.9029154177802514,1.7279177869938516,0.8250023692136002,0.9029477161976074,1.7170935235437166,0.8141458073461092,0.05418892893358999,0.06327452989056881,0.042801028983901805,0.05149981111731927
nav-standard,working_p3,2026-10-02 new working P3,303,3.02,3.03,y,-0.3057057016233126,0.3605385816007288,0.6662442832240414,-0.30563063755947983,0.3593063744755573,0.6649370120350371,0.03696731141006183,0.04590420754197376,0.03257406088158225,0.04058363746719747
nav-standard,working_p3,2026-10-02 new working P3,304,3.03,3.04,x,0.8921090643610798,1.7171339667442167,0.8250249023831369,0.8921415764628948,1.7062893756471051,0.8141477991842103,0.05418742173966001,0.06337008484769457,0.04280718043386557,0.05156643952686202
nav-standard,working_p3,2026-10-02 new working P3,304,3.03,3.04,y,-0.3135846083079937,0.3593860094775333,0.672970617785527,-0.31350972475122796,0.35822278883257663,0.6717325135838046,0.03721084420337641,0.0462582932838118,0.03294624210019255,0.040976662914860726
nav-standard,working_p3,2026-10-02 new working P3,305,3.04,3.05,x,0.8813707081874104,1.706328207218342,0.8249574990309317,0.8814034307232912,1.695465195562696,0.8140617648394048,0.05418101456742623,0.06346331562522445,0.042809776508852496,0.05163186338260495
nav-standard,working_p3,2026-10-02 new working P3,305,3.04,3.05,y,-0.3213134884408916,0.35829900492009165,0.6796124933609833,-0.32123879702101776,0.3572040086343536,0.6784428056553713,0.03745134101438718,0.04660864577450764,0.033314851429764994,0.041365441490735025
nav-standard,working_p3,2026-10-02 new working P3,306,3.05,3.06,x,0.8707007326067702,1.6955024312891345,0.8248016986823643,0.8707336623184678,1.684622896404849,0.8138892340863813,0.054169795702492675,0.06355315974284159,0.042808886269852645,0.051696162008388225
nav-standard,working_p3,2026-10-02 new working P3,306,3.05,3.06,y,-0.3288927330664707,0.35727680748524016,0.6861695405517109,-0.3288182453363091,0.3562492708398651,0.6850675161761741,0.03768879652215717,0.04695526150359082,0.03367986784380736,0.041756935582830876
nav-standard,working_p3,2026-10-02 new working P3,307,3.06,3.07,x,0.8600995142770508,1.6846585522339501,0.8245590379568993,0.8601326478986316,1.6737643814215573,0.8136317335229256,0.05415385463632597,0.06364102540731631,0.04280457946183402,0.05175941401581263
nav-standard,working_p3,2026-10-02 new working P3,307,3.06,3.07,y,-0.33632275643878595,0.3563186544947653,0.6926414109335512,-0.33624848387258877,0.35535781022194984,0.6916062940945387,0.037923202330305765,0.04729896591366253,0.034041267379800455,0.0422330848415504
nav-standard,working_p3,2026-10-02 new working P3,308,3.07,3.08,x,0.8495674203920497,1.6737984734602132,0.8242310530681635,0.8496007546500682,1.6628915437222351,0.8132907890721669,0.054133289657258755,0.06372563861943736,0.042796929212069706,0.051821697478111384
nav-standard,working_p3,2026-10-02 new working P3,308,3.07,3.08,y,-0.34360399594555663,0.35542378132399266,0.6990277772695492,-0.3435299499374583,0.35452885965599146,0.6980588095934497,0.03815455259673346,0.04763902931013769,0.03439902877076128,0.04270489660160588
nav-standard,working_p3,2026-10-02 new working P3,309,3.08,3.09,x,0.83910481972034,1.6629240882331917,0.8238192685128517,0.8391383513340108,1.6520062660077015,0.8128679146736907,0.05410818793120699,0.06380710116312271,0.04278600496858812,0.0518830896259892
nav-standard,working_p3,2026-10-02 new working P3,309,3.08,3.09,y,-0.3507369118806806,0.35459142042633474,0.7053283323070154,-0.35066310374316145,0.3537616491445569,0.7044247528877183,0.038382850815366264,0.04797550942563894,0.03475314022880385,0.04317320708097791
nav-standard,working_p3,2026-10-02 new working P3,310,3.09,3.1,x,0.8287120701850034,1.6520372794069609,0.8233252092219575,0.8287457958663738,1.6411104203033826,0.8123646244370089,0.05407860247122542,0.06388553997829294,0.042771886814753704,0.05194470328005152
nav-standard,working_p3,2026-10-02 new working P3,310,3.09,3.1,y,-0.3577219869805575,0.3538208025897263,0.7115427895702838,-0.3576484279429221,0.35305540707392086,0.710703835016843,0.03860809021259838,0.048308876644959586,0.03510357984337626,0.04363790116754876
nav-standard,working_p3,2026-10-02 new working P3,311,3.1,3.11,x,0.8183895240309468,1.6411399191537765,0.8227503951228298,0.81842344048507,1.6302058676909585,0.8117824272058886,0.05404456424049472,0.06396096590925393,0.04275463638918022,0.052011865476268015
nav-standard,working_p3,2026-10-02 new working P3,311,3.1,3.11,y,-0.3645597267198079,0.3531111563471142,0.7176708830669221,-0.36448642792667724,0.3524093596246421,0.7168957875513193,0.03883025395942222,0.048639085816394145,0.03545031579516264,0.04409845804594975
nav-standard,working_p3,2026-10-02 new working P3,312,3.11,3.12,x,0.8081375273375324,1.6302338687009892,0.8220963413634568,0.8081716312626404,1.619294458047588,0.8111228267849477,0.05400612103884421,0.06403345474054367,0.042734302996927535,0.05209692032406532
nav-standard,working_p3,2026-10-02 new working P3,312,3.11,3.12,y,-0.37125065895909043,0.3524617082268629,0.7237123671859533,-0.37117763146890864,0.35182273102205297,0.7230003624909616,0.03904933084378877,0.04896588732999363,0.035793322030193066,0.04455484951333552
nav-standard,working_p3,2026-10-02 new working P3,313,3.12,3.13,x,0.7979564195563916,1.6193209780673068,0.8213645585109152,0.7979907076440684,1.608378029784511,0.8103873221404425,0.05396332296411229,0.06410308199973191,0.04271093717334134,0.05218077470573124
nav-standard,working_p3,2026-10-02 new working P3,313,3.12,3.13,y,-0.37779533377084495,0.3518716827720313,0.7296670165428762,-0.37772258855440083,0.3512947435556184,0.7290173321100193,0.0392653102243256,0.04928934322259684,0.03613257321528826,0.04500712773597265
nav-standard,working_p3,2026-10-02 new working P3,314,3.13,3.14,x,0.7878465339351094,1.6084030858060443,0.8205565518709349,0.7878810028704651,1.5974584095926732,0.809577406722208,0.05391623997965835,0.06416992294154,0.04268460565205788,0.052263490442220784
nav-standard,working_p3,2026-10-02 new working P3,314,3.13,3.14,y,-0.3841943232648431,0.3513403025621415,0.7355346258269846,-0.3841218712038061,0.35082461760078376,0.7349464888045898,0.039478187328188516,0.04960951656585391,0.036468050037615087,0.045455346100966104
nav-standard,working_p3,2026-10-02 new working P3,315,3.14,3.15,x,0.777808065686588,1.5974820530569362,0.8196739873703482,0.7778427121484324,1.5865374121802618,0.8086947000318294,0.053864938293028596,0.06423405253204906,0.04265537081851597,0.05234512885565934
nav-standard,working_p3,2026-10-02 new working P3,315,3.14,3.15,y,-0.3904482221790701,0.35086954788056657,0.7413177700596367,-0.3903760740645418,0.3504143312864404,0.7407904053509822,0.039688022202087544,0.04992647145366197,0.03679979815739319,0.04589955920696523
nav-standard,working_p3,2026-10-02 new working P3,316,3.15,3.16,x,0.7678414617373042,1.5865605186724066,0.8187190569351024,0.7678762823983206,1.5756168400690025,0.8077405576706819,0.05380949122566083,0.06429554543298166,0.04262330014785512,0.05242575075619205
nav-standard,working_p3,2026-10-02 new working P3,316,3.15,3.16,y,-0.3965576647742041,0.35045663456605386,0.747014299340258,-0.39648583130528436,0.3500610983465231,0.7465469296518075,0.03989489128088451,0.05024027298814948,0.03712787977815,0.046339822859045754
nav-standard,working_p3,2026-10-02 new working P3,317,3.16,3.17,x,0.7579470755487812,1.5756394206614117,0.8176923451126306,0.757982067075701,1.5646984832439677,0.8067164161682666,0.0537499619955323,0.06435478361251912,0.042588450036041725,0.05250572405539211
nav-standard,working_p3,2026-10-02 new working P3,317,3.16,3.17,y,-0.4025232686245905,0.3501000244849077,0.7526232931094982,-0.40245176040695935,0.3497633785922658,0.7522151389992251,0.04009872494960083,0.05055098723552562,0.03745221121036234,0.046777493316528224
nav-standard,working_p3,2026-10-02 new working P3,318,3.17,3.18,x,0.748125215139818,1.5647205490094813,0.8165953338696633,0.7481603741935952,1.5537841189556494,0.8056237447620542,0.05368642375352613,0.06441161629660508,0.0425508819585113,0.05258488372018144
nav-standard,working_p3,2026-10-02 new working P3,318,3.17,3.18,y,-0.40834569214635336,0.34979892746587576,0.7581446196122291,-0.4082745196908682,0.34952037984715806,0.7577948995380263,0.04029954011326424,0.05085870893091082,0.03777279544291339,0.04722008826961921
nav-standard,working_p3,2026-10-02 new working P3,319,3.18,3.19,x,0.7383761821186056,1.5538056809651215,0.8154294988465159,0.7384115053545908,1.5428755114737067,0.804464006119116,0.053618950950536856,0.06446603854035504,0.04251065854287541,0.052663210346881595
nav-standard,working_p3,2026-10-02 new working P3,319,3.18,3.19,y,-0.4140256148623742,0.3495525581277344,0.7635781729901086,-0.4139547885836828,0.349331314774598,0.7632861033582807,0.04049731553883036,0.05116371371407083,0.038089597486600596,0.04765916750191093
nav-standard,working_p3,2026-10-02 new working P3,320,3.19,3.2,x,0.7287002715957254,1.5428965997608381,0.8141963281651128,0.7287357556638414,1.531974430810538,0.8032386751466967,0.05354761821205097,0.06451812338913698,0.04246784244551928,0.05274076232495983
nav-standard,working_p3,2026-10-02 new working P3,320,3.19,3.2,y,-0.41956373720818896,0.3493601295461168,0.7689238667543057,-0.41949326742335835,0.3491953945447861,0.7686886619681444,0.04069205588480904,0.05146583329344889,0.03840260840532418,0.0480945457655621
nav-standard,working_p3,2026-10-02 new working P3,321,3.2,3.21,x,0.719098242665669,1.5319896660294352,0.8128914233637662,0.7191336075710136,1.5210684060309325,0.8019347984599189,0.053468494101470775,0.0645552313983011,0.0424226772046868,0.052816227243503544
nav-standard,working_p3,2026-10-02 new working P3,321,3.2,3.21,y,-0.4249607400865431,0.3492132931187743,0.7741740332053174,-0.4248975242888637,0.34910430838557066,0.7740018326744343,0.04088000967797149,0.05176114374701668,0.03871238184684718,0.04852555272023254
nav-standard,working_p3,2026-10-02 new working P3,322,3.21,3.22,x,0.709569079037431,1.521082593285299,0.8115135142478679,0.7096045221175512,1.5101451321428885,0.8005406100253373,0.05340176687364041,0.06462444199859285,0.042375524898559384,0.052891344944821395
nav-standard,working_p3,2026-10-02 new working P3,322,3.21,3.22,y,-0.43023817657310254,0.3491192764192651,0.7793574529923677,-0.4301750543304922,0.349049400807514,0.7792244551380062,0.041076713687308974,0.05206627922255869,0.03901714469259358,0.04895587361625986
nav-standard,working_p3,2026-10-02 new working P3,323,3.22,3.23,x,0.7001120574652002,1.5101581700272622,0.8100461125620619,0.7001475770491193,1.499205936856162,0.7990583598070428,0.05332954405500169,0.0646873083653714,0.0423239152376025,0.05296150534767796
nav-standard,working_p3,2026-10-02 new working P3,323,3.22,3.23,y,-0.43538899369238915,0.3490615714846536,0.7844505651770428,-0.4353259730111343,0.3490302428909942,0.7843562159021285,0.04127223179430657,0.05237027914514403,0.03931788458273081,0.04938464105675905
nav-standard,working_p3,2026-10-02 new working P3,324,3.23,3.24,x,0.6907272547066883,1.499217837217514,0.8084905825108257,0.6907628491222128,1.4882522554350561,0.7974894063128434,0.053251915214493725,0.06474385790673143,0.04226792598405537,0.05302672729566593
nav-standard,working_p3,2026-10-02 new working P3,324,3.23,3.24,y,-0.4404134021415928,0.3490454280148059,0.7894588301563987,-0.4403504909820455,0.34904533412773214,0.7893958251097777,0.041468633930635546,0.0526731137449408,0.039614608903363775,0.04981181095628004
nav-standard,working_p3,2026-10-02 new working P3,325,3.24,3.25,x,0.6814146044384893,1.4882630301702842,0.8068484257317948,0.6814502720122523,1.4772855173207775,0.7958352453085252,0.0531689644416374,0.06479411885469921,0.04220763270814823,0.05308703029810391
nav-standard,working_p3,2026-10-02 new working P3,325,3.24,3.25,y,-0.4453116286326586,0.3490949313822114,0.79440656001487,-0.4452488349082749,0.34909483739833086,0.7943436723066057,0.041665271110679206,0.05297475360417517,0.039907274849542484,0.050237339696834804
nav-standard,working_p3,2026-10-02 new working P3,326,3.25,3.26,x,0.6721744196498546,1.4772951783742057,0.8051207587243511,0.6722101587073597,1.4663071459551085,0.7940969872477488,0.0530807543747429,0.06483812026013047,0.04214309205189754,0.05314243452658318
nav-standard,working_p3,2026-10-02 new working P3,326,3.25,3.26,y,-0.45008391579674645,0.349177474788947,0.7992613905856935,-0.4500212473731327,0.34917738071120563,0.7991986280843384,0.0418618394510253,0.053275169659537935,0.040195824844256454,0.050661184131898435
nav-standard,working_p3,2026-10-02 new working P3,327,3.26,3.27,x,0.663006814234629,1.4663157053159859,0.8033088910813568,0.663042623100294,1.4553185586054045,0.7922759355051104,0.05298737482721777,0.06487589198634724,0.04207438740740438,0.053192960810271694
nav-standard,working_p3,2026-10-02 new working P3,327,3.26,3.27,y,-0.4547305220867714,0.34929254260288406,0.8040230646896555,-0.45466798678073944,0.34929244843422913,0.8039604352149685,0.04205873902383049,0.0535743332045312,0.04048023938279405,0.051083301590331476
nav-standard,working_p3,2026-10-02 new working P3,328,3.27,3.28,x,0.6539119004030518,1.4553260283054112,0.8014141279023594,0.6539477774002523,1.4443211661909483,0.790373388790696,0.05288889924024218,0.06490746480217591,0.04200158573407164,0.05323863073063939
nav-standard,working_p3,2026-10-02 new working P3,328,3.27,3.28,y,-0.45925172167803696,0.34943964243483266,0.8086913641128697,-0.4591893272566675,0.3494395481782129,0.8086288754348804,0.0422561934589617,0.05387221589175609,0.040760486288067374,0.051503649880224184
nav-standard,working_p3,2026-10-02 new working P3,329,3.28,3.29,x,0.6448897865749247,1.4443275583016988,0.7994377717267741,0.6449257300260383,1.4333163731106702,0.7883906430846319,0.05278540274011554,0.06493287671684511,0.04192475928970607,0.05327947295805546
nav-standard,working_p3,2026-10-02 new working P3,329,3.28,3.29,y,-0.4636478043669815,0.34961825753633974,0.8132660619033212,-0.463585558546696,0.34961816319470507,0.813203721741401,0.042454402745811574,0.054168789735140416,0.04103653702632544,0.051922187292661626
nav-standard,working_p3,2026-10-02 new working P3,330,3.29,3.3,x,0.6359405794886436,1.433321699741222,0.7973811202525783,0.6359765877150932,1.4223055770722617,0.7863289893571684,0.05267695196703611,0.06495238649404467,0.04184398461449186,0.05331573676756718
nav-standard,working_p3,2026-10-02 new working P3,330,3.29,3.3,y,-0.4679190754680552,0.3498278597606067,0.8177469352286619,-0.4678569859136969,0.34982776533690835,0.8176847512506052,0.042653599743162726,0.054464027112104435,0.041308354953722634,0.05233887260540754
nav-standard,working_p3,2026-10-02 new working P3,331,3.3,3.31,x,0.6270643826177431,1.4223098503666278,0.7952454677488847,0.627100453940041,1.4112901689227024,0.7841897149826614,0.052563628473332694,0.06496579560528892,0.04175933645179832,0.05334721399399878
nav-standard,working_p3,2026-10-02 new working P3,331,3.3,3.31,y,-0.4720658557087443,0.35006805906422084,0.8221339147729652,-0.47200393003266755,0.3500679645614112,0.8220718945940788,0.04285372835044799,0.054757900765671136,0.0415759335442501,0.052753665086513024
nav-standard,working_p3,2026-10-02 new working P3,332,3.31,3.32,x,0.618261296601817,1.4112934010573672,0.7930321044555503,0.6182974293396086,1.4002715324802166,0.781974103140608,0.05244552023872172,0.0649731377279521,0.04167089649866414,0.05337392853173828
nav-standard,working_p3,2026-10-02 new working P3,332,3.31,3.32,y,-0.47608848112320756,0.3503383745356192,0.8264268556588268,-0.4760267268843766,0.3503382799566517,0.8263650068410282,0.04305511397939871,0.0550503838077972,0.04183928554270337,0.053166524499126594
nav-standard,working_p3,2026-10-02 new working P3,333,3.32,3.33,x,0.6095314192434881,1.4002737356879378,0.7907423164444497,0.6095676117155958,1.389251044393965,0.7796834326783691,0.0523227165414914,0.06497444731135893,0.041578748078343594,0.05339590490259605
nav-standard,working_p3,2026-10-02 new working P3,333,3.32,3.33,y,-0.4799873029420345,0.35063867136730903,0.8306259743093436,-0.4799257276451309,0.3506385767151381,0.8305643043602691,0.043257997919315366,0.05534144971995933,0.04209854288557466,0.053577411103539196
nav-standard,working_p3,2026-10-02 new working P3,334,3.33,3.34,x,0.6008748454659734,1.3892524977178062,0.7883776522518329,0.6009110959904406,1.378230073890829,0.7773189779003885,0.052195311942819365,0.06496975956978801,0.041482980727394314,0.053413168250592946
nav-standard,working_p3,2026-10-02 new working P3,334,3.33,3.34,y,-0.4837626935148835,0.3509686225083648,0.8347313160232483,-0.48370130460942284,0.3509685277859459,0.8346698323953687,0.04346257032443727,0.05563109016744572,0.04235378954193521,0.053986303472914776
nav-standard,working_p3,2026-10-02 new working P3,335,3.34,3.35,x,0.5922916565886845,1.3782311975304975,0.785939540941813,0.592327963482819,1.3672099827614428,0.7748820192786238,0.05206339927600081,0.06495911047539837,0.041383682850596945,0.0534257443366839
nav-standard,working_p3,2026-10-02 new working P3,335,3.34,3.35,y,-0.48741503732312264,0.35132698326970524,0.8387420205928279,-0.48735384220258054,0.3513268884799946,0.8386807306825752,0.043669152710102105,0.05591927662139318,0.04260508335444908,0.05439316011674636
nav-standard,working_p3,2026-10-02 new working P3,336,3.35,3.36,x,0.583781942805922,1.3672107851439645,0.7834288423380426,0.5838183043863402,1.3561921250576505,0.7723738206713103,0.05192708031510225,0.06494253675104567,0.04128094872702102,0.0534336595333913
nav-standard,working_p3,2026-10-02 new working P3,336,3.35,3.36,y,-0.4909447212157714,0.3517132255805758,0.8426579467963471,-0.49088372721671875,0.35171313072653054,0.8425968579432492,0.043877660484045775,0.05620596806900319,0.042852283890255825,0.05479792719247015
nav-standard,working_p3,2026-10-02 new working P3,337,3.36,3.37,x,0.5753458004876306,1.3561926145514847,0.780846814063854,0.5753822150703015,1.3451778469848656,0.7697956319145641,0.051786490742739624,0.06492073702524759,0.041174904928288986,0.05343760198159786
nav-standard,working_p3,2026-10-02 new working P3,337,3.36,3.37,y,-0.494352156090013,0.3521268316801288,0.8464789877701417,-0.4942913704912608,0.3521267367647068,0.8464181072559676,0.04408836094413099,0.05649113948363052,0.04309537345812027,0.05520056697693293
nav-standard,working_p3,2026-10-02 new working P3,338,3.37,3.38,x,0.5669833130755917,1.3451780318974875,0.7781947188218958,0.5670197789758803,1.334168486742291,0.7671487077664106,0.05164178691664598,0.0648930862839483,0.04106569860797919,0.05343693604415756
nav-standard,working_p3,2026-10-02 new working P3,338,3.37,3.38,y,-0.4976377674723952,0.3525672644409575,0.8502050319133527,-0.49757719749414864,0.3525671694671172,0.8501443669612658,0.044301345278158835,0.05677476621702948,0.0433343229382008,0.05560104225999482
nav-standard,working_p3,2026-10-02 new working P3,339,3.38,3.39,x,0.5586945293948314,1.3341683753184195,0.775473845923588,0.5587310449275431,1.3231653743653324,0.7644343294377893,0.05149306081181221,0.06485962338852747,0.0409534124451524,0.05343168982576341
nav-standard,working_p3,2026-10-02 new working P3,339,3.38,3.39,y,-0.500801995397439,0.353033995527566,0.853835990925005,-0.5007416482004615,0.3530339004982665,0.853775548698728,0.04451649539290671,0.0570568240051916,0.043569128238333435,0.05599931635170438
nav-standard,working_p3,2026-10-02 new working P3,340,3.39,3.4,x,0.5504795187920996,1.323164974786145,0.7726854559940454,0.5505160822715236,1.3121698315705685,0.761653749299045,0.05134036049833318,0.06482038792367195,0.04083808512359297,0.053421892022690765
nav-standard,working_p3,2026-10-02 new working P3,340,3.39,3.4,y,-0.5038452942877486,0.353526496324578,0.8573717906123266,-0.5037851769725354,0.353526401242779,0.8573115782153145,0.044733828466221655,0.057337288963110966,0.043799730279232875,0.05639535307837923
nav-standard,working_p3,2026-10-02 new working P3,341,3.4,3.41,x,0.5423387013224144,1.3121645450075474,0.7698258436851331,0.542374913067788,1.301170120195313,0.758795207127525,0.0511871056027821,0.06477909524158676,0.0407198730449944,0.05341070261393921
nav-standard,working_p3,2026-10-02 new working P3,341,3.4,3.41,y,-0.5067681958312585,0.35403654580222843,0.860804741633487,-0.5067118012648593,0.354036493060224,0.8607482943250833,0.04495008545106436,0.05761649286436665,0.044026923942503134,0.056789727272001794
nav-standard,working_p3,2026-10-02 new working P3,342,3.41,3.42,x,0.5342708093929793,1.3011647880415589,0.7668939786485796,0.5343070301871249,1.2901546308155343,0.7558476006284094,0.051020000911223995,0.06473272550002951,0.040597913522413355,0.05339727143660056
nav-standard,working_p3,2026-10-02 new working P3,342,3.41,3.42,y,-0.5095823414961959,0.3545569949494947,0.8641393364456906,-0.5095259252543685,0.354556942204704,0.8640828674590725,0.04516280951464953,0.05789413504416682,0.044246890850942064,0.05718108988487822
nav-standard,working_p3,2026-10-02 new working P3,343,3.42,3.43,x,0.5262756828301732,1.2901469166498483,0.763871233819675,0.5263119121515449,1.2791221827287722,0.7528102705772273,0.0508477439870559,0.06468299347827855,0.04047158832033799,0.053381655359259206
nav-standard,working_p3,2026-10-02 new working P3,343,3.42,3.43,y,-0.5122836485091741,0.35508826918972114,0.8673719176988952,-0.5122272165085544,0.35508821644265426,0.8673154329512087,0.04537566982711195,0.05816997750277378,0.04446160783164245,0.05756992563890298
nav-standard,working_p3,2026-10-02 new working P3,344,3.43,3.44,x,0.5183533319996783,1.2791120838413135,0.7607587518416352,0.518389569326744,1.2680739280789988,0.7496843587522548,0.05067040242685822,0.06462775769134432,0.04034095780851146,0.05336170130242135
nav-standard,working_p3,2026-10-02 new working P3,344,3.43,3.44,y,-0.5148720526928772,0.3556300894850622,0.8705021421779393,-0.5148156108400864,0.3556300367362292,0.8704456475763156,0.04558892925093981,0.05844386157772072,0.044671099633854114,0.05795606431783448
nav-standard,working_p3,2026-10-02 new working P3,345,3.44,3.45,x,0.5105037664939027,1.2680614408150428,0.7575576743211401,0.5105400113051479,1.2570110170796691,0.7464710057745212,0.05048804928005598,0.06456706343085439,0.04020608573334778,0.053337442843200744
nav-standard,working_p3,2026-10-02 new working P3,345,3.44,3.45,y,-0.5173475013012637,0.35618217680920167,0.8735296781104653,-0.5172910554922917,0.3561821240591126,0.8734731795514044,0.045801883260371275,0.05871568758657619,0.04487532114343608,0.05833939483623973
nav-standard,working_p3,2026-10-02 new working P3,346,3.45,3.46,x,0.5027269891330404,1.2569961405186298,0.7542691513855895,0.5027632409069728,1.245934601572368,0.7431713606653952,0.05030080330288308,0.06450096108782288,0.04006708091338269,0.0533089185400516
nav-standard,working_p3,2026-10-02 new working P3,346,3.45,3.46,y,-0.5197099548169456,0.35674425285526673,0.8764542076722124,-0.5196535099671833,0.35674420010443164,0.8763977100716149,0.04601470828236769,0.05898530372213204,0.045074230787110106,0.058719754135839936
nav-standard,working_p3,2026-10-02 new working P3,347,3.46,3.47,x,0.49502300840720564,1.2459173351186794,0.7508943267114738,0.4950592666223591,1.2348458324976581,0.739786565875299,0.050108730057813564,0.06442950105189116,0.03992399973245158,0.05327616683398617
nav-standard,working_p3,2026-10-02 new working P3,347,3.46,3.47,y,-0.5219593844772611,0.35731604158157604,0.8792754260588371,-0.5219029454719993,0.35731598883050486,0.8792189343025042,0.046226841959893746,0.05925248051269047,0.04526780276715968,0.05909690164693157
nav-standard,working_p3,2026-10-02 new working P3,348,3.47,3.48,x,0.48739183709405093,1.2348261760245038,0.747434338930453,0.4874281012289896,1.2237458599191318,0.7363177586901422,0.049911895162913,0.06435272237088518,0.03977689930866289,0.05323921471012594
nav-standard,working_p3,2026-10-02 new working P3,348,3.47,3.48,y,-0.5240957721244157,0.3578972604148689,0.8819930325392846,-0.524039344828261,0.35789720766407157,0.8819365524923326,0.04643817004806778,0.05953316691545782,0.0454560885507859,0.059470897900825825
nav-standard,working_p3,2026-10-02 new working P3,349,3.48,3.49,x,0.4798334816956011,1.2237238137736879,0.7438903320780867,0.4798697512289238,1.2126358329093452,0.7327660816804213,0.049710384376357324,0.06427149610658311,0.0396258549398142,0.05319892105546187
nav-standard,working_p3,2026-10-02 new working P3,349,3.48,3.49,y,-0.5261191123719567,0.35848763034023606,0.8846067427121929,-0.5260627026366417,0.35848757759022243,0.8845502802268641,0.04664857275149797,0.06001424733130223,0.045639063802622,0.05984438646273871
nav-standard,working_p3,2026-10-02 new working P3,350,3.49,3.5,x,0.47234794794170826,1.2126113978685693,0.740263449926861,0.4723842223520526,1.201516899386678,0.7291326770346255,0.04950428163979601,0.064191304228438,0.039470941216305074,0.05316075555459654
nav-standard,working_p3,2026-10-02 new working P3,350,3.49,3.5,y,-0.5280294115082869,0.35908687235123826,0.8871162838595251,-0.5279730251720641,0.35908681960251815,0.8870598447745823,0.04685780715875272,0.0604911324281418,0.045816771040634016,0.06021449504135276
nav-standard,working_p3,2026-10-02 new working P3,351,3.5,3.51,x,0.46493524079011866,1.2014900766817367,0.7365548358916181,0.4649715195561654,1.1903902060212248,0.7254186864650594,0.04929368997873639,0.06410593116006857,0.03931225152756722,0.05311849023825421
nav-standard,working_p3,2026-10-02 new working P3,351,3.5,3.51,y,-0.5298266874800873,0.35969470745169174,0.8895213949317791,-0.5297703303671262,0.35969465470477496,0.8894649850719012,0.04706565064029142,0.06096364393167669,0.045989242701494085,0.06058105567916511
nav-standard,working_p3,2026-10-02 new working P3,352,3.51,3.52,x,0.4575953644265194,1.1903609973336142,0.7327656329070948,0.45763164702699644,1.1792568981127838,0.7216252510857873,0.049078707081597596,0.06401542979849206,0.0391498744053636,0.05307216550454785
nav-standard,working_p3,2026-10-02 new working P3,352,3.51,3.52,y,-0.5315109698687782,0.36031085665745183,0.8918218265262301,-0.5314546477885638,0.36031080391284803,0.8917654517014117,0.04727216928690674,0.06143306555171393,0.04615649947649671,0.06094536224338129
nav-standard,working_p3,2026-10-02 new working P3,353,3.52,3.53,x,0.4503283220441348,1.1792253055759983,0.7288969835318635,0.4503646079578216,1.1681181194748118,0.7177535115169902,0.048859378520278614,0.06391985712703696,0.03898384494464482,0.05302182573393588
nav-standard,working_p3,2026-10-02 new working P3,353,3.52,3.53,y,-0.5330822998668242,0.36093504102205315,0.8940173408888774,-0.5330260186135589,0.36093498828027204,0.893961006893831,0.04747696436698363,0.061899951220926064,0.046318580437463036,0.06130797866370033
nav-standard,working_p3,2026-10-02 new working P3,354,3.53,3.54,x,0.44313410803360986,1.168084145653637,0.7249500376200272,0.4431703967393415,1.1569750122964322,0.7138046155570907,0.048635794131715857,0.06381936028884483,0.0388142435730827,0.05296760536477807
nav-standard,working_p3,2026-10-02 new working P3,354,3.53,3.54,y,-0.534540730249635,0.3615669825085762,0.8961077127582112,-0.5344844956016432,0.36156692977012733,0.8960514253717706,0.04768002520573383,0.06236315628865005,0.04647549540825077,0.06166777012516417
nav-standard,working_p3,2026-10-02 new working P3,355,3.54,3.55,x,0.4360127327781902,1.156938660241298,0.7209259274631079,0.4360490237548616,1.1458287170799437,0.7097796933250822,0.04840803761067093,0.06371392780525587,0.03864114496341781,0.05290948011378527
nav-standard,working_p3,2026-10-02 new working P3,355,3.54,3.55,y,-0.5358863253542907,0.3622058252617678,0.8980921506160585,-0.5358301430734258,0.3622057725271607,0.8980359156005865,0.04788090488860402,0.06282211550281736,0.04662720359434945,0.06202418104916127
nav-standard,working_p3,2026-10-02 new working P3,356,3.55,3.56,x,0.42896419732646424,1.1457901527976515,0.7168259554711873,0.4290004900530345,1.1346803724135137,0.7056798823604793,0.04817618887167692,0.06360361776814116,0.03846461885373001,0.05284749517042475
nav-standard,working_p3,2026-10-02 new working P3,356,3.55,3.56,y,-0.5371191647172587,0.3628524428342154,0.8999716075514741,-0.5370630405483133,0.36285239010395953,0.8999154306522729,0.048079604259195365,0.06327730139069546,0.04677370391404518,0.0623776934732658
nav-standard,working_p3,2026-10-02 new working P3,357,3.56,3.57,x,0.42198850200378585,1.1346400036641868,0.7126515016604009,0.42202479595928216,1.1235311150228429,0.7015063190635606,0.04794029251565997,0.06348848886234892,0.03828469969167249,0.052781696221449015
nav-standard,working_p3,2026-10-02 new working P3,357,3.56,3.57,y,-0.5382393411535671,0.36350598000229606,0.9017453211558631,-0.5381832808236857,0.36350592727690073,0.9016892081005865,0.048275645285497465,0.0637287398208091,0.046914885456931565,0.06272834261227933
nav-standard,working_p3,2026-10-02 new working P3,358,3.57,3.58,x,0.4150856463379804,1.1234889449023722,0.7084032985643918,0.41512194100150257,1.112382079501911,0.6972601385004085,0.047700439359200084,0.06336860067649708,0.038101469273564864,0.05271212976378081
nav-standard,working_p3,2026-10-02 new working P3,358,3.57,3.58,y,-0.5392469443646791,0.3641661581390101,0.9034131025036892,-0.5391909535827741,0.3641661054189846,0.9033570590017588,0.048468988783583064,0.0641763384483161,0.04705077757165427,0.06307604530275174
nav-standard,working_p3,2026-10-02 new working P3,359,3.58,3.59,x,0.40825562895816225,1.1123381114935464,0.7040824825353842,0.40829192380888685,1.1012343982543442,0.6929424744454573,0.047456720172743196,0.06324401157586401,0.037915008033133815,0.052638840979503665
nav-standard,working_p3,2026-10-02 new working P3,359,3.58,3.59,y,-0.5401420846357585,0.364832699760786,0.9049747843965446,-0.540086169091929,0.3648326470466395,0.9049188161385684,0.048659384870419355,0.06462006632799341,0.0471814153512635,0.06342077961513601
nav-standard,working_p3,2026-10-02 new working P3,360,3.59,3.6,x,0.4014984478783132,1.101188636232352,0.6996901883540387,0.40153474253560467,1.0900892013823618,0.6885544588467571,0.04720920177742812,0.06311478126388537,0.03772537240487624,0.05256187629946707
nav-standard,working_p3,2026-10-02 new working P3,360,3.59,3.6,y,-0.5409248836627912,0.36550532445849176,0.9064302081212829,-0.5408690490277448,0.36550527175073344,0.9063743207784782,0.04884657243752226,0.0650598933124969,0.047306752826762326,0.06376252425124032
nav-standard,working_p3,2026-10-02 new working P3,361,3.6,3.61,x,0.39481403100785106,1.090048945236898,0.6952349142290469,0.39484986554790774,1.0789549121974473,0.6841050466495395,0.046960884224845525,0.06298739412619803,0.03753236754096105,0.052480950628585266
nav-standard,working_p3,2026-10-02 new working P3,361,3.6,3.61,y,-0.5415956470937445,0.3661803257156836,0.9077759728094281,-0.5415396225030323,0.3661782917976702,0.9077179143007026,0.049025937591870336,0.06549475064043411,0.04742748885575192,0.06410246660287847
nav-standard,working_p3,2026-10-02 new working P3,362,3.61,3.62,x,0.3882011781744801,1.078912704958349,0.6907115267838688,0.38823700919775733,1.0678384319736223,0.6796014227758649,0.046699008162380866,0.06282854082713263,0.03733599860137844,0.05238979119993481
nav-standard,working_p3,2026-10-02 new working P3,362,3.61,3.62,y,-0.5421533943762255,0.36684808905189176,0.9090014834281173,-0.5420975938791276,0.3668460136762774,0.9089436075554049,0.04919362016008002,0.0659180663509038,0.047539959488701426,0.06443438531706355
nav-standard,working_p3,2026-10-02 new working P3,363,3.62,3.63,x,0.3816602982494008,1.0677930471977122,0.6861327489483113,0.38169612571984923,1.0567396588075983,0.6750435330877491,0.04643473565406593,0.06265979788841325,0.037137712177658946,0.05228959134357447
nav-standard,working_p3,2026-10-02 new working P3,363,3.62,3.63,y,-0.5425990803960965,0.3675103322758101,0.9101094126719066,-0.5425435096577941,0.3675082154460125,0.9100517251038065,0.04935619159140307,0.06633439251886655,0.04764623470242827,0.06476050618145512
nav-standard,working_p3,2026-10-02 new working P3,364,3.63,3.64,x,0.375191387859305,1.056691101603075,0.6814997137437699,0.3752272117408779,1.045659715256724,0.670432503515846,0.046168186560294984,0.06248128306981915,0.03693761805160296,0.052180451918218296
nav-standard,working_p3,2026-10-02 new working P3,364,3.63,3.64,y,-0.542933111981852,0.3681672995077879,0.9111004114896399,-0.5428777766196495,0.3681651412272525,0.9110429178469021,0.04951341074610673,0.06674362783380325,0.04774629894527456,0.06508073476099815
nav-standard,working_p3,2026-10-02 new working P3,365,3.64,3.65,x,0.3687943925893333,1.0456079915325953,0.676813598943262,0.36883021284598677,1.0345997174754757,0.6657695046294889,0.04589944261587468,0.06229311653879788,0.036735787847839804,0.05206247612549375
nav-standard,working_p3,2026-10-02 new working P3,365,3.64,3.65,y,-0.5431559072402635,0.36881899874453494,0.9119749059847985,-0.5431008128230208,0.3688167990167351,0.9119176118397558,0.04966487505982713,0.06714566665637,0.047840203952898175,0.06539497208227368
nav-standard,working_p3,2026-10-02 new working P3,366,3.65,3.66,x,0.3624693534196463,1.0345448339854546,0.6720754805658082,0.3625051700153393,1.0235607751476266,0.6610556051322873,0.045628558757973246,0.062095509448943376,0.03653226636254145,0.051935858091003206
nav-standard,working_p3,2026-10-02 new working P3,366,3.65,3.66,y,-0.5432678859275286,0.36946490327837533,0.912732789205904,-0.5432130379751007,0.3694626621068122,0.9126757000819129,0.049810246872272916,0.0675404876976515,0.047927943717961864,0.06570416672512785
nav-standard,working_p3,2026-10-02 new working P3,367,3.66,3.67,x,0.35621627200956596,1.023504267920868,0.667287995911302,0.3562520849082602,1.012545519806484,0.6562934348982239,0.045355611309741764,0.06188855054852205,0.03632711974777783,0.0518006694754366
nav-standard,working_p3,2026-10-02 new working P3,367,3.66,3.67,y,-0.5433376133967167,0.37010497702790446,0.9134425904246212,-0.5432159908508635,0.3701026944161073,0.9133186852669708,0.04994919250985886,0.0679280268742829,0.04800951076115752,0.06601594880005146
nav-standard,working_p3,2026-10-02 new working P3,368,3.67,3.68,x,0.3500351464609027,1.0124868373459406,0.6624516908850379,0.3500709556265629,1.0015544879239853,0.6514835322974224,0.04508069218641385,0.06167236658395481,0.0361204297200514,0.051657019880646304
nav-standard,working_p3,2026-10-02 new working P3,368,3.67,3.68,y,-0.5433401116238495,0.3707391848066319,0.9140792964304815,-0.5431098108548135,0.3707368607581577,0.9138466716129712,0.05008123051423966,0.06830808704286356,0.04808492184769198,0.06632181394945655
nav-standard,working_p3,2026-10-02 new working P3,369,3.68,3.69,x,0.34392597338558734,1.0014926807148035,0.6575667073292162,0.34396177878218087,0.990587810311081,0.6466260315289001,0.04480391423061649,0.06144729412643113,0.0359122988942268,0.05150522867885576
nav-standard,working_p3,2026-10-02 new working P3,369,3.68,3.69,y,-0.5432327539598596,0.37136749312664763,0.9146002470865072,-0.5428943004258404,0.3713651276450811,0.9142594280709215,0.0502063049501551,0.06868057102929936,0.04815425674565007,0.06662157093812504
nav-standard,working_p3,2026-10-02 new working P3,370,3.69,3.7,x,0.3378887496329856,0.9905228899382779,0.6526341403052922,0.3379245512244829,0.9796465711286636,0.6417220199041807,0.0445253638471871,0.06121322734686652,0.03570280342183291,0.05134517279021589
nav-standard,working_p3,2026-10-02 new working P3,370,3.69,3.7,y,-0.5430160594241115,0.3719898665666926,0.9150059259908041,-0.5425699892201568,0.3719874596556465,0.9145574488758033,0.05032439698139897,0.06904538366397578,0.0482174996413171,0.0669151180585702
nav-standard,working_p3,2026-10-02 new working P3,371,3.7,3.71,x,0.331923087217322,0.979578549017814,0.647655461800492,0.3319588849676964,0.9687318465227716,0.6367729615550752,0.04424512171258181,0.06097029747360827,0.035492013701506606,0.051176966143112956
nav-standard,working_p3,2026-10-02 new working P3,371,3.7,3.71,y,-0.5426904880591128,0.37260626901674343,0.9152967570758562,-0.5421373478137261,0.37260382067985837,0.9147411684935844,0.05043552508220096,0.06940243384886244,0.04827467175266031,0.06720234613923076
nav-standard,working_p3,2026-10-02 new working P3,372,3.71,3.72,x,0.3260286693812874,0.968660734969986,0.6426320655886986,0.3260644632545151,0.9578447055503695,0.6317802422958544,0.04396327829755024,0.06071860139924723,0.03528000990281773,0.051000688283585394
nav-standard,working_p3,2026-10-02 new working P3,372,3.71,3.72,y,-0.5422565174996942,0.3732166656961599,0.915473183195854,-0.5415968642704129,0.37321417593710426,0.9148110402075171,0.05053973919746241,0.06975412825114896,0.048325825791839125,0.06748314830490293
nav-standard,working_p3,2026-10-02 new working P3,373,3.72,3.73,x,0.320206174774813,0.9577705178024164,0.6375643430276035,0.32024196473487326,0.9469862101565634,0.62674424542169,0.04367996417026518,0.06045826928446851,0.035066912269001396,0.050816451981781086
nav-standard,working_p3,2026-10-02 new working P3,373,3.72,3.73,y,-0.5417146474001445,0.3738210216369917,0.9155356690371362,-0.5409490485681023,0.37381849045946186,0.9147675390275642,0.050637105358462296,0.07010808043924696,0.04837103088270781,0.06775744202298559
nav-standard,working_p3,2026-10-02 new working P3,374,3.73,3.74,x,0.3144555934281579,0.9469089602477699,0.6324533668196121,0.3144913794390328,0.9361574149098941,0.6216660354708613,0.04339522854109664,0.060189437623345055,0.03485275966385857,0.05062437629986094
nav-standard,working_p3,2026-10-02 new working P3,374,3.73,3.74,y,-0.5410653879513194,0.3744193036022785,0.9154846915535979,-0.5401944211148088,0.37441673100999845,0.9146111521248073,0.05072763459251117,0.07045438561024933,0.04841030017004104,0.06802532178551007
nav-standard,working_p3,2026-10-02 new working P3,375,3.74,3.75,x,0.30877692793273,0.9360771176600887,0.6273001897273587,0.3088127099584048,0.9253593668999853,0.6165466569415805,0.04310910915715217,0.0599122354831797,0.03463757947110807,0.0504245728344519
nav-standard,working_p3,2026-10-02 new working P3,375,3.74,3.75,y,-0.5403092597843899,0.37501147448490635,0.9153207342692963,-0.5393335126514405,0.3750088604816282,0.9143423731330687,0.05081134815329974,0.07079273349248832,0.04844365762775128,0.06828648221808234
nav-standard,working_p3,2026-10-02 new working P3,376,3.75,3.76,x,0.3031701765931755,0.9252760379123158,0.6221058613191404,0.30320595459763844,0.9145931056363874,0.611387151038749,0.042821679813969955,0.05962679193378462,0.03442143510270922,0.050217153148538474
nav-standard,working_p3,2026-10-02 new working P3,376,3.75,3.76,y,-0.5394467938735807,0.375597499244008,0.9150442931175887,-0.5383668641535689,0.37559484383351155,0.9139617079870805,0.05088827760731689,0.07112361455602509,0.0484711371650427,0.06854141847662354
nav-standard,working_p3,2026-10-02 new working P3,377,3.76,3.77,x,0.2976353365006467,0.9145067668137,0.6168714303130534,0.29767111044788896,0.9038596684673124,0.6061885580194234,0.042533053619158746,0.05933324125705852,0.03420442926463211,0.05000223398365444
nav-standard,working_p3,2026-10-02 new working P3,377,3.76,3.77,y,-0.5384785314379053,0.37617734283342547,0.9146558742713307,-0.5372950267322112,0.3761746460195185,0.9134696727517297,0.05095855517454149,0.07144888944032987,0.04849287314172375,0.068791995674851
nav-standard,working_p3,2026-10-02 new working P3,378,3.77,3.78,x,0.29217240478399004,0.903770334410424,0.611597929626434,0.2922081746380059,0.893160076881602,0.6009519022435961,0.042243454701923686,0.05903172764920861,0.03398677567088139,0.049779941964718466
nav-standard,working_p3,2026-10-02 new working P3,378,3.77,3.78,y,-0.5374050238419164,0.3767509701506103,0.9141559939925267,-0.5361185615336435,0.37674823193712825,0.9128667934707717,0.051022597532796234,0.07176598672789211,0.04850928420181716,0.06903564665771988
nav-standard,working_p3,2026-10-02 new working P3,379,3.78,3.79,x,0.28678137860974684,0.8930677651887096,0.6062863865789627,0.2868171443345337,0.8824953467131817,0.595678202378648,0.04195299534973498,0.05872245061721182,0.033768576176483316,0.0495504589991107
nav-standard,working_p3,2026-10-02 new working P3,379,3.78,3.79,y,-0.536226832781029,0.37731834618689947,0.9135451789679285,-0.5348380399238029,0.37731556657770576,0.9121536065015086,0.051080488798223155,0.0720746589644074,0.04852045627287018,0.06927212802146732
nav-standard,working_p3,2026-10-02 new working P3,380,3.79,3.8,x,0.28146225518215406,0.8824000745152596,0.6009378193331055,0.2814980167417124,0.87186648458286,0.5903684678411476,0.04166165086018768,0.05840547676312735,0.03354979563663392,0.04931383406360024
nav-standard,working_p3,2026-10-02 new working P3,380,3.79,3.8,y,-0.534944532341201,0.37787943587953005,0.9128239682207311,-0.5334540455470628,0.3778766148785159,0.9113306604255786,0.051131935637022105,0.07237478541478287,0.048526098248117176,0.06950132286950719
nav-standard,working_p3,2026-10-02 new working P3,381,3.8,3.81,x,0.2762150032826581,0.8717743997070392,0.595559396424381,0.27624940612919974,0.861280618969476,0.5850312128402764,0.04136946428897998,0.05807930927700944,0.0333305661244256,0.0490688977820265
nav-standard,working_p3,2026-10-02 new working P3,381,3.8,3.81,y,-0.5335587384139768,0.378434219460479,0.9119929578744559,-0.5319684384611322,0.3784248765184745,0.9103933149796066,0.05117337038818655,0.07266399137637683,0.048526860840480635,0.06972450355061835
nav-standard,working_p3,2026-10-02 new working P3,382,3.81,3.82,x,0.27103701334622465,0.8611857521069759,0.5901487387607512,0.2710714411005704,0.850746561018253,0.5796751199176826,0.04107623102583375,0.05774696510721666,0.033110297996482164,0.048817303294002135
nav-standard,working_p3,2026-10-02 new working P3,382,3.81,3.82,y,-0.532070800646668,0.3789627410381393,0.9110335416848073,-0.5303828502344983,0.3789535258398404,0.9093363760743387,0.05119741214452739,0.07293377021685757,0.04851955106202266,0.06993306467673421
nav-standard,working_p3,2026-10-02 new working P3,383,3.82,3.83,x,0.26592775509387745,0.8506508699381755,0.5847231148442981,0.26596220740230336,0.8402671783742983,0.574304970971995,0.040783279280620505,0.057412390608512,0.032890495458021765,0.04856387716926225
nav-standard,working_p3,2026-10-02 new working P3,383,3.82,3.83,y,-0.5304833677737253,0.3794731880923858,0.9099565558661111,-0.528698703263487,0.37946410069803715,0.9081628039615242,0.051214452263428814,0.07319259594998481,0.04850598795407586,0.07013186404751495
nav-standard,working_p3,2026-10-02 new working P3,384,3.83,3.84,x,0.2608872828903396,0.8401706803758264,0.5792833974854869,0.260921759398986,0.829843385084158,0.568921625685172,0.04049069808199367,0.05707574924768555,0.032671239602370866,0.04830876752536428
nav-standard,working_p3,2026-10-02 new working P3,384,3.83,3.84,y,-0.5287973638409945,0.37996585569701213,0.9087632195380067,-0.5269169298661478,0.37995689616598965,0.9068738260321374,0.0512246118501961,0.07344050024318438,0.04848629382726537,0.07032093520496371
nav-standard,working_p3,2026-10-02 new working P3,385,3.84,3.85,x,0.2559156152660096,0.829746096996011,0.5738304817300014,0.2559501156208828,0.81947608151942,0.5635259658985372,0.04019852280326085,0.056737196200984386,0.03245255786927045,0.048052114185174966
nav-standard,working_p3,2026-10-02 new working P3,385,3.84,3.85,y,-0.5270137218271866,0.38044104113147537,0.907454762958662,-0.5250384711242395,0.3804322095222854,0.9054706806465249,0.051227888529441046,0.07367743477054334,0.04846046671886349,0.07050023152578996
nav-standard,working_p3,2026-10-02 new working P3,386,3.85,3.86,x,0.2510128374728471,0.8193780225937902,0.5683651851209431,0.2510473613198216,0.8091661571968574,0.5581187958770357,0.03990682324578189,0.056396888025362135,0.03223451211779505,0.04779405835007089
nav-standard,working_p3,2026-10-02 new working P3,386,3.85,3.86,y,-0.5251333870951027,0.380899043040726,0.9060324301358287,-0.5230642803337904,0.3808903394110052,0.9039546197447956,0.05122435632846563,0.07390349544451058,0.048428582034266664,0.07066985045321628
nav-standard,working_p3,2026-10-02 new working P3,387,3.86,3.87,x,0.2461790027911332,0.8090673429984455,0.5628883402073124,0.2462135497759535,0.798914484595734,0.5527009348197804,0.03961571895933546,0.05605514069039774,0.03201721395418226,0.047534900633803945
nav-standard,working_p3,2026-10-02 new working P3,387,3.86,3.87,y,-0.5231575418789591,0.38134015377067787,0.904497695649637,-0.5209955474917798,0.38133157817719293,0.9023271256689727,0.05121409538394184,0.07411870864864634,0.04839071996103682,0.07082981972985383
nav-standard,working_p3,2026-10-02 new working P3,388,3.87,3.88,x,0.24141340367135664,0.7988149327829174,0.5574015291115607,0.2414479734396394,0.7887219248693123,0.5472739514296728,0.03932527510934247,0.05571200071257054,0.03180072059606638,0.04727467219872228
nav-standard,working_p3,2026-10-02 new working P3,388,3.87,3.88,y,-0.5210873812916725,0.381764666880988,0.9028520481726605,-0.5188334753028062,0.3817562193796354,0.9005896946824417,0.05119721093546524,0.07432309373721313,0.04834698670603271,0.07098015989743922
nav-standard,working_p3,2026-10-02 new working P3,389,3.88,3.89,x,0.23671620703032628,0.7886216532078564,0.5519054461775301,0.23675079922756226,0.7785893257909792,0.5418385265634169,0.03903548864113025,0.05536756373409679,0.031585021042952285,0.04701345333654949
nav-standard,working_p3,2026-10-02 new working P3,389,3.88,3.89,y,-0.518923411044003,0.3821728781429037,0.9010962891869067,-0.5165785768976361,0.3821645587887093,0.8987431356863453,0.05117370045139187,0.07451669887652565,0.04829737982581533,0.07112092013835
nav-standard,working_p3,2026-10-02 new working P3,390,3.89,3.9,x,0.23208809842992562,0.778488352151561,0.5464002537216354,0.23212271270148163,0.7685175216862643,0.5363948089847826,0.03874641786732883,0.05502197879424964,0.03137016565704434,0.046751377741645284
nav-standard,working_p3,2026-10-02 new working P3,390,3.89,3.9,y,-0.5166666026472292,0.38256508346032564,0.8992316861075549,-0.5142318310353103,0.3825568923074446,0.896788723342755,0.051143627892921664,0.07469957370919536,0.04824196430534232,0.0712521509400349
nav-standard,working_p3,2026-10-02 new working P3,391,3.9,3.91,x,0.22752912540247625,0.7684158640419758,0.5408867386394995,0.2275637613935973,0.7585073333669229,0.5309435719733255,0.03845812234480466,0.05467539302881008,0.031156206051879392,0.046488577212392856
nav-standard,working_p3,2026-10-02 new working P3,391,3.9,3.91,y,-0.5143179351193132,0.38294157886736596,0.8972595139866792,-0.5117942238087643,0.38293351596908226,0.8947277397778466,0.05110712060667717,0.07487176932477185,0.04818086717402527,0.07137390406586039
nav-standard,working_p3,2026-10-02 new working P3,392,3.91,3.92,x,0.22303933455504585,0.7584050097907638,0.5353656752357179,0.22307399191085703,0.7485595680670974,0.5254855761562405,0.03817065482363035,0.05432798265338701,0.030943187026591608,0.04622521263645374
nav-standard,working_p3,2026-10-02 new working P3,392,3.91,3.92,y,-0.5118783948617848,0.38330266047512745,0.8951810553369122,-0.5092667485211911,0.3832947258838537,0.8925614744050449,0.05106422983995594,0.07503333832796921,0.04811414002959135,0.07148623262356202
nav-standard,working_p3,2026-10-02 new working P3,393,3.92,3.93,x,0.21861876846016556,0.7484565967294724,0.5298378282693068,0.2186534468256741,0.7386750193815774,0.5200215725559033,0.03788404523113133,0.053979919232913676,0.03073113057305361,0.04596144026219473
nav-standard,working_p3,2026-10-02 new working P3,393,3.92,3.93,y,-0.5093489754714549,0.38364865460890496,0.8929976300803598,-0.5066504054972608,0.38364084837618223,0.8902912538734431,0.051015009138195955,0.07518433451179068,0.04804183575586638,0.07158919073861389
nav-standard,working_p3,2026-10-02 new working P3,394,3.93,3.94,x,0.21426747280025132,0.7385714185477701,0.5243039457475187,0.21430217182034858,0.728854467206134,0.5145522953857854,0.037598349452890964,0.053631285645685645,0.03052008462400982,0.045697327664653564
nav-standard,working_p3,2026-10-02 new working P3,394,3.93,3.94,y,-0.5067306775677997,0.3839798428699271,0.8907105204377268,-0.5039462019100314,0.38397216504642456,0.8879183669564559,0.05095951036447884,0.07532481313030288,0.04796400734863382,0.07168283382726708
nav-standard,working_p3,2026-10-02 new working P3,395,3.94,3.95,x,0.2099854925889777,0.728750255233771,0.5187647626447933,0.21002021190844117,0.7190986776799454,0.5090784657715042,0.03731362667598119,0.05328222125947679,0.030310100442418907,0.04543299892357816
nav-standard,working_p3,2026-10-02 new working P3,395,3.94,3.95,y,-0.5040245255133416,0.3842965071674296,0.8883210326807712,-0.5011551685008846,0.38428895780294425,0.8854441263038288,0.05089785408127841,0.07545536100948393,0.04788077473657607,0.07176774870768184
nav-standard,working_p3,2026-10-02 new working P3,396,3.95,3.96,x,0.20577287071951975,0.7189938732731537,0.5132210025536339,0.2058076099830151,0.7094084033868213,0.5036007934038063,0.03702990635129135,0.0529328635809595,0.030101199530490473,0.04516857627476628
nav-standard,working_p3,2026-10-02 new working P3,396,3.95,3.96,y,-0.5012315312793802,0.38459894431678643,0.8858304755961667,-0.49827832344483325,0.38459152346024295,0.8828698469050762,0.05083009718660647,0.07557549064931544,0.047792194398740204,0.0718434477023229
nav-standard,working_p3,2026-10-02 new working P3,397,3.96,3.97,x,0.20163034467769136,0.7093030250164888,0.5076726803387974,0.20166510352977438,0.6997843827246382,0.49811927919486376,0.036747208902338735,0.052583347941908165,0.029893394400712064,0.044904179798184785
nav-standard,working_p3,2026-10-02 new working P3,397,3.96,3.97,y,-0.4983527022387502,0.3848874556882976,0.8832401579270478,-0.4953166801428841,0.38488016338774794,0.880196843530632,0.05075628334328457,0.07568526110829428,0.04769831013277028,0.0719099895227944
nav-standard,working_p3,2026-10-02 new working P3,398,3.97,3.98,x,0.19755716346486965,0.6996784488225195,0.5021212853576499,0.19759194154998827,0.6902273400507307,0.49263539850074245,0.03646559493421005,0.05223381785820602,0.029686737724823282,0.044639937778887084
nav-standard,working_p3,2026-10-02 new working P3,398,3.97,3.98,y,-0.49538906538550537,0.3851623352437462,0.8805514006292516,-0.4922712714413453,0.38515517154636963,0.877426442987715,0.050676489409440126,0.07578478591848999,0.0475991985557833,0.0719674871852396
nav-standard,working_p3,2026-10-02 new working P3,399,3.98,3.99,x,0.19355332335319766,0.6901208693182201,0.4965675459650225,0.19358812031569406,0.6807379859440638,0.4871498656283697,0.03618512707729929,0.05188447171346294,0.029481284227632815,0.04437603339253737
nav-standard,working_p3,2026-10-02 new working P3,399,3.98,3.99,y,-0.49234165386587825,0.3854238781251994,0.8777655319910777,-0.489143136162441,0.38541684307730195,0.8745599792397429,0.050590859556131726,0.07587408447975444,0.047495002842642256,0.07201595940491255
nav-standard,working_p3,2026-10-02 new working P3,400,3.99,4.0,x,0.18961880382947488,0.6806309971620994,0.4910121933326245,0.18965361931358732,0.6713170169706522,0.48166339765706484,0.035905956494897764,0.05153536165313288,0.029277177160086897,0.044112503601429875
nav-standard,working_p3,2026-10-02 new working P3,400,3.99,4.0,y,-0.4892115068029683,0.3856723814129331,0.8748838882159014,-0.4859333189286745,0.38566547505994747,0.871598793988622,0.050499613302487555,0.07595321161551766,0.04738594220176266,0.07205546015235491
nav-standard,working_p3,2026-10-02 new working P3,401,4.0,4.01,x,0.18575221476832188,0.6712147580596314,0.4854625432913095,0.18578314720785094,0.6619703447011085,0.47618719749325755,0.0356272674458682,0.051184683563863353,0.029075808260008607,0.04385258276095927
nav-standard,working_p3,2026-10-02 new working P3,401,4.0,4.01,y,-0.48600011088115247,0.38590806102117453,0.871908171902327,-0.48264569272002705,0.3858979937998789,0.8685436865199059,0.050405897745997165,0.07601722319208365,0.04727353685714511,0.0720898089645207
nav-standard,working_p3,2026-10-02 new working P3,402,4.01,4.02,x,0.18194541150311536,0.6618673178328925,0.47992190632977716,0.18197638936856927,0.6527021458996657,0.4707257565310964,0.03535574322575929,0.05085084443441856,0.028874998075241843,0.04359446521701177
nav-standard,working_p3,2026-10-02 new working P3,402,4.01,4.02,y,-0.4827098020828322,0.3861215367511601,0.8688313388339923,-0.4792827650458826,0.3861116960674501,0.8653944611133326,0.05028344912620397,0.07605735296437022,0.047154104033217334,0.07210972685759609
nav-standard,working_p3,2026-10-02 new working P3,403,4.02,4.03,x,0.17819806404340344,0.6525977159147327,0.47439965187132926,0.17822908609833293,0.6435123287562027,0.46528324265786974,0.03508649880439482,0.050520235049554885,0.028676493701081635,0.0433395371000293
nav-standard,working_p3,2026-10-02 new working P3,403,4.02,4.03,y,-0.47934419087172253,0.38631841450294496,0.8656626053746674,-0.47584576897067676,0.38630880055534483,0.8621545695260215,0.05015536525211432,0.0760852932125614,0.047029424543786794,0.07211826778924758
nav-standard,working_p3,2026-10-02 new working P3,404,4.03,4.04,x,0.1745102492214323,0.6434065281190573,0.468896278897625,0.17454131422856564,0.6344014525676612,0.45986013833909556,0.034819558780536844,0.05019296093882342,0.028480315295948456,0.043087896325667174
nav-standard,working_p3,2026-10-02 new working P3,404,4.03,4.04,y,-0.47590450682930935,0.3864990976193465,0.8624036044486558,-0.47233593754858294,0.38648971060039494,0.8588256481489779,0.05002172961913852,0.07610114860772775,0.04689958126069182,0.07211553492206348
nav-standard,working_p3,2026-10-02 new working P3,405,4.04,4.05,x,0.17088135832383772,0.6342943093392983,0.4634129510154606,0.17091246504510788,0.6253700556930168,0.45445759064790897,0.03455495569905214,0.049869122764994056,0.02828649098353886,0.04283963596058221
nav-standard,working_p3,2026-10-02 new working P3,405,4.04,4.05,y,-0.4723919754668388,0.3866640222067376,0.8590559976735764,-0.46875449955836607,0.38665486230298446,0.8554093618613505,0.04988267181126256,0.07610502115801242,0.0467647023763507,0.07210162869323677
nav-standard,working_p3,2026-10-02 new working P3,406,4.05,4.06,x,0.16731215508663855,0.6252616014463361,0.4579494463596976,0.1673433022832104,0.6164186634536339,0.44907536117042357,0.03429265830164521,0.049548817853559524,0.028094985071462835,0.04259484575245415
nav-standard,working_p3,2026-10-02 new working P3,406,4.05,4.06,y,-0.46880778773940346,0.38681359360203876,0.8556213813414422,-0.46510264901748716,0.3868046609940416,0.8519073100115288,0.04973822325298467,0.07609702380088408,0.04662481781928919,0.07207666040698765
nav-standard,working_p3,2026-10-02 new working P3,407,4.06,4.07,x,0.16380270643395745,0.6163089286050084,0.45250622217105096,0.1638338928662549,0.6075477834522053,0.44371389058595034,0.034032715884863736,0.049232142165723136,0.02790584243554156,0.042353614103490644
nav-standard,working_p3,2026-10-02 new working P3,407,4.06,4.07,y,-0.46515316763940534,0.3869482530558004,0.8521014206952058,-0.4613816127756129,0.3869395479181216,0.8483211606937344,0.049588513628291475,0.07607726959202955,0.04648005721803262,0.0720407414236297
nav-standard,working_p3,2026-10-02 new working P3,408,4.07,4.08,x,0.16035307800228502,0.6074367991244589,0.44708372112217387,0.1603843024300183,0.5987579074255295,0.43837360499551115,0.033775112161410444,0.04891918837381842,0.027719042378926827,0.04211602614636151
nav-standard,working_p3,2026-10-02 new working P3,408,4.07,4.08,y,-0.46142938642573317,0.3870684192533667,0.8484978056790999,-0.4575926647438672,0.38705994175457015,0.8446526064984373,0.049433632214656666,0.07604588116648071,0.04633051092778354,0.07199399262087432
nav-standard,working_p3,2026-10-02 new working P3,409,4.08,4.09,x,0.15696333165340004,0.5986457051351273,0.44168237348172723,0.15699459283559283,0.5900495109239271,0.4330549180883343,0.03351982737475045,0.04861007416080004,0.027534560734865803,0.0418821920442034
nav-standard,working_p3,2026-10-02 new working P3,409,4.08,4.09,y,-0.4576376268694408,0.38717452909518996,0.8448121559646308,-0.45373699014061125,0.38716627939783826,0.8409032695384495,0.04927364921110958,0.07600301638611605,0.04617624807068836,0.07193657004151328
nav-standard,working_p3,2026-10-02 new working P3,410,4.09,4.1,x,0.15363351696013533,0.5899361224217505,0.4363026054616152,0.15366481365515194,0.5814230531466654,0.4277582394915135,0.03326690006065342,0.04830486620712798,0.027352431637832277,0.041652170978015546
nav-standard,working_p3,2026-10-02 new working P3,410,4.09,4.1,y,-0.45377912033298534,0.3872669865533786,0.8410461068863639,-0.4498158225708121,0.38725896481403027,0.8370747873848423,0.0491087127785571,0.07594872957370724,0.04601741303962972,0.07186852612765054
nav-standard,working_p3,2026-10-02 new working P3,411,4.1,4.11,x,0.150363704102449,0.5813085104134706,0.4309448063110216,0.15039503506802174,0.5728789769344872,0.42248394186646543,0.03301631600140214,0.048003639228088646,0.02717263647973254,0.041426030184491425
nav-standard,working_p3,2026-10-02 new working P3,411,4.1,4.11,y,-0.4498551009030345,0.3873462133386663,0.8372013142417007,-0.4458303981590072,0.387338419707873,0.8331688178668802,0.04893887607851806,0.07588322917165752,0.04585406125870752,0.07179006737962934
nav-standard,working_p3,2026-10-02 new working P3,412,4.11,4.12,x,0.14715394851834987,0.5727633121762994,0.42560936365794955,0.14718531251160616,0.5644177087644917,0.41723239625288555,0.032768042334254344,0.04770655671216567,0.02699513801241003,0.04120392569489845
nav-standard,working_p3,2026-10-02 new working P3,412,4.11,4.12,y,-0.4458668051883168,0.38741263442328794,0.8332794396116048,-0.4417819553473405,0.387405069045592,0.8291870243929325,0.04876420897241969,0.07580668453981944,0.04568626177753034,0.07170136115404258
nav-standard,working_p3,2026-10-02 new working P3,413,4.12,4.13,x,0.14400420831913252,0.5643009544080156,0.4202967460888831,0.14403560409662217,0.5560396587474463,0.4120040546508241,0.032522134117450745,0.047413614489123124,0.02681998691949078,0.04098584590366733
nav-standard,working_p3,2026-10-02 new working P3,413,4.12,4.13,y,-0.4418154986035659,0.38746667497451737,0.8292821735780833,-0.4376717611797193,0.3874593379884493,0.8251310991681686,0.04858486731001542,0.07571914114855671,0.04551416958530332,0.07160245085699161
nav-standard,working_p3,2026-10-02 new working P3,414,4.13,4.14,x,0.14091462449633782,0.5559218474354457,0.41500722293910786,0.14094605081406036,0.5477452206274757,0.4067991698134153,0.032278566322596,0.047125404712767605,0.026647153803737174,0.040772375551660356
nav-standard,working_p3,2026-10-02 new working P3,414,4.13,4.14,y,-0.437702397103975,0.38750875993918094,0.825211157043156,-0.4335010330365097,0.38750165147725696,0.8210026845137667,0.04840090658663544,0.07562249915072508,0.04533783534361373,0.07149523451626638
nav-standard,working_p3,2026-10-02 new working P3,415,4.14,4.15,x,0.13788525037386876,0.5476263852141344,0.40974113484026564,0.1379167059873006,0.539534771784138,0.4016180657968374,0.03203736119325353,0.04684171899698464,0.02647665654854296,0.04056329886271093
nav-standard,working_p3,2026-10-02 new working P3,415,4.14,4.15,y,-0.4335287433609167,0.38753931523680046,0.8210680585977171,-0.42927101481052443,0.38753243542552057,0.8168034502360451,0.048212473755566754,0.07551522400010799,0.04515741031169328,0.07137817539998592
nav-standard,working_p3,2026-10-02 new working P3,416,4.15,4.16,x,0.1349161312019018,0.5394149453303994,0.40449881412849753,0.1349476148660236,0.5314086732368803,0.39646105837085677,0.03179861553005238,0.046568184754160136,0.0263085876102839,0.04036423588254684
nav-standard,working_p3,2026-10-02 new working P3,416,4.15,4.16,y,-0.4292957820656011,0.3875587665563616,0.8168545486219627,-0.4249829522109768,0.3875521155162073,0.8125350677271841,0.048019821713028724,0.07541040138835195,0.044973145243143026,0.07126435695374114
nav-standard,working_p3,2026-10-02 new working P3,417,4.16,4.17,x,0.13200730968254507,0.5312878890057676,0.3992805793232226,0.13203882015186896,0.5233672696518702,0.39132844950000123,0.03156241373424197,0.046302505344669675,0.026143027041651994,0.040172882628779494
nav-standard,working_p3,2026-10-02 new working P3,417,4.16,4.17,y,-0.4250047594227326,0.3875675397396248,0.8125722991623574,-0.42063809225746057,0.38756111758505696,0.8081992098425175,0.04782315612564975,0.07529513700729724,0.04478524173585059,0.07114088256313703
nav-standard,working_p3,2026-10-02 new working P3,418,4.17,4.18,x,0.1291587385140724,0.523245561103789,0.39408682258971656,0.12919027454266932,0.5154108893511996,0.3862206148085303,0.031328678125947966,0.04604167804333564,0.025979892846060542,0.03998622905785937
nav-standard,working_p3,2026-10-02 new working P3,418,4.17,4.18,y,-0.42065692294950346,0.387566065696859,0.8082229886463624,-0.41623768307929365,0.38755987253631635,0.8037975556156101,0.04762250009849741,0.0751695078012396,0.04459372346716311,0.07100782680626944
nav-standard,working_p3,2026-10-02 new working P3,419,4.18,4.19,x,0.12637050670872252,0.5152882901392224,0.3889177834304999,0.12640206705024948,0.5075398443244565,0.38113777727420706,0.0310973085550226,0.04578576160221731,0.02581908055420413,0.03980432662836236
nav-standard,working_p3,2026-10-02 new working P3,419,4.18,4.19,y,-0.41625352127487747,0.38755476933757177,0.8038082906124493,-0.4117829737151799,0.38754880527346897,0.7993317789886489,0.04741800973039193,0.07503363716127737,0.04439874891400183,0.07086531064829128
nav-standard,working_p3,2026-10-02 new working P3,420,4.19,4.2,x,0.12364264768913877,0.5074163885253539,0.38377374083621507,0.1236742310968662,0.49975443047842094,0.37608019938155474,0.03086827485373022,0.04553481948444332,0.025660555686395015,0.03962723153531689
nav-standard,working_p3,2026-10-02 new working P3,420,4.19,4.2,y,-0.4117958045108701,0.3875340758994593,0.7993298804103295,-0.40727521448489384,0.3875283410281853,0.7948035555130791,0.047209788242726834,0.07488765364826686,0.044200415119780914,0.0707134601645904
nav-standard,working_p3,2026-10-02 new working P3,421,4.2,4.21,x,0.12097567907030307,0.4996285370656874,0.3786528579953843,0.12099836331756261,0.4920533121311306,0.37105494881356804,0.030637133975288184,0.04528392645270679,0.025505454694967688,0.039455627077338296
nav-standard,working_p3,2026-10-02 new working P3,421,4.2,4.21,y,-0.4072854399928739,0.3875049474245299,0.7947903874174038,-0.40271830487215593,0.387500570087832,0.7902188749599879,0.04700456905248292,0.07473995932356688,0.04399932685850709,0.07055335588791431
nav-standard,working_p3,2026-10-02 new working P3,422,4.21,4.22,x,0.11825901877050096,0.49192442825923155,0.3736654094887306,0.11828337824212418,0.48443255116974626,0.36614917292762206,0.030423176963440317,0.045055699608239075,0.0253507025803008,0.03928966868550854
nav-standard,working_p3,2026-10-02 new working P3,422,4.21,4.22,y,-0.4027225754914685,0.38747057870819485,0.7901931541996634,-0.3981122703980756,0.3874663334277671,0.7855786038258428,0.04676888773044295,0.07454861541325745,0.04379298113240622,0.07038189508322874
nav-standard,working_p3,2026-10-02 new working P3,423,4.22,4.23,x,0.11553933000583533,0.4843059996897862,0.3687666696839509,0.11556371455600116,0.47689763320066497,0.3613339186446638,0.030211492140982028,0.04483310605828711,0.025198333280729856,0.03912918239114638
nav-standard,working_p3,2026-10-02 new working P3,423,4.22,4.23,y,-0.39811418195817905,0.3874299143623034,0.7855440963204825,-0.39346184921075694,0.3874258011784496,0.7808876503892066,0.04653045252171727,0.07434712368750461,0.04358380797667598,0.07020060076508323
nav-standard,working_p3,2026-10-02 new working P3,424,4.23,4.24,x,0.1128654491937621,0.47677343007457396,0.3639079808808119,0.1128898579602843,0.46944872302849217,0.3565588650682079,0.030002052091110128,0.04461610352154399,0.025048316366727545,0.03897412458722527
nav-standard,working_p3,2026-10-02 new working P3,424,4.23,4.24,y,-0.3934614558858208,0.3873831806020074,0.7808446364878282,-0.38876823700794966,0.38737919955279765,0.7761474365607473,0.04628935369577819,0.07413360061758292,0.04337189739980746,0.07000758866878383
nav-standard,working_p3,2026-10-02 new working P3,425,4.24,4.25,x,0.11023734872564334,0.469326885122677,0.35908953639703367,0.11026178084596118,0.46208597247670474,0.3518241916307436,0.029794839792656957,0.04440467063959014,0.02490063180585122,0.038824472592638104
nav-standard,working_p3,2026-10-02 new working P3,425,4.24,4.25,y,-0.3887655946627369,0.3873306266439697,0.7760962213067066,-0.38403263022438927,0.38732677776523994,0.7713594079896292,0.04604566899957202,0.0739074074118882,0.04315732526261036,0.06980221926204387
nav-standard,working_p3,2026-10-02 new working P3,426,4.25,4.26,x,0.1076309198051319,0.46196651395485916,0.35433559414972726,0.10765618334965281,0.45480951680921156,0.34715333345955873,0.02958980312308714,0.04419872384841933,0.024755224474128902,0.038680141523740275
nav-standard,working_p3,2026-10-02 new working P3,426,4.25,4.26,y,-0.38402779368053647,0.38727281511759104,0.7713006087981276,-0.37925622313998214,0.38726880321066715,0.7665250263506493,0.0457994586047725,0.07366878109214521,0.04294015059869181,0.06958472882120198
nav-standard,working_p3,2026-10-02 new working P3,427,4.26,4.27,x,0.1050480240998744,0.4546924523614726,0.3496444282615982,0.105073314446863,0.4476194779899934,0.3425461635431304,0.02938692777530626,0.04399817521003513,0.0246120770509959,0.038541042125963876
nav-standard,working_p3,2026-10-02 new working P3,427,4.26,4.27,y,-0.37924924836862856,0.3872174145970466,0.7664666629656751,-0.3744402099148038,0.387206233806681,0.7616464437214848,0.04555082464741305,0.07341788622132163,0.0427204523070958,0.06935528115914662
nav-standard,working_p3,2026-10-02 new working P3,428,4.27,4.28,x,0.10251245541442364,0.44750481759829586,0.3449923621838722,0.10253777157331155,0.4405159594806679,0.33797818790735634,0.029186139112425534,0.04380296220822805,0.02447111189176125,0.03840711056961199
nav-standard,working_p3,2026-10-02 new working P3,428,4.27,4.28,y,-0.3744311503741817,0.38715661259004913,0.7615877629642308,-0.3695857807695418,0.38713852744577426,0.7567243082153161,0.04529975299651514,0.07315434214267472,0.04249823742102995,0.06911349486437346
nav-standard,working_p3,2026-10-02 new working P3,429,4.28,4.29,x,0.10002374486970009,0.4404037156904142,0.34037997082071414,0.10004908584947327,0.43349905354609086,0.3334499676966176,0.028987430921884133,0.0436130183668581,0.024332319778430776,0.03827827906815895
nav-standard,working_p3,2026-10-02 new working P3,429,4.28,4.29,y,-0.3695746923099948,0.3870906607387086,0.7566653530487034,-0.36469412673386814,0.38706593582385,0.7517600625577181,0.04504632438674301,0.07287888185411344,0.04227358667071731,0.06886010217535786
nav-standard,working_p3,2026-10-02 new working P3,430,4.29,4.3,x,0.09758253495644494,0.43338923721914635,0.33580670226270143,0.09760789976566511,0.4265688370429975,0.32896093727733233,0.028790755266797065,0.0434282732672025,0.0241956497677872,0.03815447589561499
nav-standard,working_p3,2026-10-02 new working P3,430,4.29,4.3,y,-0.3646810647652759,0.38701981409912295,0.7517008788643988,-0.3597664366577381,0.3869887140463282,0.7467551507040663,0.04479060557799156,0.07259177557979851,0.04204656307015368,0.06859537255216581
nav-standard,working_p3,2026-10-02 new working P3,431,4.3,4.31,x,0.09518884355690092,0.4264614577901763,0.33127261423327536,0.09521423120372709,0.4197253718898424,0.3245111406861153,0.028596094528632033,0.04324809536573565,0.024061081236117377,0.03803506820432362
nav-standard,working_p3,2026-10-02 new working P3,431,4.3,4.31,y,-0.35975145640128936,0.386944300624891,0.7466957570261803,-0.3548038973075749,0.38690709011165864,0.7417109874192336,0.04453268401020442,0.07229369713765735,0.04181723390165547,0.06831997904397955
nav-standard,working_p3,2026-10-02 new working P3,432,4.31,4.32,x,0.09284254758203073,0.4196204397247219,0.32677789214269115,0.09286795707424059,0.41296870675966924,0.3201007496854287,0.028403445153851466,0.04307359495215768,0.02392860762467128,0.03792116498300735
nav-standard,working_p3,2026-10-02 new working P3,432,4.31,4.32,y,-0.35478705500260316,0.3868643593461295,0.7416514143487327,-0.3498076944180734,0.3868213030903373,0.7366289975084107,0.044272733971644475,0.07198434311513272,0.041585793130780264,0.06803361746485698
nav-standard,working_p3,2026-10-02 new working P3,433,4.32,4.33,x,0.09054375137365654,0.41286622690705493,0.3223224755333984,0.090569181718668,0.40629887192932546,0.31572969021065744,0.028212776451258144,0.04290416900146632,0.02379819523839346,0.03781216190885689
nav-standard,working_p3,2026-10-02 new working P3,433,4.32,4.33,y,-0.3497890434286281,0.38678022872828943,0.7365692721569175,-0.34477900864431366,0.3867315914837227,0.7315106001280364,0.04401085845336169,0.0716639450504792,0.04135234409355185,0.067736518575039
nav-standard,working_p3,2026-10-02 new working P3,434,4.33,4.34,x,0.08829230803684987,0.40619885155995133,0.31790654352310144,0.08831775824174248,0.39971588571699435,0.31139812747525186,0.028024044153045918,0.042739603528345965,0.023669796811458716,0.03770784370193733
nav-standard,working_p3,2026-10-02 new working P3,434,4.33,4.34,y,-0.34475860415465687,0.3866921476881493,0.7314507518428062,-0.3397190201033916,0.3866381942400288,0.7263572143434205,0.04374708876910548,0.0713332359085448,0.04111690849382757,0.06742941455674202
nav-standard,working_p3,2026-10-02 new working P3,435,4.34,4.35,x,0.08608842534535015,0.3996183326324942,0.313529907287144,0.08611389441688667,0.39321975198422937,0.3071058575673427,0.027837355335092413,0.042579819646629824,0.023543516421927112,0.03760813018466708
nav-standard,working_p3,2026-10-02 new working P3,435,4.34,4.35,y,-0.3396969172925378,0.3866003551758244,0.7262972724683623,-0.3346289063957031,0.3865413503363343,0.7211702567320374,0.04348155028922853,0.07099187305475621,0.0408796025655706,0.06711196198815411
nav-standard,working_p3,2026-10-02 new working P3,436,4.35,4.36,x,0.08393215440835874,0.39312467120535954,0.30919251679700077,0.08395764135300655,0.38681046025079974,0.3028528188977932,0.027652609020321545,0.04242473661608476,0.023419250103370683,0.037512939328620265
nav-standard,working_p3,2026-10-02 new working P3,436,4.35,4.36,y,-0.3346051603628493,0.38650509006867506,0.7211102504315243,-0.329509842377746,0.3864412986724905,0.7159511410502365,0.043214254373815264,0.0706400590390233,0.04064045244721269,0.06678436262735066
nav-standard,working_p3,2026-10-02 new working P3,437,4.36,4.37,x,0.08182350776682434,0.3867178567593351,0.3048943489925108,0.081849011590777,0.38048798657014327,0.29863897497936626,0.027469690692423526,0.042274271561864446,0.023296880343451877,0.03742218697399641
nav-standard,working_p3,2026-10-02 new working P3,437,4.36,4.37,y,-0.3294845084168213,0.3864065913196708,0.7158910997364921,-0.32436300028468673,0.3863382782194859,0.7107012785041726,0.042945284035751666,0.07027799528397478,0.040399541067795544,0.06644681710054084
nav-standard,working_p3,2026-10-02 new working P3,438,4.37,4.38,x,0.07976249574613425,0.3803978635076643,0.30063536776153005,0.07978801545533293,0.3742522917772637,0.2944642763219308,0.02728870285515058,0.04212833957604453,0.023176506651961967,0.03733578693117304
nav-standard,working_p3,2026-10-02 new working P3,438,4.37,4.38,y,-0.32433613403706346,0.3863073864703272,0.7106435205073907,-0.3191895497317521,0.3862348165323829,0.7054243662641351,0.042674783495367526,0.06990588207185386,0.040156972821876316,0.06609952488897461
nav-standard,working_p3,2026-10-02 new working P3,439,4.38,4.39,x,0.07774912600388564,0.37416467835283923,0.29641555234895356,0.07777466060404067,0.3681033494471729,0.29032868884313223,0.02710956956151665,0.04198483242916515,0.02305805009016931,0.03725162969226492
nav-standard,working_p3,2026-10-02 new working P3,439,4.38,4.39,y,-0.3191612292133049,0.386205538767319,0.7053667679806239,-0.31399067959064886,0.38612897686693065,0.7001196564575796,0.04240272363487769,0.0695239185314579,0.03991274859826566,0.0657426843158934
nav-standard,working_p3,2026-10-02 new working P3,440,4.39,4.4,x,0.07578340438462011,0.3680182185565375,0.2922348141719174,0.0758089528812325,0.36204106356646815,0.28623211068523563,0.026932140744860455,0.04184565955399697,0.022941357602030588,0.037171623414906874
nav-standard,working_p3,2026-10-02 new working P3,440,4.39,4.4,y,-0.3139609362805184,0.38610124221169384,0.7000621784922123,-0.30876752892838644,0.3860209532287795,0.6947884821571659,0.04212930055103832,0.06913230270139034,0.03966707245068425,0.06537649260979339
nav-standard,working_p3,2026-10-02 new working P3,441,4.4,4.41,x,0.0738662336046306,0.3619528827145209,0.28808664910989035,0.07388228337176507,0.3560598051899014,0.2821775218181363,0.02675098999078111,0.0417035818679482,0.02282743674821853,0.03709807780245211
nav-standard,working_p3,2026-10-02 new working P3,441,4.4,4.41,y,-0.3087370306413081,0.38599431551664026,0.6947313461579483,-0.3035298324579925,0.3859100690330908,0.6894399014910833,0.04186034005745072,0.06874056269641353,0.03942013043591673,0.06499777788826445
nav-standard,working_p3,2026-10-02 new working P3,442,4.41,4.42,x,0.07196636560932819,0.3559733152698557,0.28400694966052753,0.07198242358020969,0.35015219737095676,0.2781697737907471,0.02658822066900577,0.04159158303998475,0.02271260183772558,0.0370257592236429
nav-standard,working_p3,2026-10-02 new working P3,442,4.41,4.42,y,-0.30349445247384665,0.3858860759114382,0.6893805283852849,-0.2982821508384277,0.38579754283179546,0.6840796936702231,0.04157077520647301,0.06830299543052452,0.039170911003030495,0.06461165737071742
nav-standard,working_p3,2026-10-02 new working P3,443,4.42,4.43,x,0.06969866751711164,0.35006854209110067,0.28036987457398904,0.06972263791312723,0.3443191961524892,0.27459655823936197,0.026427027094078737,0.041481047087571166,0.02259959140826027,0.03695513794898195
nav-standard,working_p3,2026-10-02 new working P3,443,4.42,4.43,y,-0.2982421581400869,0.38577392418965567,0.6840160823297425,-0.2930254750665413,0.38568127073412106,0.6787067458006624,0.04128226553582816,0.06785853232360908,0.03892238640912905,0.06421841549298579
nav-standard,working_p3,2026-10-02 new working P3,444,4.43,4.44,x,0.06744937805741785,0.34423838920020805,0.2767890111427902,0.06747339942067969,0.33856062114153207,0.27108722172085237,0.02626736515125247,0.04137171784967189,0.02248835787261546,0.036885956912031115
nav-standard,working_p3,2026-10-02 new working P3,444,4.43,4.44,y,-0.29298093515287493,0.38565801252857734,0.6786389476814523,-0.2877605898925088,0.3855614049299818,0.6733219948224907,0.04099483491484248,0.06740729670289877,0.03867457804827749,0.06381817473791403
nav-standard,working_p3,2026-10-02 new working P3,445,4.44,4.45,x,0.06524443125070624,0.33848265236535774,0.2732382211146515,0.06526850218588533,0.332876261719424,0.2676077595335387,0.02610918202725284,0.04126267641815118,0.022378844933381693,0.0368172962963941
nav-standard,working_p3,2026-10-02 new working P3,445,4.44,4.45,y,-0.2877115441201903,0.3855384976987099,0.6732500418189002,-0.2824882531085899,0.3854381021994988,0.6679263553080887,0.040708520014396746,0.06694953839056841,0.038427504739676724,0.06341118408636882
nav-standard,working_p3,2026-10-02 new working P3,446,4.45,4.46,x,0.06308347781420527,0.3328011489846957,0.26971767117049045,0.06310759692449677,0.3272659289259698,0.264158332001473,0.025952486684861248,0.04115442759777646,0.022271058057697017,0.03674965999572949
nav-standard,working_p3,2026-10-02 new working P3,446,4.45,4.46,y,-0.28243477578055654,0.385415530905961,0.6678503066865176,-0.2772092525847928,0.38531151375517897,0.6625207663399717,0.040423309570252336,0.0664853469354991,0.03818115067161014,0.06299753224901089
nav-standard,working_p3,2026-10-02 new working P3,447,4.46,4.47,x,0.060967028329119544,0.32719368795298565,0.2662266596238661,0.06099119421628715,0.32172942532651194,0.26073823111022476,0.02579727193784434,0.041046789797910765,0.0221649865523449,0.0366828655054533
nav-standard,working_p3,2026-10-02 new working P3,447,4.46,4.47,y,-0.27715141688580464,0.38528926101608635,0.662440677901891,-0.271924372151895,0.38518178846636225,0.6571061606182573,0.040139224502748004,0.06601441364917655,0.037935554375337896,0.06257690970220209
nav-standard,working_p3,2026-10-02 new working P3,448,4.47,4.48,x,0.05889514582456415,0.32166006916028445,0.2627649233357203,0.05891935708898456,0.3162665445110251,0.25734718742204055,0.025643476835961437,0.04093958262239378,0.022060565948930324,0.03661673151263031
nav-standard,working_p3,2026-10-02 new working P3,448,4.47,4.48,y,-0.27186224947060816,0.38515984021937816,0.6570220896899863,-0.266634390871239,0.38504907852391046,0.6516834693951494,0.039856284349576186,0.06553738176236125,0.03769073350043214,0.062149958844684064
nav-standard,working_p3,2026-10-02 new working P3,449,4.48,4.49,x,0.05686787466695173,0.31620010530620624,0.2593322306392545,0.056892129907659114,0.31087709290879567,0.25398496300113654,0.025491220441108547,0.04083271624255291,0.021957911780192914,0.03655116726899549
nav-standard,working_p3,2026-10-02 new working P3,449,4.48,4.49,y,-0.26656807328020604,0.38502742082091834,0.6515954941011244,-0.26134010546271863,0.38491353623046054,0.6462536416931792,0.03957455242087127,0.065054432265924,0.03744671611366137,0.06171685983842272
nav-standard,working_p3,2026-10-02 new working P3,450,4.49,4.5,x,0.05488528545521914,0.3108135797625757,0.25592829430735653,0.05490958326994969,0.30556084765148933,0.2506512643815396,0.025340643409781077,0.04072593964416893,0.021857161162639274,0.03648592083792959
nav-standard,working_p3,2026-10-02 new working P3,450,4.49,4.5,y,-0.2612699556865344,0.3848921547694721,0.6461621104560065,-0.25604228417439817,0.38477531352931865,0.6408175977037168,0.039294172716324835,0.06456574718784702,0.03720366117710091,0.0612777938856177
nav-standard,working_p3,2026-10-02 new working P3,451,4.5,4.51,x,0.052947437952968676,0.3055002710012194,0.2525528330482507,0.05297177693820514,0.30031758100135386,0.2473458040631487,0.025191689954687797,0.04061907024580261,0.021758254758327017,0.036420808712796404
nav-standard,working_p3,2026-10-02 new working P3,451,4.5,4.51,y,-0.25596842912444306,0.3847541941237718,0.6407226232482148,-0.2507416991874168,0.38463456247074457,0.6353762616581613,0.03901522368786861,0.06407160187024952,0.03696166405715805,0.06083303550573674
nav-standard,working_p3,2026-10-02 new working P3,452,4.51,4.52,x,0.05104071339173736,0.3002600130446363,0.24921929965289893,0.051065861813282605,0.29514712080229916,0.24408125898901656,0.025044195645385903,0.04051208776302112,0.021661024575670325,0.03635580968117927
nav-standard,working_p3,2026-10-02 new working P3,452,4.51,4.52,y,-0.2506642712008573,0.3846136910407946,0.635277962241652,-0.2454391796907228,0.3844914352002291,0.6299306148909519,0.03873771779210678,0.06357214078527368,0.03672072910512234,0.06038272835141008
nav-standard,working_p3,2026-10-02 new working P3,453,4.52,4.53,x,0.04914724194829567,0.29509280466254184,0.24594556271424617,0.04917243552865885,0.29004945967684875,0.2408770241481899,0.02489809242957179,0.04040469310989184,0.021565398990901707,0.03629062372638536
nav-standard,working_p3,2026-10-02 new working P3,453,4.52,4.53,y,-0.24535847523719412,0.384470797608802,0.6298292728459961,-0.24013571580049695,0.3843460837915346,0.6244817995920315,0.038461534256511824,0.06306750371593363,0.03648070486119552,0.059927011389288
nav-standard,working_p3,2026-10-02 new working P3,454,4.53,4.54,x,0.04730008257420457,0.289998100501742,0.24269801792753745,0.04732531971445474,0.2850240461564183,0.23769872644196355,0.02475344385541347,0.04029669406161798,0.021471437970575775,0.0362250576900916
nav-standard,working_p3,2026-10-02 new working P3,454,4.53,4.54,y,-0.24005150307737588,0.38432566403804985,0.6243771671154257,-0.23483176610463682,0.3841986584374056,0.6190304245420424,0.038186665446376486,0.06255787715794309,0.036241611600454034,0.05946607030187707
nav-standard,working_p3,2026-10-02 new working P3,455,4.54,4.55,x,0.045499393818436804,0.28497829617302384,0.23947890235458702,0.04552467291822845,0.2800732697686092,0.23454859685038074,0.024610179037790867,0.04018791987569753,0.021379067037618014,0.036158939893513986
nav-standard,working_p3,2026-10-02 new working P3,455,4.54,4.55,y,-0.2347466196808262,0.38417845674402107,0.6189250764248473,-0.22953059225603537,0.38404932553280136,0.6135799177888367,0.03791308502802237,0.06204344861975121,0.03600342886537865,0.05900009178758431
nav-standard,working_p3,2026-10-02 new working P3,456,4.55,4.56,x,0.043745289007380506,0.28003250603272817,0.23628721702534766,0.043770608465009395,0.27519623881918115,0.23142563035417174,0.02446814632612153,0.04007820178217486,0.021288130940142466,0.03609210062766968
nav-standard,working_p3,2026-10-02 new working P3,456,4.55,4.56,y,-0.22944389815161495,0.3840293196704861,0.6134732178221011,-0.22423226400200932,0.3838982289979575,0.6081304929999668,0.03764088371349287,0.06152440830528339,0.03576622221079549,0.058529265243466556
nav-standard,working_p3,2026-10-02 new working P3,457,4.56,4.57,x,0.04203780839729863,0.27515930290726953,0.2331214945099709,0.04206316660975774,0.2703915201169704,0.22832835350721264,0.02432730799084059,0.03996742335305145,0.021198588337670812,0.036024422522798166
nav-standard,working_p3,2026-10-02 new working P3,457,4.56,4.57,y,-0.2241429485087363,0.383878404239008,0.6080213527477443,-0.21893638795486467,0.38374552022789143,0.6026819081827561,0.037370170120275895,0.06100094501860216,0.035530100069038825,0.058053778669899664
nav-standard,working_p3,2026-10-02 new working P3,458,4.57,4.58,x,0.04037701323156804,0.27035767044133013,0.2299806572097621,0.04040240859460355,0.265658091322479,0.22525568272787544,0.024187548879856354,0.03985540610999813,0.021110320457402503,0.035955726156083945
nav-standard,working_p3,2026-10-02 new working P3,458,4.57,4.58,y,-0.21884381505353642,0.3837258624758379,0.6025696775293743,-0.21364300495961458,0.3835913512192986,0.5972343561789132,0.037100895558541194,0.06047325046961213,0.035295033307984294,0.05757382297629192
nav-standard,working_p3,2026-10-02 new working P3,459,4.58,4.59,x,0.0387629526637866,0.2656273292927664,0.2268643766289798,0.038788383571953834,0.2609956671431745,0.2222072835712207,0.02404889409029507,0.039741943091384735,0.021023348767022138,0.03588580361869667
nav-standard,working_p3,2026-10-02 new working P3,459,4.58,4.59,y,-0.21354724291137184,0.3835718463119332,0.597119089223305,-0.2083528566359314,0.3834358738705712,0.5917887305065026,0.036833087948151856,0.05994151434400531,0.03506102381115436,0.05708958705103763
nav-standard,working_p3,2026-10-02 new working P3,460,4.59,4.6,x,0.03719567113955354,0.2609679922835727,0.22377232114401915,0.03722113598627302,0.2564039544848446,0.21918281849857157,0.02391125772935044,0.03962686971977897,0.020937583734088962,0.03581448938330062
nav-standard,working_p3,2026-10-02 new working P3,460,4.59,4.6,y,-0.20825397340912477,0.38341650766062224,0.5916704810697471,-0.20306668075595802,0.38327924005946373,0.5863459208154218,0.036566816327639896,0.0594059291496065,0.03482814179867715,0.056601262607870906
nav-standard,working_p3,2026-10-02 new working P3,461,4.6,4.61,x,0.035674793119754314,0.2563667339257259,0.2206919408059716,0.03568740792577043,0.25187005927806005,0.21618265135228962,0.02376873606334006,0.03950564466310372,0.020854004536433275,0.035741986648453045
nav-standard,working_p3,2026-10-02 new working P3,461,4.6,4.61,y,-0.2029795928592793,0.38325963359970117,0.5862392264589804,-0.19780006002868386,0.38312025710500736,0.5809203171336912,0.036304287567759455,0.05887180712434457,0.03459615825385653,0.056107995096113035
nav-standard,working_p3,2026-10-02 new working P3,462,4.61,4.62,x,0.03416435194688539,0.25183603029118257,0.21767167834429718,0.03417698014864439,0.24738207443283478,0.21320509428419038,0.023644139510204214,0.03939298281920278,0.02076784470979228,0.03566391042945774
nav-standard,working_p3,2026-10-02 new working P3,462,4.61,4.62,y,-0.19770966450226454,0.38310143610215663,0.5808111006044212,-0.1925692019715027,0.3829590759085669,0.5755282778800697,0.036035872377575925,0.058315933831776634,0.034365179605028016,0.055611146415126156
nav-standard,working_p3,2026-10-02 new working P3,463,4.62,4.63,x,0.03267703743054829,0.24735075896220107,0.2146737215316528,0.03268967862352316,0.24293944122635353,0.21024976260283035,0.023520246061296594,0.03927588443922264,0.020682700557699253,0.035581965409012026
nav-standard,working_p3,2026-10-02 new working P3,463,4.62,4.63,y,-0.19247683189532433,0.382940373375629,0.5754172052709533,-0.18737551814741718,0.38279513439903246,0.5701706525464496,0.03577128720425744,0.05776332057612478,0.034137574460075426,0.05511705440387055
nav-standard,working_p3,2026-10-02 new working P3,464,4.63,4.64,x,0.03121288158780275,0.24291082371735925,0.2116979421295565,0.031225535367272714,0.23854206332465866,0.20731652795738595,0.0233970280418594,0.03915428583941517,0.020598540526039568,0.03549608311979795
nav-standard,working_p3,2026-10-02 new working P3,464,4.63,4.64,y,-0.1872812302920841,0.38277653453604243,0.5700577648281265,-0.18221914368969291,0.382628521687379,0.5648476653770719,0.03551061055830798,0.05721406558886462,0.03391342802574396,0.05462581271930951
nav-standard,working_p3,2026-10-02 new working P3,465,4.64,4.65,x,0.029771909240614455,0.23851607571937372,0.20874416647875926,0.029784575201672096,0.23418979177809024,0.20440521657641814,0.02327455234443844,0.039028122263489326,0.020515427610193353,0.03540619398718391
nav-standard,working_p3,2026-10-02 new working P3,465,4.64,4.65,y,-0.1821229698155974,0.3826100150724747,0.5647329848880721,-0.17710018860087867,0.38245933325518017,0.5595595218560588,0.03525395138045662,0.05670308009208601,0.03369284095508125,0.05417232804741441
nav-standard,working_p3,2026-10-02 new working P3,466,4.65,4.66,x,0.028354135583477297,0.23416639006890294,0.20581225448542564,0.02836681332103572,0.2298825015750884,0.2015156882540527,0.023152798266475004,0.03889733492197574,0.0204333371928573,0.0353122343688821
nav-standard,working_p3,2026-10-02 new working P3,466,4.65,4.66,y,-0.17700217291913148,0.3824409590640998,0.5594431319832313,-0.17201877521359227,0.38228771317155164,0.5543064883851438,0.035001339619974946,0.05620323816023132,0.03347584348791768,0.05372946996514798
nav-standard,working_p3,2026-10-02 new working P3,467,4.66,4.67,x,0.026959575064635293,0.22986164299735526,0.20290206793271998,0.026972264173435293,0.2256200688350016,0.1986478046615663,0.02303179217526695,0.03876186238535563,0.02035229170923659,0.03521413794837172
nav-standard,working_p3,2026-10-02 new working P3,467,4.66,4.67,y,-0.17191896177602903,0.38226956082542096,0.55418852260145,-0.1669750255803823,0.3821138557383847,0.549088881318767,0.034752609707033554,0.055707244193096375,0.03326226684572406,0.0532899384137078
nav-standard,working_p3,2026-10-02 new working P3,468,4.67,4.68,x,0.025588241385930105,0.22560174883965872,0.20001350745372862,0.02560094146054732,0.22140240778085693,0.19580146632030962,0.0229115496290901,0.038621647610588686,0.020272302768398122,0.035111842761722814
nav-standard,working_p3,2026-10-02 new working P3,468,4.67,4.68,y,-0.16687448732834048,0.3820960554772725,0.548970542805613,-0.16197009052236086,0.38193799606134865,0.5439080865837095,0.034507581716540954,0.055215182205296115,0.033051921541414606,0.052853812988232524
nav-standard,working_p3,2026-10-02 new working P3,469,4.68,4.69,x,0.02424010783931083,0.22138659902048397,0.19714649118117314,0.024252818474162916,0.21722940972558277,0.19297659125141986,0.022792065324749845,0.038476635635006126,0.02019336110105468,0.03500528889178721
nav-standard,working_p3,2026-10-02 new working P3,469,4.68,4.69,y,-0.16186837439776444,0.3819203119300265,0.543788686327791,-0.157003594740144,0.3817600030330986,0.5387635977732426,0.03426616134050347,0.05472713656618644,0.03284472096119949,0.05242117367796255
nav-standard,working_p3,2026-10-02 new working P3,470,4.69,4.7,x,0.022915013300163628,0.2172160512338183,0.19430103793365466,0.022927734089517413,0.21310093225158347,0.19017319816206607,0.02267336990159152,0.03832677358988236,0.02011549336380887,0.034894418482069575
nav-standard,working_p3,2026-10-02 new working P3,470,4.69,4.7,y,-0.15690025749556177,0.38174240325062286,0.5386426607461846,-0.15207517262376608,0.3815799497003057,0.5336551223240718,0.03402839216062829,0.05424319198935368,0.032640708068190374,0.05199210085596556
nav-standard,working_p3,2026-10-02 new working P3,471,4.7,4.71,x,0.021613180921056036,0.21308994821230198,0.19147676729124594,0.021625911459034697,0.2090168179800755,0.1873909065210408,0.022555472388626898,0.0381721095197272,0.020038704586490395,0.03477927455632068
nav-standard,working_p3,2026-10-02 new working P3,471,4.7,4.71,y,-0.15197025713213413,0.381562425149628,0.5335326822817621,-0.14718494456225847,0.3813979317507174,0.5285828763129758,0.033794193833529926,0.053763552197777925,0.032439789416244605,0.0515667939445346
nav-standard,working_p3,2026-10-02 new working P3,472,4.71,4.72,x,0.020334622028665605,0.20900816515876128,0.18867354313009568,0.020347361909255835,0.2049769420026207,0.18462958009336486,0.022438543413287076,0.03801260555536867,0.019963161380776737,0.03465981419192299
nav-standard,working_p3,2026-10-02 new working P3,472,4.71,4.72,y,-0.14707849354245314,0.3813804673590278,0.5284589609014809,-0.14233303066907896,0.38121403889095073,0.5235470695600297,0.033563415950182265,0.053288218755774205,0.032241826390849396,0.05114525024736111
nav-standard,working_p3,2026-10-02 new working P3,473,4.72,4.73,x,0.01907934667706515,0.20497057700397892,0.18589123032691376,0.019092095494124328,0.20098117913889718,0.18188908364477285,0.02232320525288718,0.037848116003006305,0.019889481992789608,0.03453588660924829
nav-standard,working_p3,2026-10-02 new working P3,473,4.72,4.73,y,-0.142225086678511,0.3811966249044211,0.523421711582932,-0.13751955077456252,0.381028366118687,0.5185479168932495,0.03333609885895407,0.052817252699274286,0.03204685647447624,0.050727526580047075
nav-standard,working_p3,2026-10-02 new working P3,474,4.73,4.74,x,0.01784736417347059,0.2009770584094975,0.18312969423602693,0.01786012152073396,0.19702940393950252,0.17916928241876856,0.022209010471382986,0.037678610144744204,0.01981721493959619,0.03440745597249724
nav-standard,working_p3,2026-10-02 new working P3,474,4.73,4.74,y,-0.13741015621144817,0.38101099424340984,0.518421150454858,-0.1327446244280492,0.38084100986106295,0.5135856342891122,0.03311220717651485,0.05235074034502331,0.031854830626323376,0.05031370507952945
nav-standard,working_p3,2026-10-02 new working P3,475,4.74,4.75,x,0.01663868307753389,0.19702748376724552,0.18038880068971164,0.016651448548621738,0.19312149068558027,0.17647004213695852,0.022096782242438988,0.037504167260099,0.019747179332184728,0.03427459641151391
nav-standard,working_p3,2026-10-02 new working P3,475,4.74,4.75,y,-0.13263382152995432,0.38082366896862213,0.5134574904985765,-0.12800837089628536,0.38065206367769444,0.5086604345739798,0.03289174681190698,0.051888768302256486,0.03166576838823469,0.04990386821598279
nav-standard,working_p3,2026-10-02 new working P3,476,4.75,4.76,x,0.015453311203327887,0.19312172720008375,0.17766841599675587,0.015466084391752706,0.1892573133893663,0.1737912289976136,0.02198571789477976,0.037325452812334764,0.019678568421518466,0.034137968208430916
nav-standard,working_p3,2026-10-02 new working P3,476,4.75,4.76,y,-0.1278962017397466,0.3806350958407014,0.508531297580448,-0.12331090916290184,0.3804619742936672,0.503772883456569,0.03267471159839758,0.05143142346187532,0.03147965166541684,0.049498098782219016
nav-standard,working_p3,2026-10-02 new working P3,477,4.76,4.77,x,0.014291252038415529,0.18925966255907828,0.17496841052066275,0.01430403253758921,0.18543674579146222,0.171132713253873,0.021876245639094766,0.037141704236131556,0.019611806325752067,0.03399680358564833
nav-standard,working_p3,2026-10-02 new working P3,477,4.76,4.77,y,-0.12319741566306947,0.3804450970714705,0.50364251273454,-0.11865235792791455,0.3802705638827018,0.49892292181061637,0.03246114878792754,0.05097879298555558,0.03129652241827995,0.049096479883016936
nav-standard,working_p3,2026-10-02 new working P3,478,4.77,4.78,x,0.013152513831860961,0.1854411634335098,0.17228864960164883,0.013165301235101965,0.18165966137084466,0.1684943601357427,0.02176943925669328,0.036952964636535246,0.01954796271877996,0.033851140405095806
nav-standard,working_p3,2026-10-02 new working P3,478,4.77,4.78,y,-0.11853758183812126,0.38025375864216965,0.4987913404802909,-0.1140328356071505,0.38007791838539273,0.49411075399254323,0.032250939790569824,0.050530964294854985,0.0311162747223718,0.04869909492444907
nav-standard,working_p3,2026-10-02 new working P3,479,4.78,4.79,x,0.012037103712693337,0.18166610314229723,0.16962899942960388,0.012049897613233877,0.17792593333628903,0.16587603572305515,0.02166356173116058,0.0367591392319329,0.019485296461733487,0.03370087861152202
nav-standard,working_p3,2026-10-02 new working P3,479,4.78,4.79,y,-0.11391681851858877,0.3800611725581657,0.49397799107675444,-0.10945246033178317,0.3798841297639189,0.4893365900957021,0.032044059056790954,0.05008802506023893,0.030938874413097388,0.04830602760312462
nav-standard,working_p3,2026-10-02 new working P3,480,4.79,4.8,x,0.010944266836785297,0.1779343547451569,0.1669900879083716,0.010957066827778522,0.17423543463752922,0.1632783678097507,0.021559677670387238,0.03656012832953784,0.019424868026575556,0.033545913208294975
nav-standard,working_p3,2026-10-02 new working P3,480,4.79,4.8,y,-0.10933524367311417,0.3798674648226683,0.4892027084957825,-0.10491134994779941,0.37968932397576116,0.48460067392356054,0.03184051335425062,0.0496500631901101,0.03076432327440044,0.0479173618954339
nav-standard,working_p3,2026-10-02 new working P3,481,4.8,4.81,x,0.009875334314675835,0.17423469971747393,0.1643593654027981,0.009880510146803268,0.17057696043642848,0.1606964502896252,0.021451586155705582,0.0363549033822395,0.01936762057669704,0.033387479286725405
nav-standard,working_p3,2026-10-02 new working P3,481,4.8,4.81,y,-0.10480227469899715,0.37967283861433127,0.48447511331332843,-0.10041888291351077,0.37949294502036784,0.4799118279338786,0.03164001888928607,0.049218385048478405,0.0305925393041582,0.047533540262005555
nav-standard,working_p3,2026-10-02 new working P3,482,4.81,4.82,x,0.008807930979049396,0.1705772922757059,0.1617693612966565,0.008813111617184214,0.1669383951370387,0.1581252835198545,0.021362981095305093,0.036151234145677,0.01930863804040056,0.03322423602156721
nav-standard,working_p3,2026-10-02 new working P3,482,4.81,4.82,y,-0.10030854979425313,0.37947728676693065,0.4797858365611838,-0.09598467979933119,0.3792949325460988,0.47527961234543,0.0314437077347462,0.04879011845870444,0.030423793213465455,0.047155107080703904
nav-standard,working_p3,2026-10-02 new working P3,483,4.82,4.83,x,0.007752537844555167,0.16693959586332383,0.15918705801876865,0.0077577231382678705,0.16331997463591566,0.1555622514976478,0.021276947313938872,0.03594439475401398,0.01925249812898415,0.03305837682565535
nav-standard,working_p3,2026-10-02 new working P3,483,4.82,4.83,y,-0.09587412905367931,0.3792799409210853,0.4751540699747646,-0.09160954535837812,0.37909517732948367,0.4707047226878618,0.03125170270729488,0.04837209789823879,0.030258967334988916,0.04678627331345267
nav-standard,working_p3,2026-10-02 new working P3,484,4.83,4.84,x,0.006709162290204994,0.16332200256553395,0.15661284027532896,0.006714352089021383,0.15972208937296004,0.15300773728393866,0.021193743568851328,0.03573464666323703,0.01919945608120998,0.0328901559929627
nav-standard,working_p3,2026-10-02 new working P3,484,4.83,4.84,y,-0.09149879172209589,0.37908085502199823,0.47057964674409414,-0.08729325624888606,0.37889373331502885,0.4661869895639149,0.031063961633825833,0.04796428073568397,0.030098021936558188,0.04642699111037993
nav-standard,working_p3,2026-10-02 new working P3,485,4.84,4.85,x,0.00567794605461458,0.1597249031310882,0.15404695707647362,0.005683140208018179,0.1561451284375721,0.15046198822955392,0.02111277973390279,0.035521879883793926,0.019148918233554683,0.03271945632508416
nav-standard,working_p3,2026-10-02 new working P3,485,4.84,4.85,y,-0.08718231477953434,0.3788800819940043,0.46606239677353867,-0.0830355868739652,0.3786906534250488,0.461726240299014,0.030880439012995024,0.04756662914127412,0.029940905539549846,0.04607721749055069
nav-standard,working_p3,2026-10-02 new working P3,486,4.85,4.86,x,0.004658896106693381,0.15614868696182943,0.15148979085513606,0.004664094464127869,0.15258947955824917,0.1479253850941213,0.021035936928876002,0.035315404952475,0.019102762149755842,0.03254631960837165
nav-standard,working_p3,2026-10-02 new working P3,486,4.85,4.86,y,-0.08292447294914845,0.37867767590571777,0.4616021488548662,-0.07883630938958469,0.3784859917248139,0.4573223011143986,0.030701100403177063,0.04717910549551858,0.02978758241591909,0.045736909750997354
nav-standard,working_p3,2026-10-02 new working P3,487,4.86,4.87,x,0.003652017647168763,0.1525937421022766,0.14894172445510784,0.0036572200580403994,0.14905552909222317,0.14539830903418277,0.020965063621116536,0.03511825627979024,0.019062832722693566,0.03237080140867591
nav-standard,working_p3,2026-10-02 new working P3,487,4.86,4.87,y,-0.07872438314940201,0.3784736884940007,0.4571980716434027,-0.07469453815683234,0.37827979994651906,0.4529743381033514,0.030525976787421083,0.04680164840076674,0.02963808590099099,0.04540600147866605
nav-standard,working_p3,2026-10-02 new working P3,488,4.87,4.88,x,0.00265731557288432,0.14906048303765326,0.14640316746476895,0.002662521886564374,0.14554368982354202,0.14288116793697764,0.02089813750296452,0.03491866360243616,0.01902710405206442,0.03219296411961399
nav-standard,working_p3,2026-10-02 new working P3,488,4.87,4.88,y,-0.07458248765427375,0.37826817277084746,0.45285066042512123,-0.07061071290219122,0.3780721310961693,0.4486828439983605,0.030355036771170834,0.046434314603627846,0.029492379922313888,0.04508454447321371
nav-standard,working_p3,2026-10-02 new working P3,489,4.88,4.89,x,0.0016747944768068402,0.14554935243217132,0.14387455795536447,0.001680004542634018,0.14205440270140673,0.14037439815877273,0.020836104722222117,0.0347167359634925,0.018996518675092305,0.03201373371408021
nav-standard,working_p3,2026-10-02 new working P3,489,4.88,4.89,y,-0.07049861749846294,0.37806118246960363,0.44855979996806655,-0.06658466212281672,0.3778630388997987,0.44444770102261544,0.03018846266296153,0.04607733859426076,0.029350645505148203,0.04477276834666888
nav-standard,working_p3,2026-10-02 new working P3,490,4.89,4.9,x,0.0007044586480122824,0.14206065274533947,0.1413561940973272,0.0007096723152951567,0.13858796845653326,0.13787829614123812,0.02077882595431133,0.03451209231739036,0.0189709336389307,0.03184201527770646
nav-standard,working_p3,2026-10-02 new working P3,490,4.89,4.9,y,-0.06647244574832252,0.37785277052893845,0.44432521627726096,-0.06261605635754079,0.37765257628744403,0.44026863264498484,0.030026486375733945,0.04573032129487958,0.029213116508892783,0.04447026921230432
nav-standard,working_p3,2026-10-02 new working P3,491,4.9,4.91,x,-0.0002536929364110616,0.1385947742243335,0.13884846716074456,-0.0002484758183916235,0.13514477559357682,0.13539325141196845,0.020724425779433574,0.03430479653241669,0.018948469878067732,0.03167835616494906
nav-standard,working_p3,2026-10-02 new working P3,491,4.9,4.91,y,-0.0625037444615516,0.37764298937576896,0.44014673383732056,-0.058704665146635346,0.3774407956760687,0.43614546082270406,0.029869210906624432,0.04539320858035449,0.029079890235640005,0.0441769882055989
nav-standard,working_p3,2026-10-02 new working P3,492,4.91,4.92,x,-0.0011999824879474997,0.13515209120904323,0.13635207369699073,-0.0011947620699359067,0.13172519669623306,0.13291995876616897,0.02067235782563844,0.03409491377723295,0.018928577357641547,0.03151262017074999
nav-standard,working_p3,2026-10-02 new working P3,492,4.91,4.92,y,-0.05859226742255428,0.3774318925647281,0.4360241599872824,-0.05485023976724177,0.377227750609032,0.4320779903762738,0.029716424763719235,0.04506594461899115,0.028950755919337434,0.043892864825373634
nav-standard,working_p3,2026-10-02 new working P3,493,4.92,4.93,x,-0.0021345385174381917,0.1317329827382953,0.1338675212557335,-0.0021293149502016996,0.12832960903351562,0.1304589239837173,0.02062400003649841,0.03388251263954809,0.018912630341162775,0.0313448684480182
nav-standard,working_p3,2026-10-02 new working P3,493,4.92,4.93,y,-0.05473777309861024,0.37721936123817434,0.43195713433678457,-0.051052536189611634,0.37701332221609934,0.428065858405711,0.029567830228982628,0.04474847188994088,0.028825411532721907,0.04361783695155225
nav-standard,working_p3,2026-10-02 new working P3,494,4.93,4.94,x,-0.0030568995504472243,0.12833782709535396,0.13139472664580118,-0.003051672984773506,0.12497939964940559,0.1280310726341791,0.02058010255904486,0.03366766663638241,0.018901375278779983,0.031175167035707663
nav-standard,working_p3,2026-10-02 new working P3,494,4.93,4.94,y,-0.050941759742104895,0.377005611831685,0.4279473715737899,-0.04731305017940708,0.37679772691893615,0.4241107770983432,0.02942327973764707,0.044440731200831335,0.02870370645298411,0.04335184086313851
nav-standard,working_p3,2026-10-02 new working P3,495,4.94,4.95,x,-0.003967063262709932,0.12499535907120905,0.128962422333919,-0.003961833849404649,0.12168089835442825,0.1256427322038329,0.020538904518555348,0.03345043713829817,0.018893047582648217,0.031003569783676514
nav-standard,working_p3,2026-10-02 new working P3,495,4.94,4.95,y,-0.04720234287175987,0.37679069842293933,0.42399304129469917,-0.04362989477900101,0.37658101877999156,0.4202109135589926,0.029282727126900276,0.044142661705531605,0.028585597421844283,0.043094811256321364
nav-standard,working_p3,2026-10-02 new working P3,496,4.95,4.96,x,-0.004865026438745854,0.12169715322348794,0.1265621796622338,-0.004859794328630225,0.11840744758674153,0.12326724191537175,0.020500542182392785,0.033230894518776484,0.018887779790693855,0.03083013950269542
nav-standard,working_p3,2026-10-02 new working P3,496,4.95,4.96,y,-0.04351930094014489,0.37657467306776965,0.42009397400791454,-0.04000284597505841,0.3763632498385505,0.41636609581360895,0.02914597774084482,0.043854204330225105,0.0284708884089123,0.04284668467088332
nav-standard,working_p3,2026-10-02 new working P3,497,4.96,4.97,x,-0.005750806543522218,0.11842395830917231,0.12417476485269453,-0.005745571887430594,0.1151594457359044,0.120905017623335,0.020465945119836397,0.033009110453303174,0.018886497726932988,0.030959735241815462
nav-standard,working_p3,2026-10-02 new working P3,497,4.96,4.97,y,-0.03989230664695113,0.3763575882900147,0.41624989493696585,-0.03643157401187898,0.3761444726005877,0.41257604661246666,0.02901299528544828,0.04357571460058715,0.028359535871869047,0.04260781231770813
nav-standard,working_p3,2026-10-02 new working P3,498,4.97,4.98,x,-0.006624401081250328,0.11517617315242185,0.12180057423367217,-0.006619164030027757,0.11193728942725271,0.11855645345728047,0.020435012668815155,0.032785162623829175,0.018889096968544024,0.03113338363898577
nav-standard,working_p3,2026-10-02 new working P3,498,4.97,4.98,y,-0.036321077713100974,0.3761394968280492,0.41246057454115015,-0.03291579416557573,0.37592473978529783,0.40884053395087355,0.028883707938095804,0.0433066870625102,0.028251473737776804,0.042377684499830925
nav-standard,working_p3,2026-10-02 new working P3,499,4.98,4.99,x,-0.007485806202986379,0.11195419481743639,0.11944000102042276,-0.007480566907486179,0.10874137350943305,0.11622194041691923,0.020408188839079765,0.03255912188027158,0.01889601774885238,0.03130504508442734
nav-standard,working_p3,2026-10-02 new working P3,499,4.98,4.99,y,-0.03280535985591916,0.3759204513833351,0.4087258112392542,-0.02945524971931477,0.3757041040736479,0.4051593537929627,0.0287580832134747,0.04304705479563789,0.028146666242555428,0.04215623012629155
nav-standard,working_p3,2026-10-02 new working P3,500,4.99,5.0,x,-0.008335054969382354,0.10875841859596445,0.1170934735653468,-0.008329813580463684,0.10557209104199244,0.11390190462245613,0.02038553434918448,0.03233106270667985,0.018907316995221416,0.03147465113747564
nav-standard,working_p3,2026-10-02 new working P3,500,4.99,5.0,y,-0.029344903936065876,0.3757005046187603,0.4050454085548262,-0.026049689110316816,0.37548261810671674,0.40153230721703354,0.028636125238305377,0.042796749317685845,0.0280451121576946,0.041943376616769584
nav-standard,working_p3,2026-10-02 new working P3,501,5.0,5.01,x,-0.009172248780093067,0.10558569099588201,0.11475793977597508,-0.00916910013898858,0.10242628628403877,0.11159538642302735,0.02035953334832989,0.03243666088105367,0.01892272802225127,0.03164093055811971
nav-standard,working_p3,2026-10-02 new working P3,501,5.0,5.01,y,-0.025942906468951296,0.3754793453576003,0.4014222518265516,-0.02270228841637816,0.3752594279921838,0.397961716408562,0.02851639999653451,0.04255588122357912,0.027946589310088272,0.04174101820164783
nav-standard,working_p3,2026-10-02 new working P3,502,5.01,5.02,x,-0.010001977783453669,0.1024386592702313,0.11244063705368497,-0.009998826373034756,0.0992998005114625,0.10929862688449726,0.020354947945099268,0.03259022086395864,0.018938002855342313,0.03180076156582401
nav-standard,working_p3,2026-10-02 new working P3,502,5.01,5.02,y,-0.022595541368595675,0.37525586290478025,0.3978514042733759,-0.0194166942050154,0.37503339282758946,0.39445008703260487,0.028404311334209703,0.04232409244674884,0.02785152455558366,0.041541684494938225
nav-standard,working_p3,2026-10-02 new working P3,503,5.02,5.03,x,-0.010823179123944515,0.09931306733103615,0.11013624645498066,-0.01082002503918966,0.09621242387572586,0.10703244891491552,0.02035184389468449,0.032738288908691585,0.018954939697713155,0.031955106751562476
nav-standard,working_p3,2026-10-02 new working P3,503,5.02,5.03,y,-0.019310369073842978,0.375029603300961,0.394339972374804,-0.0161928954087761,0.374804601367239,0.3909974967760151,0.028295489666794505,0.04210535102718779,0.027759456552481486,0.04135478733675918
nav-standard,working_p3,2026-10-02 new working P3,504,5.03,5.04,x,-0.011635853037786314,0.09622909492872277,0.10786494796650908,-0.011632696373688545,0.09315098600900776,0.10478368238269631,0.02035063516900932,0.032880835372101264,0.01897394995516515,0.03210393627881029
nav-standard,working_p3,2026-10-02 new working P3,504,5.03,5.04,y,-0.016087007979037282,0.3748005681552189,0.3908875761342562,-0.013030504129775477,0.37457305523733947,0.38760355936711494,0.02818987301926528,0.0418974354137337,0.027670322806305447,0.04117810195097946
nav-standard,working_p3,2026-10-02 new working P3,505,5.04,5.05,x,-0.012439992046813822,0.09316626426116767,0.1056062563079815,-0.012436832898379099,0.0901113603627499,0.102548193261129,0.020350911161746747,0.0330178664186001,0.018994620440503006,0.032247256118567935
nav-standard,working_p3,2026-10-02 new working P3,505,5.04,5.05,y,-0.01292507033922315,0.374568768819486,0.3874938391587091,-0.009929126372767915,0.3743387658064316,0.38426789217919954,0.028087414667521293,0.04169832131797696,0.02758407457457382,0.04100960088403119
nav-standard,working_p3,2026-10-02 new working P3,506,5.05,5.06,x,-0.013235594128228579,0.09012523991702819,0.10336083404525677,-0.013232432590474187,0.08709420644513885,0.10032663903561304,0.02035250450706541,0.03314939166222677,0.019016781192482124,0.03238507569142711
nav-standard,working_p3,2026-10-02 new working P3,506,5.05,5.06,y,-0.00982416230788246,0.37433421667425515,0.3841583789821376,-0.0068883620833181435,0.3741017444710944,0.38099010655441257,0.027988106727979568,0.041507882524243395,0.02750070277308586,0.040849154815122274
nav-standard,working_p3,2026-10-02 new working P3,507,5.06,5.07,x,-0.014022649472374197,0.0871066818464778,0.10112933131885199,-0.014019485640327137,0.0841001790698635,0.09811966471019064,0.020355338041777502,0.03327540627849927,0.01904035243815847,0.03251738997942715
nav-standard,working_p3,2026-10-02 new working P3,507,5.06,5.07,y,-0.006783883977263488,0.3740969231283174,0.38088080710558087,-0.003907805188561982,0.373862002655683,0.37776980784424496,0.027891901050668577,0.04132601968578345,0.027420158400607568,0.04069666135265104
nav-standard,working_p3,2026-10-02 new working P3,508,5.07,5.08,x,-0.014820019636827742,0.08411127156442785,0.0989312912012556,-0.0148169341705883,0.08112995455976858,0.09594688873035688,0.020359025003053345,0.03339591369799684,0.019064944790806098,0.03264420221964028
nav-standard,working_p3,2026-10-02 new working P3,508,5.07,5.08,y,-0.0038038294185952157,0.37385689972071373,0.3776607291393089,-0.000987043637849104,0.3736195519142801,0.3746065955521292,0.02779875149775461,0.041153221619983554,0.027342394322159312,0.0405526063296385
nav-standard,working_p3,2026-10-02 new working P3,509,5.08,5.09,x,-0.015610477567180378,0.08113964539689643,0.09675012296407681,-0.015607389829431953,0.07818416399365906,0.09379155382309101,0.02036267028873054,0.03351289310355242,0.01908966051043028,0.032767491401367456
nav-standard,working_p3,2026-10-02 new working P3,509,5.08,5.09,y,-0.0008836292626965081,0.3736141588071209,0.3744977880698174,0.0018742980162221893,0.3733744046170818,0.37150010660085964,0.027708722967756578,0.040988758138220754,0.027267469259643462,0.0404162566337998
nav-standard,working_p3,2026-10-02 new working P3,510,5.09,5.1,x,-0.016392731046202088,0.07819243877949406,0.09458516982569615,-0.016389641126530276,0.07526343750522507,0.09165307863175534,0.020367461383497227,0.03362578598923826,0.019115684430155738,0.032886698825127327
nav-standard,working_p3,2026-10-02 new working P3,510,5.09,5.1,y,0.0019770955278816883,0.37336871121247484,0.37139161568459317,0.004676604845240287,0.37312657160302154,0.36844996675778124,0.027621768157508098,0.04083246009124292,0.027195338127305325,0.040287440253136686
nav-standard,working_p3,2026-10-02 new working P3,511,5.1,5.11,x,-0.017166157629981926,0.07527029271320734,0.09243645034318927,-0.01716306561797989,0.07236841073926858,0.08953147635724848,0.02037241224933766,0.03373370524688925,0.019142027846878205,0.03300093718918285
nav-standard,working_p3,2026-10-02 new working P3,511,5.1,5.11,y,0.00477884818782996,0.37312056834429774,0.36834172015646777,0.0074203860735344105,0.37287606429309683,0.36545567821956243,0.027537775875480952,0.04068419448494018,0.027125890853635058,0.04016602139191719
nav-standard,working_p3,2026-10-02 new working P3,512,5.11,5.12,x,-0.017930763716431094,0.07237384275436383,0.09030460647079493,-0.01792766970169812,0.06949971384211492,0.08742738354381305,0.020377975660714018,0.03383665570469181,0.019169140856653118,0.0331102111281336
nav-standard,working_p3,2026-10-02 new working P3,512,5.11,5.12,y,0.007522058242330062,0.3728697417052474,0.36534768346291735,0.010106077171007862,0.3726228942029185,0.36251681703191063,0.027456710027376652,0.04054382699595846,0.02705908648489603,0.04005186298649263
nav-standard,working_p3,2026-10-02 new working P3,513,5.12,5.13,x,-0.018686546389290577,0.06950371991909937,0.08819026630838994,-0.01868345046143059,0.06665797236653043,0.08534142282796102,0.020385399968125113,0.033934642317006124,0.019198269118462265,0.033214525402741335
nav-standard,working_p3,2026-10-02 new working P3,513,5.12,5.13,y,0.010207161031567385,0.3726162428683835,0.36240908183681614,0.01273411937723725,0.37236707291797766,0.35963295354074043,0.027378534145261525,0.040411236110728777,0.026994888666738725,0.04000054027576458
nav-standard,working_p3,2026-10-02 new working P3,514,5.13,5.14,x,-0.019433497981019888,0.06666055022377977,0.08609404820479966,-0.019430400229639985,0.06384380681259813,0.08327420704223812,0.020394741840962967,0.03402773223321515,0.01922946659727912,0.03331394696878234
nav-standard,working_p3,2026-10-02 new working P3,514,5.13,5.14,y,0.012834709988483363,0.3723600834347214,0.35952537344623803,0.015305071978814717,0.372108612051199,0.3568035400723843,0.02730326778770591,0.04028627725297923,0.026933318588007488,0.03998787406318011
nav-standard,working_p3,2026-10-02 new working P3,515,5.14,5.15,x,-0.020171691328805693,0.06384495463501898,0.08401664596382467,-0.0201685918435147,0.061057832578193375,0.08122642442170808,0.02040399384545679,0.03411596414734196,0.019260723142222616,0.03340851432666811
nav-standard,working_p3,2026-10-02 new working P3,515,5.14,5.15,y,0.015404924737486288,0.3721012750439123,0.35669635030642605,0.01781916040765178,0.37184752325362147,0.35402836284596967,0.027230790789685638,0.04016880857978464,0.026874252722370505,0.03997906837477727
nav-standard,working_p3,2026-10-02 new working P3,516,5.15,5.16,x,-0.02090105096560358,0.06105754902025051,0.08195859998585409,-0.02089794983601056,0.05830065991001662,0.07919860974602719,0.02041342626148848,0.03419924919886347,0.0192923063035833,0.033498138422262444
nav-standard,working_p3,2026-10-02 new working P3,516,5.15,5.16,y,0.017918372628272117,0.3718398293338131,0.353921456705541,0.020276957774396392,0.37158381817396796,0.3513068603995716,0.027161084382884483,0.04014310251421266,0.026817669881544513,0.039973911660374645
nav-standard,working_p3,2026-10-02 new working P3,517,5.16,5.17,x,-0.021621576421242385,0.05829894409811218,0.07992052051935457,-0.02161847373695519,0.055572893854442376,0.07719136759139757,0.0204245191864774,0.03427759282735646,0.01932569343691963,0.03358282450153087
nav-standard,working_p3,2026-10-02 new working P3,517,5.16,5.17,y,0.020375511886275788,0.3715757579817537,0.3512002460954779,0.022678928018483525,0.3713175084999128,0.34863858048142926,0.027094114038808053,0.04012950152594222,0.026763534347715112,0.0399721916011605
nav-standard,working_p3,2026-10-02 new working P3,518,5.17,5.18,x,-0.02233326783108088,0.05556974538989748,0.07790301322097837,-0.02233016368170469,0.05287513420943915,0.07520529789114384,0.020435615317436803,0.03435100069686756,0.01935922448532686,0.0336625780349138
nav-standard,working_p3,2026-10-02 new working P3,518,5.17,5.18,y,0.022771013015015527,0.3713090726904843,0.34853805967546875,0.025019747310082236,0.37104860594402944,0.3460288586339472,0.02702991952378867,0.040119544648368866,0.0267118847798605,0.03997369447818122
nav-standard,working_p3,2026-10-02 new working P3,519,5.18,5.19,x,-0.023036124936274778,0.05287055456756519,0.07590667950383997,-0.02303301941141062,0.050207976873050494,0.07324099628446111,0.020448604972340224,0.03441947869868111,0.019394787001016742,0.03373740472009795
nav-standard,working_p3,2026-10-02 new working P3,519,5.18,5.19,y,0.02511097244103857,0.3710397851879073,0.34592881274686876,0.027305517694647192,0.37077712224352205,0.3434716045488749,0.02696862419926125,0.04011301860903138,0.02666284253393138,0.03997820624777296
nav-standard,working_p3,2026-10-02 new working P3,520,5.19,5.2,x,-0.023730342859041357,0.050201969350693175,0.07393231220973454,-0.02372723604828465,0.047572013740823885,0.07129924978910854,0.02046373122963863,0.03448303443307346,0.01943262128504883,0.03380731196377385
nav-standard,working_p3,2026-10-02 new working P3,520,5.19,5.2,y,0.02739602500651155,0.37076790722682323,0.3433718822203117,0.02953687958511826,0.370503069159972,0.34096618957485375,0.026910910790859922,0.0401097094239172,0.02661709255712602,0.03998551218156127
nav-standard,working_p3,2026-10-02 new working P3,521,5.2,5.21,x,-0.024416992838861513,0.04756188596992189,0.0719788788087834,-0.024415284203651483,0.0449651351697327,0.06938041937338418,0.02047400967482503,0.03454415612161598,0.01947118437748402,0.03387623975506332
nav-standard,working_p3,2026-10-02 new working P3,521,5.2,5.21,y,0.02962676276651341,0.370493232077357,0.34086646931084363,0.031714430629660985,0.3702260076031466,0.3385115769734856,0.026854899022338386,0.040104064518485416,0.026573924253860386,0.03999303509737384
nav-standard,working_p3,2026-10-02 new working P3,522,5.21,5.22,x,-0.025102150762973837,0.044953097562676396,0.07005524832565023,-0.02510043950507393,0.042383639656292826,0.06748407916136676,0.02049961340368139,0.0346129527220613,0.019508639596635968,0.033948487956337564
nav-standard,working_p3,2026-10-02 new working P3,522,5.21,5.22,y,0.03180454061469443,0.3702160530372602,0.33841151242256573,0.033839859659616174,0.36994621947549117,0.336106359815875,0.026805862607131054,0.04011499941174107,0.026533787525742536,0.04000790481295513
nav-standard,working_p3,2026-10-02 new working P3,523,5.22,5.23,x,-0.025785617510522475,0.04237070396469873,0.06815632147522122,-0.02578390368698031,0.03982914282076023,0.06561304650774054,0.020527822596301613,0.034687051617449935,0.019548799018239114,0.034026043851098184
nav-standard,working_p3,2026-10-02 new working P3,523,5.22,5.23,y,0.03392871758496009,0.3699361222180596,0.3360074046330995,0.03591220445764133,0.3697202802460116,0.3338080757883703,0.02675898117314899,0.04012694653471696,0.026495639778722463,0.040023720426950266
nav-standard,working_p3,2026-10-02 new working P3,524,5.23,5.24,x,-0.02646738971926707,0.039815317521023165,0.06628270724029023,-0.026465673387145512,0.03730225038534577,0.06376792377249128,0.020558255500230074,0.03476645803256434,0.019591279268289283,0.03410891254568166
nav-standard,working_p3,2026-10-02 new working P3,524,5.23,5.24,y,0.03599980476462258,0.3697448813499762,0.33374507658535363,0.037931982906130556,0.3695699169756989,0.3316379340695684,0.026714236412285198,0.040139021406143754,0.026459456416853995,0.040039597385551184
nav-standard,working_p3,2026-10-02 new working P3,525,5.24,5.25,x,-0.027147464190757177,0.037287739998598565,0.06443520418935575,-0.02714574540713323,0.03480375743204888,0.06194950283918211,0.020590828904600282,0.03485117704462167,0.01963599550593882,0.034197098998827995
nav-standard,working_p3,2026-10-02 new working P3,525,5.24,5.25,y,0.03801832071131868,0.36959509017038367,0.331576769459065,0.03989972028869829,0.36941773738400624,0.3295180170953079,0.02667160277203099,0.040151204290826664,0.026425211611613104,0.0400555158824408
nav-standard,working_p3,2026-10-02 new working P3,526,5.25,5.26,x,-0.027825837739311802,0.03478849780537682,0.06261433554468862,-0.027824116561275525,0.032334183622441205,0.060158300183716734,0.02062568280091248,0.03494121358307199,0.019683086084410543,0.034290608021481275
nav-standard,working_p3,2026-10-02 new working P3,526,5.25,5.26,y,0.039984774806580546,0.36944348225822476,0.32945870745164424,0.041815932643132485,0.3692637507289249,0.32744781808579243,0.02663114221957925,0.040163587950078045,0.026392967453329308,0.04007156860922678
nav-standard,working_p3,2026-10-02 new working P3,527,5.26,5.27,x,-0.02850250724184731,0.032318115436142984,0.060820622677990294,-0.0285007837265007,0.029894046644197134,0.058394830370697835,0.020661808603546744,0.035036572618576,0.019731540771647814,0.03438944446576972
nav-standard,working_p3,2026-10-02 new working P3,527,5.26,5.27,y,0.041899692318117604,0.3692900668564686,0.32739037453835096,0.043681151823065444,0.3691079662793063,0.3254268144562409,0.02659275933686068,0.040176093733844925,0.026362630058196813,0.04008767684757
nav-standard,working_p3,2026-10-02 new working P3,528,5.27,5.28,x,-0.02917746963784,0.029877207708260845,0.05905467734610084,-0.029175743842295907,0.027483954447545072,0.05665969828984098,0.02070049599449491,0.03513725904449236,0.019782647595184125,0.0344936131064954
nav-standard,working_p3,2026-10-02 new working P3,528,5.27,5.28,y,0.04376363467530586,0.3691348532189616,0.32537121854365575,0.04549594577285839,0.36895039331464674,0.32345444754178837,0.02655641025168328,0.040188683759504684,0.02633415377544835,0.04010380264798141
nav-standard,working_p3,2026-10-02 new working P3,529,5.28,5.29,x,-0.02985072192931451,0.02746638550592728,0.05731710743524179,-0.029848993910695516,0.02524918848777808,0.0550981823984736,0.020741381625249813,0.03524327690540816,0.01983604154417052,0.03460311786966706
nav-standard,working_p3,2026-10-02 new working P3,529,5.28,5.29,y,0.04557714743087531,0.3689778506102154,0.32340070317934005,0.04726086648869068,0.3687910411248754,0.3215301746361847,0.026522074408061768,0.04020140871381417,0.026307512262251163,0.04011999663177207
nav-standard,working_p3,2026-10-02 new working P3,530,5.29,5.3,x,-0.030522261180742655,0.02532058065767108,0.05584284183841373,-0.03052053099617999,0.02465025403059304,0.05517078502677303,0.020786234118889628,0.03535463053825423,0.019893489571598807,0.03471796297361773
nav-standard,working_p3,2026-10-02 new working P3,530,5.29,5.3,y,0.047340689796028824,0.368819068305193,0.32147837850916416,0.048976379553087084,0.36862991901014014,0.31965353945705305,0.026489712904628808,0.04021417045644135,0.026282675122780225,0.040136160594585774
nav-standard,working_p3,2026-10-02 new working P3,531,5.3,5.31,x,-0.031192088130430937,0.024721941086877388,0.05591402921730833,-0.03119035583706337,0.02405074177872459,0.05524109761578796,0.02083264655265017,0.03547136758989161,0.0199525830770133,0.034838195946593625
nav-standard,working_p3,2026-10-02 new working P3,531,5.3,5.31,y,0.04905488290545895,0.36865851558909657,0.3196036326836376,0.05064311239934953,0.3684670362805951,0.31782392388124553,0.026459321670888103,0.040226949268547835,0.026259632533159206,0.04015227475498276
nav-standard,working_p3,2026-10-02 new working P3,532,5.31,5.32,x,-0.03186029170258686,0.02412263970142451,0.05598293140401137,-0.031858557357559616,0.02345057243932229,0.055309129796881906,0.020881665803947083,0.035593800804941705,0.020014367252673002,0.03496412941458658
nav-standard,working_p3,2026-10-02 new working P3,532,5.31,5.32,y,0.05072032453889618,0.36849620175715403,0.31777587721825784,0.05226166903252701,0.3683024022561868,0.31604073322365983,0.026430873598666454,0.04023972540553142,0.026238355933127726,0.040168319307182676
nav-standard,working_p3,2026-10-02 new working P3,533,5.32,5.33,x,-0.03252842635560806,0.023522727624388697,0.05605115397999676,-0.03252669001607169,0.02284979715357185,0.05537648716964354,0.02093609443184545,0.03572497061958162,0.02008164296516185,0.0350988036951318
nav-standard,working_p3,2026-10-02 new working P3,533,5.32,5.33,y,0.052337586231418404,0.3683321361144061,0.3159945498829877,0.05383262713915333,0.36813602626644154,0.3143033991272882,0.026404345109090815,0.040252479098292104,0.02621882059408273,0.04018427442233227
nav-standard,working_p3,2026-10-02 new working P3,534,5.33,5.34,x,-0.03319504069152003,0.02292250954690991,0.056117550238429945,-0.033193302414629325,0.022248720630689223,0.05544202304531855,0.02099665982976572,0.035861926474281235,0.020155135903464953,0.03523926811004727
nav-standard,working_p3,2026-10-02 new working P3,534,5.33,5.34,y,0.05390724582546123,0.36816632797549326,0.314259082150032,0.055356570638692454,0.36796791765025133,0.3126113470115589,0.02637972172125469,0.040265190554499564,0.026201008805376392,0.040200120249773014
nav-standard,working_p3,2026-10-02 new working P3,535,5.34,5.35,x,-0.03386013220689071,0.022321639378697397,0.056181771585588104,-0.033858392049803614,0.02164699679842592,0.05550538884822953,0.02106337511224375,0.03600467193283354,0.02023485746893342,0.035385526104466415
nav-standard,working_p3,2026-10-02 new working P3,535,5.34,5.35,y,0.055429887397075404,0.36799878666444347,0.3125688992673681,0.05683408960923781,0.367798085755662,0.31096399614642417,0.026356963201298093,0.04027783995986117,0.026184884234301188,0.040215836918310544
nav-standard,working_p3,2026-10-02 new working P3,536,5.35,5.36,x,-0.03452370144020157,0.021720120031408035,0.0562438214716096,-0.034521959460078064,0.021044628586447192,0.055566588046525256,0.021134602125911003,0.03615321036700811,0.02031916780584369,0.035537580931493964
nav-standard,working_p3,2026-10-02 new working P3,536,5.35,5.36,y,0.056906101181134865,0.36782952530798846,0.3109234241268536,0.058265780212168966,0.3676265437331889,0.30936076352101993,0.026336070730507626,0.040290416333170376,0.02617044259728214,0.04023141339126357
nav-standard,working_p3,2026-10-02 new working P3,537,5.36,5.37,x,-0.03518574766932246,0.021117954420904916,0.05630370209022738,-0.035184003923323486,0.020441618928590356,0.055625622851913845,0.021209464737523394,0.03630754500675057,0.020407189060589734,0.035695435702407755
nav-standard,working_p3,2026-10-02 new working P3,537,5.36,5.37,y,0.05833648349680421,0.36765855235052725,0.30932206885372304,0.05965224461707467,0.36745330005078053,0.30780105543370584,0.02631701715547046,0.04030290666977304,0.02615765666144969,0.0402468366099312
nav-standard,working_p3,2026-10-02 new working P3,538,5.37,5.38,x,-0.03584626324521312,0.020515170912714514,0.05636143415792763,-0.03584451779049944,0.01983799620832177,0.05568251399882121,0.021285571697400005,0.03646768122481252,0.020496528256515427,0.035859095671290996
nav-standard,working_p3,2026-10-02 new working P3,538,5.37,5.38,y,0.05972163667217447,0.3674858753587537,0.30776423868657926,0.060994090925851036,0.3672783622984456,0.3062842713725946,0.02629980673060629,0.040315336548969016,0.026146532009705886,0.04026213210099533
nav-standard,working_p3,2026-10-02 new working P3,539,5.38,5.39,x,-0.03650524563313576,0.019911753864691056,0.05641699949782682,-0.0365034985268669,0.01923374480140097,0.05573724332826787,0.02136228312794422,0.03663362172384443,0.020586543782579535,0.03602856342212752
nav-standard,working_p3,2026-10-02 new working P3,539,5.38,5.39,y,0.061062168968347375,0.36731152984512033,0.30624936087677296,0.062291933096255296,0.3671017660117166,0.3048098329154613,0.02628444180281735,0.0403288038983676,0.02613706728032732,0.04027839774087674
nav-standard,working_p3,2026-10-02 new working P3,540,5.39,5.4,x,-0.03716269247200186,0.01930769936496164,0.05647039183696349,-0.037160943771334984,0.018628860813825598,0.055789804585160585,0.021441265837323475,0.036805367328265504,0.020678900707179794,0.03620383966067404
nav-standard,working_p3,2026-10-02 new working P3,540,5.39,5.4,y,0.06235869450297969,0.36713550193699085,0.30477680743401114,0.06354639086492649,0.36692349734080243,0.30337710647587596,0.02627092293256089,0.040344266944641965,0.026129264862729252,0.040296591706490525
nav-standard,working_p3,2026-10-02 new working P3,541,5.4,5.41,x,-0.03782201186891138,0.018705937680282995,0.05652794954919438,-0.03782102082682767,0.01802668682892503,0.0558477076557527,0.021519476141794606,0.036989342895863815,0.020773823681085126,0.03639225547324842
nav-standard,working_p3,2026-10-02 new working P3,541,5.4,5.41,y,0.06361291400351025,0.3669574933571096,0.3033445793535993,0.06475916265840431,0.36674310503732493,0.3019839423789206,0.026258367462704817,0.040357945331867984,0.026123022941614577,0.040313627015364506
nav-standard,working_p3,2026-10-02 new working P3,542,5.41,5.42,x,-0.03848604816101078,0.018098448073218462,0.056584496234229245,-0.038485054419698496,0.01741926293589951,0.055904317355598004,0.02160930434431172,0.03718702930241494,0.020869880957871918,0.03659166530962231
nav-standard,working_p3,2026-10-02 new working P3,542,5.41,5.42,y,0.06482369442664286,0.3667773797679606,0.3019536853413177,0.0659308545991747,0.36656045633428547,0.3006296017351108,0.02625072003519336,0.040376605548622435,0.026118995902132264,0.04033351753421682
nav-standard,working_p3,2026-10-02 new working P3,543,5.42,5.43,x,-0.03915502981289375,0.017489026544135568,0.05664405635702932,-0.03915403340527083,0.01680991177502178,0.05596394518029261,0.021703601951912475,0.037398787562499626,0.020970451612158134,0.03680515276599366
nav-standard,working_p3,2026-10-02 new working P3,543,5.42,5.43,y,0.06599444455850463,0.3665949169735416,0.30060047241503696,0.0670631078673438,0.36637546006536836,0.29931235219802454,0.026244821721229817,0.040395271812629224,0.026116623757224816,0.04035341826612765
nav-standard,working_p3,2026-10-02 new working P3,544,5.43,5.44,x,-0.039828955896558826,0.016877645234622016,0.05670660113118084,-0.03982795685556355,0.01619860548644175,0.0560265623420053,0.021803019722335653,0.03762462901055333,0.021076185561064546,0.03703272912125791
nav-standard,working_p3,2026-10-02 new working P3,544,5.43,5.44,y,0.06712573851059485,0.3664101036545603,0.29928436514396545,0.06815650180172089,0.3661881149461938,0.2980316131444729,0.026240613490146232,0.04041394988232394,0.02611583918663358,0.04037333496307566
nav-standard,working_p3,2026-10-02 new working P3,545,5.44,5.45,x,-0.04050782641986844,0.01626425053164133,0.05677207695150977,-0.04050682477845874,0.015585290455653258,0.056092115234112,0.02190698453595477,0.03786456488157817,0.021186508850756357,0.03727440555482782
nav-standard,working_p3,2026-10-02 new working P3,545,5.44,5.45,y,0.0682181844111598,0.36622293852572674,0.29800475411456695,0.06921164967884039,0.36599841972637864,0.2967867700475383,0.026238005256123114,0.040432645514952875,0.02611655841554325,0.04039327337580284
nav-standard,working_p3,2026-10-02 new working P3,546,5.45,5.46,x,-0.04119163965546222,0.015648849195705913,0.05684048885116813,-0.041190635446615005,0.014969973441667206,0.05616060888828221,0.022013909892607812,0.03811879127300741,0.0212998341347378,0.03753037810849911
nav-standard,working_p3,2026-10-02 new working P3,546,5.45,5.46,y,0.06927237413411083,0.36603360961714865,0.2967612354830378,0.0702291484413834,0.3658065624709307,0.2955774140295473,0.026236990899172856,0.04045136446655756,0.026118776403723242,0.04041323925379958
nav-standard,working_p3,2026-10-02 new working P3,547,5.46,5.47,x,-0.04188088729018239,0.015031445277115398,0.05691233256729779,-0.04187988054689287,0.014352658493249838,0.05623253904014271,0.02212245059421339,0.0383881094216935,0.021414815365263927,0.03780144796343958
nav-standard,working_p3,2026-10-02 new working P3,547,5.46,5.47,y,0.07028890321094684,0.3658420559337795,0.29555315272283267,0.07120959860961137,0.3656124822196969,0.2944028836100855,0.02623756414802969,0.04047011249177371,0.026122480615684972,0.04043323834510329
nav-standard,working_p3,2026-10-02 new working P3,548,5.47,5.48,x,-0.04257510371902258,0.014412042387486824,0.0569871461065094,-0.0425740944743036,0.013733349220452978,0.056307443694756584,0.022232084257213004,0.0386715840464851,0.021530929305852726,0.038086679782767315
nav-standard,working_p3,2026-10-02 new working P3,548,5.47,5.48,y,0.07126837231726953,0.36564817936826977,0.29437980705100025,0.07215360576740006,0.3654160809002137,0.29326247513281367,0.026239732643033642,0.04048889538591094,0.026127682496479614,0.04045327643837829
nav-standard,working_p3,2026-10-02 new working P3,549,5.48,5.49,x,-0.043274272347262555,0.013790645473565205,0.05706491782082776,-0.04327326063414392,0.01311205056842464,0.05638531120256856,0.02234235412788808,0.03897087245368916,0.021647718346672257,0.038386087617094125
nav-standard,working_p3,2026-10-02 new working P3,549,5.48,5.49,y,0.07221138719314717,0.3654519815752801,0.2932405943821329,0.07306178048212972,0.36521736020202,0.29215557971989026,0.02624351545926052,0.040507725383590126,0.026134397903101698,0.04047336576155314
nav-standard,working_p3,2026-10-02 new working P3,550,5.49,5.5,x,-0.043978393585050735,0.013167277186160857,0.05714567077121159,-0.043977379436578506,0.01248878518634634,0.05646616462292485,0.022453369644842267,0.039317443535935415,0.02176529106709329,0.038726968602476826
nav-standard,working_p3,2026-10-02 new working P3,550,5.49,5.5,y,0.07311855856299232,0.3652534370575003,0.292134878494508,0.07393473822409696,0.36501629466267543,0.29108155643857847,0.026248914868472566,0.04052660496670221,0.026142630247256677,0.040493508789779475
nav-standard,working_p3,2026-10-02 new working P3,551,5.5,5.51,x,-0.04468746551799605,0.012541947145093876,0.057229412663089924,-0.0446864489672319,0.011863562692377594,0.056550011659609496,0.02256478416898918,0.039677187931552414,0.02188329996574764,0.03908825208398809
nav-standard,working_p3,2026-10-02 new working P3,551,5.5,5.51,y,0.07398741656656273,0.3650525447235724,0.2910651281570097,0.07477001379705765,0.364812883225683,0.29004286942862534,0.026255987137072195,0.040545539132577135,0.026152438400036622,0.0405137105136012
nav-standard,working_p3,2026-10-02 new working P3,552,5.51,5.52,x,-0.04540148750868461,0.011917833543082164,0.05731932105176678,-0.04540046858870513,0.011242264670087881,0.056642733258793015,0.02267583215949317,0.040050114334907315,0.022000978636539725,0.03946272336461407
nav-standard,working_p3,2026-10-02 new working P3,552,5.51,5.52,y,0.0748182364335243,0.3648493035446175,0.29003106711109317,0.07556788701233955,0.3646071248970156,0.289039237884676,0.026264738281404326,0.0405645336492699,0.02616382239990208,0.04053397669424014
nav-standard,working_p3,2026-10-02 new working P3,553,5.52,5.53,x,-0.04612046747542462,0.011302535743869144,0.057423003219293764,-0.04611944621932067,0.010626490150973614,0.05674593637029428,0.02278719366964829,0.04043623568911745,0.02211900625568321,0.03985039534070087
nav-standard,working_p3,2026-10-02 new working P3,553,5.52,5.53,y,0.07561515699016781,0.3646437126465714,0.2890285556564036,0.07633250119511659,0.364399018837451,0.28806651764233443,0.02627508109230508,0.040583732275894874,0.026176698887008958,0.04055445108393091
nav-standard,working_p3,2026-10-02 new working P3,554,5.53,5.54,x,-0.04684668301009027,0.01068544547353828,0.05753212848362855,-0.046845659450966255,0.010008927663374535,0.05685458711434079,0.02289770702230643,0.040847617510097065,0.02223622027499021,0.04026333348134066
nav-standard,working_p3,2026-10-02 new working P3,554,5.53,5.54,y,0.07637798132997087,0.36443577090202683,0.28805778957205597,0.07706366385453632,0.3641885639544137,0.28712490009987734,0.026287007750503355,0.04060313314124042,0.026191061258937463,0.04057513180453515
nav-standard,working_p3,2026-10-02 new working P3,555,5.54,5.55,x,-0.047581100412382185,0.010066553478720671,0.05764765389110286,-0.04758007458335542,0.009389567963734798,0.05696964254709022,0.023008073318755026,0.04127855756862589,0.02235332093089309,0.04069583551044121
nav-standard,working_p3,2026-10-02 new working P3,555,5.54,5.55,y,0.07710811207639041,0.3642254773563066,0.2871173652799162,0.0777627819460858,0.36397575932804754,0.2862129773819617,0.026300570829982894,0.040622710634848014,0.026206955973036995,0.04059599323862079
nav-standard,working_p3,2026-10-02 new working P3,556,5.55,5.56,x,-0.04832102326594798,0.009445862509250065,0.05776688577519804,-0.04831999520014799,0.008768413811671111,0.05708840901181911,0.023118607961159415,0.04172457188907755,0.022470622749097616,0.04114341740545518
nav-standard,working_p3,2026-10-02 new working P3,556,5.55,5.56,y,0.07780627282260373,0.3640128310890401,0.2862065582664364,0.07843058331091382,0.3637606040727916,0.28533002076187775,0.02631575251517357,0.04064247014918376,0.026224363737133348,0.040617040771633944
nav-standard,working_p3,2026-10-02 new working P3,557,5.56,5.57,x,-0.04906667395382026,0.008823376863427356,0.057890050817247615,-0.049065643684388136,0.008145469515237123,0.057211113199625255,0.023228539867764374,0.042185665212095054,0.022587353768768168,0.04160608386005666
nav-standard,working_p3,2026-10-02 new working P3,557,5.56,5.57,y,0.07847310980577893,0.363797831214222,0.28532472140844306,0.07906771834969081,0.3635430973374387,0.2844753789877479,0.02633253366698664,0.04066241804332574,0.02624327260341529,0.040638280755585676
nav-standard,working_p3,2026-10-02 new working P3,558,5.57,5.58,x,-0.049817852137049146,0.008199102004610914,0.05801695414166006,-0.04981681969713683,0.0075207405475136435,0.057337560244650476,0.023337957587078642,0.0426618487460886,0.022703601656744943,0.042083846035639784
nav-standard,working_p3,2026-10-02 new working P3,558,5.57,5.58,y,0.07910927357884896,0.36358047688027234,0.2844712033014234,0.07967484169398013,0.36332323830519486,0.2836483966112147,0.026350974252289567,0.04068256383886748,0.026263736188740405,0.04065972270495605
nav-standard,working_p3,2026-10-02 new working P3,559,5.58,5.59,x,-0.05057453874256775,0.007573066612589894,0.058147605355157644,-0.05057350416533739,0.006894255597981875,0.05746775976331926,0.02344660538759286,0.04315313378988549,0.02281910976579274,0.04257671518396972
nav-standard,working_p3,2026-10-02 new working P3,559,5.58,5.59,y,0.0797154189259051,0.36336076727010813,0.283645348344203,0.08025261212123692,0.3631010261937503,0.2828484140725134,0.0263710261030413,0.040702918958951645,0.026285710711686238,0.040681378035727606
nav-standard,working_p3,2026-10-02 new working P3,560,5.59,5.6,x,-0.05133673266174737,0.00694552358357344,0.05828225624532081,-0.05133569598037061,0.0062662675725124505,0.057601963552883065,0.023554733828644918,0.04366005853687784,0.022934127791794632,0.04308522945133127
nav-standard,working_p3,2026-10-02 new working P3,560,5.59,5.6,y,0.08029220477716746,0.36313870160116735,0.28284649682399987,0.08080169246939217,0.3628764602553031,0.28207476778591095,0.02639275106533895,0.04072348685586594,0.02630925459036047,0.04070325019298132
nav-standard,working_p3,2026-10-02 new working P3,561,5.6,5.61,x,-0.05210870477812858,0.006317165177272539,0.05842586995540112,-0.0521087034496933,0.005637688952928741,0.05774639240262204,0.02366179227758436,0.04418998507892149,0.023050310302514636,0.043617316623075324
nav-standard,working_p3,2026-10-02 new working P3,561,5.6,5.61,y,0.08084098929226831,0.36291427825000533,0.28207328895773703,0.08132342609184011,0.36264934233850055,0.2813259162466604,0.02641577795423286,0.04074459988581938,0.0263344675589062,0.04072572758399981
nav-standard,working_p3,2026-10-02 new working P3,562,5.61,5.62,x,-0.05288776871257201,0.005686103848169534,0.05857387256074154,-0.05288776738079174,0.005008730979666092,0.057896498360457835,0.023774855397342174,0.044733847245683966,0.023165470082292177,0.044160719984205746
nav-standard,working_p3,2026-10-02 new working P3,562,5.61,5.62,y,0.08136265759312256,0.3626879264086867,0.28132526881556413,0.08182114647943911,0.3624200946594505,0.2805989481800114,0.026442750459740788,0.04076754133657509,0.02636186787957511,0.04074986789217275
nav-standard,working_p3,2026-10-02 new working P3,563,5.62,5.63,x,-0.053675477751326174,0.005055933781417504,0.05873141153274368,-0.05367547641621973,0.004380668865478254,0.05805614528169799,0.023889565850972454,0.04529402685032622,0.023282291047924474,0.04472044958042313
nav-standard,working_p3,2026-10-02 new working P3,563,5.62,5.63,y,0.0818584729027659,0.362459306289592,0.28060083338682607,0.08229358208480458,0.3621885716643763,0.2798949895795717,0.026471500101537277,0.040791659052642176,0.026390995677663072,0.04077519258428142
nav-standard,working_p3,2026-10-02 new working P3,564,5.63,5.64,x,-0.054471836695165095,0.004426169440777246,0.05889800613594234,-0.05447183535675136,0.0037530170280580307,0.05822485238480939,0.024005901828765507,0.045870547376927535,0.02340075114759941,0.04529652892526515
nav-standard,working_p3,2026-10-02 new working P3,564,5.63,5.64,y,0.08232904335821589,0.3622284153800506,0.2798993720218347,0.0827413439754974,0.36195477088910644,0.27921342691360906,0.026502021496482668,0.04081693067770542,0.026421854419072972,0.040801679298361065
nav-standard,working_p3,2026-10-02 new working P3,565,5.64,5.65,x,-0.05527684102235038,0.0037968176650911294,0.05907365868744151,-0.055276839680648324,0.0031257822601495,0.05840262194079782,0.024123856349525668,0.0464634411980788,0.02352084315643815,0.045888990420651865
nav-standard,working_p3,2026-10-02 new working P3,565,5.64,5.65,y,0.08277498041495779,0.3619952511751738,0.279220270760216,0.08316504646990985,0.3617186898774552,0.27855364340754535,0.02653436337110581,0.04084337661737558,0.02645449641013254,0.040829348434289814
nav-standard,working_p3,2026-10-02 new working P3,566,5.65,5.66,x,-0.056090488434064806,0.003167886487042791,0.059258374921107596,-0.056090487089093456,0.0024989725483082668,0.058589459637401725,0.02424340016228464,0.04707271637258939,0.023642537554381338,0.04649784215459189
nav-standard,working_p3,2026-10-02 new working P3,566,5.65,5.66,y,0.0831968987715779,0.3617598112101038,0.27856291243852593,0.08356530706164389,0.36148032621347076,0.27791501915182687,0.026568616004209688,0.040871009675265885,0.026488998578335938,0.04085821278986543
nav-standard,working_p3,2026-10-02 new working P3,567,5.66,5.67,x,-0.056912778201661206,0.0025393779230498768,0.05945215612471108,-0.05691277685343968,0.0018725898627947907,0.058785366716234466,0.024364451352721923,0.04769843222592662,0.023765752189431465,0.04712314348162126
nav-standard,working_p3,2026-10-02 new working P3,567,5.66,5.67,y,0.08359541629039709,0.36152209305012306,0.277926676759726,0.0839427463398953,0.3612396775115431,0.27729693117164783,0.026604671226917675,0.04089979334473276,0.026525267310673884,0.04088823585254572
nav-standard,working_p3,2026-10-02 new working P3,568,5.67,5.68,x,-0.05774370983605974,0.001911298535342647,0.059655008371402383,-0.05774370848460721,0.001246640719653562,0.05899034920426077,0.02448705754620589,0.04834058497803297,0.02389053443950336,0.047764890650620055
nav-standard,working_p3,2026-10-02 new working P3,568,5.67,5.68,y,0.08397115392506894,0.36128209429085995,0.277310940365791,0.08429798791680879,0.3609967414166103,0.27669875349980155,0.026642545491557396,0.04092970697412615,0.026563311713863464,0.04091939696469918
nav-standard,working_p3,2026-10-02 new working P3,569,5.68,5.69,x,-0.05858328609868997,0.0012837169338870812,0.059867003032577054,-0.058583284744025715,0.0006211936826367659,0.05920447842666248,0.02461119276323058,0.04899918428838833,0.024016858102024415,0.04842309334987388
nav-standard,working_p3,2026-10-02 new working P3,569,5.68,5.69,y,0.08432473565538177,0.36103981255819645,0.27671507690281466,0.08463165836204248,0.360751515604064,0.2761198572420215,0.02668225571967408,0.04096072988579838,0.026603149275431438,0.040951675442613744
nav-standard,working_p3,2026-10-02 new working P3,570,5.69,5.7,x,-0.05943202825745587,0.0006572029655038971,0.06008923122295976,-0.059432026899599213,-3.1814476761127065e-06,0.059428845451923104,0.02473699836036247,0.049674351234041556,0.02414486427346369,0.04909787268510495
nav-standard,working_p3,2026-10-02 new working P3,570,5.69,5.7,y,0.08465678839273122,0.3607952455086104,0.2761384571158792,0.08494438710800942,0.3605039977800919,0.27555961067208246,0.026723820183749213,0.04099284137249126,0.026644801733201124,0.04098505057288396
nav-standard,working_p3,2026-10-02 new working P3,571,5.7,5.71,x,-0.060289453576137984,3.142122888939129e-05,0.060320874805027375,-0.06028945221510834,-0.0006268201188568831,0.05966263209625146,0.02486452759874103,0.05036605227573938,0.024274605970649427,0.04978919514560026
nav-standard,working_p3,2026-10-02 new working P3,571,5.7,5.71,y,0.08496794186081992,0.3605483908288617,0.2755804489680418,0.08523680633035186,0.3602541856813627,0.27501737935101084,0.026767270717409353,0.041026020697067345,0.026688294409605982,0.041019501612142184
nav-standard,working_p3,2026-10-02 new working P3,572,5.71,5.72,x,-0.061155541114369584,-0.0005937883021822334,0.06056175281218735,-0.06115553975018643,-0.001249882403425753,0.05990565734676068,0.02499375315632633,0.05107427184164568,0.02440605562428134,0.05049704518793026
nav-standard,working_p3,2026-10-02 new working P3,572,5.71,5.72,y,0.08525882866967543,0.3602992462364137,0.27504041756673825,0.08550955102173996,0.36000207707544685,0.2744925260537069,0.026812748625797588,0.041060247092240626,0.026733779679057806,0.04105500778678953
nav-standard,working_p3,2026-10-02 new working P3,573,5.72,5.73,x,-0.062030291630634775,-0.001218419440403729,0.06081187219023105,-0.06203029026331767,-0.0018723621603956068,0.06015792810292206,0.025124805303011987,0.05179903211407301,0.024539343228103253,0.05122144502267974
nav-standard,working_p3,2026-10-02 new working P3,573,5.72,5.73,y,0.0855300840846681,0.36004780947939985,0.27451772539473174,0.08576325876067649,0.35974766976078265,0.2739844110001062,0.026860175492985205,0.041095499835054394,0.02678116994719986,0.041091548367473474
nav-standard,working_p3,2026-10-02 new working P3,574,5.73,5.74,x,-0.06291371020618225,-0.0017020988149636332,0.06121161139121862,-0.06291370883575081,-0.0022997775660611054,0.06061393126968971,0.02525773755610731,0.05254052552593722,0.02467452208662401,0.05196258711090186
nav-standard,working_p3,2026-10-02 new working P3,574,5.73,5.74,y,0.08578234600112872,0.35979408561922427,0.27401173961809555,0.08599856968590736,0.35949096884927556,0.2734923991633682,0.026909599044245124,0.04113175067433811,0.02683051885421823,0.04112909509654494
nav-standard,working_p3,2026-10-02 new working P3,575,5.74,5.75,x,-0.06380579219022486,-0.0019497896900436283,0.06185600250018124,-0.0638057908166988,-0.002547386636397873,0.061258404180300936,0.025393276417037945,0.05329916082575269,0.024812318456278386,0.05272088022911274
nav-standard,working_p3,2026-10-02 new working P3,575,5.74,5.75,y,0.08601625486674884,0.3595380688441763,0.2735218139774274,0.08621612641862084,0.3592319685799124,0.2730158421612916,0.02696108376424446,0.04116898890313231,0.026881893953863523,0.04116763726048328
nav-standard,working_p3,2026-10-02 new working P3,576,5.75,5.76,x,-0.06471907711262948,-0.00218181162918976,0.06253726548343971,-0.06471907573602857,-0.002779318149020731,0.06193975758700784,0.025531546470927848,0.054097525647357765,0.024952856657810458,0.05351891203901627
nav-standard,working_p3,2026-10-02 new working P3,576,5.75,5.76,y,0.08623245360265434,0.35927975461136163,0.2730473010087073,0.08641657398332628,0.35897066446069165,0.27255409047736534,0.027014555187598016,0.04120937031349936,0.026935208325605413,0.04120808730197073
nav-standard,working_p3,2026-10-02 new working P3,577,5.76,5.77,x,-0.06564465373288175,-0.0024044297245858553,0.0632402240082959,-0.06564465235322584,-0.0030018371833623594,0.06264281516986347,0.02567238387737262,0.05492807404803873,0.025095972585727877,0.05434913662562745
nav-standard,working_p3,2026-10-02 new working P3,577,5.76,5.77,y,0.08643158752498054,0.35901914078721736,0.2725875532622368,0.08660055972924027,0.35870705440913747,0.2721064946798972,0.027070005578469808,0.04125320367447985,0.02699046600203838,0.041250592634236444
nav-standard,working_p3,2026-10-02 new working P3,578,5.77,5.78,x,-0.06658037146979463,-0.0026176267907644457,0.06396274467903018,-0.06658037008710363,-0.0032149265413264185,0.06336544354577721,0.0258156536261405,0.05577873161487619,0.025241530953074125,0.055199479603618214
nav-standard,working_p3,2026-10-02 new working P3,578,5.77,5.78,y,0.08661430426928429,0.3587562252692016,0.2721419209999173,0.08676873325451617,0.35844113637398856,0.2716724031194724,0.027127475018285534,0.04129806303139358,0.027047707354019086,0.041294115944178145
nav-standard,working_p3,2026-10-02 new working P3,579,5.78,5.79,x,-0.06752616329926023,-0.002821385982602445,0.06470477731665779,-0.06752616191355412,-0.0034185693652835545,0.06410759254827057,0.02596149422402568,0.05664950732955989,0.025389670059659808,0.05606994998213153
nav-standard,working_p3,2026-10-02 new working P3,579,5.78,5.79,y,0.08678125370827208,0.3584910059858713,0.2717097522775992,0.08692174632379554,0.35817290833527565,0.27125116201148014,0.0271870467319565,0.04134392844876508,0.027107002911830207,0.04133863730329476
nav-standard,working_p3,2026-10-02 new working P3,580,5.79,5.8,x,-0.06848202956393537,-0.003015692767312147,0.06546633679662323,-0.06848202817523423,-0.0036127511100627232,0.06486927706517151,0.026109565157214458,0.057540424261659576,0.02554004915219834,0.05696057085805178
nav-standard,working_p3,2026-10-02 new working P3,580,5.79,5.8,y,0.08693308787410398,0.3582234808969583,0.27129039302285435,0.0870602527903417,0.357902368304396,0.2708421155140543,0.027248676361287798,0.04164112672776016,0.02716832119123173,0.0414452776610274
nav-standard,working_p3,2026-10-02 new working P3,581,5.8,5.81,x,-0.06945256441626227,-0.0031943454999872416,0.06625821891627502,-0.06945256251599709,-0.003792187689226373,0.06566037482677071,0.02626025439668323,0.058463675536899816,0.02569394249620056,0.05788261692643871
nav-standard,working_p3,2026-10-02 new working P3,581,5.8,5.81,y,0.08707353452192358,0.3579533961570112,0.27087986163508765,0.08718790859911725,0.3576290896729383,0.2704411810738211,0.027312795975557257,0.042124031581470434,0.027232213346089478,0.04192563245879072
nav-standard,working_p3,2026-10-02 new working P3,582,5.81,5.82,x,-0.07043101701543512,-0.0033643818463791105,0.06706663516905602,-0.0704310151028966,-0.003964047049597344,0.06646696805329926,0.026414931829765453,0.05940479754011759,0.025848494758640504,0.058821628799227525
nav-standard,working_p3,2026-10-02 new working P3,582,5.81,5.82,y,0.08720008155695085,0.35768033446503483,0.270480252908084,0.08730822434049419,0.3573526506160547,0.2700444262755605,0.027380209606514227,0.04262271429631703,0.02729863751249962,0.04242149076396229
nav-standard,working_p3,2026-10-02 new working P3,583,5.82,5.83,x,-0.07141981775140942,-0.003524589214461784,0.06789522853694763,-0.07141981582662825,-0.004126065222456791,0.06729375060417146,0.02657346612892416,0.060367864648743164,0.026006909577405535,0.05978259836037199
nav-standard,working_p3,2026-10-02 new working P3,583,5.82,5.83,y,0.08731932156137576,0.357404123647238,0.2700848020858623,0.08742140418681578,0.357097627300647,0.2696762231138312,0.02745002524237302,0.04313966161338495,0.027367453798840046,0.04293559933811614
nav-standard,working_p3,2026-10-02 new working P3,584,5.83,5.84,x,-0.07241896462885979,-0.0036749921796971558,0.06874397244916262,-0.07241896269186691,-0.004278266708048875,0.06814069598381804,0.026735880383536977,0.0613529136269127,0.02616921003824693,0.06076556245538984
nav-standard,working_p3,2026-10-02 new working P3,584,5.83,5.84,y,0.08743145816868772,0.3572015085650966,0.2697700503964089,0.08752765214344957,0.35694195026732556,0.26941429812387596,0.02752233028795767,0.043675114458294084,0.02743874026921641,0.04346819915695893
nav-standard,working_p3,2026-10-02 new working P3,585,5.84,5.85,x,-0.07342846635966853,-0.0038155622380730133,0.06961290412159551,-0.07342846441049514,-0.004420622927342158,0.06900784148315298,0.026902118707696553,0.062359975037144355,0.02633534024133883,0.0617705517279775
nav-standard,working_p3,2026-10-02 new working P3,585,5.84,5.85,y,0.08753673808176224,0.35704734386547254,0.26951060578371033,0.08762721527435319,0.35678488406931924,0.26915766879496605,0.02759727062060304,0.04422931317383394,0.027512649997916628,0.04401953061370856
nav-standard,working_p3,2026-10-02 new working P3,586,5.85,5.86,x,-0.07444832808467479,-0.003946270680759246,0.07050205740391555,-0.07444832612335228,-0.004553105096687246,0.06989522102666504,0.02707220756534936,0.06338908288112109,0.026505326630941562,0.06279760026079129
nav-standard,working_p3,2026-10-02 new working P3,586,5.85,5.86,y,0.08763499811685695,0.35689181046327273,0.2692568123464158,0.08771993074605344,0.3566264390567457,0.26890650831069224,0.027674732527777367,0.04480249751315807,0.027589070958490353,0.044589833512288235
nav-standard,working_p3,2026-10-02 new working P3,587,5.86,5.87,x,-0.07547854280241058,-0.004067088595941931,0.07141145420646865,-0.07547854082897058,-0.004675684229652313,0.07080285659931827,0.02724622483157803,0.06444027144709978,0.02667924708686555,0.06384674242285511
nav-standard,working_p3,2026-10-02 new working P3,587,5.86,5.87,y,0.08772687633664314,0.3567349138082191,0.269008037471576,0.08780643696066165,0.35646662073040086,0.2686601837697392,0.027754758916182926,0.04539490663297635,0.02766803240925792,0.04517934706051807
nav-standard,working_p3,2026-10-02 new working P3,588,5.87,5.88,x,-0.07651911179935741,-0.0041779868706750415,0.07234112492868237,-0.07651910981383181,-0.004788331138876253,0.07173077867495556,0.02742423692480723,0.06551357530664983,0.02685716801521722,0.06491801286629757
nav-standard,working_p3,2026-10-02 new working P3,588,5.87,5.88,y,0.08781257628962516,0.3565766410566444,0.2687640647670192,0.08788693779527722,0.35630541629795043,0.2684184785026732,0.027837373171071045,0.0460067790867546,0.02774957447126809,0.0457883098633135
nav-standard,working_p3,2026-10-02 new working P3,589,5.88,5.89,x,-0.07762570464981253,-0.004278936192750266,0.07334676845706226,-0.07762570249530812,-0.004891016437939932,0.07273468605736819,0.027606131198736627,0.06660903290523773,0.027038976759061285,0.06601145011693507
nav-standard,working_p3,2026-10-02 new working P3,589,5.88,5.89,y,0.0878923100955768,0.35641699337731275,0.26852468328173595,0.0879616456874088,0.3561428269797489,0.26818118129234014,0.02792261841261004,0.0466383528179134,0.027833736077930805,0.04641695991588357
nav-standard,working_p3,2026-10-02 new working P3,590,5.89,5.9,x,-0.07874717846666142,-0.004369907052574924,0.0743772714140865,-0.07874717629928514,-0.00498371054324553,0.0737634657560396,0.027792118917326865,0.06772677011110277,0.027224884566101983,0.06712718012314597
nav-standard,working_p3,2026-10-02 new working P3,590,5.89,5.9,y,0.08796629488835818,0.35625596818791655,0.2682896732995584,0.0880307780777764,0.3559788502453363,0.2679480721675599,0.02801053094014651,0.04728986515302891,0.027920543443504992,0.04706553459693086
nav-standard,working_p3,2026-10-02 new working P3,591,5.9,5.91,x,-0.07987956678903249,-0.004450869745100902,0.07542869704393158,-0.07987956460881933,-0.0050663836759469085,0.07481318093287243,0.027982118104474117,0.06886680044192629,0.027414809457034433,0.06826521648253843
nav-standard,working_p3,2026-10-02 new working P3,591,5.9,5.91,y,0.08803474509008613,0.35609356472443965,0.2680588196343535,0.08809454968446746,0.3558134853828001,0.26771893569833266,0.028101107224020545,0.047961552795040274,0.02801001168944923,0.047734270661858424
nav-standard,working_p3,2026-10-02 new working P3,592,5.91,5.92,x,-0.08102286782315267,-0.004521794371734677,0.07650107345141799,-0.08102286563013787,-0.0051390058638610585,0.07588385976627682,0.028176144362450146,0.07002915607275839,0.027608767026916413,0.06942559144987565
nav-standard,working_p3,2026-10-02 new working P3,592,5.91,5.92,y,0.08809787173066527,0.3559297822304882,0.2678319104998229,0.08815317182245429,0.3556467316881059,0.2674935598656516,0.028194519233249733,0.04865365181645481,0.028102294589637544,0.04842340423597369
nav-standard,working_p3,2026-10-02 new working P3,593,5.92,5.93,x,-0.08217707976038907,-0.004582650842264345,0.07759442891812472,-0.0821770775546081,-0.00520154694339655,0.07697553061121154,0.028374169623877517,0.07121380620597785,0.027806729186081774,0.07060827430703423
nav-standard,working_p3,2026-10-02 new working P3,593,5.92,5.93,y,0.08815588962692102,0.3557646199527021,0.2676087303257811,0.08820685958271375,0.35547858846050745,0.2672717288777937,0.028290794928365802,0.04936639765255957,0.028197428383316424,0.049133170807699356
nav-standard,working_p3,2026-10-02 new working P3,594,5.93,5.94,x,-0.08334220077612212,-0.0046334088768384225,0.07870879189928369,-0.08334219855761067,-0.005253976561533753,0.07808822199607691,0.028576350163580188,0.07242079036682078,0.028008852210543982,0.07181330465853147
nav-standard,working_p3,2026-10-02 new working P3,594,5.93,5.94,y,0.08820901401714122,0.3555980771452107,0.2673890631280695,0.08825582846675625,0.35530905500700183,0.26705322654024555,0.02838988079621669,0.050100025094632517,0.02829536924005594,0.049863805221784074
nav-standard,working_p3,2026-10-02 new working P3,595,5.94,5.95,x,-0.08451822902877083,-0.0046740380079424385,0.07984419102082839,-0.08451822679756486,-0.005296264177802848,0.07922196261976201,0.028782839742914366,0.07365020558035437,0.02821528983964322,0.07304077960849754
nav-standard,working_p3,2026-10-02 new working P3,595,5.94,5.95,y,0.08825745868214548,0.3554301530682324,0.26717269438608693,0.08830029250768279,0.35513813064092825,0.26683783813324546,0.028491887287186574,0.0508547682831591,0.028396205087235532,0.050615541672517805
nav-standard,working_p3,2026-10-02 new working P3,596,5.95,5.96,x,-0.08570516265871483,-0.004704507582368034,0.0810006550763468,-0.08570516041485052,-0.005328379066254332,0.08037678134859619,0.028993977869332728,0.07490203628841131,0.028426381548858636,0.07429068367760858
nav-standard,working_p3,2026-10-02 new working P3,596,5.95,5.96,y,0.08830139658695829,0.35526084718906403,0.26695945060210574,0.08834042491184646,0.35496581488295653,0.26662538997111007,0.0285967866233724,0.05163086070105016,0.028499926579064427,0.05138861369694914
nav-standard,working_p3,2026-10-02 new working P3,597,5.96,5.97,x,-0.08690299978722783,-0.004701840122309866,0.08220115966491796,-0.08690299753074159,-0.005327343676557335,0.08157565385418425,0.029210181180097126,0.07617631183690296,0.028642543987556734,0.07556304629039821
nav-standard,working_p3,2026-10-02 new working P3,597,5.96,5.97,y,0.08834032603373078,0.35509015865829346,0.2667498326245627,0.08837572421176298,0.35479210693729885,0.26641638272553586,0.02870461970689405,0.05242853516686247,0.028606576653858524,0.052183254168104876
nav-standard,working_p3,2026-10-02 new working P3,598,5.97,5.98,x,-0.08811175932015611,-0.004684610260406395,0.08342714905974971,-0.08811175705108458,-0.005311732569041819,0.08280002448204277,0.029431831397993297,0.07749653473090105,0.028864158875158995,0.07688137003033801
nav-standard,working_p3,2026-10-02 new working P3,598,5.97,5.98,y,0.0883749781570133,0.35491808674701014,0.26654310858999686,0.08840692176137263,0.35461700612891983,0.26621008436754723,0.028815469786232152,0.05324840478089066,0.02871622566741792,0.05300007624108116
nav-standard,working_p3,2026-10-02 new working P3,599,5.98,5.99,x,-0.08933482345153998,-0.004654081643289417,0.08468074180825057,-0.08933482116992005,-0.005282809318249504,0.08405201185167054,0.029658864302016964,0.0788666682185458,0.029091161984488956,0.07824961822374396
nav-standard,working_p3,2026-10-02 new working P3,599,5.98,5.99,y,0.0884057766803093,0.3547446307401299,0.2663388540598206,0.08843444149258398,0.3544405117968598,0.2660060703042758,0.028929428116787993,0.054091281154521,0.028828979274606027,0.05383989158239644
nav-standard,working_p3,2026-10-02 new working P3,600,5.99,6.0,x,-0.09058780353759655,-0.004610952760909202,0.08597685077668735,-0.09058780124346533,-0.005241272342260411,0.08534652890120492,0.029890857909962636,0.08026343875836134,0.029323131322729123,0.07964451740709061
nav-standard,working_p3,2026-10-02 new working P3,600,5.99,6.0,y,0.08843292299593987,0.3545697899285096,0.26613686693256977,0.08845848499512873,0.3542626232863495,0.26580413829122074,0.02904650409191527,0.054956833252008785,0.028944832975388184,0.05470236921176802
