instance,method,source_generation,step,t_start,t_end,state,tube_lo,tube_hi,tube_union_width,endpoint_lo,endpoint_hi,endpoint_union_width,partition_mean_tube_width,partition_max_tube_width,partition_mean_endpoint_width,partition_max_endpoint_width
nav-robust,working_p3,2026-10-02 new working P3,1,0.0,0.01,x,2.899950469961029,3.1000000012957347,0.20004953133470593,2.899950469961029,3.0999504713394264,0.20000000137839757,0.04004953132140542,0.04004953146302315,0.04000000136098942,0.040000001365065874
nav-robust,working_p3,2026-10-02 new working P3,1,0.0,0.01,y,2.8999996722722927,3.1000000001493135,0.20000032787702082,2.8999996722722927,3.0999996717168297,0.19999999944453695,0.04000032834978397,0.040000328887079384,0.040000000371112863,0.04000000051562269
nav-robust,working_p3,2026-10-02 new working P3,2,0.01,0.02,x,2.899801892142051,3.099950477601272,0.2001485854592211,2.8998018970420354,3.099801899936327,0.20000000289429165,0.04014858546446336,0.040148585840768636,0.04000000291310336,0.040000002928124445
nav-robust,working_p3,2026-10-02 new working P3,2,0.01,0.02,y,2.8999973782610584,3.0999996727566717,0.20000229449561324,2.8999973782610584,3.099997373810515,0.1999999955494567,0.04000229873116403,0.04000230238538105,0.04000000296136081,0.04000000411735716
nav-robust,working_p3,2026-10-02 new working P3,3,0.02,0.03,x,2.8995543154894663,3.0998019112508532,0.20024759576138695,2.8995543252886273,3.099554329718893,0.20000000443026567,0.0402475959518646,0.04024759633671815,0.04000000478712062,0.04000000489463318
nav-robust,working_p3,2026-10-02 new working P3,3,0.02,0.03,y,2.8999911531742093,3.099997375930387,0.20000622275617763,2.8999911531742093,3.099991136363024,0.19999998318881484,0.04000623913848452,0.04000624900507077,0.040000008190877484,0.04000001142557563
nav-robust,working_p3,2026-10-02 new working P3,4,0.03,0.04,x,2.8992078133257135,3.0995543461441937,0.20034653281848014,2.8992078279113445,3.0992078338213935,0.20000000591004907,0.040346533617710456,0.04034653418744538,0.04000000712788363,0.04000000739321985
nav-robust,working_p3,2026-10-02 new working P3,4,0.03,0.04,y,2.8999790319059944,3.0999911404357015,0.20001210852970708,2.8999790319059944,3.0999789909193294,0.199999959013335,0.04001215099470137,0.0400121695266602,0.04000001825912529,0.040000025504709935
nav-robust,working_p3,2026-10-02 new working P3,5,0.04,0.05,x,2.89876248634212,3.0992078554829057,0.2004453691407857,2.8987625057859145,3.0987625157171093,0.2000000099311947,0.04044536932233729,0.04044537068783072,0.040000010094418045,0.040000010696854105
nav-robust,working_p3,2026-10-02 new working P3,5,0.04,0.05,y,2.89995905051716,3.0999789978158003,0.20001994729864014,2.89995905051716,3.0999589701920627,0.1999999196749025,0.04002003532808505,0.04002006433832017,0.040000035358987954,0.0400000494074253
nav-robust,working_p3,2026-10-02 new working P3,6,0.05,0.06,x,2.898218466107077,3.0987625425621963,0.2005440764551194,2.8982184904058537,3.0982185084832587,0.20000001807740508,0.04054407406854409,0.040544077574419024,0.04000001397134282,0.0400000152832507
nav-robust,working_p3,2026-10-02 new working P3,6,0.05,0.06,y,2.8999292639969716,3.099958980777309,0.20002971678033754,2.8999292639969716,3.0999291084468403,0.19999984444986874,0.04002988276806418,0.04002993343320682,0.040000051672443464,0.040000068888170315
nav-robust,working_p3,2026-10-02 new working P3,7,0.06,0.07,x,2.897575912717129,3.0982185406611547,0.20064262794402543,2.897575941866911,3.097575973500868,0.20000003163395697,0.04064261899646539,0.04064262591274659,0.04000001915892755,0.040000021652554896
nav-robust,working_p3,2026-10-02 new working P3,7,0.06,0.07,y,2.899887704266489,3.0999291065185672,0.20004140225207845,2.899887704266489,3.0998874248303108,0.19999972056382198,0.0400416703777501,0.040041776397018225,0.04000004620285804,0.040000070642995045
nav-robust,working_p3,2026-10-02 new working P3,8,0.07,0.08,x,2.8968350153152738,3.097576011205972,0.20074099589069805,2.89683504931129,3.096835102068326,0.2000000527570358,0.040740975304748926,0.04074098717754282,0.04000002608945643,0.04000003039546307
nav-robust,working_p3,2026-10-02 new working P3,8,0.07,0.08,y,2.899832415346263,3.0998874208268905,0.20005500548062738,2.899832415346263,3.099831967467118,0.19999955212085485,0.04005541040487032,0.04005554688919766,0.04000003352563287,0.040000061527083464
nav-robust,working_p3,2026-10-02 new working P3,9,0.08,0.09,x,2.895995992060037,3.0968351454688254,0.20083915340878855,2.895996030896723,3.0959961147734796,0.20000008387675638,0.04083911428041814,0.0408391329875859,0.04000003525228253,0.04000004219305442
nav-robust,working_p3,2026-10-02 new working P3,9,0.08,0.09,y,2.8997614439576456,3.099831960896919,0.20007051693927336,2.8997614439576456,3.099760776277911,0.19999933232026557,0.04007110004840964,0.04007127286533141,0.04000001355450053,0.04000004718708938
nav-robust,working_p3,2026-10-02 new working P3,10,0.09,0.1,x,2.895059090089829,3.0959961640597804,0.2009370739699512,2.895059133760829,3.09505926150567,0.2000001277448411,0.04093700731138768,0.040937035087569296,0.040000047201537686,0.040000057816557355
nav-robust,working_p3,2026-10-02 new working P3,10,0.09,0.1,y,2.899672839907296,3.0997607666508427,0.2000879267435467,2.899672839907296,3.09967189429916,0.19999905439186394,0.040088734858871024,0.04008895024152315,0.03999998494138433,0.04000002665878055
nav-robust,working_p3,2026-10-02 new working P3,11,0.1,0.11,x,2.894024585482549,3.0950593168903358,0.20103473140778672,2.894024633980713,3.094024821414439,0.2000001874337256,0.0410346258910813,0.04103466535261191,0.04000006255595109,0.04000007812710793
nav-robust,working_p3,2026-10-02 new working P3,11,0.1,0.11,y,2.899564656471232,3.0996718811269632,0.20010722465573139,2.899564656471232,3.0995633680712604,0.19999871160002858,0.04010831000568578,0.04010857454910299,0.03999994634334911,0.03999999898163065
nav-robust,working_p3,2026-10-02 new working P3,12,0.11,0.12,x,2.8928927832104594,3.0940248831321195,0.20113209992166015,2.892892836527848,3.0928931028633944,0.20000026633554624,0.04113194162302324,0.04113199579271409,0.04000008199864604,0.04000010407545451
nav-robust,working_p3,2026-10-02 new working P3,12,0.11,0.12,y,2.8994349507783683,3.099563350867795,0.20012840008942678,2.8994349507783683,3.0994332480261075,0.1999982972477392,0.040129820278531604,0.04013014093571776,0.03999989642340306,0.039999963199388144
nav-robust,working_p3,2026-10-02 new working P3,13,0.12,0.13,x,2.8916640170903376,3.0928931711707475,0.20122915408040987,2.8916640752182214,3.091664443379242,0.20000036816102051,0.041228926225400836,0.041228998557194974,0.04000010627691472,0.04000013670165492
nav-robust,working_p3,2026-10-02 new working P3,13,0.12,0.13,y,2.8992817841934895,3.099433226307656,0.20015144211416658,2.8992817841934895,3.0992795888741167,0.19999780468062722,0.04015326008870577,0.04015364416648959,0.03999983385129766,0.03999991836065586
nav-robust,working_p3,2026-10-02 new working P3,14,0.13,0.14,x,2.8903386497289043,3.0916645185548477,0.2013258688259434,2.8903387126577655,3.090339209595992,0.2000004969382263,0.04132555153559773,0.041325645939084055,0.04000013620197049,0.04000017713473314
nav-robust,working_p3,2026-10-02 new working P3,14,0.13,0.14,y,2.8991032226995923,3.099279562159663,0.20017633946007063,2.8991032226995923,3.0991004499905803,0.199997227290988,0.040178623470554536,0.04017907862522918,0.03999975730432679,0.03999986351946827
nav-robust,working_p3,2026-10-02 new working P3,15,0.14,0.15,x,2.8889170724635376,3.090339291940255,0.20142221947671723,2.8889171401830707,3.088917797194345,0.20000065701127445,0.041421789514700366,0.04142191037947063,0.04000017264868154,0.04000022659230096
nav-robust,working_p3,2026-10-02 new working P3,15,0.14,0.15,y,2.8988973372795543,3.099100417802108,0.20020308052255364,2.8988973372795543,3.0988938958013517,0.19999655852179732,0.040205904082957974,0.0402064383156957,0.03999966546812397,0.039999797735856824
nav-robust,working_p3,2026-10-02 new working P3,16,0.15,0.16,x,2.88739970529828,3.088917887029395,0.20151818173111513,2.8873997777973943,3.0874006308362714,0.20000085303887705,0.04151761225197511,0.041517764471841634,0.04000021655528192,0.04000028638017472
nav-robust,working_p3,2026-10-02 new working P3,16,0.15,0.16,y,2.8986622042970605,3.098893857664135,0.2002316533670747,2.8986622042970605,3.098657996167775,0.1999957918707147,0.040235095210869966,0.040235716862925486,0.03999955703745794,0.03999972007642549
nav-robust,working_p3,2026-10-02 new working P3,17,0.16,0.17,x,2.8857869968351637,3.087400728505856,0.20161373167069208,2.8857870741019833,3.0857881640947906,0.2000010899928073,0.0416129919693123,0.04161318096633737,0.04000026892306069,0.040000357891923244
nav-robust,working_p3,2026-10-02 new working P3,17,0.16,0.17,y,2.898395905876734,3.0986579516106616,0.2002620457339277,2.898395905876734,3.0983908267707982,0.19999492089406434,0.04026618976690765,0.040266907514607375,0.039999430717021854,0.03999962961492054
nav-robust,working_p3,2026-10-02 new working P3,18,0.17,0.18,x,2.8840794242008276,3.085788269964152,0.20170884576332426,2.8840795062226947,3.084080879378953,0.2000013731562582,0.041707901025643625,0.04170813277401786,0.04000033081603224,0.04000044260842994
nav-robust,working_p3,2026-10-02 new working P3,18,0.17,0.18,y,2.8980965302834205,3.0983907753265036,0.20029424504308313,2.8980965302834205,3.0980904694942337,0.1999939392108132,0.04029918029300569,0.040300003142521135,0.03999928522222872,0.03999952543279939
nav-robust,working_p3,2026-10-02 new working P3,19,0.18,0.19,x,2.882277492968477,3.084080993834713,0.201803500866236,2.8822775797319524,3.0822792878540537,0.20000170812210127,0.04180231192132533,0.04180259297104971,0.04000040336058328,0.040000542097390124
nav-robust,working_p3,2026-10-02 new working P3,19,0.18,0.19,y,2.897762172300569,3.0980904106996263,0.20032823839905722,2.897762172300569,3.097755012807091,0.1999928405065221,0.040334058962112423,0.040334996244018484,0.03999911927999431,0.03999940661979151
nav-robust,working_p3,2026-10-02 new working P3,20,0.19,0.2,x,2.88038173707517,3.0822794113040777,0.2018976742289076,2.880381828566036,3.080383929357068,0.20000210079103198,0.04189619730249056,0.041896534802877916,0.04000048774510063,0.04000065801280339
nav-robust,working_p3,2026-10-02 new working P3,20,0.19,0.2,y,2.8973909336076398,3.0977549462034797,0.2003640125958399,2.8973909336076398,3.0973825521449343,0.19999161853729452,0.04037081757994889,0.04037187894357608,0.03999893162952478,0.03999927227446909
nav-robust,working_p3,2026-10-02 new working P3,21,0.2,0.21,x,2.878392651406145,3.08038406329686,0.20199141189071534,2.8783927436044086,3.078395345040817,0.20000260143640824,0.04198957845795162,0.04199000153350818,0.040000594069148895,0.040000805210087975
nav-robust,working_p3,2026-10-02 new working P3,21,0.2,0.21,y,2.8969811573662954,3.0973824945051263,0.2004013371388309,2.8969811573662954,3.0969713844480484,0.19999022708175307,0.040409271755462425,0.04041052564157299,0.03999876398497781,0.0399991501792778
nav-robust,working_p3,2026-10-02 new working P3,22,0.21,0.22,x,2.8763107285997167,3.0783954954530337,0.202084766853317,2.876310825205182,3.076314097372208,0.20000327216702596,0.04208246234559279,0.04208301585039864,0.04000073487106587,0.040001002130408025
nav-robust,working_p3,2026-10-02 new working P3,22,0.21,0.22,y,2.896531260046661,3.0969713300398882,0.20044006999322717,2.896531260046661,3.096519813641777,0.1999885535951158,0.04044937293364519,0.040450901474013534,0.03999860240822846,0.039999036518877595
nav-robust,working_p3,2026-10-02 new working P3,23,0.22,0.23,x,2.874136561549603,3.076314265949886,0.20217770440028326,2.874136662547355,3.074140800344246,0.20000413779689108,0.04217478196476364,0.04217549431690415,0.040000915150585924,0.040001256039996935
nav-robust,working_p3,2026-10-02 new working P3,23,0.22,0.23,y,2.8960394530899283,3.0965197358258205,0.20048028273589225,2.8960394530899283,3.0960259645877923,0.19998651149786406,0.04049125267480045,0.0404930916916304,0.03999838093950336,0.039998880540609516
nav-robust,working_p3,2026-10-02 new working P3,24,0.23,0.24,x,2.8718707655312317,3.0741409888797593,0.20227022334852762,2.871870870905676,3.071876095502099,0.20000522459642323,0.04226651565753041,0.04226741831374303,0.04000114019987649,0.040001574627866354
nav-robust,working_p3,2026-10-02 new working P3,24,0.23,0.24,y,2.8955039190102903,3.096025861387895,0.20052194237760457,2.8955039190102903,3.0954879949429257,0.19998407593263545,0.04053489801011253,0.04053708476623452,0.039998094628750834,0.039998673777524196
nav-robust,working_p3,2026-10-02 new working P3,25,0.24,0.25,x,2.8695139818197912,3.0718763058868586,0.20236232406706733,2.869514091554658,3.0695206518398535,0.20000656028519526,0.042357642157674534,0.04235876974081032,0.0400014156031291,0.04000196600660688
nav-robust,working_p3,2026-10-02 new working P3,25,0.24,0.25,y,2.8949228485413725,3.0954878644025823,0.20056501586120978,2.8949228485413725,3.0949040708713365,0.19998122232996396,0.0405802956698636,0.04058286884342932,0.03999773857492215,0.03999841626160361
nav-robust,working_p3,2026-10-02 new working P3,26,0.25,0.26,x,2.867066877589826,3.069520886063618,0.2024540084737918,2.867066991668172,3.067075165692463,0.20000817402429094,0.04244814059333136,0.04244953102274085,0.040001747234943895,0.04000243871390685
nav-robust,working_p3,2026-10-02 new working P3,26,0.25,0.26,y,2.894294440977293,3.094903911054847,0.20060947007755425,2.894294440977293,3.0942723674002894,0.1999779264229966,0.04062743208751265,0.04063043174582548,0.039997307928861615,0.03999811437225276
nav-robust,working_p3,2026-10-02 new working P3,27,0.26,0.27,x,2.864530145815113,3.067075425842618,0.20254528002750494,2.8645302642193218,3.0645403606232677,0.20001009640394596,0.04253799048883078,0.042539685105819736,0.04000214125793082,0.040003001705418484
nav-robust,working_p3,2026-10-02 new working P3,27,0.26,0.27,y,2.8936169045125424,3.0942721763939365,0.2006552718813941,2.8936169045125424,3.093591068774676,0.19997416426213377,0.04067629340381171,0.040679760976315205,0.03999679789618549,0.03999775863181787
nav-robust,working_p3,2026-10-02 new working P3,28,0.27,0.28,x,2.8619045051618457,3.0645406488840736,0.20263614372222793,2.8619046278736318,3.061916987307095,0.20001235943346307,0.0426271717669081,0.04262921546023657,0.04000260412069496,0.04000366435299041
nav-robust,working_p3,2026-10-02 new working P3,28,0.27,0.28,y,2.8928884565805952,3.0935908446878675,0.20070238810727226,2.8928884565805952,3.092858368810177,0.19996991222958194,0.04072686547095595,0.04073084372136959,0.03999620374014341,0.039997345863822975
nav-robust,working_p3,2026-10-02 new working P3,29,0.28,0.29,x,2.8591906998785217,3.0619173059588984,0.20272660608037674,2.8591908268789323,3.0592058234089547,0.20001499653002242,0.042715664750646525,0.04271810608087545,0.040003142555568125,0.04000443644144713
nav-robust,working_p3,2026-10-02 new working P3,29,0.28,0.29,y,2.892107324191241,3.0928581097766155,0.2007507855853743,2.892107324191241,3.092072471245083,0.19996514705384172,0.0407791338567711,0.040783666854393275,0.03999552078446996,0.03999687293326515
nav-robust,working_p3,2026-10-02 new working P3,30,0.29,0.3,x,2.8563894996819137,3.059206174827379,0.2028166751454652,2.8563896309513312,3.0564076734583616,0.20001804250703037,0.042803450165268035,0.04280634148793894,0.04000376357620539,0.04000532816521529
nav-robust,working_p3,2026-10-02 new working P3,30,0.29,0.3,y,2.8912717442665707,3.0920721754239078,0.20080043115733703,2.8912717442665707,3.0912315900906653,0.19995984582409454,0.04083308384887227,0.04083821693910705,0.03999474441615702,0.039996336748545414
nav-robust,working_p3,2026-10-02 new working P3,31,0.3,0.31,x,2.8535016996391125,3.056408060113446,0.20290636047433352,2.8535018351572576,3.053523368719268,0.20002153356201058,0.04289050913990843,0.04289390672745386,0.04000447447517976,0.040006350124848655
nav-robust,working_p3,2026-10-02 new working P3,31,0.3,0.31,y,2.890379963975579,3.0912312556675907,0.20085129169201155,2.890379963975579,3.0903339499800717,0.19995398600449255,0.04088870045897387,0.0408944802329807,0.039993870088329116,0.03999573426341119
nav-robust,working_p3,2026-10-02 new working P3,32,0.31,0.32,x,2.8505281200456727,3.053523793174512,0.20299567312883937,2.8505282597916057,3.050553767055585,0.20002550726397939,0.04297682320916614,0.04298078737161193,0.040005282821369906,0.04000751332340391
nav-robust,working_p3,2026-10-02 new working P3,32,0.31,0.32,y,2.8894302410673176,3.090333575168529,0.20090333410121142,2.8894302410673176,3.0893777865157017,0.1999475454483841,0.04094596842728549,0.04095244269071063,0.03999289332315554,0.03999506247888185
nav-robust,working_p3,2026-10-02 new working P3,33,0.32,0.33,x,2.8474696062998803,3.0505542319672765,0.20308462566739616,2.8474697502520048,3.047499752792683,0.20003000254067826,0.04306237431468352,0.04306696951897093,0.04000619645739487,0.04000882916269077
nav-robust,working_p3,2026-10-02 new working P3,33,0.32,0.33,y,2.88842084420326,3.08937736955796,0.20095652535469988,2.88842084420326,3.0883613466149935,0.19994050241173333,0.041004872226612255,0.04101208996769312,0.03999180971441863,0.03999431844512502
nav-robust,working_p3,2026-10-02 new working P3,34,0.33,0.34,x,2.8443270287731357,3.0475002609087234,0.2031732321355877,2.8443271769092013,3.0443622365741096,0.2000350596649083,0.04314714480667849,0.04315243979452399,0.04000722349701817,0.040010309439406644
nav-robust,working_p3,2026-10-02 new working P3,34,0.33,0.34,y,2.887350053285495,3.0883608857832847,0.2010108324977895,2.887350053285495,3.0872828888545873,0.19993283556909214,0.0410653960669114,0.04107340742360899,0.03999061493048929,0.03999349926339013
nav-robust,working_p3,2026-10-02 new working P3,35,0.34,0.35,x,2.8411012826764974,3.044362790733109,0.20326150805661136,2.8411014349736026,3.0411421552143127,0.20004072024071018,0.04323111744493621,0.0432371853496023,0.04000837232203034,0.040011966341126914
nav-robust,working_p3,2026-10-02 new working P3,35,0.34,0.35,y,2.886216159787199,3.0872823824522126,0.2010662226650135,2.886216159787199,3.0861406838128027,0.19992452402560357,0.04112752389951563,0.04113638012598031,0.039989304716922455,0.03999260208786959
nav-robust,working_p3,2026-10-02 new working P3,36,0.35,0.36,x,2.8377932879233887,3.0411427583445936,0.20334947042120488,2.837793444357983,3.0378404715470313,0.20004702718904843,0.04331427540032296,0.04332119386164823,0.04000965157967139,0.04001381244217672
nav-robust,working_p3,2026-10-02 new working P3,36,0.35,0.36,y,2.885017467078981,3.086140130175247,0.2011226630962657,2.885017467078981,3.0849330144104026,0.19991554733142136,0.04119123942153454,0.041200992853803076,0.03998787489918079,0.03999162412757551
nav-robust,working_p3,2026-10-02 new working P3,37,0.36,0.37,x,2.834403989040803,3.0378411266655796,0.20343713762477655,2.8344041495886914,3.034458174269407,0.20005402468071543,0.043396602251475576,0.04340445342918686,0.040011070175249304,0.040015860594718955
nav-robust,working_p3,2026-10-02 new working P3,37,0.36,0.37,y,2.883752290754174,3.0849324119064194,0.20118012115224548,2.883752290754174,3.0836581762495583,0.19990588549538435,0.041256526080443855,0.041267230101198926,0.03998632138550047,0.03999056264819645
nav-robust,working_p3,2026-10-02 new working P3,38,0.37,0.38,x,2.8309343548713577,3.034458884480821,0.2035245296094632,2.8309345195077027,3.0309962777818926,0.20006175827418993,0.04347808199404513,0.04348695287738247,0.04001263727733109,0.04001812423045381
nav-robust,working_p3,2026-10-02 new working P3,38,0.37,0.38,y,2.8824189589524107,3.083657523282268,0.2012385643298571,2.8824189589524107,3.082314477951008,0.19989551899859714,0.04132336707836208,0.04133507608110287,0.03998464016939501,0.039989414973931936
nav-robust,working_p3,2026-10-02 new working P3,39,0.38,0.39,x,2.8273853785737924,3.0309970462772733,0.20361166770348094,2.8273855472731175,3.027455822023922,0.20007027475080452,0.04355869903753984,0.043568681458993286,0.040014362310555815,0.04002061705772819
nav-robust,working_p3,2026-10-02 new working P3,39,0.38,0.39,y,2.8810158126814387,3.082313772958972,0.20129796027753333,2.8810158126814387,3.080900241489325,0.19988442880788648,0.04139174537667248,0.04140451472899409,0.03998282733245809,0.039988178489326565
nav-robust,working_p3,2026-10-02 new working P3,40,0.39,0.4,x,2.823758077422016,3.027456652079758,0.203698574657742,2.8237582501582095,3.0238378723054167,0.2000796221472072,0.043638438210106205,0.043649628950545694,0.040016254956404096,0.04002335315388317
nav-robust,working_p3,2026-10-02 new working P3,40,0.39,0.4,y,2.879541206137159,3.080899482947616,0.20135827681045715,2.879541206137159,3.079413802526267,0.19987259638910793,0.041461643700365196,0.04147552970664847,0.039980879046839245,0.0399868506410721
nav-robust,working_p3,2026-10-02 new working P3,41,0.4,0.41,x,2.8200520288761655,3.0238388104593446,0.2037867815831791,2.8200521640843075,3.02014288751406,0.20009072342975243,0.043718410790399564,0.04373132175140393,0.040018502515009796,0.040026574998215825
nav-robust,working_p3,2026-10-02 new working P3,41,0.4,0.41,y,2.8779961031259083,3.079413168808274,0.20141706568236595,2.8779961031259083,3.0778556304606024,0.19985952733469414,0.041531076935904264,0.041546772325881776,0.03997922239780008,0.03998573794962823
nav-robust,working_p3,2026-10-02 new working P3,42,0.41,0.42,x,2.8162665284245403,3.02014403054654,0.20387750212199984,2.816266666296513,3.0163712718620954,0.20010460556558263,0.04379904645679165,0.04381433764084308,0.040021313209204,0.04003055005943024
nav-robust,working_p3,2026-10-02 new working P3,42,0.41,0.42,y,2.8763819968784476,3.077855042275461,0.20147304539701327,2.8763819968784476,3.076226057352436,0.19984406047398817,0.041599708713739095,0.0416180026344275,0.039977666933932295,0.03998470432592738
nav-robust,working_p3,2026-10-02 new working P3,43,0.42,0.43,x,2.812402423545947,3.016372635536026,0.20397021199007925,2.8124025640672685,3.0125240436044134,0.20012147953714488,0.043879361480855916,0.0438973275248431,0.04002473009111048,0.04003533432411999
nav-robust,working_p3,2026-10-02 new working P3,43,0.42,0.43,y,2.874697897605743,3.0762252381466504,0.20152734054090748,2.874697897605743,3.07452334370425,0.19982544609850716,0.041669197074508696,0.041690329031121465,0.03997555011075807,0.039983274772584565
nav-robust,working_p3,2026-10-02 new working P3,44,0.43,0.44,x,2.8084605369186666,3.0125256440737,0.20406510715503323,2.808460680074582,3.0086022418656038,0.2001415617910216,0.04395938147997636,0.04398033243799215,0.040028797145321156,0.040040984679251324
nav-robust,working_p3,2026-10-02 new working P3,44,0.43,0.44,y,2.8729424544122812,3.074522284307979,0.20157982989569767,2.8729424544122812,3.0727460289866233,0.19980357457434206,0.04173950897524179,0.04176372376345894,0.03997284958857183,0.03998143373668439
nav-robust,working_p3,2026-10-02 new working P3,45,0.44,0.45,x,2.8044417062487272,3.0086040957243605,0.20416238947563325,2.8044418520242087,3.0046069265506974,0.20016507452648868,0.044039133354393876,0.044063394925522026,0.04003355952403267,0.04004755943307936
nav-robust,working_p3,2026-10-02 new working P3,45,0.44,0.45,y,2.8711143261985232,3.072744720408431,0.20163039420990758,2.8711143261985232,3.0708926646637758,0.1997783384652525,0.04181061155900473,0.04183815905552901,0.03996954342273687,0.03997916588828421
nav-robust,working_p3,2026-10-02 new working P3,46,0.45,0.46,x,2.8003467841862006,3.0046090508278875,0.2042622666416869,2.800346932565948,3.0005391781985806,0.20019224563263283,0.044118645283134424,0.044146559185247014,0.04003906354075237,0.04005511845545717
nav-robust,working_p3,2026-10-02 new working P3,46,0.45,0.46,y,2.8692121818416174,3.070891098095393,0.20167891625377576,2.8692121818416174,3.068961814427752,0.19974963258613476,0.04188247217293773,0.04191360720636128,0.03996561008053282,0.03997645621725798
nav-robust,working_p3,2026-10-02 new working P3,47,0.46,0.47,x,2.796176638240022,3.0005415903427872,0.20436495210276506,2.7961767892084652,2.9964000978227916,0.20022330861432636,0.044197946713648385,0.044229870910337254,0.0400453566577276,0.0400637230189802
nav-robust,working_p3,2026-10-02 new working P3,47,0.46,0.47,y,2.8672347003751186,3.068959981248899,0.2017252808737804,2.8672347003751186,3.0669520544312694,0.19971735405615076,0.04195505838240033,0.04199004059977929,0.03996102845408936,0.039973290041616316
nav-robust,working_p3,2026-10-02 new working P3,48,0.47,0.48,x,2.791932150692148,2.9964028157234095,0.20447066503126132,2.7919323042334483,2.9921908067860077,0.2002585025525594,0.04427706834661322,0.04431337731931695,0.04005248746855011,0.04007343582736933
nav-robust,working_p3,2026-10-02 new working P3,48,0.47,0.48,y,2.865180571167702,3.0669499462143834,0.20176937504668135,2.865180571167702,3.064861973519055,0.19968140235135312,0.042028337989477006,0.042067431714376546,0.039955777877657805,0.03996965301591571
nav-robust,working_p3,2026-10-02 new working P3,49,0.48,0.49,x,2.787614207592772,2.9921938487428026,0.2045796411500307,2.787614363690823,2.9879124466201836,0.2002980829293608,0.04435604297021694,0.04439713805864942,0.040060506530254114,0.040084331916446114
nav-robust,working_p3,2026-10-02 new working P3,49,0.48,0.49,y,2.863048494100861,3.0648595820339977,0.2018110879331365,2.863048494100861,3.062690173457713,0.19964167935685184,0.04210227903684975,0.042145753133357555,0.03994983813022765,0.039965531139509736
nav-robust,working_p3,2026-10-02 new working P3,50,0.49,0.5,x,2.783223729294323,2.9879158313450827,0.2046921020507595,2.783223887932752,2.983566178876223,0.20034229094347067,0.04443490394166558,0.044481194564790716,0.04006946484265013,0.04009646801458455
nav-robust,working_p3,2026-10-02 new working P3,50,0.49,0.5,y,2.860837179745568,3.0626874906244708,0.20185031087890293,2.860837179745568,3.060435269112111,0.199598089366543,0.042176849823364115,0.042224977554372156,0.03994318944981332,0.03996091076475716
nav-robust,working_p3,2026-10-02 new working P3,51,0.5,0.51,x,2.778761641639921,2.983569925487346,0.204808283847425,2.778761802802091,2.979153184963207,0.2003913821611163,0.044513686722351994,0.04456559877001487,0.04007941538133391,0.04010991124694563
nav-robust,working_p3,2026-10-02 new working P3,51,0.5,0.51,y,2.858545349537865,3.060432287152251,0.2018869376143857,2.858545349537865,3.0580958888190235,0.1995505392811583,0.042252018911459605,0.04230507779927972,0.03993581253958427,0.03995577860513988
nav-robust,working_p3,2026-10-02 new working P3,52,0.51,0.52,x,2.7742288848774317,2.9791573129787783,0.2049284281013466,2.774229048546442,2.974674665984843,0.20044561743840106,0.04459242676073439,0.04465040408090237,0.040090410978417576,0.040124730112378604
nav-robust,working_p3,2026-10-02 new working P3,52,0.51,0.52,y,2.8561717359533954,3.0580926001208613,0.2019208641674659,2.8561717359533954,3.0556706744729625,0.19949893851956713,0.04232775514302682,0.04238602677131498,0.03992768858239806,0.03995012169074341
nav-robust,working_p3,2026-10-02 new working P3,53,0.52,0.53,x,2.769626413565863,2.9746791953169898,0.20505278175112673,2.769626579724551,2.9701318425731507,0.20050526284859949,0.044671160734243855,0.044735665362737986,0.040102505562303076,0.04014099446624586
nav-robust,working_p3,2026-10-02 new working P3,53,0.52,0.53,y,2.8537150826808335,3.055667071641981,0.2019519889611474,2.8537150826808335,3.053158281795708,0.1994431991148744,0.04240402807867463,0.04246779761445163,0.03991879967872411,0.03994392752591658
nav-robust,working_p3,2026-10-02 new working P3,54,0.53,0.54,x,2.764955196480344,2.970136793521572,0.20518159704122807,2.7649553651112875,2.965525954719391,0.2005705896081036,0.04474992767065821,0.04482143892360524,0.04011575527693503,0.04015877550295155
nav-robust,working_p3,2026-10-02 new working P3,54,0.53,0.54,y,2.851174144794214,3.053154357656982,0.20198021286276813,2.851174144794214,3.0505573805562687,0.19938323576205486,0.04248080809238999,0.04255036357994868,0.03990912893993603,0.03993718395407475
nav-robust,working_p3,2026-10-02 new working P3,55,0.54,0.55,x,2.76021621651569,2.965531347910967,0.20531513139527702,2.760216387601207,2.960858261548325,0.2006418739471183,0.04482876575826289,0.04490778249817451,0.04013021528985558,0.04017814573816825
nav-robust,working_p3,2026-10-02 new working P3,55,0.54,0.55,y,2.8485476780668995,3.05055312815955,0.20200545009265047,2.8485476780668995,3.0478666547918984,0.199318976724999,0.042558065142790584,0.04263369808312811,0.039898659258175755,0.03992987921271762
nav-robust,working_p3,2026-10-02 new working P3,56,0.55,0.56,x,2.75541047058859,2.9608641180876205,0.20545364749903072,2.7554106441107415,2.956130041300778,0.20071939719003629,0.04490771675527634,0.04499475523116159,0.0401459441995363,0.040199178990752316
nav-robust,working_p3,2026-10-02 new working P3,56,0.55,0.56,y,2.8458344700386404,3.047862067416009,0.20202759737736864,2.8458344700386404,3.045084803026799,0.19925033298815853,0.042635769503009194,0.04271777471094085,0.039887374034828615,0.03992200193919748
nav-robust,working_p3,2026-10-02 new working P3,57,0.56,0.57,x,2.7505389695383786,2.9561363826110867,0.20559741307270807,2.7505391454789705,2.951342591004166,0.20080344552519547,0.04498682113866643,0.04508241766049359,0.040162999182115085,0.04022195036436571
nav-robust,working_p3,2026-10-02 new working P3,57,0.56,0.57,y,2.8430333107954526,3.045079874183948,0.20204656338849558,2.8430333107954526,3.0422105384890896,0.199177227693637,0.04271389182202567,0.042802567232023137,0.039875257240423935,0.03991354117895751
nav-robust,working_p3,2026-10-02 new working P3,58,0.57,0.58,x,2.7456027380264527,2.9513494388699515,0.20574670084349878,2.745602916367036,2.9464972263418727,0.20089430997483682,0.04506612207846036,0.04517083170016667,0.04018143996364287,0.040246536228808694
nav-robust,working_p3,2026-10-02 new working P3,58,0.57,0.58,y,2.84014300247749,3.0422052619291717,0.20206225945168166,2.84014300247749,3.039242589326084,0.19909958684859408,0.04279240305802281,0.04288804960607351,0.03986229334653815,0.03990448639305377
nav-robust,working_p3,2026-10-02 new working P3,59,0.58,0.59,x,2.7406028144342893,2.9465046029018707,0.20590178846758134,2.740602995156163,2.9415952814707484,0.20099228631458566,0.04514566264007657,0.04526006062279242,0.0402013260203641,0.0402730142010399
nav-robust,working_p3,2026-10-02 new working P3,59,0.58,0.59,y,2.837162359445405,3.0392369590409025,0.20207459959549734,2.837162359445405,3.0361796988177914,0.1990173393723862,0.04287127417120761,0.04297419599315466,0.039848467017143036,0.03989482746558748
nav-robust,working_p3,2026-10-02 new working P3,60,0.59,0.6,x,2.7355402507601236,2.941603209210969,0.20606295845084555,2.7355404338443345,2.936638108835997,0.20109767499166242,0.045225487741836636,0.04535016904185385,0.04022271853419421,0.04030146312592864
nav-robust,working_p3,2026-10-02 new working P3,60,0.59,0.6,y,2.8340902084454958,3.03617370904524,0.20208350059974434,2.8340902084454958,3.033020625588647,0.1989304171431514,0.0429504772485242,0.04306098076293985,0.03983376423182373,0.0398845547110418
nav-robust,working_p3,2026-10-02 new working P3,61,0.6,0.61,x,2.7304059820280933,2.936646886232172,0.20624090420407892,2.730406007917393,2.931620269266797,0.20121426134940412,0.04531477687042127,0.04545145466498024,0.04024639343527456,0.040332485036992605
nav-robust,working_p3,2026-10-02 new working P3,61,0.6,0.61,y,2.8309399623433413,3.0330149643624917,0.2020750020191504,2.8309399623433413,3.0297771437011543,0.19883718135781292,0.043017564357848405,0.043138681476109664,0.03981951685958687,0.03987501939096871
nav-robust,working_p3,2026-10-02 new working P3,62,0.61,0.62,x,2.725189848887075,2.93163046609756,0.20644061721048468,2.7251898748591588,2.9265358397964127,0.20134596493725399,0.045415474018091345,0.045565763729858766,0.040273134983701414,0.040366660497415996
nav-robust,working_p3,2026-10-02 new working P3,62,0.61,0.62,y,2.8277265635891093,3.029771473212191,0.20204490962308164,2.8277265635891093,3.026460420916037,0.1987338573269275,0.04307138105995408,0.04320626912848757,0.039805054688602744,0.039865561860038756
nav-robust,working_p3,2026-10-02 new working P3,63,0.62,0.63,x,2.719892104808053,2.9265475173817133,0.20665541257366016,2.7198921308628212,2.9213854780915054,0.20149334722868417,0.04551899171776004,0.045683185132354254,0.04030306737697911,0.04040410437621267
nav-robust,working_p3,2026-10-02 new working P3,63,0.62,0.63,y,2.8244506783082866,3.026453673760863,0.2020029954525766,2.8244506783082866,3.0230687985856095,0.19861812027732295,0.04312337432586259,0.04327254101777589,0.03978830040289617,0.03985410690774982
nav-robust,working_p3,2026-10-02 new working P3,64,0.63,0.64,x,2.71451285606576,2.921398696161554,0.20688584009579403,2.714512882203112,2.916169845002566,0.20165696279945422,0.04562544182553045,0.04580381902414876,0.040336304804016655,0.04044491732086941
nav-robust,working_p3,2026-10-02 new working P3,64,0.63,0.64,y,2.8211119922060313,3.0230609475877026,0.20194895538167135,2.8211119922060313,3.0196016609846383,0.19848966877860708,0.04317348268931065,0.04333743402663526,0.03976919428897064,0.03984059524519035
nav-robust,working_p3,2026-10-02 new working P3,65,0.64,0.65,x,2.709052209113049,2.9161846640332105,0.20713245492016163,2.709052235332884,2.9108896068768124,0.20183737154392833,0.04573493734458244,0.04592776619149497,0.04037296259279062,0.04048920061284189
nav-robust,working_p3,2026-10-02 new working P3,65,0.64,0.65,y,2.817710191576854,3.019592679299834,0.20188248772298012,2.817710191576854,3.016058395434016,0.198348203857162,0.04322164559472044,0.04340089559570881,0.039747677554927335,0.03982497817066122
nav-robust,working_p3,2026-10-02 new working P3,66,0.65,0.66,x,2.7035102705809537,2.9109060880833395,0.20739581750238578,2.7035102968831715,2.9055454355293473,0.20203513864617584,0.04584759241900427,0.046055128053880345,0.04041315720412717,0.04053705616621528
nav-robust,working_p3,2026-10-02 new working P3,66,0.65,0.66,y,2.8142449633065643,3.0160482565538143,0.20180329324725,2.8142449633065643,3.012438392322197,0.19819342901563264,0.04326780300832079,0.04346287389296366,0.03972369194154948,0.039807207738892014
nav-robust,working_p3,2026-10-02 new working P3,67,0.66,0.67,x,2.6978871472787573,2.9055636408602026,0.20767649358144524,2.6978871736632564,2.9001380082140664,0.20225083455081005,0.04596352232757489,0.04618600666268913,0.04045700622543473,0.040588586526365766
nav-robust,working_p3,2026-10-02 new working P3,67,0.66,0.67,y,2.8107159948742244,3.0124270700770532,0.20171107520282883,2.8107159948742244,3.0087410451265586,0.1980250502523342,0.043311895422802976,0.04352331782202867,0.039697179726922174,0.039787236769252665
nav-robust,working_p3,2026-10-02 new working P3,68,0.67,0.68,x,2.6921829461940594,2.9001580003445335,0.20797505415047413,2.6921829726607385,2.894668007594364,0.20248503493362557,0.046082843477497304,0.0463205046998425,0.04050462836438706,0.04064389486859854
nav-robust,working_p3,2026-10-02 new working P3,68,0.67,0.68,y,2.807122974354085,3.008728513689149,0.20160553933506398,2.807122974354085,3.0049657504346654,0.19784277608058032,0.04335386386196076,0.04358217703046385,0.03966808373103499,0.03976501885389361
nav-robust,working_p3,2026-10-02 new working P3,69,0.68,0.69,x,2.686397774492845,2.8946898499201854,0.20829207542734052,2.686397801041602,2.889136121713609,0.20273832067200726,0.04620567339808767,0.04645872547644858,0.04055614344256314,0.040703084996797756
nav-robust,working_p3,2026-10-02 new working P3,69,0.68,0.69,y,2.8034655904175394,3.0049519843231396,0.2014863939056002,2.8034655904175394,3.0011119079654587,0.19764631754791928,0.043393649885303365,0.04363940191798221,0.03963634732035905,0.039740508365844196
nav-robust,working_p3,2026-10-02 new working P3,70,0.69,0.7,x,2.6805317395195556,2.8891598783445414,0.20862813882498576,2.680531766150289,2.8835430439653993,0.20301127781511008,0.04633213073441578,0.046600772931443046,0.040611672389038046,0.04076626134206185
nav-robust,working_p3,2026-10-02 new working P3,70,0.69,0.7,y,2.7997435323350537,3.0010968820466775,0.20135334971162377,2.7997435323350537,2.997178920590367,0.19743538825531326,0.04343119559264826,0.04369494364462767,0.03960191441240163,0.03971366046705738
nav-robust,working_p3,2026-10-02 new working P3,71,0.7,0.71,x,2.6745849487971562,2.883568779718719,0.20898383092156259,2.674584975509764,2.8778894730635964,0.2033044975538325,0.04646233524089629,0.046746751630220906,0.04067133723392576,0.04083352896133885
nav-robust,working_p3,2026-10-02 new working P3,71,0.7,0.71,y,2.795956489978117,2.997162610083112,0.20120612010499483,2.795956489978117,2.9931661943543175,0.19720970437620045,0.04346644362869153,0.04374875413887791,0.03956472948023965,0.03968443111638509
nav-robust,working_p3,2026-10-02 new working P3,72,0.71,0.72,x,2.6685575100272056,2.8779172534575466,0.20935974343034092,2.668557536821585,2.8721761130121437,0.2036185761905589,0.046596407774839255,0.04689676676327226,0.04073526110187945,0.040904993536055034
nav-robust,working_p3,2026-10-02 new working P3,72,0.71,0.72,y,2.7921041538211746,2.993148574832489,0.20104442101131426,2.7921041538211746,2.9890731384966736,0.19696898467549895,0.04349933718345987,0.043800786105712586,0.03952473755293406,0.0396527770775168
nav-robust,working_p3,2026-10-02 new working P3,73,0.72,0.73,x,2.662449531089935,2.872206004259325,0.20975647316938995,2.6624495579659833,2.8664036730746645,0.20395411510868122,0.04673447028994659,0.04705092414479939,0.04080356820554007,0.0409807613707347
nav-robust,working_p3,2026-10-02 new working P3,73,0.72,0.73,y,2.7881862149435586,2.989054185892472,0.2008679709489134,2.7881862149435586,2.9848991654720867,0.1967129505285281,0.043529819996040636,0.043850993034608265,0.03948188421922182,0.03961865592683855
nav-robust,working_p3,2026-10-02 new working P3,74,0.73,0.74,x,2.656261120044313,2.866435742075373,0.2101746220310603,2.6562611470019264,2.8605728677438447,0.20431172074191828,0.04687664582977012,0.0472093302113441,0.04087638383894525,0.04106093939162392
nav-robust,working_p3,2026-10-02 new working P3,74,0.73,0.74,y,2.784202365085439,2.9848788560791633,0.20067649099372442,2.784202365085439,2.980643690971252,0.1964413258858131,0.04355783636720348,0.04389932920749384,0.03943611564010002,0.03958202606126138
nav-robust,working_p3,2026-10-02 new working P3,75,0.74,0.75,x,2.6499923851281233,2.8606071820793475,0.2106147969512242,2.649992412167199,2.8546844167105943,0.2046920045433951,0.047023058520770086,0.047372092017342826,0.04095383437053931,0.04114563514224301
nav-robust,working_p3,2026-10-02 new working P3,75,0.74,0.75,y,2.780152296493203,2.9806220014478537,0.20046970495465066,2.780152296493203,2.9763061339415864,0.19615383744838333,0.043583331164561194,0.043945749706628234,0.039387378553947305,0.039542846705961754
nav-robust,working_p3,2026-10-02 new working P3,76,0.75,0.76,x,2.64364343475804,2.854721044636362,0.21107760987832158,2.643643461878475,2.848739044833007,0.20509558295453223,0.04717383356619673,0.04753931724235683,0.04103604723700656,0.041234956790618504
nav-robust,working_p3,2026-10-02 new working P3,76,0.75,0.76,y,2.776035702072769,2.976283041313677,0.20024733924090787,2.776035702072769,2.97188591660782,0.19585021453505114,0.04360624982728138,0.043990210422446996,0.039335620281198726,0.03950107792209723
nav-robust,working_p3,2026-10-02 new working P3,77,0.76,0.77,x,2.6372143775815533,2.8487780552718807,0.21156367769032736,2.637214404783243,2.8427374821050946,0.2055230773218515,0.04732909723110115,0.047711114077828576,0.0411231509282341,0.0413290130160342
nav-robust,working_p3,2026-10-02 new working P3,77,0.76,0.77,y,2.7718522753462254,2.9718613982721767,0.2000091229259513,2.7718522753462254,2.9673824644924927,0.1955301891462673,0.043626538360463415,0.04403266806132411,0.039280788718682305,0.039456680614430084
nav-robust,working_p3,2026-10-02 new working P3,78,0.77,0.78,x,2.630705322326143,2.8427789446403997,0.21207362231425675,2.6307053496089834,2.836680463625307,0.2059751140163235,0.047488976834304954,0.047887591530058504,0.0412152749792331,0.04142791331200746
nav-robust,working_p3,2026-10-02 new working P3,78,0.77,0.78,y,2.7676017104435826,2.9673564981680602,0.19975478772447763,2.7676017104435826,2.962795206384635,0.1951934959410524,0.0436441433511742,0.04407308015330491,0.03922283235561691,0.039409616538926606
nav-robust,working_p3,2026-10-02 new working P3,79,0.78,0.79,x,2.624116377945861,2.8367244484939245,0.2126080705480633,2.624116405309748,2.830568729564856,0.20645232425510818,0.04765360077056746,0.04806885912579473,0.04131254999225911,0.04153176769187894
nav-robust,working_p3,2026-10-02 new working P3,79,0.78,0.79,y,2.763283702114432,2.962767770265906,0.19948406815147424,2.763283702114432,2.9581235745104135,0.19483987239598166,0.04365901195879644,0.044111405059743536,0.03916170026392111,0.03935984831025641
nav-robust,working_p3,2026-10-02 new working P3,80,0.79,0.8,x,2.617447653573965,2.8306153076502243,0.21316765407625926,2.6174476810187937,2.824403025135811,0.20695534411701733,0.047823098484661736,0.04825502700571249,0.04141510761083897,0.04164068678228805
nav-robust,working_p3,2026-10-02 new working P3,80,0.79,0.8,y,2.7588979457267535,2.958094647116415,0.1991967013896616,2.7588979457267535,2.9533670043993063,0.19446905867255282,0.04367109194055971,0.04414760198092038,0.03909734212370463,0.03930733940927267
nav-robust,working_p3,2026-10-02 new working P3,81,0.8,0.81,x,2.6106850429515784,2.8244517163188405,0.21376667336726207,2.6106850429515784,2.8181633938319828,0.20747835088040434,0.04801401916066652,0.04845963224620364,0.04152178568060263,0.04175325696212617
nav-robust,working_p3,2026-10-02 new working P3,81,0.8,0.81,y,2.7544685410430065,2.9533365048173064,0.19886796377429983,2.754468700984847,2.948550405775876,0.19408170479102882,0.04365510288794695,0.04415589496849304,0.03902908875812709,0.039251982756903114
nav-robust,working_p3,2026-10-02 new working P3,82,0.81,0.82,x,2.6038140204877447,2.818213881051825,0.21439986056408022,2.6038140204877447,2.8118291216378046,0.20801510115005994,0.048225901319588725,0.04868166001443708,0.041631315915465254,0.04186798751129084
nav-robust,working_p3,2026-10-02 new working P3,82,0.81,0.82,y,2.75002019612791,2.9485182974467654,0.19849810131885537,2.750020356653106,2.943699840592587,0.1936794839394813,0.04360996830970345,0.044135106847372096,0.038957294000368084,0.039193866327442706
nav-robust,working_p3,2026-10-02 new working P3,83,0.82,0.83,x,2.596834257603004,2.811881428026033,0.2150471704230288,2.596834257603004,2.805399870502372,0.2085656128993678,0.0484410258535819,0.04890619632135662,0.041743703738961246,0.04198484775490341
nav-robust,working_p3,2026-10-02 new working P3,83,0.82,0.83,y,2.74555301772973,2.9436664046137526,0.1981133868840228,2.7455531788303214,2.9388163404476435,0.19326316161732215,0.04356141389141202,0.04411107436732564,0.038882938320626524,0.039133152802332205
nav-robust,working_p3,2026-10-02 new working P3,84,0.83,0.84,x,2.589745391454733,2.805454011188325,0.21570861973359223,2.589745391454733,2.7988752978448157,0.2091299063900829,0.04865939346044252,0.049133217553436914,0.04185895572057925,0.042103822452375095
nav-robust,working_p3,2026-10-02 new working P3,84,0.83,0.84,y,2.741067995610083,2.9387815492684664,0.1977135536583834,2.7410681572780815,2.933900630915227,0.19283247363714562,0.04350938805524047,0.044083739791045407,0.03880597317110656,0.03906978660183302
nav-robust,working_p3,2026-10-02 new working P3,85,0.84,0.85,x,2.5825470682524863,2.798931287403932,0.21638421915144557,2.5825470682524863,2.7922550640136437,0.2097079957611574,0.04888100289206932,0.04936269876760502,0.041977076504097696,0.04222489506252414
nav-robust,working_p3,2026-10-02 new working P3,85,0.84,0.85,y,2.7365661237124432,2.9338644568077012,0.19729833309525802,2.7365662859398334,2.9289534399911763,0.19238715405134288,0.04345383856536419,0.044053045338693586,0.038726349309232244,0.03900371208683229
nav-robust,working_p3,2026-10-02 new working P3,86,0.85,0.86,x,2.5752389427252456,2.7923129170841237,0.2170739743588781,2.5752389427252456,2.78553883291433,0.21029989018908424,0.049105845789927244,0.049594614814234106,0.0420980636428285,0.04234804886615606
nav-robust,working_p3,2026-10-02 new working P3,86,0.85,0.86,y,2.732048399383768,2.928915855101072,0.19686745571730402,2.7320485621625066,2.9239754981191264,0.1919269359566198,0.04339471307558162,0.04401893382836697,0.038644017345139864,0.03893487419925856
nav-robust,working_p3,2026-10-02 new working P3,87,0.86,0.87,x,2.56782068702895,2.785598554341683,0.21777786731273308,2.56782068702895,2.778726262164714,0.21090557513576424,0.049333916414784566,0.049828922578750934,0.04222191732913332,0.0424732492072617
nav-robust,working_p3,2026-10-02 new working P3,87,0.86,0.87,y,2.727515823323573,2.9239364744681344,0.19642065114456164,2.727515986645589,2.91896753816755,0.1914515515219608,0.04333195893359266,0.04398134704200185,0.03855892754583177,0.038863216827927705
nav-robust,working_p3,2026-10-02 new working P3,88,0.87,0.88,x,2.560291967528193,2.7787878725267383,0.21849590499854532,2.560291967528193,2.771817028630754,0.2115250611025612,0.04956521549013617,0.05006560747407862,0.04234864423762536,0.04260048998504207
nav-robust,working_p3,2026-10-02 new working P3,88,0.87,0.88,y,2.7229693995328317,2.918927047655428,0.19595764812259642,2.7229695633900293,2.9139302954067188,0.1909607320166895,0.04326551844173533,0.043940226373936575,0.038471025095791714,0.03878868345706232
nav-robust,working_p3,2026-10-02 new working P3,89,0.88,0.89,x,2.5526524669375554,2.7718805403164866,0.21922807337893113,2.5526524669375554,2.764810804516174,0.21215833757861846,0.049799736516015346,0.05030463921299111,0.042478243838758395,0.04272974942585117
nav-robust,working_p3,2026-10-02 new working P3,89,0.88,0.89,y,2.7184101556250218,2.913888309813461,0.1954781541884394,2.718410320009277,2.908864507485611,0.19045418747633436,0.04319533204137142,0.043895490669870085,0.03838025328124916,0.038711195005195265
nav-robust,working_p3,2026-10-02 new working P3,90,0.89,0.9,x,2.5449018771703664,2.7648762293028275,0.21997435213246108,2.5449018771703664,2.7577072649500147,0.2128053877796483,0.05003747174205788,0.05054598616476813,0.04261071437166885,0.04286100443943308
nav-robust,working_p3,2026-10-02 new working P3,90,0.89,0.9,y,2.713839084169196,2.9088209984736046,0.19498191430440848,2.7138392490723593,2.903770914408723,0.18993166533636385,0.0431213543988631,0.04384710077588094,0.03828656957603645,0.03863071437413801
nav-robust,working_p3,2026-10-02 new working P3,91,0.9,0.91,x,2.537039899366836,2.757774614049318,0.22073471468248185,2.537039899366836,2.750506088043518,0.21346618867668177,0.050278410775399233,0.05078961535226423,0.042746051451847934,0.04299423061556906
nav-robust,working_p3,2026-10-02 new working P3,91,0.9,0.91,y,2.7092571986718075,2.9037258535249317,0.19446865485312426,2.7092573640857034,2.8986502585128315,0.18939289442712814,0.04304353314968676,0.04379499742498627,0.038189924385584585,0.03854718433549165
nav-robust,working_p3,2026-10-02 new working P3,92,0.91,0.92,x,2.529066243921731,2.7505753720997235,0.2215091281779924,2.529066243921731,2.7432069548985925,0.21414071097686138,0.05052254392866679,0.051035492449081676,0.04288425141891056,0.043129402220837054
nav-robust,working_p3,2026-10-02 new working P3,92,0.91,0.92,y,2.704665515781615,2.8986036171909793,0.19393810140936418,2.704665681698043,2.8935032844436788,0.188837602745636,0.042961815710807795,0.04373912112809775,0.038090267859181244,0.03846054742155136
nav-robust,working_p3,2026-10-02 new working P3,93,0.92,0.93,x,2.5209806305115428,2.7432781839864977,0.22229755347495495,2.5209806305115428,2.7358095496162185,0.21482891910467572,0.05076985960322185,0.051283581776891296,0.04302530871961162,0.043266492195509265
nav-robust,working_p3,2026-10-02 new working P3,93,0.92,0.93,y,2.7000650551906586,2.893455034006435,0.19338997881577624,2.7000652216013923,2.8883307391325808,0.18826551753118848,0.042876148672032335,0.04367941217740379,0.03798754928120614,0.038370745928639316
nav-robust,working_p3,2026-10-02 new working P3,94,0.93,0.94,x,2.5127827881724563,2.7358827332392237,0.22309994506676745,2.5127827881724563,2.7283135593048065,0.2155307711323502,0.051020345568888174,0.05153384620031387,0.04316921718734882,0.04340547204800904
nav-robust,working_p3,2026-10-02 new working P3,94,0.93,0.94,y,2.695456839582165,2.888280850793763,0.19282401121159776,2.6954570064789536,2.883133371772977,0.1876763652940232,0.04278647848315183,0.043615810649788145,0.0378817177581627,0.03827772192047485
nav-robust,working_p3,2026-10-02 new working P3,95,0.94,0.95,x,2.5044724551741013,2.7283887063929786,0.22391625121887726,2.5044724551741013,2.720718674088489,0.2162462189143879,0.05127398762929358,0.05178624742940929,0.04331596870727827,0.04354631215698124
nav-robust,working_p3,2026-10-02 new working P3,95,0.94,0.95,y,2.690841894578322,2.8830818166397574,0.19223992206143548,2.6908420619528894,2.877911933796906,0.1870698718440167,0.042692751486741704,0.04354825641024451,0.037772722251361725,0.03818141723154023
nav-robust,working_p3,2026-10-02 new working P3,96,0.95,0.96,x,2.496049379196425,2.7207957929966557,0.22474641380023064,2.496049379196425,2.7130245871153567,0.21697520791893155,0.05153077027308754,0.05204074571505357,0.043465553867303795,0.04368898146624112
nav-robust,working_p3,2026-10-02 new working P3,96,0.95,0.96,y,2.68622124868789,2.877858682872025,0.19163743418413492,2.686221416531937,2.8726671788514193,0.18644576231948218,0.04259491390370382,0.04347668901093682,0.03766051156235408,0.03808177336609164
nav-robust,working_p3,2026-10-02 new working P3,97,0.96,0.97,x,2.4875133157643288,2.7131036856212276,0.22559036985689884,2.4875133157643288,2.7052309945656434,0.21771767880131465,0.05179067683694958,0.05229730302794877,0.04361796212085869,0.043833450663360196
nav-robust,working_p3,2026-10-02 new working P3,97,0.96,0.97,y,2.681595933253656,2.872612203035401,0.19101626978174524,2.681596101558859,2.8673998627749153,0.18580376121605635,0.04249291570155556,0.04340104790050292,0.03754503436111765,0.037978731707415836
nav-robust,working_p3,2026-10-02 new working P3,98,0.97,0.98,x,2.478864016491964,2.705312079867941,0.2264480633759769,2.478864016491964,2.697337595659846,0.21847357916788201,0.05205369041121829,0.05255590661746279,0.04377318269230599,0.04397971573808057
nav-robust,working_p3,2026-10-02 new working P3,98,0.97,0.98,y,2.6769669823997444,2.8673431328683043,0.19037615046855993,2.6769671511577564,2.862110743573423,0.1851435924156668,0.04238673858298295,0.04332127242229289,0.037426238422383414,0.03787223351602087
nav-robust,working_p3,2026-10-02 new working P3,99,0.98,0.99,x,2.470101273074632,2.6974206743764664,0.22731940130183448,2.470101273074632,2.689344092666786,0.21924281959215408,0.05231979126885916,0.052816481074392296,0.043931202005676045,0.04412771004464444
nav-robust,working_p3,2026-10-02 new working P3,99,0.98,0.99,y,2.6723354329787794,2.8620522302790095,0.18971679730023006,2.6723356021812297,2.8568005813968034,0.1844649792155737,0.0422763168339568,0.04323730162809625,0.0373040721263488,0.03776221974331495
nav-robust,working_p3,2026-10-02 new working P3,100,0.99,1.0,x,2.461224870930966,2.6894291708329927,0.22820429990202662,2.461224870930966,2.6812501909116317,0.22002531998066566,0.05258895849042854,0.053078981092329336,0.04409200530940291,0.04427739706273881
nav-robust,working_p3,2026-10-02 new working P3,100,0.99,1.0,y,2.6677023245189004,2.856740255321876,0.18903793080297548,2.6677024941573957,2.8514701385149035,0.1837676443575078,0.04216158970871836,0.04314907437505777,0.03717848445986391,0.037648631128474275
nav-robust,working_p3,2026-10-02 new working P3,101,1.0,1.01,x,2.4522330372876096,2.681336367253047,0.22910332996543747,2.4522330372876096,2.6730460161179024,0.22081297883029283,0.05286537165307133,0.05334491981977818,0.044254781152923,0.0444287228960456
nav-robust,working_p3,2026-10-02 new working P3,101,1.0,1.01,y,2.6630705709712252,2.851408571953673,0.1883380009824478,2.663077816129944,2.84612961801958,0.18305180188963588,0.04204039617559546,0.043043437511426585,0.03704822204858447,0.03752944892479526
nav-robust,working_p3,2026-10-02 new working P3,102,1.01,1.02,x,2.4431263082062635,2.673132066783019,0.23000575857675543,2.4431263082062635,2.6647213346620533,0.22159502645578977,0.053145470019233816,0.05360960385875568,0.04441597611758556,0.04457702060290991
nav-robust,working_p3,2026-10-02 new working P3,102,1.01,1.02,y,2.6584629419967634,2.846064308419684,0.1876013664229208,2.6584709015459493,2.840787937918467,0.18231703637251773,0.041895072629131905,0.04291687684805767,0.03691144843930692,0.037405061454823585
nav-robust,working_p3,2026-10-02 new working P3,103,1.02,1.03,x,2.4339039087163012,2.664807269541907,0.23090336082560592,2.4339039087163012,2.6562758123163124,0.22237190360001113,0.053424902581928765,0.053872677813283865,0.04457624763095309,0.04472353041038746
nav-robust,working_p3,2026-10-02 new working P3,103,1.02,1.03,y,2.6538731973639367,2.840721271417346,0.18684807405340953,2.653881873125047,2.8354487892943996,0.1815669161693525,0.04174551899831336,0.04278677934692654,0.036771827007939885,0.03727853774372836
nav-robust,working_p3,2026-10-02 new working P3,104,1.03,1.04,x,2.424565703985405,2.656361597480867,0.23179589349546204,2.424565703985405,2.647709084744235,0.2231433807588301,0.0537035939606203,0.05413406796614373,0.04473553367246838,0.044868190846886424
nav-robust,working_p3,2026-10-02 new working P3,104,1.03,1.04,y,2.649302781857141,2.835380742772406,0.18607796091526518,2.6493121755879945,2.830113458146005,0.18080128255801053,0.04159169332662094,0.04265311173254149,0.036629319846260874,0.03714984954852918
nav-robust,working_p3,2026-10-02 new working P3,105,1.04,1.05,x,2.4151115586759704,2.6477946979409515,0.23268313926498108,2.4151115586759704,2.6390208130505886,0.22390925437461817,0.05398148480586144,0.0543937261319547,0.04489378829401604,0.04501096600251753
nav-robust,working_p3,2026-10-02 new working P3,105,1.04,1.05,y,2.6447531404862175,2.8300440031796814,0.18529086269346395,2.644763253880803,2.8247832292402633,0.18001997535946046,0.04143356265403298,0.042515856804329566,0.036483897925254014,0.03701898457901187
nav-robust,working_p3,2026-10-02 new working P3,106,1.05,1.06,x,2.405541349285415,2.6391062319713434,0.23356488268592823,2.405541349285415,2.6302106720985425,0.22466932281312735,0.05425851896729002,0.054651605035476614,0.0450509687869355,0.04515486509253375
nav-robust,working_p3,2026-10-02 new working P3,106,1.05,1.06,y,2.640225716683565,2.8247123373663485,0.18448662068278354,2.6402365513718564,2.819459391275445,0.17922283990358867,0.04127109594620262,0.042374997674401005,0.036335534023899003,0.036885930735008454
nav-robust,working_p3,2026-10-02 new working P3,107,1.06,1.07,x,2.3958549641712246,2.630295874381638,0.23444091021041347,2.3958549641712246,2.6212783505609054,0.22542338638968085,0.054534640553775056,0.054907658318763986,0.04520703274118029,0.04530263415907454
nav-robust,working_p3,2026-10-02 new working P3,107,1.06,1.07,y,2.6357219569369286,2.819387033996672,0.18366507705974344,2.6357335144847056,2.8141432367854966,0.178409722300791,0.0411042624548431,0.0422305177704394,0.03618420108917755,0.036750676108811664
nav-robust,working_p3,2026-10-02 new working P3,108,1.07,1.08,x,2.3860523035752625,2.6213633137930454,0.2353110102177829,2.3860523035752625,2.6122235509702776,0.22617124739501504,0.05480979393955274,0.05516184054814799,0.045361938050464075,0.045449291904978484
nav-robust,working_p3,2026-10-02 new working P3,108,1.07,1.08,y,2.6312433106603645,2.814069385576415,0.18282607491605063,2.6312555925690346,2.808836062044109,0.17758046947507422,0.040933031727733035,0.04208240083855186,0.03602987224570674,0.03661320898756326
nav-robust,working_p3,2026-10-02 new working P3,109,1.08,1.09,x,2.376133279647316,2.612308252688586,0.23617497304127033,2.376133279647316,2.6030459897681912,0.22691271012087544,0.05508392377037502,0.05541410722110873,0.04551564291741636,0.04559479229103003
nav-robust,working_p3,2026-10-02 new working P3,109,1.08,1.09,y,2.626791230064868,2.808760688356918,0.18196945829205013,2.626804237771295,2.803539166968465,0.17673492919717004,0.04075737359794944,0.04193063094610938,0.035872520784608765,0.03647351785563435
nav-robust,working_p3,2026-10-02 new working P3,110,1.09,1.1,x,2.3660978164678466,2.603130407462217,0.23703259099437046,2.3660978164678466,2.5937453973531808,0.2276475808853342,0.055356974969609,0.05566441477304451,0.04566810585868554,0.045739089377827113
nav-robust,working_p3,2026-10-02 new working P3,110,1.09,1.1,y,2.62236717002866,2.8034622422388655,0.18109507221020538,2.6223809049049986,2.7982538550226814,0.17587295011768278,0.04057725823013126,0.04177519248456596,0.0357121202094187,0.036331591396999485
nav-robust,working_p3,2026-10-02 new working P3,111,1.1,1.11,x,2.355945850120326,2.593829508466904,0.2378836583465782,2.355945850120326,2.584321518127793,0.22837566800746734,0.0556288623235454,0.05592260293035389,0.045819255289248455,0.045886661007484175
nav-robust,working_p3,2026-10-02 new working P3,111,1.1,1.11,y,2.617972587967176,2.7981753506253044,0.18020276265812862,2.617987051320707,2.792981433070503,0.1749943817497961,0.04039265608718402,0.04161607017225499,0.035548644202441346,0.03618741849758944
nav-robust,working_p3,2026-10-02 new working P3,112,1.11,1.12,x,2.345677328566094,2.584405300061659,0.2387279714955648,2.345677328566094,2.57477411054456,0.22909678197846572,0.055899530872863944,0.0561833574135826,0.04596904991287383,0.04603411629649212
nav-robust,working_p3,2026-10-02 new working P3,112,1.11,1.12,y,2.6136089437027206,2.792901320470896,0.17929237676817555,2.6136241367756945,2.7877232114242445,0.17409907464855,0.04020353796800169,0.0414532490571764,0.03538206666213394,0.036040988247652894
nav-robust,working_p3,2026-10-02 new working P3,113,1.12,1.13,x,2.335292211807244,2.574857540657485,0.23956532885024107,2.335292211807244,2.565102947150873,0.22981073534362872,0.0561689260126796,0.056442807438834564,0.04611744882116344,0.046181545616777786
nav-robust,working_p3,2026-10-02 new working P3,113,1.12,1.13,y,2.609277699333844,2.7876414620438283,0.17836376270998455,2.609293623303327,2.7824805036063904,0.17318688030306362,0.04000987499858557,0.041286714519745527,0.03521236169389326,0.03589228994407767
nav-robust,working_p3,2026-10-02 new working P3,114,1.13,1.14,x,2.3247904718585297,2.565186002762279,0.24039553090374932,2.3247904718585297,2.5553078146328136,0.23051734277428393,0.056436993568332455,0.05670089331911843,0.046264411568334315,0.04633230804145638
nav-robust,working_p3,2026-10-02 new working P3,114,1.13,1.14,y,2.6049803191044067,2.7823970888736382,0.17741676976923149,2.6049969750821313,2.777254626297121,0.1722576512149896,0.039811638625031766,0.04111645227555405,0.035039503602720054,0.0357413130927422
nav-robust,working_p3,2026-10-02 new working P3,115,1.14,1.15,x,2.3141720927683207,2.5553904730246555,0.2412183802563348,2.3141720927683207,2.545388513857903,0.23121642108958218,0.056703679553623855,0.05695755546588854,0.04640989792844454,0.046483821446589246
nav-robust,working_p3,2026-10-02 new working P3,115,1.14,1.15,y,2.6007182692723783,2.7771695176534754,0.17645124838109716,2.6007356583046004,2.7720468992362775,0.17131124093167704,0.03960880063531855,0.04094244837807581,0.034863466914690944,0.03558804741081589
nav-robust,working_p3,2026-10-02 new working P3,116,1.15,1.16,x,2.3034370706360767,2.545470752276708,0.24203368164063122,2.3034370706360767,2.535344859916782,0.23190778928070532,0.056968930379390145,0.05721273605356281,0.04655386803655046,0.046634150030890886
nav-robust,working_p3,2026-10-02 new working P3,116,1.15,1.16,y,2.596493017978355,2.7719600681420946,0.17546705016373965,2.596511141045713,2.766858645125067,0.17034750407935428,0.039401333163612676,0.04076468922137444,0.034684226380957243,0.035432482829068856
nav-robust,working_p3,2026-10-02 new working P3,117,1.16,1.17,x,2.2925854132413406,2.5354266555227487,0.24284124228140813,2.292585413629567,2.5251766821108688,0.23259126848130185,0.057232693201115285,0.05746637714791403,0.0466962823759186,0.046783432310893325
nav-robust,working_p3,2026-10-02 new working P3,117,1.16,1.17,y,2.59230603509301,2.76677006306556,0.17446402797255,2.59232489311039,2.7616911895274847,0.16936629641709455,0.03918920870932616,0.04058316154278696,0.03450175699650375,0.03527460949417227
nav-robust,working_p3,2026-10-02 new working P3,118,1.17,1.18,x,2.28161713941961,2.525258012135297,0.24364087271568735,2.281617141907406,2.5148838241472586,0.23326668223985259,0.05749491476521868,0.05771841639382691,0.04683710179689451,0.04693235525262063
nav-robust,working_p3,2026-10-02 new working P3,118,1.17,1.18,y,2.5881587920680267,2.7616008280186786,0.17344203595065188,2.5881783858844334,2.7565458607714697,0.1683674748870363,0.03897240013980255,0.04039785242558214,0.03431603400254314,0.03511441777097479
nav-robust,working_p3,2026-10-02 new working P3,119,1.18,1.19,x,2.2705322832328023,2.5149646657426037,0.24443238250980137,2.270532287823125,2.5044661440251614,0.23393385620203633,0.05775554248569856,0.05796879464884652,0.04697628757923526,0.0470824241699348
nav-robust,working_p3,2026-10-02 new working P3,119,1.18,1.19,y,2.584052761900313,2.7564536913661803,0.1724009294658675,2.584073092298742,2.7514239898498185,0.16735089755107646,0.03875088071402178,0.040208749301609004,0.034127032909939244,0.03495189824478562
nav-robust,working_p3,2026-10-02 new working P3,120,1.19,1.2,x,2.2593308892410295,2.504546474316618,0.24521558507558838,2.2593308959366944,2.493923514122777,0.23459261818608246,0.05801449035874892,0.05821919508956608,0.047113767437090726,0.04723583261783526
nav-robust,working_p3,2026-10-02 new working P3,120,1.19,1.2,y,2.5799894189409387,2.75132998417707,0.1713405652361315,2.5800104866382565,2.746326910354271,0.1663164237160144,0.03852462400782347,0.040015839953892574,0.03393472942415524,0.03478704172360736
nav-robust,working_p3,2026-10-02 new working P3,121,1.2,1.21,x,2.248018090254339,2.4940038960650046,0.24598580581066543,2.248018090254339,2.4832586194586295,0.23524052920429028,0.05826846930926534,0.058471781459079164,0.0472503675387115,0.047388438325201676
nav-robust,working_p3,2026-10-02 new working P3,121,1.2,1.21,y,2.575969200578875,2.746222603872092,0.1702534032932168,2.5759890026749224,2.7412475221227184,0.16525851944779602,0.03828988554911314,0.039819899344065934,0.033741033365306275,0.03462203526378671
nav-robust,working_p3,2026-10-02 new working P3,122,1.21,1.22,x,2.2365999983643325,2.48333677780489,0.24673677944055727,2.2365999983643325,2.472471316338339,0.23587131797400662,0.05851416488716481,0.058717671019016926,0.047382740666173734,0.047536415711147306
nav-robust,working_p3,2026-10-02 new working P3,122,1.21,1.22,y,2.5719921639982393,2.7411378520946696,0.16914568809643038,2.572012629380715,2.7361735156120863,0.16416088623137126,0.03805965026362113,0.03961724631809682,0.033536423414270884,0.034447605366135114
nav-robust,working_p3,2026-10-02 new working P3,123,1.22,1.23,x,2.225076470005972,2.472548014841174,0.24747154483520184,2.225076470005972,2.461562298503753,0.2364858284977811,0.05875669776821999,0.05896037730309045,0.047511908659643005,0.04768340898585022
nav-robust,working_p3,2026-10-02 new working P3,123,1.22,1.23,y,2.568059480534735,2.7360600593767614,0.16800057884202646,2.568080609697433,2.7311073790025437,0.16302676930511062,0.03782113126320112,0.039407628131718386,0.03332466730052509,0.034267562845570865
nav-robust,working_p3,2026-10-02 new working P3,124,1.23,1.24,x,2.2134474787716205,2.461637526331684,0.24819004756006358,2.2134474787716205,2.450531497717761,0.2370840189461405,0.05899601284340172,0.0591998717998945,0.04763782569758702,0.047827406035254594
nav-robust,working_p3,2026-10-02 new working P3,124,1.23,1.24,y,2.5641725082147664,2.7309900759185455,0.1668175677037791,2.564194301599247,2.726049963936507,0.1618556623372598,0.037574228488555246,0.03919096765309149,0.03310566637444401,0.03408183283998012
nav-robust,working_p3,2026-10-02 new working P3,125,1.24,1.25,x,2.201713003870355,2.4506052428802527,0.24889223900989776,2.201713003870355,2.4393788572144346,0.23766585334407964,0.0592320900135341,0.05943612868106607,0.047760481044360946,0.04797278000542171
nav-robust,working_p3,2026-10-02 new working P3,125,1.24,1.25,y,2.5603326039765495,2.7259287533461953,0.16559614936964584,2.5603550619720625,2.7210021234452832,0.16064706147322072,0.03731884018200441,0.03896718046316128,0.03287932021710409,0.03389033309317924
nav-robust,working_p3,2026-10-02 new working P3,126,1.25,1.26,x,2.1898729959197416,2.4394511092369924,0.24957811331725077,2.1898729959197416,2.4281043343984385,0.23823133847869693,0.05946521129399272,0.05966912048201323,0.04788016620975259,0.04811728998117859
nav-robust,working_p3,2026-10-02 new working P3,126,1.25,1.26,y,2.5565411293154887,2.720880541360727,0.1643394120452384,2.556564252258905,2.715968308597854,0.15940405633894894,0.03705560212605697,0.03873618609147167,0.032646265878727744,0.03369298519048991
nav-robust,working_p3,2026-10-02 new working P3,127,1.26,1.27,x,2.1779254799972927,2.4281750834692724,0.25024960347197966,2.1779254799972927,2.4167079000151417,0.238782420017849,0.05969594687707444,0.05989882266124935,0.04799746088749266,0.04825879445787162
nav-robust,working_p3,2026-10-02 new working P3,127,1.26,1.27,y,2.5527994441057418,2.7158453533646023,0.16304590925886053,2.5528232322814834,2.710948434127411,0.1581252018459276,0.036786030953234794,0.03849790444767498,0.032408021188391915,0.033489710990010746
nav-robust,working_p3,2026-10-02 new working P3,128,1.27,1.28,x,2.1658723960956863,2.4167771369726117,0.2509047408769254,2.1658723963423,2.4051895381606476,0.2393171418183475,0.05992406796001187,0.060130426992227815,0.04811214545295874,0.04839727510489045
nav-robust,working_p3,2026-10-02 new working P3,128,1.27,1.28,y,2.54910890855341,2.7108215425600632,0.16171263400665303,2.549133362193386,2.705940854529627,0.15680749233624125,0.03650943730549507,0.03825225567530888,0.03216389791333356,0.03328043247616419
nav-robust,working_p3,2026-10-02 new working P3,129,1.28,1.29,x,2.153713744844621,2.4052572565567027,0.2515435117120819,2.153713746144649,2.3935492463092,0.2398355001645509,0.06014900873234568,0.060361476815792514,0.04822366360818604,0.048532714902246976
nav-robust,working_p3,2026-10-02 new working P3,129,1.28,1.29,y,2.5454708831347257,2.7058099660949537,0.16033908296022803,2.5454960024182696,2.7009464282084155,0.1554504257901459,0.03622421561945826,0.037999160595850956,0.03191229154406612,0.033065072203531276
nav-robust,working_p3,2026-10-02 new working P3,130,1.29,1.3,x,2.1414504686490767,2.393615438362275,0.25216496971319824,2.1414504710034397,2.3817870353346,0.24033656433116013,0.06037060089167229,0.060589149637522155,0.048331856780331056,0.04866509814182329
nav-robust,working_p3,2026-10-02 new working P3,130,1.29,1.3,y,2.5418867283325572,2.7008114823327243,0.15892475400016703,2.5419125133863703,2.6959660147458706,0.15405350135950036,0.03593012886417388,0.037738548717459075,0.03165296603203769,0.03284356130537347
nav-robust,working_p3,2026-10-02 new working P3,131,1.3,1.31,x,2.129081653505726,2.381851693858243,0.2527700403525168,2.129081656915307,2.3699029295334295,0.2408212726181227,0.06058883868389518,0.06081889531243201,0.048436728402273345,0.04879441043593058
nav-robust,working_p3,2026-10-02 new working P3,131,1.3,1.31,y,2.5383578046756794,2.6958269507700003,0.15746914609432094,2.538384255573774,2.691000474819779,0.152616219246005,0.035627077771092634,0.037470354354240065,0.03138582301949853,0.032615835612693544
nav-robust,working_p3,2026-10-02 new working P3,132,1.31,1.32,x,2.1166073172950908,2.3699660480530724,0.25335873075798165,2.1166073217607337,2.3578969666965075,0.24128964493577376,0.060803729348193315,0.061048467914961435,0.04853829535476789,0.04892063882038844
nav-robust,working_p3,2026-10-02 new working P3,132,1.31,1.32,y,2.534885472575766,2.69085723215617,0.155971759580404,2.534912589339415,2.686050670323144,0.15113808098372905,0.03531500281208544,0.037194482260640704,0.031110803817418837,0.032381801288423606
nav-robust,working_p3,2026-10-02 new working P3,133,1.32,1.33,x,2.1040274834684953,2.3579585393339983,0.253931055865503,2.104027488991008,2.3457691980116424,0.2417417090206344,0.06101578689447432,0.06128157816669111,0.048637081218504574,0.04904377152289774
nav-robust,working_p3,2026-10-02 new working P3,133,1.32,1.33,y,2.5314710727745346,2.685903188314993,0.15443211554045844,2.531498855372223,2.681117464185739,0.1496186088135163,0.03499525667085413,0.03691085487747392,0.03082926187680311,0.03214138207325856
nav-robust,working_p3,2026-10-02 new working P3,134,1.33,1.34,x,2.0913421810514063,2.3458292197143553,0.254487038662949,2.0913421876315574,2.3335196883100884,0.24217750067853094,0.06122475641796253,0.06151436913896369,0.04873284054031585,0.04916379841876406
nav-robust,working_p3,2026-10-02 new working P3,134,1.33,1.34,y,2.5281159810347824,2.6809656821613506,0.15284970112656815,2.52814442938216,2.6762017203907997,0.1480572910086395,0.034667099350774805,0.03661939563621397,0.030540457896439877,0.0318945025897559
nav-robust,working_p3,2026-10-02 new working P3,135,1.34,1.35,x,2.078551444647098,2.3335781543843734,0.2550267097372756,2.0785514522856188,2.321148515616459,0.24259706333084008,0.0614304078510934,0.06174389913858791,0.04882535272303604,0.04928071011190127
nav-robust,working_p3,2026-10-02 new working P3,135,1.34,1.35,y,2.524821556814669,2.676045577669989,0.15122402085532016,2.524850670774511,2.6713043039437117,0.1464536331692008,0.034329686207233506,0.036320026860956034,0.03024354785514774,0.03164108624412165
nav-robust,working_p3,2026-10-02 new working P3,136,1.35,1.36,x,2.0656553144401215,2.3212054222099665,0.255550107769845,2.0656553231377055,2.308655771646636,0.24300044850893032,0.0616328007479096,0.06197014911096721,0.048914686920021905,0.049394498883193805
nav-robust,working_p3,2026-10-02 new working P3,136,1.35,1.36,y,2.521589159627869,2.6711437488927663,0.1495545892648975,2.5216189390100356,2.6664260898892014,0.14480715087916574,0.03398307614736353,0.03601267219826454,0.029938591211426127,0.03138105765587795
nav-robust,working_p3,2026-10-02 new working P3,137,1.36,1.37,x,2.0526538361474596,2.308711115580563,0.2560572794331035,2.0526538459047616,2.29604156165472,0.2433877157499582,0.061832083285419566,0.062193101479585344,0.049001000853438316,0.04950515836078795
nav-robust,working_p3,2026-10-02 new working P3,137,1.36,1.37,y,2.5184201475872645,2.666261057702802,0.14784091011553757,2.518450592148666,2.661567941055434,0.14311734890676764,0.03362750779361063,0.03569725578426608,0.029625827066938958,0.03111434182478945
nav-robust,working_p3,2026-10-02 new working P3,138,1.37,1.38,x,2.0395470611627546,2.296095340427419,0.2565482792646643,2.0395470719803916,2.2833060044504565,0.24375893247006486,0.06202824338764044,0.06241274002127328,0.04908429195702643,0.04961268352725634
nav-robust,working_p3,2026-10-02 new working P3,138,1.37,1.38,y,2.5153158780074416,2.661398367163114,0.14608248915567223,2.515346987452006,2.656730721422596,0.1413837339705899,0.033262793263305265,0.0353737022700642,0.029305067946007454,0.030840864156116865
nav-robust,working_p3,2026-10-02 new working P3,139,1.38,1.39,x,2.0263350464462158,2.283358587705502,0.25702354125928606,2.026335058324767,2.2704496038802393,0.24411454555547252,0.062221219737435225,0.06262904987058704,0.04916450845865885,0.049717800663530376
nav-robust,working_p3,2026-10-02 new working P3,139,1.38,1.39,y,2.512277707301216,2.6565565451900377,0.1442788378888218,2.512309481279859,2.6519152997862667,0.13960581850640752,0.03288890005037931,0.03504400595694168,0.0289762816772528,0.03056261959566431
nav-robust,working_p3,2026-10-02 new working P3,140,1.39,1.4,x,2.0130178545387376,2.2705019763253937,0.25748412178665614,2.0130178674787436,2.257473491758125,0.2444556242793814,0.06241107955877753,0.06285095358942039,0.049241727113033866,0.04982244342835962
nav-robust,working_p3,2026-10-02 new working P3,140,1.39,1.4,y,2.5093069908671097,2.6517364606041864,0.1424294697370767,2.5093394289777127,2.6471225458083247,0.13778311683061206,0.03250595673490306,0.034713757011812785,0.028639597103060962,0.030285198845085848
nav-robust,working_p3,2026-10-02 new working P3,141,1.4,1.41,x,1.9996073950097153,2.2575244698060803,0.25791707479636505,1.9996073950097153,2.2443873071642217,0.24477991215450645,0.06258664171891114,0.06306151097040358,0.049316112870290994,0.049924348328544976
nav-robust,working_p3,2026-10-02 new working P3,141,1.4,1.41,y,2.506404136962258,2.646924575244389,0.140520438282131,2.5064167859073567,2.6423325943595457,0.13591580845218898,0.03209571831088022,0.03435809693572267,0.028295756963508528,0.030002358876242585
nav-robust,working_p3,2026-10-02 new working P3,142,1.41,1.42,x,1.9861145311543558,2.244437326537511,0.25832279538315506,1.9861145311543558,2.2312021306450127,0.24508759949065695,0.06274942895199642,0.06325861532725208,0.0493889995734762,0.05002341943475397
nav-robust,working_p3,2026-10-02 new working P3,142,1.41,1.42,y,2.503514307077619,2.6421288567549333,0.13861454967731435,2.5035272455081117,2.6375244177819916,0.13399717227387997,0.0317357513231816,0.03404830272813708,0.027941690277570857,0.029711163829795773
nav-robust,working_p3,2026-10-02 new working P3,143,1.42,1.43,x,1.9725404175785728,2.2312500871286205,0.2587096695500477,1.9725404175785728,2.217916831678665,0.24537641410009203,0.06290881450083763,0.06345161546335687,0.04945845714727847,0.0501183600134012
nav-robust,working_p3,2026-10-02 new working P3,143,1.42,1.43,y,2.5006472444403207,2.6373161604065287,0.136668915966208,2.5006604724183275,2.6326994609063297,0.13203898848800222,0.031367322979688146,0.03372855109810624,0.027579545316286626,0.02941064761055978
nav-robust,working_p3,2026-10-02 new working P3,144,1.43,1.44,x,1.9588850358562162,2.217962730605139,0.25907769474892284,1.9588850358562162,2.2045313925593706,0.24564635670315438,0.06306445000738274,0.0636405187985325,0.049524138684558766,0.05020918075276404
nav-robust,working_p3,2026-10-02 new working P3,144,1.43,1.44,y,2.497811751459093,2.6324866411392818,0.1346748896801886,2.497825269040639,2.6278578787702207,0.13003260972958186,0.030989043326086083,0.03339873474059729,0.027207932308402877,0.029100703348458712
nav-robust,working_p3,2026-10-02 new working P3,145,1.44,1.45,x,1.9451483675882484,2.2045752399103726,0.25942687232212425,1.9451483675882484,2.1910457995015173,0.24589743191326896,0.06321641090326716,0.06382533404771751,0.049586121048221105,0.05029589363886222
nav-robust,working_p3,2026-10-02 new working P3,145,1.44,1.45,y,2.4950085217671574,2.627640453960077,0.1326319321929197,2.49502232900217,2.6229998264775465,0.12797749747537646,0.03060081702594408,0.033058746580660436,0.0268267541791648,0.02878122438838604
nav-robust,working_p3,2026-10-02 new working P3,146,1.45,1.46,x,1.9313303944027442,2.1910876019066245,0.2597572075038803,1.9313303944027442,2.177460042641041,0.24612964823829664,0.06336469961586004,0.06400607122055213,0.04964440812942139,0.05037851195496845
nav-robust,working_p3,2026-10-02 new working P3,146,1.45,1.46,y,2.49223818598815,2.62277775394294,0.13053956795479005,2.4922522829204588,2.618125459198774,0.1258731762783154,0.030202553842826968,0.03270847947747191,0.026435914434218385,0.028452103994238698
nav-robust,working_p3,2026-10-02 new working P3,147,1.46,1.47,x,1.9174310979548732,2.177499807380401,0.2600687094255276,1.9174310979548732,2.1637741160405644,0.24634301808569115,0.06350931891564074,0.06418274162477378,0.04969900411890615,0.0504570502849373
nav-robust,working_p3,2026-10-02 new working P3,147,1.46,1.47,y,2.489501374779992,2.617898696228769,0.12839732144877702,2.4895157614473233,2.6132349321706867,0.12371917072336336,0.029794147694881926,0.03234782632883926,0.026035315501487678,0.028113235453405494
nav-robust,working_p3,2026-10-02 new working P3,148,1.47,1.48,x,1.9034504599268967,2.1638118510448585,0.26036139111796186,1.9034504599268967,2.1499880176917787,0.24653755776488206,0.06365027265785814,0.06435535786689472,0.04974991431662235,0.05053152451381493
nav-robust,working_p3,2026-10-02 new working P3,148,1.47,1.48,y,2.4867987188198013,2.6130034360250547,0.1262047172052534,2.4868133952537765,2.608328400696104,0.12151500544232752,0.02937550135998828,0.03197668007782317,0.02562486032076004,0.027764512083380488
nav-robust,working_p3,2026-10-02 new working P3,149,1.48,1.49,x,1.8893884620281507,2.150023731594171,0.26063526956602034,1.8893884620281507,2.136101749569745,0.24671328754159427,0.06378756551064756,0.06452393395369294,0.04979714485145787,0.050601951929266864
nav-robust,working_p3,2026-10-02 new working P3,149,1.48,1.49,y,2.4841308488409535,2.608092130435052,0.1239612815940987,2.4841458150670883,2.6034060219730537,0.1192602069059654,0.028946519133427343,0.03159493404473945,0.02520445334391706,0.027405827563745433
nav-robust,working_p3,2026-10-02 new working P3,150,1.49,1.5,x,1.8752450859950434,2.1361354516174957,0.2608903656224524,1.8752450859950434,2.1221153175467946,0.24687023155175125,0.06392120335982647,0.06468848511967007,0.049840703032569475,0.05066835104896894
nav-robust,working_p3,2026-10-02 new working P3,150,1.49,1.5,y,2.4814983954644387,2.6031649333305973,0.12166653786615855,2.4815136515021385,2.5985971643442953,0.11708351284215679,0.028507114983276727,0.03120248136730286,0.02477399924350582,0.02703707537631006
nav-robust,working_p3,2026-10-02 new working P3,151,1.5,1.51,x,1.861020313591042,2.122147017824712,0.26112670423367,1.861020313591042,2.1080287313592487,0.2470084177682068,0.06405119224569812,0.06484902827603722,0.049880596347352715,0.05073074155162338
nav-robust,working_p3,2026-10-02 new working P3,151,1.5,1.51,y,2.4789019893344806,2.5983850537009108,0.11948306436643019,2.478917535197039,2.594026567106052,0.11510903190901267,0.028057184300900283,0.030799214784181128,0.02433340158089152,0.02665814858864568
nav-robust,working_p3,2026-10-02 new working P3,152,1.51,1.52,x,1.846714126658299,2.108058440695589,0.2613443140372902,1.846714126658299,2.0938420047442254,0.2471278780859265,0.06417753927150134,0.06500558129802636,0.049916833341961356,0.05078914453961092
nav-robust,working_p3,2026-10-02 new working P3,152,1.51,1.52,y,2.4763422610548504,2.5938094498515576,0.11746718879670714,2.4763580967494483,2.5894581427893084,0.11310004603986012,0.027617168230275428,0.030385027506687923,0.023903103058946905,0.026268940725771905
nav-robust,working_p3,2026-10-02 new working P3,153,1.52,1.53,x,1.8323268763122866,2.0938697343316988,0.2615428580194121,1.8323268763122866,2.079555155381739,0.24722827906945244,0.06430022286510004,0.06515816272740604,0.04994939391334646,0.05084358242195108
nav-robust,working_p3,2026-10-02 new working P3,153,1.52,1.53,y,2.4738198411715056,2.5892359683060646,0.11541612713455907,2.473835966699208,2.584892247492176,0.11105628079296803,0.027200212401154698,0.029959812805197217,0.023496249442817377,0.02586934535655816
nav-robust,working_p3,2026-10-02 new working P3,154,1.53,1.54,x,1.8178582071889602,2.079580917066896,0.261722709877936,1.8178582071889602,2.065168204897309,0.2473099977083486,0.06441923133115304,0.06530679298935205,0.049978267802343046,0.05089407891549458
nav-robust,working_p3,2026-10-02 new working P3,154,1.53,1.54,y,2.4713353601597055,2.5846649651409312,0.1133296049812258,2.4713517755154593,2.580329237524987,0.10897746200952785,0.026824115925852786,0.02952346403525663,0.023130632112810315,0.025459256119824136
nav-robust,working_p3,2026-10-02 new working P3,155,1.54,1.55,x,1.8033081026650712,2.0651920111810043,0.261883908515933,1.8033081026650712,2.0506811788643797,0.24737307619930848,0.06453454162136435,0.06545149381513227,0.05000343340159962,0.050940659045142445
nav-robust,working_p3,2026-10-02 new working P3,155,1.54,1.55,y,2.4688894484085315,2.5800967965946473,0.11120734818611577,2.4689061535811656,2.5757694693557704,0.10686331577460484,0.02647596126428496,0.02907588429797947,0.022793337924433298,0.025038576384722955
nav-robust,working_p3,2026-10-02 new working P3,156,1.55,1.56,x,1.7886765463292358,2.050703042902192,0.2620264965729562,1.7886765463292358,2.036094106806628,0.24741756047739205,0.0646462334700567,0.06559228824492891,0.05002497190997412,0.050983349146595414
nav-robust,working_p3,2026-10-02 new working P3,156,1.55,1.56,y,2.466482718654241,2.575531819217436,0.10904910056319483,2.4664997136264626,2.5712132997599944,0.10471358613353177,0.026146985269062596,0.028616984601586015,0.022475607435602,0.024607217412270455
nav-robust,working_p3,2026-10-02 new working P3,157,1.56,1.57,x,1.773963521360736,2.03611404240927,0.26215052104853376,1.773963521360736,2.021407022200193,0.2474435008394571,0.06475431774723424,0.06572920062698517,0.05004289564586735,0.05102217686543731
nav-robust,working_p3,2026-10-02 new working P3,157,1.56,1.57,y,2.4641158040190576,2.570970389717739,0.10685458569868134,2.4641330887674515,2.5666610856670458,0.10252799689959424,0.025819965393072835,0.02814663362936587,0.02216021821335225,0.024165048123298227
nav-robust,working_p3,2026-10-02 new working P3,158,1.57,1.58,x,1.7591690104566569,2.021425043833882,0.26225603337722525,1.7591690104566569,2.0066199624758037,0.2474509520191468,0.0648588062076626,0.06586225661894685,0.05005721781299559,0.05105717115840824
nav-robust,working_p3,2026-10-02 new working P3,158,1.57,1.58,y,2.4617893472320556,2.5664128671372275,0.10462351990517194,2.461806921727083,2.562113186335242,0.10030626460815917,0.025489393884915685,0.02766472517091545,0.0218416558677532,0.02371196252967911
nav-robust,working_p3,2026-10-02 new working P3,159,1.58,1.59,x,1.7442929982323683,2.00663608526261,0.2623430870302419,1.7442929982323683,1.99173296902081,0.24743997078844182,0.06495963523371766,0.06599148318861925,0.050067876220343914,0.051088362294094525
nav-robust,working_p3,2026-10-02 new working P3,159,1.58,1.59,y,2.4595039781634713,2.561859607174479,0.10235562901100748,2.4595218423694676,2.5575699576755007,0.09804811530603308,0.025155254385764998,0.027228704823064387,0.02151990562698881,0.023247854746510477
nav-robust,working_p3,2026-10-02 new working P3,160,1.59,1.6,x,1.7293354683228899,1.991747208738984,0.26241174041609416,1.7293354683228899,1.9767460871811395,0.24741061885824966,0.06505688664108535,0.06611690861467912,0.05007495415072251,0.05111578185358079
nav-robust,working_p3,2026-10-02 new working P3,160,1.59,1.6,y,2.4572603265215602,2.5574226759770506,0.10016234945549041,2.4572784803967345,2.5531434660434162,0.09586498564668178,0.024826461746091547,0.02718747786781739,0.02120388769732241,0.02277261899879912
nav-robust,working_p3,2026-10-02 new working P3,161,1.6,1.61,x,1.7143165646649343,1.9767588030152117,0.26244223835027736,1.7143166015595677,1.9616791678039185,0.24736256624435082,0.06513163451922467,0.06621979297863789,0.0500796910664601,0.05114015239792424
nav-robust,working_p3,2026-10-02 new working P3,161,1.6,1.61,y,2.45504433823728,2.553105186100682,0.09806084786340197,2.45504433823728,2.54881553900101,0.09377120076372991,0.024539601556036565,0.02717633028401778,0.02091663966969435,0.02234974307346782
nav-robust,working_p3,2026-10-02 new working P3,162,1.61,1.62,x,1.699257964260679,1.9616909398746882,0.26243297561400913,1.699258001392554,1.946552282335717,0.24729428094316308,0.0651838857097825,0.06630132465504235,0.050082245522157384,0.05116266172949979
nav-robust,working_p3,2026-10-02 new working P3,162,1.61,1.62,y,2.45222899819891,2.548779637328634,0.09655063912972395,2.45222899819891,2.5444472941280147,0.09221829592910469,0.02431925629712147,0.027192521911662215,0.020652695958786573,0.022310907235477906
nav-robust,working_p3,2026-10-02 new working P3,163,1.62,1.63,x,1.6841607095315396,1.9465618191575842,0.26240110962604457,1.6841607469001683,1.9313641716618062,0.24720342476163792,0.06523173529671619,0.06637836060208913,0.050080519163581555,0.051180707702594086
nav-robust,working_p3,2026-10-02 new working P3,163,1.62,1.63,y,2.448689665115451,2.544415224490796,0.09572555937534499,2.448689665115451,2.5402001919830597,0.09151052686760863,0.024117062979181654,0.027215581125975774,0.020406698633318836,0.022278699488890386
nav-robust,working_p3,2026-10-02 new working P3,164,1.63,1.64,x,1.6690250535557614,1.9313714563216924,0.262346402765931,1.669025091160652,1.9161148513428365,0.24708976018218465,0.06527514849474658,0.06645086690057367,0.05007447789131703,0.05119425650086051
nav-robust,working_p3,2026-10-02 new working P3,164,1.63,1.64,y,2.4450871167468877,2.540011784424075,0.0949246676771871,2.4450871167468877,2.536000369207338,0.09091325246045034,0.023926821733846956,0.027245549725527063,0.02017244816485711,0.022253162217666933
nav-robust,working_p3,2026-10-02 new working P3,165,1.64,1.65,x,1.6538512489941537,1.916119866636924,0.2622686176427702,1.6538512868348108,1.9008043367515461,0.2469530499167354,0.06531407625491498,0.06651842692709442,0.050064073341291454,0.051202891603724154
nav-robust,working_p3,2026-10-02 new working P3,165,1.64,1.65,y,2.441421042967394,2.535738667213142,0.09431762424574774,2.441421042967394,2.5317690624228404,0.09034801945544624,0.023756275079415464,0.027282437354592126,0.019957687413814575,0.02223430565476514
nav-robust,working_p3,2026-10-02 new working P3,166,1.65,1.66,x,1.6386395516867482,1.9008070660541811,0.2621675143674329,1.6386395897626722,1.8854326439416318,0.24679305417895958,0.06534843772178689,0.06658135886475858,0.05004922534197253,0.051206931297086866
nav-robust,working_p3,2026-10-02 new working P3,166,1.65,1.66,y,2.4376911422433456,2.5315033405459855,0.09381219830263987,2.4376911422433456,2.5275061625258157,0.08981502028247013,0.02360341815061684,0.027326271938464597,0.019760411859212575,0.022222158317447782
nav-robust,working_p3,2026-10-02 new working P3,167,1.66,1.67,x,1.6233902214953584,1.885433069860854,0.2620428483654955,1.6233902598060457,1.869999788303246,0.2466095284972003,0.06537820952840677,0.06663962655970401,0.05002991120931602,0.05120633952984943
nav-robust,working_p3,2026-10-02 new working P3,167,1.66,1.67,y,2.433897123896263,2.527236395693223,0.09333927179695989,2.433897123896263,2.5232115538716506,0.08931442997538763,0.02346595363016105,0.02737708114067816,0.019578324530226433,0.022216748464497726
nav-robust,working_p3,2026-10-02 new working P3,168,1.67,1.68,x,1.6081035172671951,1.8699978932533567,0.2618943759861616,1.6081035558121382,1.854505785135534,0.24640222932339584,0.06540335672950798,0.06669319346452673,0.05000609667996862,0.05120107985733813
nav-robust,working_p3,2026-10-02 new working P3,168,1.67,1.68,y,2.430038689207649,2.5231324292513597,0.09309374004371085,2.430038689207649,2.5190798330905415,0.08904114388289264,0.023361722640913404,0.02743489246373576,0.01942926689835673,0.022218104196940924
nav-robust,working_p3,2026-10-02 new working P3,169,1.68,1.69,x,1.5927796997758454,1.8545015517053898,0.26172185192954434,1.5927797385545326,1.8389506500148944,0.24617091146036185,0.06542382972367325,0.06674202334875723,0.04997773283342195,0.0511911161517824
nav-robust,working_p3,2026-10-02 new working P3,169,1.68,1.69,y,2.426115540475923,2.5190514833988247,0.09293594292290175,2.426115540475923,2.5149710423947114,0.08885550191878844,0.023292016022845256,0.02749973289258234,0.01931453015437844,0.022226253101514715
nav-robust,working_p3,2026-10-02 new working P3,170,1.69,1.7,x,1.5774190324409405,1.8389440607070455,0.261525028266105,1.5774190714528562,1.823334398534086,0.24591532708122976,0.06543957800143281,0.06678607979634998,0.04994476984010371,0.05117641209980239
nav-robust,working_p3,2026-10-02 new working P3,170,1.69,1.7,y,2.4221273810236785,2.5149473218054084,0.09281994078172984,2.4221273810236785,2.510838945487848,0.08871156446416961,0.023260566182233954,0.027571629262033603,0.019237847057536717,0.022241222618092138
nav-robust,working_p3,2026-10-02 new working P3,171,1.7,1.71,x,1.5620217795291993,1.8233254359804223,0.261303656451223,1.5620218187738244,1.8076570465178414,0.24563522774401703,0.06545055095062134,0.06682532662170981,0.04990715776672802,0.05115693161843793
nav-robust,working_p3,2026-10-02 new working P3,171,1.7,1.71,y,2.418073915255928,2.5108198915608635,0.09274597630493542,2.418073915255928,2.5066834894937053,0.08860957423777727,0.02326003420685316,0.027650608129877963,0.01919187905073498,0.022263039912777227
nav-robust,working_p3,2026-10-02 new working P3,172,1.71,1.72,x,1.5465882068868388,1.8076456967267247,0.26105748983988586,1.5465882463636498,1.7919186132699665,0.2453303669063167,0.06545669807222027,0.06685973413321067,0.04986484679213064,0.051132645118664
nav-robust,working_p3,2026-10-02 new working P3,172,1.71,1.72,y,2.413954848515502,2.5066691519014865,0.09271430338598474,2.413954848515502,2.502504633682682,0.08854978516718015,0.023294330866651548,0.027736695775134823,0.019180537261210197,0.02229173187615796
nav-robust,working_p3,2026-10-02 new working P3,173,1.72,1.73,x,1.531118581934916,1.7919048549676149,0.26078627303269886,1.5311186216433854,1.7761191109146928,0.24500048927130735,0.0654579676964345,0.06688925859105876,0.0498177859233393,0.051103508963256106
nav-robust,working_p3,2026-10-02 new working P3,173,1.72,1.73,y,2.409769887240993,2.502495035771092,0.09272514853009906,2.409769887240993,2.4983023110328006,0.0885324237918077,0.023350036656588243,0.027829918196313752,0.019190402543365757,0.022327325121560104
nav-robust,working_p3,2026-10-02 new working P3,174,1.73,1.74,x,1.5156131736652596,1.776102926254935,0.26048975258967544,1.5156132136048563,1.760258555106399,0.2446453415015426,0.06545430733592694,0.0669138628309609,0.049765923348801124,0.05106948609045747
nav-robust,working_p3,2026-10-02 new working P3,174,1.73,1.74,y,2.4055187389240804,2.4982974894741843,0.09277875055010387,2.4055187389240804,2.4940764678828744,0.08855772895879399,0.023414461156302798,0.0279303011096661,0.019208784838438114,0.022369845983293946
nav-robust,working_p3,2026-10-02 new working P3,175,1.74,1.75,x,1.5000722526363794,1.76023992616942,0.2601676735330405,1.5000722928065684,1.7443369615283235,0.24426466872175512,0.0654456650296704,0.0669335095275061,0.04970920778222809,0.05103053927736112
nav-robust,working_p3,2026-10-02 new working P3,175,1.74,1.75,y,2.4012011121167203,2.4940764593686584,0.09287534725193813,2.4012011121167203,2.4898270506252116,0.08862593850849132,0.023487652431620952,0.02803788669678342,0.019235732575999406,0.02241933726424339
nav-robust,working_p3,2026-10-02 new working P3,176,1.75,1.76,x,1.4844960909693423,1.7443158703083,0.2598197793389576,1.4844961313695844,1.7283543458801678,0.24385821451058343,0.06543199007568719,0.06694816117039837,0.04964758919532973,0.05098663111614199
nav-robust,working_p3,2026-10-02 new working P3,176,1.75,1.76,y,2.3968167164383245,2.4898318918188096,0.0930151753804851,2.3968167164383245,2.485554005658622,0.08873728922029755,0.023569661027959956,0.028152727301880898,0.019271296667360112,0.022475851933152047
nav-robust,working_p3,2026-10-02 new working P3,177,1.76,1.77,x,1.468884962343616,1.7283307742853098,0.2594458119416938,1.468885002973368,1.7123107238781048,0.2434257209047368,0.0654132302112323,0.06695778006455821,0.049581015997989517,0.050937724014158636
nav-robust,working_p3,2026-10-02 new working P3,177,1.76,1.77,y,2.3923652625829157,2.485563733195327,0.09319847061241138,2.3923652625829157,2.4812572793884144,0.08889201680549874,0.023660536889489804,0.028274804760981098,0.019315527424726787,0.02253937245379234
nav-robust,working_p3,2026-10-02 new working P3,178,1.77,1.78,x,1.4532391392485646,1.712284653730691,0.2590455144821264,1.4532391801072797,1.696206111254781,0.24296693114750134,0.06538933245186429,0.06696232833020899,0.04950943587732925,0.05088378019403961
nav-robust,working_p3,2026-10-02 new working P3,178,1.77,1.78,y,2.387846452723821,2.4812719298752826,0.09342547715146177,2.387846452723821,2.476936818226381,0.08909036550256033,0.023760327082737866,0.028404143768975487,0.019368472284803744,0.02260992415202523
nav-robust,working_p3,2026-10-02 new working P3,179,1.78,1.79,x,1.4375588994865751,1.6961775242912052,0.25861862480463005,1.4375589405737024,1.68004052375933,0.24248158318562774,0.06536024393162254,0.06696176790298325,0.04943279663787928,0.05082476169378958
nav-robust,working_p3,2026-10-02 new working P3,179,1.78,1.79,y,2.3832600043105554,2.476956428242124,0.09369642393156852,2.3832600043105554,2.472592568590794,0.08933256428023872,0.0238690796531721,0.028540768630718638,0.01943017966537303,0.02268753196688955
nav-robust,working_p3,2026-10-02 new working P3,180,1.79,1.8,x,1.4218445226308998,1.6800094053042867,0.2581648826733869,1.4218445639458848,1.6638139808315255,0.24196941688564078,0.06532591163920945,0.06695606760935457,0.04935104593775435,0.050760637442221146
nav-robust,working_p3,2026-10-02 new working P3,180,1.79,1.8,y,2.378605636100723,2.472617187238825,0.09401155113810189,2.378605636100723,2.468224489459555,0.0896188533588318,0.023986843290707823,0.028684703358663466,0.01950069863079827,0.02277222054823058
nav-robust,working_p3,2026-10-02 new working P3,181,1.8,1.81,x,1.40611434304579,1.6637812115187547,0.2576668684729646,1.4061250980527171,1.6475565921799806,0.2414314941272635,0.06526912982724248,0.0669174439330893,0.04926485087755134,0.05069246355954715
nav-robust,working_p3,2026-10-02 new working P3,181,1.8,1.81,y,2.3738690055584493,2.4682527569164634,0.09438375135801413,2.3738690205869784,2.4638067727917012,0.08993775220472289,0.024130842379846237,0.028846532376353373,0.01957761333871334,0.02286233034224372
nav-robust,working_p3,2026-10-02 new working P3,182,1.81,1.82,x,1.390418925308356,1.6475217604186427,0.25710283511028664,1.3904299639766875,1.631297924931079,0.24086796095439156,0.06516715297772013,0.06684419340961201,0.04917399618042511,0.050619811605057574
nav-robust,working_p3,2026-10-02 new working P3,182,1.81,1.82,y,2.3690371727252915,2.463837232077489,0.0948000593521976,2.369037188320769,2.459313519436692,0.09027633111592337,0.02429741216535538,0.029021048803725247,0.019657408157383413,0.022952932470457377
nav-robust,working_p3,2026-10-02 new working P3,183,1.82,1.83,x,1.3747484183429075,1.6312606588494087,0.25651224050650123,1.3747597404976357,1.615037977900325,0.24027823740268928,0.0650596650380378,0.06676532081343334,0.04907809195080679,0.05054190789597168
nav-robust,working_p3,2026-10-02 new working P3,183,1.82,1.83,y,2.364109344212394,2.459346831367865,0.09523748715547065,2.3641093603746866,2.454745310288674,0.09063594991398727,0.02446831875300244,0.029198354598173548,0.019741539508967402,0.02304642143154334
nav-robust,working_p3,2026-10-02 new working P3,184,1.83,1.84,x,1.3591034081909783,1.6149982484143905,0.25589484022341225,1.3591150136469006,1.5987770934279915,0.2396620797810909,0.06494661184425449,0.06668076615637175,0.04897708788082323,0.050458693185222
nav-robust,working_p3,2026-10-02 new working P3,184,1.83,1.84,y,2.359085646567199,2.4547814584522953,0.09569581188509613,2.359085663296153,2.450102050778019,0.09101638748186591,0.024643513599630004,0.029378391217007138,0.01982996141455656,0.02314274114607562
nav-robust,working_p3,2026-10-02 new working P3,185,1.84,1.85,x,1.3434844802978827,1.5987348714949923,0.25525039119710957,1.3434963688596016,1.582515614624055,0.23901924576445355,0.06482794941777369,0.0665904695502717,0.048870933881159095,0.05037010831741928
nav-robust,working_p3,2026-10-02 new working P3,185,1.84,1.85,y,2.3539662099284855,2.450141018552408,0.09617480862392247,2.353966227223927,2.4453836478969704,0.09141742067304337,0.024822925349150413,0.02956051850035646,0.01992260510577415,0.02324125391662779
nav-robust,working_p3,2026-10-02 new working P3,186,1.85,1.86,x,1.3278922194908305,1.5824708712436706,0.2545786517528401,1.3279043909527524,1.566253885361152,0.2383494944083997,0.06470361950590892,0.06649437120982116,0.04875958022649174,0.05027609423163981
nav-robust,working_p3,2026-10-02 new working P3,186,1.85,1.86,y,2.3487511680236213,2.4454254184517024,0.09667425042808109,2.3487511858853565,2.440590010204554,0.09183882431919743,0.025006527551832285,0.029745244764692202,0.020019446705965577,0.023342470521217074
nav-robust,working_p3,2026-10-02 new working P3,187,1.86,1.87,x,1.3123272099570524,1.5662065915768981,0.2538793816198457,1.3123396641033886,1.549992250267513,0.23765258616412432,0.0645735800940272,0.06639241145537444,0.04864297746116222,0.050176591964218975
nav-robust,working_p3,2026-10-02 new working P3,187,1.86,1.87,y,2.3434406582163554,2.440634566500454,0.09719390828409846,2.3434406766441693,2.4357210478314397,0.0922803711872704,0.025194271311187608,0.029932510287525194,0.020120439921173718,0.02344633369793403
nav-robust,working_p3,2026-10-02 new working P3,188,1.87,1.88,x,1.2967900352219346,1.5499423771680945,0.2531523419461599,1.2968027718267003,1.5337310547198637,0.23692828289316337,0.06443777560636345,0.066284530715774,0.04852107639422264,0.050071542651543455
nav-robust,working_p3,2026-10-02 new working P3,188,1.87,1.88,y,2.3380348213530593,2.4357683726205934,0.09773355126753414,2.338034840346717,2.4307766724847846,0.09274183213806753,0.02538608302359183,0.030122255250428775,0.020225513704736624,0.023552786087891242
nav-robust,working_p3,2026-10-02 new working P3,189,1.88,1.89,x,1.2812812781271752,1.5336785734405378,0.25239729531336264,1.2812942969541916,1.5174706448363082,0.2361763478821166,0.06429615064293834,0.06617066953119122,0.0483938281067597,0.04996088753286232
nav-robust,working_p3,2026-10-02 new working P3,189,1.88,1.89,y,2.3325338019090687,2.4308267483105475,0.09829294640147879,2.332533821468315,2.425756797453028,0.09322297598471296,0.025581912114741635,0.030314419445994112,0.020334620106565476,0.023661769942107114
nav-robust,working_p3,2026-10-02 new working P3,190,1.89,1.9,x,1.265801520808937,1.5174155265602391,0.2516140057513021,1.2658148216118312,1.5012113674691743,0.23539654585734304,0.06414865632398298,0.06605076855594816,0.04826118395303132,0.049844567953081675
nav-robust,working_p3,2026-10-02 new working P3,190,1.89,1.9,y,2.326937747935991,2.4258096066500614,0.09887185871407045,2.32693776806055,2.420661337610678,0.09372356955012817,0.025781707250737522,0.0305089423777698,0.02044771038241997,0.02377322722137265
nav-robust,working_p3,2026-10-02 new working P3,191,1.9,1.91,x,1.2503513446760284,1.5011535834288,0.2508022387527715,1.2503649271982358,1.4849535701978414,0.23458864299960558,0.06399524420259559,0.06592476856136686,0.04812309570599175,0.04972252536558197
nav-robust,working_p3,2026-10-02 new working P3,191,1.9,1.91,y,2.321246811058301,2.4207168623049653,0.09947005124666441,2.3212468317478763,2.4154902094230373,0.094243377675161,0.025985440916203507,0.03070577097314464,0.02056475960925093,0.02388710730906185
nav-robust,working_p3,2026-10-02 new working P3,192,1.91,1.92,x,1.2349313303880876,1.484893091676233,0.2499617612881455,1.2349451943628529,1.4686976013215345,0.2337524069586816,0.06383586832319954,0.06579261043860019,0.04797951761572687,0.04959470133502375
nav-robust,working_p3,2026-10-02 new working P3,192,1.91,1.92,y,2.315461146469782,2.4155484314800586,0.10008728501027653,2.3154611677240573,2.4102433308990445,0.09478216317498722,0.02619304304573026,0.03090491331864431,0.02068570031656538,0.024003420746357307
nav-robust,working_p3,2026-10-02 new working P3,193,1.92,1.93,x,1.2195420578337925,1.4686343996537699,0.2490923418199773,1.2195562029841724,1.4524438098521015,0.2328876068679291,0.06367048256114596,0.06565423520149172,0.04783040374903533,0.04946103754017628
nav-robust,working_p3,2026-10-02 new working P3,193,1.92,1.93,y,2.309580912929861,2.410304232077106,0.10072331914724497,2.309580934748499,2.404920621749231,0.09533968700073192,0.02640446538585742,0.031106232112980692,0.02081048684833041,0.024122032685225836
nav-robust,working_p3,2026-10-02 new working P3,194,1.93,1.94,x,1.2041841061090748,1.4523778731618373,0.24819376705276253,1.2041985321479403,1.4361925622419633,0.23199403009402308,0.06349904450419967,0.06550961640987274,0.04767571187089322,0.049321508197187613
nav-robust,working_p3,2026-10-02 new working P3,194,1.93,1.94,y,2.303606272811484,2.404984230362924,0.10137795755144019,2.3036062951941276,2.399522050053767,0.09591575485963943,0.026619669137882072,0.03130966586167361,0.020939083005704014,0.024242884082968708
nav-robust,working_p3,2026-10-02 new working P3,195,1.94,1.95,x,1.188858053495361,1.4361238577975537,0.2472658043021927,1.1888727601254008,1.4199442047315802,0.23107144460617945,0.06332151015863455,0.06535868734714523,0.047515398150528215,0.04917604723713964
nav-robust,working_p3,2026-10-02 new working P3,195,1.94,1.95,y,2.297538737353193,2.3995883314070827,0.10204959405388969,2.297538760299464,2.3940475227001197,0.09650876240065553,0.02683844101304695,0.03151445069151215,0.0210712781021442,0.024365213516610584
nav-robust,working_p3,2026-10-02 new working P3,196,1.95,1.96,x,1.173564463283164,1.4198726940943815,0.24630823081121744,1.173579450196887,1.4036990784890788,0.2301196282921918,0.06313783116104688,0.06520137021471051,0.047349414373212856,0.049024577500448085
nav-robust,working_p3,2026-10-02 new working P3,196,1.95,1.96,y,2.291377133812275,2.3941164279637355,0.10273929415146066,2.291377157321775,2.388496934264845,0.09711977694307006,0.02706076436450381,0.03172120347482155,0.02120705809529456,0.02448964030709222
nav-robust,working_p3,2026-10-02 new working P3,197,1.96,1.97,x,1.158303914279516,1.4036247332325533,0.24532081895303737,1.1583191811592557,1.3874575353206484,0.22913835416139272,0.06294795994556976,0.06503760657919844,0.04717771310745869,0.048867041184064375
nav-robust,working_p3,2026-10-02 new working P3,197,1.96,1.97,y,2.2851216445633407,2.388568444343675,0.10344679978033433,2.2851216686356515,2.3828702108856,0.09774854224994867,0.027286673175544625,0.03192986173735424,0.021346459575136,0.024616104427092278
nav-robust,working_p3,2026-10-02 new working P3,198,1.97,1.98,x,1.1430769917527879,1.3873803270771556,0.24430333532436777,1.1430925382707058,1.3712199277085992,0.22812738943789346,0.06275184410552333,0.06486733814427326,0.047000242066646936,0.048703380613255076
nav-robust,working_p3,2026-10-02 new working P3,198,1.97,1.98,y,2.2787724723488005,2.3829443064763685,0.10417183412756792,2.2787724969834824,2.3771672803231367,0.09839478333965435,0.027516000729398405,0.03214036274155152,0.021489318433705,0.02474454558421435
nav-robust,working_p3,2026-10-02 new working P3,199,1.98,1.99,x,1.1278842654977144,1.3711398281707758,0.24325556267306148,1.1279000913158046,1.3549866088039806,0.227086517488176,0.06254943729151681,0.0646905067535073,0.046816955007111485,0.04853353824444562
nav-robust,working_p3,2026-10-02 new working P3,199,1.98,1.99,y,2.2723297974711416,2.377243941914486,0.10491414444334435,2.2723298226677353,2.371388071965789,0.09905824929805362,0.027748753572302932,0.03235264348943678,0.021635643828086658,0.024874903223809586
nav-robust,working_p3,2026-10-02 new working P3,200,1.99,2.0,x,1.1127263119711208,1.3549035897261135,0.24217727775499265,1.1127424167412154,1.3387579324191667,0.2260155156779513,0.06234069348990976,0.06450705439323667,0.04662780600658122,0.04835745666805247
nav-robust,working_p3,2026-10-02 new working P3,200,1.99,2.0,y,2.265793803765568,2.3714672798383734,0.10567347607280553,2.2657938295235933,2.3655325168339063,0.09973868731031299,0.02798489262033689,0.03256664072551363,0.02178539928716724,0.025007116531799323
nav-robust,working_p3,2026-10-02 new working P3,201,2.0,2.01,x,1.0976043016089168,1.3386985005940584,0.24109419898514162,1.0976396829275104,1.3225607879959067,0.22492110506839635,0.0621473973994892,0.06434339352583307,0.046431742799972406,0.048174941957584094
nav-robust,working_p3,2026-10-02 new working P3,201,2.0,2.01,y,2.2591566694669916,2.365614625098766,0.1064579556317744,2.259156785978046,2.359590895929234,0.10043410995118807,0.028233312424366375,0.03278968788768566,0.021938446791274248,0.02514092679472002
nav-robust,working_p3,2026-10-02 new working P3,202,2.01,2.02,x,1.0825751232800385,1.322499517792188,0.23992439451214964,1.082610884833329,1.3064233829407117,0.2238124981073828,0.06187980393275194,0.06409532669061657,0.04623029868910096,0.04798815306716375
nav-robust,working_p3,2026-10-02 new working P3,202,2.01,2.02,y,2.2524126746369952,2.359673486396549,0.10726081175955393,2.252412792038098,2.3535513012397935,0.10113850920169565,0.02848930269829605,0.03301749912246432,0.022090846096813176,0.025272775773306666
nav-robust,working_p3,2026-10-02 new working P3,203,2.02,2.03,x,1.0676188534181705,1.3063616009611536,0.23874274754298308,1.0676549918912632,1.2903476426880025,0.22269265079673928,0.061609533588251254,0.06384504234212218,0.046026863870787124,0.04779974780961682
nav-robust,working_p3,2026-10-02 new working P3,203,2.02,2.03,y,2.245561059186935,2.3536359540956244,0.1080748949086896,2.245561177468067,2.347415868392402,0.10185469092433497,0.028747065704586135,0.03324617795554907,0.022245653591327644,0.025406184615279326
nav-robust,working_p3,2026-10-02 new working P3,204,2.03,2.04,x,1.0527362565482976,1.290285330101643,0.23754907355334542,1.0527727686081345,1.2743341426059172,0.22156137399778264,0.06133655339592504,0.06359251206499383,0.04582139971822879,0.04760969314770591
nav-robust,working_p3,2026-10-02 new working P3,204,2.03,2.04,y,2.2386025517985386,2.347502560817176,0.10890000901863717,2.2386026709496405,2.3411851335837386,0.10258246263409809,0.02900662841387909,0.03347568109003429,0.02240290067330708,0.025541113832498574
nav-robust,working_p3,2026-10-02 new working P3,205,2.04,2.05,x,1.037928090305003,1.274271280734259,0.2363431904292561,1.0379649726006306,1.2583834535612177,0.22041848096058714,0.06106083035035874,0.06333770779321601,0.04561386754040241,0.0474179563721
nav-robust,working_p3,2026-10-02 new working P3,205,2.04,2.05,y,2.231537886567621,2.3412738424817188,0.1097359559140978,2.231538006578592,2.334859636272677,0.1033216296940851,0.02926797496682248,0.033705964960372814,0.02256257586228573,0.025677523617222864
nav-robust,working_p3,2026-10-02 new working P3,206,2.05,2.06,x,1.023195105395323,1.2583200238796717,0.2351249184843487,1.0232323545581603,1.242496141899731,0.2192637873415706,0.06078233173008194,0.06308060181244879,0.045404228901769886,0.047224505103997005
nav-robust,working_p3,2026-10-02 new working P3,206,2.05,2.06,y,2.2243678028906335,2.334950338275123,0.11058253538448959,2.2243679237513327,2.328439919146177,0.10407199539484413,0.029531009687527678,0.03393698573834403,0.02272458781212043,0.025815373847933643
nav-robust,working_p3,2026-10-02 new working P3,207,2.06,2.07,x,1.0085380455621575,1.2424321260390445,0.23389408047688698,1.0085756582062664,1.226672769427064,0.21809711122079767,0.060501025560239036,0.06282116676233018,0.045192446085359154,0.04702930729771526
nav-robust,working_p3,2026-10-02 new working P3,207,2.06,2.07,y,2.217093045400941,2.328532590614554,0.11143954521361321,2.2170931671011886,2.3219265280851107,0.10483336098392204,0.029795736737461487,0.03416869933901845,0.022888944964706573,0.025954624095170686
nav-robust,working_p3,2026-10-02 new working P3,208,2.07,2.08,x,0.9939576475482546,1.226608149174725,0.23265050162647039,0.9939956202706087,1.2109138933895833,0.2169182731189746,0.06021688070222326,0.06255937563872793,0.04497848218281076,0.046832331243232383
nav-robust,working_p3,2026-10-02 new working P3,208,2.07,2.08,y,2.209714363904832,2.3220211451142907,0.1123067812094587,2.20971448643441,2.315320012129958,0.10560552569554815,0.03006205975370916,0.03440106142675603,0.023055555188067255,0.02609523362740207
nav-robust,working_p3,2026-10-02 new working P3,209,2.08,2.09,x,0.9794546410607602,1.2108486506912075,0.23139400963044732,0.9794929704415161,1.195220066455668,0.21572709601415196,0.0599298664851638,0.06229520179596015,0.044762300726277376,0.04663354556869703
nav-robust,working_p3,2026-10-02 new working P3,209,2.08,2.09,y,2.202232513317302,2.315416550551459,0.11318403723415704,2.202232636665954,2.308620923446429,0.10638828678047485,0.030329982052837556,0.034634027421200475,0.023224425980046755,0.026237161416889254
nav-robust,working_p3,2026-10-02 new working P3,210,2.09,2.1,x,0.9650297487363454,1.195154183416372,0.23012443468002652,0.9650684313391139,1.1795918366972387,0.21452340535812475,0.05963995178011485,0.06202861894898071,0.04454386476302725,0.04643291924290516
nav-robust,working_p3,2026-10-02 new working P3,210,2.09,2.1,y,2.1946482535975864,2.3087193606944503,0.11407110709686386,2.19464837775502,2.301829819153762,0.10718144139874175,0.0305994323355786,0.03486755495216798,0.023395490172828114,0.026380368594459025
nav-robust,working_p3,2026-10-02 new working P3,211,2.1,2.11,x,0.9506836861068999,1.179525295582992,0.2288416094760921,0.9507227184790188,1.1640297475715575,0.21330702909253874,0.059347107441094796,0.06175960117552037,0.044323139296898045,0.04623042157773005
nav-robust,working_p3,2026-10-02 new working P3,211,2.1,2.11,y,2.1869623487352943,2.301930129562729,0.11496778082743475,2.186962473691181,2.294947256584423,0.10798478289324231,0.030870388918442463,0.035101598840884485,0.02356873016438211,0.026524813430615968
nav-robust,working_p3,2026-10-02 new working P3,212,2.11,2.12,x,0.9364171615658022,1.1639625343970363,0.2275453728312341,0.9364565402386086,1.1485343414898215,0.2120778012512129,0.05905130518552758,0.061488129917566026,0.04410009016915477,0.04602602922989529
nav-robust,working_p3,2026-10-02 new working P3,212,2.11,2.12,y,2.179175567750287,2.295049421893014,0.11587385414272688,2.1791756934942623,2.2879738037501776,0.10879811025591524,0.031142780036977964,0.035336111527129344,0.02374407822156922,0.02667045176257421
nav-robust,working_p3,2026-10-02 new working P3,213,2.12,2.13,x,0.9222308763347682,1.1484664384794276,0.22623556214465945,0.9222705978238722,1.1331061522592139,0.21083555443534163,0.05875251953523335,0.061214179285152825,0.04387468599989674,0.04581971150505848
nav-robust,working_p3,2026-10-02 new working P3,213,2.12,2.13,y,2.1712886871098642,2.288077797362127,0.11678911025226268,2.1712888136315294,2.2809100235648287,0.10962120993329938,0.031416591657306425,0.035571047510829956,0.02392152429151684,0.02681724143573927
nav-robust,working_p3,2026-10-02 new working P3,214,2.13,2.14,x,0.9081255244312724,1.133037539462307,0.22491201503103453,0.9081655852368317,1.117745706679461,0.20958012144262927,0.058450724315029665,0.06093771918379298,0.04364689468707733,0.04561143348553243
nav-robust,working_p3,2026-10-02 new working P3,214,2.13,2.14,y,2.1633024863016743,2.2810158140298813,0.11771332772820697,2.1633026135905973,2.2737564772870043,0.11045386369640697,0.031691778277708416,0.035806390789190345,0.02410102680305286,0.026965169740727823
nav-robust,working_p3,2026-10-02 new working P3,215,2.14,2.15,x,0.8941017926365533,1.1176763670172658,0.2235745743807125,0.8941421892435476,1.1024535295713591,0.2083113403278115,0.05814589027840629,0.06065872516043669,0.04341668103259711,0.04540116587653964
nav-robust,working_p3,2026-10-02 new working P3,215,2.14,2.15,y,2.1550131326159367,2.2738640389287363,0.1188509063127996,2.155013259856362,2.2665137351097036,0.1115004752533415,0.031975187722603715,0.03604208955393684,0.024289437460537043,0.027114188110509474
nav-robust,working_p3,2026-10-02 new working P3,216,2.15,2.16,x,0.8801603603582193,1.1023834461324153,0.22222308577419603,0.8802010892367259,1.0872301410541376,0.2070290518174117,0.0578379916018845,0.060377173134906315,0.04318401323708352,0.04518887973794139
nav-robust,working_p3,2026-10-02 new working P3,216,2.15,2.16,y,2.1465997419914755,2.2666230420113185,0.12002330001984296,2.1465998699215154,2.2591823701077227,0.1125825001862073,0.03230489417376289,0.03627807433204788,0.02452483427492597,0.027264230261030864
nav-robust,working_p3,2026-10-02 new working P3,217,2.16,2.17,x,0.8663018997964721,1.0871592972877693,0.22085739749129718,0.8663429574019421,1.072076056721136,0.20573309931919392,0.05752699958027586,0.0600930397862669,0.04294885659556971,0.04497454687090152
nav-robust,working_p3,2026-10-02 new working P3,217,2.16,2.17,y,2.138092150537424,2.259293396214688,0.12120124567726398,2.138092279146955,2.2517629583018186,0.1136706791548634,0.0326492540890043,0.036514298807315715,0.0247755774823281,0.027416992643588767
nav-robust,working_p3,2026-10-02 new working P3,218,2.17,2.18,x,0.8525270759572023,1.0720044360715217,0.2194773601143194,0.8525684587307369,1.056991787256378,0.20442332852564116,0.05721288967428404,0.05980630182038982,0.04271118054551828,0.044758139085745885
nav-robust,working_p3,2026-10-02 new working P3,218,2.17,2.18,y,2.129272667935886,2.251875677243747,0.12260300930786094,2.1292727958872786,2.2442560784420222,0.11498328255474366,0.03304063687019889,0.036750716473350487,0.025074040211869396,0.0275840657492048
nav-robust,working_p3,2026-10-02 new working P3,219,2.18,2.19,x,0.8388365463682942,1.0569193731142468,0.21808282674595258,0.8388782507369221,1.0419778383690665,0.20309958763214442,0.05689563539358671,0.059516935872772736,0.042470952550325035,0.04453962810507761
nav-robust,working_p3,2026-10-02 new working P3,219,2.18,2.19,y,2.1203596927527673,2.2443704634994397,0.12401077074667244,2.1203598213090764,2.2366623119357447,0.11630249062666831,0.03347198455815484,0.03698728063968293,0.025413168180441925,0.02775234657084491
nav-robust,working_p3,2026-10-02 new working P3,220,2.19,2.2,x,0.8252309611701278,1.0419046145045154,0.2166736533343876,0.8252729835470829,1.0270347112094973,0.2017617276624144,0.05657521314541429,0.05922491937360497,0.04222814294832118,0.044318986429139784
nav-robust,working_p3,2026-10-02 new working P3,220,2.19,2.2,y,2.111357674298243,2.236778336263911,0.12542066196566815,2.1113578034497156,2.2289822430328443,0.11762443958312874,0.03391886789494016,0.03722394443791499,0.025768535754895367,0.028093545375060813
nav-robust,working_p3,2026-10-02 new working P3,221,2.2,2.21,x,0.811710982132208,1.0269700935350654,0.21525911140285736,0.8117613839353481,1.012172334115525,0.20041095018017696,0.05626018268537413,0.05893914675597978,0.04198246554321788,0.04409515309653833
nav-robust,working_p3,2026-10-02 new working P3,221,2.2,2.21,y,2.102058902039555,2.2290992430764636,0.12704034103690853,2.1020590861541986,2.2212054953407523,0.11914640918655373,0.03441596710454881,0.03746536567209846,0.02616737541672693,0.02871949692637532
nav-robust,working_p3,2026-10-02 new working P3,222,2.21,2.22,x,0.7983012426571711,1.0121059631678202,0.21380472051064914,0.798352017485073,0.9974007995138958,0.1990487820288228,0.05591544068706064,0.058623514638184715,0.041734106115723694,0.043867077640688756
nav-robust,working_p3,2026-10-02 new working P3,222,2.21,2.22,y,2.0926609351449095,2.2213217331977138,0.12866079805280428,2.0926611199396046,2.2133209958697972,0.12065987593019267,0.03495444845535644,0.0378946266425233,0.02660130731701031,0.02933855732484636
nav-robust,working_p3,2026-10-02 new working P3,223,2.22,2.23,x,0.7849943732090164,0.9973335682815475,0.21233919507253107,0.7850455152308264,0.9827217640961206,0.1976762488652941,0.05556783822586816,0.05830801909384553,0.04148364809971028,0.043636540345787456
nav-robust,working_p3,2026-10-02 new working P3,223,2.22,2.23,y,2.083171430932618,2.213436744892242,0.1302653139596237,2.0831716163888823,2.2059772971647806,0.12280568077589837,0.03549528544473293,0.03858353498636369,0.02703864958377272,0.029950601989524372
nav-robust,working_p3,2026-10-02 new working P3,224,2.23,2.24,x,0.7717910959918786,0.9826536633228002,0.21086256733092168,0.7718425993599222,0.9681359721962238,0.19629337283630166,0.05521738471870549,0.05798933857338673,0.04123109004066006,0.04340353290102339
nav-robust,working_p3,2026-10-02 new working P3,224,2.23,2.24,y,2.0734692355361286,2.20631107345189,0.1328418379157612,2.073469420616982,2.198961538417396,0.12549211780041425,0.036066047436275145,0.03926406122270176,0.027506976778388648,0.030555594553260512
nav-robust,working_p3,2026-10-02 new working P3,225,2.24,2.25,x,0.7586921213402643,0.968066992884599,0.20937487154433465,0.7587439801906395,0.9536441582600138,0.19490017806937432,0.05486409244528494,0.05766747532035432,0.04097643331182968,0.04316804754673953
nav-robust,working_p3,2026-10-02 new working P3,225,2.24,2.25,y,2.063603816634042,2.1992924761775745,0.1356886595435327,2.0636040022764024,2.1918289495413528,0.12822494726495037,0.03667599398718122,0.03993616342119699,0.028015553546662453,0.031153526254271924
nav-robust,working_p3,2026-10-02 new working P3,226,2.25,2.26,x,0.7456981476877851,0.9535742919686507,0.20787614428086565,0.7457503561409563,0.939247047108246,0.19349669096728972,0.05450797941004178,0.05734243256777438,0.04071968497723616,0.04293007766729895
nav-robust,working_p3,2026-10-02 new working P3,226,2.25,2.26,y,2.0536530897057386,2.19215702476679,0.1385039350610513,2.0536532758916537,2.1845805076126203,0.13092723172096665,0.037290182516366614,0.04059980678383068,0.028529442286742607,0.03174434858870834
nav-robust,working_p3,2026-10-02 new working P3,227,2.26,2.27,x,0.7328098536993903,0.939176284944345,0.20636643124495468,0.7328624058607826,0.9249453528965705,0.192082947035788,0.054149068785418655,0.05701421278993346,0.040460857236009014,0.0426896157756077
nav-robust,working_p3,2026-10-02 new working P3,227,2.26,2.27,y,2.0436181870663748,2.1849056949506465,0.1412875078842717,2.0436183737778864,2.17721719478805,0.13359882101016352,0.03791610333980515,0.041254980147414244,0.029056138184273692,0.03232800788057322
nav-robust,working_p3,2026-10-02 new working P3,228,2.27,2.28,x,0.7200279197713171,0.9248736865638658,0.20484576679254873,0.7200808097319098,0.9107397801315936,0.19065897039968382,0.05378736070483284,0.05668281970160127,0.0401999392164262,0.042446655607979555
nav-robust,working_p3,2026-10-02 new working P3,228,2.27,2.28,y,2.0334195365777896,2.177539468625945,0.14411993204815543,2.033419723796935,2.1697399992822737,0.13632027548533854,0.038576006824654244,0.041901632628056795,0.0296178963663405,0.03290447030093491
nav-robust,working_p3,2026-10-02 new working P3,229,2.28,2.29,x,0.7073530094806258,0.9106672015759529,0.20331419209532708,0.7074062313175482,0.8966310232855915,0.18922479196804332,0.05342289544473321,0.056348257550200564,0.039936960159040635,0.04220119141438272
nav-robust,working_p3,2026-10-02 new working P3,229,2.28,2.29,y,2.0230323670913903,2.170059335613677,0.1470269685222867,2.023032554800205,2.162149917125887,0.13911736232568206,0.03925310728321037,0.04253972890952573,0.030197935795254358,0.03347370292998919
nav-robust,working_p3,2026-10-02 new working P3,230,2.29,2.3,x,0.6947857736792957,0.8965575246957914,0.2017717510164957,0.6948393214564206,0.8826197667673518,0.1877804453109312,0.05305566898057372,0.05601053111558307,0.03967190497372385,0.04195321795905238
nav-robust,working_p3,2026-10-02 new working P3,230,2.29,2.3,y,2.01256725421373,2.1624662923078124,0.14989903809408256,2.0125674423942477,2.154447950813925,0.14188050841967748,0.03992303022790827,0.04316923795505545,0.030771886523392526,0.034035674194233145
nav-robust,working_p3,2026-10-02 new working P3,231,2.3,2.31,x,0.6823268509802739,0.8825453405758172,0.20021848959554334,0.6823807187488128,0.8687066848939325,0.18632596614511976,0.052685713535579645,0.05567836167539075,0.039404794789503476,0.04170273052101847
nav-robust,working_p3,2026-10-02 new working P3,231,2.3,2.31,y,2.0020253324653026,2.1547613415683244,0.15273600910302187,2.002025521099559,2.14663510919859,0.14460958809903124,0.04058487046108022,0.043817833670898754,0.03133884778280862,0.034590354357857844
nav-robust,working_p3,2026-10-02 new working P3,232,2.31,2.32,x,0.6699768678313872,0.8686313237774367,0.19865445594604947,0.6700310496304854,0.854892441863336,0.18486139223285059,0.05231303291276099,0.05535967840318823,0.03913562228764765,0.04145285050804459
nav-robust,working_p3,2026-10-02 new working P3,232,2.31,2.32,y,1.9914077381419852,2.146945492613879,0.15553775447189389,1.9914079272120175,2.138712407381649,0.14730448016963127,0.04123859531816556,0.04446030829859238,0.03189879122830268,0.03513771155554091
nav-robust,working_p3,2026-10-02 new working P3,233,2.32,2.33,x,0.6577364385946977,0.8548161711360862,0.19707973254138855,0.6577909284520289,0.8411777241205228,0.18338679566849392,0.051937663600301116,0.05503803700281096,0.03886441280812608,0.041204834636372034
nav-robust,working_p3,2026-10-02 new working P3,233,2.32,2.33,y,1.980715609464008,2.1390197609141985,0.1583041514501906,1.9807157989518571,2.1306808666065193,0.14996506765466222,0.04188417236878769,0.04509429502537765,0.03245168863836973,0.035677716407548576
nav-robust,working_p3,2026-10-02 new working P3,234,2.33,2.34,x,0.645606165524937,0.8411005104853878,0.19549434496045082,0.645660957457298,0.8275631490825227,0.1819021916252247,0.05155961523787683,0.05471344325170735,0.038591164817002095,0.04095436865975477
nav-robust,working_p3,2026-10-02 new working P3,234,2.33,2.34,y,1.9699500882940322,2.1309851680820966,0.16103507978806442,1.9699502781817448,2.122541514150039,0.15259123596829416,0.042521600619331384,0.04571976116333598,0.032997543117657964,0.0362103406445029
nav-robust,working_p3,2026-10-02 new working P3,235,2.34,2.35,x,0.6335866387491518,0.8274849814603863,0.19389834271123452,0.6336417267630572,0.8140493459426273,0.18040761917957016,0.05117890179251152,0.0543859034053199,0.03831588108335851,0.04070144943209353
nav-robust,working_p3,2026-10-02 new working P3,235,2.34,2.35,y,1.9591123173968092,2.122842741765228,0.16373042436841856,1.959112507666439,2.114295383213954,0.1551828755475151,0.043150819524215775,0.046336674955624435,0.03353629810813475,0.03673555680931839
nav-robust,working_p3,2026-10-02 new working P3,236,2.35,2.36,x,0.6216781459166983,0.8139702184190442,0.1922920725023458,0.6217335240089749,0.8006369385928417,0.17890341458386683,0.05079555861213997,0.0540554241967941,0.03803858573393518,0.04044607430871394
nav-robust,working_p3,2026-10-02 new working P3,236,2.35,2.36,y,1.9482034413495548,2.1145935155375333,0.16639007418797847,1.9482036319831644,2.10594351281612,0.15773988083295576,0.04377183004513721,0.046945005675748996,0.034067958448230524,0.03725333835635625
nav-robust,working_p3,2026-10-02 new working P3,237,2.36,2.37,x,0.6098815492827885,0.8005568450799606,0.19067529579717213,0.6099372114411693,0.787326540262559,0.1773893288213897,0.050409587993331686,0.05372201283661804,0.03775926982192512,0.040188499557880175
nav-robust,working_p3,2026-10-02 new working P3,237,2.36,2.37,y,1.937224606435981,2.1062385287903926,0.1690139223544116,1.9372247974156427,2.097486947681418,0.1602621502657755,0.044384573668965546,0.04754472362763296,0.03459246939064751,0.037763659651387727
nav-robust,working_p3,2026-10-02 new working P3,238,2.37,2.38,x,0.598197402410208,0.78724547492009,0.18904807250988198,0.5982533426139266,0.7741187539172362,0.17586541130330957,0.050021017665690885,0.053385677012192545,0.03747794981244724,0.03992845937286271
nav-robust,working_p3,2026-10-02 new working P3,238,2.37,2.38,y,1.9261769605404395,2.09777882662352,0.1716018660830807,1.9261771518482373,2.088926738132422,0.1627495862841848,0.044989023053244905,0.04813580014561114,0.03510980724778259,0.03826649597149134
nav-robust,working_p3,2026-10-02 new working P3,239,2.38,2.39,x,0.586626246664575,0.7740367111528853,0.18741046448831034,0.5866824588849586,0.761014172237494,0.1743317133525354,0.049629839250212714,0.05304642488732103,0.037194606041975206,0.03966600906535811
nav-robust,working_p3,2026-10-02 new working P3,239,2.38,2.39,y,1.9150616530421665,2.089215459735587,0.17415380669342073,1.9150618446601984,2.0802639399798095,0.16520209531961116,0.04558518482998746,0.048718207594297125,0.03561998219545516,0.038761823504837256
nav-robust,working_p3,2026-10-02 new working P3,240,2.39,2.4,x,0.5751686112000631,0.7609311467073621,0.18576253550729893,0.5752250894011263,0.7480133775991379,0.17278828819801162,0.04923609397444352,0.05270426510164372,0.036909268434570375,0.03940111858051032
nav-robust,working_p3,2026-10-02 new working P3,240,2.39,2.4,y,1.903879834759714,2.0805494843145853,0.1766696495548714,1.9038800266700922,2.0714996144125175,0.16761958774242536,0.046173094967555395,0.04929191936837207,0.036123033634730496,0.03924961935041038
nav-robust,working_p3,2026-10-02 new working P3,241,2.4,2.41,x,0.5638248269135032,0.7479354195979735,0.18411059268447028,0.5638860238413159,0.7351229974439898,0.17123697360267387,0.048845190046627296,0.05236458447676273,0.03662220697594418,0.03913391185359749
nav-robust,working_p3,2026-10-02 new working P3,241,2.4,2.41,y,1.8926330870106425,2.071782069157284,0.17914898214664166,1.8926333080350102,2.062633528584159,0.17000022054914887,0.04675315651958832,0.04985681773434325,0.03661939154429828,0.039730440663018785
nav-robust,working_p3,2026-10-02 new working P3,242,2.41,2.42,x,0.5526093161947554,0.7350440401493059,0.18243472395455052,0.5526707367626953,0.7223494753939567,0.16967873863126137,0.04843591191417806,0.05200661908897597,0.03633270971460592,0.03886837079177985
nav-robust,working_p3,2026-10-02 new working P3,242,2.41,2.42,y,1.8813268429039383,2.062911839910303,0.18158499700636455,1.881327064007248,2.0536645272512346,0.1723374632439867,0.04732226656114236,0.05041062537233221,0.037106223709531705,0.0402022594512077
nav-robust,working_p3,2026-10-02 new working P3,243,2.42,2.43,x,0.5415173440161365,0.7222699653439956,0.18075262132785908,0.5415789809500446,0.7096938362562686,0.16811485530622394,0.04802486402127771,0.0516463364613271,0.03604196042241737,0.03862166247400012
nav-robust,working_p3,2026-10-02 new working P3,243,2.42,2.43,y,1.869961797479635,2.05393881404566,0.18397701656602483,1.8699620186392325,2.044594039213679,0.1746320205744465,0.047881340486303436,0.05095411479200451,0.03758435746635187,0.04066511784005011
nav-robust,working_p3,2026-10-02 new working P3,244,2.43,2.44,x,0.5305493181909481,0.7096137801227166,0.1790644619317685,0.530611164218534,0.6971566508729116,0.16654548665437752,0.04761208671975913,0.05128377397392092,0.03574998518007043,0.038373379930616736
nav-robust,working_p3,2026-10-02 new working P3,244,2.43,2.44,y,1.8585392659986752,2.0448642847096425,0.1863250187109673,1.858539487191957,2.035423362243785,0.176883875051828,0.048430431412460236,0.051487275668163024,0.038053848353776745,0.04111900795301482
nav-robust,working_p3,2026-10-02 new working P3,245,2.44,2.45,x,0.5197056298794578,0.6970760556393509,0.17737042575989315,0.5197676777310714,0.6847384762881721,0.16497079855710073,0.04719763102996456,0.050918970827655285,0.03545682073224762,0.03812354792245165
nav-robust,working_p3,2026-10-02 new working P3,245,2.44,2.45,y,1.8470605633404815,2.0356895508432427,0.18862898750276114,1.8470607845448967,2.0261537997541814,0.17909301520928467,0.04896940606002617,0.05201012612623446,0.03851456536574968,0.041563950210748546
nav-robust,working_p3,2026-10-02 new working P3,246,2.45,2.46,x,0.508986592975061,0.6846573492906639,0.17567075631560292,0.5090488353844621,0.6724398557797966,0.16339102039533449,0.04678151199290365,0.05055196451035471,0.03516246784128773,0.03787218947183435
nav-robust,working_p3,2026-10-02 new working P3,246,2.45,2.46,y,1.8355270038668534,2.0264159157291397,0.1908889118622863,1.8355272250599057,2.016786659344741,0.18125943428483549,0.049498264273094346,0.052522684519877405,0.03896651047193377,0.041999965108833415
nav-robust,working_p3,2026-10-02 new working P3,247,2.46,2.47,x,0.49839263601239536,0.6723582033644011,0.17396556735200575,0.49845506571752235,0.6602613175085704,0.16180625179104807,0.046363798479159106,0.05018279194031483,0.03486698109759653,0.037619327007759495
nav-robust,working_p3,2026-10-02 new working P3,247,2.46,2.47,y,1.8239399013029112,2.0170446872102854,0.19310478590737423,1.8239401224621612,2.007323253021105,0.18338313055894373,0.05001697426550618,0.05302489045998415,0.03940965386393619,0.04242699424696039
nav-robust,working_p3,2026-10-02 new working P3,248,2.47,2.48,x,0.4879241085822264,0.6601791467746373,0.1722550381924109,0.48798671832596174,0.6482033762551461,0.16021665792918438,0.045944540987716956,0.04981149145246255,0.034570396719979496,0.03736498435366087
nav-robust,working_p3,2026-10-02 new working P3,248,2.47,2.48,y,1.8123005683119728,2.0075771782985647,0.1952766099865919,1.8123007894150402,1.9977648978033002,0.18546410838826,0.05052552968002332,0.05351673895455544,0.03984399101465057,0.04284503446898724
nav-robust,working_p3,2026-10-02 new working P3,249,2.48,2.49,x,0.47758134574494165,0.6481207111077024,0.17053936536276076,0.47764412827587654,0.6362665494674475,0.158622421191571,0.04552375260784146,0.049438101609187046,0.03427271351901599,0.037109185539855316
nav-robust,working_p3,2026-10-02 new working P3,249,2.48,2.49,y,1.8006103017039687,1.998014721070524,0.19740441936655517,1.8006105227285338,1.988112929621445,0.1875024068929112,0.05102393046034554,0.05399822633389406,0.04026952355046005,0.04325408378833373
nav-robust,working_p3,2026-10-02 new working P3,250,2.49,2.5,x,0.467364667709749,0.6361826970818494,0.1688180293721004,0.467427615782945,0.6244506237218127,0.1570230079388677,0.04510144917409012,0.04906266119581637,0.03397393305357076,0.03685195480062908
nav-robust,working_p3,2026-10-02 new working P3,250,2.49,2.5,y,1.7888704210131314,1.9883586463146379,0.19948822530150645,1.788870641936938,1.978368682962996,0.18949804102605805,0.051512171258192435,0.05446935024561328,0.04068624765851886,0.04365414138320567
nav-robust,working_p3,2026-10-02 new working P3,251,2.5,2.51,x,0.4572743802519219,0.6243662676395529,0.16709188738763103,0.4573374866296711,0.6127567478167649,0.15541926118709382,0.04467773838538251,0.04868520921606001,0.03367414875135602,0.0365933165712925
nav-robust,working_p3,2026-10-02 new working P3,251,2.5,2.51,y,1.7770822434224454,1.9786102566709431,0.20152801324849778,1.7770824642233023,1.9685334640123984,0.19145099978909608,0.05199024243831686,0.05493011025505168,0.041094155091981506,0.04404520819724267
nav-robust,working_p3,2026-10-02 new working P3,252,2.51,2.52,x,0.44731077553007054,0.6126718955309833,0.1653611200009128,0.447374032982653,0.6011853803579573,0.15381134737530433,0.04425266238062699,0.04830578488742665,0.03337338848604772,0.03633329548520481
nav-robust,working_p3,2026-10-02 new working P3,252,2.51,2.52,y,1.765247077506193,1.9687708825403962,0.2035238050342032,1.7652472981619765,1.958608606560461,0.19336130839848464,0.05245814353988691,0.05538050741695533,0.041493246631614536,0.044427286511447894
nav-robust,working_p3,2026-10-02 new working P3,253,2.52,2.53,x,0.4374741306401358,0.6011000394641531,0.16362590882401734,0.43753753194657485,0.5897369659097865,0.15219943396321167,0.04382619899883957,0.047924427636611866,0.033071615838891164,0.036071916370769785
nav-robust,working_p3,2026-10-02 new working P3,253,2.52,2.53,y,1.7533662304235498,1.9588418582844973,0.20547562786094753,1.7533664509122053,1.9485954482040215,0.1952289972918162,0.05291587553365966,0.055820541881986374,0.04188352434321478,0.04480037755096067
nav-robust,working_p3,2026-10-02 new working P3,254,2.53,2.54,x,0.427764708184243,0.5896511441094185,0.16188643592517554,0.4278282461330584,0.5784119350013583,0.15058368886829993,0.0433984338001995,0.04754117709486044,0.03276890212123896,0.03580920424840306
nav-robust,working_p3,2026-10-02 new working P3,254,2.53,2.54,y,1.741441007791303,1.9488245220702938,0.20738351427899082,1.7414412280908476,1.9384953301910044,0.19705410210015684,0.053363442360601844,0.056250216612511394,0.042264993116490075,0.04518829454918771
nav-robust,working_p3,2026-10-02 new working P3,255,2.54,2.55,x,0.4181827564415834,0.5783256400820361,0.1601428836404527,0.4182464238315415,0.5672107041105058,0.1489642802789643,0.04296940847572442,0.047156087398196156,0.032465274785705205,0.035545198632365715
nav-robust,working_p3,2026-10-02 new working P3,255,2.54,2.55,y,1.729472700241038,1.9387202157153853,0.2092475154743474,1.729472920329562,1.9283095972654987,0.19883667693593665,0.053800848962595654,0.05666953576193623,0.04263765869603888,0.04557559767013819
nav-robust,working_p3,2026-10-02 new working P3,256,2.55,2.56,x,0.40872850924200327,0.5671239439651637,0.15839543472316048,0.40879229888286506,0.5561336756882482,0.14734137680538317,0.04253913409696925,0.046769264138587174,0.032160730677339495,0.03527999048352998
nav-robust,working_p3,2026-10-02 new working P3,256,2.55,2.56,y,1.7174626226749572,1.9285302845329377,0.21106766185798054,1.7174628425306269,1.9180395975128601,0.20057675498223326,0.054228101307973474,0.05707850476839482,0.0430015277071743,0.045953998159314
nav-robust,working_p3,2026-10-02 new working P3,257,2.56,2.57,x,0.39940218604097316,0.5560464583070235,0.15664427226605032,0.39946609075423956,0.5451812381574089,0.14571514740316938,0.04210772879885439,0.046380670505167476,0.031855373717925836,0.035013528352202505
nav-robust,working_p3,2026-10-02 new working P3,257,2.56,2.57,y,1.7054120758096942,1.918256077176722,0.21284400136702786,1.7054122954107527,1.907686682204855,0.20227438679410237,0.054645205031331294,0.05747713034889301,0.04335660629604076,0.04632349397518465
nav-robust,working_p3,2026-10-02 new working P3,258,2.57,2.58,x,0.3902039918959914,0.5450935716265085,0.1548895797305171,0.390268004515646,0.5343537659196728,0.14408576140402674,0.04167520056934276,0.04599034688518766,0.03154919769712647,0.03474583798066749
nav-robust,working_p3,2026-10-02 new working P3,258,2.57,2.58,y,1.6933223578317251,1.9078989451143815,0.21457658728265638,1.6933225771564957,1.8972522052730478,0.20392962811655213,0.05505223117347374,0.057865420493343755,0.043702965869877514,0.04668408422795389
nav-robust,working_p3,2026-10-02 new working P3,259,2.58,2.59,x,0.3811341176451581,0.5342656584202297,0.15313154077507157,0.38119823101840683,0.523651619364081,0.14245338834567417,0.041241591855084477,0.04559833384657541,0.031242230879588842,0.034476945287345184
nav-robust,working_p3,2026-10-02 new working P3,259,2.58,2.59,y,1.681194764756037,1.8974602435831105,0.21626547882707348,1.681194983782924,1.886737524264619,0.20554254048169485,0.05544912682564875,0.05824338445845978,0.04404055374158545,0.04703576917526142
nav-robust,working_p3,2026-10-02 new working P3,260,2.59,2.6,x,0.3721927382673105,0.523563079170992,0.1513703409036815,0.3722569452553189,0.5130751448769512,0.14081819962163228,0.04080691942511907,0.04520467213316204,0.03093447587010581,0.03420687636360792
nav-robust,working_p3,2026-10-02 new working P3,260,2.59,2.6,y,1.669030590252328,1.8869413303294709,0.21791074007714295,1.6690308089598198,1.876143999082331,0.20711319012251117,0.05583593172252625,0.05863671201441378,0.04436940972305326,0.047378550217787696
nav-robust,working_p3,2026-10-02 new working P3,261,2.6,2.61,x,0.3633798565034726,0.5129892324553957,0.14960937595192314,0.36344633264870574,0.5026277269509178,0.1391813943022121,0.04037403864093963,0.04481269496397461,0.03062622999557191,0.03393580845939559
nav-robust,working_p3,2026-10-02 new working P3,261,2.6,2.61,y,1.6568345479125186,1.876343779665087,0.21950923175256842,1.6568347769397695,1.8654752891351916,0.208640512195422,0.0562102511749969,0.05903013482930963,0.044689960383589085,0.04771280850415183
nav-robust,working_p3,2026-10-02 new working P3,262,2.61,2.62,x,0.35470262066580643,0.5025410311388795,0.14783841047307306,0.3547691187423041,0.49231214511337595,0.13754302637107185,0.03993187170184846,0.044409306032657636,0.03031660711027087,0.033663223698646605
nav-robust,working_p3,2026-10-02 new working P3,262,2.61,2.62,y,1.644612367914155,1.8656702273478947,0.22105785943373957,1.6446125963316882,1.8547341530642074,0.2101215567325192,0.05657029581384096,0.05940910053042048,0.045000539238637484,0.048036808587808455
nav-robust,working_p3,2026-10-02 new working P3,263,2.62,2.63,x,0.3461582810250932,0.49222517278419936,0.14606689175910614,0.34622479344604695,0.48212911262783525,0.1359043191817883,0.039489276915230055,0.04400469197149831,0.030006686876805015,0.03338975925545362
nav-robust,working_p3,2026-10-02 new working P3,263,2.62,2.63,y,1.6323653272882823,1.8549244678259031,0.22255914053762083,1.6323655550734844,1.8439223025867846,0.21155674751330023,0.056919444933559486,0.05977699601316133,0.04530167131148562,0.048351220717573584
nav-robust,working_p3,2026-10-02 new working P3,264,2.63,2.64,x,0.33774683877443407,0.48204187569409773,0.14429503691966367,0.3378133579788131,0.47207883224882374,0.13426547427001062,0.039046240753540455,0.04359890386247317,0.02969644026311455,0.03311544982712217
nav-robust,working_p3,2026-10-02 new working P3,264,2.63,2.64,y,1.6200947756062145,1.844107994234483,0.2240132186282684,1.620095002736591,1.8330412311272193,0.21294622839062827,0.057257731893204336,0.06013384551666068,0.04559338805922736,0.0486560678297554
nav-robust,working_p3,2026-10-02 new working P3,265,2.64,2.65,x,0.32946827942470686,0.4719913425540935,0.14252306312938662,0.3295347985459686,0.4621614911478874,0.13262669260191878,0.03860287312288294,0.043191992837061655,0.02938596210720104,0.032840330181584665
nav-robust,working_p3,2026-10-02 new working P3,265,2.64,2.65,y,1.607802054101197,1.8332223006243389,0.22542024652314185,1.6078022805543752,1.822092432850449,0.21429015229607384,0.05758520595263544,0.060479674628569846,0.04587573668256265,0.048951374041947604
nav-robust,working_p3,2026-10-02 new working P3,266,2.65,2.66,x,0.32132257303601786,0.4620737606167511,0.14075118758073324,0.3213890863999361,0.4523772610994899,0.13098817469955382,0.038159174229757335,0.04278401006997068,0.029075237131102768,0.03256443515295987
nav-robust,working_p3,2026-10-02 new working P3,266,2.65,2.66,y,1.595488476283576,1.8222688817838342,0.22678040550025824,1.5954887020373063,1.8110774024848268,0.21558870044752054,0.05790191093058482,0.06081462408180416,0.046148758784485426,0.04923727845037251
nav-robust,working_p3,2026-10-02 new working P3,267,2.66,2.67,x,0.3133096777802325,0.45228930168483833,0.13897962390460583,0.31337617789838057,0.44272629846579586,0.1293501205674153,0.037715227764843776,0.042375006782158664,0.02876433394325116,0.03228779964640571
nav-robust,working_p3,2026-10-02 new working P3,267,2.66,2.67,y,1.5831553363182627,1.8112492330102161,0.22809389669195346,1.583155561350421,1.7999976350938174,0.21684207374339648,0.0582078910466271,0.061138738488596855,0.04641249621289452,0.04951382386455605
nav-robust,working_p3,2026-10-02 new working P3,268,2.67,2.68,x,0.30542953515019755,0.4426381236042506,0.13720858845405304,0.30549601456277947,0.4332087456912136,0.12771273112843412,0.03727111397585699,0.04196503420976494,0.02845331770121022,0.03201045860887186
nav-robust,working_p3,2026-10-02 new working P3,268,2.67,2.68,y,1.570804006132627,1.8001648500744116,0.2293608439417847,1.5708042304212166,1.7888546260412794,0.2180503956200628,0.05850319251386737,0.061451913814257964,0.046666992653936604,0.04978090428172477
nav-robust,working_p3,2026-10-02 new working P3,269,2.68,2.69,x,0.2976819441099713,0.43312047850903285,0.13543853439906156,0.29774839538658926,0.42382483954902794,0.12607644416243868,0.036826909203031805,0.04155344790546689,0.028142249582358954,0.031731751332272407
nav-robust,working_p3,2026-10-02 new working P3,269,2.68,2.69,y,1.5584358021707942,1.7890173883068632,0.23058158613606894,1.558436025693948,1.77765003007781,0.21921400438386196,0.05878796379711201,0.06175512488169499,0.0469123938908489,0.05003949239198269
nav-robust,working_p3,2026-10-02 new working P3,270,2.69,2.7,x,0.29006667910659373,0.4237363829114018,0.13366970380480808,0.29013309484701155,0.41457458123302643,0.12444148638601488,0.03638273015327557,0.04114171708266312,0.027831231335825303,0.03145313079947859
nav-robust,working_p3,2026-10-02 new working P3,270,2.69,2.7,y,1.5460519874830658,1.7778086705136105,0.23175668303054464,1.5460522102190477,1.7663856692573519,0.22033345903830415,0.05906223315670469,0.06204762375149597,0.04714872534848171,0.05028883795906758
nav-robust,working_p3,2026-10-02 new working P3,271,2.7,2.71,x,0.2825849045806694,0.4144859481105857,0.13190104352991627,0.28265127741557095,0.40545806676793494,0.122806789352364,0.035938253985710496,0.04072916568451673,0.027519924975238627,0.031173904755164183
nav-robust,working_p3,2026-10-02 new working P3,271,2.7,2.71,y,1.533653877906353,1.7665397219396646,0.23288584403331147,1.5336540998335608,1.7550625679011116,0.22140846806755077,0.05932596598905475,0.06232931134415942,0.047375949434529226,0.0505288394432688
nav-robust,working_p3,2026-10-02 new working P3,272,2.71,2.72,x,0.2752355078169948,0.4053692686458283,0.1301337608288335,0.2753018304087378,0.39647537546401046,0.12117354505527267,0.03549377018109604,0.040315845292344665,0.027208605173103386,0.030894108615990346
nav-robust,working_p3,2026-10-02 new working P3,272,2.71,2.72,y,1.5212428133938112,1.7552120378900768,0.23396922449626567,1.5212430344907777,1.7436822202191906,0.22243918572841292,0.05957915974000203,0.06260022158927625,0.047594060453612134,0.050759528151319344
nav-robust,working_p3,2026-10-02 new working P3,273,2.72,2.73,x,0.26801835703271676,0.3963864240488823,0.12836806701616554,0.268084622076082,0.38762657167111536,0.11954194959503334,0.035049301496787096,0.03990180939843263,0.026897279718982127,0.03061377974520796
nav-robust,working_p3,2026-10-02 new working P3,273,2.72,2.73,y,1.5088200891475474,1.7438271143083914,0.23500702516084404,1.508820309392943,1.7322461208896207,0.22342581149667762,0.059821860537494616,0.06286041542382059,0.04780310124068837,0.050980962235406935
nav-robust,working_p3,2026-10-02 new working P3,274,2.73,2.74,x,0.26093330599460474,0.3875374790507276,0.12660417305612287,0.2609995062175402,0.37891170498700794,0.11791219876946774,0.03461175207546271,0.03948710686299811,0.02659283803116834,0.030332950911401257
nav-robust,working_p3,2026-10-02 new working P3,274,2.73,2.74,y,1.496386996234569,1.732386443637577,0.23599944740300804,1.4963872156072036,1.720755760919893,0.22436854531268935,0.060054145865642145,0.06310991712567526,0.048003145835854515,0.05119316302744381
nav-robust,working_p3,2026-10-02 new working P3,275,2.74,2.75,x,0.25398019408881634,0.3788224832644911,0.12484228917567475,0.25404632225317636,0.37033080994182727,0.1162844876886509,0.0342020885078953,0.039071789002253166,0.026316231796765743,0.030051657378322938
nav-robust,working_p3,2026-10-02 new working P3,275,2.74,2.75,y,1.483944818786916,1.7208915189666885,0.23694670017977248,1.4839450372657401,1.7092126317942373,0.2252675945284972,0.06027611348298789,0.06334875049271171,0.04819428840338112,0.05139615121890051
nav-robust,working_p3,2026-10-02 new working P3,276,2.75,2.76,x,0.24715859266567083,0.3702414724993961,0.12308287983372526,0.24722464156795051,0.3618839060491616,0.11465926448121108,0.033823004671640636,0.03865590710952049,0.026070140225473815,0.029769934427775202
nav-robust,working_p3,2026-10-02 new working P3,276,2.75,2.76,y,1.4714948351281936,1.7093438323689472,0.2378489972407536,1.4714950526923012,1.6976182238123407,0.22612317112003955,0.0604878179775399,0.06357699963931562,0.04837657978752228,0.05159000765810817
nav-robust,working_p3,2026-10-02 new working P3,277,2.76,2.77,x,0.24046847953242642,0.36179446623783174,0.12132598670540531,0.24053444200449065,0.3535709978552289,0.11303655585073824,0.0334877579486639,0.03823951244903584,0.025867806093500808,0.02948781735516859
nav-robust,working_p3,2026-10-02 new working P3,277,2.76,2.77,y,1.4590383176547803,1.6977449002387244,0.23870658258394406,1.4590385342834105,1.685974051426981,0.22693551714357052,0.06068926154383933,0.06379490331249738,0.048550018290376765,0.0517749676671575
nav-robust,working_p3,2026-10-02 new working P3,278,2.77,2.78,x,0.23390968531187173,0.3534814678059346,0.11957178249406286,0.2339755542216793,0.3453920749953319,0.11141652077365263,0.03319245033315884,0.037822656249757836,0.025705316730521198,0.02920534146507997
nav-robust,working_p3,2026-10-02 new working P3,278,2.77,2.78,y,1.4465765327179159,1.686096324717407,0.23951979199949114,1.4465767483904541,1.6742817146705653,0.22770496628011117,0.06088051449118768,0.06400244257049303,0.04871467018092347,0.05195100872130842
nav-robust,working_p3,2026-10-02 new working P3,279,2.78,2.79,x,0.22748180439941573,0.34530246684724136,0.11782066244782563,0.22754757265173808,0.33734711224668545,0.10979953959494737,0.03295646401200227,0.03740538969918489,0.02560203989526195,0.028922542066809886
nav-robust,working_p3,2026-10-02 new working P3,279,2.78,2.79,y,1.4341105050794805,1.674399474867034,0.24028896978755365,1.4341107197754615,1.6625425803294571,0.22843186055399567,0.06106165451681166,0.06419968683393518,0.04887060896900839,0.05211819650098093
nav-robust,working_p3,2026-10-02 new working P3,280,2.79,2.8,x,0.22078344866653118,0.3372574381461927,0.1164739894796615,0.22084985384345965,0.3294448388935843,0.10859498505012463,0.032766806479997926,0.036987763942420315,0.02554496849199997,0.028639454475178322
nav-robust,working_p3,2026-10-02 new working P3,280,2.79,2.8,y,1.4216416630347837,1.6626558152440751,0.24101415220929145,1.4216418767338925,1.650758110518459,0.22911623378456647,0.06123279034531684,0.06438645940074728,0.04901793904563597,0.052276350407492345
nav-robust,working_p3,2026-10-02 new working P3,281,2.8,2.81,x,0.2140464618212275,0.32977060560159344,0.11572414378036594,0.21411505240583978,0.3238282090962199,0.10971315669038012,0.03261159463181374,0.036571825308089834,0.025520710559686396,0.028356287679193737
nav-robust,working_p3,2026-10-02 new working P3,281,2.8,2.81,y,1.4091741231209238,1.6508670703864912,0.24169294726556734,1.409176187186395,1.6389335206085802,0.22975733342218518,0.06139023825156655,0.06455909423283224,0.04915697273603259,0.052425917441792036
nav-robust,working_p3,2026-10-02 new working P3,282,2.81,2.82,x,0.20715262893399666,0.32415074133052296,0.1169981123965263,0.207221091331679,0.31833716775358667,0.11111607642190766,0.03250705889870079,0.036149937471125215,0.025551415140231057,0.028072650537563526
nav-robust,working_p3,2026-10-02 new working P3,282,2.81,2.82,y,1.3967174055169926,1.6390378539911168,0.24232044847412415,1.3967201100770903,1.6270734840101533,0.230353373933063,0.06153259309565689,0.06471652633391689,0.04928665176133602,0.05256590378761894
nav-robust,working_p3,2026-10-02 new working P3,283,2.82,2.83,x,0.2003953543237089,0.3186571089294994,0.1182617546057905,0.20046368073244358,0.31297187156750755,0.11250819083506397,0.03245242322047375,0.0357279056726284,0.02563171447558838,0.028272431812507548
nav-robust,working_p3,2026-10-02 new working P3,283,2.82,2.83,y,1.3842711041329923,1.6271729167529685,0.24290181261997623,1.3842744452850744,1.6151792532646774,0.230904807979603,0.061664337856223855,0.06486284752517979,0.04940710250588328,0.052696258572367816
nav-robust,working_p3,2026-10-02 new working P3,284,2.83,2.84,x,0.19377398020055583,0.31328938586775107,0.11951540566719523,0.19384216286381029,0.30773198565673804,0.11388982279292775,0.03242166782087404,0.03530378773696041,0.0257355740689617,0.02878101999489152
nav-robust,working_p3,2026-10-02 new working P3,284,2.83,2.84,y,1.3718364553959794,1.615273793587423,0.24343733819144364,1.3718404291789568,1.6032523585375167,0.23141192935855992,0.061785538228934914,0.06499811694963142,0.04951835439864644,0.05281703459060805
nav-robust,working_p3,2026-10-02 new working P3,285,2.84,2.85,x,0.1872880475451297,0.3080468234528098,0.12075877590768011,0.18735607875266658,0.3026167490750624,0.11526067032239584,0.032432478090234314,0.03487961989701702,0.02588066468092417,0.029284774615005338
nav-robust,working_p3,2026-10-02 new working P3,285,2.84,2.85,y,1.3594147147940354,1.6033420213852843,0.24392730659124884,1.3594193171889055,1.591294331798289,0.23187501460938353,0.06189625264331922,0.06512243195984024,0.049620483315392955,0.05292832268726788
nav-robust,working_p3,2026-10-02 new working P3,286,2.85,2.86,x,0.18093763305484958,0.3029287524373422,0.1219911193824926,0.18100550514353025,0.29762548041921066,0.11661997527568041,0.03248441944889021,0.035149933093369945,0.026066537194296593,0.029783391776871948
nav-robust,working_p3,2026-10-02 new working P3,286,2.85,2.86,y,1.347007084706653,1.591379132724883,0.24437204801822987,1.3470123116370396,1.5793067005339927,0.23229438889695309,0.06199663231931777,0.06523582993478594,0.04971361553774994,0.053030153575641226
nav-robust,working_p3,2026-10-02 new working P3,287,2.86,2.87,x,0.17472239189542413,0.2979349219118942,0.12321253001647006,0.17479009725000555,0.29275791672267715,0.1179678194726716,0.03256974523426504,0.03551743218818587,0.02628543050268579,0.030277428471975176
nav-robust,working_p3,2026-10-02 new working P3,287,2.86,2.87,y,1.3346147591491293,1.5793866556973981,0.2447718965482688,1.3346206064818251,1.5672909875753682,0.2326703810935431,0.06208680817272158,0.06533836083508038,0.04979788738442161,0.05312257039378254
nav-robust,working_p3,2026-10-02 new working P3,288,2.87,2.88,x,0.16837593654987543,0.2930645313810306,0.12468859483115519,0.16844346760380025,0.28801324553292307,0.11956977792912282,0.032689637664385526,0.03588037418299472,0.026538512475441006,0.030766366532742506
nav-robust,working_p3,2026-10-02 new working P3,288,2.87,2.88,y,1.3222389236686327,1.5673661137331685,0.24512719006453576,1.3222453872141495,1.5552487109242705,0.233003323710121,0.06216668240420344,0.06543008842779874,0.049873207832052534,0.0532056299305248
nav-robust,working_p3,2026-10-02 new working P3,289,2.88,2.89,x,0.16199340932665496,0.2883169138837172,0.12632350455706226,0.1620607585628347,0.2833907880328105,0.12133002946997579,0.032874600404090557,0.036238543697895476,0.026856272525291408,0.031249978672407308
nav-robust,working_p3,2026-10-02 new working P3,289,2.88,2.89,y,1.3098807552418876,1.555319025429018,0.24543827018713027,1.3098878307550095,1.543181383582072,0.23329355282706254,0.06223635623284178,0.0655110776025607,0.04993963757229945,0.05327938994276282
nav-robust,working_p3,2026-10-02 new working P3,290,2.89,2.9,x,0.15574659376759403,0.2836914751224703,0.12794488135487625,0.15581375371918557,0.2788899381707924,0.12307618445160681,0.03307821090170938,0.036591894187556956,0.02719227394643998,0.03172820654029576
nav-robust,working_p3,2026-10-02 new working P3,290,2.89,2.9,y,1.2975414221728727,1.5432469043766064,0.24570548220373367,1.2975491053532142,1.5310905133791077,0.23354140802589352,0.06229592496238353,0.0655813943573702,0.049997273957538925,0.05334390914251408
nav-robust,working_p3,2026-10-02 new working P3,291,2.9,2.91,x,0.14963514657639698,0.2791876097998741,0.12955246322347713,0.14970210982757184,0.27451007899845875,0.1248079691708869,0.033335392533141134,0.03694038040815048,0.027581426060045593,0.03220099318979405
nav-robust,working_p3,2026-10-02 new working P3,291,2.9,2.91,y,1.2852220839922792,1.5311512589918361,0.2459291749995569,1.2852303704848487,1.5189776028051947,0.233747232320346,0.06234546301914607,0.06564110578438975,0.05004619498306415,0.05339924718392397
nav-robust,working_p3,2026-10-02 new working P3,292,2.91,2.92,x,0.1432913313325186,0.27480470176800037,0.13151337043548178,0.14335946208411443,0.2702505828209734,0.126891120736859,0.033611477183708355,0.03728395850805119,0.02798904679746658,0.03266828317007295
nav-robust,working_p3,2026-10-02 new working P3,292,2.91,2.92,y,1.2729238913582195,1.519033592345316,0.2461097009870965,1.2729327767539869,1.5068441488412259,0.233911372087239,0.062385068754562706,0.06569028005567001,0.05008650904233347,0.05344546465024935
nav-robust,working_p3,2026-10-02 new working P3,293,2.92,2.93,x,0.13700270299033007,0.2705421592162699,0.13353945622593982,0.13707069561903826,0.2661108463859416,0.12904015076690337,0.03393586344655823,0.03762265619340438,0.028444520900038493,0.03313009269266551
nav-robust,working_p3,2026-10-02 new working P3,293,2.92,2.93,y,1.26064789282162,1.5068954019939127,0.24624750917229266,1.2606573726580894,1.4946916427918668,0.23403427013377742,0.0624148488820248,0.06572898640881109,0.0501182740026843,0.05348262304077944
nav-robust,working_p3,2026-10-02 new working P3,294,2.93,2.94,x,0.13084889539323752,0.2663994547452297,0.13555055935199217,0.13091674215083154,0.26209033095818096,0.13117358880734942,0.03429155374247967,0.03795665266354176,0.028930837040254488,0.03358658956788352
nav-robust,working_p3,2026-10-02 new working P3,294,2.93,2.94,y,1.2483949188606642,1.4947382323953367,0.24634331353467243,1.24840498862245,1.4825216227013063,0.2341166340788563,0.06243489408073172,0.0657572951482277,0.05014160795829154,0.05351078477338511
nav-robust,working_p3,2026-10-02 new working P3,295,2.94,2.95,x,0.12473162906553281,0.2623757945773495,0.13764416551181669,0.124799322251071,0.2581882315314999,0.1333889092804289,0.0346607611840942,0.03828561681847367,0.029430194687306285,0.03403743141329729
nav-robust,working_p3,2026-10-02 new working P3,295,2.94,2.95,y,1.236166482639956,1.4825635632837006,0.24639708064374455,1.236177137759365,1.4703355617299947,0.23415842397062958,0.06244526018846537,0.0657765217128996,0.0501565178348695,0.053530013364607276
nav-robust,working_p3,2026-10-02 new working P3,296,2.95,2.96,x,0.11841363632074535,0.25847051981638247,0.1400568834956371,0.11848116828138626,0.254403878089029,0.1359227098076427,0.03505360176800984,0.038609509561560784,0.02995269630057439,0.03448256795738411
nav-robust,working_p3,2026-10-02 new working P3,296,2.95,2.96,y,1.2239636986891451,1.4703728265799085,0.2464091278907634,1.2239749345467623,1.4581348850662283,0.23415995051946603,0.06244601087398321,0.06578640450508333,0.05016310075864932,0.05354114210853633
nav-robust,working_p3,2026-10-02 new working P3,297,2.96,2.97,x,0.11223142326430552,0.25468296118714934,0.14245153792284382,0.11229878639611647,0.2507365903439632,0.13843780394784672,0.03544303214427752,0.03892829306112611,0.030471285100407194,0.034921950302104154
nav-robust,working_p3,2026-10-02 new working P3,297,2.96,2.97,y,1.211787672130541,1.4581674961724187,0.24637982404187775,1.2117994840558197,1.4459210597081282,0.2341215756523085,0.062437137492216584,0.06578608543318865,0.05016134858343106,0.05354345373125202
nav-robust,working_p3,2026-10-02 new working P3,298,2.97,2.98,x,0.10618460779279035,0.2510124392100715,0.14482783141728114,0.10625179454154876,0.24718567791504084,0.14093388337349208,0.03582900257633854,0.039241930879340664,0.030985898029377477,0.03535553105273842
nav-robust,working_p3,2026-10-02 new working P3,298,2.97,2.98,y,1.1996394986127512,1.4459494121912253,0.2463099135784741,1.1996518818846074,1.4336959187388483,0.2340440368542409,0.06241879465757589,0.06577572318738079,0.05015135707284355,0.053537098599490074
nav-robust,working_p3,2026-10-02 new working P3,299,2.98,2.99,x,0.10027310496099945,0.24745827344867388,0.14718516848767443,0.10034010782298708,0.2437504495749818,0.1434103417519947,0.036211430631491466,0.039550406206216776,0.031496439444044386,0.035783282552822954
nav-robust,working_p3,2026-10-02 new working P3,299,2.98,2.99,y,1.1875202591153702,1.4337196806227925,0.24619942150742236,1.187533208962781,1.421460560942757,0.23392735197997605,0.06239102715423083,0.06579886988177641,0.05013318369206383,0.05353951235255616
nav-robust,working_p3,2026-10-02 new working P3,300,2.99,3.0,x,0.09449658165262115,0.24401987847241918,0.14952329681979803,0.09456339317541103,0.24043030921424174,0.14586691603883073,0.0365902195346737,0.039853913685570175,0.03200279947001587,0.03620538871103757
nav-robust,working_p3,2026-10-02 new working P3,300,2.99,3.0,y,1.1754310332973148,1.4214797311901555,0.24604869789284067,1.175444544899922,1.4092164086867995,0.23377186378687753,0.06235390346039907,0.06583968615556457,0.050106898466123706,0.053576127041783383
nav-robust,working_p3,2026-10-02 new working P3,301,3.0,3.01,x,0.08885433359472727,0.24069362268678862,0.15183928909206135,0.08892159959238956,0.23722160713616536,0.1483000075437758,0.03696493751916772,0.04014998579331408,0.032505732299500184,0.03662276590068725
nav-robust,working_p3,2026-10-02 new working P3,301,3.0,3.01,y,1.1633729263218082,1.4092340891341248,0.24586116281231662,1.1633909723169036,1.3969693734829,0.23357840116599649,0.062311478953818104,0.06587160813525506,0.05007247675493284,0.05360354308938531
nav-robust,working_p3,2026-10-02 new working P3,302,3.01,3.02,x,0.08334951818320639,0.2374791501660702,0.15412963198286384,0.08341650555565436,0.2341171659354046,0.15070066037975025,0.03733564065226151,0.04044617070192058,0.033000451855951254,0.03702935878688504
nav-robust,working_p3,2026-10-02 new working P3,302,3.01,3.02,y,1.1513593040074745,1.3969828131229018,0.2456235091154273,1.1513778359938245,1.3847250326212244,0.2333471966273999,0.062246426650511444,0.06588291443300531,0.05002914101023972,0.05362107468028543
nav-robust,working_p3,2026-10-02 new working P3,303,3.02,3.03,x,0.07798035184738611,0.23437062562445354,0.15639027377706743,0.07804705325997316,0.23111791519324237,0.15307086193326921,0.03770071241089111,0.040735693901432446,0.03348885894527776,0.037428536657043376
nav-robust,working_p3,2026-10-02 new working P3,303,3.02,3.03,y,1.1393864745306777,1.3847348957916379,0.24534842126096024,1.1394054877812232,1.372485468551139,0.23307998076991576,0.06217262023926185,0.06588424605281284,0.04997827031403315,0.05363005449581304
nav-robust,working_p3,2026-10-02 new working P3,304,3.03,3.04,x,0.07274628807719569,0.23136725057450408,0.1586209624973084,0.07281269625852038,0.2282230480452645,0.15541035178674412,0.03806003653718137,0.04101849006865643,0.03397082557901013,0.037820225760902715
nav-robust,working_p3,2026-10-02 new working P3,304,3.03,3.04,y,1.1274553250725259,1.3724917928027882,0.24503646773026233,1.1274748148245548,1.360252127328614,0.2327773125040591,0.062090183054239904,0.06587569743321908,0.0499199780544826,0.05363056744196926
nav-robust,working_p3,2026-10-02 new working P3,305,3.04,3.05,x,0.06764676529248256,0.2284678441888849,0.16082107889640235,0.06771287303512817,0.2254313753876275,0.15771850235249935,0.038413565105248494,0.04129374575490005,0.034446292220170614,0.03820360432287681
nav-robust,working_p3,2026-10-02 new working P3,305,3.04,3.05,y,1.1155667335434654,1.3602549504396562,0.2446882168961908,1.1155866949991018,1.3480264454828301,0.23243975048372834,0.061999237115010014,0.06585736375793783,0.049854376194041435,0.053622699021534936
nav-robust,working_p3,2026-10-02 new working P3,306,3.05,3.06,x,0.06268120697182458,0.22567161918165746,0.16299041220983287,0.06274700713309024,0.22274210175895576,0.15999509462586553,0.038761394944016134,0.04156145094645605,0.0349153442071292,0.03857865410313824
nav-robust,working_p3,2026-10-02 new working P3,306,3.05,3.06,y,1.1037215685759818,1.3480258054509426,0.24430423687496083,1.1037419969026807,1.3358098498622408,0.23206785295956012,0.06189990238101736,0.06582934093725212,0.049781574525245544,0.05360653531697368
nav-robust,working_p3,2026-10-02 new working P3,307,3.06,3.07,x,0.057849021782890385,0.222977768108586,0.1651287463256956,0.057914507285513735,0.22015441164123345,0.16223990435571972,0.03910342693686409,0.04182157146192064,0.035377871054278406,0.038945332795528614
nav-robust,working_p3,2026-10-02 new working P3,307,3.06,3.07,y,1.0919199127763093,1.3358057848968443,0.24388587212053503,1.0919408031073523,1.3236037574821973,0.23166295437484496,0.06179233276248399,0.0657917255894449,0.049701716682929845,0.05358216297338014
nav-robust,working_p3,2026-10-02 new working P3,308,3.07,3.08,x,0.05314960371433149,0.22038549780235364,0.16723589408802214,0.05321476754720276,0.21766750389559844,0.1644527363483957,0.039439605529536716,0.04207411761817759,0.03583380596095404,0.03930364269412523
nav-robust,working_p3,2026-10-02 new working P3,308,3.07,3.08,y,1.0801634152490072,1.3235963059966858,0.2434328907476786,1.080184762684001,1.3114095753741206,0.23122481269011952,0.06167662424761775,0.06574461502222806,0.04961488827276832,0.053549669181445214
nav-robust,working_p3,2026-10-02 new working P3,309,3.08,3.09,x,0.048582332159543315,0.21789400798141015,0.16931167582186685,0.04864716737841076,0.21528057037175916,0.1666334029933484,0.03976990284604744,0.04231910124250851,0.036283109928338254,0.039653587705924975
nav-robust,working_p3,2026-10-02 new working P3,309,3.08,3.09,y,1.0684529161060201,1.3113987759781305,0.24294585987211037,1.068474715711398,1.2992287004362704,0.2307539847248723,0.06155293110234259,0.06568810721420437,0.049521233072343775,0.05350914166046539
nav-robust,working_p3,2026-10-02 new working P3,310,3.09,3.1,x,0.0441465721634795,0.21550249134498053,0.17135591918150103,0.04421107189164614,0.2129927960035627,0.16878172411191655,0.04009438873055857,0.04255653565590681,0.03672584180232399,0.03999517333472252
nav-robust,working_p3,2026-10-02 new working P3,310,3.09,3.1,y,1.0567892459486374,1.2992145920807256,0.24242534613208822,1.056811492758161,1.2870625194388565,0.23025102668069541,0.061421399465112395,0.06562230110187328,0.049420886627310805,0.05346066894691104
nav-robust,working_p3,2026-10-02 new working P3,311,3.1,3.11,x,0.03984167451909933,0.21321013366845093,0.17336845914935162,0.03990583194811094,0.21080335890493088,0.17089752695681992,0.040412983641033406,0.042786435656045035,0.03716191116813763,0.0403284066646325
nav-robust,working_p3,2026-10-02 new working P3,311,3.1,3.11,y,1.045173190533473,1.2870451409579522,0.2418719504244793,1.0451958795487388,1.2749124084276737,0.2297165288789349,0.0612821611843169,0.06554729566047324,0.04931397009016006,0.05340433947684464
nav-robust,working_p3,2026-10-02 new working P3,312,3.11,3.12,x,0.03566678008838612,0.21101611390062472,0.1753493338122386,0.03573058847871035,0.20871143046765744,0.1729808419889471,0.040725701228449304,0.04300881750289701,0.03759132093050863,0.040653296346257334
nav-robust,working_p3,2026-10-02 new working P3,312,3.11,3.12,y,1.0336055699773326,1.2748917989650421,0.24128622898770957,1.0336286961682792,1.2627797330135149,0.22915103684523563,0.061135363408316955,0.06546319075316487,0.049200619811620196,0.05334024243669444
nav-robust,working_p3,2026-10-02 new working P3,313,3.12,3.13,x,0.03162106315122887,0.20891969772913724,0.17729863457790837,0.031684515832925454,0.2067162689273542,0.17503175309442875,0.041032621160006465,0.04322388583961853,0.03801414013782073,0.04097003951810413
nav-robust,working_p3,2026-10-02 new working P3,313,3.12,3.13,y,1.022087214133294,1.2627559318868637,0.2406687177535698,1.0221107724387122,1.2506658481016661,0.22855507566295397,0.06098110254037575,0.06537008685713674,0.04908092129696553,0.053268467490963145
nav-robust,working_p3,2026-10-02 new working P3,314,3.13,3.14,x,0.02770417659189437,0.2069203054797443,0.17921612888784993,0.027767266965276434,0.2048172872632615,0.17705002029798508,0.04133363935057998,0.04343216928013069,0.038430254214491956,0.041279157394694704
nav-robust,working_p3,2026-10-02 new working P3,314,3.13,3.14,y,1.0106189149969256,1.2506388947866554,0.24001997978972978,1.01064290032497,1.2385720977422638,0.2279291974172939,0.06081944126513657,0.0652680850281564,0.04895492623387799,0.05318910474839589
nav-robust,working_p3,2026-10-02 new working P3,315,3.14,3.15,x,0.023915415550373836,0.20501674251680763,0.1811013269664338,0.023978137086660082,0.20301328359924659,0.1790351465125865,0.04162873262150157,0.04363298099806945,0.03883962962067026,0.04157995585603272
nav-robust,working_p3,2026-10-02 new working P3,315,3.14,3.15,y,0.9992013621528817,1.2385420318649412,0.23934066971205947,0.999225769381585,1.226499814990847,0.227274045609262,0.060650541805072074,0.06515728688221611,0.048822785750289324,0.053102244745254934
nav-robust,working_p3,2026-10-02 new working P3,316,3.15,3.16,x,0.02025406159528501,0.2032091530121052,0.1829550914168202,0.02031640783724289,0.20130439497311683,0.18098798713587394,0.04191801187665543,0.043829161686561646,0.03924236702922869,0.0418744327727123
nav-robust,working_p3,2026-10-02 new working P3,316,3.15,3.16,y,0.9878351882143684,1.2264666763201018,0.2386314881057333,0.9878600121921575,1.2144503217705755,0.22659030957841808,0.06047455829965286,0.06503779457719405,0.048684642794951764,0.05300797842862459
nav-robust,working_p3,2026-10-02 new working P3,317,3.16,3.17,x,0.01671938286871747,0.20149568060006995,0.18477629773135248,0.01678134743129717,0.19968875799235206,0.1829074105610549,0.042201368762144434,0.0440362296487376,0.03963834798631654,0.042160599102876534
nav-robust,working_p3,2026-10-02 new working P3,317,3.16,3.17,y,0.9765213973080683,1.2144141502106465,0.23789275290257816,0.9765466328542823,1.2024249287361652,0.2258782958818829,0.06029159241241725,0.0649097107945864,0.04854058774591691,0.05290639713979739
nav-robust,working_p3,2026-10-02 new working P3,318,3.17,3.18,x,0.01331063423242519,0.19987546514241966,0.18656483090999448,0.013372210803384386,0.19816550559921847,0.1847932947958341,0.042478779884617054,0.044241949402482356,0.0400275391305565,0.0424506734395316
nav-robust,working_p3,2026-10-02 new working P3,318,3.17,3.18,y,0.9652607419477793,1.2023857643191618,0.23712502237138244,0.96528638385319,1.1904249351395093,0.22513855128631932,0.06010176271527005,0.06477313872125534,0.048390727796252274,0.05279759259769068
nav-robust,working_p3,2026-10-02 new working P3,319,3.18,3.19,x,0.010027057415346896,0.19834764036223423,0.18832058294688733,0.010088239755866263,0.19673376470532042,0.18664552494945416,0.04275020921322031,0.04445531953653288,0.040409894595853445,0.04274201555585108
nav-robust,working_p3,2026-10-02 new working P3,319,3.18,3.19,y,0.9540539646721745,1.1903828180179787,0.23632885334580422,0.9540800076995082,1.1784516286970326,0.2243716209975244,0.05990520054633982,0.06462818203123732,0.048235182813324645,0.05268165688233428
nav-robust,working_p3,2026-10-02 new working P3,320,3.19,3.2,x,0.0068678109492987536,0.1969113339434792,0.19004352299418045,0.006928592894588133,0.19539265629158867,0.18846406339700053,0.04301562581745294,0.04466219632695195,0.04078537375008855,0.04303996295841954
nav-robust,working_p3,2026-10-02 new working P3,320,3.19,3.2,y,0.942901797997855,1.1784065991365644,0.23550480113870942,0.9429282368823165,1.1665062854587804,0.2235780485764639,0.05970203361399547,0.06447494486760297,0.0480740689442499,0.05255868241842343
nav-robust,working_p3,2026-10-02 new working P3,321,3.2,3.21,x,0.003831391158735662,0.19555846321246198,0.19172707205372633,0.0038887772720578714,0.19413411157148372,0.19024533429942586,0.043271061347314836,0.04485649449667818,0.04115531019331789,0.04334036271719445
nav-robust,working_p3,2026-10-02 new working P3,321,3.2,3.21,y,0.9318050576999549,1.1664613075715125,0.23465624987155753,0.9318342187347605,1.1545930934201198,0.22275887468535938,0.05949489695055785,0.06431638204428558,0.04790731870801933,0.052428614484377745
nav-robust,working_p3,2026-10-02 new working P3,322,3.21,3.22,x,0.0009109222886725404,0.19429273266029182,0.19338181037161928,0.0009678797442092917,0.1929460776835238,0.1919781979393145,0.0435313580015084,0.04505903717777761,0.04151330340378835,0.043627343217805745
nav-robust,working_p3,2026-10-02 new working P3,322,3.21,3.22,y,0.9207713515797648,1.154544897937589,0.2337735463578242,0.920800778080504,1.1427159704445375,0.22191519236403356,0.05927287004619931,0.06414008233059265,0.0477348251931051,0.05229106094399616
nav-robust,working_p3,2026-10-02 new working P3,323,3.22,3.23,x,-0.0018925018333089615,0.19309894890704093,0.1949914507403499,-0.0018359780800009592,0.1918292108823241,0.19366518896232507,0.04378312754806428,0.0452518277257052,0.041861916575761916,0.043903742738839596
nav-robust,working_p3,2026-10-02 new working P3,323,3.22,3.23,y,0.9097984450640572,1.1426650201596704,0.23286657509561326,0.9098281333189826,1.1308764583415143,0.2210483250225317,0.059045149521464474,0.06395613843758063,0.04755745258865634,0.05214694809346754
nav-robust,working_p3,2026-10-02 new working P3,324,3.23,3.24,x,-0.0045797485660174315,0.19197633894319283,0.19655608750921025,-0.00452366349154523,0.19078273459263742,0.19530639808418265,0.0440263669453706,0.04544969292900913,0.04220113993009763,0.04417160667917448
nav-robust,working_p3,2026-10-02 new working P3,324,3.23,3.24,y,0.8988867896559615,1.1308228123878286,0.2319360227318671,0.8989167359414074,1.1190756835405686,0.22015894759916121,0.05881187774344314,0.06376469193558587,0.04737533325722959,0.05199640582864573
nav-robust,working_p3,2026-10-02 new working P3,325,3.24,3.25,x,-0.0071517787077303,0.19092500497006198,0.19807678367779227,-0.007096137220443937,0.18980674751220009,0.19690288473264403,0.044261238557857546,0.045643339091799254,0.04253112919620284,0.04443020447529605
nav-robust,working_p3,2026-10-02 new working P3,325,3.24,3.25,y,0.8880368273869499,1.1190194008126448,0.23098257342569495,0.8880670279675746,1.1073147604198317,0.21924773245225704,0.05857317761119145,0.06356588409675545,0.04718858003792477,0.05183956365456899
nav-robust,working_p3,2026-10-02 new working P3,326,3.25,3.26,x,-0.009609521287818074,0.1899460804776658,0.1995556017654839,-0.009554328227397251,0.1889023796897614,0.19845670791715864,0.044487857265604294,0.045827599259716204,0.0428519927220943,0.044698663592043275
nav-robust,working_p3,2026-10-02 new working P3,326,3.25,3.26,y,0.8772487199250152,1.1072558996127957,0.2300071796877805,0.8772791710540444,1.0955947912550896,0.21831562020104522,0.05832927278418378,0.06335985597122229,0.04699740647581798,0.05167655076308919
nav-robust,working_p3,2026-10-02 new working P3,327,3.26,3.27,x,-0.01195375556541273,0.1890362963634387,0.20099005192885142,-0.011899015702460958,0.18806635864395035,0.19996537434641132,0.044706146405598196,0.04600450604176477,0.043163647416102326,0.044958898642457
nav-robust,working_p3,2026-10-02 new working P3,327,3.26,3.27,y,0.8665231543425924,1.0955334107053984,0.22901025636280603,0.8665538522620624,1.083916865971599,0.2173630137095366,0.05808025968130678,0.06314674806586407,0.04680189882194036,0.05150749571309432
nav-robust,working_p3,2026-10-02 new working P3,328,3.27,3.28,x,-0.014185390666328013,0.18819465332717208,0.2023800439935001,-0.014131108701974275,0.18729768175836584,0.20142879046034012,0.044915952995234626,0.04617211315358434,0.04346593397080672,0.04520895862827891
nav-robust,working_p3,2026-10-02 new working P3,328,3.27,3.28,y,0.855860576625403,1.0838530237990558,0.22799244717365275,0.8558915175664052,1.0722820621986042,0.21639054463219898,0.05782625757451068,0.06292670062552164,0.046602166127918315,0.05133252671319921
nav-robust,working_p3,2026-10-02 new working P3,329,3.28,3.29,x,-0.016305345804200292,0.18742039072394415,0.20372573652814444,-0.016251526369708256,0.18659558513465188,0.20284711150436013,0.04511745283316231,0.04633048408664396,0.04375902196430899,0.045448902415151995
nav-robust,working_p3,2026-10-02 new working P3,329,3.28,3.29,y,0.8452614029282068,1.0722158162458704,0.22695441331766353,0.8452925831111321,1.0606914451228349,0.21539886201170277,0.057567479577593256,0.0626998535091714,0.04639841123574937,0.051151771499395204
nav-robust,working_p3,2026-10-02 new working P3,330,3.29,3.3,x,-0.018314550132928667,0.18671274655129416,0.20502729668422282,-0.01826119778931345,0.18595930357981477,0.20422050136912823,0.045311121238527485,0.046479686942390186,0.04404338059989433,0.04567879356702352
nav-robust,working_p3,2026-10-02 new working P3,330,3.29,3.3,y,0.8347260426255338,1.0606228529461281,0.22589681032059428,0.8347574582603174,1.049146067394677,0.21438860913435964,0.057304048895106534,0.062466346168467246,0.04619074702770466,0.05096535731507612
nav-robust,working_p3,2026-10-02 new working P3,331,3.3,3.31,x,-0.020213942598450378,0.18607095627463455,0.20628489887308493,-0.020161061836102955,0.18538806943177347,0.2055491312678764,0.04549652999199935,0.0466289250281055,0.04431857564746573,0.04589868927742119
nav-robust,working_p3,2026-10-02 new working P3,331,3.3,3.31,y,0.8242548981245701,1.0490751862546155,0.2248202881300454,0.8242865454109376,1.0376469690359873,0.2133604236250497,0.05703608026174791,0.062226317626567273,0.04597927786671871,0.05077341089136056
nav-robust,working_p3,2026-10-02 new working P3,332,3.31,3.32,x,-0.022004471789171347,0.18549425286060017,0.2074987246497715,-0.021952067027490557,0.184881112592844,0.20683317962033457,0.045673579852506946,0.04678076601976173,0.044584501960680346,0.04611913156788238
nav-robust,working_p3,2026-10-02 new working P3,332,3.31,3.32,y,0.8138483647331529,1.0375738558884677,0.22372549115531482,0.8138802398608657,1.0261951773494422,0.21231493748857655,0.05676371277020653,0.06197990645700657,0.04576413242523862,0.0505760584274606
nav-robust,working_p3,2026-10-02 new working P3,333,3.32,3.33,x,-0.023687101413456278,0.18498186674734257,0.20866896816079886,-0.023635177000488523,0.1844376605001652,0.20807283750065372,0.045842637789647256,0.04692380210848247,0.044841520709747985,0.046343118236929666
nav-robust,working_p3,2026-10-02 new working P3,333,3.32,3.33,y,0.8035068323146791,1.0261198898483503,0.22261305753367122,0.8035389314637809,1.0147917078412303,0.21125277637744944,0.056487077872781837,0.06172725269683288,0.04554543168784754,0.050373427505325474
nav-robust,working_p3,2026-10-02 new working P3,334,3.33,3.34,x,-0.02526286586272247,0.1845340561743628,0.20979692203708528,-0.025211426074809095,0.18405796845565892,0.209269394530468,0.04600395299501009,0.047058095822954435,0.04508987539313698,0.046557435693968426
nav-robust,working_p3,2026-10-02 new working P3,334,3.33,3.34,y,0.7932306830978112,1.0147143046300686,0.22148362153225742,0.7932630024388746,1.003437564434176,0.21017456199530138,0.05620636202323883,0.06146849849387992,0.04532335159412911,0.050165647738426244
nav-robust,working_p3,2026-10-02 new working P3,335,3.34,3.35,x,-0.02673314200557037,0.18414929458227014,0.2108824365878405,-0.02668219104700278,0.18374050702591305,0.21042269807291583,0.046157341361104554,0.04718371215391689,0.04532937631687255,0.046762144382405176
nav-robust,working_p3,2026-10-02 new working P3,335,3.34,3.35,y,0.7830202925378312,1.003358098153443,0.22033780561561167,0.7830528282322053,0.9921337323981371,0.20908090416593172,0.05592169533034479,0.06120377446415626,0.045098011693215374,0.04995283713066356
nav-robust,working_p3,2026-10-02 new working P3,336,3.35,3.36,x,-0.028098441506674166,0.18382653263489487,0.21192497414156905,-0.028047983509356687,0.1834842240644145,0.2115322075737712,0.046302699565155335,0.04730071175612269,0.045559914678695676,0.04695730050865027
nav-robust,working_p3,2026-10-02 new working P3,336,3.35,3.36,y,0.7728760290085649,0.9920522586878289,0.21917622967926398,0.7729087772086225,0.9808811872770539,0.20797241006843137,0.055633172878710696,0.06093321715953581,0.044869496465643345,0.04973511954558385
nav-robust,working_p3,2026-10-02 new working P3,337,3.36,3.37,x,-0.029359758825015365,0.18356504273335167,0.21292480155836704,-0.029309797848135862,0.18328838922572915,0.21259818707386502,0.04644027758592724,0.04740917926048661,0.04578173508524089,0.047142984354515256
nav-robust,working_p3,2026-10-02 new working P3,337,3.36,3.37,y,0.7627982529402887,0.9807977614290487,0.21799950848876004,0.7628312097896742,0.969680891467413,0.20684968167773876,0.05534092576099342,0.060656962580852514,0.04463792635657451,0.04951261822100428
nav-robust,working_p3,2026-10-02 new working P3,338,3.37,3.38,x,-0.030518170776860046,0.18336398265789722,0.21388215343475725,-0.030468710806568378,0.18315215760747253,0.2136208684140409,0.04657016684805105,0.047509215237146324,0.045994923696706075,0.04731929224051506
nav-robust,working_p3,2026-10-02 new working P3,338,3.37,3.38,y,0.7527873214278368,0.9695955666920875,0.2168082452642507,0.7528204830617147,0.9585337924124846,0.20571330935076992,0.05504511693211559,0.06037586804533146,0.04440345363103502,0.049286177637981265
nav-robust,working_p3,2026-10-02 new working P3,339,3.38,3.39,x,-0.031574641322481944,0.18322256928491873,0.21479721060740067,-0.03152568627157624,0.18307474346740749,0.21460042973898372,0.046692324923124945,0.0476008269442059,0.04619943292828861,0.047486227274844695
nav-robust,working_p3,2026-10-02 new working P3,339,3.38,3.39,y,0.7428435826278856,0.9584466250319017,0.21560304240401607,0.7428769451731889,0.9474408277246762,0.20456388255148727,0.05474586218577802,0.06008932945708445,0.044166183351451435,0.04905518079284876
nav-robust,working_p3,2026-10-02 new working P3,340,3.39,3.4,x,-0.032530170117021265,0.18314001728713103,0.21567018740415228,-0.03248172382464201,0.18305535892374675,0.21553708274838876,0.046806755145854674,0.04768409314022527,0.046395261066650643,0.04764386416609447
nav-robust,working_p3,2026-10-02 new working P3,340,3.39,3.4,y,0.7329673778295567,0.9473518719367444,0.21438449410718774,0.7330009374052356,0.9364029198804091,0.2034019824751735,0.054443286715111776,0.059797481252875095,0.04392622993932841,0.04881974914453202
nav-robust,working_p3,2026-10-02 new working P3,341,3.4,3.41,x,-0.033386469540432506,0.18310504742203082,0.21649151696246333,-0.03334477452027115,0.18308277026113923,0.21642754478141038,0.046921821958852694,0.047897567140778745,0.04658421819102337,0.047800961818219315
nav-robust,working_p3,2026-10-02 new working P3,341,3.4,3.41,y,0.7231591658197563,0.9363137728162373,0.21315460699648103,0.7231933491688259,0.9254225212097468,0.20222917204092083,0.05413850434275053,0.05950185174053135,0.04368366008108628,0.0485797058983668
nav-robust,working_p3,2026-10-02 new working P3,342,3.41,3.42,x,-0.03415989100191901,0.18314467551118632,0.21730456651310534,-0.03411866222564966,0.18314458396977254,0.2172632461954222,0.047053289962001886,0.04809704768934157,0.046760839994695755,0.047947351259918246
nav-robust,working_p3,2026-10-02 new working P3,342,3.41,3.42,y,0.713419886574643,0.9253317469200975,0.2119118603454545,0.7134541493292983,0.9145023881687198,0.20104823883942147,0.053827987669976284,0.05919636689682595,0.043439157362208825,0.04833579990709158
nav-robust,working_p3,2026-10-02 new working P3,343,3.42,3.43,x,-0.034846463905335134,0.18324065645062063,0.21808712035595576,-0.03480570374604285,0.1832405648051644,0.21804626855120726,0.04718329599799156,0.0482843475175199,0.046927058734544745,0.04808229282980608
nav-robust,working_p3,2026-10-02 new working P3,343,3.42,3.43,y,0.7037490246976759,0.9144102206393308,0.2106611959416549,0.7037833652047721,0.9036433810335682,0.1998600158287961,0.053515581208419934,0.058886844792472304,0.043193139267401134,0.048088488087193126
nav-robust,working_p3,2026-10-02 new working P3,344,3.43,3.44,x,-0.03544725222995644,0.18336978433727955,0.218817036567236,-0.03540696301081681,0.18336969259072983,0.21877665560154663,0.04731488363754388,0.04845955973109301,0.04708283292173106,0.048205881085370154
nav-robust,working_p3,2026-10-02 new working P3,344,3.43,3.44,y,0.6941470586115204,0.9035498882582089,0.20940282964668855,0.6941814752166836,0.8928461837996873,0.19866470858300367,0.05320146177892439,0.05857344201300552,0.04294577581746875,0.04783791675289917
nav-robust,working_p3,2026-10-02 new working P3,345,3.44,3.45,x,-0.035963215412234226,0.183531574530948,0.21949478994318222,-0.035923399406381805,0.18353148268625535,0.21945488209263717,0.04743925772255635,0.04862280308904307,0.04722829173660118,0.04831823619480401
nav-robust,working_p3,2026-10-02 new working P3,345,3.44,3.45,y,0.6846140970054901,0.892751446692298,0.20813734968680786,0.6846485880531613,0.8821114830587785,0.1974628950056172,0.052885606127200654,0.05825634105465349,0.042697036943763145,0.04758425809368916
nav-robust,working_p3,2026-10-02 new working P3,346,3.45,3.46,x,-0.03639527108301698,0.18372554167922517,0.22012081276224216,-0.03635593051341771,0.1837254497393416,0.2200813802527593,0.04757058420082253,0.04877419805646735,0.04736380867167412,0.04841947998988124
nav-robust,working_p3,2026-10-02 new working P3,346,3.45,3.46,y,0.6751502458808311,0.8820157465087712,0.20686550062794018,0.6751848097143104,0.871440119020071,0.19625530930576063,0.052568429423355593,0.057936052433090635,0.0424473309881239,0.04732801228395456
nav-robust,working_p3,2026-10-02 new working P3,347,3.46,3.47,x,-0.036744456323603035,0.1839512611208464,0.22069571744444944,-0.036705593362930646,0.18395116908872544,0.22065676245165608,0.04769833101709243,0.04891387711746753,0.04748909221745752,0.048509746278808344
nav-robust,working_p3,2026-10-02 new working P3,347,3.46,3.47,y,0.6657556071015114,0.871343249810761,0.20558764270924956,0.6657902420630033,0.8608325433955826,0.19504230133257927,0.05224981742757623,0.057612330518460375,0.04219653686897764,0.047068923318929534
nav-robust,working_p3,2026-10-02 new working P3,348,3.47,3.48,x,-0.03701194671337065,0.18420820823421433,0.22122015494758498,-0.036973563483886966,0.18420811611281082,0.2211816795966978,0.04782134694005667,0.049041998530289295,0.047604408833637486,0.04861529760320931
nav-robust,working_p3,2026-10-02 new working P3,348,3.47,3.48,y,0.6564302816926444,0.8607346063155588,0.20430432462291437,0.6564649861233014,0.8502893954792317,0.19382440935593026,0.05192988329208926,0.05728532575632417,0.041944760883713066,0.046807131236551336
nav-robust,working_p3,2026-10-02 new working P3,349,3.48,3.49,x,-0.0371985125605307,0.1844958749023898,0.2216943874629205,-0.037160611133969956,0.18449578269465994,0.2216563938286299,0.04795384452598775,0.04915878257250292,0.04770995122943425,0.04875512162896567
nav-robust,working_p3,2026-10-02 new working P3,349,3.48,3.49,y,0.6471743684775864,0.8501904543964829,0.20301608591889653,0.6472091407175538,0.8398113031896177,0.19260216247206396,0.051609030137254104,0.05695518681406975,0.04169239928518981,0.046542774264780706
nav-robust,working_p3,2026-10-02 new working P3,350,3.49,3.5,x,-0.03730540802211489,0.18481378496741574,0.22211919298953064,-0.037267990419572024,0.18481369267631687,0.22208168309588888,0.04807661953157579,0.049277174740887844,0.04780552667369809,0.04889734352501744
nav-robust,working_p3,2026-10-02 new working P3,350,3.49,3.5,y,0.6379879635009629,0.8397114211771033,0.20172345767614042,0.638022801889423,0.8293988831651614,0.19137608127573846,0.051286988370950075,0.05662206083019816,0.04143917560154194,0.04627598907180286
nav-robust,working_p3,2026-10-02 new working P3,351,3.5,3.51,x,-0.03737505805570288,0.18516144315055946,0.22253650120626234,-0.03729858140371122,0.18516135077905013,0.22245993218276136,0.04820875420069017,0.04942837334227242,0.04789160326372602,0.049028963046174934
nav-robust,working_p3,2026-10-02 new working P3,351,3.5,3.51,y,0.6288711603062065,0.8292990765923864,0.20042791628617995,0.6289060631814235,0.8190536948261664,0.1901476316447429,0.05096426999586424,0.05628800159562686,0.04118559494388281,0.04600881894824671
nav-robust,working_p3,2026-10-02 new working P3,352,3.51,3.52,x,-0.037401628277334176,0.18553836069887422,0.2229399889762084,-0.037252263121040706,0.18553826824991407,0.22279053137095478,0.048338505052230536,0.049608896195420304,0.04796794641350724,0.04915008298300152
nav-robust,working_p3,2026-10-02 new working P3,352,3.51,3.52,y,0.6198240499123671,0.8189538302101467,0.1991297802977796,0.619859015611731,0.8087761371971883,0.18891712158545737,0.05064074993500938,0.05595276318177522,0.040931525332240246,0.045741007436187586
nav-robust,working_p3,2026-10-02 new working P3,353,3.52,3.53,x,-0.03735034441376941,0.18594409480324853,0.22329443921701794,-0.03712906992649276,0.18594400227979815,0.2230730722062909,0.048457526015470674,0.04977888119291665,0.048034350976654955,0.0492615465803943
nav-robust,working_p3,2026-10-02 new working P3,353,3.52,3.53,y,0.6108467207397785,0.8086754261232542,0.19782870538347563,0.6108817475998504,0.7985659438001628,0.1876841962003124,0.05031638574706303,0.05561478990027302,0.04067691741131343,0.04547098828977536
nav-robust,working_p3,2026-10-02 new working P3,354,3.53,3.54,x,-0.037222212298316765,0.18637816469296112,0.22360037699127788,-0.03693001128839162,0.18637807209798213,0.22330808338637376,0.04856590935395384,0.049937667467941725,0.04809091091346887,0.04939154229475807
nav-robust,working_p3,2026-10-02 new working P3,354,3.53,3.54,y,0.6019392589168111,0.798464446187844,0.19652518727103285,0.6019743452733667,0.7884236858935356,0.18644934062016894,0.04999130103022426,0.055274222917328864,0.04042188785474785,0.04519889209052208
nav-robust,working_p3,2026-10-02 new working P3,355,3.54,3.55,x,-0.03701825135570622,0.1868400402901495,0.22385829164585572,-0.03665611016420653,0.18683994762660433,0.22349605779081086,0.04866403644131816,0.050085358889664505,0.04813800923915554,0.04956678081517963
nav-robust,working_p3,2026-10-02 new working P3,355,3.54,3.55,y,0.5931017478286207,0.7883214609660969,0.19521971313747621,0.5931368920166956,0.7783499234159661,0.18521303139927048,0.04966560199120801,0.05493120194996781,0.04016653593454828,0.04492484794446283
nav-robust,working_p3,2026-10-02 new working P3,356,3.55,3.56,x,-0.0367395184322885,0.18732923482466227,0.22406875325695078,-0.0363084268305751,0.18732914209551413,0.22363756892608921,0.04875190960723439,0.05022214567630177,0.048175649869709805,0.04973237424277427
nav-robust,working_p3,2026-10-02 new working P3,356,3.55,3.56,y,0.5843342683459306,0.7782470928285928,0.19391282448266223,0.5843694686998645,0.7683452680896041,0.18397579938973962,0.04933942756613778,0.05458599162910027,0.039910993642390265,0.04464910984614667
nav-robust,working_p3,2026-10-02 new working P3,357,3.56,3.57,x,-0.03638703108847819,0.1878466395332518,0.22423367062173,-0.03588798217557902,0.1878465467414647,0.2237345289170437,0.04882952708006653,0.05038759292107682,0.048203832564522264,0.0498883782215027
nav-robust,working_p3,2026-10-02 new working P3,357,3.56,3.57,y,0.5756367168554314,0.7682418864954852,0.1926051696400538,0.5756719717089128,0.7584102539621899,0.18273828225327704,0.04901287151965922,0.054238722625946756,0.03965534778915328,0.04437179780598699
nav-robust,working_p3,2026-10-02 new working P3,358,3.57,3.58,x,-0.0359618115369533,0.1883943471277876,0.2243561586647409,-0.035395801636784165,0.1883942542763261,0.22379005591311027,0.048897203162947704,0.05060102725832855,0.04822287310240507,0.05003485104257873
nav-robust,working_p3,2026-10-02 new working P3,358,3.57,3.58,y,0.5670089631476952,0.7583063460359714,0.19129738288827614,0.5670442708338058,0.7485453744074505,0.18150110357364468,0.04868609508358162,0.05388946570923181,0.03939975264398157,0.04409297190838013
nav-robust,working_p3,2026-10-02 new working P3,359,3.58,3.59,x,-0.03546602398557916,0.18896789526281255,0.2244339192483917,-0.03483405254401302,0.1889678023546419,0.2238018548986549,0.04895481735739945,0.05080626613514706,0.04823265240516423,0.050174127866261665
nav-robust,working_p3,2026-10-02 new working P3,359,3.58,3.59,y,0.5584513755902337,0.7484410817931845,0.18998970620295075,0.5584867344414928,0.7387512290509188,0.18026449460942606,0.04835916865490386,0.05353851540305943,0.03914427163273029,0.04381291597050807
nav-robust,working_p3,2026-10-02 new working P3,360,3.59,3.6,x,-0.03490083618877828,0.18956679520816128,0.22446763139693957,-0.03420390567057123,0.18956670224624717,0.2237706079168184,0.04900276171707971,0.05100364292539329,0.048233563891303774,0.05030654508531881
nav-robust,working_p3,2026-10-02 new working P3,360,3.59,3.6,y,0.5499640309415241,0.738646655460994,0.18868262451946982,0.5499994392899334,0.7290283688476629,0.17902892955772942,0.04803220660440641,0.05318610031816651,0.03888901214697754,0.04353184787451969
nav-robust,working_p3,2026-10-02 new working P3,361,3.6,3.61,x,-0.034266595056899524,0.1901795481946126,0.22444614325151213,-0.033515086105188274,0.19017951475496794,0.22369460086015622,0.04903099998401113,0.05118251496078642,0.048226230645672136,0.05043088364485024
nav-robust,working_p3,2026-10-02 new working P3,361,3.6,3.61,y,0.5415470552183924,0.7289230290571198,0.1873759738387274,0.541581144010137,0.7193767450563289,0.17779560104619185,0.047704167695336974,0.05283167847509007,0.038633974690571504,0.04324961045781539
nav-robust,working_p3,2026-10-02 new working P3,362,3.61,3.62,x,-0.03357144494028043,0.19079540932558134,0.22436685426586178,-0.03277546764124429,0.19079537588713238,0.22357084352837667,0.04903760161465036,0.051338681143825754,0.048208275659449996,0.05054258132212683
nav-robust,working_p3,2026-10-02 new working P3,362,3.61,3.62,y,0.5331966761061482,0.7192709657950415,0.18607428968889328,0.5332307663335905,0.709796284075329,0.17656551774173856,0.04737899545482487,0.05247685927010737,0.03837895466124542,0.04296629030999777
nav-robust,working_p3,2026-10-02 new working P3,363,3.62,3.63,x,-0.03282625403399477,0.19141459557708326,0.22424084961107804,-0.0319865439854812,0.1914145621399764,0.2234011061254576,0.04903451697007649,0.051482995760183926,0.048181103089948205,0.050643163037291494
nav-robust,working_p3,2026-10-02 new working P3,363,3.62,3.63,y,0.5249138879601667,0.7096907389442005,0.18477685098403385,0.5249479794008242,0.7002878649928308,0.17533988559200664,0.047054828006214834,0.052122099037437364,0.0381250131566129,0.042683237503081894
nav-robust,working_p3,2026-10-02 new working P3,364,3.63,3.64,x,-0.03203188222955235,0.19203697038388917,0.2240688526134415,-0.03114917591953432,0.1920369369482708,0.2231861128678051,0.049021906381509696,0.0516164210327575,0.04814487347771393,0.05073359190336907
nav-robust,working_p3,2026-10-02 new working P3,364,3.63,3.64,y,0.5166986863935867,0.7001825525797272,0.18348386618614043,0.5167327788249922,0.6908516861206757,0.17411890729568347,0.04673166560591325,0.05176740591445739,0.037872147859331,0.04240045441309492
nav-robust,working_p3,2026-10-02 new working P3,365,3.64,3.65,x,-0.03118907407019883,0.19266239924652798,0.2238514733167268,-0.030264108836420042,0.19266236581254445,0.22292647464896448,0.048999476548174936,0.051738228617759355,0.0480992937178709,0.05081314042634562
nav-robust,working_p3,2026-10-02 new working P3,365,3.64,3.65,y,0.5085510666901382,0.6907466481083017,0.1821955814181635,0.5085851598898402,0.6814879830984226,0.1729028232085824,0.04640953931512262,0.05141287536147754,0.037620387256200344,0.04211803073503173
nav-robust,working_p3,2026-10-02 new working P3,366,3.65,3.66,x,-0.030298630148954255,0.19329075080562524,0.2235893809545795,-0.029332144138560095,0.1932907173734229,0.222622861511983,0.0489677654287911,0.051848544229225205,0.048044901951607176,0.05088193512966076
nav-robust,working_p3,2026-10-02 new working P3,366,3.65,3.66,y,0.5004710239005394,0.6813832663158901,0.18091224241535064,0.5005051176461032,0.6721969909413483,0.17169187329524516,0.04608852926522403,0.051058612614087506,0.03736980890361654,0.04183606593546574
nav-robust,working_p3,2026-10-02 new working P3,367,3.66,3.67,x,-0.02936135593946746,0.19392195287443328,0.22328330881390074,-0.028354088068623926,0.19392191944415849,0.22227600751278243,0.048927184506608316,0.051947501761136494,0.0479821098312115,0.05094011067631844
nav-robust,working_p3,2026-10-02 new working P3,367,3.66,3.67,y,0.4924585535741831,0.6720926414718719,0.17963408789768875,0.4924926476431913,0.6629789381448409,0.1704862905016496,0.04576872384352982,0.05070472138890625,0.03712049861339183,0.0415546579585655
nav-robust,working_p3,2026-10-02 new working P3,368,3.67,3.68,x,-0.028378057988419924,0.1945558781957513,0.2229339361841712,-0.027330747901921745,0.19455584476755033,0.22188659266947208,0.04887739638245919,0.05203523575593226,0.047910580113124074,0.05098780233738807
nav-robust,working_p3,2026-10-02 new working P3,368,3.67,3.68,y,0.4845136507988909,0.6628750009898613,0.17836135019097038,0.4845477449689446,0.6538340463454861,0.16928630137654155,0.045450196745916625,0.050351303245008916,0.03687252750545725,0.04127390258778518
nav-robust,working_p3,2026-10-02 new working P3,369,3.68,3.69,x,-0.027349762543778692,0.1951923480803174,0.2225421106240961,-0.026263150574648553,0.19519231465433662,0.22145546522898518,0.048818870115736435,0.052112318741808994,0.04783078199891379,0.05102558332929545
nav-robust,working_p3,2026-10-02 new working P3,369,3.68,3.69,y,0.4766363076586298,0.6537305654228914,0.17709425776426163,0.4766704017601476,0.6447625303165171,0.1680921285563695,0.045133007992669755,0.04999845757985588,0.036625953019552106,0.040993893442060614
nav-robust,working_p3,2026-10-02 new working P3,370,3.69,3.7,x,-0.026277455733923028,0.19583119813944408,0.22210865387336712,-0.025152282863003483,0.19583116471582976,0.22098344757883323,0.048751792074340064,0.05217924167178254,0.047742901985225634,0.05105394525287736
nav-robust,working_p3,2026-10-02 new working P3,370,3.69,3.7,y,0.46882651991531293,0.644659558017377,0.17583303810206402,0.46886061374725513,0.6357646075220424,0.16690399377478732,0.044817211151965235,0.049646300742226535,0.0363808261497411,0.04071474108900741
nav-robust,working_p3,2026-10-02 new working P3,371,3.7,3.71,x,-0.025162639940734487,0.196472346055028,0.22163498599576248,-0.02399964775627426,0.19647231263392642,0.22047196039020067,0.04867572500709825,0.052237526642346405,0.04764650293620196,0.05107441081203428
nav-robust,working_p3,2026-10-02 new working P3,371,3.7,3.71,y,0.46108426061871666,0.6356622065174743,0.17457794589875764,0.461118353958737,0.6268404999216718,0.16572214596293477,0.04450277489053101,0.049294968826932184,0.03613711298759033,0.0404365758398999
nav-robust,working_p3,2026-10-02 new working P3,372,3.71,3.72,x,-0.024005215840907465,0.19711567565038696,0.22112089149129444,-0.022805146498143837,0.1971156422319444,0.21992078873008822,0.04859148133021909,0.052285491172230456,0.04754239736993509,0.05108529809248516
nav-robust,working_p3,2026-10-02 new working P3,372,3.71,3.72,y,0.45340954671538486,0.6267387108577918,0.1733291641424069,0.45344363934115844,0.6179904016634915,0.16454676232233306,0.04418983538324953,0.048944554077049784,0.03589494712333541,0.04015948415217019
nav-robust,working_p3,2026-10-02 new working P3,373,3.72,3.73,x,-0.022805810329178555,0.19776097610855692,0.22056678643773547,-0.02156940650991746,0.19776094269291963,0.2193303492028371,0.04849886417902652,0.05232290441606652,0.04743038851020445,0.0510863767754307
nav-robust,working_p3,2026-10-02 new working P3,373,3.72,3.73,y,0.4458023728129047,0.6178892408635198,0.17208686805061513,0.4458364645021286,0.6092144767844601,0.16337801228233145,0.04387844340567121,0.04859510224899122,0.03565437676162579,0.03988350599474255
nav-robust,working_p3,2026-10-02 new working P3,374,3.73,3.74,x,-0.02156523507603193,0.19840811265703848,0.2199733477330704,-0.020293239948227505,0.19840807924435266,0.21870131919258018,0.04839763277900639,0.05234990387672169,0.04731023565752408,0.05107778484988616
nav-robust,working_p3,2026-10-02 new working P3,374,3.73,3.74,y,0.4382627332969716,0.6091142808000077,0.17085154750303616,0.43829682382736584,0.6005132037602505,0.16221637993288468,0.04356865371021256,0.048247298026057206,0.035415454074984615,0.03960932026185293
nav-robust,working_p3,2026-10-02 new working P3,375,3.74,3.75,x,-0.02028430246477351,0.19905695096995113,0.21934125343472463,-0.01897745964210871,0.19905691756036303,0.21803437720247174,0.04828848506588686,0.05236662755084503,0.047182636809225,0.0510596607582291
nav-robust,working_p3,2026-10-02 new working P3,375,3.74,3.75,y,0.43079062239891647,0.6004137232034313,0.16962310080451487,0.4308247115482248,0.5918864693361834,0.16106175778795856,0.043260516520504576,0.04790065421484402,0.03517822670524908,0.03933643396972142
nav-robust,working_p3,2026-10-02 new working P3,376,3.75,3.76,x,-0.018963825540342615,0.19970735586390997,0.2186711814042526,-0.017622879041812593,0.19970732245756578,0.21733020149937837,0.048171307811711826,0.052373213907326424,0.04704747878553084,0.051032143374661
nav-robust,working_p3,2026-10-02 new working P3,376,3.75,3.76,y,0.42338603431766964,0.5917877348249664,0.16840170050729675,0.4234201218636603,0.5833344344716652,0.15991431260800493,0.04295403095389387,0.04755524363541597,0.03494269120108526,0.03906491414698943
nav-robust,working_p3,2026-10-02 new working P3,377,3.76,3.77,x,-0.017604618204017725,0.20036018322636867,0.2179648014303864,-0.016230312413517682,0.20036014982341457,0.21659046223693226,0.04804616614808142,0.052369802357223424,0.0469048267528009,0.05099537247513859
nav-robust,working_p3,2026-10-02 new working P3,377,3.76,3.77,y,0.41604893855205255,0.5832364808969092,0.1671875423448566,0.41608302427251903,0.5748572586065744,0.1587742343340554,0.04264923258595281,0.04721114765294265,0.034708880544422546,0.03879483636662262
nav-robust,working_p3,2026-10-02 new working P3,378,3.77,3.78,x,-0.016207494669903476,0.2010143671877571,0.21722186185766057,-0.01480057429582257,0.20101433378833924,0.21581490808416182,0.04791343569215303,0.05235653224815856,0.04675505634953413,0.05094948773177719
nav-robust,working_p3,2026-10-02 new working P3,378,3.77,3.78,y,0.4087793212377905,0.574760123765223,0.16598080252743252,0.4088134049105525,0.5664550982940736,0.15764169338352108,0.0423462136219216,0.04686845344744983,0.03447688438111176,0.038526282015926894
nav-robust,working_p3,2026-10-02 new working P3,379,3.78,3.79,x,-0.014773290559900093,0.2016697055697386,0.2164429961296387,-0.013334500594723223,0.20166967217400314,0.21500417276872635,0.047773335827641566,0.05233358510683542,0.046598386967372764,0.050894670955374685
nav-robust,working_p3,2026-10-02 new working P3,379,3.78,3.79,y,0.40157720756256104,0.5663588678150574,0.16478166025249635,0.4016112889654653,0.5581281521263929,0.1565168631609276,0.04204501119032333,0.046527343704001245,0.03424673723651109,0.03825942798699555
nav-robust,working_p3,2026-10-02 new working P3,380,3.79,3.8,x,-0.013302820395024527,0.20232606782031867,0.2156288882153432,-0.011832906074943455,0.20232603442841174,0.21415894050335518,0.04762585374203125,0.052301099757506825,0.04643480578831763,0.050831061213889056
nav-robust,working_p3,2026-10-02 new working P3,380,3.79,3.8,y,0.39444259124504927,0.5580328074028433,0.16359021615779407,0.3944766701559701,0.5498765086671908,0.15539983851122074,0.04174562141511274,0.046187792806969497,0.03401843267517949,0.037994242871244865
nav-robust,working_p3,2026-10-02 new working P3,381,3.8,3.81,x,-0.011796834271445532,0.2029811694659753,0.21477800373742084,-0.010306323613300935,0.2029750741430518,0.21328139775635274,0.04746564664871496,0.05224936421544946,0.046263911710137766,0.050758790050484046
nav-robust,working_p3,2026-10-02 new working P3,381,3.8,3.81,y,0.3873753963824577,0.5497795169637483,0.16240412058129056,0.38740718719246126,0.5416977359957399,0.15429054880327864,0.04144545726043971,0.04584726841452613,0.033791923072051935,0.0377307091093364
nav-robust,working_p3,2026-10-02 new working P3,382,3.81,3.82,x,-0.010265295775568718,0.2036155263317982,0.21388082210736692,-0.008764352368223077,0.20360947764210469,0.21237383001032775,0.04728485427021159,0.052177614656576804,0.04608592014954339,0.05067660776046748
nav-robust,working_p3,2026-10-02 new working P3,382,3.81,3.82,y,0.38036952627991494,0.5416013915735063,0.16123186529359135,0.38040132402927795,0.533589165056834,0.153187841027556,0.04115394591948754,0.04551547812897455,0.03356646995488116,0.037468475365047826
nav-robust,working_p3,2026-10-02 new working P3,383,3.82,3.83,x,-0.008718918992944922,0.20423633907738584,0.21295525807033075,-0.007207923712814959,0.2042303370278189,0.21143826074063385,0.047098184621717956,0.052096673196406186,0.04590217610267974,0.05058561444656662
nav-robust,working_p3,2026-10-02 new working P3,383,3.82,3.83,y,0.37342678649138994,0.5334939581341969,0.16006717164280693,0.3734585911289563,0.5255512810906023,0.15209268996164604,0.04086417251355692,0.04518597259837781,0.03334274705772745,0.03720852219590909
nav-robust,working_p3,2026-10-02 new working P3,384,3.83,3.84,x,-0.007158155427382155,0.20484373804466363,0.2120018934720458,-0.005637489033570159,0.20483778264206998,0.21047527167564015,0.04690566918882185,0.05200668121477913,0.045712704778558357,0.050485951371308124
nav-robust,working_p3,2026-10-02 new working P3,384,3.83,3.84,y,0.3665472349765353,0.5254571445084157,0.15890990953188044,0.36657904645114264,0.5175840103630361,0.1510049639118935,0.0405761038695434,0.044858620737156074,0.03312072085992255,0.036950716919435855
nav-robust,working_p3,2026-10-02 new working P3,385,3.84,3.85,x,-0.005583459384207773,0.20543786442061268,0.21102132380482044,-0.004053502512523678,0.20543195567178918,0.20948545818431286,0.046707620857092055,0.05190778593107586,0.045517826402988265,0.05037776563077946
nav-robust,working_p3,2026-10-02 new working P3,385,3.84,3.85,y,0.3597309074636779,0.5174909530286156,0.15776004556493767,0.3597627257241575,0.5096873536105934,0.14992462788643585,0.040289765291375866,0.04453344356795724,0.032900416317931516,0.036695078961970995
nav-robust,working_p3,2026-10-02 new working P3,386,3.85,3.86,x,-0.003995287742331111,0.20601885994108607,0.21001414768341717,-0.002456420899317201,0.2060129978527797,0.2084694187520969,0.0465041244832614,0.05180013996056083,0.04531761858820874,0.05026120971097698
nav-robust,working_p3,2026-10-02 new working P3,386,3.85,3.86,y,0.35297782410552353,0.5095953843387037,0.15661756023318013,0.3530096491007004,0.5018613098818178,0.1488516607811174,0.04000514642218134,0.04421046190681083,0.03268182272751989,0.036441627543859656
nav-robust,working_p3,2026-10-02 new working P3,387,3.86,3.87,x,-0.0023940997183998437,0.20658686575503407,0.20898096547343392,-0.0008467032753580972,0.206581050333942,0.2074277536093001,0.04629506350192359,0.05168390085506589,0.04511197131717218,0.050136441028491796
nav-robust,working_p3,2026-10-02 new working P3,387,3.86,3.87,y,0.34628800438693863,0.5017704377869198,0.15548243339998113,0.34631983606563155,0.4941058769302376,0.14778604086460606,0.03972217316697244,0.04388969715127661,0.03246486564644382,0.03619038246761874
nav-robust,working_p3,2026-10-02 new working P3,388,3.87,3.88,x,-0.0007823366225394943,0.20714202391908174,0.20792436054162122,0.0007732091904383567,0.20713625517185127,0.20636304598141292,0.04608070176915289,0.05156318773537119,0.04490114903497291,0.05000757856289333
nav-robust,working_p3,2026-10-02 new working P3,388,3.87,3.88,y,0.3396614696312653,0.4940165291275407,0.15435505949627537,0.339693307942287,0.4864214689160929,0.14672816097380587,0.03944087561530746,0.04357199263209788,0.032249574817112346,0.03594218546961275
nav-robust,working_p3,2026-10-02 new working P3,389,3.88,3.89,x,0.0008388706374521513,0.20768447673419588,0.20684560609674374,0.0024021857374517596,0.20767875466742441,0.20527656892997265,0.04586140324971375,0.05143950073439442,0.04468551566824216,0.04987612229992143
nav-robust,working_p3,2026-10-02 new working P3,389,3.88,3.89,y,0.33309823970563873,0.48633382873512576,0.15323558902948703,0.33313008459779575,0.47880825462059845,0.1456781700228027,0.039161297550977976,0.04325771232704678,0.032035993676277595,0.03569739893391699
nav-robust,working_p3,2026-10-02 new working P3,390,3.89,3.9,x,0.0024717201220823782,0.20821437292634054,0.20574265280425816,0.004042424579331054,0.20820869754657564,0.2041662729672446,0.045636997109125624,0.05130768748565776,0.04446489459022267,0.049736919719956134
nav-robust,working_p3,2026-10-02 new working P3,390,3.89,3.9,y,0.3265983343610833,0.478721796087911,0.15212346172682767,0.32663018578317615,0.4712656919293622,0.14463550614618603,0.038883373214448264,0.04294582625021931,0.03182405611747662,0.03545499128163648
nav-robust,working_p3,2026-10-02 new working P3,391,3.9,3.91,x,0.004115758165260747,0.2087318500378116,0.20461609187255086,0.005693472209088795,0.20872622135155094,0.20303274914246214,0.04540746476725657,0.051167895624877884,0.04423927127188802,0.049590118299610624
nav-robust,working_p3,2026-10-02 new working P3,391,3.9,3.91,y,0.3201617734207649,0.47118048338283763,0.15101870996207273,0.3201936313215881,0.46379383144743325,0.14360020012584512,0.03860708219704384,0.04263647434051032,0.031613741385222355,0.035215100859400605
nav-robust,working_p3,2026-10-02 new working P3,392,3.91,3.92,x,0.005770529530165981,0.20923704714072403,0.20346651761055803,0.00735487355496502,0.20923146515441537,0.20187659159945034,0.045172851688639944,0.05102027625195585,0.044008692800831604,0.04943586897372414
nav-robust,working_p3,2026-10-02 new working P3,392,3.91,3.92,y,0.31378857600700555,0.4637098946638496,0.14992131865684405,0.31382044033534756,0.4563926756276208,0.14257223529227325,0.03833242858525828,0.042329703402023244,0.031405053219312896,0.034977772879794145
nav-robust,working_p3,2026-10-02 new working P3,393,3.92,3.93,x,0.00743557932867078,0.20973010272118914,0.20229452339251836,0.009026173899848992,0.2097245674412304,0.2006983935413814,0.0449332894854705,0.05086498010654191,0.04377329074757421,0.04927432231092983
nav-robust,working_p3,2026-10-02 new working P3,393,3.92,3.93,y,0.3074787397255459,0.45630994033358474,0.14883120060803884,0.30751061043018935,0.4490621332822061,0.14155152285201678,0.03805940038857814,0.04202537613806623,0.031197979282658793,0.03474286845537433
nav-robust,working_p3,2026-10-02 new working P3,394,3.93,3.94,x,0.009110427641260166,0.21021115781965863,0.20110073017839847,0.010706893501194411,0.21020566925239778,0.19949877575120337,0.04468898034441278,0.05070220833860329,0.04353325918821405,0.04910567928422574
nav-robust,working_p3,2026-10-02 new working P3,394,3.93,3.94,y,0.30123211380032816,0.4489806040677158,0.14774849026738762,0.3012639908300497,0.44180218649730435,0.14053819566725467,0.03778800587813392,0.04172350497142718,0.030992527499936542,0.03451039841896669
nav-robust,working_p3,2026-10-02 new working P3,395,3.94,3.95,x,0.010794578230332036,0.2106803548086121,0.19988577657828008,0.012396536304316705,0.21067491296034727,0.19827837665603057,0.04444000197984224,0.05053219509264195,0.043288682190516854,0.04893017385519575
nav-robust,working_p3,2026-10-02 new working P3,395,3.94,3.95,y,0.29504890141272705,0.4417218676064714,0.14667296619374437,0.29508078471629756,0.43461281542440694,0.13953203070810938,0.037518210363101795,0.04142410162133997,0.030788662833992727,0.03428037290065261
nav-robust,working_p3,2026-10-02 new working P3,396,3.95,3.96,x,0.012487646193433146,0.21113783734386596,0.1986501911504328,0.014094717595625767,0.21113244222084532,0.19703772462521954,0.04418658400110848,0.05035495221972394,0.04303979099427553,0.04874781768604222
nav-robust,working_p3,2026-10-02 new working P3,396,3.95,3.96,y,0.28892913111164165,0.4345337100810819,0.14560457896944023,0.28896102063782614,0.4274939976068476,0.13853297696902145,0.0372500203325918,0.04112717578424413,0.03058639142773457,0.03405280000854927
nav-robust,working_p3,2026-10-02 new working P3,397,3.96,3.97,x,0.014189177747562755,0.21158374498104154,0.19739456723347878,0.015800983786926195,0.21157839658946337,0.1957774128025372,0.04392875673041262,0.0501706297160128,0.042786609782533,0.048558760578122764
nav-robust,working_p3,2026-10-02 new working P3,397,3.96,3.97,y,0.28287282148089693,0.42741610843071814,0.14454328694982121,0.2829047171784548,0.42044570839676304,0.13754099121830826,0.03698341059337317,0.04083273594484749,0.030385687741857792,0.033827686639894106
nav-robust,working_p3,2026-10-02 new working P3,398,3.97,3.98,x,0.01589869879085456,0.21201821930978146,0.1961195205189269,0.01751486097709585,0.21201291765579414,0.1944980566786983,0.04366669928273589,0.049979418552409935,0.04252932060830727,0.04836319330159406
nav-robust,working_p3,2026-10-02 new working P3,398,3.97,3.98,y,0.2768799907655923,0.42036904214987725,0.14348905138428497,0.2769118925832771,0.4134679257024987,0.1365560331192216,0.036718370764653285,0.04054079861710591,0.030186541049627966,0.0336050477220447
nav-robust,working_p3,2026-10-02 new working P3,399,3.98,3.99,x,0.017615775767674445,0.21244140044959112,0.19482562468191666,0.01923591581718003,0.2124361455392931,0.19320022972211306,0.04340081386182262,0.0497814291269344,0.04226832874123461,0.048161226047795165
nav-robust,working_p3,2026-10-02 new working P3,399,3.98,3.99,y,0.2709506571696574,0.4133924791271731,0.1424418219575157,0.2709825650562171,0.40656061582742065,0.13557805077120355,0.03645487431077272,0.040251360755509,0.029988924469577974,0.03338487862378581
nav-robust,working_p3,2026-10-02 new working P3,400,3.99,4.0,x,0.01933995528042432,0.21285343882158134,0.19351348354115702,0.020963695122191792,0.21284823066102113,0.19188453553882934,0.04313088165852734,0.04957681188857003,0.04200340627628532,0.047953009053098156
nav-robust,working_p3,2026-10-02 new working P3,400,3.99,4.0,y,0.2650848377656305,0.4064863895682803,0.1414015518026498,0.2651167516698075,0.39972374739288036,0.13460699572307283,0.03619294054992597,0.03996442688450086,0.029792856974231154,0.03316718228477067
nav-robust,working_p3,2026-10-02 new working P3,401,4.0,4.01,x,0.021065096014614485,0.21325417072802796,0.19218907471341348,0.022690446817052064,0.21324428716691965,0.19055384034986758,0.04286243660127898,0.04936935425084575,0.0417339111158579,0.04773762303392373
nav-robust,working_p3,2026-10-02 new working P3,401,4.0,4.01,y,0.2592824086590696,0.3996472391621286,0.14036483050305898,0.25931168105499536,0.3929537888509067,0.13364210779591135,0.03592970599089871,0.03967652766735208,0.029598552615821224,0.0329520288317976
nav-robust,working_p3,2026-10-02 new working P3,402,4.01,4.02,x,0.022794603644395724,0.2136298946007167,0.19083529095632099,0.024407186839187953,0.2136201527254187,0.18921296588623077,0.0425711262633867,0.04913567641378168,0.04146058655489595,0.04751669246809147
nav-robust,working_p3,2026-10-02 new working P3,402,4.01,4.02,y,0.2535362777177617,0.39287787501037497,0.13934159729261325,0.2535655800253886,0.38624651718591413,0.13268093716052554,0.03567565956731715,0.03940048101557547,0.02940418268043389,0.032738079227016215
nav-robust,working_p3,2026-10-02 new working P3,403,4.02,4.03,x,0.02451347186878291,0.21398660070514616,0.18947312883636325,0.026113246783873906,0.2139770006026241,0.18786375381875017,0.04227808136733349,0.0488976647381689,0.04118538723233071,0.047291468738079365
nav-robust,working_p3,2026-10-02 new working P3,403,4.02,4.03,y,0.24784869387175992,0.38617157462403606,0.13832288075227614,0.2478780255804088,0.37960230015584845,0.13172427457543964,0.035422492482375126,0.0391263948014699,0.029210725407516284,0.03252608093943771
nav-robust,working_p3,2026-10-02 new working P3,404,4.03,4.04,x,0.02622172290907002,0.21432460250133498,0.18810287959226496,0.0278086488770314,0.214315144256922,0.18650649537989059,0.04198341742875718,0.04865519345700199,0.04090842859520863,0.04706182607225892
nav-robust,working_p3,2026-10-02 new working P3,404,4.03,4.04,y,0.24221971737542822,0.3795283439199468,0.13730862654451856,0.2422490779741787,0.37302114365750605,0.13077206568332736,0.03517020762177041,0.03885429924760786,0.029018183346496862,0.032316064171595105
nav-robust,working_p3,2026-10-02 new working P3,405,4.04,4.05,x,0.027919258422778988,0.21464421174338477,0.1867249533206058,0.029493294780818642,0.21463489544078085,0.1851416006599622,0.04168712339008164,0.048408377933206785,0.04062969951814592,0.04682787982892409
nav-robust,working_p3,2026-10-02 new working P3,405,4.04,4.05,y,0.23664940740024876,0.37294820484880475,0.136298797448556,0.23667879637794392,0.3665030696215485,0.12982427324360457,0.03491877555559024,0.03858425665563342,0.028826526731050496,0.03210809120509528
nav-robust,working_p3,2026-10-02 new working P3,406,4.05,4.06,x,0.029605978449597035,0.21494574132617136,0.18533976287657433,0.031167084539567905,0.21493656704744266,0.18376948250787475,0.04138947363360743,0.048157336768659784,0.04034947431641955,0.04658974860531072
nav-robust,working_p3,2026-10-02 new working P3,406,4.05,4.06,y,0.23113782182812456,0.36643106478565635,0.13529324295753178,0.23116723867337594,0.3600479854029877,0.12888074672961178,0.03466818166430137,0.03831610019103626,0.02863574060509044,0.03190199518539255
nav-robust,working_p3,2026-10-02 new working P3,407,4.06,4.07,x,0.031281782266010645,0.21522950538115593,0.1839477231151453,0.03282991743441951,0.21522047320673418,0.18239055577231467,0.04109039100352794,0.04790219009763053,0.04006767576798362,0.04634755253103889
nav-robust,working_p3,2026-10-02 new working P3,407,4.06,4.07,y,0.22568501504992827,0.3599769026176203,0.134291887567692,0.22571445925112077,0.3536558698689104,0.12794141061778963,0.03441841534956054,0.03804980606977565,0.028445814033580583,0.031697752308412985
nav-robust,working_p3,2026-10-02 new working P3,408,4.07,4.08,x,0.03294656687465555,0.21549581798037315,0.1825492511057176,0.03448169047267181,0.215486927989055,0.1810052375163832,0.04079013623374836,0.047643062602501104,0.039784564541288724,0.04610141628383246
nav-robust,working_p3,2026-10-02 new working P3,408,4.07,4.08,y,0.22029104396799434,0.35358569853688665,0.1332946545688923,0.22032051501329103,0.3473267031914765,0.1270061881781855,0.034169459745570153,0.03778535312157494,0.028256729813892996,0.03149534138384891
nav-robust,working_p3,2026-10-02 new working P3,409,4.08,4.09,x,0.03460023546134597,0.21574499140072223,0.18114475593937626,0.0361223068448104,0.21573624366966868,0.17961393682485827,0.04048888662494181,0.04738006663322181,0.03950031787233835,0.045851452208974706
nav-robust,working_p3,2026-10-02 new working P3,409,4.08,4.09,y,0.21495596346284726,0.34725743059881686,0.1323014671359696,0.21498546084019438,0.3410604634060195,0.1260750025658251,0.03392129083387599,0.03752271604268265,0.02806846359060744,0.03129473708791969
nav-robust,working_p3,2026-10-02 new working P3,410,4.09,4.1,x,0.0362426904050646,0.2159773385582075,0.17973464815314288,0.037751668934498175,0.21596873316294324,0.17821706422844508,0.040186504457254774,0.04711331615819063,0.03921479797739451,0.045597774270187866
nav-robust,working_p3,2026-10-02 new working P3,410,4.09,4.1,y,0.20967982654670334,0.34099207534828174,0.1313122488015784,0.20970934974383512,0.3348571270373841,0.12514777729354895,0.033673886750232744,0.03726186652930269,0.027880993162378794,0.03109591109680221
nav-robust,working_p3,2026-10-02 new working P3,411,4.1,4.11,x,0.03787382499457266,0.2161931732022907,0.17831934820771805,0.039369670035185274,0.21618471021670363,0.17681504018151836,0.039883079712761414,0.04684294329682483,0.0389280947754325,0.04534051458220464
nav-robust,working_p3,2026-10-02 new working P3,411,4.1,4.11,y,0.20446268496789538,0.33478961280210356,0.13032692783420818,0.204492233472339,0.3287166740823689,0.12422444061002988,0.03342722136867482,0.03700278310376737,0.027694292066009707,0.03089884191280412
nav-robust,working_p3,2026-10-02 new working P3,412,4.11,4.12,x,0.03949354832359955,0.21639280924070134,0.17689926091710179,0.040976219245298845,0.21638448873704194,0.1754082694917431,0.03957865195174937,0.04656904863800963,0.03864024776442683,0.045079773729216885
nav-robust,working_p3,2026-10-02 new working P3,412,4.11,4.12,y,0.19930458924654848,0.3286500188571581,0.12934542961060963,0.19933416254562886,0.3226390804178277,0.12330491787219883,0.03318127438253669,0.03674543637278532,0.027508339657472628,0.030703500122610916
nav-robust,working_p3,2026-10-02 new working P3,413,4.12,4.13,x,0.041101761089073915,0.21657656073524512,0.1754747996461712,0.04257121726647401,0.21656838278412588,0.17399716551765187,0.03927335321162543,0.046291749536922916,0.03835138892025725,0.04481566906170039
nav-robust,working_p3,2026-10-02 new working P3,413,4.12,4.13,y,0.19420558867411986,0.32257327141953424,0.12836768274541438,0.19423518625496472,0.31662432392982987,0.12238913767486514,0.0329360522049878,0.0364898008517659,0.02732314201244682,0.03050986022161145
nav-robust,working_p3,2026-10-02 new working P3,414,4.13,4.14,x,0.04269836467702923,0.21674474189761025,0.17404637722058103,0.04415456548945953,0.21673670656800523,0.1725821410785457,0.038967261650604636,0.046011161982956364,0.03806159634039814,0.04454831656433595
nav-robust,working_p3,2026-10-02 new working P3,414,4.13,4.14,y,0.1891657313129523,0.3165593478996782,0.1273936165867259,0.18919535266249699,0.3106723820088039,0.12147702934630694,0.03269153786875518,0.03623585011670444,0.02713868182604262,0.030317895765782255
nav-robust,working_p3,2026-10-02 new working P3,415,4.14,4.15,x,0.04428326060797679,0.21689767058323156,0.17261440997525476,0.04572616543949075,0.21688977794247577,0.171163612502985,0.03866044718884174,0.04572740170685816,0.037770939885050155,0.0442778319631521
nav-robust,working_p3,2026-10-02 new working P3,415,4.14,4.15,y,0.18418501082215266,0.310608225741483,0.12642321491933034,0.18421465542714502,0.30478323207862745,0.12056857665148243,0.03244769737724967,0.03598355785367635,0.02695492476392951,0.0301275804211823
nav-robust,working_p3,2026-10-02 new working P3,416,4.15,4.16,x,0.045857055870323404,0.21703565881449546,0.17117860294417206,0.04728662410970728,0.21702790892828439,0.16974128481857712,0.03835307638172965,0.0454398831158533,0.03747958605043903,0.04400362966064538
nav-robust,working_p3,2026-10-02 new working P3,416,4.15,4.16,y,0.17926350536219673,0.3047198823718852,0.12545637700968845,0.17929317270920206,0.2989568515462235,0.11966367883702142,0.03220451110495909,0.03573289774401972,0.026771850862731244,0.02993888784913512
nav-robust,working_p3,2026-10-02 new working P3,417,4.16,4.17,x,0.04741896530610756,0.2171590202012143,0.16974005489510674,0.048835156346889216,0.2171514131336034,0.1683162567867142,0.038045176249379586,0.04514940716102227,0.03718756179829594,0.04372651060315909
nav-robust,working_p3,2026-10-02 new working P3,417,4.16,4.17,y,0.17440173155189023,0.2988944618776507,0.12449273032576044,0.17443142112729618,0.29319338447834664,0.11876196335105046,0.03196196055838243,0.03548417679677407,0.02658944129096178,0.029752125038667865
nav-robust,working_p3,2026-10-02 new working P3,418,4.17,4.18,x,0.048968888575206884,0.21726806951106103,0.16829918093585416,0.050371661815664534,0.2172606053244653,0.1668889435088008,0.03773699877239395,0.044856093132530944,0.036895119051630614,0.04344659407611312
nav-robust,working_p3,2026-10-02 new working P3,418,4.17,4.18,y,0.16959910350387883,0.2931317842659457,0.12353268076206689,0.1696288147939003,0.28749265086215403,0.11786383606825374,0.031720034758017324,0.03523705390865817,0.026407684731014645,0.02956695086648914
nav-robust,working_p3,2026-10-02 new working P3,419,4.18,4.19,x,0.050506729089610555,0.21736312164283622,0.16685639255322565,0.05189604393278154,0.2173558003980297,0.16545975646524816,0.03742864321856157,0.0445600528454151,0.03660235702142687,0.04316399188978851
nav-robust,working_p3,2026-10-02 new working P3,419,4.18,4.19,y,0.16485584833862518,0.28743181171143656,0.12257596337281138,0.1648855808293093,0.2818546128523047,0.11696903202299538,0.0314787345433719,0.034991472429661274,0.02622658168417659,0.029383308662579877
nav-robust,working_p3,2026-10-02 new working P3,420,4.19,4.2,x,0.052032248949346785,0.21744449161992302,0.16541224267057625,0.053408064803036365,0.2174373133760383,0.16402924857300194,0.037120019993712464,0.044261680734941286,0.03630918605749758,0.04287909847468828
nav-robust,working_p3,2026-10-02 new working P3,420,4.19,4.2,y,0.16017200660525488,0.281794521274997,0.12162251466974211,0.16020175978248574,0.2762792474896675,0.11607748770718174,0.031238024140328714,0.03474740546844962,0.026046096037993433,0.029201171515600394
nav-robust,working_p3,2026-10-02 new working P3,421,4.2,4.21,x,0.05354023533505074,0.2175122336786463,0.16397199834359555,0.05490254276877371,0.21750275546116876,0.16260021269239505,0.03681420505146814,0.04396646223541506,0.03601512194399025,0.04259247674061112
nav-robust,working_p3,2026-10-02 new working P3,421,4.2,4.21,y,0.1555474984712325,0.27621637700596635,0.12066887853473385,0.15557427415230038,0.27076302038872246,0.11518874623642208,0.03099491639865805,0.03450143178638396,0.025866466547621064,0.0290207538552531
nav-robust,working_p3,2026-10-02 new working P3,422,4.21,4.22,x,0.055036102239911226,0.21755969216689366,0.16252358992698243,0.056375147070639044,0.21755040148762156,0.16117525441698252,0.03649756536423189,0.04365392476074086,0.03572072174626689,0.042303295376017895
nav-robust,working_p3,2026-10-02 new working P3,422,4.21,4.22,y,0.15097394386494623,0.27070009351613866,0.11972614965119244,0.1510007559643332,0.26530138994398106,0.11430063397964785,0.03076077981337462,0.03426623154865649,0.02568613867163847,0.028840175371251525
nav-robust,working_p3,2026-10-02 new working P3,423,4.22,4.23,x,0.056509097747661906,0.21759010972223786,0.16108101197457594,0.05782506706169818,0.2175810067209757,0.1597559396592775,0.03618230605569478,0.043340994869794834,0.03542740624207921,0.0420135345810697
nav-robust,working_p3,2026-10-02 new working P3,423,4.22,4.23,y,0.14645404096873477,0.2652388790559294,0.11878483808719464,0.14648088850543134,0.25989489103262886,0.11341400252719752,0.03052675165812954,0.034031738929273025,0.02550599995989576,0.02866036724618906
nav-robust,working_p3,2026-10-02 new working P3,424,4.23,4.24,x,0.057959395230979316,0.21760388522880272,0.1596444899978234,0.059252476258537426,0.2175949700408007,0.15834249378226328,0.035868480413711434,0.04302770009255455,0.03513522844529917,0.041723221741303204
nav-robust,working_p3,2026-10-02 new working P3,424,4.23,4.24,y,0.1419878498822631,0.2598327858646801,0.11784493598241702,0.14201473187474242,0.2545435754203075,0.11252884354556505,0.030292819809473435,0.03379793431853814,0.025326037050068893,0.028481309396823862
nav-robust,working_p3,2026-10-02 new working P3,425,4.24,4.25,x,0.05938715489632558,0.2176018934382301,0.15821473854190454,0.06065753501046613,0.21759316619418215,0.156935631183716,0.035556177318959076,0.04271409460531152,0.034844276967338536,0.041432410889631295
nav-robust,working_p3,2026-10-02 new working P3,425,4.24,4.25,y,0.13757543042149717,0.2544818646619002,0.11690643424040303,0.13760234588773473,0.2492474933525199,0.11164514746478515,0.030059005341523976,0.03356479613216237,0.02514626977649848,0.028302979765012226
nav-robust,working_p3,2026-10-02 new working P3,426,4.25,4.26,x,0.06079252734296339,0.21758461011142183,0.15679208276845844,0.06204039405853113,0.21757607093746378,0.15553567687893266,0.03524545520924932,0.04240025206551243,0.03455460998146359,0.04114117554118484
nav-robust,working_p3,2026-10-02 new working P3,426,4.25,4.26,y,0.1332168441520898,0.24918616642820404,0.11596932227611426,0.13324379210958326,0.24400669533557065,0.11076290322598739,0.029825273722193856,0.03333230419101091,0.024966662366435056,0.028125357697460662
nav-robust,working_p3,2026-10-02 new working P3,427,4.26,4.27,x,0.062175655856363254,0.21755182786353597,0.1553761720071727,0.06340119682892328,0.2175434768812438,0.15414228005232053,0.03493632824027253,0.04208626100199232,0.03426624138354234,0.04084960408354646
nav-robust,working_p3,2026-10-02 new working P3,427,4.26,4.27,y,0.12891214741589554,0.24394574733565152,0.11503359991975598,0.12893912688168477,0.23882123706690683,0.10988211018522206,0.029591653460766625,0.03310044949227989,0.024787242087631892,0.027948433716902504
nav-robust,working_p3,2026-10-02 new working P3,428,4.27,4.28,x,0.0635366885581761,0.21750393749959432,0.15396724894141822,0.06474009158294963,0.21749577482598248,0.15275568324303285,0.034628901388409766,0.04177220056727503,0.033979275894859315,0.04055777552905157
nav-robust,working_p3,2026-10-02 new working P3,428,4.27,4.28,y,0.12466139443202073,0.2387606551122089,0.11409926068018816,0.12468840442270741,0.23369116579958285,0.10900276137687544,0.029358152126657888,0.0328692071625013,0.02460801526712362,0.027772182475106877
nav-robust,working_p3,2026-10-02 new working P3,429,4.28,4.29,x,0.06487578611792895,0.21744132998542326,0.15256554386749432,0.06605723912872825,0.21743335573294298,0.15137611660421474,0.034323162264987085,0.041458125173577984,0.033693700876372565,0.04026574415079391
nav-robust,working_p3,2026-10-02 new working P3,429,4.28,4.29,y,0.120464637296151,0.23363093750703554,0.11316630021088453,0.12049167682791855,0.22861652880754862,0.10812485197963008,0.029124761423896074,0.032638553653629665,0.024428972365724097,0.027596579948966582
nav-robust,working_p3,2026-10-02 new working P3,430,4.29,4.3,x,0.06619309950698368,0.21736439660392542,0.15117129709694174,0.06735279057514655,0.21735661088046324,0.15000382030531667,0.03401923373594098,0.04114410884526121,0.03340963894838184,0.03997358383507506
nav-robust,working_p3,2026-10-02 new working P3,430,4.29,4.3,y,0.1163219259775876,0.22855664433041364,0.11223471835282604,0.11634899406622101,0.22359737542558172,0.10724838135936071,0.028891434300711998,0.032408470247126314,0.024250065087633218,0.02742160694458498
nav-robust,working_p3,2026-10-02 new working P3,431,4.3,4.31,x,0.06748877945246363,0.21727352881560635,0.14978474936314273,0.06862689678578725,0.21726593172448266,0.1486390349386954,0.03371708311766131,0.040830226365587655,0.0331270571863741,0.03968136922816534
nav-robust,working_p3,2026-10-02 new working P3,431,4.3,4.31,y,0.11223330831851339,0.22353782517308893,0.11130451685457554,0.11226040397941914,0.21863375476863026,0.10637335078921112,0.028658221809883217,0.032178938728407463,0.024071343240798515,0.027247244771726326
nav-robust,working_p3,2026-10-02 new working P3,432,4.31,4.32,x,0.06876297472391718,0.21716911828229832,0.14840614355838114,0.06987970666559132,0.21716170992226602,0.1472820032566747,0.03341678341831253,0.040516556691127414,0.03284602836234731,0.039389179150708734
nav-robust,working_p3,2026-10-02 new working P3,432,4.31,4.32,y,0.10819883003288144,0.2185745778567042,0.11037574782382276,0.10822595228110728,0.21372576418224865,0.10549981190114137,0.028425125178872888,0.03195003824373638,0.023892806807071225,0.027073572100709847
nav-robust,working_p3,2026-10-02 new working P3,433,4.32,4.33,x,0.07001583922874234,0.2170515567690391,0.14703571754029676,0.07111137425628206,0.2170443372342823,0.14593296297800024,0.033118430962427406,0.040203168801358935,0.03256664856940671,0.03909708244732457
nav-robust,working_p3,2026-10-02 new working P3,433,4.32,4.33,y,0.10421853464387552,0.21366692956564634,0.10944839492177082,0.10424568249413041,0.2088734303744469,0.10462774788031648,0.02819214898724367,0.03172170774926955,0.023714459119637463,0.02690052741145854
nav-robust,working_p3,2026-10-02 new working P3,434,4.33,4.34,x,0.07124752429275652,0.2169212656598956,0.1456737413671391,0.07232205101693422,0.2169141999666102,0.14459214894967598,0.032822006584290485,0.03989013708855603,0.03228889560928003,0.03880515337649522
nav-robust,working_p3,2026-10-02 new working P3,434,4.33,4.34,y,0.1002924614132747,0.20881490121956492,0.10852243980629021,0.1003196338799486,0.20407677378821149,0.10375713990826288,0.027959276124459965,0.03149387455496927,0.02353628182083772,0.026728037537413762
nav-robust,working_p3,2026-10-02 new working P3,435,4.34,4.35,x,0.07245818132952539,0.2167931096455015,0.1443349283159761,0.07351188849330227,0.21677236069855432,0.14326047220525207,0.03252892865746457,0.03957753603338075,0.032013083465038505,0.03851346628615954
nav-robust,working_p3,2026-10-02 new working P3,435,4.34,4.35,y,0.09641973618446728,0.20401854110918236,0.10759880492471507,0.09644693228165106,0.1993358422373177,0.10288890995566664,0.02772657173351914,0.031266521666859115,0.023358338805815348,0.026556085007793023
nav-robust,working_p3,2026-10-02 new working P3,436,4.35,4.36,x,0.07364796182937762,0.21665260697053138,0.14300464514115374,0.07468103830683465,0.21661855293149188,0.14193751462465723,0.03223801627021166,0.03926544022471837,0.03173916822865826,0.03822209563354832
nav-robust,working_p3,2026-10-02 new working P3,436,4.35,4.36,y,0.09260130894965757,0.19927789726676362,0.10667658831710605,0.09262852769116293,0.1946506832768016,0.10202215558563867,0.02749396642661658,0.03103963252852565,0.023180559438198845,0.02638465278909391
nav-robust,working_p3,2026-10-02 new working P3,437,4.36,4.37,x,0.0748170173995457,0.2165001497335775,0.1416831323340318,0.0758296521948139,0.21645316891581098,0.1406235167209971,0.03194918486858114,0.038953924277259536,0.031467065146247294,0.03793111590276721
nav-robust,working_p3,2026-10-02 new working P3,437,4.36,4.37,y,0.08883721286167705,0.19459301729908654,0.10575580443740949,0.08886445326105634,0.1900213440359326,0.10115689077487626,0.027261459164671847,0.030813190687617176,0.023002941429645388,0.026213723951595214
nav-robust,working_p3,2026-10-02 new working P3,438,4.37,4.38,x,0.07596549972097896,0.21633613012912375,0.1403706304081448,0.0769578819671692,0.21627660098864357,0.13931871902147436,0.03166249146808209,0.0386430629157368,0.03119683103739491,0.037640601689033645
nav-robust,working_p3,2026-10-02 new working P3,438,4.37,4.38,y,0.08512748042347243,0.189963948568406,0.10483646814493358,0.08515474149403855,0.18544787139917987,0.10029312990514132,0.027029071939844326,0.030587180158325705,0.02282550552237364,0.026043282031840864
nav-robust,working_p3,2026-10-02 new working P3,439,4.38,4.39,x,0.07709356056205728,0.2161609403955872,0.1390673798335299,0.07806587952018947,0.21608924152190537,0.1380233620017159,0.03137793869897017,0.038332930945358265,0.030928468340457753,0.03735062766911115
nav-robust,working_p3,2026-10-02 new working P3,439,4.38,4.39,y,0.0814721432375609,0.18539073812963705,0.10391859489207615,0.08149942399240717,0.18093031194339768,0.0994308879509905,0.026796793714421473,0.03036158529630284,0.022648239428069386,0.025873310907558317
nav-robust,working_p3,2026-10-02 new working P3,440,4.39,4.4,x,0.07820135177804494,0.2159749732505302,0.13777362147248526,0.07915379683597669,0.21589148335750655,0.13673768652152984,0.031095652332870073,0.038023603250760374,0.03066210263918424,0.03706126860026264
nav-robust,working_p3,2026-10-02 new working P3,440,4.39,4.4,y,0.07787122333385363,0.18087343273020168,0.10300220939634805,0.07789852278587371,0.1764687119376745,0.09857018915180078,0.026564667583641267,0.030136390798897406,0.022471184990725267,0.025703794797898305
nav-robust,working_p3,2026-10-02 new working P3,441,4.4,4.41,x,0.07928697780285306,0.21577841921105956,0.13649144140820652,0.08021975751893995,0.21568229254586407,0.13546253502692412,0.030816776496773196,0.037716943204177955,0.030397221975910983,0.03677204196938694
nav-robust,working_p3,2026-10-02 new working P3,441,4.4,4.41,y,0.07432425882865808,0.17640858209278387,0.1020843232641258,0.07434848576126951,0.17205962062609026,0.09771113486482075,0.026329428235756173,0.029908167366036437,0.02229443429297766,0.025534884559388904
nav-robust,working_p3,2026-10-02 new working P3,442,4.41,4.42,x,0.08035269997910699,0.21557091786958651,0.13521821789047953,0.08126138875299496,0.21546132613934674,0.13419993738635178,0.030535640626138352,0.03740427250985387,0.03013456400599403,0.036483614277100326
nav-robust,working_p3,2026-10-02 new working P3,442,4.41,4.42,y,0.07082242735155232,0.17199921478580252,0.1011767874342502,0.07084667931831984,0.16769891362500813,0.0968522343066883,0.026103893982000862,0.029690004833311745,0.02211735939422975,0.025365329338171733
nav-robust,working_p3,2026-10-02 new working P3,443,4.42,4.43,x,0.08139357579609417,0.2153515034664078,0.13395792767031361,0.08227847795778749,0.21522884314847435,0.13295036519068687,0.03025872338884139,0.037093725779939316,0.02987476518397799,0.036197006430020606
nav-robust,working_p3,2026-10-02 new working P3,443,4.42,4.43,y,0.0673690932707135,0.16763859182785776,0.10026949855714426,0.06739336905280804,0.16338705672837925,0.0959936876755712,0.025878281204934742,0.029471800017805166,0.02194029320653671,0.025195838289555683
nav-robust,working_p3,2026-10-02 new working P3,444,4.43,4.44,x,0.08240990867917138,0.21512057847065402,0.13271066979148266,0.08327132897742887,0.21498524620986495,0.13171391723243608,0.02998595487278588,0.03678530550593509,0.02961768464892069,0.03591222049804578
nav-robust,working_p3,2026-10-02 new working P3,444,4.43,4.44,y,0.06396429058349684,0.1633268158443948,0.09936252526089795,0.06398858896179406,0.15912415116145542,0.09513556219966136,0.02565261537228503,0.029253549470343032,0.021763259198834563,0.02502640656495747
nav-robust,working_p3,2026-10-02 new working P3,445,4.44,4.45,x,0.08340198338713117,0.21487854529531905,0.13147656190818788,0.08424022698376687,0.2147309378906642,0.13049071090689732,0.029716412466255306,0.036479052337000814,0.029363387452271867,0.03562929671442919
nav-robust,working_p3,2026-10-02 new working P3,445,4.44,4.45,y,0.06060805075621597,0.1590639885110777,0.09845593775486172,0.06063237051133038,0.15491029719814348,0.09427792668681309,0.02542685642025347,0.029035250640239735,0.02158621530701059,0.024857030212707076
nav-robust,working_p3,2026-10-02 new working P3,446,4.45,4.46,x,0.08437008472378532,0.21462580445880566,0.13025571973502034,0.08518545718796357,0.21446631885008957,0.129280861662126,0.02945001245958597,0.036175007647608684,0.029111965789215984,0.035348276043438834
nav-robust,working_p3,2026-10-02 new working P3,446,4.45,4.46,y,0.05730040281718577,0.15485021268917773,0.09754980987199197,0.05732474272950493,0.15074559629641535,0.09342085356691042,0.02520101615370039,0.028816906159955635,0.021409171334133496,0.024687710462727552
nav-robust,working_p3,2026-10-02 new working P3,447,4.46,4.47,x,0.08531449806131926,0.21436275791360554,0.1290482598522863,0.0861073053638442,0.21419179116810885,0.12808448580426465,0.029186611342355638,0.03587321247941086,0.028863275851886656,0.03506919912223047
nav-robust,working_p3,2026-10-02 new working P3,447,4.46,4.47,y,0.054041373292801675,0.15068559000671103,0.09664421671390935,0.054065732142520403,0.14663014867946741,0.09256441653694701,0.024975139800664306,0.028598519010837015,0.021232170505019164,0.02451844889229654
nav-robust,working_p3,2026-10-02 new working P3,448,4.47,4.48,x,0.0862355089538882,0.21408980766694202,0.12785429871305382,0.08700605746148786,0.21390775696608225,0.1269016995045944,0.028926283578651305,0.03557370830033309,0.028617391813733836,0.03479210701994663
nav-robust,working_p3,2026-10-02 new working P3,448,4.47,4.48,y,0.050830986186740194,0.14657022094736258,0.09573923476062238,0.0508553627538948,0.14256405342466624,0.09170869067077145,0.024749260833543573,0.028380092692481942,0.021055244287458134,0.024349247595433984
nav-robust,working_p3,2026-10-02 new working P3,449,4.48,4.49,x,0.08713340248046215,0.21380735577781917,0.12667395329735703,0.08788199895006708,0.21361461840381066,0.1257326194537436,0.028668982167527474,0.035276538302282376,0.02837426638998717,0.03451704253542978
nav-robust,working_p3,2026-10-02 new working P3,449,4.48,4.49,y,0.047669262873693226,0.14250420483129636,0.09483494195760314,0.047693655938195696,0.13854740844438054,0.09085375250618485,0.0245233773108868,0.028161631159298733,0.020878388734052435,0.02418010911948229
nav-robust,working_p3,2026-10-02 new working P3,450,4.49,4.5,x,0.08800846116568115,0.21351580430633665,0.1255073431406555,0.08873541273869781,0.21331277762885045,0.12457736489015264,0.028415265188315143,0.03498175154109044,0.028133954969342012,0.034244054337171106
nav-robust,working_p3,2026-10-02 new working P3,450,4.49,4.5,y,0.0445562225493562,0.13848764048081852,0.09393141793146231,0.04458063089102839,0.13458031115166605,0.08999968026063765,0.02429756018078644,0.02794314011417466,0.02070167278565503,0.024011037758796802
nav-robust,working_p3,2026-10-02 new working P3,451,4.5,4.51,x,0.08886096965746644,0.21321555533210923,0.12435458567464279,0.08956658385404538,0.21300263679493292,0.12343605294088754,0.028165868883946357,0.03468939359350087,0.027896582847622812,0.03397318762030287
nav-robust,working_p3,2026-10-02 new working P3,451,4.5,4.51,y,0.04149188173760759,0.1345206251930948,0.0930287434554872,0.04151630413621545,0.13066285743300485,0.08914655329678939,0.024071825767728105,0.027724625080016205,0.020525110758265453,0.023842037626307863
nav-robust,working_p3,2026-10-02 new working P3,452,4.51,4.52,x,0.08969122078307218,0.21290701093149755,0.12321579014842537,0.09037580549637095,0.21268459803919554,0.12230879254282459,0.027920446585785248,0.03439949446727987,0.027662111083065533,0.03370447201671449
nav-robust,working_p3,2026-10-02 new working P3,452,4.51,4.52,y,0.03847625446236412,0.1306032534175277,0.09212699895516359,0.038500689697651885,0.12679514032570424,0.08829445062805236,0.023846163741021,0.027506088951211677,0.020348690311506323,0.023673110205005232
nav-robust,working_p3,2026-10-02 new working P3,453,4.52,4.53,x,0.09049950146417689,0.21259057316293006,0.12209107169875318,0.09116336495461798,0.21235906346750474,0.12119569851288677,0.027678766386997497,0.03411209667826122,0.027430535674753127,0.03343794967210251
nav-robust,working_p3,2026-10-02 new working P3,453,4.52,4.53,y,0.035509352247987985,0.1267356195821854,0.09122626733419742,0.03553379909971233,0.1229772528443475,0.08744345374463516,0.023620595001716732,0.027287537208818408,0.020172430335588323,0.023504259563147084
nav-robust,working_p3,2026-10-02 new working P3,454,4.53,4.54,x,0.0912861006624586,0.2122666445543038,0.1209805438918452,0.09192955155198246,0.21202643564185764,0.12009688408987518,0.027440390517821968,0.03382723939424101,0.027202088260895242,0.0331736593898703
nav-robust,working_p3,2026-10-02 new working P3,454,4.53,4.54,y,0.03259117972902186,0.12291781654927374,0.09032663682025188,0.03261563697698617,0.11920928643628821,0.08659364945930204,0.023395082494237877,0.027068975085054625,0.019996291762985074,0.02333548951877415
nav-robust,working_p3,2026-10-02 new working P3,455,4.54,4.55,x,0.09205130646245194,0.21193563311013425,0.11988432664768231,0.0926746537287649,0.21168712258753342,0.11901246885876851,0.027205111361778812,0.033544964241261854,0.026976561022749094,0.03291164243741737
nav-robust,working_p3,2026-10-02 new working P3,455,4.54,4.55,y,0.029721744344580747,0.1191499976172818,0.08942825327270106,0.029746210768669235,0.11549139298381662,0.08574518221514739,0.02316969145783587,0.026850531477933398,0.01982033781993708,0.02316692755436449
nav-robust,working_p3,2026-10-02 new working P3,456,4.55,4.56,x,0.0927954072883408,0.21159793614979922,0.11880252886145841,0.09339896025915838,0.211341521631339,0.11794256137218063,0.026973011417549965,0.03326531286567981,0.02675403626071307,0.032651940108211
nav-robust,working_p3,2026-10-02 new working P3,456,4.55,4.56,y,0.026901053187066086,0.11543245142490445,0.08853139823783837,0.026925527567278007,0.11182385970810522,0.08489833214082722,0.022944416754478912,0.026632608800888996,0.01964456135438604,0.02299897466648286
nav-robust,working_p3,2026-10-02 new working P3,457,4.56,4.57,x,0.09351869185289129,0.21125395390629412,0.11773526205340283,0.09410276020017655,0.21099003300036634,0.11688727280018979,0.02674410466252943,0.032988327024542644,0.02653452775788054,0.03239459381216944
nav-robust,working_p3,2026-10-02 new working P3,457,4.56,4.57,y,0.02412910786737531,0.1117650039652159,0.08763589609784059,0.02415358898385913,0.10820651118340362,0.0840529221995445,0.022719263940612446,0.026414687012245405,0.01946896590778142,0.022831109395270582
nav-robust,working_p3,2026-10-02 new working P3,458,4.57,4.58,x,0.09422144687767797,0.21090408814183065,0.11668264126415268,0.09478634061187538,0.21063305843759364,0.11584671782571826,0.026519020047193847,0.032714053133065885,0.026318072210258857,0.03213964962314261
nav-robust,working_p3,2026-10-02 new working P3,458,4.57,4.58,y,0.021405907427570613,0.10814775453888131,0.0867418471113107,0.021430394060658175,0.10463944529027217,0.08320905122961399,0.022494295385817216,0.026196795520609314,0.019293611833784908,0.022663359729860486
nav-robust,working_p3,2026-10-02 new working P3,459,4.58,4.59,x,0.09490396190328641,0.21054874051730854,0.11564477861402213,0.09544999136755102,0.2102709995713598,0.11482100820380879,0.026298280533115944,0.032442532635889657,0.02610470730144331,0.03188714865017346
nav-robust,working_p3,2026-10-02 new working P3,459,4.58,4.59,y,0.01873144841419886,0.10458078931955476,0.0858493409053559,0.01875593934443954,0.10112274678100193,0.08236680743656238,0.02226959160217277,0.025978940338062834,0.019118577627680107,0.022495730261591643
nav-robust,working_p3,2026-10-02 new working P3,460,4.59,4.6,x,0.09556652834324225,0.21018831257833945,0.1146217842350972,0.09609400420766435,0.20990425790139153,0.11381025369372717,0.026081609319020184,0.03217380388389088,0.025894457341658347,0.031637128914314874
nav-robust,working_p3,2026-10-02 new working P3,460,4.59,4.6,y,0.016105724879201838,0.10106418384090288,0.08495845896170104,0.0161302188873967,0.0976564897666602,0.08152627087926351,0.02204512781279313,0.02576110903362172,0.01894383649495451,0.022328207137489467
nav-robust,working_p3,2026-10-02 new working P3,461,4.6,4.61,x,0.09620881938574044,0.20982302305720227,0.11361420367146183,0.09671805758983064,0.20953230870327674,0.1128142511134461,0.025869057740891436,0.03190829207644727,0.02568690651236942,0.03138915463531795
nav-robust,working_p3,2026-10-02 new working P3,461,4.6,4.61,y,0.013528689273317487,0.09759439926385498,0.08406570999053749,0.013549854639158953,0.09423713398436274,0.0806872793452038,0.021817561009054125,0.025539666440339392,0.01876940000996076,0.022160759027244334
nav-robust,working_p3,2026-10-02 new working P3,462,4.61,4.62,x,0.09683159731035453,0.20945298323690636,0.11262138592655184,0.09732120770389811,0.20915523193124186,0.11183402422734375,0.025659615066771422,0.03164341547191872,0.025482892887336586,0.031144076463798173
nav-robust,working_p3,2026-10-02 new working P3,462,4.61,4.62,y,0.010990330245274795,0.09417510491843686,0.08318477467316207,0.01101150122909733,0.09086114069997075,0.07984963947087342,0.021600169098966625,0.025328996288559516,0.018595113176308332,0.02199333938960374
nav-robust,working_p3,2026-10-02 new working P3,463,4.62,4.63,x,0.09743328444781793,0.20907752770828553,0.1116442432604676,0.09790360851873812,0.2087731055369726,0.11086949701823447,0.02545350891144607,0.031382145786921334,0.02528214760767484,0.030902263967739915
nav-robust,working_p3,2026-10-02 new working P3,463,4.62,4.63,y,0.008493912358443625,0.09079906492827243,0.0823051525698288,0.00851508776100338,0.08752850253299423,0.07901341477199085,0.02138286175092221,0.02511803239144933,0.018420971432802746,0.02182572776343765
nav-robust,working_p3,2026-10-02 new working P3,464,4.63,4.64,x,0.09801436496874631,0.20869701941307486,0.11068265444432855,0.09846574468754196,0.20838629240770223,0.10992054772016027,0.025250670420489098,0.03112419851600122,0.025084601649529817,0.030663432153982983
nav-robust,working_p3,2026-10-02 new working P3,464,4.63,4.64,y,0.006039529174201286,0.08746637480340129,0.08142684562920001,0.00606070779656864,0.08423931300381782,0.07817860520724917,0.02116567377523719,0.02490676822742488,0.01824700730055471,0.021657915638617894
nav-robust,working_p3,2026-10-02 new working P3,465,4.64,4.65,x,0.09857522589001405,0.20831182137129256,0.10973659548127851,0.09900800369949331,0.20799515549494826,0.10898715179545496,0.025051067692788215,0.03086948440574591,0.02489022294419932,0.03042749129166994
nav-robust,working_p3,2026-10-02 new working P3,465,4.64,4.65,y,0.003627163714157704,0.08417714105112546,0.08054997733696775,0.003648344357755621,0.08099367662787539,0.07734533227011978,0.020948612310650212,0.024695223253106212,0.01807322562801291,0.0214899204809823
nav-robust,working_p3,2026-10-02 new working P3,466,4.65,4.66,x,0.0991161998947741,0.20792229643053578,0.10880609653576168,0.0995307186997783,0.20760005756381308,0.10806933886403479,0.024855906632144365,0.030618023794199756,0.02469927950966236,0.030194461251671426
nav-robust,working_p3,2026-10-02 new working P3,466,4.65,4.66,y,0.0012568040122264764,0.0809314683093939,0.07967466429716744,0.0012779854788688419,0.07779169604908419,0.07651371057021535,0.02073177311565123,0.02448341717441313,0.017899719882360447,0.021321760003480072
nav-robust,working_p3,2026-10-02 new working P3,467,4.66,4.67,x,0.09963762015651732,0.20752880959207595,0.10789118943555863,0.1000342233136351,0.20720136351908483,0.10716714020544973,0.024665252058711677,0.03036983694218133,0.024511584865916296,0.029964361837913428
nav-robust,working_p3,2026-10-02 new working P3,467,4.66,4.67,y,-0.0010715537556584534,0.07772945934453146,0.07880101310018992,-0.0010503724722991624,0.07463347203762333,0.0756838445099225,0.020515218215395342,0.024271369946250426,0.017726549781181874,0.021153452165906576
nav-robust,working_p3,2026-10-02 new working P3,468,4.67,4.68,x,0.10013982032971291,0.20713172201677219,0.10699190168705927,0.1005188516369851,0.20679943441115656,0.10628058277417146,0.024478767202608352,0.03012494403141916,0.02432718522443011,0.029737212785522382
nav-robust,working_p3,2026-10-02 new working P3,468,4.67,4.68,y,-0.0033579291656738374,0.07457121504901128,0.07792914421468511,-0.0033367490552472325,0.07151910348775598,0.07485585254300321,0.020298954063146767,0.024059101772180957,0.017553719483306578,0.0209850151746261
nav-robust,working_p3,2026-10-02 new working P3,469,4.68,4.69,x,0.10062313383756451,0.2067313957607397,0.1061082619231752,0.10098493752417972,0.20639463217170081,0.10540969464752109,0.02429614266882816,0.02988336656563899,0.024146013815486027,0.02951303516192172
nav-robust,working_p3,2026-10-02 new working P3,469,4.68,4.69,y,-0.005602337688871152,0.0714568345495216,0.07705917223839276,-0.005581159948331442,0.06844868752594581,0.07402984747427725,0.020082970058291696,0.0238466333009252,0.01738121611079335,0.020816467679121126
nav-robust,working_p3,2026-10-02 new working P3,470,4.69,4.7,x,0.101087895195858,0.20632819268760363,0.10524029749174564,0.10143281591183939,0.2059873185259301,0.10455450261409072,0.02411766082713898,0.02964512470798876,0.023968116923845324,0.02929184870426607
nav-robust,working_p3,2026-10-02 new working P3,470,4.69,4.7,y,-0.007804796921515992,0.068386415011075,0.07619121193259099,-0.007783622747286025,0.06542231931501598,0.073205942062302,0.019867305801849075,0.023633985284228748,0.017209076969963284,0.020647828429909504
nav-robust,working_p3,2026-10-02 new working P3,471,4.7,4.71,x,0.10153444020847208,0.20592247454988447,0.10438803434141239,0.10186282301435534,0.20557785507398924,0.1037150320596339,0.023942328638889055,0.029410236869605116,0.02379344734915959,0.029073671408016366
nav-robust,working_p3,2026-10-02 new working P3,471,4.7,4.71,y,-0.009965329226033638,0.06536005174389967,0.0753253809699333,-0.009944159813966647,0.062440092161090234,0.07238425197505688,0.019651915294298775,0.023421178800797825,0.0170372537659193,0.02047911650252974
nav-robust,working_p3,2026-10-02 new working P3,472,4.71,4.72,x,0.10196310436117319,0.20551460298930885,0.10355149862813566,0.10227529471767606,0.20516660329127362,0.10289130857359756,0.023770119465703017,0.02917872289488356,0.02362197836259774,0.028858522712218712
nav-robust,working_p3,2026-10-02 new working P3,472,4.71,4.72,y,-0.012083959336694055,0.06237783841514006,0.07446179775183412,-0.012062795882035418,0.05950209772534357,0.07156489360737898,0.01943685685363104,0.023208235628299344,0.016865802496178712,0.02031035166959113
nav-robust,working_p3,2026-10-02 new working P3,473,4.72,4.73,x,0.10237422211020696,0.20510493940899333,0.10273071729878637,0.10267056586789057,0.20475392440062082,0.10208335853273025,0.023601085783769734,0.028950605466946985,0.023453762346533936,0.02864642490498122
nav-robust,working_p3,2026-10-02 new working P3,473,4.72,4.73,y,-0.014160714391840544,0.05943987657749287,0.07360059096933341,-0.014139558089189574,0.05660843555268757,0.07074799364187714,0.019222158731918883,0.022995197331013087,0.016694749109780527,0.02014157348847522
nav-robust,working_p3,2026-10-02 new working P3,474,4.73,4.74,x,0.10276813093013272,0.204693844953567,0.10192571402343427,0.10304897431905484,0.20434017935244128,0.10129120503338644,0.023435717680365755,0.028725901991290756,0.023288826561866826,0.028437395007127317
nav-robust,working_p3,2026-10-02 new working P3,474,4.73,4.74,y,-0.016195623782498156,0.05654626903896302,0.07274189282146118,-0.0161744758257699,0.05375920644157684,0.06993368226734674,0.01900785505825161,0.022782112002874583,0.016524125461254587,0.019972828044429132
nav-robust,working_p3,2026-10-02 new working P3,475,4.74,4.75,x,0.10314516760809075,0.20428168051416243,0.10113651290607167,0.10341085722745132,0.20392572882971807,0.10051487160226676,0.023274612047164932,0.028504631986546514,0.023127198089155608,0.028231452162967255
nav-robust,working_p3,2026-10-02 new working P3,475,4.74,4.75,y,-0.01818871932425931,0.053697096445012076,0.07188581576927139,-0.01816758090664639,0.05095448902620711,0.0691220699328535,0.018794032848607412,0.02256898743520214,0.016354016277726074,0.019804121118342247
nav-robust,working_p3,2026-10-02 new working P3,476,4.75,4.76,x,0.10350566930648909,0.2038688424732324,0.1003631731667433,0.10375655211426817,0.20351096899283236,0.09975441687856419,0.02311763097928309,0.028286814938392316,0.022968900668468885,0.028028615494216105
nav-robust,working_p3,2026-10-02 new working P3,476,4.75,4.76,y,-0.020140035141709787,0.05089242773737197,0.07103246287908176,-0.02011890745564425,0.04819435023537892,0.06831325769102317,0.018580692968803783,0.022355812037654927,0.016184420127256276,0.019635439107754282
nav-robust,working_p3,2026-10-02 new working P3,477,4.76,4.77,x,0.10384997358407476,0.20345566782766647,0.09960569424359171,0.1040863968866632,0.20309623660268972,0.09900983971602652,0.022964648901292305,0.02807247023667815,0.022814027498436328,0.02782890403712658
nav-robust,working_p3,2026-10-02 new working P3,477,4.76,4.77,y,-0.02204960771504553,0.04813234687213075,0.07018195458717627,-0.02202849195216073,0.04547887201063344,0.06750736396279416,0.018367850120846768,0.022142608277634892,0.016015349384705984,0.01946680246630722
nav-robust,working_p3,2026-10-02 new working P3,478,4.77,4.78,x,0.10417841838648734,0.20304250524500808,0.09886408685852074,0.10440072982831029,0.2026818800769467,0.09828115024863641,0.022814819702849418,0.02786161717357402,0.022662394658759907,0.027632336740644373
nav-robust,working_p3,2026-10-02 new working P3,478,4.77,4.78,y,-0.023917476020157525,0.045416935910746754,0.06933441193090428,-0.023896373371250036,0.042808134397316656,0.06670450776856669,0.018155485626741786,0.02192939886544573,0.01584678306879507,0.019298231888954267
nav-robust,working_p3,2026-10-02 new working P3,479,4.78,4.79,x,0.10449134203680581,0.20262971374545002,0.09813837170864421,0.10469988958993949,0.20226825817201682,0.09756836858207733,0.022668156825937657,0.02765427494171678,0.022514122205535027,0.027438932464561985
nav-robust,working_p3,2026-10-02 new working P3,479,4.78,4.79,y,-0.02574368116780453,0.04274627501830226,0.06848995618610679,-0.025722592822796077,0.04018221554288308,0.06590480836567916,0.017943626546190243,0.02171620675383043,0.01567874594505787,0.019129748311547488
nav-robust,working_p3,2026-10-02 new working P3,480,4.79,4.8,x,0.10478908322608706,0.20221765703487338,0.09742857380878632,0.1049842151798688,0.20185573431611986,0.09687151913625106,0.02252456057916178,0.027450462632360853,0.022369110372097725,0.027248709977676117
nav-robust,working_p3,2026-10-02 new working P3,480,4.79,4.8,y,-0.027528266632472403,0.040120442461801194,0.06764870909427359,-0.027507193780371832,0.03760119169524355,0.06510838547561539,0.017732302168646148,0.021503055137496847,0.015511265032084639,0.01896137291041343
nav-robust,working_p3,2026-10-02 new working P3,481,4.8,4.81,x,0.10507053333805169,0.20180656702726882,0.09673603368921713,0.10525259493849133,0.2014439822441462,0.09619138730565487,0.02238412830873645,0.027252826105038402,0.022227098540002755,0.02706405288699433
nav-robust,working_p3,2026-10-02 new working P3,481,4.8,4.81,y,-0.029271288860818034,0.037536127308033546,0.06680741616885158,-0.029253400820095195,0.03506174990067979,0.06431515072077498,0.01751822390323567,0.021286578573136875,0.015344315165967595,0.0187931263539565
nav-robust,working_p3,2026-10-02 new working P3,482,4.81,4.82,x,0.10533721431673694,0.20139650739627643,0.09605929307953949,0.10550601719379647,0.20103300503071508,0.09552698783691861,0.022247383236147153,0.027058469091101447,0.02208880331914058,0.026883119079698634
nav-robust,working_p3,2026-10-02 new working P3,482,4.81,4.82,y,-0.030982196996478518,0.034996784654069725,0.06597898165054825,-0.03096432135250532,0.03256056810329841,0.06352488945580373,0.017314567530781522,0.02108033717152414,0.015178006184637296,0.01862501193419048
nav-robust,working_p3,2026-10-02 new working P3,483,4.82,4.83,x,0.10558922216549851,0.2009868911850667,0.0953976690195682,0.10574509545309008,0.20062277337297757,0.0948776779198875,0.022114679272090588,0.02686759232121963,0.021953681643870064,0.026705336550939873
nav-robust,working_p3,2026-10-02 new working P3,483,4.82,4.83,y,-0.03265789014288408,0.032495850548670574,0.06515374069155466,-0.032640027868109454,0.03009786225149918,0.06273789011960863,0.01711149503597199,0.020874457367100082,0.015012302014347072,0.018457327565849828
nav-robust,working_p3,2026-10-02 new working P3,484,4.83,4.84,x,0.10582688480591132,0.20057800968610195,0.09475112488019063,0.10597015796870761,0.20021357831236763,0.09424342034366003,0.021985831778560325,0.026680198821069617,0.02182172223305276,0.026530707989607535
nav-robust,working_p3,2026-10-02 new working P3,484,4.83,4.84,y,-0.034298450302988996,0.030033242658777985,0.06433169296176698,-0.034280602369050756,0.027673547897521824,0.06195415026657258,0.016909002968591193,0.020668643928734978,0.014847197113576991,0.01828977590389943
nav-robust,working_p3,2026-10-02 new working P3,485,4.84,4.85,x,0.10605053055100516,0.20017019657145163,0.09411966602044647,0.1061815333723826,0.1998057532587749,0.09362421988639229,0.021860217380073578,0.02649629147117538,0.021692877307368644,0.02635923595149149
nav-robust,working_p3,2026-10-02 new working P3,485,4.84,4.85,y,-0.035903931902775486,0.027609028931783804,0.06351296083455929,-0.0358860992804703,0.025287690872473106,0.0611737901529434,0.01670707476515881,0.020462906418717893,0.014682672795631077,0.018122364395107816
nav-robust,working_p3,2026-10-02 new working P3,486,4.85,4.86,x,0.1062604880649947,0.19976385588100312,0.09350336781600842,0.10637955063496897,0.1993995572851662,0.09302000665019723,0.021737460721776243,0.026315873063323267,0.021567121643244338,0.026190922915704865
nav-robust,working_p3,2026-10-02 new working P3,486,4.85,4.86,y,-0.03747433126298384,0.025223283915966805,0.06269761517895064,-0.03745651492223714,0.02294036360682841,0.06039687852906554,0.016505741015218435,0.020257271836667375,0.014518757555816386,0.017955117922022507
nav-robust,working_p3,2026-10-02 new working P3,487,4.86,4.87,x,0.10645708555786972,0.19935914322496984,0.09290205766710012,0.10656453826102437,0.19899528457249976,0.0924307463114754,0.021617530485121363,0.026138947887242706,0.021444434965199387,0.026025772871371686
nav-robust,working_p3,2026-10-02 new working P3,487,4.86,4.87,y,-0.039009683407742024,0.022876089521997173,0.061885772929739194,-0.038991884317578024,0.020631645892000536,0.05962353020957856,0.016305007181774373,0.020051786145448173,0.014355454761267998,0.017788080328950982
nav-robust,working_p3,2026-10-02 new working P3,488,4.87,4.88,x,0.10664065291172603,0.1989563467295406,0.09231569381781457,0.10673682641513427,0.1985932289375788,0.09185640252244454,0.021500420557347005,0.025965517453791415,0.021324811564834567,0.025863787040819264
nav-robust,working_p3,2026-10-02 new working P3,488,4.87,4.88,y,-0.04051003458640482,0.02056750750558834,0.06107754209199316,-0.040492253714916535,0.01836159736305606,0.0588538510779726,0.016104879127004552,0.019846459239253836,0.014192768185049434,0.017621259390107807
nav-robust,working_p3,2026-10-02 new working P3,489,4.88,4.89,x,0.10681151989260457,0.198555760149334,0.09174424025672942,0.1068967451337445,0.19819368383389327,0.09129693870014877,0.02138611933532725,0.025795584047104275,0.02120823892766989,0.025704967431733672
nav-robust,working_p3,2026-10-02 new working P3,489,4.88,4.89,y,-0.041975535089064785,0.018297605476950116,0.060273140566014904,-0.041957773403384045,0.016130283508232948,0.05808805691161699,0.015905390001868698,0.01964131696495927,0.01403072889451904,0.017454678831031654
nav-robust,working_p3,2026-10-02 new working P3,490,4.89,4.9,x,0.106970015636101,0.19815767687776095,0.09118766124165995,0.10704462381076497,0.19779694234262116,0.09075231853185618,0.021274640139917426,0.02562915172812208,0.021094719828383655,0.02554931784069457
nav-robust,working_p3,2026-10-02 new working P3,490,4.89,4.9,y,-0.04340619563129043,0.01606644971140712,0.059472645342697555,-0.04338845409755798,0.0139377684796235,0.05732622257718148,0.015706571852583163,0.01943638671306768,0.013869366834309291,0.01728836391959674
nav-robust,working_p3,2026-10-02 new working P3,491,4.9,4.91,x,0.10711646990988782,0.19776238991954503,0.09064592000965721,0.10718079246008576,0.1974032971451599,0.09022250468507413,0.021166884836570227,0.025466223787431658,0.02098431618598402,0.02539684130602153
nav-robust,working_p3,2026-10-02 new working P3,491,4.9,4.91,y,-0.044802002936776136,0.01387410429724929,0.05867610723402543,-0.04478428252011172,0.011784114241089473,0.05656839676120119,0.015508498919572193,0.0192316957611038,0.01370875413380609,0.01712233980947065
nav-robust,working_p3,2026-10-02 new working P3,492,4.91,4.92,x,0.1072512149847161,0.1973701920194342,0.0901189770347181,0.10730558358657359,0.19701304065184985,0.08970745706527626,0.02106247364597788,0.025306798980403056,0.020876992632471784,0.02524753634291653
nav-robust,working_p3,2026-10-02 new working P3,492,4.91,4.92,y,-0.04616301115360252,0.01172063122486829,0.05788364237847081,-0.046145312818075025,0.009669380657463,0.055814693475538024,0.015311187877049628,0.01902727152100768,0.01354890537839579,0.01695663178757265
nav-robust,working_p3,2026-10-02 new working P3,493,4.92,4.93,x,0.10737458180155925,0.19698137745729027,0.08960679565573103,0.10741932835321036,0.19662646679707566,0.0892071384438653,0.020960809137317203,0.025150879164020742,0.020772710476377867,0.02510140458030083
nav-robust,working_p3,2026-10-02 new working P3,493,4.92,4.93,y,-0.04748927680217378,0.009606090471634304,0.05709536727380809,-0.0474716015107714,0.007593625579488049,0.05506522709025945,0.01511462821806024,0.01882314157114291,0.013389807971945743,0.01679126530614653
nav-robust,working_p3,2026-10-02 new working P3,494,4.93,4.94,x,0.10748690165984613,0.19659623586412953,0.0891093342042834,0.10752235826932156,0.19624386485531906,0.08872150658599749,0.02086187971364095,0.024998465898628683,0.020671447096087325,0.024958447362564626
nav-robust,working_p3,2026-10-02 new working P3,494,4.93,4.94,y,-0.04878085729431171,0.007530539996437216,0.056311397290748924,-0.04876320600891213,0.005556904838426223,0.05432011084733836,0.014918829073340417,0.01861933371092887,0.01323146895639379,0.0166262660374575
nav-robust,working_p3,2026-10-02 new working P3,495,4.94,4.95,x,0.10758850611841289,0.19621505863086355,0.08862655251245066,0.10761500509152357,0.19586552584991226,0.0882505207583887,0.020765684671699126,0.024849560621725025,0.020573201496703327,0.024818665923366526
nav-robust,working_p3,2026-10-02 new working P3,495,4.94,4.95,y,-0.05003781234803644,0.005494036324842688,0.05553184867287913,-0.05002018602937709,0.003559272831277459,0.05357945886065455,0.014723822306812805,0.018415877132467964,0.013073918112305495,0.016461661045483987
nav-robust,working_p3,2026-10-02 new working P3,496,4.95,4.96,x,0.10767972690585696,0.1958381367181696,0.08815840981231264,0.10769760073407356,0.19549174036292127,0.08779413962884772,0.020672215266218402,0.024704164802900316,0.020477966084412325,0.024682061540576145
nav-robust,working_p3,2026-10-02 new working P3,496,4.95,4.96,y,-0.05126021105695868,0.0034966339354499214,0.0547568449924086,-0.051242610664606995,0.0016007819072025112,0.052843392571809505,0.014529699816621977,0.018212801186226653,0.012917245245782496,0.016297477551663445
nav-robust,working_p3,2026-10-02 new working P3,497,4.96,4.97,x,0.10776089566691266,0.19546578224263061,0.08770488657571796,0.10777047701524135,0.19512282012129883,0.08735234310605748,0.02058145931902625,0.024562280426979832,0.02038573711052802,0.02454863601942016
nav-robust,working_p3,2026-10-02 new working P3,497,4.96,4.97,y,-0.05244811945177513,0.001538382909526235,0.05398650236130137,-0.05243054594409884,-0.00031851998277781975,0.05211202596132102,0.014336432401275268,0.018010130676985217,0.012761419047120167,0.01613373823090669
nav-robust,working_p3,2026-10-02 new working P3,498,4.97,4.98,x,0.107832345352715,0.1950982852525749,0.08726593989985988,0.10783396704756973,0.1947590547727378,0.08692508772516808,0.02049341619022704,0.02442390023376663,0.020296503559844723,0.024418381932229172
nav-robust,working_p3,2026-10-02 new working P3,498,4.97,4.98,y,-0.05360159287502398,-0.00038066721464931547,0.05322092566037467,-0.05358404720916146,-0.0021985854313743385,0.05138546177778712,0.014144037508055532,0.01780789362159902,0.012606454877242745,0.015970468969423935
nav-robust,working_p3,2026-10-02 new working P3,499,4.98,4.99,x,0.10788774608416792,0.19473591103359633,0.08684816494942842,0.10788780160347926,0.19440070919120503,0.08651290758772577,0.02040863798423522,0.024302362641389783,0.02021033257168816,0.02429251653730967
nav-robust,working_p3,2026-10-02 new working P3,499,4.98,4.99,y,-0.05472069816084524,-0.002259979070227354,0.052460719090617884,-0.054703181292675866,-0.004038879203406164,0.050664302089269704,0.013952585548304395,0.01760709793670834,0.012452421062597405,0.01580867555249931
nav-robust,working_p3,2026-10-02 new working P3,500,4.99,5.0,x,0.10793271091109449,0.19437895438943864,0.08644624347834415,0.10793276645124045,0.1940480777578396,0.08611531130659916,0.020326665764845958,0.02418710751963199,0.020127151215609086,0.024170134398625254
nav-robust,working_p3,2026-10-02 new working P3,500,4.99,5.0,y,-0.055805504269398704,-0.0040998708308722116,0.051705633438526494,-0.05578801715351329,-0.0058397216048200196,0.04994829554869327,0.013762073726639583,0.017407044722437676,0.012299312739512777,0.015647656948254894
nav-robust,working_p3,2026-10-02 new working P3,501,5.0,5.01,x,0.10796940549116288,0.1940268818624535,0.08605747637129063,0.10796945239234042,0.19370062658142562,0.0857311741890852,0.020247097907237596,0.02407440729063423,0.020046712421013458,0.02405059524344942
nav-robust,working_p3,2026-10-02 new working P3,501,5.0,5.01,y,-0.05685597661809219,-0.005903556242342092,0.050952420375750096,-0.056841481950519884,-0.007604328514205634,0.04923715343631425,0.013569368301054626,0.017204363304704283,0.012147132258069515,0.0154871577765056
nav-robust,working_p3,2026-10-02 new working P3,502,5.01,5.02,x,0.10799765079763496,0.19368101009865546,0.0856833593010205,0.10799769771670067,0.19335824172941204,0.08536054401271137,0.020171429002689898,0.02396511171535412,0.01996967169905609,0.023934679678800058
nav-robust,working_p3,2026-10-02 new working P3,502,5.01,5.02,y,-0.057881363228771854,-0.007667930209571917,0.050213433019199935,-0.05786689199544746,-0.009335831617874954,0.0485310603775725,0.013387136751553886,0.017011445470537546,0.011995994556009111,0.015327097602480308
nav-robust,working_p3,2026-10-02 new working P3,503,5.02,5.03,x,0.10801812800907079,0.19333983757151027,0.08532170956243948,0.10801817494430085,0.19302078629397224,0.08500261134967138,0.020098126349559316,0.023858384381024417,0.019895249368548137,0.023821613921436197
nav-robust,working_p3,2026-10-02 new working P3,503,5.02,5.03,y,-0.058878372628622444,-0.009399182476131154,0.04947919015249129,-0.05886392552653345,-0.011034186915671868,0.04782973861086159,0.013205877680822183,0.01681897776056154,0.011845816673937448,0.015167514562718804
nav-robust,working_p3,2026-10-02 new working P3,504,5.03,5.04,x,0.10803112125055268,0.19300358611751034,0.08497246486695766,0.10803116820022303,0.19268848178039352,0.08465731358017049,0.02002719941032364,0.023754220234157367,0.01982345579954712,0.023711393009684376
nav-robust,working_p3,2026-10-02 new working P3,504,5.03,5.04,y,-0.05984706143906105,-0.011097262129432744,0.048749799309628306,-0.05983263916424685,-0.012699345304808547,0.047133293859438305,0.013025618910885092,0.016627013407289032,0.01169662479085249,0.015008460080109573
nav-robust,working_p3,2026-10-02 new working P3,505,5.04,5.05,x,0.1080369148145983,0.19267247743804417,0.08463556262344586,0.10803696177698469,0.1923615495513363,0.08432458777435162,0.019958642532835916,0.0236526140601986,0.019754279898181498,0.023604011810459596
nav-robust,working_p3,2026-10-02 new working P3,505,5.04,5.05,y,-0.06078748788169901,-0.012762147802638978,0.04802534007906003,-0.06077309112923177,-0.014331287228587212,0.04644180390064456,0.012846371040995081,0.016435550171991428,0.01154842784120375,0.014849930105931339
nav-robust,working_p3,2026-10-02 new working P3,506,5.05,5.06,x,0.10803579312832425,0.19234673289457516,0.08431093976625091,0.1080358401017023,0.19204021062202306,0.08400437052032077,0.019892420503862335,0.023553560528509862,0.019687687486962688,0.023499465064246952
nav-robust,working_p3,2026-10-02 new working P3,506,5.05,5.06,y,-0.06169971150208459,-0.014393806121696094,0.047305905380388494,-0.061685340966050224,-0.015929981123379258,0.04575535984267097,0.012668155546462181,0.016244613451200096,0.011401245654863551,0.014691948226409832
nav-robust,working_p3,2026-10-02 new working P3,507,5.06,5.07,x,0.10802804074793639,0.19202657346784616,0.08399853271990977,0.10802808773058162,0.19172468561945305,0.08369659788887143,0.019828515963377043,0.023457054182695516,0.0196236623094388,0.023397747375427547
nav-robust,working_p3,2026-10-02 new working P3,507,5.06,5.07,y,-0.06258379315776359,-0.015992205603894662,0.04659158755386893,-0.06256944953124273,-0.01749539731713027,0.04507405221411246,0.012490996496885476,0.016054228480045344,0.011255100668254787,0.014534537866112161
nav-robust,working_p3,2026-10-02 new working P3,508,5.07,5.08,x,0.10801392360347892,0.19171222150324477,0.08369829789976585,0.10801397059366685,0.1914151965277783,0.08340122593411145,0.019766935868292704,0.02336312693041173,0.019562212064269592,0.023298890702087238
nav-robust,working_p3,2026-10-02 new working P3,508,5.07,5.08,y,-0.0634397950160809,-0.017557316508136387,0.04588247850794451,-0.06342547899112981,-0.01902750787957126,0.04439797111155855,0.012314911987416506,0.01586442063207157,0.0111100093577072,0.014377722587817488
nav-robust,working_p3,2026-10-02 new working P3,509,5.08,5.09,x,0.1079936609075022,0.19140393902227462,0.08341027811477242,0.10799370790350833,0.19111200499978548,0.08311829709627715,0.01970766640217182,0.023271904205938637,0.01950332305773809,0.023203020518588816
nav-robust,working_p3,2026-10-02 new working P3,509,5.08,5.09,y,-0.06426778055194794,-0.019089110951093502,0.04517866960085444,-0.06425349281957966,-0.020526286738322738,0.04372720608125692,0.012139938066889707,0.015675215174733158,0.010966006134198536,0.014221525848068284
nav-robust,working_p3,2026-10-02 new working P3,510,5.09,5.1,x,0.10796761336317953,0.191101899010122,0.08313428564694247,0.10796766036327941,0.1908152836444734,0.08284762328119398,0.019650683937282712,0.023183228531935662,0.01944696864252229,0.023109979377327464
nav-robust,working_p3,2026-10-02 new working P3,510,5.09,5.1,y,-0.06506781495465852,-0.020587562885378483,0.04448025206928004,-0.06505355620482378,-0.02199170965700895,0.043061846547814836,0.011966087203757619,0.015486637343755806,0.01082310182950511,0.014065971071587139
nav-robust,working_p3,2026-10-02 new working P3,511,5.1,5.11,x,0.10793606637491798,0.19080632105424128,0.0828702546793233,0.10793611337738729,0.19052525166564951,0.08258913828826223,0.01959598863442198,0.023097093078011555,0.019393148213999453,0.023019760467301253
nav-robust,working_p3,2026-10-02 new working P3,511,5.1,5.11,y,-0.06583996472294454,-0.02205264773724846,0.04378731698569608,-0.06582573564451293,-0.02342375387290684,0.04240198177160609,0.011793379192037634,0.015298713051721147,0.010681314586356011,0.013911082359916779
nav-robust,working_p3,2026-10-02 new working P3,512,5.11,5.12,x,0.10789930533106927,0.19051742452755946,0.08261811919649019,0.10789935233418381,0.19024212804514581,0.082342775710962,0.0195436120717292,0.02301349107517188,0.019341894405654626,0.022932357028559405
nav-robust,working_p3,2026-10-02 new working P3,512,5.11,5.12,y,-0.06658429783445537,-0.02348434361753163,0.04309995421692374,-0.06657009911519637,-0.02482239930781704,0.04174769980737933,0.011621848250179286,0.015111466456137552,0.010540676974570116,0.013756882059546383
nav-robust,working_p3,2026-10-02 new working P3,513,5.12,5.13,x,0.10785761556704906,0.19023542928575435,0.08237781371870528,0.10785766256908486,0.1899661322401082,0.08210846967102334,0.01949349039472005,0.022932415868560596,0.01929314383528493,0.022847762404944905
nav-robust,working_p3,2026-10-02 new working P3,513,5.12,5.13,y,-0.06730088575236423,-0.024882630039471144,0.04241825571289309,-0.06728671807892841,-0.026187627285852347,0.04109909079307607,0.011451551823934657,0.014924922531400674,0.010401244836026615,0.013603393333927447
nav-robust,working_p3,2026-10-02 new working P3,514,5.13,5.14,x,0.10781128252279151,0.1899605517757701,0.08214926925297858,0.10781132952202481,0.1896974802915239,0.08188615076949908,0.019445618656260783,0.022853860581863894,0.019246889885873492,0.022765969708499714
nav-robust,working_p3,2026-10-02 new working P3,514,5.13,5.14,y,-0.06798979433939462,-0.026247488308915806,0.04174230603047881,-0.0679756583972947,-0.02751942092357298,0.04045623747372172,0.011282463778921835,0.014739106288095553,0.010262990406225938,0.013450639382831395
nav-robust,working_p3,2026-10-02 new working P3,515,5.14,5.15,x,0.10776059159146803,0.18969300969603667,0.08193241810456864,0.10776063858617539,0.1894363894844525,0.0816757508982771,0.019399957139594574,0.02277781839918741,0.01920310360732452,0.022686972101343614
nav-robust,working_p3,2026-10-02 new working P3,515,5.14,5.15,y,-0.06865109486676009,-0.027578900850150304,0.04107219401660979,-0.06863699134035223,-0.028817764455761424,0.0398192268845908,0.01111459532218944,0.014554044121547854,0.010125923262175693,0.013298644790956222
nav-robust,working_p3,2026-10-02 new working P3,516,5.15,5.16,x,0.1077058274499985,0.18943307305091703,0.08172724560091853,0.10770587443845682,0.18918312940248525,0.08147725496402843,0.01935650875484819,0.022704283883353313,0.01916177997827418,0.022610764113973128
nav-robust,working_p3,2026-10-02 new working P3,516,5.15,5.16,y,-0.06928485989663755,-0.02887684583519081,0.040408014061446736,-0.06927078946910248,-0.03008263786466261,0.039188151604439864,0.010947962898029578,0.014369774550327861,0.009990058219599732,0.013147446266485837
nav-robust,working_p3,2026-10-02 new working P3,517,5.16,5.17,x,0.10764727570016046,0.18918096012357322,0.08153368442341276,0.10764732268064701,0.18893791790062334,0.08129059521997632,0.019315263103388703,0.022633249674370234,0.019122903685653524,0.02253733834373363
nav-robust,working_p3,2026-10-02 new working P3,517,5.16,5.17,y,-0.06989116327965926,-0.03014131758068511,0.03974984569897415,-0.06987712663298357,-0.03131403745222396,0.038563089180759604,0.010782587224953469,0.014186307408136468,0.009855414355930774,0.012997051482240903
nav-robust,working_p3,2026-10-02 new working P3,518,5.17,5.18,x,0.10758522159546115,0.1889368364506863,0.08135161485522514,0.10758526856625365,0.18870092008001005,0.0811156515137564,0.01927620691763039,0.022564709013329423,0.019086461895048697,0.022466687978718106
nav-robust,working_p3,2026-10-02 new working P3,518,5.17,5.18,y,-0.070470120130695,-0.03137230480199117,0.03909781532870382,-0.07045611794565239,-0.03251195369405311,0.03794416425159928,0.010618491990885414,0.014003667358375174,0.009722013737558141,0.01284748339043526
nav-robust,working_p3,2026-10-02 new working P3,519,5.18,5.19,x,0.1075199514537016,0.18870091800131608,0.08118096654761447,0.10751999841307827,0.1884723514668031,0.08095235305372483,0.019239346482424032,0.022498652893649856,0.019052471647131752,0.022398803949014834
nav-robust,working_p3,2026-10-02 new working P3,519,5.18,5.19,y,-0.0710217707819444,-0.032569798253059015,0.03845197252888538,-0.07100780373807702,-0.0336763790269873,0.037331424711089724,0.010455691539182334,0.01382187864226326,0.009589869094076353,0.012698764675362427
nav-robust,working_p3,2026-10-02 new working P3,520,5.19,5.2,x,0.10745175083592955,0.1884734201578975,0.08102166932196796,0.1074517977821691,0.18825242699318373,0.08080062921101464,0.019204657284879724,0.022435073687986598,0.01902090883893264,0.022333678553618952
nav-robust,working_p3,2026-10-02 new working P3,520,5.19,5.2,y,-0.07154619010404573,-0.03373379034720038,0.03781239975684535,-0.07153225887964548,-0.03480730767292798,0.0367249512067175,0.01029421616972085,0.01364096577101722,0.009459009103171026,0.012550918039390097
nav-robust,working_p3,2026-10-02 new working P3,521,5.2,5.21,x,0.10738082314382426,0.18825366990692174,0.08087284676309749,0.10738085999482815,0.18804047318805073,0.08065961319322258,0.019171464599626174,0.022373923665376536,0.018991527172815294,0.022271079713800393
nav-robust,working_p3,2026-10-02 new working P3,521,5.2,5.21,y,-0.07204343069978483,-0.03486731758932212,0.03717611311046271,-0.07203197831343201,-0.03590777722450133,0.036124201088930684,0.010131269637213603,0.013457824661824429,0.009329266896507654,0.012403797285135201
nav-robust,working_p3,2026-10-02 new working P3,522,5.21,5.22,x,0.10730686176480246,0.1880428673727503,0.08073600560794784,0.10730689860511801,0.18783608019722517,0.08052918159210716,0.01914214047889686,0.022315930044934998,0.0189648797469689,0.022211653919936444
nav-robust,working_p3,2026-10-02 new working P3,522,5.21,5.22,y,-0.07252098245223225,-0.03596715365363518,0.03655382879859707,-0.07250955712935081,-0.0369804802402885,0.03552907688906231,0.009977773568951126,0.013284837603527881,0.009201042588639515,0.012257945596694422
nav-robust,working_p3,2026-10-02 new working P3,523,5.22,5.23,x,0.10723047704782897,0.18783930785975694,0.08060883081192798,0.10723051387621901,0.1876390942595144,0.08040858038329537,0.019114696789463113,0.022260131058874547,0.018940305283029597,0.022154643769044663
nav-robust,working_p3,2026-10-02 new working P3,523,5.22,5.23,y,-0.07297636393866545,-0.037039572215173816,0.03593679172349164,-0.07296496612571757,-0.038025771074792776,0.03493919505092479,0.009825291715921414,0.01311242999317768,0.009073799617588732,0.012112668713579182
nav-robust,working_p3,2026-10-02 new working P3,524,5.23,5.24,x,0.10715189501736322,0.18764314791807746,0.08049125290071424,0.10715193183259107,0.18744967161101778,0.0802977397784267,0.019089100859689467,0.022206516606843973,0.018917764307121457,0.02210003908550974
nav-robust,working_p3,2026-10-02 new working P3,524,5.23,5.24,y,-0.07340964244669307,-0.038084546146350595,0.03532509630034247,-0.07339827258936121,-0.03904362395792179,0.03435464863143942,0.00967383841122544,0.012940669442576914,0.008947551182145541,0.011968032889854298
nav-robust,working_p3,2026-10-02 new working P3,525,5.24,5.25,x,0.10707133947881148,0.1874545437654971,0.08038320428668563,0.10707137627964092,0.18726796815115868,0.08019659187151776,0.019065350082734647,0.02215508086904125,0.01889725585292756,0.022047833966846953
nav-robust,working_p3,2026-10-02 new working P3,525,5.24,5.25,y,-0.07382090061568637,-0.039102069014929776,0.034718831600756596,-0.0738095591588635,-0.04003403381442944,0.033775525344434065,0.009523434053087369,0.012769584886815198,0.00882231654741389,0.01182406570335752
nav-robust,working_p3,2026-10-02 new working P3,526,5.25,5.26,x,0.10698903261183863,0.1872736512855071,0.08028461867366847,0.106989069397034,0.18709413944074815,0.08010507004371416,0.01904342714119411,0.022105821105969217,0.0188787690673296,0.021998025583460465
nav-robust,working_p3,2026-10-02 new working P3,526,5.25,5.26,y,-0.07421017003851231,-0.04009216923843757,0.03411800080007474,-0.07419885742629202,-0.040997030418288095,0.03320182700800393,0.009374094538536396,0.012599138264299398,0.008698110478522115,0.011680727735768295
nav-robust,working_p3,2026-10-02 new working P3,527,5.26,5.27,x,0.10690520509261994,0.1871006259785015,0.08019542088588155,0.10690524186094609,0.18692834065318922,0.08002309879224313,0.01902330266919678,0.02205871739557891,0.01886227435003078,0.02195059391579042
nav-robust,working_p3,2026-10-02 new working P3,527,5.26,5.27,y,-0.07457751303031095,-0.04105484778962476,0.033522665240686186,-0.07456622970597766,-0.04193261609811317,0.032633613607864494,0.009225843807542492,0.01242934913469717,0.008574955784787475,0.0115380371905894
nav-robust,working_p3,2026-10-02 new working P3,528,5.27,5.28,x,0.1068200826941936,0.18693562325431878,0.08011554056012518,0.10682011944441602,0.18677072686702598,0.07995060742260995,0.01900498390427789,0.022013759460740162,0.018847778698259352,0.02190552858178657
nav-robust,working_p3,2026-10-02 new working P3,528,5.27,5.28,y,-0.07492299309185592,-0.041990106774968644,0.032932886316887275,-0.07491173949787508,-0.042840794315627116,0.03207094518224796,0.009078676133292118,0.012260237491828481,0.008452845610020616,0.011396012706076389
nav-robust,working_p3,2026-10-02 new working P3,529,5.28,5.29,x,0.10673383455704143,0.1867787984579539,0.08004496390091247,0.10673392779673505,0.186621453091663,0.07988752529492796,0.01898842585435253,0.02197104991178285,0.018835232353043907,0.02186281906183571
nav-robust,working_p3,2026-10-02 new working P3,529,5.28,5.29,y,-0.0752466752047066,-0.04289794574215372,0.03234872946255288,-0.07523545178271489,-0.043721565973102026,0.03151388580961286,0.008932609139184604,0.012091831155269857,0.008331796449550703,0.011254680746879936
nav-robust,working_p3,2026-10-02 new working P3,530,5.29,5.3,x,0.10664668920599746,0.18663030760294658,0.07998361839694912,0.10664689258722639,0.18648067500076154,0.07983378241353516,0.018973660892868588,0.021930572603004073,0.01882466766422318,0.021822454801531013
nav-robust,working_p3,2026-10-02 new working P3,530,5.29,5.3,y,-0.07554862712066128,-0.04377836997902805,0.03177025714163323,-0.07553743431145686,-0.04457493771227813,0.030962496599178733,0.008787674228236168,0.01192414917206585,0.008211838579658142,0.0111140590057952
nav-robust,working_p3,2026-10-02 new working P3,531,5.3,5.31,x,0.10655892499117105,0.18649030297336766,0.07993137798219661,0.10655923844914096,0.18634854453423333,0.07978930608509237,0.018960664484545833,0.021892211326788244,0.018816064135954002,0.021784426899850537
nav-robust,working_p3,2026-10-02 new working P3,531,5.3,5.31,y,-0.07582891018020393,-0.04463138525174663,0.0311975249284573,-0.07581774842373666,-0.0454009166524691,0.030416831771267562,0.008643913150543886,0.01175721233897517,0.008093012625067213,0.010974166926045997
nav-robust,working_p3,2026-10-02 new working P3,532,5.31,5.32,x,0.10647076749293305,0.18635893831226163,0.07988817081932859,0.10647119095915368,0.18622521508669104,0.07975402412753736,0.01894941995309366,0.021855955195449445,0.01880940482847511,0.021748724341983813
nav-robust,working_p3,2026-10-02 new working P3,532,5.31,5.32,y,-0.07608759078212521,-0.045457001459272374,0.030630589322852834,-0.07607646051748694,-0.046199514045025175,0.029876946472461766,0.008501305032688908,0.01159103589192622,0.007975296588377943,0.010835018390778231
nav-robust,working_p3,2026-10-02 new working P3,533,5.32,5.33,x,0.10638244255533882,0.18623636704926755,0.07985392449392872,0.10638297595762618,0.1861108397350771,0.07972786377745093,0.018939872968822637,0.021821792517881106,0.018804635142778442,0.021715335302306335
nav-robust,working_p3,2026-10-02 new working P3,533,5.32,5.33,y,-0.07632473615939463,-0.046255231264506355,0.03006950489488827,-0.07631363782480949,-0.04697074390442549,0.029342893920384,0.008359856931558031,0.011425632242137947,0.007858696403916255,0.010696624459218693
nav-robust,working_p3,2026-10-02 new working P3,534,5.33,5.34,x,0.10629417546038539,0.18612274236246792,0.07982856690208254,0.10629481872286403,0.18600557130052053,0.0797107525776565,0.018932065924069482,0.02178971243632985,0.018801797196041185,0.021684248781157794
nav-robust,working_p3,2026-10-02 new working P3,534,5.33,5.34,y,-0.07654041440842874,-0.04702608548295872,0.02951432892547002,-0.07652934844124341,-0.04771461839691104,0.028814730044332375,0.008219575213101477,0.011261020196670052,0.007743217316520367,0.010559002587263153
nav-robust,working_p3,2026-10-02 new working P3,535,5.34,5.35,x,0.1062061910968648,0.18601821686614137,0.07981202576927657,0.10620694413997034,0.18590956203609757,0.07970261789612723,0.018925965920027123,0.021759704575350647,0.01880085780846309,0.021655454253801804
nav-robust,working_p3,2026-10-02 new working P3,535,5.34,5.35,y,-0.07673949685005552,-0.04776957628349448,0.028969920566561037,-0.07672793158114798,-0.04843115104119266,0.028296780539955317,0.00808047237312343,0.011097218546214052,0.007628870702359835,0.010422170215305337
nav-robust,working_p3,2026-10-02 new working P3,536,5.35,5.36,x,0.10611871463096108,0.1859229429367657,0.07980422830580462,0.10611957737144256,0.18582296395284303,0.07970338658140047,0.018921575336570906,0.02173175768219733,0.018801819073100003,0.02162894031082116
nav-robust,working_p3,2026-10-02 new working P3,536,5.35,5.36,y,-0.0769646171375611,-0.04848571730573644,0.02847889983182466,-0.07695308392317406,-0.04912035682581611,0.02783272709735795,0.007942574827580054,0.010934245852265746,0.007515681859262092,0.010286144555447178
nav-robust,working_p3,2026-10-02 new working P3,537,5.36,5.37,x,0.10603197103751116,0.18583710938801756,0.0798051383505064,0.10603294338843376,0.1857459654947581,0.07971302210632435,0.018918842083877806,0.02170586055207932,0.018804628607490603,0.021604695583379532
nav-robust,working_p3,2026-10-02 new working P3,537,5.36,5.37,y,-0.07716740517411677,-0.04917452358933857,0.027992881584778202,-0.07715590449171739,-0.04978225213839757,0.027373652353319816,0.00780589362895985,0.01077212056952509,0.00740366072312128,0.010150942713936614
nav-robust,working_p3,2026-10-02 new working P3,538,5.37,5.38,x,0.10594618528374891,0.18576092275412986,0.07981473747038095,0.10594726715449657,0.18567877282217607,0.0797315056676795,0.018917780255026682,0.021682001644872217,0.018809300206264243,0.021582708359937086
nav-robust,working_p3,2026-10-02 new working P3,538,5.37,5.38,y,-0.07734793072721784,-0.04983601160843474,0.027511919118783097,-0.07733646305333741,-0.05041685480003466,0.02691960825330275,0.007670451757662327,0.010610860981586048,0.0072928291593053465,0.010016581626895171
nav-robust,working_p3,2026-10-02 new working P3,539,5.38,5.39,x,0.10586157883876578,0.1856944447529311,0.07983286591416532,0.10586277013504394,0.18562144727481006,0.07975867713976612,0.018918375084046903,0.021660176053108895,0.01881581879919734,0.021562973554247022
nav-robust,working_p3,2026-10-02 new working P3,539,5.38,5.39,y,-0.07750627458789118,-0.050470199218211796,0.027036075369679384,-0.0774948403981141,-0.051024184011841694,0.026470656386272412,0.0075362455691157515,0.010450485295856404,0.007183182409802209,0.009883078155275594
nav-robust,working_p3,2026-10-02 new working P3,540,5.39,5.4,x,0.10577833225777886,0.1856378261074565,0.07985949384967764,0.10577963288161743,0.18557413919337262,0.07979450631175519,0.018920606786808087,0.02164046031892869,0.018824164292111048,0.02154556752231021
nav-robust,working_p3,2026-10-02 new working P3,540,5.39,5.4,y,-0.0776425426582406,-0.05107710563691258,0.026565437021328013,-0.07763114242719328,-0.051604260336914995,0.026026882090278286,0.007403297457603219,0.01029101167706209,0.00707474175707417,0.009750449118403899
nav-robust,working_p3,2026-10-02 new working P3,541,5.4,5.41,x,0.10569673737591981,0.18559008565582846,0.07989334827990865,0.10569779782435364,0.1855358670294648,0.07983806920511118,0.018923580496717673,0.021622358882672443,0.01883415206389042,0.02153034391229823
nav-robust,working_p3,2026-10-02 new working P3,541,5.4,5.41,y,-0.07775671704592518,-0.05165916728581442,0.026097549760110764,-0.07774769755232855,-0.05215952009548538,0.02558817745684317,0.007269168872094376,0.010130038605166578,0.0069674605516491525,0.009618708325153262
nav-robust,working_p3,2026-10-02 new working P3,542,5.41,5.42,x,0.1056157715455493,0.1855526284237342,0.07993685687818491,0.10561691303674196,0.18550593965353923,0.07988902661679727,0.018930525283782838,0.02160761788817639,0.01884618621972108,0.0215176697824052
nav-robust,working_p3,2026-10-02 new working P3,542,5.41,5.42,y,-0.07785602408160758,-0.05221399944007967,0.025642024641527907,-0.0778470290736707,-0.05269240877122744,0.025154620302443267,0.007143569841714303,0.009977217530871163,0.006861480991819092,0.00948784211629023
nav-robust,working_p3,2026-10-02 new working P3,543,5.42,5.43,x,0.1055362886603983,0.18552321080284495,0.07998692214244665,0.10553751112258886,0.18548416168263965,0.07994665056005079,0.018938743556582274,0.02159452176324536,0.018859630085830203,0.021506802655311075
nav-robust,working_p3,2026-10-02 new working P3,543,5.42,5.43,y,-0.07793802688039893,-0.05274640470817257,0.025191622172226355,-0.07792905665416541,-0.05320289378588537,0.02472616286828004,0.007019207157872885,0.009825409600065477,0.006756698544396685,0.00935796627715986
nav-robust,working_p3,2026-10-02 new working P3,544,5.43,5.44,x,0.10545845608854582,0.18550196902699695,0.08004351293845113,0.10545975944773747,0.1854706691038711,0.08001090965613364,0.01894826014616031,0.021583059631443968,0.01887450828094626,0.0214977315125493
nav-robust,working_p3,2026-10-02 new working P3,544,5.43,5.44,y,-0.07800277774463894,-0.053256399639495036,0.024746378105143907,-0.07799383259559545,-0.053690992591148665,0.024302840004446782,0.00689971060891871,0.009674629968063245,0.0066567422836001635,0.009229095060415277
nav-robust,working_p3,2026-10-02 new working P3,545,5.44,5.45,x,0.10538244156506414,0.18548897403882997,0.08010653247376583,0.105383825745026,0.18546553261084717,0.08008170686582117,0.018959007590018638,0.021573219585174983,0.01889075312691836,0.021490444300018507
nav-robust,working_p3,2026-10-02 new working P3,545,5.44,5.45,y,-0.07805032952032884,-0.05374400400294048,0.024306325517388358,-0.07804140974339968,-0.05415672585744189,0.02388468388595779,0.006781547805926769,0.009524889154266622,0.006558079107380928,0.009101238083544107
nav-robust,working_p3,2026-10-02 new working P3,546,5.45,5.46,x,0.1053084125265566,0.18548432909286183,0.08017591656630524,0.10530987744882554,0.18546885520676856,0.08015897775794302,0.01897098475005773,0.02156499000766743,0.01890836326666216,0.021484929249974208
nav-robust,working_p3,2026-10-02 new working P3,546,5.45,5.46,y,-0.07808084150496304,-0.0542092376553249,0.023871603849638143,-0.07807194739450474,-0.05460011434233503,0.02347183305216971,0.00666457630165096,0.009376199303749153,0.006460565856390707,0.00897440659047212
nav-robust,working_p3,2026-10-02 new working P3,547,5.46,5.47,x,0.10523653624057468,0.1854881372036329,0.08025160096305824,0.1052380818244573,0.18548073965257236,0.08024265782811506,0.018984173502334598,0.021558359305211924,0.01892732035392207,0.02148117461326772
nav-robust,working_p3,2026-10-02 new working P3,547,5.46,5.47,y,-0.07809437316972791,-0.0546521212315122,0.023442251938215704,-0.07808550501952378,-0.05502117958064803,0.023064325438875752,0.006550362280613054,0.009228572805409709,0.00636576800408515,0.008848612069737985
nav-robust,working_p3,2026-10-02 new working P3,548,5.47,5.48,x,0.10516697893213361,0.18550139246153113,0.08033441352939752,0.10516860509470817,0.18550139246153113,0.08033278736682296,0.018998665714850274,0.02155331764520735,0.018947653045364957,0.021479170397396816
nav-robust,working_p3,2026-10-02 new working P3,548,5.47,5.48,y,-0.07809088354687682,-0.05507267264485448,0.023018210902022343,-0.07808204165013156,-0.055419940384870345,0.02266210126526122,0.006439640571321891,0.009082029289454174,0.006274291821242417,0.008723873251995695
nav-robust,working_p3,2026-10-02 new working P3,549,5.48,5.49,x,0.10509990765139256,0.18553178538404028,0.08043187773264772,0.10510161430751092,0.18553178538404028,0.08043017107652936,0.01901510159533339,0.021549853211885975,0.018969409123507627,0.021478904622234618
nav-robust,working_p3,2026-10-02 new working P3,549,5.48,5.49,y,-0.07807048090543371,-0.05547089725880656,0.022599583646627154,-0.078061665554768,-0.05579640301675471,0.022265262538013288,0.006331425835547965,0.008936615281822678,0.0061839537970272175,0.008600235764462567
nav-robust,working_p3,2026-10-02 new working P3,550,5.49,5.5,x,0.1050354897972235,0.18557124876246867,0.08053575896524516,0.10503727685951328,0.18557124876246867,0.08053397190295539,0.01903339653581436,0.021547953150269458,0.018992571681197393,0.02148036426398947
nav-robust,working_p3,2026-10-02 new working P3,550,5.49,5.5,y,-0.07803317127729528,-0.05584683966071427,0.022186331616581012,-0.07802438276474039,-0.056150612961084756,0.02187376980365563,0.006225630877954397,0.008792300656932095,0.006094755694343193,0.00847766858368243
nav-robust,working_p3,2026-10-02 new working P3,551,5.5,5.51,x,0.10497362695921576,0.18561970547124246,0.0806460785120267,0.10497549433808236,0.18561970547124246,0.0806442111331601,0.019053865691065767,0.021547866019527254,0.019017161522294636,0.021483797708567662
nav-robust,working_p3,2026-10-02 new working P3,551,5.5,5.51,y,-0.0779870726729083,-0.0562004886107302,0.0217865840621781,-0.07797050093028879,-0.05648255987457001,0.02148794105571878,0.006123032079726398,0.008649168735998976,0.006006776257176622,0.008356254133869333
nav-robust,working_p3,2026-10-02 new working P3,552,5.51,5.52,x,0.1049142247300137,0.18567724855205156,0.08076302382203786,0.10491617233364242,0.18567724855205156,0.08076107621840914,0.019076718078259006,0.021549840956645264,0.019043223598237343,0.02148945391524601
nav-robust,working_p3,2026-10-02 new working P3,552,5.51,5.52,y,-0.07793886262483314,-0.05653187805823962,0.02140698456659352,-0.0779296302484196,-0.05679227860225121,0.021137351646168395,0.006024010680477559,0.008507214248912244,0.005920004584764434,0.008235986248800772
nav-robust,working_p3,2026-10-02 new working P3,553,5.52,5.53,x,0.10485798409008809,0.18574397076526128,0.08088598667517319,0.10486001182444639,0.18574397076526128,0.08088395894081489,0.0191017638302158,0.021553336324820344,0.0190707245085436,0.021496791065070756
nav-robust,working_p3,2026-10-02 new working P3,553,5.52,5.53,y,-0.07789579721861195,-0.0568410625975627,0.021054734621049252,-0.0778865921063438,-0.0570798246331818,0.020806767473162,0.005930608538247433,0.008366392433590449,0.005836790224794881,0.008116819271195813
nav-robust,working_p3,2026-10-02 new working P3,554,5.53,5.54,x,0.10480507124910836,0.18581997217084992,0.08101490092174156,0.10480717901794803,0.18581997217084992,0.08101279315290189,0.019129494413056405,0.021558340162759412,0.01909970248214971,0.021505797010160893
nav-robust,working_p3,2026-10-02 new working P3,554,5.53,5.54,y,-0.0778473049293014,-0.0571280695348853,0.020719235394416106,-0.07782619719707687,-0.05734522616733813,0.02048097102973874,0.0058427072552949275,0.008226714888623622,0.005755918482244026,0.007998763905377418
nav-robust,working_p3,2026-10-02 new working P3,555,5.54,5.55,x,0.10475565221713241,0.18590535353143783,0.08114970131430542,0.10475783992199188,0.18590535353143783,0.08114751360944596,0.019159640711523127,0.021564840522160275,0.019130123373178664,0.02151645961119357
nav-robust,working_p3,2026-10-02 new working P3,555,5.54,5.55,y,-0.07778777125559976,-0.057392927116816074,0.02039484413878368,-0.07774836423099167,-0.057588512344155934,0.020159851886835736,0.005760094983516209,0.008088193116357147,0.005677773208874142,0.007881830760377045
nav-robust,working_p3,2026-10-02 new working P3,556,5.55,5.56,x,0.10470985709175676,0.1860002154024829,0.08129035831072615,0.10471212463196342,0.1860002154024829,0.08128809077051949,0.01919191449318847,0.02157289688432565,0.019161927233994045,0.021528838154022484
nav-robust,working_p3,2026-10-02 new working P3,556,5.55,5.56,y,-0.07771061207178952,-0.057635664535931524,0.020074947535857993,-0.07765296220964382,-0.05780971324805476,0.01984324896158906,0.005682514873906765,0.007950838510895328,0.005602614309204246,0.007766030337958786
nav-robust,working_p3,2026-10-02 new working P3,557,5.56,5.57,x,0.10466780320323722,0.18610465794972908,0.08143685474649186,0.10467015047590977,0.18610465794972908,0.0814345074738193,0.019226833009838688,0.021582593861078345,0.019195182835477623,0.0215430170505978
nav-robust,working_p3,2026-10-02 new working P3,557,5.56,5.57,y,-0.07761588755051206,-0.057856311929884184,0.019759575620627877,-0.07754005194522016,-0.0580088599075256,0.019531192037694566,0.005609168040499474,0.007814662357876069,0.005528558373477738,0.00765137303241465
nav-robust,working_p3,2026-10-02 new working P3,558,5.57,5.58,x,0.10462973644115589,0.18621878109292883,0.08158904465177294,0.10463216334120679,0.18621878109292883,0.08158661775172205,0.019264232956746983,0.02159375853259518,0.019229869282272473,0.021558823176804742
nav-robust,working_p3,2026-10-02 new working P3,558,5.57,5.58,y,-0.07750380150300692,-0.05805490038048877,0.019448901122518153,-0.07740983788718275,-0.05818598429419651,0.019223853592986243,0.005539742507565067,0.007679675834248126,0.005455615415984993,0.0075378691303623485
nav-robust,working_p3,2026-10-02 new working P3,559,5.58,5.59,x,0.10459582211455834,0.18634268447086813,0.08174686235630979,0.10459832853469625,0.18634268447086813,0.08174435593617188,0.019303795952719516,0.021606378718308256,0.019265923040370458,0.021576244143369644
nav-robust,working_p3,2026-10-02 new working P3,559,5.58,5.59,y,-0.0773743023565766,-0.058231461912785214,0.01914284044379138,-0.07726226909972127,-0.05834111932187504,0.01892114977784623,0.0054741747009719845,0.0075458900080536614,0.00538435147504464,0.007425528810548462
nav-robust,working_p3,2026-10-02 new working P3,560,5.59,5.6,x,0.10456622516986429,0.1864764674363248,0.0819102422664605,0.10456881100059656,0.1864764674363248,0.08190765643572823,0.019345994871087575,0.02162044253281427,0.019303392682679513,0.021595267851774153
nav-robust,working_p3,2026-10-02 new working P3,560,5.59,5.6,y,-0.07722743003225074,-0.058386029460963836,0.018841400571286908,-0.07709738613940485,-0.05847429881245297,0.018623087326951886,0.0054156487100560265,0.007413315902337313,0.005316909298763061,0.007314362207777932
nav-robust,working_p3,2026-10-02 new working P3,561,5.6,5.61,x,0.10454120870607808,0.1866189793917377,0.0820777706856596,0.10454327728172771,0.1866189793917377,0.08207570211000997,0.019389603496402535,0.02163514520537324,0.01934209237840788,0.021615685867744677
nav-robust,working_p3,2026-10-02 new working P3,561,5.6,5.61,y,-0.0770631682243036,-0.05852098244588986,0.018542185778413746,-0.0769173421426692,-0.05858790103439309,0.018329441108276105,0.005359361789118424,0.007279589341557001,0.005250968109122607,0.007204325944266461
nav-robust,working_p3,2026-10-02 new working P3,562,5.61,5.62,x,0.10451889279307512,0.18676914834469757,0.08225025555162245,0.10452101666594477,0.18676914834469757,0.0822481316787528,0.01943435360983741,0.021653339184289286,0.01938187661606465,0.021637980129272205
nav-robust,working_p3,2026-10-02 new working P3,562,5.61,5.62,y,-0.0768837669361832,-0.0586339235444434,0.01824984339173981,-0.07672436820410708,-0.05868416669177059,0.01804020151233649,0.0053075095450905545,0.007154210713360698,0.00518873584585816,0.007095636887716507
nav-robust,working_p3,2026-10-02 new working P3,563,5.62,5.63,x,0.10450030718862609,0.18692703153761858,0.0824267243489925,0.10450248628673804,0.18692703153761858,0.08242454525088054,0.019480490737925186,0.021672613798014898,0.0194225923744977,0.02166146566796663
nav-robust,working_p3,2026-10-02 new working P3,563,5.62,5.63,y,-0.07669139670990208,-0.058729579341645514,0.017961817368256562,-0.07651846641238241,-0.058763175584095495,0.017755290828286918,0.0052577389929883015,0.0070301087760758565,0.005127381506215331,0.006988196261190391
nav-robust,working_p3,2026-10-02 new working P3,564,5.63,5.64,x,0.10448555539787484,0.1870926525292254,0.08260709713135057,0.10448778964803264,0.1870926525292254,0.08260486288119277,0.01952793947134762,0.021692970846472523,0.01946423102875474,0.02168614414060753
nav-robust,working_p3,2026-10-02 new working P3,564,5.63,5.64,y,-0.07648622529018101,-0.05880801538285717,0.01767820990732384,-0.07629980488747866,-0.0588249938072297,0.01747481108024896,0.005209856308145764,0.006907210612499437,0.005066905567875583,0.0068819305966635255
nav-robust,working_p3,2026-10-02 new working P3,565,5.64,5.65,x,0.10447475278688295,0.18726607576153323,0.08279132297465028,0.1044770421146728,0.18726607576153323,0.08278903364686042,0.01957642845111963,0.021714400094965808,0.019506751357938012,0.021712005166917306
nav-robust,working_p3,2026-10-02 new working P3,565,5.64,5.65,y,-0.07626822922747663,-0.058869257941433197,0.01739897128604343,-0.07610120874817046,-0.05886964818438269,0.017231560563787766,0.005163076842507901,0.006785522949704671,0.005007306445699705,0.006776846071028818
nav-robust,working_p3,2026-10-02 new working P3,566,5.65,5.66,x,0.10446232506315806,0.18744736554817854,0.08298504048502048,0.10446916077812653,0.18744736554817854,0.08297820477005201,0.01962628868923093,0.02174827032798282,0.019550203934455432,0.02174143461301435
nav-robust,working_p3,2026-10-02 new working P3,566,5.65,5.66,y,-0.07606545792302484,-0.05889680959324766,0.01716864832977718,-0.07590399099851709,-0.05889681471567325,0.017007176282843844,0.005118834470411759,0.006698100744736625,0.004948986048365077,0.0066736513417093996
nav-robust,working_p3,2026-10-02 new working P3,567,5.66,5.67,x,0.10445383312527728,0.18763658597872723,0.08318275285344995,0.1044654307291608,0.18763658597872723,0.08317115524956643,0.019677079488233426,0.021783679645202225,0.019594490287563465,0.02177208204131871
nav-robust,working_p3,2026-10-02 new working P3,567,5.66,5.67,y,-0.07586291890956004,-0.05890682755799258,0.016956091351567462,-0.07572200896148945,-0.05890683277172777,0.01681517618976168,0.005078711949847703,0.00661269155229785,0.004894792975847744,0.006571730209735019
nav-robust,working_p3,2026-10-02 new working P3,568,5.67,5.68,x,0.1044495259512935,0.1878338020764892,0.0833842761251957,0.10446599519026348,0.1878338020764892,0.08336780688622572,0.019728767655189848,0.021820349679770257,0.019639585848378015,0.021803880440800283
nav-robust,working_p3,2026-10-02 new working P3,568,5.67,5.68,y,-0.07568166183569563,-0.05889965526950403,0.016782006566191603,-0.07552562205847511,-0.05889966057443438,0.016625961484040733,0.005041912058089903,0.006528670806313704,0.004843961235719668,0.006471229080441218
nav-robust,working_p3,2026-10-02 new working P3,569,5.68,5.69,x,0.10444951861869355,0.18803907696166106,0.08358955834296751,0.10447096908119062,0.18803907696166106,0.08356810788047044,0.01978131977592487,0.02185826955356633,0.01968545738047587,0.021836819091069257
nav-robust,working_p3,2026-10-02 new working P3,569,5.68,5.69,y,-0.07548599006762485,-0.058875403907841024,0.01661058615978383,-0.0753148631457743,-0.05887540930385041,0.0164394538419239,0.005005846444628719,0.006445879805246323,0.0047939028900881135,0.0063719897991160734
nav-robust,working_p3,2026-10-02 new working P3,570,5.69,5.7,x,0.10445392593193016,0.18825247391798502,0.08379854798605486,0.10448046704624256,0.18825247391798502,0.08377200687174247,0.019834744507438145,0.02189744141071616,0.019732113720325618,0.02187090029640376
nav-robust,working_p3,2026-10-02 new working P3,570,5.69,5.7,y,-0.07527588717223498,-0.058834103382120015,0.01644178379011496,-0.07508971625305103,-0.05883410886909062,0.016255607383960403,0.004972165796012779,0.006364323482417264,0.004746269037386705,0.0062740178452052806
nav-robust,working_p3,2026-10-02 new working P3,571,5.7,5.71,x,0.10446286223556461,0.18847405647430054,0.08401119423873593,0.10449460326740953,0.18847405647430054,0.08397945320689101,0.01988903526060347,0.021937845767515923,0.019779548459983958,0.021906104735671006
nav-robust,working_p3,2026-10-02 new working P3,571,5.7,5.71,y,-0.07505153025793211,-0.05877577268435212,0.01627575757357999,-0.07485035895063186,-0.05877577826216448,0.01607458068846738,0.00494041580883171,0.006284029696893775,0.004700605785351456,0.006177341623188344
nav-robust,working_p3,2026-10-02 new working P3,572,5.71,5.72,x,0.10447644170909352,0.18870388764739787,0.08422744593830435,0.10451349175920144,0.18870388764739787,0.08419039588819643,0.019944189968230407,0.02197947263228077,0.01982775971515449,0.021942422582172855
nav-robust,working_p3,2026-10-02 new working P3,572,5.71,5.72,y,-0.07481312547733779,-0.05870043838244479,0.016112687094892997,-0.07459699785219467,-0.05870044405097775,0.015896553801216927,0.0049093189959970715,0.006205012246051439,0.004655636057295006,0.006081975475131264
nav-robust,working_p3,2026-10-02 new working P3,573,5.72,5.73,x,0.10449477877739774,0.18894204852095225,0.08444726974355451,0.10453724677909972,0.18894204852095225,0.08440480174185254,0.020000224595305503,0.02202231119017045,0.019876763635426033,0.021979843188468476
nav-robust,working_p3,2026-10-02 new working P3,573,5.72,5.73,y,-0.07456043599773622,-0.05860814673219169,0.015952289265544532,-0.07432939658520821,-0.058608152491322424,0.015721244093885783,0.004878855652538942,0.006127246640140742,0.00461134055789653,0.005987895455242975
nav-robust,working_p3,2026-10-02 new working P3,574,5.73,5.74,x,0.10451798732409084,0.18918867181960505,0.08467068449551421,0.10456598204090894,0.18918867181960505,0.08462268977869611,0.020057105181906655,0.022066351371670012,0.01992652644718405,0.02201835665485191
nav-robust,working_p3,2026-10-02 new working P3,574,5.73,5.74,y,-0.07429359454505614,-0.058498916686886,0.015794677858170146,-0.07404768833490603,-0.05849892253649002,0.015548765798416013,0.004853201483588802,0.006050764081586467,0.004571895401177947,0.005895133309164781
nav-robust,working_p3,2026-10-02 new working P3,575,5.74,5.75,x,0.10454618117538292,0.189443742157955,0.08489756098257209,0.10459981119862356,0.189443742157955,0.08484393095933145,0.02011481029818321,0.022111582880045555,0.01997702690858785,0.02205795285680491
nav-robust,working_p3,2026-10-02 new working P3,575,5.74,5.75,y,-0.07405038156652649,-0.0583727924821685,0.01567758908435799,-0.07378965400693448,-0.05837279842211965,0.015416855584814829,0.0048326225860954135,0.005975546293797963,0.004537567092213145,0.005803671302770638
nav-robust,working_p3,2026-10-02 new working P3,576,5.75,5.76,x,0.10457939274321837,0.18970731463189072,0.08512792188867235,0.10463876648956905,0.18970731463189072,0.08506854814232168,0.020173346029223483,0.02215815790025963,0.02002827129443512,0.02209878415390895
nav-robust,working_p3,2026-10-02 new working P3,576,5.75,5.76,y,-0.07379210103320771,-0.05822979049455828,0.015562310538649433,-0.07351659802987624,-0.05822979652472874,0.015286801505147503,0.004812464609086575,0.005901631802593767,0.0045037016873830825,0.005713548503581738
nav-robust,working_p3,2026-10-02 new working P3,577,5.76,5.77,x,0.10461773299206208,0.1899794518710524,0.08536171887899031,0.104682958701191,0.1899794518710524,0.08529649316986139,0.020232700309374296,0.022206071160594018,0.020080247730478472,0.022140845451465094
nav-robust,working_p3,2026-10-02 new working P3,577,5.76,5.77,y,-0.07351879997805408,-0.058069941056467456,0.015448858921586622,-0.07322856789330484,-0.05806994717672775,0.015158620716577094,0.004795095401738054,0.005829032304637466,0.004472667442438075,0.005624777149192357
nav-robust,working_p3,2026-10-02 new working P3,578,5.77,5.78,x,0.10466139637024569,0.19026021586311795,0.08559881949287226,0.10473258210240481,0.19026021586311795,0.08552763376071314,0.02029284868668643,0.022255150063924006,0.020132931957867917,0.02218396433176488
nav-robust,working_p3,2026-10-02 new working P3,578,5.77,5.78,y,-0.07323052540899017,-0.05789326840685483,0.015337257002135334,-0.07292561106085345,-0.0578932746170738,0.015032336443779645,0.004778782166822217,0.005757772768407256,0.004442731965939813,0.005537382748229597
nav-robust,working_p3,2026-10-02 new working P3,579,5.78,5.79,x,0.1047104961356983,0.19054966854857383,0.08583917241287553,0.10478774976932956,0.19054966854857383,0.08576191877924427,0.02035378433819435,0.022305384034878944,0.02018631734842751,0.022228130401247687
nav-robust,working_p3,2026-10-02 new working P3,579,5.78,5.79,y,-0.0729273251117668,-0.057699790832133654,0.015227534279633151,-0.07260777577306313,-0.05769979713217851,0.014907978640884618,0.0047673408129322425,0.005687891140121984,0.004417711571478947,0.005451403786269272
nav-robust,working_p3,2026-10-02 new working P3,580,5.79,5.8,x,0.10476514529324397,0.19084805527851192,0.08608290998526795,0.10484857452258867,0.19084805527851192,0.08599948075592326,0.02041551932301422,0.022356762637370867,0.020240416157750317,0.022273333408026175
nav-robust,working_p3,2026-10-02 new working P3,580,5.79,5.8,y,-0.07260924727010017,-0.057489586696830866,0.0151196605732693,-0.07227511066751416,-0.05748959308656714,0.014785517580947018,0.00476141839391191,0.005619306290607445,0.004398253717098273,0.005366759672692449
nav-robust,working_p3,2026-10-02 new working P3,581,5.8,5.81,x,0.10482529008251967,0.191154076581506,0.08632878649898632,0.10491424167688572,0.191154076581506,0.08623983490462027,0.020476892370833763,0.022408848358471012,0.020295062891784576,0.022319896764104966
nav-robust,working_p3,2026-10-02 new working P3,581,5.8,5.81,y,-0.07227627734020159,-0.057264848236717666,0.015011429103483923,-0.07192961400829637,-0.057264852533392314,0.014664761474904052,0.004757426659203998,0.005549809465120056,0.004382701731688072,0.0052833469825618665
nav-robust,working_p3,2026-10-02 new working P3,582,5.81,5.82,x,0.10489038781184791,0.1914664624607315,0.0865760746488836,0.10498418352415757,0.1914664624607315,0.08648227893657394,0.02053780546622437,0.022461395599964892,0.020350180555004815,0.02236759988765523
nav-robust,working_p3,2026-10-02 new working P3,582,5.81,5.82,y,-0.07193057978714183,-0.05702768080453036,0.014902898982611469,-0.07157343385935327,-0.0570276851527916,0.014545748706561674,0.004752140998914708,0.005479458385938003,0.0043678105843868685,0.005201206457361905
nav-robust,working_p3,2026-10-02 new working P3,583,5.82,5.83,x,0.10495997096146276,0.19178527115008812,0.08682530018862536,0.1050586807282477,0.19178527115008812,0.08672659042184042,0.02059919740267307,0.02251473012288055,0.020405722919754114,0.022416020356095606
nav-robust,working_p3,2026-10-02 new working P3,583,5.82,5.83,y,-0.07157420663478178,-0.05677073770070725,0.014803468934074533,-0.07120661012925178,-0.05677074210048354,0.014435868028768242,0.0047474800370827675,0.005425106138603676,0.0043535730995673564,0.005135091008265633
nav-robust,working_p3,2026-10-02 new working P3,584,5.83,5.84,x,0.10503411340023702,0.192110540103828,0.08707642670359098,0.10513780704539798,0.192110540103828,0.08697273305843002,0.02066107306281861,0.022568843950403983,0.02046169498409343,0.02246515030524303
nav-robust,working_p3,2026-10-02 new working P3,584,5.83,5.84,y,-0.07120718843792276,-0.056418861845159596,0.014788326592763162,-0.07082917362827801,-0.056418866333573216,0.014410307294704792,0.0047465564657855055,0.005435083369443233,0.004343102194588845,0.005133331590473959
nav-robust,working_p3,2026-10-02 new working P3,585,5.84,5.85,x,0.10511285997325269,0.19244230679419075,0.08732944682093806,0.10522160720684912,0.19244230679419075,0.08722069958734163,0.020723427839455928,0.02262378692683016,0.020518092257070877,0.022515039693233735
nav-robust,working_p3,2026-10-02 new working P3,585,5.84,5.85,y,-0.0708295581464877,-0.05597275548665042,0.014856802659837277,-0.07044115756135239,-0.05597276000722615,0.014468397554126239,0.004748628147324152,0.005444675138947683,0.004335655956618467,0.005131213572916828
nav-robust,working_p3,2026-10-02 new working P3,586,5.85,5.86,x,0.10519630861240191,0.1927806085823348,0.0875842999699329,0.10531017902944323,0.1927806085823348,0.08747042955289158,0.020786255901078278,0.02267950249394153,0.0205749090242624,0.02256563207690021
nav-robust,working_p3,2026-10-02 new working P3,586,5.85,5.86,y,-0.07044134897202445,-0.055518169155248265,0.014923179816776183,-0.0700425953945297,-0.05551817370792566,0.01452442168660404,0.004752211647247753,0.005453895926676576,0.0043297511756522165,0.005128751743152263
nav-robust,working_p3,2026-10-02 new working P3,587,5.86,5.87,x,0.10528453537043264,0.19312548271783564,0.087840947347403,0.10540359844967107,0.19312548271783564,0.08772188426816457,0.0208495620394425,0.022735977620500863,0.020632150195335642,0.02261691454126244
nav-robust,working_p3,2026-10-02 new working P3,587,5.86,5.87,y,-0.0700425974655125,-0.055055128487158066,0.014987468978354436,-0.06963352393280234,-0.055055133071876323,0.014578390860926015,0.004757538835594067,0.005462738027897075,0.004325619945752971,0.005125938704001076
nav-robust,working_p3,2026-10-02 new working P3,588,5.87,5.88,x,0.10537761452457128,0.19347697143559905,0.08809935691102777,0.10550193962729633,0.19347697143559905,0.08797503180830273,0.020913323097453182,0.02279320259259357,0.020689792731932673,0.022668877489868525
nav-robust,working_p3,2026-10-02 new working P3,588,5.87,5.88,y,-0.06963333437074753,-0.05458366220072931,0.015049672170018222,-0.06921397417348155,-0.05458366681742724,0.014630307356054306,0.0047639540917069675,0.005471197649510096,0.004322606869865049,0.005122770969468518
nav-robust,working_p3,2026-10-02 new working P3,589,5.88,5.89,x,0.10547561941956621,0.1938351084099704,0.08835948899040419,0.10560527578840079,0.1938351084099704,0.08822983262156961,0.020977537421806705,0.022851169325131204,0.020747835100312563,0.022721512956296624
nav-robust,working_p3,2026-10-02 new working P3,589,5.88,5.89,y,-0.06921359390011278,-0.054103797377597,0.015109796522515782,-0.06878398058196539,-0.05410380202621301,0.014680178555752377,0.004773652972247118,0.005479275746335617,0.004322907727821993,0.005119249801025204
nav-robust,working_p3,2026-10-02 new working P3,590,5.89,5.9,x,0.10557862328673483,0.19419992914912906,0.08862130586239424,0.10571368004443303,0.19419992914912906,0.08848624910469603,0.021042199722724683,0.022909869721350742,0.020806272131083405,0.022774812963652538
nav-robust,working_p3,2026-10-02 new working P3,590,5.89,5.9,y,-0.0687834100800684,-0.053615558792169636,0.015167851287898763,-0.06834357743722476,-0.053615563472641785,0.014728013964582974,0.004786239964373806,0.005486995871437805,0.004326127229525592,0.005115399057927829
nav-robust,working_p3,2026-10-02 new working P3,591,5.9,5.91,x,0.1056866992426689,0.194571470555253,0.08888477131258411,0.1058272253909154,0.194571470555253,0.08874424516433761,0.021107299359246934,0.022969295673001697,0.020865093304493786,0.022828769524755196
nav-robust,working_p3,2026-10-02 new working P3,591,5.9,5.91,y,-0.06834281740118715,-0.053118970201687925,0.015223847199499228,-0.06789279948183574,-0.05311897491395387,0.014773824567881871,0.004798435016180196,0.005494339608730796,0.004328985545378242,0.005111200629820463
nav-robust,working_p3,2026-10-02 new working P3,592,5.91,5.92,x,0.10579992028794191,0.194949779038739,0.08914985875079709,0.10594598470615313,0.194949779038739,0.08900379433258587,0.021172891820687476,0.02302943906053173,0.020924354231887318,0.022883374642320514
nav-robust,working_p3,2026-10-02 new working P3,592,5.91,5.92,y,-0.06789185063833,-0.05261406556575896,0.015277785072571042,-0.06743168174215185,-0.05261407030975599,0.014817611432395857,0.004810232986784466,0.005501304376178157,0.004331477756371279,0.005106652239929697
nav-robust,working_p3,2026-10-02 new working P3,593,5.92,5.93,x,0.105918359305818,0.19533489884516844,0.08941653953935044,0.10607003074994485,0.19533489884516844,0.08926486809522359,0.021238892999597712,0.023090291753272485,0.020983970928664365,0.022938620309145633
nav-robust,working_p3,2026-10-02 new working P3,593,5.92,5.93,y,-0.06743054958773627,-0.052100872575641645,0.015329677012094624,-0.0669602642653908,-0.052100877351306654,0.014859386914084144,0.004821633112424218,0.005507891184662064,0.004333603320176532,0.005101755203929359
nav-robust,working_p3,2026-10-02 new working P3,594,5.93,5.94,x,0.10604208906096227,0.19572684893273024,0.08968475987176797,0.10619943616229478,0.19572684893273024,0.08952741277043545,0.021305309108602274,0.02315184560962663,0.021043949731116337,0.022994498508294117
nav-robust,working_p3,2026-10-02 new working P3,594,5.93,5.94,y,-0.06695897961161405,-0.05157941914888556,0.015379560462728495,-0.06647861266422167,-0.05157942395615508,0.014899188708066592,0.004832649187922732,0.005514101058856587,0.004335376252609709,0.0050965108508094145
nav-robust,working_p3,2026-10-02 new working P3,595,5.94,5.95,x,0.10617118219815315,0.19612566645765617,0.08995448425950302,0.10633427346212672,0.19612566645765617,0.08979139299552945,0.02137212289427107,0.02321409247725391,0.021104273510296298,0.02305100121328034
nav-robust,working_p3,2026-10-02 new working P3,595,5.94,5.95,y,-0.06647716994821203,-0.05104973358455349,0.015427436363658537,-0.06598675642683333,-0.051049738423363675,0.014937018003469651,0.00484328858326246,0.005519935037206526,0.004336804144201144,0.0050909205228504145
nav-robust,working_p3,2026-10-02 new working P3,596,5.95,5.96,x,0.1063057110524933,0.1965313869236214,0.0902256758711281,0.10647461485749665,0.1965313869236214,0.09005677206612475,0.021439375987696963,0.023277024567936552,0.021164984022595097,0.0231081207629332
nav-robust,working_p3,2026-10-02 new working P3,596,5.95,5.96,y,-0.06598519095323234,-0.0505118442338875,0.01547334671934484,-0.06548476615834402,-0.05051184910417412,0.0149729170541699,0.00485354898196948,0.005525394321709738,0.004337884898577333,0.0050849857254014474
nav-robust,working_p3,2026-10-02 new working P3,597,5.96,5.97,x,0.1064457481751011,0.1969440463755803,0.09049829820047921,0.10662053277128612,0.1969440463755803,0.09032351360429418,0.02150704279977962,0.023340633410450604,0.021226055805023694,0.023165848814265574
nav-robust,working_p3,2026-10-02 new working P3,597,5.96,5.97,y,-0.0654830156310939,-0.04996575796264754,0.015517257668446367,-0.06497261511206132,-0.04996576286434599,0.015006852247715328,0.00486345671812167,0.005530479872387972,0.004338645069466354,0.005078707721346561
nav-robust,working_p3,2026-10-02 new working P3,598,5.97,5.98,x,0.10659136585383676,0.19736368080016045,0.09077231494632369,0.10677209936193004,0.19736368080016045,0.09059158143823041,0.02157508342829312,0.0234049108005754,0.02128744908227925,0.02322417729248212
nav-robust,working_p3,2026-10-02 new working P3,598,5.97,5.98,y,-0.0649706804054038,-0.04941150532634988,0.015559175079053918,-0.06445033995995023,-0.04941151025939518,0.015038829700555048,0.00487298607948279,0.0055351953567823395,0.004339059163829096,0.005072090480595898
nav-robust,working_p3,2026-10-02 new working P3,599,5.98,5.99,x,0.1067426361827485,0.19779032627256848,0.09104769008981999,0.10692938659286469,0.19779032627256848,0.0908609396797038,0.02164349847930156,0.023469848660794643,0.021349164588159185,0.023283098250678452
nav-robust,working_p3,2026-10-02 new working P3,599,5.98,5.99,y,-0.06444822181891295,-0.04884913426251218,0.01559908755640077,-0.06391797749258567,-0.04884913922683897,0.015068838265746697,0.004882145945860391,0.005539582753303747,0.00433913628021439,0.005065176283431769
nav-robust,working_p3,2026-10-02 new working P3,600,5.99,6.0,x,0.10689962073853346,0.1982240186155469,0.09132439787701344,0.10709245590899041,0.1982240186155469,0.09113156270655648,0.02171232451745813,0.023535459687057864,0.021411239015858702,0.023342624516600907
nav-robust,working_p3,2026-10-02 new working P3,600,5.99,6.0,y,-0.06391567670628581,-0.04827867386268662,0.015637002843599195,-0.06337556479191862,-0.04827867885822918,0.015096885933689443,0.004890951612043553,0.005543601815217243,0.004338891931693915,0.005057925184488589
