analytic_containment_applicability,analytic_containment_passed,analytic_reference_contained,cold_total_configuration_time_s,compile_or_jit_time_s,completed_requested_horizon,completed_steps,device,dtype,engine_internal_time_s,evaluation_time,failure_category,first_step_time_s,h,measurement_phase,memory_measurement,memory_measurement_reason,memory_unavailable_reason,message,native_validation_passed,observation_source,peak_process_rss_kib,plot_report_time_s,posthoc_validation_time_s,repetition,requested_horizon,requested_steps,reset_discarded_term_count,runtime_boundary_version,steady_full_configuration_time_s,steady_step_time_s,steady_total_configuration_time_s,successful_horizon,system,tool,trajectory_sanity_passed,variant,width_at_evaluation_time
required,True,True,4.774598410935141,0.0,True,100,cpu,float64,4.653791499848012,1.0,completed,0.05146920803235844,0.01,cold,unavailable,,configuration did not run in an isolated measurement subprocess,,True,torch,unavailable,0.0,1.591700129210949e-05,0,1.0,100,0,total_configuration_v2,4.774598410935141,0.046478290983941406,4.774598410935141,1.0,riccati,torch_tm_flowpipe,True,order2_affine_reset_selected,0.11473790771246169
required,True,True,0.0,0.0,True,100,cpu,float64,4.229432749154512,1.0,completed,0.04645674995845184,0.01,steady,unavailable,,configuration did not run in an isolated measurement subprocess,,True,torch,unavailable,0.0,8.25000461190939e-06,1,1.0,100,0,total_configuration_v2,4.335635828960221,0.04254400002537295,4.335635828960221,1.0,riccati,torch_tm_flowpipe,True,order2_affine_reset_selected,0.11473790771246169
required,True,True,0.0,0.0,True,100,cpu,float64,4.203664872853551,1.0,completed,0.042252874991390854,0.01,steady,unavailable,,configuration did not run in an isolated measurement subprocess,,True,torch,unavailable,0.0,1.0665971785783768e-05,2,1.0,100,0,total_configuration_v2,4.309496542089619,0.04258941696025431,4.309496542089619,1.0,riccati,torch_tm_flowpipe,True,order2_affine_reset_selected,0.11473790771246169
required,True,True,0.0,0.0,True,100,cpu,float64,4.133900750312023,1.0,completed,0.0460780420107767,0.01,steady,unavailable,,configuration did not run in an isolated measurement subprocess,,True,torch,unavailable,0.0,7.542024832218885e-06,3,1.0,100,0,total_configuration_v2,4.237617287144531,0.04218229203252122,4.237617287144531,1.0,riccati,torch_tm_flowpipe,True,order2_affine_reset_selected,0.11473790771246169
required,True,True,0.0,0.0,True,100,cpu,float64,4.409612874849699,1.0,completed,0.04076224996242672,0.01,steady,unavailable,,configuration did not run in an isolated measurement subprocess,,True,torch,unavailable,0.0,8.000002708286047e-06,4,1.0,100,0,total_configuration_v2,4.519748042977881,0.04265479103196412,4.519748042977881,1.0,riccati,torch_tm_flowpipe,True,order2_affine_reset_selected,0.11473790771246169
required,True,True,0.0,0.0,True,100,cpu,float64,4.198646911594551,1.0,completed,0.04094699997222051,0.01,steady,unavailable,,configuration did not run in an isolated measurement subprocess,,True,torch,unavailable,0.0,7.0420210249722e-06,5,1.0,100,0,total_configuration_v2,4.303230800142046,0.04268937499728054,4.303230800142046,1.0,riccati,torch_tm_flowpipe,True,order2_affine_reset_selected,0.11473790771246169
required,True,True,0.0,0.0,True,100,cpu,float64,5.172067752107978,1.0,completed,0.04063666600268334,0.01,steady,unavailable,,configuration did not run in an isolated measurement subprocess,,True,torch,unavailable,0.0,1.2499978765845299e-05,6,1.0,100,0,total_configuration_v2,5.292939289065544,0.0414143749512732,5.292939289065544,1.0,riccati,torch_tm_flowpipe,True,order2_affine_reset_selected,0.11473790771246169
required,True,True,0.0,0.0,True,100,cpu,float64,5.463066661148332,1.0,completed,0.054222417005803436,0.01,steady,unavailable,,configuration did not run in an isolated measurement subprocess,,True,torch,unavailable,0.0,9.875046089291573e-06,7,1.0,100,0,total_configuration_v2,5.594520924962126,0.046205082966480404,5.594520924962126,1.0,riccati,torch_tm_flowpipe,True,order2_affine_reset_selected,0.11473790771246169
required,True,True,0.0,0.0,True,100,cpu,float64,6.571214083174709,1.0,completed,0.04123470897320658,0.01,steady,unavailable,,configuration did not run in an isolated measurement subprocess,,True,torch,unavailable,0.0,1.3833981938660145e-05,8,1.0,100,0,total_configuration_v2,6.7235817517503165,0.04828475002432242,6.7235817517503165,1.0,riccati,torch_tm_flowpipe,True,order2_affine_reset_selected,0.11473790771246169
required,True,True,0.0,0.0,True,100,cpu,float64,5.172679957933724,1.0,completed,0.08747887500794604,0.01,steady,unavailable,,configuration did not run in an isolated measurement subprocess,,True,torch,unavailable,0.0,1.691700890660286e-05,9,1.0,100,0,total_configuration_v2,5.2938668808783405,0.041535208001732826,5.2938668808783405,1.0,riccati,torch_tm_flowpipe,True,order2_affine_reset_selected,0.11473790771246169
required,True,True,0.0,0.0,True,100,cpu,float64,4.314345117425546,1.0,completed,0.04196720797335729,0.01,steady,unavailable,,configuration did not run in an isolated measurement subprocess,,True,torch,unavailable,0.0,6.499991286545992e-06,10,1.0,100,0,total_configuration_v2,4.423720792052336,0.041720125009305775,4.423720792052336,1.0,riccati,torch_tm_flowpipe,True,order2_affine_reset_selected,0.11473790771246169
required,True,True,13.339190585189499,0.0,True,100,cpu,float64,13.185375540459063,1.0,completed,0.13482274999842048,0.01,cold,unavailable,,configuration did not run in an isolated measurement subprocess,,True,torch,unavailable,0.0,6.9160014390945435e-06,0,1.0,100,100,total_configuration_v2,13.339190585189499,0.1260699579725042,13.339190585189499,1.0,riccati,torch_tm_flowpipe,True,order4_affine_reset_selected,0.1139617329824736
required,True,True,0.0,0.0,True,100,cpu,float64,12.961738629091997,1.0,completed,0.12557133298832923,0.01,steady,unavailable,,configuration did not run in an isolated measurement subprocess,,True,torch,unavailable,0.0,8.459028322249651e-06,1,1.0,100,100,total_configuration_v2,13.114774125278927,0.12807787500787526,13.114774125278927,1.0,riccati,torch_tm_flowpipe,True,order4_affine_reset_selected,0.1139617329824736
required,True,True,0.0,0.0,True,100,cpu,float64,13.493319125205744,1.0,completed,0.15727695799432695,0.01,steady,unavailable,,configuration did not run in an isolated measurement subprocess,,True,torch,unavailable,0.0,6.332993507385254e-06,2,1.0,100,100,total_configuration_v2,13.65146075031953,0.1298172909882851,13.65146075031953,1.0,riccati,torch_tm_flowpipe,True,order4_affine_reset_selected,0.1139617329824736
required,True,True,0.0,0.0,True,100,cpu,float64,13.080858207482379,1.0,completed,0.1333049590466544,0.01,steady,unavailable,,configuration did not run in an isolated measurement subprocess,,True,torch,unavailable,0.0,6.416987162083387e-06,3,1.0,100,100,total_configuration_v2,13.236551048292313,0.12884024996310472,13.236551048292313,1.0,riccati,torch_tm_flowpipe,True,order4_affine_reset_selected,0.1139617329824736
required,True,True,0.0,0.0,True,100,cpu,float64,15.86439546092879,1.0,completed,0.12657162500545382,0.01,steady,unavailable,,configuration did not run in an isolated measurement subprocess,,True,torch,unavailable,0.0,7.834052667021751e-06,4,1.0,100,100,total_configuration_v2,16.052854919515084,0.13959099998464808,16.052854919515084,1.0,riccati,torch_tm_flowpipe,True,order4_affine_reset_selected,0.1139617329824736
required,True,True,0.0,0.0,True,100,cpu,float64,13.11202879191842,1.0,completed,0.2543303749989718,0.01,steady,unavailable,,configuration did not run in an isolated measurement subprocess,,True,torch,unavailable,0.0,6.709014996886253e-06,5,1.0,100,100,total_configuration_v2,13.267196658998728,0.12684924999484792,13.267196658998728,1.0,riccati,torch_tm_flowpipe,True,order4_affine_reset_selected,0.1139617329824736
required,True,True,0.0,0.0,True,100,cpu,float64,12.8334214608185,1.0,completed,0.12526391696883366,0.01,steady,unavailable,,configuration did not run in an isolated measurement subprocess,,True,torch,unavailable,0.0,6.916990969330072e-06,6,1.0,100,100,total_configuration_v2,12.986125006049406,0.12697008298709989,12.986125006049406,1.0,riccati,torch_tm_flowpipe,True,order4_affine_reset_selected,0.1139617329824736
required,True,True,0.0,0.0,True,100,cpu,float64,14.621825863374397,1.0,completed,0.1252650839742273,0.01,steady,unavailable,,configuration did not run in an isolated measurement subprocess,,True,torch,unavailable,0.0,6.792019121348858e-06,7,1.0,100,100,total_configuration_v2,14.792656079051085,0.1321720000123605,14.792656079051085,1.0,riccati,torch_tm_flowpipe,True,order4_affine_reset_selected,0.1139617329824736
required,True,True,0.0,0.0,True,100,cpu,float64,13.067989862989634,1.0,completed,0.1234567909850739,0.01,steady,unavailable,,configuration did not run in an isolated measurement subprocess,,True,torch,unavailable,0.0,6.749993190169334e-06,8,1.0,100,100,total_configuration_v2,13.221855502575636,0.12793579103890806,13.221855502575636,1.0,riccati,torch_tm_flowpipe,True,order4_affine_reset_selected,0.1139617329824736
required,True,True,0.0,0.0,True,100,cpu,float64,13.524830710259266,1.0,completed,0.12395091698272154,0.01,steady,unavailable,,configuration did not run in an isolated measurement subprocess,,True,torch,unavailable,0.0,7.1249669417738914e-06,9,1.0,100,100,total_configuration_v2,13.683818493795116,0.1321541250217706,13.683818493795116,1.0,riccati,torch_tm_flowpipe,True,order4_affine_reset_selected,0.1139617329824736
required,True,True,0.0,0.0,True,100,cpu,float64,13.407500251953024,1.0,completed,0.12891966698225588,0.01,steady,unavailable,,configuration did not run in an isolated measurement subprocess,,True,torch,unavailable,0.0,6.62502134218812e-06,10,1.0,100,100,total_configuration_v2,13.56488304620143,0.12801437499001622,13.56488304620143,1.0,riccati,torch_tm_flowpipe,True,order4_affine_reset_selected,0.1139617329824736
required,True,True,15.978396120714024,0.0,True,400,cpu,float64,15.155137155030388,4.0,completed,0.038295416976325214,0.01,cold,unavailable,,configuration did not run in an isolated measurement subprocess,,True,torch,unavailable,0.0,5.200004670768976e-05,0,4.0,400,0,total_configuration_v2,15.978396120714024,0.03825904102995992,15.978396120714024,4.0,harmonic,torch_tm_flowpipe,True,order2_affine_reset_selected,10.973092497064886
required,True,True,0.0,0.0,True,400,cpu,float64,15.438229539024178,4.0,completed,0.03635037498315796,0.01,steady,unavailable,,configuration did not run in an isolated measurement subprocess,,True,torch,unavailable,0.0,1.3625016435980797e-05,1,4.0,400,0,total_configuration_v2,16.350198458705563,0.03826983302133158,16.350198458705563,4.0,harmonic,torch_tm_flowpipe,True,order2_affine_reset_selected,10.973092497064886
required,True,True,0.0,0.0,True,400,cpu,float64,14.730510455963667,4.0,completed,0.036518874985631555,0.01,steady,unavailable,,configuration did not run in an isolated measurement subprocess,,True,torch,unavailable,0.0,1.5125027857720852e-05,2,4.0,400,0,total_configuration_v2,15.524568201682996,0.03756612498546019,15.524568201682996,4.0,harmonic,torch_tm_flowpipe,True,order2_affine_reset_selected,10.973092497064886
required,True,True,0.0,0.0,True,400,cpu,float64,14.834533256827854,4.0,completed,0.036965042003430426,0.01,steady,unavailable,,configuration did not run in an isolated measurement subprocess,,True,torch,unavailable,0.0,1.6042031347751617e-05,3,4.0,400,0,total_configuration_v2,15.636676203401294,0.03757458401378244,15.636676203401294,4.0,harmonic,torch_tm_flowpipe,True,order2_affine_reset_selected,10.973092497064886
required,True,True,0.0,0.0,True,400,cpu,float64,17.704799697210547,4.0,completed,0.04509824997512624,0.01,steady,unavailable,,configuration did not run in an isolated measurement subprocess,,True,torch,unavailable,0.0,1.2832984793931246e-05,4,4.0,400,0,total_configuration_v2,18.70366625324823,0.04100937501061708,18.70366625324823,4.0,harmonic,torch_tm_flowpipe,True,order2_affine_reset_selected,10.973092497064886
required,True,True,0.0,0.0,True,400,cpu,float64,20.2256244160817,4.0,completed,0.04115666600409895,0.01,steady,unavailable,,configuration did not run in an isolated measurement subprocess,,True,torch,unavailable,0.0,1.291697844862938e-05,5,4.0,400,0,total_configuration_v2,21.434801114781294,0.04176574997836724,21.434801114781294,4.0,harmonic,torch_tm_flowpipe,True,order2_affine_reset_selected,10.973092497064886
required,True,True,0.0,0.0,True,400,cpu,float64,20.013120166840963,4.0,completed,0.03642016602680087,0.01,steady,unavailable,,configuration did not run in an isolated measurement subprocess,,True,torch,unavailable,0.0,1.4541961718350649e-05,6,4.0,400,0,total_configuration_v2,21.130345201003365,0.0416421249974519,21.130345201003365,4.0,harmonic,torch_tm_flowpipe,True,order2_affine_reset_selected,10.973092497064886
required,True,True,0.0,0.0,True,400,cpu,float64,15.385078588617034,4.0,completed,0.043228916998486966,0.01,steady,unavailable,,configuration did not run in an isolated measurement subprocess,,True,torch,unavailable,0.0,1.695798709988594e-05,7,4.0,400,0,total_configuration_v2,16.2180920431274,0.03825866599800065,16.2180920431274,4.0,harmonic,torch_tm_flowpipe,True,order2_affine_reset_selected,10.973092497064886
required,True,True,0.0,0.0,True,400,cpu,float64,14.92385902942624,4.0,completed,0.04202862503007054,0.01,steady,unavailable,,configuration did not run in an isolated measurement subprocess,,True,torch,unavailable,0.0,1.1791998986154795e-05,8,4.0,400,0,total_configuration_v2,15.733091366069857,0.038082415994722396,15.733091366069857,4.0,harmonic,torch_tm_flowpipe,True,order2_affine_reset_selected,10.973092497064886
required,True,True,0.0,0.0,True,400,cpu,float64,15.391580659081228,4.0,completed,0.03684216598048806,0.01,steady,unavailable,,configuration did not run in an isolated measurement subprocess,,True,torch,unavailable,0.0,1.579197123646736e-05,9,4.0,400,0,total_configuration_v2,16.26217820122838,0.03778966597747058,16.26217820122838,4.0,harmonic,torch_tm_flowpipe,True,order2_affine_reset_selected,10.973092497064886
required,True,True,0.0,0.0,True,400,cpu,float64,14.736205237044487,4.0,completed,0.04874525003833696,0.01,steady,unavailable,,configuration did not run in an isolated measurement subprocess,,True,torch,unavailable,0.0,1.4167046174407005e-05,10,4.0,400,0,total_configuration_v2,15.53451537626097,0.037803957995492965,15.53451537626097,4.0,harmonic,torch_tm_flowpipe,True,order2_affine_reset_selected,10.973092497064886
required,True,True,38.329179325606674,0.0,True,400,cpu,float64,37.10042261471972,4.0,completed,0.064941041986458,0.01,cold,unavailable,,configuration did not run in an isolated measurement subprocess,,True,torch,unavailable,0.0,1.9666040316224098e-05,0,4.0,400,0,total_configuration_v2,38.329179325606674,0.07271033304277807,38.329179325606674,4.0,harmonic,torch_tm_flowpipe,True,order4_affine_reset_selected,10.494236021719196
required,True,True,0.0,0.0,True,400,cpu,float64,27.122968449431937,4.0,completed,0.07335420796880499,0.01,steady,unavailable,,configuration did not run in an isolated measurement subprocess,,True,torch,unavailable,0.0,1.4624965842813253e-05,1,4.0,400,0,total_configuration_v2,27.935267195745837,0.06746112497057766,27.935267195745837,4.0,harmonic,torch_tm_flowpipe,True,order4_affine_reset_selected,10.494236021719196
required,True,True,0.0,0.0,True,400,cpu,float64,27.200720285763964,4.0,completed,0.07322199997724965,0.01,steady,unavailable,,configuration did not run in an isolated measurement subprocess,,True,torch,unavailable,0.0,1.3833981938660145e-05,2,4.0,400,0,total_configuration_v2,28.01057508867234,0.067290790961124,28.01057508867234,4.0,harmonic,torch_tm_flowpipe,True,order4_affine_reset_selected,10.494236021719196
required,True,True,0.0,0.0,True,400,cpu,float64,28.612172791094054,4.0,completed,0.06529070797841996,0.01,steady,unavailable,,configuration did not run in an isolated measurement subprocess,,True,torch,unavailable,0.0,1.429201802238822e-05,3,4.0,400,0,total_configuration_v2,29.450695418927353,0.06731062498874962,29.450695418927353,4.0,harmonic,torch_tm_flowpipe,True,order4_affine_reset_selected,10.494236021719196
required,True,True,0.0,0.0,True,400,cpu,float64,27.00468707550317,4.0,completed,0.06434062501648441,0.01,steady,unavailable,,configuration did not run in an isolated measurement subprocess,,True,torch,unavailable,0.0,2.0290957763791084e-05,4,4.0,400,0,total_configuration_v2,27.809562291484326,0.06739337497856468,27.809562291484326,4.0,harmonic,torch_tm_flowpipe,True,order4_affine_reset_selected,10.494236021719196
required,True,True,0.0,0.0,True,400,cpu,float64,26.81339987477986,4.0,completed,0.07301437499700114,0.01,steady,unavailable,,configuration did not run in an isolated measurement subprocess,,True,torch,unavailable,0.0,2.8541020583361387e-05,5,4.0,400,0,total_configuration_v2,27.61772670946084,0.06633437500568107,27.61772670946084,4.0,harmonic,torch_tm_flowpipe,True,order4_affine_reset_selected,10.494236021719196
required,True,True,0.0,0.0,True,400,cpu,float64,31.529015326173976,4.0,completed,0.06675295799504966,0.01,steady,unavailable,,configuration did not run in an isolated measurement subprocess,,True,torch,unavailable,0.0,1.2042000889778137e-05,6,4.0,400,0,total_configuration_v2,32.48560978518799,0.07040954200783744,32.48560978518799,4.0,harmonic,torch_tm_flowpipe,True,order4_affine_reset_selected,10.494236021719196
required,True,True,0.0,0.0,True,400,cpu,float64,29.465696965286043,4.0,completed,0.06458516698330641,0.01,steady,unavailable,,configuration did not run in an isolated measurement subprocess,,True,torch,unavailable,0.0,1.2375006917864084e-05,7,4.0,400,0,total_configuration_v2,30.317990157636814,0.06678216601721942,30.317990157636814,4.0,harmonic,torch_tm_flowpipe,True,order4_affine_reset_selected,10.494236021719196
required,True,True,0.0,0.0,True,400,cpu,float64,27.599271968589164,4.0,completed,0.0642895830096677,0.01,steady,unavailable,,configuration did not run in an isolated measurement subprocess,,True,torch,unavailable,0.0,1.2917036656290293e-05,8,4.0,400,0,total_configuration_v2,28.427904495678376,0.06812454201281071,28.427904495678376,4.0,harmonic,torch_tm_flowpipe,True,order4_affine_reset_selected,10.494236021719196
required,True,True,0.0,0.0,True,400,cpu,float64,28.848558720725123,4.0,completed,0.06617308303248137,0.01,steady,unavailable,,configuration did not run in an isolated measurement subprocess,,True,torch,unavailable,0.0,8.98329890333116e-05,9,4.0,400,0,total_configuration_v2,29.709774379211012,0.0658090419601649,29.709774379211012,4.0,harmonic,torch_tm_flowpipe,True,order4_affine_reset_selected,10.494236021719196
required,True,True,0.0,0.0,True,400,cpu,float64,25.65962884016335,4.0,completed,0.06446370802586898,0.01,steady,unavailable,,configuration did not run in an isolated measurement subprocess,,True,torch,unavailable,0.0,1.0999967344105244e-05,10,4.0,400,0,total_configuration_v2,26.425206130952574,0.06484520802041516,26.425206130952574,4.0,harmonic,torch_tm_flowpipe,True,order4_affine_reset_selected,10.494236021719196
not_applicable,False,,6.897428794181906,0.0,True,50,cpu,float64,6.784745292214211,0.25,completed,0.13802062498871237,0.005,cold,unavailable,,configuration did not run in an isolated measurement subprocess,,True,torch,unavailable,0.0,3.0420487746596336e-06,0,0.25,50,0,total_configuration_v2,6.897428794181906,0.13787837501149625,6.897428794181906,0.25,coupled_quadratic,torch_tm_flowpipe,True,order2_affine_reset_selected,0.043027088479031264
not_applicable,False,,0.0,0.0,True,50,cpu,float64,7.022967333905399,0.25,completed,0.13677795900730416,0.005,steady,unavailable,,configuration did not run in an isolated measurement subprocess,,True,torch,unavailable,0.0,2.1249870769679546e-06,1,0.25,50,0,total_configuration_v2,7.137695789162535,0.13745187496533617,7.137695789162535,0.25,coupled_quadratic,torch_tm_flowpipe,True,order2_affine_reset_selected,0.043027088479031264
not_applicable,False,,0.0,0.0,True,50,cpu,float64,6.773443083919119,0.25,completed,0.1374785000225529,0.005,steady,unavailable,,configuration did not run in an isolated measurement subprocess,,True,torch,unavailable,0.0,2.874992787837982e-06,2,0.25,50,0,total_configuration_v2,6.886919257289264,0.1376304590376094,6.886919257289264,0.25,coupled_quadratic,torch_tm_flowpipe,True,order2_affine_reset_selected,0.043027088479031264
not_applicable,False,,0.0,0.0,True,50,cpu,float64,6.769320082734339,0.25,completed,0.137200083991047,0.005,steady,unavailable,,configuration did not run in an isolated measurement subprocess,,True,torch,unavailable,0.0,2.1249870769679546e-06,3,0.25,50,0,total_configuration_v2,6.8813087929738685,0.13754399999743327,6.8813087929738685,0.25,coupled_quadratic,torch_tm_flowpipe,True,order2_affine_reset_selected,0.043027088479031264
not_applicable,False,,0.0,0.0,True,50,cpu,float64,6.768225249077659,0.25,completed,0.1380537090008147,0.005,steady,unavailable,,configuration did not run in an isolated measurement subprocess,,True,torch,unavailable,0.0,2.6249908842146397e-06,4,0.25,50,0,total_configuration_v2,6.8807105019222945,0.13757466699462384,6.8807105019222945,0.25,coupled_quadratic,torch_tm_flowpipe,True,order2_affine_reset_selected,0.043027088479031264
not_applicable,False,,0.0,0.0,True,50,cpu,float64,6.728257748822216,0.25,completed,0.13903587497770786,0.005,steady,unavailable,,configuration did not run in an isolated measurement subprocess,,True,torch,unavailable,0.0,2.6249908842146397e-06,5,0.25,50,0,total_configuration_v2,6.840282708813902,0.13629866600967944,6.840282708813902,0.25,coupled_quadratic,torch_tm_flowpipe,True,order2_affine_reset_selected,0.043027088479031264
not_applicable,False,,0.0,0.0,True,50,cpu,float64,7.18637232814217,0.25,completed,0.1370030419784598,0.005,steady,unavailable,,configuration did not run in an isolated measurement subprocess,,True,torch,unavailable,0.0,3.0420487746596336e-06,6,0.25,50,0,total_configuration_v2,7.307114208757412,0.13889887498226017,7.307114208757412,0.25,coupled_quadratic,torch_tm_flowpipe,True,order2_affine_reset_selected,0.043027088479031264
not_applicable,False,,0.0,0.0,True,50,cpu,float64,6.898406043124851,0.25,completed,0.1549372909939848,0.005,steady,unavailable,,configuration did not run in an isolated measurement subprocess,,True,torch,unavailable,0.0,1.95804750546813e-06,7,0.25,50,0,total_configuration_v2,7.0118424599641,0.1366862499853596,7.0118424599641,0.25,coupled_quadratic,torch_tm_flowpipe,True,order2_affine_reset_selected,0.043027088479031264
not_applicable,False,,0.0,0.0,True,50,cpu,float64,6.786804791656323,0.25,completed,0.13730954204220325,0.005,steady,unavailable,,configuration did not run in an isolated measurement subprocess,,True,torch,unavailable,0.0,2.333021257072687e-06,8,0.25,50,0,total_configuration_v2,6.899763668596279,0.13804020901443437,6.899763668596279,0.25,coupled_quadratic,torch_tm_flowpipe,True,order2_affine_reset_selected,0.043027088479031264
not_applicable,False,,0.0,0.0,True,50,cpu,float64,6.782492250262294,0.25,completed,0.1379518749890849,0.005,steady,unavailable,,configuration did not run in an isolated measurement subprocess,,True,torch,unavailable,0.0,2.374988980591297e-06,9,0.25,50,0,total_configuration_v2,6.894864374015015,0.13793754199286923,6.894864374015015,0.25,coupled_quadratic,torch_tm_flowpipe,True,order2_affine_reset_selected,0.043027088479031264
not_applicable,False,,0.0,0.0,True,50,cpu,float64,6.798427332134452,0.25,completed,0.13694229198154062,0.005,steady,unavailable,,configuration did not run in an isolated measurement subprocess,,True,torch,unavailable,0.0,2.416956704109907e-06,10,0.25,50,0,total_configuration_v2,6.91147841908969,0.13771375000942498,6.91147841908969,0.25,coupled_quadratic,torch_tm_flowpipe,True,order2_affine_reset_selected,0.043027088479031264
not_applicable,False,,27.93059103889391,0.0,True,50,cpu,float64,27.71020733192563,0.25,completed,0.5599479580414481,0.005,cold,unavailable,,configuration did not run in an isolated measurement subprocess,,True,torch,unavailable,0.0,3.0830269679427147e-06,0,0.25,50,250,total_configuration_v2,27.93059103889391,0.5579048750223592,27.93059103889391,0.25,coupled_quadratic,torch_tm_flowpipe,True,order4_affine_reset_selected,0.04296633789350131
not_applicable,False,,0.0,0.0,True,50,cpu,float64,28.400080249644816,0.25,completed,0.5618415000499226,0.005,steady,unavailable,,configuration did not run in an isolated measurement subprocess,,True,torch,unavailable,0.0,2.5420449674129486e-06,1,0.25,50,250,total_configuration_v2,28.625343457213603,0.5593716250150464,28.625343457213603,0.25,coupled_quadratic,torch_tm_flowpipe,True,order4_affine_reset_selected,0.04296633789350131
not_applicable,False,,0.0,0.0,True,50,cpu,float64,27.788332875061315,0.25,completed,0.5652979159494862,0.005,steady,unavailable,,configuration did not run in an isolated measurement subprocess,,True,torch,unavailable,0.0,2.9159709811210632e-06,2,0.25,50,250,total_configuration_v2,28.009137957997154,0.5588111669640057,28.009137957997154,0.25,coupled_quadratic,torch_tm_flowpipe,True,order4_affine_reset_selected,0.04296633789350131
not_applicable,False,,0.0,0.0,True,50,cpu,float64,27.50273004185874,0.25,completed,0.5446094169747084,0.005,steady,unavailable,,configuration did not run in an isolated measurement subprocess,,True,torch,unavailable,0.0,5.999987479299307e-06,3,0.25,50,250,total_configuration_v2,27.719714002974797,0.5512935419683345,27.719714002974797,0.25,coupled_quadratic,torch_tm_flowpipe,True,order4_affine_reset_selected,0.04296633789350131
not_applicable,False,,0.0,0.0,True,50,cpu,float64,27.80648158385884,0.25,completed,0.5485444999649189,0.005,steady,unavailable,,configuration did not run in an isolated measurement subprocess,,True,torch,unavailable,0.0,2.0840088836848736e-06,4,0.25,50,250,total_configuration_v2,28.027981916966382,0.5588010419742204,28.027981916966382,0.25,coupled_quadratic,torch_tm_flowpipe,True,order4_affine_reset_selected,0.04296633789350131
not_applicable,False,,0.0,0.0,True,50,cpu,float64,28.043183379922993,0.25,completed,0.5523574160179123,0.005,steady,unavailable,,configuration did not run in an isolated measurement subprocess,,True,torch,unavailable,0.0,5.249981768429279e-06,5,0.25,50,250,total_configuration_v2,28.26683312433306,0.5525815419969149,28.26683312433306,0.25,coupled_quadratic,torch_tm_flowpipe,True,order4_affine_reset_selected,0.04296633789350131
not_applicable,False,,0.0,0.0,True,50,cpu,float64,27.988031250191852,0.25,completed,0.5599408749840222,0.005,steady,unavailable,,configuration did not run in an isolated measurement subprocess,,True,torch,unavailable,0.0,1.3000040780752897e-05,6,0.25,50,250,total_configuration_v2,28.21026162384078,0.559727500018198,28.21026162384078,0.25,coupled_quadratic,torch_tm_flowpipe,True,order4_affine_reset_selected,0.04296633789350131
not_applicable,False,,0.0,0.0,True,50,cpu,float64,29.304970294528175,0.25,completed,0.5561696669901721,0.005,steady,unavailable,,configuration did not run in an isolated measurement subprocess,,True,torch,unavailable,0.0,2.7500209398567677e-06,7,0.25,50,250,total_configuration_v2,29.531892961764243,0.5598297499818727,29.531892961764243,0.25,coupled_quadratic,torch_tm_flowpipe,True,order4_affine_reset_selected,0.04296633789350131
not_applicable,False,,0.0,0.0,True,50,cpu,float64,27.79536666808417,0.25,completed,0.5624869170133024,0.005,steady,unavailable,,configuration did not run in an isolated measurement subprocess,,True,torch,unavailable,0.0,2.167013008147478e-06,8,0.25,50,250,total_configuration_v2,28.017580583982635,0.5595277080428787,28.017580583982635,0.25,coupled_quadratic,torch_tm_flowpipe,True,order4_affine_reset_selected,0.04296633789350131
not_applicable,False,,0.0,0.0,True,50,cpu,float64,27.710434000124224,0.25,completed,0.5517966249608435,0.005,steady,unavailable,,configuration did not run in an isolated measurement subprocess,,True,torch,unavailable,0.0,2.7919886633753777e-06,9,0.25,50,250,total_configuration_v2,27.932220923306886,0.5591167919919826,27.932220923306886,0.25,coupled_quadratic,torch_tm_flowpipe,True,order4_affine_reset_selected,0.04296633789350131
not_applicable,False,,0.0,0.0,True,50,cpu,float64,28.551813958096318,0.25,completed,0.557063875021413,0.005,steady,unavailable,,configuration did not run in an isolated measurement subprocess,,True,torch,unavailable,0.0,2.7080532163381577e-06,10,0.25,50,250,total_configuration_v2,28.775227997859474,0.5596760420012288,28.775227997859474,0.25,coupled_quadratic,torch_tm_flowpipe,True,order4_affine_reset_selected,0.04296633789350131
not_applicable,False,,3.4414715432794765,0.0,True,25,cpu,float64,3.384703250194434,0.25,completed,0.13857170805567876,0.01,cold,unavailable,,configuration did not run in an isolated measurement subprocess,,True,torch,unavailable,0.0,2.4579931050539017e-06,0,0.25,25,0,total_configuration_v2,3.4414715432794765,0.1376929375110194,3.4414715432794765,0.25,coupled_quadratic,torch_tm_flowpipe,True,order2_affine_reset_selected,0.04303909579551132
not_applicable,False,,0.0,0.0,True,25,cpu,float64,3.3905735821463168,0.25,completed,0.13668150000739843,0.01,steady,unavailable,,configuration did not run in an isolated measurement subprocess,,True,torch,unavailable,0.0,2.874992787837982e-06,1,0.25,25,0,total_configuration_v2,3.447263375739567,0.13785054197069257,3.447263375739567,0.25,coupled_quadratic,torch_tm_flowpipe,True,order2_affine_reset_selected,0.04303909579551132
not_applicable,False,,0.0,0.0,True,25,cpu,float64,3.403358958021272,0.25,completed,0.13732216699281707,0.01,steady,unavailable,,configuration did not run in an isolated measurement subprocess,,True,torch,unavailable,0.0,2.4579931050539017e-06,2,0.25,25,0,total_configuration_v2,3.4599195410264656,0.13793191648437642,3.4599195410264656,0.25,coupled_quadratic,torch_tm_flowpipe,True,order2_affine_reset_selected,0.04303909579551132
not_applicable,False,,0.0,0.0,True,25,cpu,float64,3.349523416138254,0.25,completed,0.135333291022107,0.01,steady,unavailable,,configuration did not run in an isolated measurement subprocess,,True,torch,unavailable,0.0,2.874992787837982e-06,3,0.25,25,0,total_configuration_v2,3.4048648751340806,0.13598381250631064,3.4048648751340806,0.25,coupled_quadratic,torch_tm_flowpipe,True,order2_affine_reset_selected,0.04303909579551132
not_applicable,False,,0.0,0.0,True,25,cpu,float64,3.3439463721006177,0.25,completed,0.13525666599161923,0.01,steady,unavailable,,configuration did not run in an isolated measurement subprocess,,True,torch,unavailable,0.0,2.4170149117708206e-06,4,0.25,25,0,total_configuration_v2,3.39979149797,0.13606204200186767,3.39979149797,0.25,coupled_quadratic,torch_tm_flowpipe,True,order2_affine_reset_selected,0.04303909579551132
not_applicable,False,,0.0,0.0,True,25,cpu,float64,3.378310080152005,0.25,completed,0.13779750000685453,0.01,steady,unavailable,,configuration did not run in an isolated measurement subprocess,,True,torch,unavailable,0.0,2.9579969123005867e-06,5,0.25,25,0,total_configuration_v2,3.4346320431213826,0.13722831301856786,3.4346320431213826,0.25,coupled_quadratic,torch_tm_flowpipe,True,order2_affine_reset_selected,0.04303909579551132
not_applicable,False,,0.0,0.0,True,25,cpu,float64,3.3839684140402824,0.25,completed,0.13736637501278892,0.01,steady,unavailable,,configuration did not run in an isolated measurement subprocess,,True,torch,unavailable,0.0,2.374988980591297e-06,6,0.25,25,0,total_configuration_v2,3.4401882090605795,0.1380017290066462,3.4401882090605795,0.25,coupled_quadratic,torch_tm_flowpipe,True,order2_affine_reset_selected,0.04303909579551132
not_applicable,False,,0.0,0.0,True,25,cpu,float64,3.3927037531975657,0.25,completed,0.13681787496898323,0.01,steady,unavailable,,configuration did not run in an isolated measurement subprocess,,True,torch,unavailable,0.0,2.8329668566584587e-06,7,0.25,25,0,total_configuration_v2,3.4494052920490503,0.13791624997975305,3.4494052920490503,0.25,coupled_quadratic,torch_tm_flowpipe,True,order2_affine_reset_selected,0.04303909579551132
not_applicable,False,,0.0,0.0,True,25,cpu,float64,3.411512167134788,0.25,completed,0.1381022910354659,0.01,steady,unavailable,,configuration did not run in an isolated measurement subprocess,,True,torch,unavailable,0.0,3.1249946914613247e-06,8,0.25,25,0,total_configuration_v2,3.468502750096377,0.13847756251925603,3.468502750096377,0.25,coupled_quadratic,torch_tm_flowpipe,True,order2_affine_reset_selected,0.04303909579551132
not_applicable,False,,0.0,0.0,True,25,cpu,float64,3.471436964115128,0.25,completed,0.13889329199446365,0.01,steady,unavailable,,configuration did not run in an isolated measurement subprocess,,True,torch,unavailable,0.0,2.333021257072687e-06,9,0.25,25,0,total_configuration_v2,3.528966167010367,0.14087777049280703,3.528966167010367,0.25,coupled_quadratic,torch_tm_flowpipe,True,order2_affine_reset_selected,0.04303909579551132
not_applicable,False,,0.0,0.0,True,25,cpu,float64,3.3991754160961136,0.25,completed,0.1421203330392018,0.01,steady,unavailable,,configuration did not run in an isolated measurement subprocess,,True,torch,unavailable,0.0,3.4580007195472717e-06,10,0.25,25,0,total_configuration_v2,3.456389374041464,0.13841349951690063,3.456389374041464,0.25,coupled_quadratic,torch_tm_flowpipe,True,order2_affine_reset_selected,0.04303909579551132
not_applicable,False,,14.437842749932315,0.0,True,25,cpu,float64,14.326513250009157,0.25,completed,0.563932416960597,0.01,cold,unavailable,,configuration did not run in an isolated measurement subprocess,,True,torch,unavailable,0.0,2.4170149117708206e-06,0,0.25,25,125,total_configuration_v2,14.437842749932315,0.5614184374862816,14.437842749932315,0.25,coupled_quadratic,torch_tm_flowpipe,True,order4_affine_reset_selected,0.042966267802138164
not_applicable,False,,0.0,0.0,True,25,cpu,float64,13.797708042140584,0.25,completed,0.5476938749779947,0.01,steady,unavailable,,configuration did not run in an isolated measurement subprocess,,True,torch,unavailable,0.0,2.5840126909315586e-06,1,0.25,25,125,total_configuration_v2,13.907318996905815,0.5588271039887331,13.907318996905815,0.25,coupled_quadratic,torch_tm_flowpipe,True,order4_affine_reset_selected,0.042966267802138164
not_applicable,False,,0.0,0.0,True,25,cpu,float64,13.823075666965451,0.25,completed,0.5603458750410937,0.01,steady,unavailable,,configuration did not run in an isolated measurement subprocess,,True,torch,unavailable,0.0,2.874992787837982e-06,2,0.25,25,125,total_configuration_v2,13.931578711024486,0.5548847920144908,13.931578711024486,0.25,coupled_quadratic,torch_tm_flowpipe,True,order4_affine_reset_selected,0.042966267802138164
not_applicable,False,,0.0,0.0,True,25,cpu,float64,13.87724558491027,0.25,completed,0.5576531249680556,0.01,steady,unavailable,,configuration did not run in an isolated measurement subprocess,,True,torch,unavailable,0.0,2.541986759752035e-06,3,0.25,25,125,total_configuration_v2,13.988223290012684,0.5598370830120984,13.988223290012684,0.25,coupled_quadratic,torch_tm_flowpipe,True,order4_affine_reset_selected,0.042966267802138164
not_applicable,False,,0.0,0.0,True,25,cpu,float64,13.878402166941669,0.25,completed,0.558191416959744,0.01,steady,unavailable,,configuration did not run in an isolated measurement subprocess,,True,torch,unavailable,0.0,2.9999646358191967e-06,4,0.25,25,125,total_configuration_v2,13.988927210913971,0.5594690204889048,13.988927210913971,0.25,coupled_quadratic,torch_tm_flowpipe,True,order4_affine_reset_selected,0.042966267802138164
not_applicable,False,,0.0,0.0,True,25,cpu,float64,14.713073336926755,0.25,completed,0.55728554102825,0.01,steady,unavailable,,configuration did not run in an isolated measurement subprocess,,True,torch,unavailable,0.0,8.542032446712255e-06,5,0.25,25,125,total_configuration_v2,14.82654162304243,0.5593817289918661,14.82654162304243,0.25,coupled_quadratic,torch_tm_flowpipe,True,order4_affine_reset_selected,0.042966267802138164
not_applicable,False,,0.0,0.0,True,25,cpu,float64,13.742632707813755,0.25,completed,0.5592137089697644,0.01,steady,unavailable,,configuration did not run in an isolated measurement subprocess,,True,torch,unavailable,0.0,2.1669548004865646e-06,6,0.25,25,125,total_configuration_v2,13.851540873991325,0.5518225419800729,13.851540873991325,0.25,coupled_quadratic,torch_tm_flowpipe,True,order4_affine_reset_selected,0.042966267802138164
not_applicable,False,,0.0,0.0,True,25,cpu,float64,13.749851708940696,0.25,completed,0.5448137919884175,0.01,steady,unavailable,,configuration did not run in an isolated measurement subprocess,,True,torch,unavailable,0.0,2.7909991331398487e-06,7,0.25,25,125,total_configuration_v2,13.859399796056096,0.5560800624953117,13.859399796056096,0.25,coupled_quadratic,torch_tm_flowpipe,True,order4_affine_reset_selected,0.042966267802138164
not_applicable,False,,0.0,0.0,True,25,cpu,float64,13.860744503035676,0.25,completed,0.56043429201236,0.01,steady,unavailable,,configuration did not run in an isolated measurement subprocess,,True,torch,unavailable,0.0,1.0791991371661425e-05,8,0.25,25,125,total_configuration_v2,13.973305832885671,0.5584372085286304,13.973305832885671,0.25,coupled_quadratic,torch_tm_flowpipe,True,order4_affine_reset_selected,0.042966267802138164
not_applicable,False,,0.0,0.0,True,25,cpu,float64,13.908558499068022,0.25,completed,0.5555660420213826,0.01,steady,unavailable,,configuration did not run in an isolated measurement subprocess,,True,torch,unavailable,0.0,2.5830231606960297e-06,9,0.25,25,125,total_configuration_v2,14.019289082149044,0.5591793125204276,14.019289082149044,0.25,coupled_quadratic,torch_tm_flowpipe,True,order4_affine_reset_selected,0.042966267802138164
not_applicable,False,,0.0,0.0,True,25,cpu,float64,13.912045999080874,0.25,completed,0.55673900002148,0.01,steady,unavailable,,configuration did not run in an isolated measurement subprocess,,True,torch,unavailable,0.0,2.125045284628868e-06,10,0.25,25,125,total_configuration_v2,14.022584419115447,0.5566519795102067,14.022584419115447,0.25,coupled_quadratic,torch_tm_flowpipe,True,order4_affine_reset_selected,0.042966267802138164
not_applicable,False,,35.9011491293204,0.0,True,200,cpu,float64,35.44671204104088,1.0,completed,0.14719083299860358,0.005,cold,unavailable,,configuration did not run in an isolated measurement subprocess,,True,torch,unavailable,0.0,1.8667022231966257e-05,0,1.0,200,0,total_configuration_v2,35.9011491293204,0.18092666694428772,35.9011491293204,1.0,van_der_pol,torch_tm_flowpipe,True,order2_affine_reset_selected,1.6187956685895426
not_applicable,False,,0.0,0.0,True,200,cpu,float64,35.84001157025341,1.0,completed,0.14651229098672047,0.005,steady,unavailable,,configuration did not run in an isolated measurement subprocess,,True,torch,unavailable,0.0,1.4040968380868435e-05,1,1.0,200,0,total_configuration_v2,36.32929291779874,0.17994137498317286,36.32929291779874,1.0,van_der_pol,torch_tm_flowpipe,True,order2_affine_reset_selected,1.6187956685895426
not_applicable,False,,0.0,0.0,True,200,cpu,float64,35.381432924070396,1.0,completed,0.14484966703457758,0.005,steady,unavailable,,configuration did not run in an isolated measurement subprocess,,True,torch,unavailable,0.0,5.542009603232145e-06,2,1.0,200,0,total_configuration_v2,35.83561370935058,0.18113729200558737,35.83561370935058,1.0,van_der_pol,torch_tm_flowpipe,True,order2_affine_reset_selected,1.6187956685895426
not_applicable,False,,0.0,0.0,True,200,cpu,float64,35.29001349239843,1.0,completed,0.14641208300599828,0.005,steady,unavailable,,configuration did not run in an isolated measurement subprocess,,True,torch,unavailable,0.0,2.7500209398567677e-06,3,1.0,200,0,total_configuration_v2,35.74192345899064,0.18126012501306832,35.74192345899064,1.0,van_der_pol,torch_tm_flowpipe,True,order2_affine_reset_selected,1.6187956685895426
not_applicable,False,,0.0,0.0,True,200,cpu,float64,35.31359062570846,1.0,completed,0.14732300001196563,0.005,steady,unavailable,,configuration did not run in an isolated measurement subprocess,,True,torch,unavailable,0.0,2.1659652702510357e-06,4,1.0,200,0,total_configuration_v2,35.76347508345498,0.17871666699647903,35.76347508345498,1.0,van_der_pol,torch_tm_flowpipe,True,order2_affine_reset_selected,1.6187956685895426
not_applicable,False,,0.0,0.0,True,200,cpu,float64,34.9853163502994,1.0,completed,0.14498949999688193,0.005,steady,unavailable,,configuration did not run in an isolated measurement subprocess,,True,torch,unavailable,0.0,2.167013008147478e-06,5,1.0,200,0,total_configuration_v2,35.43427654111292,0.1800317500019446,35.43427654111292,1.0,van_der_pol,torch_tm_flowpipe,True,order2_affine_reset_selected,1.6187956685895426
not_applicable,False,,0.0,0.0,True,200,cpu,float64,36.04224057676038,1.0,completed,0.14631516602821648,0.005,steady,unavailable,,configuration did not run in an isolated measurement subprocess,,True,torch,unavailable,0.0,1.570803578943014e-05,6,1.0,200,0,total_configuration_v2,36.49727353465278,0.1810771250165999,36.49727353465278,1.0,van_der_pol,torch_tm_flowpipe,True,order2_affine_reset_selected,1.6187956685895426
not_applicable,False,,0.0,0.0,True,200,cpu,float64,35.48771559097804,1.0,completed,0.14703841699520126,0.005,steady,unavailable,,configuration did not run in an isolated measurement subprocess,,True,torch,unavailable,0.0,2.6249908842146397e-06,7,1.0,200,0,total_configuration_v2,35.99624845798826,0.18142079201061279,35.99624845798826,1.0,van_der_pol,torch_tm_flowpipe,True,order2_affine_reset_selected,1.6187956685895426
not_applicable,False,,0.0,0.0,True,200,cpu,float64,37.40166074538138,1.0,completed,0.146966208005324,0.005,steady,unavailable,,configuration did not run in an isolated measurement subprocess,,True,torch,unavailable,0.0,4.832982085645199e-06,8,1.0,200,0,total_configuration_v2,37.87792159116361,0.18116591696161777,37.87792159116361,1.0,van_der_pol,torch_tm_flowpipe,True,order2_affine_reset_selected,1.6187956685895426
not_applicable,False,,0.0,0.0,True,200,cpu,float64,35.39049200649606,1.0,completed,0.1481501660309732,0.005,steady,unavailable,,configuration did not run in an isolated measurement subprocess,,True,torch,unavailable,0.0,2.374988980591297e-06,9,1.0,200,0,total_configuration_v2,35.842233177565504,0.17972316703526303,35.842233177565504,1.0,van_der_pol,torch_tm_flowpipe,True,order2_affine_reset_selected,1.6187956685895426
not_applicable,False,,0.0,0.0,True,200,cpu,float64,35.89032174355816,1.0,completed,0.14518150000367314,0.005,steady,unavailable,,configuration did not run in an isolated measurement subprocess,,True,torch,unavailable,0.0,1.6749952919781208e-05,10,1.0,200,0,total_configuration_v2,36.34926062077284,0.18115274998126552,36.34926062077284,1.0,van_der_pol,torch_tm_flowpipe,True,order2_affine_reset_selected,1.6187956685895426
not_applicable,False,,122.24073221022263,0.0,True,200,cpu,float64,121.24328916729428,1.0,completed,0.607200541999191,0.005,cold,unavailable,,configuration did not run in an isolated measurement subprocess,,True,torch,unavailable,0.0,5.375011824071407e-06,0,1.0,200,1200,total_configuration_v2,122.24073221022263,0.6046671670046635,122.24073221022263,1.0,van_der_pol,torch_tm_flowpipe,True,order4_affine_reset_selected,0.9281168574156631
not_applicable,False,,0.0,0.0,True,200,cpu,float64,120.94301452970831,1.0,completed,0.6044307499541901,0.005,steady,unavailable,,configuration did not run in an isolated measurement subprocess,,True,torch,unavailable,0.0,2.749962732195854e-06,1,1.0,200,1200,total_configuration_v2,121.9446922459174,0.6039229999878444,121.9446922459174,1.0,van_der_pol,torch_tm_flowpipe,True,order4_affine_reset_selected,0.9281168574156631
not_applicable,False,,0.0,0.0,True,200,cpu,float64,120.41806953656487,1.0,completed,0.6069447500049137,0.005,steady,unavailable,,configuration did not run in an isolated measurement subprocess,,True,torch,unavailable,0.0,4.816701402887702e-05,2,1.0,200,1200,total_configuration_v2,121.41710895986762,0.6036531249992549,121.41710895986762,1.0,van_der_pol,torch_tm_flowpipe,True,order4_affine_reset_selected,0.9281168574156631
not_applicable,False,,0.0,0.0,True,200,cpu,float64,121.29660536925076,1.0,completed,0.6026167499949224,0.005,steady,unavailable,,configuration did not run in an isolated measurement subprocess,,True,torch,unavailable,0.0,2.874992787837982e-06,3,1.0,200,1200,total_configuration_v2,122.30023049906595,0.6047609579982236,122.30023049906595,1.0,van_der_pol,torch_tm_flowpipe,True,order4_affine_reset_selected,0.9281168574156631
not_applicable,False,,0.0,0.0,True,200,cpu,float64,121.51820212422172,1.0,completed,0.6049239580170251,0.005,steady,unavailable,,configuration did not run in an isolated measurement subprocess,,True,torch,unavailable,0.0,1.595797948539257e-05,4,1.0,200,1200,total_configuration_v2,122.57892678841017,0.6000908749992959,122.57892678841017,1.0,van_der_pol,torch_tm_flowpipe,True,order4_affine_reset_selected,0.9281168574156631
not_applicable,False,,0.0,0.0,True,200,cpu,float64,120.22581720759626,1.0,completed,0.5961403750116006,0.005,steady,unavailable,,configuration did not run in an isolated measurement subprocess,,True,torch,unavailable,0.0,3.1249946914613247e-06,5,1.0,200,1200,total_configuration_v2,121.21944616123801,0.6039506249944679,121.21944616123801,1.0,van_der_pol,torch_tm_flowpipe,True,order4_affine_reset_selected,0.9281168574156631
not_applicable,False,,0.0,0.0,True,200,cpu,float64,120.6208705000463,1.0,completed,0.6050487500033341,0.005,steady,unavailable,,configuration did not run in an isolated measurement subprocess,,True,torch,unavailable,0.0,5.582987796515226e-06,6,1.0,200,1200,total_configuration_v2,121.62450770637952,0.6049533750046976,121.62450770637952,1.0,van_der_pol,torch_tm_flowpipe,True,order4_affine_reset_selected,0.9281168574156631
not_applicable,False,,0.0,0.0,True,200,cpu,float64,121.29302333085798,1.0,completed,0.6091295000514947,0.005,steady,unavailable,,configuration did not run in an isolated measurement subprocess,,True,torch,unavailable,0.0,3.1249946914613247e-06,7,1.0,200,1200,total_configuration_v2,122.2953515855479,0.6055203329888172,122.2953515855479,1.0,van_der_pol,torch_tm_flowpipe,True,order4_affine_reset_selected,0.9281168574156631
not_applicable,False,,0.0,0.0,True,200,cpu,float64,121.81451754074078,1.0,completed,0.602541625034064,0.005,steady,unavailable,,configuration did not run in an isolated measurement subprocess,,True,torch,unavailable,0.0,1.6791047528386116e-05,8,1.0,200,1200,total_configuration_v2,122.84165869449498,0.6027263330179267,122.84165869449498,1.0,van_der_pol,torch_tm_flowpipe,True,order4_affine_reset_selected,0.9281168574156631
not_applicable,False,,0.0,0.0,True,200,cpu,float64,120.16504233016167,1.0,completed,0.5976139580016024,0.005,steady,unavailable,,configuration did not run in an isolated measurement subprocess,,True,torch,unavailable,0.0,1.6667007002979517e-05,9,1.0,200,1200,total_configuration_v2,121.16017287789145,0.6031216660048813,121.16017287789145,1.0,van_der_pol,torch_tm_flowpipe,True,order4_affine_reset_selected,0.9281168574156631
not_applicable,False,,0.0,0.0,True,200,cpu,float64,120.83956137218047,1.0,completed,0.5960720829898492,0.005,steady,unavailable,,configuration did not run in an isolated measurement subprocess,,True,torch,unavailable,0.0,1.650000922381878e-05,10,1.0,200,1200,total_configuration_v2,121.8433893249603,0.6056761250365525,121.8433893249603,1.0,van_der_pol,torch_tm_flowpipe,True,order4_affine_reset_selected,0.9281168574156631
not_applicable,False,,17.903355125163216,0.0,True,100,cpu,float64,17.678971455141436,1.0,completed,0.14588079100940377,0.01,cold,unavailable,,configuration did not run in an isolated measurement subprocess,,True,torch,unavailable,0.0,2.667016815394163e-06,0,1.0,100,0,total_configuration_v2,17.903355125163216,0.18039674998726696,17.903355125163216,1.0,van_der_pol,torch_tm_flowpipe,True,order2_affine_reset_selected,1.9405468677370785
not_applicable,False,,0.0,0.0,True,100,cpu,float64,18.682896998070646,1.0,completed,0.1461026250035502,0.01,steady,unavailable,,configuration did not run in an isolated measurement subprocess,,True,torch,unavailable,0.0,2.667016815394163e-06,1,1.0,100,0,total_configuration_v2,18.91904004086973,0.1816566669731401,18.91904004086973,1.0,van_der_pol,torch_tm_flowpipe,True,order2_affine_reset_selected,1.9405468677370785
not_applicable,False,,0.0,0.0,True,100,cpu,float64,17.583090539905243,1.0,completed,0.14774312498047948,0.01,steady,unavailable,,configuration did not run in an isolated measurement subprocess,,True,torch,unavailable,0.0,2.874992787837982e-06,2,1.0,100,0,total_configuration_v2,17.807687038148288,0.18069620802998543,17.807687038148288,1.0,van_der_pol,torch_tm_flowpipe,True,order2_affine_reset_selected,1.9405468677370785
not_applicable,False,,0.0,0.0,True,100,cpu,float64,17.392637912009377,1.0,completed,0.14613895898219198,0.01,steady,unavailable,,configuration did not run in an isolated measurement subprocess,,True,torch,unavailable,0.0,2.4170149117708206e-06,3,1.0,100,0,total_configuration_v2,17.6148332937737,0.17816195904742926,17.6148332937737,1.0,van_der_pol,torch_tm_flowpipe,True,order2_affine_reset_selected,1.9405468677370785
not_applicable,False,,0.0,0.0,True,100,cpu,float64,17.88568895898061,1.0,completed,0.14496775000588968,0.01,steady,unavailable,,configuration did not run in an isolated measurement subprocess,,True,torch,unavailable,0.0,2.6249908842146397e-06,4,1.0,100,0,total_configuration_v2,18.111673130013514,0.18014145799679682,18.111673130013514,1.0,van_der_pol,torch_tm_flowpipe,True,order2_affine_reset_selected,1.9405468677370785
not_applicable,False,,0.0,0.0,True,100,cpu,float64,17.61077845550608,1.0,completed,0.1465164580149576,0.01,steady,unavailable,,configuration did not run in an isolated measurement subprocess,,True,torch,unavailable,0.0,2.500019036233425e-06,5,1.0,100,0,total_configuration_v2,17.836556122929323,0.1809368749964051,17.836556122929323,1.0,van_der_pol,torch_tm_flowpipe,True,order2_affine_reset_selected,1.9405468677370785
not_applicable,False,,0.0,0.0,True,100,cpu,float64,17.470371456467547,1.0,completed,0.1466272080433555,0.01,steady,unavailable,,configuration did not run in an isolated measurement subprocess,,True,torch,unavailable,0.0,2.333021257072687e-06,6,1.0,100,0,total_configuration_v2,17.693717380228918,0.1791147500043735,17.693717380228918,1.0,van_der_pol,torch_tm_flowpipe,True,order2_affine_reset_selected,1.9405468677370785
not_applicable,False,,0.0,0.0,True,100,cpu,float64,17.97312558721751,1.0,completed,0.1441285409964621,0.01,steady,unavailable,,configuration did not run in an isolated measurement subprocess,,True,torch,unavailable,0.0,2.2500171326100826e-06,7,1.0,100,0,total_configuration_v2,18.20102691388456,0.18081470800098032,18.20102691388456,1.0,van_der_pol,torch_tm_flowpipe,True,order2_affine_reset_selected,1.9405468677370785
not_applicable,False,,0.0,0.0,True,100,cpu,float64,17.619684371631593,1.0,completed,0.1460312920389697,0.01,steady,unavailable,,configuration did not run in an isolated measurement subprocess,,True,torch,unavailable,0.0,6.374961230903864e-06,8,1.0,100,0,total_configuration_v2,17.84589125320781,0.18112191703403369,17.84589125320781,1.0,van_der_pol,torch_tm_flowpipe,True,order2_affine_reset_selected,1.9405468677370785
not_applicable,False,,0.0,0.0,True,100,cpu,float64,17.57172950200038,1.0,completed,0.14674225001363084,0.01,steady,unavailable,,configuration did not run in an isolated measurement subprocess,,True,torch,unavailable,0.0,2.625049091875553e-06,9,1.0,100,0,total_configuration_v2,17.796097958344035,0.1806456670165062,17.796097958344035,1.0,van_der_pol,torch_tm_flowpipe,True,order2_affine_reset_selected,1.9405468677370785
not_applicable,False,,0.0,0.0,True,100,cpu,float64,17.69785699492786,1.0,completed,0.14544762496370822,0.01,steady,unavailable,,configuration did not run in an isolated measurement subprocess,,True,torch,unavailable,0.0,3.04199056699872e-06,10,1.0,100,0,total_configuration_v2,17.9241738722194,0.17973208299372345,17.9241738722194,1.0,van_der_pol,torch_tm_flowpipe,True,order2_affine_reset_selected,1.9405468677370785
not_applicable,False,,72.08246500010137,0.0,True,100,cpu,float64,71.58559900172986,1.0,completed,0.7097227080375887,0.01,cold,unavailable,,configuration did not run in an isolated measurement subprocess,,True,torch,unavailable,0.0,5.020794924348593e-05,0,1.0,100,600,total_configuration_v2,72.08246500010137,0.7155216670362279,72.08246500010137,1.0,van_der_pol,torch_tm_flowpipe,True,order4_affine_reset_selected,0.9112880761111946
not_applicable,False,,0.0,0.0,True,100,cpu,float64,71.57187737780623,1.0,completed,0.7156484590377659,0.01,steady,unavailable,,configuration did not run in an isolated measurement subprocess,,True,torch,unavailable,0.0,2.541986759752035e-06,1,1.0,100,600,total_configuration_v2,72.06565883889562,0.7174595419783145,72.06565883889562,1.0,van_der_pol,torch_tm_flowpipe,True,order4_affine_reset_selected,0.9112880761111946
not_applicable,False,,0.0,0.0,True,100,cpu,float64,71.63518683589064,1.0,completed,0.7049992499523796,0.01,steady,unavailable,,configuration did not run in an isolated measurement subprocess,,True,torch,unavailable,0.0,2.7500209398567677e-06,2,1.0,100,600,total_configuration_v2,72.13202483433997,0.7053549999836832,72.13202483433997,1.0,van_der_pol,torch_tm_flowpipe,True,order4_affine_reset_selected,0.9112880761111946
not_applicable,False,,0.0,0.0,True,100,cpu,float64,70.89388337277342,1.0,completed,0.7090657499502413,0.01,steady,unavailable,,configuration did not run in an isolated measurement subprocess,,True,torch,unavailable,0.0,5.249981768429279e-06,3,1.0,100,600,total_configuration_v2,71.38625395868439,0.706342792022042,71.38625395868439,1.0,van_der_pol,torch_tm_flowpipe,True,order4_affine_reset_selected,0.9112880761111946
not_applicable,False,,0.0,0.0,True,100,cpu,float64,70.56978795281611,1.0,completed,0.7038557080086321,0.01,steady,unavailable,,configuration did not run in an isolated measurement subprocess,,True,torch,unavailable,0.0,2.4579931050539017e-06,4,1.0,100,600,total_configuration_v2,71.06197262287606,0.7048735410207883,71.06197262287606,1.0,van_der_pol,torch_tm_flowpipe,True,order4_affine_reset_selected,0.9112880761111946
not_applicable,False,,0.0,0.0,True,100,cpu,float64,70.13703150104266,1.0,completed,0.6998095829621889,0.01,steady,unavailable,,configuration did not run in an isolated measurement subprocess,,True,torch,unavailable,0.0,1.129199517890811e-05,5,1.0,100,600,total_configuration_v2,70.62796941021224,0.7035907920217142,70.62796941021224,1.0,van_der_pol,torch_tm_flowpipe,True,order4_affine_reset_selected,0.9112880761111946
not_applicable,False,,0.0,0.0,True,100,cpu,float64,70.10029358329484,1.0,completed,0.7012029999750666,0.01,steady,unavailable,,configuration did not run in an isolated measurement subprocess,,True,torch,unavailable,0.0,2.1249870769679546e-06,6,1.0,100,600,total_configuration_v2,70.5913587983814,0.7030564170563594,70.5913587983814,1.0,van_der_pol,torch_tm_flowpipe,True,order4_affine_reset_selected,0.9112880761111946
not_applicable,False,,0.0,0.0,True,100,cpu,float64,69.98010462656384,1.0,completed,0.7021491659688763,0.01,steady,unavailable,,configuration did not run in an isolated measurement subprocess,,True,torch,unavailable,0.0,2.207991201430559e-06,7,1.0,100,600,total_configuration_v2,70.4708612037939,0.7030579590355046,70.4708612037939,1.0,van_der_pol,torch_tm_flowpipe,True,order4_affine_reset_selected,0.9112880761111946
not_applicable,False,,0.0,0.0,True,100,cpu,float64,70.2948583723628,1.0,completed,0.7014394999714568,0.01,steady,unavailable,,configuration did not run in an isolated measurement subprocess,,True,torch,unavailable,0.0,2.6669586077332497e-06,8,1.0,100,600,total_configuration_v2,70.79468141798861,0.7024094170192257,70.79468141798861,1.0,van_der_pol,torch_tm_flowpipe,True,order4_affine_reset_selected,0.9112880761111946
not_applicable,False,,0.0,0.0,True,100,cpu,float64,70.13179870514432,1.0,completed,0.7004472090047784,0.01,steady,unavailable,,configuration did not run in an isolated measurement subprocess,,True,torch,unavailable,0.0,8.500006515532732e-06,9,1.0,100,600,total_configuration_v2,70.62335066642845,0.7027952910284512,70.62335066642845,1.0,van_der_pol,torch_tm_flowpipe,True,order4_affine_reset_selected,0.9112880761111946
not_applicable,False,,0.0,0.0,True,100,cpu,float64,72.06190558214439,1.0,completed,0.69978500000434,0.01,steady,unavailable,,configuration did not run in an isolated measurement subprocess,,True,torch,unavailable,0.0,3.459048457443714e-06,10,1.0,100,600,total_configuration_v2,72.5569254187285,0.7044747499749064,72.5569254187285,1.0,van_der_pol,torch_tm_flowpipe,True,order4_affine_reset_selected,0.9112880761111946
required,True,True,0.0014744590152986348,1.0562510839663446,True,100,cpu,float64,0.0013845409848727286,1.0,completed,,0.01,cold,unavailable,,configuration did not run in an isolated measurement subprocess,,True,diffreach,unavailable,0.0,8.541974239051342e-06,0,1.0,100,,total_configuration_v2,0.0014744590152986348,1.4744590152986348e-05,0.0014744590152986348,1.0,riccati,diffreach,True,restricted_quasi_window100_round5_selected,0.11389458226420779
required,True,True,0.0,0.0,True,100,cpu,float64,0.0013867089874111116,1.0,completed,,0.01,steady,unavailable,,configuration did not run in an isolated measurement subprocess,,True,diffreach,unavailable,0.0,6.416987162083387e-06,1,1.0,100,,total_configuration_v2,0.0014523749705404043,1.4523749705404043e-05,0.0014523749705404043,1.0,riccati,diffreach,True,restricted_quasi_window100_round5_selected,0.11389458226420779
required,True,True,0.0,0.0,True,100,cpu,float64,0.001389874960295856,1.0,completed,,0.01,steady,unavailable,,configuration did not run in an isolated measurement subprocess,,True,diffreach,unavailable,0.0,4.167028237134218e-06,2,1.0,100,,total_configuration_v2,0.0014482499682344496,1.4482499682344497e-05,0.0014482499682344496,1.0,riccati,diffreach,True,restricted_quasi_window100_round5_selected,0.11389458226420779
required,True,True,0.0,0.0,True,100,cpu,float64,0.0013708749902434647,1.0,completed,,0.01,steady,unavailable,,configuration did not run in an isolated measurement subprocess,,True,diffreach,unavailable,0.0,3.167020622640848e-06,3,1.0,100,,total_configuration_v2,0.0014239579904824495,1.4239579904824495e-05,0.0014239579904824495,1.0,riccati,diffreach,True,restricted_quasi_window100_round5_selected,0.11389458226420779
required,True,True,0.0,0.0,True,100,cpu,float64,0.0013532500015571713,1.0,completed,,0.01,steady,unavailable,,configuration did not run in an isolated measurement subprocess,,True,diffreach,unavailable,0.0,2.8329668566584587e-06,4,1.0,100,,total_configuration_v2,0.001407582953106612,1.407582953106612e-05,0.001407582953106612,1.0,riccati,diffreach,True,restricted_quasi_window100_round5_selected,0.11389458226420779
required,True,True,0.0,0.0,True,100,cpu,float64,0.0013577090576291084,1.0,completed,,0.01,steady,unavailable,,configuration did not run in an isolated measurement subprocess,,True,diffreach,unavailable,0.0,2.667016815394163e-06,5,1.0,100,,total_configuration_v2,0.0014100410044193268,1.4100410044193268e-05,0.0014100410044193268,1.0,riccati,diffreach,True,restricted_quasi_window100_round5_selected,0.11389458226420779
required,True,True,0.0,0.0,True,100,cpu,float64,0.0013685409794561565,1.0,completed,,0.01,steady,unavailable,,configuration did not run in an isolated measurement subprocess,,True,diffreach,unavailable,0.0,2.374988980591297e-06,6,1.0,100,,total_configuration_v2,0.0014190420042723417,1.4190420042723417e-05,0.0014190420042723417,1.0,riccati,diffreach,True,restricted_quasi_window100_round5_selected,0.11389458226420779
required,True,True,0.0,0.0,True,100,cpu,float64,0.0013687500031664968,1.0,completed,,0.01,steady,unavailable,,configuration did not run in an isolated measurement subprocess,,True,diffreach,unavailable,0.0,7.041962817311287e-06,7,1.0,100,,total_configuration_v2,0.001450749987270683,1.4507499872706831e-05,0.001450749987270683,1.0,riccati,diffreach,True,restricted_quasi_window100_round5_selected,0.11389458226420779
required,True,True,0.0,0.0,True,100,cpu,float64,0.0014201249578036368,1.0,completed,,0.01,steady,unavailable,,configuration did not run in an isolated measurement subprocess,,True,diffreach,unavailable,0.0,6.916990969330072e-06,8,1.0,100,,total_configuration_v2,0.0015067090280354023,1.5067090280354024e-05,0.0015067090280354023,1.0,riccati,diffreach,True,restricted_quasi_window100_round5_selected,0.11389458226420779
required,True,True,0.0,0.0,True,100,cpu,float64,0.0015179580077528954,1.0,completed,,0.01,steady,unavailable,,configuration did not run in an isolated measurement subprocess,,True,diffreach,unavailable,0.0,8.124974556267262e-06,9,1.0,100,,total_configuration_v2,0.001631332968827337,1.631332968827337e-05,0.001631332968827337,1.0,riccati,diffreach,True,restricted_quasi_window100_round5_selected,0.11389458226420779
required,True,True,0.0,0.0,True,100,cpu,float64,0.0014212920214049518,1.0,completed,,0.01,steady,unavailable,,configuration did not run in an isolated measurement subprocess,,True,diffreach,unavailable,0.0,4.957953933626413e-06,10,1.0,100,,total_configuration_v2,0.001487958012148738,1.4879580121487379e-05,0.001487958012148738,1.0,riccati,diffreach,True,restricted_quasi_window100_round5_selected,0.11389458226420779
required,True,True,0.01121312502073124,1.7474190829670988,True,400,cpu,float64,0.01105462503619492,4.0,completed,,0.01,cold,unavailable,,configuration did not run in an isolated measurement subprocess,,True,diffreach,unavailable,0.0,1.7833022866398096e-05,0,4.0,400,,total_configuration_v2,0.01121312502073124,2.80328125518281e-05,0.01121312502073124,4.0,harmonic,diffreach,True,restricted_quasi_window100_round5_selected,0.3031861786118209
required,True,True,0.0,0.0,True,400,cpu,float64,0.011056624993216246,4.0,completed,,0.01,steady,unavailable,,configuration did not run in an isolated measurement subprocess,,True,diffreach,unavailable,0.0,8.666946087032557e-06,1,4.0,400,,total_configuration_v2,0.011128708021715283,2.7821770054288208e-05,0.011128708021715283,4.0,harmonic,diffreach,True,restricted_quasi_window100_round5_selected,0.3031861786118209
required,True,True,0.0,0.0,True,400,cpu,float64,0.01113145798444748,4.0,completed,,0.01,steady,unavailable,,configuration did not run in an isolated measurement subprocess,,True,diffreach,unavailable,0.0,1.066701952368021e-05,2,4.0,400,,total_configuration_v2,0.011222707980778068,2.805676995194517e-05,0.011222707980778068,4.0,harmonic,diffreach,True,restricted_quasi_window100_round5_selected,0.3031861786118209
required,True,True,0.0,0.0,True,400,cpu,float64,0.01096487499307841,4.0,completed,,0.01,steady,unavailable,,configuration did not run in an isolated measurement subprocess,,True,diffreach,unavailable,0.0,1.0457995813339949e-05,3,4.0,400,,total_configuration_v2,0.011052458023186773,2.7631145057966934e-05,0.011052458023186773,4.0,harmonic,diffreach,True,restricted_quasi_window100_round5_selected,0.3031861786118209
required,True,True,0.0,0.0,True,400,cpu,float64,0.011013332987204194,4.0,completed,,0.01,steady,unavailable,,configuration did not run in an isolated measurement subprocess,,True,diffreach,unavailable,0.0,7.207971066236496e-06,4,4.0,400,,total_configuration_v2,0.011084249999839813,2.771062499959953e-05,0.011084249999839813,4.0,harmonic,diffreach,True,restricted_quasi_window100_round5_selected,0.3031861786118209
required,True,True,0.0,0.0,True,400,cpu,float64,0.011084875033702701,4.0,completed,,0.01,steady,unavailable,,configuration did not run in an isolated measurement subprocess,,True,diffreach,unavailable,0.0,6.500049494206905e-06,5,4.0,400,,total_configuration_v2,0.011155999964103103,2.7889999910257756e-05,0.011155999964103103,4.0,harmonic,diffreach,True,restricted_quasi_window100_round5_selected,0.3031861786118209
required,True,True,0.0,0.0,True,400,cpu,float64,0.010895083018112928,4.0,completed,,0.01,steady,unavailable,,configuration did not run in an isolated measurement subprocess,,True,diffreach,unavailable,0.0,8.083006832748652e-06,6,4.0,400,,total_configuration_v2,0.010965374996885657,2.7413437492214144e-05,0.010965374996885657,4.0,harmonic,diffreach,True,restricted_quasi_window100_round5_selected,0.3031861786118209
required,True,True,0.0,0.0,True,400,cpu,float64,0.011017083015758544,4.0,completed,,0.01,steady,unavailable,,configuration did not run in an isolated measurement subprocess,,True,diffreach,unavailable,0.0,6.459013093262911e-06,7,4.0,400,,total_configuration_v2,0.011085041973274201,2.7712604933185502e-05,0.011085041973274201,4.0,harmonic,diffreach,True,restricted_quasi_window100_round5_selected,0.3031861786118209
required,True,True,0.0,0.0,True,400,cpu,float64,0.011019625002518296,4.0,completed,,0.01,steady,unavailable,,configuration did not run in an isolated measurement subprocess,,True,diffreach,unavailable,0.0,6.749993190169334e-06,8,4.0,400,,total_configuration_v2,0.011089875013567507,2.772468753391877e-05,0.011089875013567507,4.0,harmonic,diffreach,True,restricted_quasi_window100_round5_selected,0.3031861786118209
required,True,True,0.0,0.0,True,400,cpu,float64,0.010870750003959984,4.0,completed,,0.01,steady,unavailable,,configuration did not run in an isolated measurement subprocess,,True,diffreach,unavailable,0.0,6.709014996886253e-06,9,4.0,400,,total_configuration_v2,0.010941832966636866,2.7354582416592167e-05,0.010941832966636866,4.0,harmonic,diffreach,True,restricted_quasi_window100_round5_selected,0.3031861786118209
required,True,True,0.0,0.0,True,400,cpu,float64,0.012636832951102406,4.0,completed,,0.01,steady,unavailable,,configuration did not run in an isolated measurement subprocess,,True,diffreach,unavailable,0.0,1.4999997802078724e-05,10,4.0,400,,total_configuration_v2,0.012782582954969257,3.195645738742314e-05,0.012782582954969257,4.0,harmonic,diffreach,True,restricted_quasi_window100_round5_selected,0.3031861786118209
not_applicable,False,,0.0022701669950038195,4.041927999991458,True,50,cpu,float64,0.0021109580411575735,0.25,completed,,0.005,cold,unavailable,,configuration did not run in an isolated measurement subprocess,,True,diffreach,unavailable,0.0,2.415967173874378e-06,0,0.25,50,,total_configuration_v2,0.0022701669950038195,4.5403339900076386e-05,0.0022701669950038195,0.25,coupled_quadratic,diffreach,True,restricted_quasi_window100_round5_selected,0.0429775920432517
not_applicable,False,,0.0,0.0,True,50,cpu,float64,0.0020832919981330633,0.25,completed,,0.005,steady,unavailable,,configuration did not run in an isolated measurement subprocess,,True,diffreach,unavailable,0.0,1.9170111045241356e-06,1,0.25,50,,total_configuration_v2,0.002163708966691047,4.327417933382094e-05,0.002163708966691047,0.25,coupled_quadratic,diffreach,True,restricted_quasi_window100_round5_selected,0.0429775920432517
not_applicable,False,,0.0,0.0,True,50,cpu,float64,0.0021027090260758996,0.25,completed,,0.005,steady,unavailable,,configuration did not run in an isolated measurement subprocess,,True,diffreach,unavailable,0.0,1.834006980061531e-06,2,0.25,50,,total_configuration_v2,0.002184417040552944,4.368834081105888e-05,0.002184417040552944,0.25,coupled_quadratic,diffreach,True,restricted_quasi_window100_round5_selected,0.0429775920432517
not_applicable,False,,0.0,0.0,True,50,cpu,float64,0.0021368329762481153,0.25,completed,,0.005,steady,unavailable,,configuration did not run in an isolated measurement subprocess,,True,diffreach,unavailable,0.0,1.125037670135498e-06,3,0.25,50,,total_configuration_v2,0.0022130420547910035,4.426084109582007e-05,0.0022130420547910035,0.25,coupled_quadratic,diffreach,True,restricted_quasi_window100_round5_selected,0.0429775920432517
not_applicable,False,,0.0,0.0,True,50,cpu,float64,0.002145166974514723,0.25,completed,,0.005,steady,unavailable,,configuration did not run in an isolated measurement subprocess,,True,diffreach,unavailable,0.0,9.579816833138466e-07,4,0.25,50,,total_configuration_v2,0.00223258399637416,4.46516799274832e-05,0.00223258399637416,0.25,coupled_quadratic,diffreach,True,restricted_quasi_window100_round5_selected,0.0429775920432517
not_applicable,False,,0.0,0.0,True,50,cpu,float64,0.0020850420114584267,0.25,completed,,0.005,steady,unavailable,,configuration did not run in an isolated measurement subprocess,,True,diffreach,unavailable,0.0,1.2909877113997936e-06,5,0.25,50,,total_configuration_v2,0.002177625021431595,4.35525004286319e-05,0.002177625021431595,0.25,coupled_quadratic,diffreach,True,restricted_quasi_window100_round5_selected,0.0429775920432517
not_applicable,False,,0.0,0.0,True,50,cpu,float64,0.0021125839557498693,0.25,completed,,0.005,steady,unavailable,,configuration did not run in an isolated measurement subprocess,,True,diffreach,unavailable,0.0,9.579816833138466e-07,6,0.25,50,,total_configuration_v2,0.002196999965235591,4.3939999304711815e-05,0.002196999965235591,0.25,coupled_quadratic,diffreach,True,restricted_quasi_window100_round5_selected,0.0429775920432517
not_applicable,False,,0.0,0.0,True,50,cpu,float64,0.0021557919681072235,0.25,completed,,0.005,steady,unavailable,,configuration did not run in an isolated measurement subprocess,,True,diffreach,unavailable,0.0,7.919734343886375e-07,7,0.25,50,,total_configuration_v2,0.002263917005620897,4.5278340112417934e-05,0.002263917005620897,0.25,coupled_quadratic,diffreach,True,restricted_quasi_window100_round5_selected,0.0429775920432517
not_applicable,False,,0.0,0.0,True,50,cpu,float64,0.002090000023599714,0.25,completed,,0.005,steady,unavailable,,configuration did not run in an isolated measurement subprocess,,True,diffreach,unavailable,0.0,1.2909877113997936e-06,8,0.25,50,,total_configuration_v2,0.0021911660442128778,4.382332088425756e-05,0.0021911660442128778,0.25,coupled_quadratic,diffreach,True,restricted_quasi_window100_round5_selected,0.0429775920432517
not_applicable,False,,0.0,0.0,True,50,cpu,float64,0.0021338750375434756,0.25,completed,,0.005,steady,unavailable,,configuration did not run in an isolated measurement subprocess,,True,diffreach,unavailable,0.0,7.92031642049551e-07,9,0.25,50,,total_configuration_v2,0.0021945000044070184,4.3890000088140366e-05,0.0021945000044070184,0.25,coupled_quadratic,diffreach,True,restricted_quasi_window100_round5_selected,0.0429775920432517
not_applicable,False,,0.0,0.0,True,50,cpu,float64,0.0021103330072946846,0.25,completed,,0.005,steady,unavailable,,configuration did not run in an isolated measurement subprocess,,True,diffreach,unavailable,0.0,7.500057108700275e-07,10,0.25,50,,total_configuration_v2,0.002194875036366284,4.3897500727325675e-05,0.002194875036366284,0.25,coupled_quadratic,diffreach,True,restricted_quasi_window100_round5_selected,0.0429775920432517
not_applicable,False,,0.0014267920050770044,3.9733330419985577,True,25,cpu,float64,0.001253083988558501,0.25,completed,,0.01,cold,unavailable,,configuration did not run in an isolated measurement subprocess,,True,diffreach,unavailable,0.0,2.749962732195854e-06,0,0.25,25,,total_configuration_v2,0.0014267920050770044,5.707168020308018e-05,0.0014267920050770044,0.25,coupled_quadratic,diffreach,True,restricted_quasi_window100_round5_selected,0.04298894317792923
not_applicable,False,,0.0,0.0,True,25,cpu,float64,0.0011778749758377671,0.25,completed,,0.01,steady,unavailable,,configuration did not run in an isolated measurement subprocess,,True,diffreach,unavailable,0.0,1.9170111045241356e-06,1,0.25,25,,total_configuration_v2,0.0012808750034309924,5.123500013723969e-05,0.0012808750034309924,0.25,coupled_quadratic,diffreach,True,restricted_quasi_window100_round5_selected,0.04298894317792923
not_applicable,False,,0.0,0.0,True,25,cpu,float64,0.0012523329933173954,0.25,completed,,0.01,steady,unavailable,,configuration did not run in an isolated measurement subprocess,,True,diffreach,unavailable,0.0,1.2909877113997936e-06,2,0.25,25,,total_configuration_v2,0.0013279169797897339,5.3116679191589354e-05,0.0013279169797897339,0.25,coupled_quadratic,diffreach,True,restricted_quasi_window100_round5_selected,0.04298894317792923
not_applicable,False,,0.0,0.0,True,25,cpu,float64,0.0011550000053830445,0.25,completed,,0.01,steady,unavailable,,configuration did not run in an isolated measurement subprocess,,True,diffreach,unavailable,0.0,1.7500133253633976e-06,3,0.25,25,,total_configuration_v2,0.001232124981470406,4.928499925881624e-05,0.001232124981470406,0.25,coupled_quadratic,diffreach,True,restricted_quasi_window100_round5_selected,0.04298894317792923
not_applicable,False,,0.0,0.0,True,25,cpu,float64,0.0011742910137400031,0.25,completed,,0.01,steady,unavailable,,configuration did not run in an isolated measurement subprocess,,True,diffreach,unavailable,0.0,1.00000761449337e-06,4,0.25,25,,total_configuration_v2,0.0012429580092430115,4.971832036972046e-05,0.0012429580092430115,0.25,coupled_quadratic,diffreach,True,restricted_quasi_window100_round5_selected,0.04298894317792923
not_applicable,False,,0.0,0.0,True,25,cpu,float64,0.0011884169653058052,0.25,completed,,0.01,steady,unavailable,,configuration did not run in an isolated measurement subprocess,,True,diffreach,unavailable,0.0,1.166015863418579e-06,5,0.25,25,,total_configuration_v2,0.0012541249743662775,5.01649989746511e-05,0.0012541249743662775,0.25,coupled_quadratic,diffreach,True,restricted_quasi_window100_round5_selected,0.04298894317792923
not_applicable,False,,0.0,0.0,True,25,cpu,float64,0.0011955839581787586,0.25,completed,,0.01,steady,unavailable,,configuration did not run in an isolated measurement subprocess,,True,diffreach,unavailable,0.0,1.2080417945981026e-06,6,0.25,25,,total_configuration_v2,0.0012609590194188058,5.043836077675223e-05,0.0012609590194188058,0.25,coupled_quadratic,diffreach,True,restricted_quasi_window100_round5_selected,0.04298894317792923
not_applicable,False,,0.0,0.0,True,25,cpu,float64,0.0011701249750331044,0.25,completed,,0.01,steady,unavailable,,configuration did not run in an isolated measurement subprocess,,True,diffreach,unavailable,0.0,1.00000761449337e-06,7,0.25,25,,total_configuration_v2,0.001247250009328127,4.989000037312508e-05,0.001247250009328127,0.25,coupled_quadratic,diffreach,True,restricted_quasi_window100_round5_selected,0.04298894317792923
not_applicable,False,,0.0,0.0,True,25,cpu,float64,0.001166542002465576,0.25,completed,,0.01,steady,unavailable,,configuration did not run in an isolated measurement subprocess,,True,diffreach,unavailable,0.0,8.330098353326321e-07,8,0.25,25,,total_configuration_v2,0.0012400419800542295,4.960167920216918e-05,0.0012400419800542295,0.25,coupled_quadratic,diffreach,True,restricted_quasi_window100_round5_selected,0.04298894317792923
not_applicable,False,,0.0,0.0,True,25,cpu,float64,0.0011544580338522792,0.25,completed,,0.01,steady,unavailable,,configuration did not run in an isolated measurement subprocess,,True,diffreach,unavailable,0.0,7.500057108700275e-07,9,0.25,25,,total_configuration_v2,0.0012272500316612422,4.909000126644969e-05,0.0012272500316612422,0.25,coupled_quadratic,diffreach,True,restricted_quasi_window100_round5_selected,0.04298894317792923
not_applicable,False,,0.0,0.0,True,25,cpu,float64,0.0011562500149011612,0.25,completed,,0.01,steady,unavailable,,configuration did not run in an isolated measurement subprocess,,True,diffreach,unavailable,0.0,7.500057108700275e-07,10,0.25,25,,total_configuration_v2,0.0012267919955775142,4.907167982310057e-05,0.0012267919955775142,0.25,coupled_quadratic,diffreach,True,restricted_quasi_window100_round5_selected,0.04298894317792923
not_applicable,False,,0.008855916967149824,4.123746500001289,True,200,cpu,float64,0.008698166988324374,1.0,completed,,0.005,cold,unavailable,,configuration did not run in an isolated measurement subprocess,,True,diffreach,unavailable,0.0,2.667016815394163e-06,0,1.0,200,,total_configuration_v2,0.008855916967149824,4.427958483574912e-05,0.008855916967149824,1.0,van_der_pol,diffreach,True,restricted_quasi_window100_round5_selected,0.14064663658680115
not_applicable,False,,0.0,0.0,True,200,cpu,float64,0.008619458007160574,1.0,completed,,0.005,steady,unavailable,,configuration did not run in an isolated measurement subprocess,,True,diffreach,unavailable,0.0,2.4589826352894306e-06,1,1.0,200,,total_configuration_v2,0.008724624989554286,4.362312494777143e-05,0.008724624989554286,1.0,van_der_pol,diffreach,True,restricted_quasi_window100_round5_selected,0.14064663658680115
not_applicable,False,,0.0,0.0,True,200,cpu,float64,0.008281041984446347,1.0,completed,,0.005,steady,unavailable,,configuration did not run in an isolated measurement subprocess,,True,diffreach,unavailable,0.0,2.00001522898674e-06,2,1.0,200,,total_configuration_v2,0.008373666962143034,4.186833481071517e-05,0.008373666962143034,1.0,van_der_pol,diffreach,True,restricted_quasi_window100_round5_selected,0.14064663658680115
not_applicable,False,,0.0,0.0,True,200,cpu,float64,0.008453583053778857,1.0,completed,,0.005,steady,unavailable,,configuration did not run in an isolated measurement subprocess,,True,diffreach,unavailable,0.0,1.4170072972774506e-06,3,1.0,200,,total_configuration_v2,0.008524083998054266,4.262041999027133e-05,0.008524083998054266,1.0,van_der_pol,diffreach,True,restricted_quasi_window100_round5_selected,0.14064663658680115
not_applicable,False,,0.0,0.0,True,200,cpu,float64,0.008470375032629818,1.0,completed,,0.005,steady,unavailable,,configuration did not run in an isolated measurement subprocess,,True,diffreach,unavailable,0.0,1.292035449296236e-06,4,1.0,200,,total_configuration_v2,0.008553208026569337,4.276604013284668e-05,0.008553208026569337,1.0,van_der_pol,diffreach,True,restricted_quasi_window100_round5_selected,0.14064663658680115
not_applicable,False,,0.0,0.0,True,200,cpu,float64,0.008473833033349365,1.0,completed,,0.005,steady,unavailable,,configuration did not run in an isolated measurement subprocess,,True,diffreach,unavailable,0.0,1.6249832697212696e-06,5,1.0,200,,total_configuration_v2,0.008560667047277093,4.280333523638546e-05,0.008560667047277093,1.0,van_der_pol,diffreach,True,restricted_quasi_window100_round5_selected,0.14064663658680115
not_applicable,False,,0.0,0.0,True,200,cpu,float64,0.008221708005294204,1.0,completed,,0.005,steady,unavailable,,configuration did not run in an isolated measurement subprocess,,True,diffreach,unavailable,0.0,1.125037670135498e-06,6,1.0,200,,total_configuration_v2,0.008292416983749717,4.1462084918748584e-05,0.008292416983749717,1.0,van_der_pol,diffreach,True,restricted_quasi_window100_round5_selected,0.14064663658680115
not_applicable,False,,0.0,0.0,True,200,cpu,float64,0.008427832974120975,1.0,completed,,0.005,steady,unavailable,,configuration did not run in an isolated measurement subprocess,,True,diffreach,unavailable,0.0,9.579816833138466e-07,7,1.0,200,,total_configuration_v2,0.00850750005338341,4.253750026691705e-05,0.00850750005338341,1.0,van_der_pol,diffreach,True,restricted_quasi_window100_round5_selected,0.14064663658680115
not_applicable,False,,0.0,0.0,True,200,cpu,float64,0.008490166976116598,1.0,completed,,0.005,steady,unavailable,,configuration did not run in an isolated measurement subprocess,,True,diffreach,unavailable,0.0,8.33999365568161e-07,8,1.0,200,,total_configuration_v2,0.008590582991018891,4.2952914955094455e-05,0.008590582991018891,1.0,van_der_pol,diffreach,True,restricted_quasi_window100_round5_selected,0.14064663658680115
not_applicable,False,,0.0,0.0,True,200,cpu,float64,0.008925875008571893,1.0,completed,,0.005,steady,unavailable,,configuration did not run in an isolated measurement subprocess,,True,diffreach,unavailable,0.0,3.374996595084667e-06,9,1.0,200,,total_configuration_v2,0.009053417015820742,4.526708507910371e-05,0.009053417015820742,1.0,van_der_pol,diffreach,True,restricted_quasi_window100_round5_selected,0.14064663658680115
not_applicable,False,,0.0,0.0,True,200,cpu,float64,0.008431916998233646,1.0,completed,,0.005,steady,unavailable,,configuration did not run in an isolated measurement subprocess,,True,diffreach,unavailable,0.0,1.167005393654108e-06,10,1.0,200,,total_configuration_v2,0.008510249957907945,4.2551249789539726e-05,0.008510249957907945,1.0,van_der_pol,diffreach,True,restricted_quasi_window100_round5_selected,0.14064663658680115
not_applicable,False,,0.004642750020138919,4.209474542003591,True,100,cpu,float64,0.004474666027817875,1.0,completed,,0.01,cold,unavailable,,configuration did not run in an isolated measurement subprocess,,True,diffreach,unavailable,0.0,3.2500247471034527e-06,0,1.0,100,,total_configuration_v2,0.004642750020138919,4.6427500201389194e-05,0.004642750020138919,1.0,van_der_pol,diffreach,True,restricted_quasi_window100_round5_selected,0.15133241787615204
not_applicable,False,,0.0,0.0,True,100,cpu,float64,0.0048100409912876785,1.0,completed,,0.01,steady,unavailable,,configuration did not run in an isolated measurement subprocess,,True,diffreach,unavailable,0.0,1.8330174498260021e-06,1,1.0,100,,total_configuration_v2,0.004913249984383583,4.913249984383583e-05,0.004913249984383583,1.0,van_der_pol,diffreach,True,restricted_quasi_window100_round5_selected,0.15133241787615204
not_applicable,False,,0.0,0.0,True,100,cpu,float64,0.0044918329804204404,1.0,completed,,0.01,steady,unavailable,,configuration did not run in an isolated measurement subprocess,,True,diffreach,unavailable,0.0,1.2919772416353226e-06,2,1.0,100,,total_configuration_v2,0.004604667017702013,4.6046670177020134e-05,0.004604667017702013,1.0,van_der_pol,diffreach,True,restricted_quasi_window100_round5_selected,0.15133241787615204
not_applicable,False,,0.0,0.0,True,100,cpu,float64,0.004275624989531934,1.0,completed,,0.01,steady,unavailable,,configuration did not run in an isolated measurement subprocess,,True,diffreach,unavailable,0.0,9.5803989097476e-07,3,1.0,100,,total_configuration_v2,0.004376334021799266,4.376334021799266e-05,0.004376334021799266,1.0,van_der_pol,diffreach,True,restricted_quasi_window100_round5_selected,0.15133241787615204
not_applicable,False,,0.0,0.0,True,100,cpu,float64,0.004365792032331228,1.0,completed,,0.01,steady,unavailable,,configuration did not run in an isolated measurement subprocess,,True,diffreach,unavailable,0.0,1.9579892978072166e-06,4,1.0,100,,total_configuration_v2,0.004448249994311482,4.448249994311482e-05,0.004448249994311482,1.0,van_der_pol,diffreach,True,restricted_quasi_window100_round5_selected,0.15133241787615204
not_applicable,False,,0.0,0.0,True,100,cpu,float64,0.004478624963667244,1.0,completed,,0.01,steady,unavailable,,configuration did not run in an isolated measurement subprocess,,True,diffreach,unavailable,0.0,2.00001522898674e-06,5,1.0,100,,total_configuration_v2,0.004556542029604316,4.5565420296043155e-05,0.004556542029604316,1.0,van_der_pol,diffreach,True,restricted_quasi_window100_round5_selected,0.15133241787615204
not_applicable,False,,0.0,0.0,True,100,cpu,float64,0.004415125004015863,1.0,completed,,0.01,steady,unavailable,,configuration did not run in an isolated measurement subprocess,,True,diffreach,unavailable,0.0,1.207983586937189e-06,6,1.0,100,,total_configuration_v2,0.004492584033869207,4.492584033869207e-05,0.004492584033869207,1.0,van_der_pol,diffreach,True,restricted_quasi_window100_round5_selected,0.15133241787615204
not_applicable,False,,0.0,0.0,True,100,cpu,float64,0.004473874985706061,1.0,completed,,0.01,steady,unavailable,,configuration did not run in an isolated measurement subprocess,,True,diffreach,unavailable,0.0,9.170034900307655e-07,7,1.0,100,,total_configuration_v2,0.004537541011814028,4.537541011814028e-05,0.004537541011814028,1.0,van_der_pol,diffreach,True,restricted_quasi_window100_round5_selected,0.15133241787615204
not_applicable,False,,0.0,0.0,True,100,cpu,float64,0.004739957978017628,1.0,completed,,0.01,steady,unavailable,,configuration did not run in an isolated measurement subprocess,,True,diffreach,unavailable,0.0,1.2500095181167126e-06,8,1.0,100,,total_configuration_v2,0.0048314169980585575,4.8314169980585575e-05,0.0048314169980585575,1.0,van_der_pol,diffreach,True,restricted_quasi_window100_round5_selected,0.15133241787615204
not_applicable,False,,0.0,0.0,True,100,cpu,float64,0.004423042002599686,1.0,completed,,0.01,steady,unavailable,,configuration did not run in an isolated measurement subprocess,,True,diffreach,unavailable,0.0,1.0830117389559746e-06,9,1.0,100,,total_configuration_v2,0.0045204999623820186,4.5204999623820185e-05,0.0045204999623820186,1.0,van_der_pol,diffreach,True,restricted_quasi_window100_round5_selected,0.15133241787615204
not_applicable,False,,0.0,0.0,True,100,cpu,float64,0.0043011659872718155,1.0,completed,,0.01,steady,unavailable,,configuration did not run in an isolated measurement subprocess,,True,diffreach,unavailable,0.0,1.4160177670419216e-06,10,1.0,100,,total_configuration_v2,0.004367209039628506,4.367209039628506e-05,0.004367209039628506,1.0,van_der_pol,diffreach,True,restricted_quasi_window100_round5_selected,0.15133241787615204
required,True,True,0.07992695801658556,1.9310776659986004,True,100,cpu,MPFR_interval_53_bit,0.07844183396082371,1.0,completed,0.000377,0.01,cold,,repetitions share a parent process; isolated configuration peak was not measured,,,True,flowstar,unavailable,0.0,2.5834015104919672e-05,0,1.0,100,,total_configuration_v2,0.07992695801658556,0.000335,0.07992695801658556,1.0,riccati,flowstar,True,root_cause_order4_selected,0.11696258259713109
required,True,True,0.0,0.0,True,100,cpu,MPFR_interval_53_bit,0.07828262500697747,1.0,completed,0.000353,0.01,steady,,repetitions share a parent process; isolated configuration peak was not measured,,,True,flowstar,unavailable,0.0,2.1249987185001373e-05,1,1.0,100,,total_configuration_v2,0.07982054201420397,0.000334,0.07982054201420397,1.0,riccati,flowstar,True,root_cause_order4_selected,0.11696258259713109
required,True,True,0.0,0.0,True,100,cpu,MPFR_interval_53_bit,0.07879870798205957,1.0,completed,0.000367,0.01,steady,,repetitions share a parent process; isolated configuration peak was not measured,,,True,flowstar,unavailable,0.0,2.0209001377224922e-05,2,1.0,100,,total_configuration_v2,0.0803359589772299,0.000334,0.0803359589772299,1.0,riccati,flowstar,True,root_cause_order4_selected,0.11696258259713109
required,True,True,0.0,0.0,True,100,cpu,MPFR_interval_53_bit,0.07862729200860485,1.0,completed,0.000348,0.01,steady,,repetitions share a parent process; isolated configuration peak was not measured,,,True,flowstar,unavailable,0.0,2.3500004317611456e-05,3,1.0,100,,total_configuration_v2,0.08019141701515764,0.000334,0.08019141701515764,1.0,riccati,flowstar,True,root_cause_order4_selected,0.11696258259713109
required,True,True,0.0,0.0,True,100,cpu,MPFR_interval_53_bit,0.07908866700017825,1.0,completed,0.000369,0.01,steady,,repetitions share a parent process; isolated configuration peak was not measured,,,True,flowstar,unavailable,0.0,2.0792009308934212e-05,4,1.0,100,,total_configuration_v2,0.08063824998680502,0.000334,0.08063824998680502,1.0,riccati,flowstar,True,root_cause_order4_selected,0.11696258259713109
required,True,True,0.0,0.0,True,100,cpu,MPFR_interval_53_bit,0.07869762496557087,1.0,completed,0.000341,0.01,steady,,repetitions share a parent process; isolated configuration peak was not measured,,,True,flowstar,unavailable,0.0,1.9249971956014633e-05,5,1.0,100,,total_configuration_v2,0.08023320900974795,0.000335,0.08023320900974795,1.0,riccati,flowstar,True,root_cause_order4_selected,0.11696258259713109
required,True,True,0.0,0.0,True,100,cpu,MPFR_interval_53_bit,0.07872150000184774,1.0,completed,0.000345,0.01,steady,,repetitions share a parent process; isolated configuration peak was not measured,,,True,flowstar,unavailable,0.0,2.366595435887575e-05,6,1.0,100,,total_configuration_v2,0.08025779202580452,0.000334,0.08025779202580452,1.0,riccati,flowstar,True,root_cause_order4_selected,0.11696258259713109
required,True,True,0.0,0.0,True,100,cpu,MPFR_interval_53_bit,0.07852329197339714,1.0,completed,0.000354,0.01,steady,,repetitions share a parent process; isolated configuration peak was not measured,,,True,flowstar,unavailable,0.0,2.4541979655623436e-05,7,1.0,100,,total_configuration_v2,0.08002958301221952,0.000334,0.08002958301221952,1.0,riccati,flowstar,True,root_cause_order4_selected,0.11696258259713109
required,True,True,0.0,0.0,True,100,cpu,MPFR_interval_53_bit,0.07812079199356958,1.0,completed,0.000354,0.01,steady,,repetitions share a parent process; isolated configuration peak was not measured,,,True,flowstar,unavailable,0.0,1.9415980204939842e-05,8,1.0,100,,total_configuration_v2,0.07960095797898248,0.000335,0.07960095797898248,1.0,riccati,flowstar,True,root_cause_order4_selected,0.11696258259713109
required,True,True,0.0,0.0,True,100,cpu,MPFR_interval_53_bit,0.07804758299607784,1.0,completed,0.000351,0.01,steady,,repetitions share a parent process; isolated configuration peak was not measured,,,True,flowstar,unavailable,0.0,2.1915999241173267e-05,9,1.0,100,,total_configuration_v2,0.07958141702692956,0.000334,0.07958141702692956,1.0,riccati,flowstar,True,root_cause_order4_selected,0.11696258259713109
required,True,True,0.0,0.0,True,100,cpu,MPFR_interval_53_bit,0.07836616598069668,1.0,completed,0.000384,0.01,steady,,repetitions share a parent process; isolated configuration peak was not measured,,,True,flowstar,unavailable,0.0,2.095801755785942e-05,10,1.0,100,,total_configuration_v2,0.07992854103213176,0.000335,0.07992854103213176,1.0,riccati,flowstar,True,root_cause_order4_selected,0.11696258259713109
required,True,True,0.17528566700639203,1.3772556250332855,True,400,cpu,MPFR_interval_53_bit,0.16591583302943036,4.0,completed,0.000178,0.01,cold,,repetitions share a parent process; isolated configuration peak was not measured,,,True,flowstar,unavailable,0.0,3.1167000997811556e-05,0,4.0,400,,total_configuration_v2,0.17528566700639203,0.000132,0.17528566700639203,4.0,harmonic,flowstar,True,root_cause_order4_selected,0.28209137296574344
required,True,True,0.0,0.0,True,400,cpu,MPFR_interval_53_bit,0.1605637909960933,4.0,completed,0.00017,0.01,steady,,repetitions share a parent process; isolated configuration peak was not measured,,,True,flowstar,unavailable,0.0,3.6209006793797016e-05,1,4.0,400,,total_configuration_v2,0.17066254204837605,0.000129,0.17066254204837605,4.0,harmonic,flowstar,True,root_cause_order4_selected,0.28209137296574344
required,True,True,0.0,0.0,True,400,cpu,MPFR_interval_53_bit,0.16104141698451713,4.0,completed,0.000161,0.01,steady,,repetitions share a parent process; isolated configuration peak was not measured,,,True,flowstar,unavailable,0.0,2.9082992114126682e-05,2,4.0,400,,total_configuration_v2,0.17103762499755248,0.000129,0.17103762499755248,4.0,harmonic,flowstar,True,root_cause_order4_selected,0.28209137296574344
required,True,True,0.0,0.0,True,400,cpu,MPFR_interval_53_bit,0.16088595800101757,4.0,completed,0.000163,0.01,steady,,repetitions share a parent process; isolated configuration peak was not measured,,,True,flowstar,unavailable,0.0,2.9207963962107897e-05,3,4.0,400,,total_configuration_v2,0.17084566602716222,0.000129,0.17084566602716222,4.0,harmonic,flowstar,True,root_cause_order4_selected,0.28209137296574344
required,True,True,0.0,0.0,True,400,cpu,MPFR_interval_53_bit,0.16019104095175862,4.0,completed,0.000161,0.01,steady,,repetitions share a parent process; isolated configuration peak was not measured,,,True,flowstar,unavailable,0.0,2.6708992663770914e-05,4,4.0,400,,total_configuration_v2,0.16996512498008087,0.000129,0.16996512498008087,4.0,harmonic,flowstar,True,root_cause_order4_selected,0.28209137296574344
required,True,True,0.0,0.0,True,400,cpu,MPFR_interval_53_bit,0.15997304097982123,4.0,completed,0.000163,0.01,steady,,repetitions share a parent process; isolated configuration peak was not measured,,,True,flowstar,unavailable,0.0,3.0542025342583656e-05,5,4.0,400,,total_configuration_v2,0.17022845800966024,0.000129,0.17022845800966024,4.0,harmonic,flowstar,True,root_cause_order4_selected,0.28209137296574344
required,True,True,0.0,0.0,True,400,cpu,MPFR_interval_53_bit,0.1603485830128193,4.0,completed,0.000163,0.01,steady,,repetitions share a parent process; isolated configuration peak was not measured,,,True,flowstar,unavailable,0.0,2.875004429370165e-05,6,4.0,400,,total_configuration_v2,0.17045274999691173,0.000129,0.17045274999691173,4.0,harmonic,flowstar,True,root_cause_order4_selected,0.28209137296574344
required,True,True,0.0,0.0,True,400,cpu,MPFR_interval_53_bit,0.16124291601590812,4.0,completed,0.000163,0.01,steady,,repetitions share a parent process; isolated configuration peak was not measured,,,True,flowstar,unavailable,0.0,2.8541020583361387e-05,7,4.0,400,,total_configuration_v2,0.17142274999059737,0.000129,0.17142274999059737,4.0,harmonic,flowstar,True,root_cause_order4_selected,0.28209137296574344
required,True,True,0.0,0.0,True,400,cpu,MPFR_interval_53_bit,0.16116166702704504,4.0,completed,0.000175,0.01,steady,,repetitions share a parent process; isolated configuration peak was not measured,,,True,flowstar,unavailable,0.0,5.870894528925419e-05,8,4.0,400,,total_configuration_v2,0.17142758396221325,0.000129,0.17142758396221325,4.0,harmonic,flowstar,True,root_cause_order4_selected,0.28209137296574344
required,True,True,0.0,0.0,True,400,cpu,MPFR_interval_53_bit,0.1612394159892574,4.0,completed,0.000171,0.01,steady,,repetitions share a parent process; isolated configuration peak was not measured,,,True,flowstar,unavailable,0.0,2.8458947781473398e-05,9,4.0,400,,total_configuration_v2,0.17160354199586436,0.000129,0.17160354199586436,4.0,harmonic,flowstar,True,root_cause_order4_selected,0.28209137296574344
required,True,True,0.0,0.0,True,400,cpu,MPFR_interval_53_bit,0.1613200000138022,4.0,completed,0.000163,0.01,steady,,repetitions share a parent process; isolated configuration peak was not measured,,,True,flowstar,unavailable,0.0,3.162503708153963e-05,10,4.0,400,,total_configuration_v2,0.17146891698939726,0.000129,0.17146891698939726,4.0,harmonic,flowstar,True,root_cause_order4_selected,0.28209137296574344
not_applicable,False,,0.29880666703684255,1.3312849170179106,True,50,cpu,MPFR_interval_53_bit,0.2970734589616768,0.25,completed,0.001157,0.005,cold,,repetitions share a parent process; isolated configuration peak was not measured,,,True,flowstar,unavailable,0.0,1.1708005331456661e-05,0,0.25,50,,total_configuration_v2,0.29880666703684255,0.001793,0.29880666703684255,0.25,coupled_quadratic,flowstar,True,root_cause_order4_selected,0.04296770088971223
not_applicable,False,,0.0,0.0,True,50,cpu,MPFR_interval_53_bit,0.29474625003058463,0.25,completed,0.001095,0.005,steady,,repetitions share a parent process; isolated configuration peak was not measured,,,True,flowstar,unavailable,0.0,1.0083022061735392e-05,1,0.25,50,,total_configuration_v2,0.2961211249930784,0.001798,0.2961211249930784,0.25,coupled_quadratic,flowstar,True,root_cause_order4_selected,0.04296770088971223
not_applicable,False,,0.0,0.0,True,50,cpu,MPFR_interval_53_bit,0.2956957499845885,0.25,completed,0.001107,0.005,steady,,repetitions share a parent process; isolated configuration peak was not measured,,,True,flowstar,unavailable,0.0,1.0457995813339949e-05,2,0.25,50,,total_configuration_v2,0.2970435419701971,0.001803,0.2970435419701971,0.25,coupled_quadratic,flowstar,True,root_cause_order4_selected,0.04296770088971223
not_applicable,False,,0.0,0.0,True,50,cpu,MPFR_interval_53_bit,0.29705420800019056,0.25,completed,0.001126,0.005,steady,,repetitions share a parent process; isolated configuration peak was not measured,,,True,flowstar,unavailable,0.0,1.1041993275284767e-05,3,0.25,50,,total_configuration_v2,0.29837254201993346,0.001813,0.29837254201993346,0.25,coupled_quadratic,flowstar,True,root_cause_order4_selected,0.04296770088971223
not_applicable,False,,0.0,0.0,True,50,cpu,MPFR_interval_53_bit,0.29880787496222183,0.25,completed,0.001131,0.005,steady,,repetitions share a parent process; isolated configuration peak was not measured,,,True,flowstar,unavailable,0.0,1.40840420499444e-05,4,0.25,50,,total_configuration_v2,0.3001432499731891,0.00182,0.3001432499731891,0.25,coupled_quadratic,flowstar,True,root_cause_order4_selected,0.04296770088971223
not_applicable,False,,0.0,0.0,True,50,cpu,MPFR_interval_53_bit,0.2957493750145659,0.25,completed,0.001114,0.005,steady,,repetitions share a parent process; isolated configuration peak was not measured,,,True,flowstar,unavailable,0.0,1.18750031106174e-05,5,0.25,50,,total_configuration_v2,0.29707916697952896,0.001798,0.29707916697952896,0.25,coupled_quadratic,flowstar,True,root_cause_order4_selected,0.04296770088971223
not_applicable,False,,0.0,0.0,True,50,cpu,MPFR_interval_53_bit,0.2992068749736063,0.25,completed,0.001145,0.005,steady,,repetitions share a parent process; isolated configuration peak was not measured,,,True,flowstar,unavailable,0.0,1.1208001524209976e-05,6,0.25,50,,total_configuration_v2,0.3005582920159213,0.001817,0.3005582920159213,0.25,coupled_quadratic,flowstar,True,root_cause_order4_selected,0.04296770088971223
not_applicable,False,,0.0,0.0,True,50,cpu,MPFR_interval_53_bit,0.29869125003460795,0.25,completed,0.001148,0.005,steady,,repetitions share a parent process; isolated configuration peak was not measured,,,True,flowstar,unavailable,0.0,1.1791998986154795e-05,7,0.25,50,,total_configuration_v2,0.3000284169684164,0.001825,0.3000284169684164,0.25,coupled_quadratic,flowstar,True,root_cause_order4_selected,0.04296770088971223
not_applicable,False,,0.0,0.0,True,50,cpu,MPFR_interval_53_bit,0.2954514159937389,0.25,completed,0.001174,0.005,steady,,repetitions share a parent process; isolated configuration peak was not measured,,,True,flowstar,unavailable,0.0,1.3459008187055588e-05,8,0.25,50,,total_configuration_v2,0.2968004170106724,0.001798,0.2968004170106724,0.25,coupled_quadratic,flowstar,True,root_cause_order4_selected,0.04296770088971223
not_applicable,False,,0.0,0.0,True,50,cpu,MPFR_interval_53_bit,0.29524291603593156,0.25,completed,0.001174,0.005,steady,,repetitions share a parent process; isolated configuration peak was not measured,,,True,flowstar,unavailable,0.0,2.824998227879405e-05,9,0.25,50,,total_configuration_v2,0.2965253749862313,0.001796,0.2965253749862313,0.25,coupled_quadratic,flowstar,True,root_cause_order4_selected,0.04296770088971223
not_applicable,False,,0.0,0.0,True,50,cpu,MPFR_interval_53_bit,0.2942543749813922,0.25,completed,0.001092,0.005,steady,,repetitions share a parent process; isolated configuration peak was not measured,,,True,flowstar,unavailable,0.0,1.0166026186197996e-05,10,0.25,50,,total_configuration_v2,0.2955427090055309,0.001789,0.2955427090055309,0.25,coupled_quadratic,flowstar,True,root_cause_order4_selected,0.04296770088971223
not_applicable,False,,0.15001004200894386,1.276783874956891,True,25,cpu,MPFR_interval_53_bit,0.14919837500201538,0.25,completed,0.001132,0.01,cold,,repetitions share a parent process; isolated configuration peak was not measured,,,True,flowstar,unavailable,0.0,9.791983757168055e-06,0,0.25,25,,total_configuration_v2,0.15001004200894386,0.001814,0.15001004200894386,0.25,coupled_quadratic,flowstar,True,root_cause_order4_selected,0.042967728064041324
not_applicable,False,,0.0,0.0,True,25,cpu,MPFR_interval_53_bit,0.14905062498291954,0.25,completed,0.001119,0.01,steady,,repetitions share a parent process; isolated configuration peak was not measured,,,True,flowstar,unavailable,0.0,1.0917021427303553e-05,1,0.25,25,,total_configuration_v2,0.14987083297455683,0.001815,0.14987083297455683,0.25,coupled_quadratic,flowstar,True,root_cause_order4_selected,0.042967728064041324
not_applicable,False,,0.0,0.0,True,25,cpu,MPFR_interval_53_bit,0.14910162496380508,0.25,completed,0.001153,0.01,steady,,repetitions share a parent process; isolated configuration peak was not measured,,,True,flowstar,unavailable,0.0,8.957984391599894e-06,2,0.25,25,,total_configuration_v2,0.14989791600964963,0.0018055,0.14989791600964963,0.25,coupled_quadratic,flowstar,True,root_cause_order4_selected,0.042967728064041324
not_applicable,False,,0.0,0.0,True,25,cpu,MPFR_interval_53_bit,0.14808212500065565,0.25,completed,0.001089,0.01,steady,,repetitions share a parent process; isolated configuration peak was not measured,,,True,flowstar,unavailable,0.0,9.500014130026102e-06,3,0.25,25,,total_configuration_v2,0.14888570900075138,0.001816,0.14888570900075138,0.25,coupled_quadratic,flowstar,True,root_cause_order4_selected,0.042967728064041324
not_applicable,False,,0.0,0.0,True,25,cpu,MPFR_interval_53_bit,0.1486629580031149,0.25,completed,0.001139,0.01,steady,,repetitions share a parent process; isolated configuration peak was not measured,,,True,flowstar,unavailable,0.0,9.709037840366364e-06,4,0.25,25,,total_configuration_v2,0.1494493330246769,0.00181,0.1494493330246769,0.25,coupled_quadratic,flowstar,True,root_cause_order4_selected,0.042967728064041324
not_applicable,False,,0.0,0.0,True,25,cpu,MPFR_interval_53_bit,0.1486782080028206,0.25,completed,0.001092,0.01,steady,,repetitions share a parent process; isolated configuration peak was not measured,,,True,flowstar,unavailable,0.0,1.0124989785254002e-05,5,0.25,25,,total_configuration_v2,0.1495140829938464,0.001807,0.1495140829938464,0.25,coupled_quadratic,flowstar,True,root_cause_order4_selected,0.042967728064041324
not_applicable,False,,0.0,0.0,True,25,cpu,MPFR_interval_53_bit,0.14855254197027534,0.25,completed,0.001131,0.01,steady,,repetitions share a parent process; isolated configuration peak was not measured,,,True,flowstar,unavailable,0.0,1.0458985343575478e-05,6,0.25,25,,total_configuration_v2,0.14932616701116785,0.001791,0.14932616701116785,0.25,coupled_quadratic,flowstar,True,root_cause_order4_selected,0.042967728064041324
not_applicable,False,,0.0,0.0,True,25,cpu,MPFR_interval_53_bit,0.14898162498138845,0.25,completed,0.001109,0.01,steady,,repetitions share a parent process; isolated configuration peak was not measured,,,True,flowstar,unavailable,0.0,1.1208001524209976e-05,7,0.25,25,,total_configuration_v2,0.14974145899759606,0.0018065,0.14974145899759606,0.25,coupled_quadratic,flowstar,True,root_cause_order4_selected,0.042967728064041324
not_applicable,False,,0.0,0.0,True,25,cpu,MPFR_interval_53_bit,0.14919029199518263,0.25,completed,0.001095,0.01,steady,,repetitions share a parent process; isolated configuration peak was not measured,,,True,flowstar,unavailable,0.0,1.0750023648142815e-05,8,0.25,25,,total_configuration_v2,0.14991716697113588,0.0018145000000000001,0.14991716697113588,0.25,coupled_quadratic,flowstar,True,root_cause_order4_selected,0.042967728064041324
not_applicable,False,,0.0,0.0,True,25,cpu,MPFR_interval_53_bit,0.14859808399342,0.25,completed,0.001131,0.01,steady,,repetitions share a parent process; isolated configuration peak was not measured,,,True,flowstar,unavailable,0.0,1.083302777260542e-05,9,0.25,25,,total_configuration_v2,0.14935816696379334,0.0018095,0.14935816696379334,0.25,coupled_quadratic,flowstar,True,root_cause_order4_selected,0.042967728064041324
not_applicable,False,,0.0,0.0,True,25,cpu,MPFR_interval_53_bit,0.14819641696522012,0.25,completed,0.001088,0.01,steady,,repetitions share a parent process; isolated configuration peak was not measured,,,True,flowstar,unavailable,0.0,1.029099803417921e-05,10,0.25,25,,total_configuration_v2,0.1488889169995673,0.0018154999999999998,0.1488889169995673,0.25,coupled_quadratic,flowstar,True,root_cause_order4_selected,0.042967728064041324
not_applicable,False,,1.3054584580240771,1.278634208953008,True,200,cpu,MPFR_interval_53_bit,1.3007723329938017,1.0,completed,0.001107,0.005,cold,,repetitions share a parent process; isolated configuration peak was not measured,,,True,flowstar,unavailable,0.0,8.750008419156075e-06,0,1.0,200,,total_configuration_v2,1.3054584580240771,0.002194,1.3054584580240771,1.0,van_der_pol,flowstar,True,root_cause_order4_selected,0.11282176719263581
not_applicable,False,,0.0,0.0,True,200,cpu,MPFR_interval_53_bit,1.2897047909791581,1.0,completed,0.001112,0.005,steady,,repetitions share a parent process; isolated configuration peak was not measured,,,True,flowstar,unavailable,0.0,9.416020475327969e-06,1,1.0,200,,total_configuration_v2,1.2949053750489838,0.002191,1.2949053750489838,1.0,van_der_pol,flowstar,True,root_cause_order4_selected,0.11282176719263581
not_applicable,False,,0.0,0.0,True,200,cpu,MPFR_interval_53_bit,1.5303077080170624,1.0,completed,0.001155,0.005,steady,,repetitions share a parent process; isolated configuration peak was not measured,,,True,flowstar,unavailable,0.0,1.7167010810226202e-05,2,1.0,200,,total_configuration_v2,1.5399942909716628,0.002215,1.5399942909716628,1.0,van_der_pol,flowstar,True,root_cause_order4_selected,0.11282176719263581
not_applicable,False,,0.0,0.0,True,200,cpu,MPFR_interval_53_bit,1.3442438340280205,1.0,completed,0.001705,0.005,steady,,repetitions share a parent process; isolated configuration peak was not measured,,,True,flowstar,unavailable,0.0,8.875038474798203e-06,3,1.0,200,,total_configuration_v2,1.349305625015404,0.002197,1.349305625015404,1.0,van_der_pol,flowstar,True,root_cause_order4_selected,0.11282176719263581
not_applicable,False,,0.0,0.0,True,200,cpu,MPFR_interval_53_bit,1.2868139159982093,1.0,completed,0.001187,0.005,steady,,repetitions share a parent process; isolated configuration peak was not measured,,,True,flowstar,unavailable,0.0,8.750008419156075e-06,4,1.0,200,,total_configuration_v2,1.2918219169951044,0.002185,1.2918219169951044,1.0,van_der_pol,flowstar,True,root_cause_order4_selected,0.11282176719263581
not_applicable,False,,0.0,0.0,True,200,cpu,MPFR_interval_53_bit,1.2867203329806216,1.0,completed,0.001116,0.005,steady,,repetitions share a parent process; isolated configuration peak was not measured,,,True,flowstar,unavailable,0.0,8.709030225872993e-06,5,1.0,200,,total_configuration_v2,1.2918223750311881,0.002183,1.2918223750311881,1.0,van_der_pol,flowstar,True,root_cause_order4_selected,0.11282176719263581
not_applicable,False,,0.0,0.0,True,200,cpu,MPFR_interval_53_bit,1.2867596250143833,1.0,completed,0.001128,0.005,steady,,repetitions share a parent process; isolated configuration peak was not measured,,,True,flowstar,unavailable,0.0,1.1458003427833319e-05,6,1.0,200,,total_configuration_v2,1.291831375041511,0.002185,1.291831375041511,1.0,van_der_pol,flowstar,True,root_cause_order4_selected,0.11282176719263581
not_applicable,False,,0.0,0.0,True,200,cpu,MPFR_interval_53_bit,1.2850948329432867,1.0,completed,0.001141,0.005,steady,,repetitions share a parent process; isolated configuration peak was not measured,,,True,flowstar,unavailable,0.0,9.207986295223236e-06,7,1.0,200,,total_configuration_v2,1.2901809170143679,0.002185,1.2901809170143679,1.0,van_der_pol,flowstar,True,root_cause_order4_selected,0.11282176719263581
not_applicable,False,,0.0,0.0,True,200,cpu,MPFR_interval_53_bit,1.285383875016123,1.0,completed,0.001177,0.005,steady,,repetitions share a parent process; isolated configuration peak was not measured,,,True,flowstar,unavailable,0.0,9.040988516062498e-06,8,1.0,200,,total_configuration_v2,1.2906626669573598,0.002182,1.2906626669573598,1.0,van_der_pol,flowstar,True,root_cause_order4_selected,0.11282176719263581
not_applicable,False,,0.0,0.0,True,200,cpu,MPFR_interval_53_bit,1.3201073340023868,1.0,completed,0.001124,0.005,steady,,repetitions share a parent process; isolated configuration peak was not measured,,,True,flowstar,unavailable,0.0,8.624978363513947e-06,9,1.0,200,,total_configuration_v2,1.325163750036154,0.002192,1.325163750036154,1.0,van_der_pol,flowstar,True,root_cause_order4_selected,0.11282176719263581
not_applicable,False,,0.0,0.0,True,200,cpu,MPFR_interval_53_bit,1.2826472910237499,1.0,completed,0.001107,0.005,steady,,repetitions share a parent process; isolated configuration peak was not measured,,,True,flowstar,unavailable,0.0,9.416951797902584e-06,10,1.0,200,,total_configuration_v2,1.2876383750117384,0.002179,1.2876383750117384,1.0,van_der_pol,flowstar,True,root_cause_order4_selected,0.11282176719263581
not_applicable,False,,0.6498541669570841,1.2646024170098826,True,100,cpu,MPFR_interval_53_bit,0.6471369169885293,1.0,completed,0.001162,0.01,cold,,repetitions share a parent process; isolated configuration peak was not measured,,,True,flowstar,unavailable,0.0,8.582952432334423e-06,0,1.0,100,,total_configuration_v2,0.6498541669570841,0.002199,0.6498541669570841,1.0,van_der_pol,flowstar,True,root_cause_order4_selected,0.113239997430433
not_applicable,False,,0.0,0.0,True,100,cpu,MPFR_interval_53_bit,0.6468517079483718,1.0,completed,0.001163,0.01,steady,,repetitions share a parent process; isolated configuration peak was not measured,,,True,flowstar,unavailable,0.0,9.624985978007317e-06,1,1.0,100,,total_configuration_v2,0.6494392920285463,0.002202,0.6494392920285463,1.0,van_der_pol,flowstar,True,root_cause_order4_selected,0.113239997430433
not_applicable,False,,0.0,0.0,True,100,cpu,MPFR_interval_53_bit,0.6489906249917112,1.0,completed,0.001129,0.01,steady,,repetitions share a parent process; isolated configuration peak was not measured,,,True,flowstar,unavailable,0.0,9.874987881630659e-06,2,1.0,100,,total_configuration_v2,0.6516656670137309,0.002207,0.6516656670137309,1.0,van_der_pol,flowstar,True,root_cause_order4_selected,0.113239997430433
not_applicable,False,,0.0,0.0,True,100,cpu,MPFR_interval_53_bit,0.6481248749769293,1.0,completed,0.001201,0.01,steady,,repetitions share a parent process; isolated configuration peak was not measured,,,True,flowstar,unavailable,0.0,9.457988198846579e-06,3,1.0,100,,total_configuration_v2,0.6506477910443209,0.002206,0.6506477910443209,1.0,van_der_pol,flowstar,True,root_cause_order4_selected,0.113239997430433
not_applicable,False,,0.0,0.0,True,100,cpu,MPFR_interval_53_bit,0.6471549999550916,1.0,completed,0.001129,0.01,steady,,repetitions share a parent process; isolated configuration peak was not measured,,,True,flowstar,unavailable,0.0,1.091597368940711e-05,4,1.0,100,,total_configuration_v2,0.6498036250122823,0.002203,0.6498036250122823,1.0,van_der_pol,flowstar,True,root_cause_order4_selected,0.113239997430433
not_applicable,False,,0.0,0.0,True,100,cpu,MPFR_interval_53_bit,0.6500062920385972,1.0,completed,0.001155,0.01,steady,,repetitions share a parent process; isolated configuration peak was not measured,,,True,flowstar,unavailable,0.0,1.1334021110087633e-05,5,1.0,100,,total_configuration_v2,0.6525892919744365,0.002212,0.6525892919744365,1.0,van_der_pol,flowstar,True,root_cause_order4_selected,0.113239997430433
not_applicable,False,,0.0,0.0,True,100,cpu,MPFR_interval_53_bit,0.6490397920133546,1.0,completed,0.00116,0.01,steady,,repetitions share a parent process; isolated configuration peak was not measured,,,True,flowstar,unavailable,0.0,9.749957825988531e-06,6,1.0,100,,total_configuration_v2,0.6516273340093903,0.002207,0.6516273340093903,1.0,van_der_pol,flowstar,True,root_cause_order4_selected,0.113239997430433
not_applicable,False,,0.0,0.0,True,100,cpu,MPFR_interval_53_bit,0.6450867499806918,1.0,completed,0.001169,0.01,steady,,repetitions share a parent process; isolated configuration peak was not measured,,,True,flowstar,unavailable,0.0,9.207986295223236e-06,7,1.0,100,,total_configuration_v2,0.6475777499726973,0.002197,0.6475777499726973,1.0,van_der_pol,flowstar,True,root_cause_order4_selected,0.113239997430433
not_applicable,False,,0.0,0.0,True,100,cpu,MPFR_interval_53_bit,0.6428698749514297,1.0,completed,0.001157,0.01,steady,,repetitions share a parent process; isolated configuration peak was not measured,,,True,flowstar,unavailable,0.0,9.70897963270545e-06,8,1.0,100,,total_configuration_v2,0.6454715830041096,0.002186,0.6454715830041096,1.0,van_der_pol,flowstar,True,root_cause_order4_selected,0.113239997430433
not_applicable,False,,0.0,0.0,True,100,cpu,MPFR_interval_53_bit,0.6469626250327565,1.0,completed,0.001173,0.01,steady,,repetitions share a parent process; isolated configuration peak was not measured,,,True,flowstar,unavailable,0.0,9.540992323309183e-06,9,1.0,100,,total_configuration_v2,0.6495940419845283,0.002207,0.6495940419845283,1.0,van_der_pol,flowstar,True,root_cause_order4_selected,0.113239997430433
not_applicable,False,,0.0,0.0,True,100,cpu,MPFR_interval_53_bit,0.6418467499897815,1.0,completed,0.001112,0.01,steady,,repetitions share a parent process; isolated configuration peak was not measured,,,True,flowstar,unavailable,0.0,9.208975825458765e-06,10,1.0,100,,total_configuration_v2,0.6444506249972619,0.002184,0.6444506249972619,1.0,van_der_pol,flowstar,True,root_cause_order4_selected,0.113239997430433
